{
  "resourceType": "StructureDefinition",
  "id": "shr-core-ResearchSubject",
  "text": {
    "status": "generated",
    "div": "<div xmlns=\"http://www.w3.org/1999/xhtml\">\n  <p><b>ResearchSubject Profile</b></p>\n  <p>Record of a subject's enrollment and participation in a research study.</p>\n  <p><b>Mapping Summary</b></p>\n  <p><pre>shr.core.ResearchSubject maps to Basic:\n  _Entry.EntryId maps to id\n  Language maps to language\n  Narrative maps to text\n  ImplicitRules maps to implicitRules\n  Metadata.VersionId maps to meta.versionId\n  Metadata.Profile maps to meta.profile\n  Metadata.LastUpdated maps to meta.lastUpdated\n  Metadata.SecurityLabel maps to meta.security\n  Metadata.Tag maps to meta.tag\n</pre></p>\n</div>"
  },
  "url": "http://hl7.org/fhir/us/shr/StructureDefinition/shr-core-ResearchSubject",
  "identifier": [
    {
      "system": "http://hl7.org/fhir/us/mcode",
      "value": "shr.core.ResearchSubject"
    }
  ],
  "version": "0.9.0",
  "name": "ResearchSubject",
  "display": "shr-core-ResearchSubject",
  "status": "draft",
  "publisher": "The MITRE Corporation",
  "contact": [
    {
      "telecom": [
        {
          "system": "other",
          "value": "http://standardhealthrecord.org",
          "rank": 0
        }
      ]
    }
  ],
  "date": "2019-04-17T00:00:00-04:00",
  "description": "Record of a subject's enrollment and participation in a research study.",
  "requirements": "Need some way to safely (without breaking interoperability) allow implementers to exchange content not supported by the initial set of declared resources.",
  "fhirVersion": "1.0.2",
  "mapping": [
    {
      "identity": "rim",
      "uri": "http://hl7.org/v3",
      "name": "RIM"
    },
    {
      "identity": "w5",
      "uri": "http://hl7.org/fhir/w5",
      "name": "W5 Mapping"
    }
  ],
  "kind": "resource",
  "constrainedType": "Basic",
  "abstract": false,
  "base": "http://hl7.org/fhir/StructureDefinition/Basic",
  "snapshot": {
    "element": [
      {
        "id": "Basic",
        "path": "Basic",
        "name": "Basic",
        "short": "shr-core-ResearchSubject",
        "definition": "Record of a subject's enrollment and participation in a research study.",
        "alias": [
          "Z-resource",
          "Extension-resource",
          "Custom-resource"
        ],
        "min": 0,
        "max": "*",
        "type": [
          {
            "code": "Basic"
          }
        ],
        "maxLength": 0,
        "mustSupport": false,
        "isModifier": false,
        "isSummary": true,
        "mapping": [
          {
            "identity": "rim",
            "map": "Act, Entity or Role"
          },
          {
            "identity": "w5",
            "map": "infrastructure.structure"
          }
        ]
      },
      {
        "id": "Basic.id",
        "path": "Basic.id",
        "name": "Basic.id",
        "short": "Logical id of this artifact",
        "definition": "The logical id of the resource, as used in the URL for the resource. Once assigned, this value never changes.",
        "comments": "The only time that a resource does not have an id is when it is being submitted to the server using a create operation. Bundles always have an id, though it is usually a generated UUID.",
        "min": 0,
        "max": "1",
        "type": [
          {
            "code": "id"
          }
        ],
        "maxLength": 0,
        "mustSupport": false,
        "isModifier": false,
        "isSummary": true
      },
      {
        "id": "Basic.meta",
        "path": "Basic.meta",
        "name": "Basic.meta",
        "short": "Metadata about the resource",
        "definition": "The metadata about the resource. This is content that is maintained by the infrastructure. Changes to the content may not always be associated with version changes to the resource.",
        "min": 0,
        "max": "1",
        "type": [
          {
            "code": "Meta"
          }
        ],
        "maxLength": 0,
        "mustSupport": false,
        "isModifier": false,
        "isSummary": true
      },
      {
        "id": "Basic.implicitRules",
        "path": "Basic.implicitRules",
        "name": "Basic.implicitRules",
        "short": "A set of rules under which this content was created",
        "definition": "A reference to a set of rules that were followed when the resource was constructed, and which must be understood when processing the content.",
        "comments": "Asserting this rule set restricts the content to be only understood by a limited set of trading partners. This inherently limits the usefulness of the data in the long term. However, the existing health eco-system is highly fractured, and not yet ready to define, collect, and exchange data in a generally computable sense. Wherever possible, implementers and/or specification writers should avoid using this element as much as possible.",
        "min": 0,
        "max": "1",
        "type": [
          {
            "code": "uri"
          }
        ],
        "maxLength": 0,
        "mustSupport": false,
        "isModifier": true,
        "isSummary": true
      },
      {
        "id": "Basic.language",
        "path": "Basic.language",
        "name": "Basic.language",
        "short": "Language of the resource content",
        "definition": "The base language in which the resource is written.",
        "comments": "Language is provided to support indexing and accessibility (typically, services such as text to speech use the language tag). The html language tag in the narrative applies  to the narrative. The language tag on the resource may be used to specify the language of other presentations generated from the data in the resource  Not all the content has to be in the base language. The Resource.language should not be assumed to apply to the narrative automatically. If a language is specified, it should it also be specified on the div element in the html (see rules in HTML5 for information about the relationship between xml:lang and the html lang attribute).",
        "min": 0,
        "max": "1",
        "type": [
          {
            "code": "code"
          }
        ],
        "maxLength": 0,
        "mustSupport": false,
        "isModifier": false,
        "isSummary": false,
        "binding": {
          "strength": "required",
          "description": "A human language.",
          "valueSetReference": {
            "reference": "http://tools.ietf.org/html/bcp47"
          }
        }
      },
      {
        "id": "Basic.text",
        "path": "Basic.text",
        "name": "Basic.text",
        "short": "Text summary of the resource, for human interpretation",
        "definition": "A human-readable narrative that contains a summary of the resource, and may be used to represent the content of the resource to a human. The narrative need not encode all the structured data, but is required to contain sufficient detail to make it \"clinically safe\" for a human to just read the narrative. Resource definitions may define what content should be represented in the narrative to ensure clinical safety.",
        "comments": "Contained resources do not have narrative. Resources that are not contained SHOULD have a narrative.",
        "alias": [
          "narrative",
          "html",
          "xhtml",
          "display"
        ],
        "min": 0,
        "max": "1",
        "type": [
          {
            "code": "Narrative"
          }
        ],
        "maxLength": 0,
        "condition": [
          "dom-1"
        ],
        "mustSupport": false,
        "isModifier": false,
        "isSummary": false,
        "mapping": [
          {
            "identity": "rim",
            "map": "Act.text?"
          }
        ]
      },
      {
        "id": "Basic.contained",
        "path": "Basic.contained",
        "name": "Basic.contained",
        "short": "Contained, inline Resources",
        "definition": "These resources do not have an independent existence apart from the resource that contains them - they cannot be identified independently, and nor can they have their own independent transaction scope.",
        "comments": "This should never be done when the content can be identified properly, as once identification is lost, it is extremely difficult (and context dependent) to restore it again.",
        "alias": [
          "inline resources",
          "anonymous resources",
          "contained resources"
        ],
        "min": 0,
        "max": "*",
        "type": [
          {
            "code": "Resource"
          }
        ],
        "maxLength": 0,
        "mustSupport": false,
        "isModifier": false,
        "isSummary": false,
        "mapping": [
          {
            "identity": "rim",
            "map": "N/A"
          }
        ]
      },
      {
        "id": "Basic.extension",
        "path": "Basic.extension",
        "name": "Basic.extension",
        "slicing": {
          "id": "1",
          "discriminator": [
            "url"
          ],
          "ordered": false,
          "rules": "open"
        },
        "short": "Additional Content defined by implementations",
        "definition": "May be used to represent additional information that is not part of the basic definition of the resource. In order to make the use of extensions safe and manageable, there is a strict set of governance  applied to the definition and use of extensions. Though any implementer is allowed to define an extension, there is a set of requirements that SHALL be met as part of the definition of the extension.",
        "comments": "There can be no stigma associated with the use of extensions by any application, project, or standard - regardless of the institution or jurisdiction that uses or defines the extensions.  The use of extensions is what allows the FHIR specification to retain a core level of simplicity for everyone.",
        "alias": [
          "extensions",
          "user content"
        ],
        "min": 4,
        "max": "*",
        "type": [
          {
            "code": "Extension"
          }
        ],
        "maxLength": 0,
        "mustSupport": false,
        "isModifier": false,
        "isSummary": false,
        "mapping": [
          {
            "identity": "rim",
            "map": "N/A"
          }
        ]
      },
      {
        "id": "status",
        "path": "Basic.extension",
        "name": "status",
        "definition": "A state that relates to the workflow or interpretation of this resource. Certain status values can modify the meaning of the resource, for example, entered-in-error. When a boolean value is used, Status of true indicates the record is active, false means inactive.",
        "min": 1,
        "max": "1",
        "base": {
          "path": "Basic.extension",
          "min": 0,
          "max": "*"
        },
        "type": [
          {
            "code": "Extension",
            "profile": [
              "http://hl7.org/fhir/us/shr/StructureDefinition/shr-core-Status-extension"
            ]
          }
        ],
        "maxLength": 0,
        "mustSupport": false,
        "isModifier": false,
        "isSummary": false
      },
      {
        "id": "Basic.extension-status.id",
        "path": "Basic.extension.id",
        "representation": [
          "xmlAttr"
        ],
        "name": "Basic.extension-status.id",
        "short": "xml:id (or equivalent in JSON)",
        "definition": "unique id for the element within a resource (for internal references). This may be any string value that does not contain spaces.",
        "min": 0,
        "max": "1",
        "base": {
          "path": "Element.id",
          "min": 0,
          "max": "1"
        },
        "type": [
          {
            "code": "string"
          }
        ],
        "maxLength": 0,
        "mustSupport": false,
        "isModifier": false,
        "isSummary": false,
        "mapping": [
          {
            "identity": "rim",
            "map": "N/A"
          }
        ]
      },
      {
        "id": "Basic.extension-status.extension-extension",
        "path": "Basic.extension.extension",
        "name": "Basic.extension-status.extension-extension",
        "short": "Extension",
        "definition": "An Extension",
        "min": 0,
        "max": "0",
        "base": {
          "path": "Element.extension",
          "min": 0,
          "max": "*"
        },
        "type": [
          {
            "code": "Extension"
          }
        ],
        "maxLength": 0,
        "mustSupport": false,
        "isModifier": false,
        "isSummary": false
      },
      {
        "id": "Basic.extension-status.url",
        "path": "Basic.extension.url",
        "representation": [
          "xmlAttr"
        ],
        "name": "Basic.extension-status.url",
        "short": "identifies the meaning of the extension",
        "definition": "Source of the definition for the extension code - a logical name or a URL.",
        "min": 1,
        "max": "1",
        "base": {
          "path": "Extension.url",
          "min": 1,
          "max": "1"
        },
        "type": [
          {
            "code": "uri"
          }
        ],
        "fixedUri": "http://hl7.org/fhir/us/shr/StructureDefinition/shr-core-Status-extension",
        "maxLength": 0,
        "mustSupport": false,
        "isModifier": false,
        "isSummary": false,
        "mapping": [
          {
            "identity": "rim",
            "map": "N/A"
          }
        ]
      },
      {
        "id": "Basic.extension-status.valueCodeableConcept",
        "path": "Basic.extension.valueCodeableConcept",
        "name": "Basic.extension-status.valueCodeableConcept",
        "short": "Value of extension",
        "definition": "Value of extension - may be a resource or one of a constrained set of the data types (see Extensibility in the spec for list).",
        "min": 1,
        "max": "1",
        "base": {
          "path": "Extension.value[x]",
          "min": 0,
          "max": "1"
        },
        "type": [
          {
            "code": "CodeableConcept"
          }
        ],
        "maxLength": 0,
        "mustSupport": false,
        "isModifier": false,
        "isSummary": false,
        "binding": {
          "strength": "required",
          "valueSetReference": {
            "reference": "http://hl7.org/fhir/ValueSet/research-subject-status"
          }
        },
        "mapping": [
          {
            "identity": "rim",
            "map": "N/A"
          }
        ]
      },
      {
        "id": "identifier",
        "path": "Basic.extension",
        "name": "identifier",
        "definition": "Business identifier or external id for this resource.",
        "min": 0,
        "max": "1",
        "base": {
          "path": "Basic.extension",
          "min": 0,
          "max": "*"
        },
        "type": [
          {
            "code": "Extension",
            "profile": [
              "http://hl7.org/fhir/us/shr/StructureDefinition/shr-core-Identifier-extension"
            ]
          }
        ],
        "maxLength": 0,
        "mustSupport": false,
        "isModifier": false,
        "isSummary": false
      },
      {
        "id": "patient",
        "path": "Basic.extension",
        "name": "patient",
        "definition": "A person in the role of a patient. Sometimes, the patient is not the subject of information in a clinical statement where the Patient is the SubjectOfRecord.\n\nSHR follows Argonaut and makes the value set binding on marital status required. SHR also adds optional extensions on communication ability to more fully characterize language skills.\nMaritalStatus has a required binding in Argonaut, but an extensible binding in US-Core. To be feasible under both DSTU2 Argonaut and STU3 US-Core, the required binding strength is adopted.",
        "min": 1,
        "max": "1",
        "base": {
          "path": "Basic.extension",
          "min": 0,
          "max": "*"
        },
        "type": [
          {
            "code": "Extension",
            "profile": [
              "http://hl7.org/fhir/us/shr/StructureDefinition/shr-core-Patient-extension"
            ]
          }
        ],
        "maxLength": 0,
        "mustSupport": false,
        "isModifier": false,
        "isSummary": false
      },
      {
        "id": "researchstudy",
        "path": "Basic.extension",
        "name": "researchstudy",
        "definition": "A clinical trial or similar research study. Reference: list of FDA data elements describing a research study: prsinfo.clinicaltrials.gov/definitions.html",
        "min": 1,
        "max": "1",
        "base": {
          "path": "Basic.extension",
          "min": 0,
          "max": "*"
        },
        "type": [
          {
            "code": "Extension",
            "profile": [
              "http://hl7.org/fhir/us/shr/StructureDefinition/shr-core-ResearchStudy-extension"
            ]
          }
        ],
        "maxLength": 0,
        "mustSupport": false,
        "isModifier": false,
        "isSummary": false
      },
      {
        "id": "participationperiod",
        "path": "Basic.extension",
        "name": "participationperiod",
        "definition": "The point in time or span of time the participant is involved.",
        "min": 1,
        "max": "1",
        "base": {
          "path": "Basic.extension",
          "min": 0,
          "max": "*"
        },
        "type": [
          {
            "code": "Extension",
            "profile": [
              "http://hl7.org/fhir/us/shr/StructureDefinition/shr-core-ParticipationPeriod-extension"
            ]
          }
        ],
        "maxLength": 0,
        "mustSupport": false,
        "isModifier": false,
        "isSummary": false
      },
      {
        "id": "terminationreason",
        "path": "Basic.extension",
        "name": "terminationreason",
        "definition": "A code explaining unplanned or premature termination of a plan of treatment, course of medication, or research study.",
        "min": 0,
        "max": "1",
        "base": {
          "path": "Basic.extension",
          "min": 0,
          "max": "*"
        },
        "type": [
          {
            "code": "Extension",
            "profile": [
              "http://hl7.org/fhir/us/shr/StructureDefinition/shr-core-TerminationReason-extension"
            ]
          }
        ],
        "maxLength": 0,
        "mustSupport": false,
        "isModifier": false,
        "isSummary": false
      },
      {
        "id": "Basic.extension-terminationreason.id",
        "path": "Basic.extension.id",
        "representation": [
          "xmlAttr"
        ],
        "name": "Basic.extension-terminationreason.id",
        "short": "xml:id (or equivalent in JSON)",
        "definition": "unique id for the element within a resource (for internal references). This may be any string value that does not contain spaces.",
        "min": 0,
        "max": "1",
        "base": {
          "path": "Element.id",
          "min": 0,
          "max": "1"
        },
        "type": [
          {
            "code": "string"
          }
        ],
        "maxLength": 0,
        "mustSupport": false,
        "isModifier": false,
        "isSummary": false,
        "mapping": [
          {
            "identity": "rim",
            "map": "N/A"
          }
        ]
      },
      {
        "id": "Basic.extension-terminationreason.extension-extension",
        "path": "Basic.extension.extension",
        "name": "Basic.extension-terminationreason.extension-extension",
        "short": "Extension",
        "definition": "An Extension",
        "min": 0,
        "max": "0",
        "base": {
          "path": "Element.extension",
          "min": 0,
          "max": "*"
        },
        "type": [
          {
            "code": "Extension"
          }
        ],
        "maxLength": 0,
        "mustSupport": false,
        "isModifier": false,
        "isSummary": false
      },
      {
        "id": "Basic.extension-terminationreason.url",
        "path": "Basic.extension.url",
        "representation": [
          "xmlAttr"
        ],
        "name": "Basic.extension-terminationreason.url",
        "short": "identifies the meaning of the extension",
        "definition": "Source of the definition for the extension code - a logical name or a URL.",
        "min": 1,
        "max": "1",
        "base": {
          "path": "Extension.url",
          "min": 1,
          "max": "1"
        },
        "type": [
          {
            "code": "uri"
          }
        ],
        "fixedUri": "http://hl7.org/fhir/us/shr/StructureDefinition/shr-core-TerminationReason-extension",
        "maxLength": 0,
        "mustSupport": false,
        "isModifier": false,
        "isSummary": false,
        "mapping": [
          {
            "identity": "rim",
            "map": "N/A"
          }
        ]
      },
      {
        "id": "Basic.extension-terminationreason.valueCodeableConcept",
        "path": "Basic.extension.valueCodeableConcept",
        "name": "Basic.extension-terminationreason.valueCodeableConcept",
        "short": "Value of extension",
        "definition": "Value of extension - may be a resource or one of a constrained set of the data types (see Extensibility in the spec for list).",
        "min": 1,
        "max": "1",
        "base": {
          "path": "Extension.value[x]",
          "min": 0,
          "max": "1"
        },
        "type": [
          {
            "code": "CodeableConcept"
          }
        ],
        "maxLength": 0,
        "mustSupport": false,
        "isModifier": false,
        "isSummary": false,
        "binding": {
          "strength": "required",
          "valueSetReference": {
            "reference": "http://hl7.org/fhir/us/mcode/shr/core/vs/ResearchSubjectTerminationReasonVS"
          }
        },
        "mapping": [
          {
            "identity": "rim",
            "map": "N/A"
          }
        ]
      },
      {
        "id": "Basic.modifierExtension",
        "path": "Basic.modifierExtension",
        "name": "Basic.modifierExtension",
        "short": "Extensions that cannot be ignored",
        "definition": "May be used to represent additional information that is not part of the basic definition of the resource, and that modifies the understanding of the element that contains it. Usually modifier elements provide negation or qualification. In order to make the use of extensions safe and manageable, there is a strict set of governance applied to the definition and use of extensions. Though any implementer is allowed to define an extension, there is a set of requirements that SHALL be met as part of the definition of the extension. Applications processing a resource are required to check for modifier extensions.",
        "comments": "There can be no stigma associated with the use of extensions by any application, project, or standard - regardless of the institution or jurisdiction that uses or defines the extensions.  The use of extensions is what allows the FHIR specification to retain a core level of simplicity for everyone.",
        "alias": [
          "extensions",
          "user content"
        ],
        "min": 0,
        "max": "*",
        "type": [
          {
            "code": "Extension"
          }
        ],
        "maxLength": 0,
        "mustSupport": false,
        "isModifier": true,
        "isSummary": false,
        "mapping": [
          {
            "identity": "rim",
            "map": "N/A"
          }
        ]
      },
      {
        "id": "Basic.identifier",
        "path": "Basic.identifier",
        "name": "Basic.identifier",
        "short": "Business identifier",
        "definition": "Identifier assigned to the resource for business purposes, outside the context of FHIR.",
        "min": 0,
        "max": "*",
        "type": [
          {
            "code": "Identifier"
          }
        ],
        "maxLength": 0,
        "mustSupport": false,
        "isModifier": false,
        "isSummary": true,
        "mapping": [
          {
            "identity": "rim",
            "map": "./identifier"
          },
          {
            "identity": "w5",
            "map": "id"
          }
        ]
      },
      {
        "id": "Basic.code",
        "path": "Basic.code",
        "name": "Basic.code",
        "short": "Kind of Resource",
        "definition": "Identifies the 'type' of resource - equivalent to the resource name for other resources.",
        "comments": "Because resource references will only be able to indicate 'Basic', the type of reference will need to be specified in a Profile identified as part of the resource.  Refer to the resource notes section for information on appropriate terminologies for this code.",
        "requirements": "Must be able to distinguish different types of \"basic\" resources.",
        "min": 1,
        "max": "1",
        "type": [
          {
            "code": "CodeableConcept"
          }
        ],
        "patternCodeableConcept": {
          "coding": [
            {
              "system": "http://hl7.org/fhir/us/shr/CodeSystem/mcode-basic-resource-type",
              "code": "shr-core-ResearchSubject",
              "userSelected": false
            }
          ]
        },
        "maxLength": 0,
        "mustSupport": false,
        "isModifier": true,
        "isSummary": true,
        "binding": {
          "strength": "example",
          "description": "Codes for identifying types of resources not yet defined by FHIR",
          "valueSetReference": {
            "reference": "http://hl7.org/fhir/ValueSet/basic-resource-type"
          }
        },
        "mapping": [
          {
            "identity": "rim",
            "map": "./code"
          },
          {
            "identity": "w5",
            "map": "what"
          }
        ]
      },
      {
        "id": "Basic.subject",
        "path": "Basic.subject",
        "name": "Basic.subject",
        "short": "Identifies the focus of this resource",
        "definition": "Identifies the patient, practitioner, device or any other resource that is the \"focus\" of this resource.",
        "comments": "Optional as not all resources potential resources will have subjects.  Resources associated with multiple subjects can handle this via extension.",
        "requirements": "Needed for partitioning the resource by Patient.",
        "min": 0,
        "max": "1",
        "type": [
          {
            "code": "Reference",
            "profile": [
              "http://hl7.org/fhir/StructureDefinition/Resource"
            ]
          }
        ],
        "maxLength": 0,
        "mustSupport": false,
        "isModifier": false,
        "isSummary": true,
        "mapping": [
          {
            "identity": "rim",
            "map": "./participation[typeCode='SBJ'] (possibly through a ControlAct and Role)"
          },
          {
            "identity": "w5",
            "map": "who.focus"
          }
        ]
      },
      {
        "id": "Basic.author",
        "path": "Basic.author",
        "name": "Basic.author",
        "short": "Who created",
        "definition": "Indicates who was responsible for creating the resource instance.",
        "requirements": "Needed for partitioning the resource.",
        "min": 0,
        "max": "1",
        "type": [
          {
            "code": "Reference",
            "profile": [
              "http://hl7.org/fhir/StructureDefinition/Practitioner",
              "http://hl7.org/fhir/StructureDefinition/Patient",
              "http://hl7.org/fhir/StructureDefinition/RelatedPerson"
            ]
          }
        ],
        "maxLength": 0,
        "mustSupport": false,
        "isModifier": false,
        "isSummary": true,
        "mapping": [
          {
            "identity": "rim",
            "map": "./participation[typeCode='SUB'] (possibly through a ControlAct and Role)"
          },
          {
            "identity": "w5",
            "map": "who.author"
          }
        ]
      },
      {
        "id": "Basic.created",
        "path": "Basic.created",
        "name": "Basic.created",
        "short": "When created",
        "definition": "Identifies when the resource was first created.",
        "requirements": "Allows ordering resource instances by time.",
        "min": 0,
        "max": "1",
        "type": [
          {
            "code": "date"
          }
        ],
        "maxLength": 0,
        "mustSupport": false,
        "isModifier": false,
        "isSummary": true,
        "mapping": [
          {
            "identity": "rim",
            "map": "./participation[typeCode='AUT']/time (possibly through a ControlAct and Role)"
          },
          {
            "identity": "w5",
            "map": "when.recorded"
          }
        ]
      }
    ]
  },
  "differential": {
    "element": [
      {
        "id": "Basic",
        "path": "Basic",
        "name": "Basic",
        "short": "shr-core-ResearchSubject",
        "definition": "Record of a subject's enrollment and participation in a research study.",
        "min": 0,
        "type": [
          {
            "code": "Basic"
          }
        ],
        "maxLength": 0,
        "mustSupport": false,
        "isModifier": false,
        "isSummary": true
      },
      {
        "id": "Basic.extension",
        "path": "Basic.extension",
        "name": "Basic.extension",
        "slicing": {
          "id": "1",
          "discriminator": [
            "url"
          ],
          "ordered": false,
          "rules": "open"
        },
        "min": 4,
        "max": "*",
        "maxLength": 0,
        "mustSupport": false,
        "isModifier": false,
        "isSummary": false
      },
      {
        "id": "status",
        "path": "Basic.extension",
        "name": "status",
        "definition": "A state that relates to the workflow or interpretation of this resource. Certain status values can modify the meaning of the resource, for example, entered-in-error. When a boolean value is used, Status of true indicates the record is active, false means inactive.",
        "min": 1,
        "max": "1",
        "base": {
          "path": "Basic.extension",
          "min": 0,
          "max": "*"
        },
        "type": [
          {
            "code": "Extension",
            "profile": [
              "http://hl7.org/fhir/us/shr/StructureDefinition/shr-core-Status-extension"
            ]
          }
        ],
        "maxLength": 0,
        "mustSupport": false,
        "isModifier": false,
        "isSummary": false
      },
      {
        "id": "Basic.extension-status.valueCodeableConcept",
        "path": "Basic.extension.valueCodeableConcept",
        "name": "Basic.extension-status.valueCodeableConcept",
        "min": 0,
        "maxLength": 0,
        "mustSupport": false,
        "isModifier": false,
        "isSummary": false,
        "binding": {
          "strength": "required",
          "valueSetReference": {
            "reference": "http://hl7.org/fhir/ValueSet/research-subject-status"
          }
        }
      },
      {
        "id": "identifier",
        "path": "Basic.extension",
        "name": "identifier",
        "definition": "Business identifier or external id for this resource.",
        "min": 0,
        "max": "1",
        "base": {
          "path": "Basic.extension",
          "min": 0,
          "max": "*"
        },
        "type": [
          {
            "code": "Extension",
            "profile": [
              "http://hl7.org/fhir/us/shr/StructureDefinition/shr-core-Identifier-extension"
            ]
          }
        ],
        "maxLength": 0,
        "mustSupport": false,
        "isModifier": false,
        "isSummary": false
      },
      {
        "id": "patient",
        "path": "Basic.extension",
        "name": "patient",
        "definition": "A person in the role of a patient. Sometimes, the patient is not the subject of information in a clinical statement where the Patient is the SubjectOfRecord.\n\nSHR follows Argonaut and makes the value set binding on marital status required. SHR also adds optional extensions on communication ability to more fully characterize language skills.\nMaritalStatus has a required binding in Argonaut, but an extensible binding in US-Core. To be feasible under both DSTU2 Argonaut and STU3 US-Core, the required binding strength is adopted.",
        "min": 1,
        "max": "1",
        "base": {
          "path": "Basic.extension",
          "min": 0,
          "max": "*"
        },
        "type": [
          {
            "code": "Extension",
            "profile": [
              "http://hl7.org/fhir/us/shr/StructureDefinition/shr-core-Patient-extension"
            ]
          }
        ],
        "maxLength": 0,
        "mustSupport": false,
        "isModifier": false,
        "isSummary": false
      },
      {
        "id": "researchstudy",
        "path": "Basic.extension",
        "name": "researchstudy",
        "definition": "A clinical trial or similar research study. Reference: list of FDA data elements describing a research study: prsinfo.clinicaltrials.gov/definitions.html",
        "min": 1,
        "max": "1",
        "base": {
          "path": "Basic.extension",
          "min": 0,
          "max": "*"
        },
        "type": [
          {
            "code": "Extension",
            "profile": [
              "http://hl7.org/fhir/us/shr/StructureDefinition/shr-core-ResearchStudy-extension"
            ]
          }
        ],
        "maxLength": 0,
        "mustSupport": false,
        "isModifier": false,
        "isSummary": false
      },
      {
        "id": "participationperiod",
        "path": "Basic.extension",
        "name": "participationperiod",
        "definition": "The point in time or span of time the participant is involved.",
        "min": 1,
        "max": "1",
        "base": {
          "path": "Basic.extension",
          "min": 0,
          "max": "*"
        },
        "type": [
          {
            "code": "Extension",
            "profile": [
              "http://hl7.org/fhir/us/shr/StructureDefinition/shr-core-ParticipationPeriod-extension"
            ]
          }
        ],
        "maxLength": 0,
        "mustSupport": false,
        "isModifier": false,
        "isSummary": false
      },
      {
        "id": "terminationreason",
        "path": "Basic.extension",
        "name": "terminationreason",
        "definition": "A code explaining unplanned or premature termination of a plan of treatment, course of medication, or research study.",
        "min": 0,
        "max": "1",
        "base": {
          "path": "Basic.extension",
          "min": 0,
          "max": "*"
        },
        "type": [
          {
            "code": "Extension",
            "profile": [
              "http://hl7.org/fhir/us/shr/StructureDefinition/shr-core-TerminationReason-extension"
            ]
          }
        ],
        "maxLength": 0,
        "mustSupport": false,
        "isModifier": false,
        "isSummary": false
      },
      {
        "id": "Basic.extension-terminationreason.valueCodeableConcept",
        "path": "Basic.extension.valueCodeableConcept",
        "name": "Basic.extension-terminationreason.valueCodeableConcept",
        "min": 0,
        "maxLength": 0,
        "mustSupport": false,
        "isModifier": false,
        "isSummary": false,
        "binding": {
          "strength": "required",
          "valueSetReference": {
            "reference": "http://hl7.org/fhir/us/mcode/shr/core/vs/ResearchSubjectTerminationReasonVS"
          }
        }
      },
      {
        "id": "Basic.code",
        "path": "Basic.code",
        "name": "Basic.code",
        "min": 0,
        "patternCodeableConcept": {
          "coding": [
            {
              "system": "http://hl7.org/fhir/us/shr/CodeSystem/mcode-basic-resource-type",
              "code": "shr-core-ResearchSubject",
              "userSelected": false
            }
          ]
        },
        "maxLength": 0,
        "mustSupport": false,
        "isModifier": false,
        "isSummary": false
      }
    ]
  }
}