{
  "resourceType": "StructureDefinition",
  "id": "shr-core-RecurrenceRange-extension",
  "text": {
    "status": "generated",
    "div": "<div xmlns=\"http://www.w3.org/1999/xhtml\">\n  <p><b>RecurrenceRange Extension</b></p>\n  <p>The start and end of the overall recurrence pattern in terms of dates/times or in terms of number of repeats. Could also be an event, such as when all doses are taken.</p>\n</div>"
  },
  "url": "http://hl7.org/fhir/us/shr/StructureDefinition/shr-core-RecurrenceRange-extension",
  "identifier": [
    {
      "system": "http://hl7.org/fhir/us/mcode",
      "value": "shr.core.RecurrenceRange"
    }
  ],
  "version": "0.9.0",
  "name": "RecurrenceRange",
  "display": "shr-core-RecurrenceRange",
  "status": "draft",
  "publisher": "The MITRE Corporation",
  "contact": [
    {
      "telecom": [
        {
          "system": "other",
          "value": "http://standardhealthrecord.org",
          "rank": 0
        }
      ]
    }
  ],
  "date": "2019-04-17T00:00:00-04:00",
  "description": "The start and end of the overall recurrence pattern in terms of dates/times or in terms of number of repeats. Could also be an event, such as when all doses are taken.",
  "fhirVersion": "1.0.2",
  "kind": "datatype",
  "constrainedType": "Extension",
  "abstract": false,
  "contextType": "resource",
  "context": [
    "*"
  ],
  "base": "http://hl7.org/fhir/StructureDefinition/Extension",
  "snapshot": {
    "element": [
      {
        "id": "Extension",
        "path": "Extension",
        "name": "Extension",
        "short": "RecurrenceRange",
        "definition": "The start and end of the overall recurrence pattern in terms of dates/times or in terms of number of repeats. Could also be an event, such as when all doses are taken.",
        "min": 0,
        "max": "*",
        "base": {
          "path": "Extension",
          "min": 0,
          "max": "1"
        },
        "type": [
          {
            "code": "Extension"
          }
        ],
        "maxLength": 0,
        "mustSupport": false,
        "isModifier": false,
        "isSummary": false
      },
      {
        "id": "Extension.id",
        "path": "Extension.id",
        "representation": [
          "xmlAttr"
        ],
        "name": "Extension.id",
        "short": "xml:id (or equivalent in JSON)",
        "definition": "unique id for the element within a resource (for internal references). This may be any string value that does not contain spaces.",
        "min": 0,
        "max": "1",
        "base": {
          "path": "Element.id",
          "min": 0,
          "max": "1"
        },
        "type": [
          {
            "code": "string"
          }
        ],
        "maxLength": 0,
        "mustSupport": false,
        "isModifier": false,
        "isSummary": false,
        "mapping": [
          {
            "identity": "rim",
            "map": "N/A"
          }
        ]
      },
      {
        "id": "Extension.extension",
        "path": "Extension.extension",
        "name": "Extension.extension",
        "slicing": {
          "id": "1",
          "discriminator": [
            "url"
          ],
          "ordered": false,
          "rules": "open"
        },
        "short": "Extension",
        "definition": "An Extension",
        "min": 0,
        "max": "*",
        "base": {
          "path": "Element.extension",
          "min": 0,
          "max": "*"
        },
        "type": [
          {
            "code": "Extension"
          }
        ],
        "maxLength": 0,
        "mustSupport": false,
        "isModifier": false,
        "isSummary": false
      },
      {
        "id": "timeperiod",
        "path": "Extension.extension",
        "name": "timeperiod",
        "definition": "A period of time defined by a start and end time, date, or year.\nIf the start date/time is missing, the start of the period is not known. If the end date/time is missing, it means that the period is ongoing.",
        "min": 0,
        "max": "1",
        "base": {
          "path": "Extension.extension",
          "min": 0,
          "max": "1"
        },
        "type": [
          {
            "code": "Extension",
            "profile": [
              "http://hl7.org/fhir/us/shr/StructureDefinition/shr-core-TimePeriod-extension"
            ]
          }
        ],
        "maxLength": 0,
        "mustSupport": false,
        "isModifier": false,
        "isSummary": false,
        "mapping": [
          {
            "identity": "rim",
            "map": "N/A"
          }
        ]
      },
      {
        "id": "numberofrepeats",
        "path": "Extension.extension",
        "name": "numberofrepeats",
        "definition": "How many times the action should be repeated.",
        "min": 0,
        "max": "1",
        "base": {
          "path": "Extension.extension",
          "min": 0,
          "max": "1"
        },
        "type": [
          {
            "code": "Extension",
            "profile": [
              "http://hl7.org/fhir/us/shr/StructureDefinition/shr-core-NumberOfRepeats-extension"
            ]
          }
        ],
        "maxLength": 0,
        "mustSupport": false,
        "isModifier": false,
        "isSummary": false,
        "mapping": [
          {
            "identity": "rim",
            "map": "N/A"
          }
        ]
      },
      {
        "id": "Extension.url",
        "path": "Extension.url",
        "representation": [
          "xmlAttr"
        ],
        "name": "Extension.url",
        "short": "identifies the meaning of the extension",
        "definition": "Source of the definition for the extension code - a logical name or a URL.",
        "min": 1,
        "max": "1",
        "base": {
          "path": "Extension.url",
          "min": 1,
          "max": "1"
        },
        "type": [
          {
            "code": "uri"
          }
        ],
        "fixedUri": "http://hl7.org/fhir/us/shr/StructureDefinition/shr-core-RecurrenceRange-extension",
        "maxLength": 0,
        "mustSupport": false,
        "isModifier": false,
        "isSummary": false,
        "mapping": [
          {
            "identity": "rim",
            "map": "N/A"
          }
        ]
      },
      {
        "id": "Extension.valuex",
        "path": "Extension.value[x]",
        "name": "Extension.valuex",
        "short": "Value of extension",
        "definition": "Value of extension - may be a resource or one of a constrained set of the data types (see Extensibility in the spec for list).",
        "min": 0,
        "max": "0",
        "base": {
          "path": "Extension.value[x]",
          "min": 0,
          "max": "1"
        },
        "type": [
          {
            "code": "base64Binary"
          },
          {
            "code": "boolean"
          },
          {
            "code": "code"
          },
          {
            "code": "date"
          },
          {
            "code": "dateTime"
          },
          {
            "code": "decimal"
          },
          {
            "code": "id"
          },
          {
            "code": "instant"
          },
          {
            "code": "integer"
          },
          {
            "code": "markdown"
          },
          {
            "code": "oid"
          },
          {
            "code": "positiveInt"
          },
          {
            "code": "string"
          },
          {
            "code": "time"
          },
          {
            "code": "unsignedInt"
          },
          {
            "code": "uri"
          },
          {
            "code": "Address"
          },
          {
            "code": "Age"
          },
          {
            "code": "Annotation"
          },
          {
            "code": "Attachment"
          },
          {
            "code": "CodeableConcept"
          },
          {
            "code": "Coding"
          },
          {
            "code": "ContactPoint"
          },
          {
            "code": "Count"
          },
          {
            "code": "Distance"
          },
          {
            "code": "Duration"
          },
          {
            "code": "HumanName"
          },
          {
            "code": "Identifier"
          },
          {
            "code": "Money"
          },
          {
            "code": "Period"
          },
          {
            "code": "Quantity"
          },
          {
            "code": "Range"
          },
          {
            "code": "Ratio"
          },
          {
            "code": "Reference"
          },
          {
            "code": "SampledData"
          },
          {
            "code": "Signature"
          },
          {
            "code": "Timing"
          },
          {
            "code": "Meta"
          }
        ],
        "maxLength": 0,
        "mustSupport": false,
        "isModifier": false,
        "isSummary": false,
        "mapping": [
          {
            "identity": "rim",
            "map": "N/A"
          }
        ]
      }
    ]
  },
  "differential": {
    "element": [
      {
        "id": "Extension",
        "path": "Extension",
        "name": "Extension",
        "short": "RecurrenceRange",
        "definition": "The start and end of the overall recurrence pattern in terms of dates/times or in terms of number of repeats. Could also be an event, such as when all doses are taken.",
        "min": 0,
        "max": "*",
        "type": [
          {
            "code": "Extension"
          }
        ],
        "maxLength": 0,
        "mustSupport": false,
        "isModifier": false,
        "isSummary": false
      },
      {
        "id": "timeperiod",
        "path": "Extension.extension",
        "name": "timeperiod",
        "definition": "A period of time defined by a start and end time, date, or year.\nIf the start date/time is missing, the start of the period is not known. If the end date/time is missing, it means that the period is ongoing.",
        "min": 0,
        "max": "1",
        "type": [
          {
            "code": "Extension",
            "profile": [
              "http://hl7.org/fhir/us/shr/StructureDefinition/shr-core-TimePeriod-extension"
            ]
          }
        ],
        "maxLength": 0,
        "mustSupport": false,
        "isModifier": false,
        "isSummary": false
      },
      {
        "id": "numberofrepeats",
        "path": "Extension.extension",
        "name": "numberofrepeats",
        "definition": "How many times the action should be repeated.",
        "min": 0,
        "max": "1",
        "type": [
          {
            "code": "Extension",
            "profile": [
              "http://hl7.org/fhir/us/shr/StructureDefinition/shr-core-NumberOfRepeats-extension"
            ]
          }
        ],
        "maxLength": 0,
        "mustSupport": false,
        "isModifier": false,
        "isSummary": false
      },
      {
        "id": "Extension.url",
        "path": "Extension.url",
        "name": "Extension.url",
        "min": 0,
        "type": [
          {
            "code": "uri"
          }
        ],
        "fixedUri": "http://hl7.org/fhir/us/shr/StructureDefinition/shr-core-RecurrenceRange-extension",
        "maxLength": 0,
        "mustSupport": false,
        "isModifier": false,
        "isSummary": false
      },
      {
        "id": "Extension.valuex",
        "path": "Extension.value[x]",
        "name": "Extension.valuex",
        "min": 0,
        "max": "0",
        "maxLength": 0,
        "mustSupport": false,
        "isModifier": false,
        "isSummary": false
      }
    ]
  }
}