{
  "resourceType": "ValueSet",
  "id": "shr-lab-EquivalentUnitsVS-volume-fraction",
  "text": {
    "status": "generated",
    "div": "<div xmlns=\"http://www.w3.org/1999/xhtml\">\n<p><b>EquivalentUnitsVS-volume-fraction ValueSet</b></p>\n<p>Units equivalently representing volume fraction</p>\n</div>"
  },
  "url": "http://hl7.org/fhir/us/mcode/shr/lab/vs/EquivalentUnitsVS-volume-fraction",
  "identifier": {
    "system": "http://hl7.org/fhir/us/mcode",
    "value": "shr.lab.EquivalentUnitsVS-volume-fraction"
  },
  "version": "0.9.0",
  "name": "EquivalentUnitsVS-volume-fraction",
  "status": "draft",
  "publisher": "The MITRE Corporation",
  "contact": [
    {
      "telecom": [
        {
          "system": "other",
          "value": "http://standardhealthrecord.org",
          "rank": 0
        }
      ]
    }
  ],
  "date": "2019-04-17T00:00:00-04:00",
  "description": "Units equivalently representing volume fraction",
  "immutable": false,
  "compose": {
    "include": [
      {
        "system": "http://unitsofmeasure.org",
        "concept": [
          {
            "code": "%",
            "display": "Percent"
          },
          {
            "code": "L/L",
            "display": "Liter per liter"
          },
          {
            "code": "mL/mL",
            "display": "Milliliter per milliliter"
          }
        ]
      }
    ]
  }
}