"Path","Slice Name","Alias(s)","Label","Min","Max","Must Support?","Is Modifier?","Is Summary?","Type(s)","Short","Definition","Comments","Requirements","Default Value","Meaning When Missing","Fixed Value","Pattern","Example","Minimum Value","Maximum Value","Maximum Length","Binding Strength","Binding Description","Binding Value Set","Code","Slicing Discriminator","Slicing Description","Slicing Ordered","Slicing Rules","Base Path","Base Min","Base Max","Condition(s)","Constraint(s)"
"shr-core-Age-model","","","",0,*,"","","","","","How long someone has been alive, or something has existed.","","","","","","","","","",,,,,"",,,,"shr-core-Age-model",0,*,"",""
"shr-core-Age-model.number","","","",0,1,"","","","decimal {[]} {[]}
","A decimal value.","A decimal value.","","","","","","","","","",,,,,"",,,,"shr-core-Age-model.number",0,1,"",""
"shr-core-Age-model.comparator","","","",0,1,"","","","Coding {[]} {[]}
","A code indicated if the value represents an upper or lower bound","A code indicated if the value represents an upper or lower bound","","","","","","","","","",,"required","","http://hl7.org/fhir/ValueSet/quantity-comparator","",,,,"shr-core-Age-model.comparator",0,1,"",""
"shr-core-Age-model.units","","","",0,1,"","","","Coding {[]} {[]}
","The unit of measure of the quantity.","The unit of measure of the quantity.","","","","","","","","","",,"required","","http://hl7.org/fhir/ValueSet/units-of-time","http://ncimeta.nci.nih.gov#C0805701
",,,,"shr-core-Age-model.units",0,1,"",""
