"Path","Slice Name","Alias(s)","Label","Min","Max","Must Support?","Is Modifier?","Is Summary?","Type(s)","Short","Definition","Comments","Requirements","Default Value","Meaning When Missing","Fixed Value","Pattern","Example","Minimum Value","Maximum Value","Maximum Length","Binding Strength","Binding Description","Binding Value Set","Code","Slicing Discriminator","Slicing Description","Slicing Ordered","Slicing Rules","Base Path","Base Min","Base Max","Condition(s)","Constraint(s)"
"shr-core-Identifier-model","","","",0,*,"","","","","","Business identifier or external id for this resource.","","","","","","","","","",,,,,"",,,,"shr-core-Identifier-model",0,*,"",""
"shr-core-Identifier-model.identifierString","","","",0,1,"","","","string {[]} {[]}
","An id for the item expresse as a string.","An id for the item expresse as a string.","","","","","","","","","",,,,,"",,,,"shr-core-Identifier-model.identifierString",0,1,"",""
"shr-core-Identifier-model.purpose","","","",0,1,"","","","Coding {[]} {[]}
","What it should be used for.","What it should be used for.","","","","","","","","","",,"required","","http://hl7.org/fhir/ValueSet/identifier-use","",,,,"shr-core-Identifier-model.purpose",0,1,"",""
"shr-core-Identifier-model.type","","","",0,1,"","","","Coding {[]} {[]}
","A code describing the item at a greater level of detail.","A code describing the item at a greater level of detail.","","","","","","","","","",,"extensible","","http://hl7.org/fhir/ValueSet/identifier-type","http://ncimeta.nci.nih.gov#C0332307
",,,,"shr-core-Identifier-model.type",0,1,"",""
"shr-core-Identifier-model.codeSystem","","","",0,1,"","","","uri {[]} {[]}
","A formal terminology system.","A formal terminology system.","","","","","","","","","",,,,,"",,,,"shr-core-Identifier-model.codeSystem",0,1,"",""
"shr-core-Identifier-model.effectiveTimePeriod","","","",0,1,"","","","http://hl7.org/fhir/us/shr/StructureDefinition/shr-core-EffectiveTimePeriod-model {[]} {[]}
","The date and time span for which something is active, valid, or in force.","The date and time span for which something is active, valid, or in force.","","","","","","","","","",,,,,"http://ncimeta.nci.nih.gov#C2985763
",,,,"shr-core-Identifier-model.effectiveTimePeriod",0,1,"",""
