"Path","Slice Name","Alias(s)","Label","Min","Max","Must Support?","Is Modifier?","Is Summary?","Type(s)","Short","Definition","Comments","Requirements","Default Value","Meaning When Missing","Fixed Value","Pattern","Example","Minimum Value","Maximum Value","Maximum Length","Binding Strength","Binding Description","Binding Value Set","Code","Slicing Discriminator","Slicing Description","Slicing Ordered","Slicing Rules","Base Path","Base Min","Base Max","Condition(s)","Constraint(s)"
"shr-core-Specimen-model","","","",0,*,"","","","","","A specimen is a substance, physical object, or collection of objects, that the laboratory considers a single discrete, uniquely identified unit that is the subject of one or more steps in the laboratory workflow. A specimen may include multiple physical pieces as long as they are considered a single unit within the laboratory workflow. A specimen results from one to many specimen collection procedures, and may be contained in multiple specimen containers. Specimen may have one or more processing activities.","","","","","","","","","",,,,,"",,,,"shr-core-Specimen-model",0,*,"",""
"shr-core-Specimen-model.metadata","","","",0,1,"","","","http://hl7.org/fhir/us/shr/StructureDefinition/shr-core-Metadata-model {[]} {[]}
","Elements that belong to all information items.","Elements that belong to all information items.","","","","","","","","","",,,,,"",,,,"shr-core-Specimen-model.metadata",0,1,"",""
"shr-core-Specimen-model.language","","","",0,1,"","","","Coding {[]} {[]}
","A human language, spoken or written.","A human language, spoken or written.","","","","","","","","","",,,,,"http://ncimeta.nci.nih.gov#C0023008
",,,,"shr-core-Specimen-model.language",0,1,"",""
"shr-core-Specimen-model.implicitRules","","","",0,1,"","","","uri {[]} {[]}
","A set of rules under which this content was created","A set of rules under which this content was created","","","","","","","","","",,,,,"",,,,"shr-core-Specimen-model.implicitRules",0,1,"",""
"shr-core-Specimen-model.narrative","","","",0,1,"","","","http://hl7.org/fhir/us/shr/StructureDefinition/shr-core-Narrative-model {[]} {[]}
","A human-readable narrative, potentially including images, that contains a summary of the resource, and may be used to represent the content of the resource to a human.","A human-readable narrative, potentially including images, that contains a summary of the resource, and may be used to represent the content of the resource to a human.","","","","","","","","","",,,,,"",,,,"shr-core-Specimen-model.narrative",0,1,"",""
"shr-core-Specimen-model.status","","","",0,1,"","","","Coding {[]} {[]}
","A state that relates to the workflow or interpretation of this resource. Certain status values can modify the meaning of the resource, for example, entered-in-error. When a boolean value is used, Status of true indicates the record is active, false means inactive.","A state that relates to the workflow or interpretation of this resource. Certain status values can modify the meaning of the resource, for example, entered-in-error. When a boolean value is used, Status of true indicates the record is active, false means inactive.","","","","","","","","","",,"required","","http://hl7.org/fhir/ValueSet/specimen-status","",,,,"shr-core-Specimen-model.status",0,1,"",""
"shr-core-Specimen-model.identifier","","","",0,*,"","","","http://hl7.org/fhir/us/shr/StructureDefinition/shr-core-Identifier-model {[]} {[]}
","Business identifier or external id for this resource.","Business identifier or external id for this resource.","","","","","","","","","",,,,,"",,,,"shr-core-Specimen-model.identifier",0,*,"",""
"shr-core-Specimen-model.partOf","","","",0,1,"","","","Reference {[]} {[CanonicalType[http://hl7.org/fhir/us/shr/StructureDefinition/shr-core-Specimen-model]]}
","The larger entity that the asserted item is a portion of. For example, an organization part of a larger organization, or an encounter with a hospitalist might be part of a larger hospitalization encounter.","The larger entity that the asserted item is a portion of. For example, an organization part of a larger organization, or an encounter with a hospitalist might be part of a larger hospitalization encounter.","","","","","","","","","",,,,,"",,,,"shr-core-Specimen-model.partOf",0,1,"",""
"shr-core-Specimen-model.accessionIdentifier","","","",0,1,"","","","http://hl7.org/fhir/us/shr/StructureDefinition/shr-core-AccessionIdentifier-model {[]} {[]}
","Identifier assigned by the lab","Identifier assigned by the lab","","","","","","","","","",,,,,"",,,,"shr-core-Specimen-model.accessionIdentifier",0,1,"",""
"shr-core-Specimen-model.type","","","",1,1,"","","","Coding {[]} {[]}
","A code describing the item at a greater level of detail.","A code describing the item at a greater level of detail.","","","","","","","","","",,"required","","http://hl7.org/fhir/ValueSet/v2-0487","http://ncimeta.nci.nih.gov#C0332307
",,,,"shr-core-Specimen-model.type",1,1,"",""
"shr-core-Specimen-model.collectionSource[x]","","","",0,1,"","","","Reference {[]} {[CanonicalType[http://hl7.org/fhir/us/shr/StructureDefinition/shr-core-Patient-model], CanonicalType[http://hl7.org/fhir/us/shr/StructureDefinition/shr-core-Group-model], CanonicalType[http://hl7.org/fhir/us/shr/StructureDefinition/shr-core-Device-model], CanonicalType[http://hl7.org/fhir/us/shr/StructureDefinition/shr-core-Substance-model]]}
","The person or thing the sample was obtained from.","The person or thing the sample was obtained from.","","","","","","","","","",,,,,"",,,,"shr-core-Specimen-model.collectionSource[x]",0,1,"",""
"shr-core-Specimen-model.collectionTime[x]","","","",0,1,"","","","dateTime {[]} {[]}
http://hl7.org/fhir/us/shr/StructureDefinition/shr-core-TimePeriod-model {[]} {[]}","When the sample was obtained, as a specific time or time period.","When the sample was obtained, as a specific time or time period.","","","","","","","","","",,,,,"",,,,"shr-core-Specimen-model.collectionTime[x]",0,1,"",""
"shr-core-Specimen-model.collectionMethod","","","",0,1,"","","","Coding {[]} {[]}
","How the specimen was obtained.","How the specimen was obtained.","","","","","","","","","",,,,,"",,,,"shr-core-Specimen-model.collectionMethod",0,1,"",""
"shr-core-Specimen-model.collectionSite","","","",0,1,"","","","http://hl7.org/fhir/us/shr/StructureDefinition/shr-core-BodyLocation-model {[]} {[]}
","The body site where specimen was collected","The body site where specimen was collected","","","","","","","","","",,,,,"",,,,"shr-core-Specimen-model.collectionSite",0,1,"",""
"shr-core-Specimen-model.amountOrSize","","","",0,1,"","","","http://hl7.org/fhir/us/shr/StructureDefinition/shr-core-SimpleQuantity-model {[]} {[]}
","The quantity of specimen collected","The quantity of specimen collected","","","","","","","","","",,,,,"",,,,"shr-core-Specimen-model.amountOrSize",0,1,"",""
"shr-core-Specimen-model.receivedTime","","","",0,1,"","","","dateTime {[]} {[]}
","Time the item was delivered to, or accepted by, the receiving facility or unit.","Time the item was delivered to, or accepted by, the receiving facility or unit.","","","","","","","","","",,,,,"http://ncimeta.nci.nih.gov#C2735124
",,,,"shr-core-Specimen-model.receivedTime",0,1,"",""
"shr-core-Specimen-model.specimenContainer","","","",0,*,"","","","http://hl7.org/fhir/us/shr/StructureDefinition/shr-core-SpecimenContainer-model {[]} {[]}
","Direct container of specimen (slide, etc.)","Direct container of specimen (slide, etc.)","","","","","","","","","",,,,,"",,,,"shr-core-Specimen-model.specimenContainer",0,*,"",""
"shr-core-Specimen-model.specimenTreatment","","","",0,*,"","","","http://hl7.org/fhir/us/shr/StructureDefinition/shr-core-SpecimenTreatment-model {[]} {[]}
","Additives added to the specimen.","Additives added to the specimen.","","","","","","","","","",,,,,"",,,,"shr-core-Specimen-model.specimenTreatment",0,*,"",""
"shr-core-Specimen-model.handlingRisk","","","",0,*,"","","","Coding {[]} {[]}
","Cautions on the handling of this specimen.","Cautions on the handling of this specimen.","","","","","","","","","",,,,,"",,,,"shr-core-Specimen-model.handlingRisk",0,*,"",""
"shr-core-Specimen-model.specialHandling","","","",0,*,"","","","Coding {[]} {[]}
","Information about the proper handling of the specimen.","Information about the proper handling of the specimen.","","","","","","","","","",,,,,"",,,,"shr-core-Specimen-model.specialHandling",0,*,"",""
