"Path","Slice Name","Alias(s)","Label","Min","Max","Must Support?","Is Modifier?","Is Summary?","Type(s)","Short","Definition","Comments","Requirements","Default Value","Meaning When Missing","Fixed Value","Pattern","Example","Minimum Value","Maximum Value","Maximum Length","Binding Strength","Binding Description","Binding Value Set","Code","Slicing Discriminator","Slicing Description","Slicing Ordered","Slicing Rules","Base Path","Base Min","Base Max","Condition(s)","Constraint(s)"
"shr-core-Patient-model","","","",0,*,"","","","","","A person in the role of a patient. Sometimes, the patient is not the subject of information in a clinical statement where the Patient is the SubjectOfRecord.

SHR follows Argonaut and makes the value set binding on marital status required. SHR also adds optional extensions on communication ability to more fully characterize language skills.
MaritalStatus has a required binding in Argonaut, but an extensible binding in US-Core. To be feasible under both DSTU2 Argonaut and STU3 US-Core, the required binding strength is adopted.","","","","","","","","","",,,,,"",,,,"shr-core-Patient-model",0,*,"",""
"shr-core-Patient-model.metadata","","","",0,1,"","","","http://hl7.org/fhir/us/shr/StructureDefinition/shr-core-Metadata-model {[]} {[]}
","Elements that belong to all information items.","Elements that belong to all information items.","","","","","","","","","",,,,,"",,,,"shr-core-Patient-model.metadata",0,1,"",""
"shr-core-Patient-model.language","","","",0,1,"","","","Coding {[]} {[]}
","A human language, spoken or written.","A human language, spoken or written.","","","","","","","","","",,,,,"http://ncimeta.nci.nih.gov#C0023008
",,,,"shr-core-Patient-model.language",0,1,"",""
"shr-core-Patient-model.implicitRules","","","",0,1,"","","","uri {[]} {[]}
","A set of rules under which this content was created","A set of rules under which this content was created","","","","","","","","","",,,,,"",,,,"shr-core-Patient-model.implicitRules",0,1,"",""
"shr-core-Patient-model.narrative","","","",0,1,"","","","http://hl7.org/fhir/us/shr/StructureDefinition/shr-core-Narrative-model {[]} {[]}
","A human-readable narrative, potentially including images, that contains a summary of the resource, and may be used to represent the content of the resource to a human.","A human-readable narrative, potentially including images, that contains a summary of the resource, and may be used to represent the content of the resource to a human.","","","","","","","","","",,,,,"",,,,"shr-core-Patient-model.narrative",0,1,"",""
"shr-core-Patient-model.status","","","",0,1,"","","","Coding {[]} {[]}
","A state that relates to the workflow or interpretation of this resource. Certain status values can modify the meaning of the resource, for example, entered-in-error. When a boolean value is used, Status of true indicates the record is active, false means inactive.","A state that relates to the workflow or interpretation of this resource. Certain status values can modify the meaning of the resource, for example, entered-in-error. When a boolean value is used, Status of true indicates the record is active, false means inactive.","","","","","","","","","",,"required","","http://hl7.org/fhir/us/sw/shr/core/vs/ActiveOrInactiveVS","",,,,"shr-core-Patient-model.status",0,1,"",""
"shr-core-Patient-model.identifier","","","",1,*,"","","","http://hl7.org/fhir/us/shr/StructureDefinition/shr-core-Identifier-model {[]} {[]}
","Business identifier or external id for this resource.","Business identifier or external id for this resource.","","","","","","","","","",,,,,"",,,,"shr-core-Patient-model.identifier",1,*,"",""
"shr-core-Patient-model.person","","","",1,1,"","","","http://hl7.org/fhir/us/shr/StructureDefinition/shr-core-Person-model {[]} {[]}
","A person relevant to the health or social situation of the subject (including the subject him- or herself).","A person relevant to the health or social situation of the subject (including the subject him- or herself).","","","","","","","","","",,,,,"http://ncimeta.nci.nih.gov#C0027361
",,,,"shr-core-Patient-model.person",1,1,"",""
