"Path","Slice Name","Alias(s)","Label","Min","Max","Must Support?","Is Modifier?","Is Summary?","Type(s)","Short","Definition","Comments","Requirements","Default Value","Meaning When Missing","Fixed Value","Pattern","Example","Minimum Value","Maximum Value","Maximum Length","Binding Strength","Binding Description","Binding Value Set","Code","Slicing Discriminator","Slicing Description","Slicing Ordered","Slicing Rules","Base Path","Base Min","Base Max","Condition(s)","Constraint(s)"
"shr-core-Participation-model","","","",0,*,"","","","","","Record of someone or something involvement in an activity or event.","","","","","","","","","",,,,,"",,,,"shr-core-Participation-model",0,*,"",""
"shr-core-Participation-model.participant[x]","","","",0,1,"","","","Reference {[]} {[CanonicalType[http://hl7.org/fhir/us/shr/StructureDefinition/shr-core-Patient-model], CanonicalType[http://hl7.org/fhir/us/shr/StructureDefinition/shr-core-Practitioner-model], CanonicalType[http://hl7.org/fhir/us/shr/StructureDefinition/shr-core-RelatedPerson-model], CanonicalType[http://hl7.org/fhir/us/shr/StructureDefinition/shr-core-Organization-model], CanonicalType[http://hl7.org/fhir/us/shr/StructureDefinition/shr-core-Device-model], CanonicalType[http://hl7.org/fhir/us/shr/StructureDefinition/shr-core-Group-model], CanonicalType[http://hl7.org/fhir/us/shr/StructureDefinition/shr-core-Location-model]]}
","An entity (usually a Practitioner, Patient, or Organization but potentially a device or other entity) that participates in a healthcare task or activity.","An entity (usually a Practitioner, Patient, or Organization but potentially a device or other entity) that participates in a healthcare task or activity.","","","","","","","","","",,,,,"http://ncimeta.nci.nih.gov#C1550369
",,,,"shr-core-Participation-model.participant[x]",0,1,"",""
"shr-core-Participation-model.participationType","","","",0,1,"","","","Coding {[]} {[]}
","The role played by the participant engaged in the action, for example, as the attending physician, surgical assistant, etc.","The role played by the participant engaged in the action, for example, as the attending physician, surgical assistant, etc.","","","","","","","","","",,"example","","http://hl7.org/fhir/ValueSet/performer-role","http://ncimeta.nci.nih.gov#C1553854
",,,,"shr-core-Participation-model.participationType",0,1,"",""
"shr-core-Participation-model.participationPeriod","","","",0,1,"","","","http://hl7.org/fhir/us/shr/StructureDefinition/shr-core-TimePeriod-model {[]} {[]}
","The point in time or span of time the participant is involved.","The point in time or span of time the participant is involved.","","","","","","","","","",,,,,"http://ncimeta.nci.nih.gov#C1948053
",,,,"shr-core-Participation-model.participationPeriod",0,1,"",""
"shr-core-Participation-model.onBehalfOf[x]","","","",0,1,"","","","uri {[]} {[]}
Reference {[]} {[CanonicalType[http://hl7.org/fhir/us/shr/StructureDefinition/shr-core-Organization-model]]}","The party represented by the actual participant.","The party represented by the actual participant.","","","","","","","","","",,,,,"",,,,"shr-core-Participation-model.onBehalfOf[x]",0,1,"",""
