"Path","Slice Name","Alias(s)","Label","Min","Max","Must Support?","Is Modifier?","Is Summary?","Type(s)","Short","Definition","Comments","Requirements","Default Value","Meaning When Missing","Fixed Value","Pattern","Example","Minimum Value","Maximum Value","Maximum Length","Binding Strength","Binding Description","Binding Value Set","Code","Slicing Discriminator","Slicing Description","Slicing Ordered","Slicing Rules","Base Path","Base Min","Base Max","Condition(s)","Constraint(s)"
"shr-core-CountPerInterval-model","","","",0,*,"","","","","","How many times the event should take place during one recurrence interval, for example, to specify 3-4 times per day, the CountPerInterval should be 3 to 4.","","","","","","","","","",,,,,"",,,,"shr-core-CountPerInterval-model",0,*,"",""
"shr-core-CountPerInterval-model.minCount","","","",0,1,"","","","integer {[]} {[]}
","Lower bound on a count.","Lower bound on a count.","","","","","","","","","",,,,,"",,,,"shr-core-CountPerInterval-model.minCount",0,1,"",""
"shr-core-CountPerInterval-model.maxCount","","","",0,1,"","","","integer {[]} {[]}
","Upper bound on a count.","Upper bound on a count.","","","","","","","","","",,,,,"",,,,"shr-core-CountPerInterval-model.maxCount",0,1,"",""
