"Path","Slice Name","Alias(s)","Label","Min","Max","Must Support?","Is Modifier?","Is Summary?","Type(s)","Short","Definition","Comments","Requirements","Default Value","Meaning When Missing","Fixed Value","Pattern","Example","Minimum Value","Maximum Value","Maximum Length","Binding Strength","Binding Description","Binding Value Set","Code","Slicing Discriminator","Slicing Description","Slicing Ordered","Slicing Rules","Base Path","Base Min","Base Max","Condition(s)","Constraint(s)"
"sw-WoundCondition-model","","","",0,*,"","","","","","A determination that a particular type of wound that exists at a particular body site.
The WoundIdentifier serves as a link between this assertion and assessments of the wound that might occur at later times. Multiple wound assessments can be associated with a single wound.","","","","","","","","","",,,,,"",,,,"sw-WoundCondition-model",0,*,"",""
"sw-WoundCondition-model.metadata","","","",0,1,"","","","http://hl7.org/fhir/us/shr/StructureDefinition/shr-core-Metadata-model {[]} {[]}
","Elements that belong to all information items.","Elements that belong to all information items.","","","","","","","","","",,,,,"",,,,"sw-WoundCondition-model.metadata",0,1,"",""
"sw-WoundCondition-model.language","","","",0,1,"","","","Coding {[]} {[]}
","A human language, spoken or written.","A human language, spoken or written.","","","","","","","","","",,,,,"http://ncimeta.nci.nih.gov#C0023008
",,,,"sw-WoundCondition-model.language",0,1,"",""
"sw-WoundCondition-model.implicitRules","","","",0,1,"","","","uri {[]} {[]}
","A set of rules under which this content was created","A set of rules under which this content was created","","","","","","","","","",,,,,"",,,,"sw-WoundCondition-model.implicitRules",0,1,"",""
"sw-WoundCondition-model.narrative","","","",0,1,"","","","http://hl7.org/fhir/us/shr/StructureDefinition/shr-core-Narrative-model {[]} {[]}
","A human-readable narrative, potentially including images, that contains a summary of the resource, and may be used to represent the content of the resource to a human.","A human-readable narrative, potentially including images, that contains a summary of the resource, and may be used to represent the content of the resource to a human.","","","","","","","","","",,,,,"",,,,"sw-WoundCondition-model.narrative",0,1,"",""
"sw-WoundCondition-model.status","","","",1,1,"","","","Coding {[]} {[]}
","A state that relates to the workflow or interpretation of this resource. Certain status values can modify the meaning of the resource, for example, entered-in-error. When a boolean value is used, Status of true indicates the record is active, false means inactive.","A state that relates to the workflow or interpretation of this resource. Certain status values can modify the meaning of the resource, for example, entered-in-error. When a boolean value is used, Status of true indicates the record is active, false means inactive.","","","","","","","","","",,"required","","http://hl7.org/fhir/ValueSet/condition-ver-status","",,,,"sw-WoundCondition-model.status",1,1,"",""
"sw-WoundCondition-model.identifier","","","",0,*,"","","","http://hl7.org/fhir/us/shr/StructureDefinition/shr-core-Identifier-model {[]} {[]}
","Business identifier or external id for this resource.","Business identifier or external id for this resource.","","","","","","","","","",,,,,"",,,,"sw-WoundCondition-model.identifier",0,*,"",""
"sw-WoundCondition-model.patientSubjectOfRecord","","","",1,1,"","","","Reference {[]} {[CanonicalType[http://hl7.org/fhir/us/shr/StructureDefinition/shr-core-Patient-model]]}
","The SubjectOfRecord when restricted to being a Patient resource.","The SubjectOfRecord when restricted to being a Patient resource.","","","","","","","","","",,,,,"http://ncimeta.nci.nih.gov#C1299487
",,,,"sw-WoundCondition-model.patientSubjectOfRecord",1,1,"",""
"sw-WoundCondition-model.careContext[x]","","","",0,1,"","","","Reference {[]} {[CanonicalType[http://hl7.org/fhir/us/shr/StructureDefinition/shr-core-Encounter-model], CanonicalType[http://hl7.org/fhir/us/shr/StructureDefinition/shr-core-EpisodeOfCare-model]]}
","The encounter or episode of care","The encounter or episode of care","","","","","","","","","",,,,,"",,,,"sw-WoundCondition-model.careContext[x]",0,1,"",""
"sw-WoundCondition-model.statementDateTime","","","",0,1,"","","","dateTime {[]} {[]}
","The point in time when the statement was created.","The point in time when the statement was created.","","","","","","","","","",,,,,"http://ncimeta.nci.nih.gov#C3669169
",,,,"sw-WoundCondition-model.statementDateTime",0,1,"",""
"sw-WoundCondition-model.code","","","",1,1,"","","","Coding {[]} {[]}
","The main type identifier for a lab, procedure, condition, etc., usually drawn from a controlled vocabulary.","The main type identifier for a lab, procedure, condition, etc., usually drawn from a controlled vocabulary.","","","","","","","","","",,"extensible","","http://hl7.org/fhir/us/sw/sw/vs/WoundTypeVS","",,,,"sw-WoundCondition-model.code",1,1,"",""
"sw-WoundCondition-model.personInformationSource[x]","","","",0,1,"","","","Reference {[]} {[CanonicalType[http://hl7.org/fhir/us/shr/StructureDefinition/shr-core-Patient-model], CanonicalType[http://hl7.org/fhir/us/shr/StructureDefinition/shr-core-Practitioner-model], CanonicalType[http://hl7.org/fhir/us/shr/StructureDefinition/shr-core-RelatedPerson-model]]}
","The person who provided the information, not necessarily the patient.","The person who provided the information, not necessarily the patient.","","","","","","","","","",,,,,"",,,,"sw-WoundCondition-model.personInformationSource[x]",0,1,"",""
"sw-WoundCondition-model.category","","","",1,1,"","","","Coding {[]} {[]}
","The type, kind, or class of this item.","The type, kind, or class of this item.","","","","","","","","","",,,,,"",,,,"sw-WoundCondition-model.category",1,1,"",""
"sw-WoundCondition-model.category.id","","","",0,1,"","","","string {[]} {[]}
","xml:id (or equivalent in JSON)","unique id for the element within a resource (for internal references). This may be any string value that does not contain spaces.","","","","","","","","","",,,,,"",,,,"Element.id",0,1,"",""
"sw-WoundCondition-model.category.extension","","","",0,*,"","","","Extension {[]} {[]}
","Additional Content defined by implementations","May be used to represent additional information that is not part of the basic definition of the element. In order to make the use of extensions safe and manageable, there is a strict set of governance  applied to the definition and use of extensions. Though any implementer is allowed to define an extension, there is a set of requirements that SHALL be met as part of the definition of the extension.","There can be no stigma associated with the use of extensions by any application, project, or standard - regardless of the institution or jurisdiction that uses or defines the extensions.  The use of extensions is what allows the FHIR specification to retain a core level of simplicity for everyone.","","","","","","","","",,,,,"","value:url}
","Extensions are always sliced by (at least) url",,"open","Element.extension",0,*,"",""
"sw-WoundCondition-model.category.system","","","",1,1,"","","Y","uri {[]} {[]}
","Identity of the terminology system","The identification of the code system that defines the meaning of the symbol in the code.","The URI may be an OID (urn:oid:...) or a UUID (urn:uuid:...).  OIDs and UUIDs SHALL be references to the HL7 OID registry. Otherwise, the URI should come from HL7's list of FHIR defined special URIs or it should de-reference to some definition that establish the system clearly and unambiguously.","Need to be unambiguous about the source of the definition of the symbol.","","","<valueUri xmlns=""http://hl7.org/fhir"" value=""http://hl7.org/fhir/observation-category""/>","","","","",,,,,"",,,,"Coding.system",0,1,"",""
"sw-WoundCondition-model.category.version","","","",0,1,"","","Y","string {[]} {[]}
","Version of the system - if relevant","The version of the code system which was used when choosing this code. Note that a well-maintained code system does not need the version reported, because the meaning of codes is consistent across versions. However this cannot consistently be assured. and when the meaning is not guaranteed to be consistent, the version SHOULD be exchanged.","Where the terminology does not clearly define what string should be used to identify code system versions, the recommendation is to use the date (expressed in FHIR date format) on which that version was officially published as the version date.","","","","","","","","",,,,,"",,,,"Coding.version",0,1,"",""
"sw-WoundCondition-model.category.code","","","",1,1,"","","Y","code {[]} {[]}
","Symbol in syntax defined by the system","A symbol in syntax defined by the system. The symbol may be a predefined code or an expression in a syntax defined by the coding system (e.g. post-coordination).","","Need to refer to a particular code in the system.","","","<valueCode xmlns=""http://hl7.org/fhir"" value=""exam""/>","","","","",,,,,"",,,,"Coding.code",0,1,"",""
"sw-WoundCondition-model.category.display","","","",0,1,"","","Y","string {[]} {[]}
","Representation defined by the system","A representation of the meaning of the code in the system, following the rules of the system.","","Need to be able to carry a human-readable meaning of the code for readers that do not know  the system.","","","","","","","",,,,,"",,,,"Coding.display",0,1,"",""
"sw-WoundCondition-model.category.userSelected","","","",0,1,"","","Y","boolean {[]} {[]}
","If this coding was chosen directly by the user","Indicates that this coding was chosen by a user directly - i.e. off a pick list of available items (codes or displays).","Amongst a set of alternatives, a directly chosen code is the most appropriate starting point for new translations. There is some ambiguity about what exactly 'directly chosen' implies, and trading partner agreement may be needed to clarify the use of this element and its consequences more completely.","This has been identified as a clinical safety criterium - that this exact system/code pair was chosen explicitly, rather than inferred by the system based on some rules or language processing.","","","","","","","",,,,,"",,,,"Coding.userSelected",0,1,"",""
"sw-WoundCondition-model.bodyLocation","","","",1,1,"","","","http://hl7.org/fhir/us/shr/StructureDefinition/shr-core-BodyLocation-model {[]} {[]}
","A location or structure in the body, including tissues, regions, cavities, and spaces; for example, right elbow, or left ventricle of the heart.","A location or structure in the body, including tissues, regions, cavities, and spaces; for example, right elbow, or left ventricle of the heart.
The BodyLocation includes code and optional qualifiers of anatomical side or direction. The body location can also be determined from one or more body landmarks.
If the code for the body location includes laterality and/or anatomical direction, the corresponding attributes might be unnecessary.
Note that BodyLocation is a data type, a reusable structure, not a stand-alone entity. The concept is similar to how an address structure can apply to a person, location, or organization. This contrasts with FHIR's stand-alone BodySite (aka BodyStructure in r4) which 'is not ... intended for describing the type of anatomical location but rather a specific body site on a specific patient' (FHIR 3.5).","","","","","","","","","",,,,,"",,,,"sw-WoundCondition-model.bodyLocation",1,1,"",""
"sw-WoundCondition-model.clinicalStatus","","","",1,1,"","","","Coding {[]} {[]}
","A flag indicating whether the condition is active or inactive, recurring, in remission, or resolved (as of the last update of the Condition).","A flag indicating whether the condition is active or inactive, recurring, in remission, or resolved (as of the last update of the Condition).","","","","","","","","","",,"required","","http://hl7.org/fhir/ValueSet/condition-clinical","",,,,"sw-WoundCondition-model.clinicalStatus",1,1,"",""
"sw-WoundCondition-model.severity","","","",0,0,"","","","Coding {[]} {[]}
","Degree of harshness or extent of a symptom, disorder, or condition.","Degree of harshness or extent of a symptom, disorder, or condition.","","","","","","","","","",,"required","","http://hl7.org/fhir/ValueSet/condition-severity","http://ncimeta.nci.nih.gov#C0392364
",,,,"sw-WoundCondition-model.severity",0,0,"",""
"sw-WoundCondition-model.stageInformation","","","",0,1,"","","","http://hl7.org/fhir/us/shr/StructureDefinition/shr-core-StageInformation-model {[]} {[]}
","The relative advancement in the course of a disease. The StageCode is the summary stage or stage group. StageDetail optionally contains the full staging information.","The relative advancement in the course of a disease. The StageCode is the summary stage or stage group. StageDetail optionally contains the full staging information.","","","","","","","","","",,,,,"http://ncimeta.nci.nih.gov#C0699749
",,,,"sw-WoundCondition-model.stageInformation",0,1,"",""
"sw-WoundCondition-model.onset","","","",0,1,"","","","dateTime {[]} {[]}
","The beginning or first appearance of a mental or physical disorder.","The beginning or first appearance of a mental or physical disorder.","","","","","","","","","",,,,,"http://loinc.org#85585-8
",,,,"sw-WoundCondition-model.onset",0,1,"",""
"sw-WoundCondition-model.abatement","","","",0,1,"","","","dateTime {[]} {[]}
","The end, remission or resolution.","The end, remission or resolution.","","","","","","","","","",,,,,"http://loinc.org#88878-4
",,,,"sw-WoundCondition-model.abatement",0,1,"",""
"sw-WoundCondition-model.evidence","","","",0,1,"","","","http://hl7.org/fhir/us/shr/StructureDefinition/shr-core-Evidence-model {[]} {[]}
","Supporting evidence / manifestations that are the basis of the Condition's verification status, such as evidence that confirmed or refuted the condition.","Supporting evidence / manifestations that are the basis of the Condition's verification status, such as evidence that confirmed or refuted the condition.","","","","","","","","","",,,,,"",,,,"sw-WoundCondition-model.evidence",0,1,"",""
"sw-WoundCondition-model.dateOfDiagnosis","","","",0,1,"","","","date {[]} {[]}
","The date the disease was first clinically recognized with sufficient certainty, regardless of whether it was fully characterized at that time.","The date the disease was first clinically recognized with sufficient certainty, regardless of whether it was fully characterized at that time.","","","","","","","","","",,,,,"",,,,"sw-WoundCondition-model.dateOfDiagnosis",0,1,"",""
"sw-WoundCondition-model.woundIdentifier","","","",1,1,"","","","string {[]} {[]}
","A human-readable identifier for the lesion; e.g., a letter or integer.","A human-readable identifier for the lesion; e.g., a letter or integer.","","","","","","","","","",,,,,"",,,,"sw-WoundCondition-model.woundIdentifier",1,1,"",""
"sw-WoundCondition-model.conditionCause","","","",0,1,"","","","Coding {[]} {[]}
","The cause of the condition. This includes such causes as disease vectors and endogenous states (e.g., macular degeneration due to diabetes), substances, medications, micro-organisms, and forces associated with the occurrence of a Condition from temporal or causative perspectives","The cause of the condition. This includes such causes as disease vectors and endogenous states (e.g., macular degeneration due to diabetes), substances, medications, micro-organisms, and forces associated with the occurrence of a Condition from temporal or causative perspectives","","","","","","","","","",,"required","","http://hl7.org/fhir/us/sw/sw/vs/WoundTypeEtiologyVS","",,,,"sw-WoundCondition-model.conditionCause",0,1,"",""
"sw-WoundCondition-model.criticality","","","",0,0,"","","","Coding {[]} {[]}
","The potential clinical harm associated with a condition. When the worst case result is assessed to have a life-threatening or organ system threatening potential, it is considered to be of high criticality.","The potential clinical harm associated with a condition. When the worst case result is assessed to have a life-threatening or organ system threatening potential, it is considered to be of high criticality.","","","","","","","","","",,"required","","http://hl7.org/fhir/ValueSet/allergy-intolerance-criticality","http://ncimeta.nci.nih.gov#C3858539 (Criticality)
",,,,"sw-WoundCondition-model.criticality",0,0,"",""
"sw-WoundCondition-model.device","","","",0,0,"","","","http://hl7.org/fhir/us/shr/StructureDefinition/shr-core-Device-model {[]} {[]}
","A specific durable physical device used in diagnosis or treatment. The value is the coding for a type of device, for example, a CPAP machine. The same device might be used on multiple patients.","A specific durable physical device used in diagnosis or treatment. The value is the coding for a type of device, for example, a CPAP machine. The same device might be used on multiple patients.
Device status cannot be reconciled between Argonaut and US-Core, each having different required value sets.
Device type has extensible mappings to different value sets in Argonaut and US-Core, however both value sets have identical SNOMED content (descendants of 49062001 (Device). We adopt the US-Core value set, which is allowable because the binding is extensible.","","","","","","","","","",,,,,"",,,,"sw-WoundCondition-model.device",0,0,"",""
"sw-WoundCondition-model.presentOnAdmission","","","",0,1,"","","","Coding {[]} {[]}
","If the problem or condition existed before the current episode of care.","If the problem or condition existed before the current episode of care.","","","","","","","","","",,"required","","http://hl7.org/fhir/us/sw/shr/core/vs/YesNoUnknownVS","http://loinc.org#89251-3 (Condition present on admission)
",,,,"sw-WoundCondition-model.presentOnAdmission",0,1,"",""
"sw-WoundCondition-model.recurrence","","","",0,1,"","","","Coding {[]} {[]}
","A code that describes the number of recurrences of an event.","A code that describes the number of recurrences of an event.","","","","","","","","","",,"required","","http://hl7.org/fhir/us/sw/sw/vs/RecurrenceVS","",,,,"sw-WoundCondition-model.recurrence",0,1,"",""
