"Path","Slice Name","Alias(s)","Label","Min","Max","Must Support?","Is Modifier?","Is Summary?","Type(s)","Short","Definition","Comments","Requirements","Default Value","Meaning When Missing","Fixed Value","Pattern","Example","Minimum Value","Maximum Value","Maximum Length","Binding Strength","Binding Description","Binding Value Set","Code","Slicing Discriminator","Slicing Description","Slicing Ordered","Slicing Rules","Base Path","Base Min","Base Max","Condition(s)","Constraint(s)"
"shr-core-Ethnicity-model","","","",0,*,"","","","","","Indicator of Hispanic or Latino origin.","","","","","","","","","",,,,,"",,,,"shr-core-Ethnicity-model",0,*,"",""
"shr-core-Ethnicity-model.ethnicityCode","","","",1,1,"","","","Coding {[]} {[]}
","A code for the person's ethnicity","A code for the person's ethnicity","","","","","","","","","",,"required","","http://hl7.org/fhir/us/core/ValueSet/omb-ethnicity","",,,,"shr-core-Ethnicity-model.ethnicityCode",1,1,"",""
"shr-core-Ethnicity-model.ethnicityDetail","","","",0,*,"","","","Coding {[]} {[]}
","Additional description of ethnicity.","Additional description of ethnicity.","","","","","","","","","",,"required","","http://hl7.org/fhir/us/core/ValueSet/detailed-ethnicity","",,,,"shr-core-Ethnicity-model.ethnicityDetail",0,*,"",""
