"Path","Slice Name","Alias(s)","Label","Min","Max","Must Support?","Is Modifier?","Is Summary?","Type(s)","Short","Definition","Comments","Requirements","Default Value","Meaning When Missing","Fixed Value","Pattern","Example","Minimum Value","Maximum Value","Maximum Length","Binding Strength","Binding Description","Binding Value Set","Code","Slicing Discriminator","Slicing Description","Slicing Ordered","Slicing Rules","Base Path","Base Min","Base Max","Condition(s)","Constraint(s)"
"shr-sdoh-TroubleAffordingDentalCare-model","","","",0,*,"","","","","","How often does the subject have trouble affording dental care?","","","","","","","","","",,,,,"",,,,"shr-sdoh-TroubleAffordingDentalCare-model",0,*,"",""
"shr-sdoh-TroubleAffordingDentalCare-model.code","","","",1,1,"","","","Coding {[]} {[]}
","The main type identifier for a lab, procedure, condition, etc., usually drawn from a controlled vocabulary.","The main type identifier for a lab, procedure, condition, etc., usually drawn from a controlled vocabulary.","","","","","","","","","",,,,,"",,,,"shr-sdoh-TroubleAffordingDentalCare-model.code",1,1,"",""
"shr-sdoh-TroubleAffordingDentalCare-model.dataValue","","","",0,1,"","","","Coding {[]} {[]}
","The value or result of a test, evaluation, or judgment, for example, a systolic blood pressure, or if a condition or body structure is present or absent.","The value or result of a test, evaluation, or judgment, for example, a systolic blood pressure, or if a condition or body structure is present or absent.","","","","","","","","","",,"required","","http://hl7.org/fhir/us/sdoh/shr/core/vs/QualitativeFrequencyVS","",,,,"shr-sdoh-TroubleAffordingDentalCare-model.dataValue",0,1,"",""
"shr-sdoh-TroubleAffordingDentalCare-model.dataAbsentReason","","","",0,1,"","","","Coding {[]} {[]}
","Reason that a value associated with a test or other finding is missing.","Reason that a value associated with a test or other finding is missing.","","","","","","","","","",,"extensible","","http://hl7.org/fhir/ValueSet/data-absent-reason","",,,,"shr-sdoh-TroubleAffordingDentalCare-model.dataAbsentReason",0,1,"",""
"shr-sdoh-TroubleAffordingDentalCare-model.referenceRange","","","",0,0,"","","","http://hl7.org/fhir/us/shr/StructureDefinition/shr-core-ReferenceRange-model {[]} {[]}
","The usual or acceptable range for a test result.","The usual or acceptable range for a test result.","","","","","","","","","",,,,,"http://ncimeta.nci.nih.gov#C0883335
",,,,"shr-sdoh-TroubleAffordingDentalCare-model.referenceRange",0,0,"",""
"shr-sdoh-TroubleAffordingDentalCare-model.interpretation","","","",0,1,"","","","Coding {[]} {[]}
","A clinical interpretation of a finding (applies to both assertions and observation).","A clinical interpretation of a finding (applies to both assertions and observation).","","","","","","","","","",,"extensible","","http://hl7.org/fhir/ValueSet/observation-interpretation","http://ncimeta.nci.nih.gov#C0420833
",,,,"shr-sdoh-TroubleAffordingDentalCare-model.interpretation",0,1,"",""
