"Path","Slice Name","Alias(s)","Label","Min","Max","Must Support?","Is Modifier?","Is Summary?","Type(s)","Short","Definition","Comments","Requirements","Default Value","Meaning When Missing","Fixed Value","Pattern","Example","Minimum Value","Maximum Value","Maximum Length","Binding Strength","Binding Description","Binding Value Set","Code","Slicing Discriminator","Slicing Description","Slicing Ordered","Slicing Rules","Base Path","Base Min","Base Max","Condition(s)","Constraint(s)"
"shr-core-LandmarkLocation-model","","","",0,*,"","","","","","The body location of the landmark.","","","","","","","","","",,,,,"",,,,"shr-core-LandmarkLocation-model",0,*,"",""
"shr-core-LandmarkLocation-model.locationCode","","","",0,1,"","","","Coding {[]} {[]}
","Code for the body location, optionally pre-coordinating laterality or direction.","Code for the body location, optionally pre-coordinating laterality or direction.","","","","","","","","","",,"preferred","","http://hl7.org/fhir/us/sdoh/shr/core/vs/BodyLocationVS","",,,,"shr-core-LandmarkLocation-model.locationCode",0,1,"",""
"shr-core-LandmarkLocation-model.laterality","","","",0,1,"","","","Coding {[]} {[]}
","Body side of the body location, if needed to distinguish from a similar location on the other side of the body.","Body side of the body location, if needed to distinguish from a similar location on the other side of the body.","","","","","","","","","",,"extensible","","http://hl7.org/fhir/us/sdoh/shr/core/vs/LateralityVS","",,,,"shr-core-LandmarkLocation-model.laterality",0,1,"",""
"shr-core-LandmarkLocation-model.orientation","","","",0,1,"","","","Coding {[]} {[]}
","Orientation of the body location, if needed to distinguish from a similar location in another orientation.","Orientation of the body location, if needed to distinguish from a similar location in another orientation.","","","","","","","","","",,"extensible","","http://hl7.org/fhir/us/sdoh/shr/core/vs/OrientationVS","",,,,"shr-core-LandmarkLocation-model.orientation",0,1,"",""
