"Path","Slice Name","Alias(s)","Label","Min","Max","Must Support?","Is Modifier?","Is Summary?","Type(s)","Short","Definition","Comments","Requirements","Default Value","Meaning When Missing","Fixed Value","Pattern","Example","Minimum Value","Maximum Value","Maximum Length","Binding Strength","Binding Description","Binding Value Set","Code","Slicing Discriminator","Slicing Description","Slicing Ordered","Slicing Rules","Base Path","Base Min","Base Max","Condition(s)","Constraint(s)"
"shr-core-Narrative-model","","","",0,*,"","","","","","A human-readable narrative, potentially including images, that contains a summary of the resource, and may be used to represent the content of the resource to a human.","","","","","","","","","",,,,,"",,,,"shr-core-Narrative-model",0,*,"",""
"shr-core-Narrative-model.narrativeText","","","",1,1,"","","","xhtml {[]} {[]}
","Text of narrative, in xhtml.","Text of narrative, in xhtml.","","","","","","","","","",,,,,"",,,,"shr-core-Narrative-model.narrativeText",1,1,"",""
"shr-core-Narrative-model.narrativeQualifier","","","",1,1,"","","","Coding {[]} {[]}
","Additional information on how the narrative was generated, and the scope of information contained.","Additional information on how the narrative was generated, and the scope of information contained.","","","","","","","","","",,"required","","http://hl7.org/fhir/ValueSet/narrative-status","",,,,"shr-core-Narrative-model.narrativeQualifier",1,1,"",""
