<?xml version="1.0" encoding="UTF-8"?>

<StructureDefinition xmlns="http://hl7.org/fhir">
  <id value="obf-datatype-RelationToLandmark-extension"/>
  <text>
    <status value="generated"/><div xmlns="http://www.w3.org/1999/xhtml">
  <p><b>RelationToLandmark Extension</b></p>
  <p>The relationship between a landmark that helps determine a body location and the body location itself. The location relative to a landmark is specified by:
* Specifying the location and type of landmark using a body site code and optional laterality/orientation,
* Specifying the direction from the landmark to the body location, and
* Specifying the distance from the landmark to the body location.

The RelationToLandmark element is part of BodyLocation, a flexible structure that allows the location to be determined by a single code, or a code plus laterality and/or orientation. The body location can also be specified in relation to one or more body landmarks. SNOMED CT is used in all cases.

* Code only: The code should include (precoordinate) laterality and/orientation to the degree necessary to completely specify the body location.
* Code plus laterality and/or orientation: The basic code augmented by codes specifying the body side and/or anatomical orientation.
* Relation to landmark: The location relative to a landmark is specified by:
1. Establishing the location and type of landmark using a body site code and optional laterality/orientation, and
2. Specifying the direction and distance from the landmark to the body location.

Note that BodyLocation is a data type (a reusable structure), not a stand-alone entity. The concept is similar to how a postal address can apply to a person, location, or organization. This contrasts with FHIR's stand-alone BodySite (aka BodyStructure in r4) which 'is not ... intended for describing the type of anatomical location but rather a specific body site on a specific patient' (FHIR 3.5).</p>
</div>
  </text>
  <url value="http://icaredata.org/icare/StructureDefinition/obf-datatype-RelationToLandmark-extension"/>
  <version value="0.1.1"/>
  <name value="RelationToLandmark"/>
  <display value="obf-datatype-RelationToLandmark"/>
  <status value="draft"/>
  <publisher value="The MITRE Corporation"/>
  <contact>
    <telecom>
      <system value="other"/>
      <value value="http://icaredata.org"/>
      <rank value="0"/>
    </telecom>
  </contact>
  <date value="2019-10-23T00:00:00-04:00"/>
  <description value="The relationship between a landmark that helps determine a body location and the body location itself. The location relative to a landmark is specified by:&#xA;* Specifying the location and type of landmark using a body site code and optional laterality/orientation,&#xA;* Specifying the direction from the landmark to the body location, and&#xA;* Specifying the distance from the landmark to the body location.&#xA;&#xA;The RelationToLandmark element is part of BodyLocation, a flexible structure that allows the location to be determined by a single code, or a code plus laterality and/or orientation. The body location can also be specified in relation to one or more body landmarks. SNOMED CT is used in all cases.&#xA;&#xA;* Code only: The code should include (precoordinate) laterality and/orientation to the degree necessary to completely specify the body location.&#xA;* Code plus laterality and/or orientation: The basic code augmented by codes specifying the body side and/or anatomical orientation.&#xA;* Relation to landmark: The location relative to a landmark is specified by:&#xA;1. Establishing the location and type of landmark using a body site code and optional laterality/orientation, and&#xA;2. Specifying the direction and distance from the landmark to the body location.&#xA;&#xA;Note that BodyLocation is a data type (a reusable structure), not a stand-alone entity. The concept is similar to how a postal address can apply to a person, location, or organization. This contrasts with FHIR&#39;s stand-alone BodySite (aka BodyStructure in r4) which &#39;is not ... intended for describing the type of anatomical location but rather a specific body site on a specific patient&#39; (FHIR 3.5)."/>
  <fhirVersion value="1.0.2"/>
  <kind value="datatype"/>
  <constrainedType value="Extension"/>
  <abstract value="false"/>
  <contextType value="resource"/>
  <context value="*"/>
  <base value="http://hl7.org/fhir/StructureDefinition/Extension"/>
  <snapshot>
    <element id="Extension">
      <path value="Extension"/>
      <name value="Extension"/>
      <short value="RelationToLandmark"/>
      <definition value="The relationship between a landmark that helps determine a body location and the body location itself. The location relative to a landmark is specified by:&#xA;* Specifying the location and type of landmark using a body site code and optional laterality/orientation,&#xA;* Specifying the direction from the landmark to the body location, and&#xA;* Specifying the distance from the landmark to the body location.&#xA;&#xA;The RelationToLandmark element is part of BodyLocation, a flexible structure that allows the location to be determined by a single code, or a code plus laterality and/or orientation. The body location can also be specified in relation to one or more body landmarks. SNOMED CT is used in all cases.&#xA;&#xA;* Code only: The code should include (precoordinate) laterality and/orientation to the degree necessary to completely specify the body location.&#xA;* Code plus laterality and/or orientation: The basic code augmented by codes specifying the body side and/or anatomical orientation.&#xA;* Relation to landmark: The location relative to a landmark is specified by:&#xA;1. Establishing the location and type of landmark using a body site code and optional laterality/orientation, and&#xA;2. Specifying the direction and distance from the landmark to the body location.&#xA;&#xA;Note that BodyLocation is a data type (a reusable structure), not a stand-alone entity. The concept is similar to how a postal address can apply to a person, location, or organization. This contrasts with FHIR&#39;s stand-alone BodySite (aka BodyStructure in r4) which &#39;is not ... intended for describing the type of anatomical location but rather a specific body site on a specific patient&#39; (FHIR 3.5)."/>
      <min value="0"/>
      <max value="*"/>
      <base>
        <path value="Extension"/>
        <min value="0"/>
        <max value="*"/>
      </base>
      <type>
        <code value="Extension"/>
      </type>
      <maxLength value="0"/>
      <mustSupport value="false"/>
      <isModifier value="false"/>
      <isSummary value="false"/>
      <mapping>
        <identity value="rim"/>
        <map value="N/A"/>
      </mapping>
    </element>
    <element id="Extension.id">
      <path value="Extension.id"/>
      <representation value="xmlAttr"/>
      <name value="Extension.id"/>
      <short value="xml:id (or equivalent in JSON)"/>
      <definition value="unique id for the element within a resource (for internal references)."/>
      <min value="0"/>
      <max value="1"/>
      <base>
        <path value="Element.id"/>
        <min value="0"/>
        <max value="1"/>
      </base>
      <type>
        <code value="id"/>
      </type>
      <maxLength value="0"/>
      <mustSupport value="false"/>
      <isModifier value="false"/>
      <isSummary value="false"/>
      <mapping>
        <identity value="rim"/>
        <map value="n/a"/>
      </mapping>
    </element>
    <element id="Extension.extension">
      <path value="Extension.extension"/>
      <name value="Extension.extension"/>
      <slicing>
        <discriminator value="url"/>
        <description value="Extensions are always sliced by (at least) url"/>
        <ordered value="false"/>
        <rules value="open"/>
      </slicing>
      <short value="Additional Content defined by implementations"/>
      <definition value="May be used to represent additional information that is not part of the basic definition of the element. In order to make the use of extensions safe and manageable, there is a strict set of governance  applied to the definition and use of extensions. Though any implementer is allowed to define an extension, there is a set of requirements that SHALL be met as part of the definition of the extension."/>
      <comments value="There can be no stigma associated with the use of extensions by any application, project, or standard - regardless of the institution or jurisdiction that uses or defines the extensions.  The use of extensions is what allows the FHIR specification to retain a core level of simplicity for everyone."/>
      <alias value="extensions"/>
      <alias value="user content"/>
      <min value="0"/>
      <max value="*"/>
      <base>
        <path value="Element.extension"/>
        <min value="0"/>
        <max value="*"/>
      </base>
      <type>
        <code value="Extension"/>
      </type>
      <maxLength value="0"/>
      <mustSupport value="false"/>
      <isModifier value="false"/>
      <isSummary value="false"/>
      <mapping>
        <identity value="rim"/>
        <map value="n/a"/>
      </mapping>
    </element>
    <element id="landmarktype">
      <path value="Extension.extension"/>
      <name value="landmarktype"/>
      <definition value="The type of feature that constitutes the landmark, particularly if the landmark is an acquired body structure or physical object."/>
      <min value="0"/>
      <max value="1"/>
      <base>
        <path value="Element.extension"/>
        <min value="0"/>
        <max value="*"/>
      </base>
      <type>
        <code value="Extension"/>
        <profile value="http://icaredata.org/icare/StructureDefinition/obf-datatype-LandmarkType-extension"/>
      </type>
      <maxLength value="0"/>
      <mustSupport value="false"/>
      <isModifier value="false"/>
      <isSummary value="false"/>
      <mapping>
        <identity value="rim"/>
        <map value="n/a"/>
      </mapping>
    </element>
    <element id="landmarklocation">
      <path value="Extension.extension"/>
      <name value="landmarklocation"/>
      <definition value="The body location of the landmark, specified by a location code and optional laterality and orientation."/>
      <min value="0"/>
      <max value="1"/>
      <base>
        <path value="Element.extension"/>
        <min value="0"/>
        <max value="*"/>
      </base>
      <type>
        <code value="Extension"/>
        <profile value="http://icaredata.org/icare/StructureDefinition/obf-datatype-LandmarkLocation-extension"/>
      </type>
      <maxLength value="0"/>
      <mustSupport value="false"/>
      <isModifier value="false"/>
      <isSummary value="false"/>
      <mapping>
        <identity value="rim"/>
        <map value="n/a"/>
      </mapping>
    </element>
    <element id="landmarktobodylocationdirection">
      <path value="Extension.extension"/>
      <name value="landmarktobodylocationdirection"/>
      <definition value="The direction from the landmark to the body location of interest, given as a clockface direction or anatomical direction."/>
      <min value="0"/>
      <max value="1"/>
      <base>
        <path value="Element.extension"/>
        <min value="0"/>
        <max value="*"/>
      </base>
      <type>
        <code value="Extension"/>
        <profile value="http://icaredata.org/icare/StructureDefinition/obf-datatype-LandmarkToBodyLocationDirection-extension"/>
      </type>
      <maxLength value="0"/>
      <mustSupport value="false"/>
      <isModifier value="false"/>
      <isSummary value="false"/>
      <mapping>
        <identity value="rim"/>
        <map value="n/a"/>
      </mapping>
    </element>
    <element id="landmarktobodylocationdistance">
      <path value="Extension.extension"/>
      <name value="landmarktobodylocationdistance"/>
      <definition value="How far the body location of interest is from the given landmark."/>
      <min value="0"/>
      <max value="1"/>
      <base>
        <path value="Element.extension"/>
        <min value="0"/>
        <max value="*"/>
      </base>
      <type>
        <code value="Extension"/>
        <profile value="http://icaredata.org/icare/StructureDefinition/obf-datatype-LandmarkToBodyLocationDistance-extension"/>
      </type>
      <maxLength value="0"/>
      <mustSupport value="false"/>
      <isModifier value="false"/>
      <isSummary value="false"/>
      <mapping>
        <identity value="rim"/>
        <map value="n/a"/>
      </mapping>
    </element>
    <element id="Extension.url">
      <path value="Extension.url"/>
      <representation value="xmlAttr"/>
      <name value="Extension.url"/>
      <short value="identifies the meaning of the extension"/>
      <definition value="Source of the definition for the extension code - a logical name or a URL."/>
      <comments value="The definition may point directly to a computable or human-readable definition of the extensibility codes, or it may be a logical URI as declared in some other specification. The definition should be version specific.  This will ideally be the URI for the Resource Profile defining the extension, with the code for the extension after a #."/>
      <min value="1"/>
      <max value="1"/>
      <base>
        <path value="Extension.url"/>
        <min value="1"/>
        <max value="1"/>
      </base>
      <type>
        <code value="uri"/>
      </type>
      <fixedUri value="http://icaredata.org/icare/StructureDefinition/obf-datatype-RelationToLandmark-extension"/>
      <maxLength value="0"/>
      <mustSupport value="false"/>
      <isModifier value="false"/>
      <isSummary value="false"/>
      <mapping>
        <identity value="rim"/>
        <map value="N/A"/>
      </mapping>
    </element>
    <element id="Extension.valuex">
      <path value="Extension.value[x]"/>
      <name value="Extension.valuex"/>
      <short value="Value of extension"/>
      <definition value="Value of extension - may be a resource or one of a constrained set of the data types (see Extensibility in the spec for list)."/>
      <min value="0"/>
      <max value="0"/>
      <base>
        <path value="Extension.value[x]"/>
        <min value="0"/>
        <max value="1"/>
      </base>
      <type>
        <code value="boolean"/>
      </type>
      <type>
        <code value="integer"/>
      </type>
      <type>
        <code value="decimal"/>
      </type>
      <type>
        <code value="base64Binary"/>
      </type>
      <type>
        <code value="instant"/>
      </type>
      <type>
        <code value="string"/>
      </type>
      <type>
        <code value="uri"/>
      </type>
      <type>
        <code value="date"/>
      </type>
      <type>
        <code value="dateTime"/>
      </type>
      <type>
        <code value="time"/>
      </type>
      <type>
        <code value="code"/>
      </type>
      <type>
        <code value="oid"/>
      </type>
      <type>
        <code value="id"/>
      </type>
      <type>
        <code value="unsignedInt"/>
      </type>
      <type>
        <code value="positiveInt"/>
      </type>
      <type>
        <code value="markdown"/>
      </type>
      <type>
        <code value="Annotation"/>
      </type>
      <type>
        <code value="Attachment"/>
      </type>
      <type>
        <code value="Identifier"/>
      </type>
      <type>
        <code value="CodeableConcept"/>
      </type>
      <type>
        <code value="Coding"/>
      </type>
      <type>
        <code value="Quantity"/>
      </type>
      <type>
        <code value="Range"/>
      </type>
      <type>
        <code value="Period"/>
      </type>
      <type>
        <code value="Ratio"/>
      </type>
      <type>
        <code value="SampledData"/>
      </type>
      <type>
        <code value="Signature"/>
      </type>
      <type>
        <code value="HumanName"/>
      </type>
      <type>
        <code value="Address"/>
      </type>
      <type>
        <code value="ContactPoint"/>
      </type>
      <type>
        <code value="Timing"/>
      </type>
      <type>
        <code value="Reference"/>
      </type>
      <type>
        <code value="Meta"/>
      </type>
      <maxLength value="0"/>
      <mustSupport value="false"/>
      <isModifier value="false"/>
      <isSummary value="false"/>
      <mapping>
        <identity value="rim"/>
        <map value="N/A"/>
      </mapping>
    </element>
  </snapshot>
  <differential>
    <element id="Extension">
      <path value="Extension"/>
      <name value="Extension"/>
      <short value="RelationToLandmark"/>
      <definition value="The relationship between a landmark that helps determine a body location and the body location itself. The location relative to a landmark is specified by:&#xA;* Specifying the location and type of landmark using a body site code and optional laterality/orientation,&#xA;* Specifying the direction from the landmark to the body location, and&#xA;* Specifying the distance from the landmark to the body location.&#xA;&#xA;The RelationToLandmark element is part of BodyLocation, a flexible structure that allows the location to be determined by a single code, or a code plus laterality and/or orientation. The body location can also be specified in relation to one or more body landmarks. SNOMED CT is used in all cases.&#xA;&#xA;* Code only: The code should include (precoordinate) laterality and/orientation to the degree necessary to completely specify the body location.&#xA;* Code plus laterality and/or orientation: The basic code augmented by codes specifying the body side and/or anatomical orientation.&#xA;* Relation to landmark: The location relative to a landmark is specified by:&#xA;1. Establishing the location and type of landmark using a body site code and optional laterality/orientation, and&#xA;2. Specifying the direction and distance from the landmark to the body location.&#xA;&#xA;Note that BodyLocation is a data type (a reusable structure), not a stand-alone entity. The concept is similar to how a postal address can apply to a person, location, or organization. This contrasts with FHIR&#39;s stand-alone BodySite (aka BodyStructure in r4) which &#39;is not ... intended for describing the type of anatomical location but rather a specific body site on a specific patient&#39; (FHIR 3.5)."/>
      <min value="0"/>
      <max value="*"/>
      <type>
        <code value="Extension"/>
      </type>
      <maxLength value="0"/>
      <mustSupport value="false"/>
      <isModifier value="false"/>
      <isSummary value="false"/>
    </element>
    <element id="Extension.extension">
      <path value="Extension.extension"/>
      <name value="Extension.extension"/>
      <slicing>
        <discriminator value="url"/>
        <description value="Extensions are always sliced by (at least) url"/>
        <ordered value="false"/>
        <rules value="open"/>
      </slicing>
      <min value="0"/>
      <maxLength value="0"/>
      <mustSupport value="false"/>
      <isModifier value="false"/>
      <isSummary value="false"/>
    </element>
    <element id="landmarktype">
      <path value="Extension.extension"/>
      <name value="landmarktype"/>
      <definition value="The type of feature that constitutes the landmark, particularly if the landmark is an acquired body structure or physical object."/>
      <min value="0"/>
      <max value="1"/>
      <base>
        <path value="Element.extension"/>
        <min value="0"/>
        <max value="*"/>
      </base>
      <type>
        <code value="Extension"/>
        <profile value="http://icaredata.org/icare/StructureDefinition/obf-datatype-LandmarkType-extension"/>
      </type>
      <maxLength value="0"/>
      <mustSupport value="false"/>
      <isModifier value="false"/>
      <isSummary value="false"/>
      <mapping>
        <identity value="rim"/>
        <map value="n/a"/>
      </mapping>
    </element>
    <element id="landmarklocation">
      <path value="Extension.extension"/>
      <name value="landmarklocation"/>
      <definition value="The body location of the landmark, specified by a location code and optional laterality and orientation."/>
      <min value="0"/>
      <max value="1"/>
      <base>
        <path value="Element.extension"/>
        <min value="0"/>
        <max value="*"/>
      </base>
      <type>
        <code value="Extension"/>
        <profile value="http://icaredata.org/icare/StructureDefinition/obf-datatype-LandmarkLocation-extension"/>
      </type>
      <maxLength value="0"/>
      <mustSupport value="false"/>
      <isModifier value="false"/>
      <isSummary value="false"/>
      <mapping>
        <identity value="rim"/>
        <map value="n/a"/>
      </mapping>
    </element>
    <element id="landmarktobodylocationdirection">
      <path value="Extension.extension"/>
      <name value="landmarktobodylocationdirection"/>
      <definition value="The direction from the landmark to the body location of interest, given as a clockface direction or anatomical direction."/>
      <min value="0"/>
      <max value="1"/>
      <base>
        <path value="Element.extension"/>
        <min value="0"/>
        <max value="*"/>
      </base>
      <type>
        <code value="Extension"/>
        <profile value="http://icaredata.org/icare/StructureDefinition/obf-datatype-LandmarkToBodyLocationDirection-extension"/>
      </type>
      <maxLength value="0"/>
      <mustSupport value="false"/>
      <isModifier value="false"/>
      <isSummary value="false"/>
      <mapping>
        <identity value="rim"/>
        <map value="n/a"/>
      </mapping>
    </element>
    <element id="landmarktobodylocationdistance">
      <path value="Extension.extension"/>
      <name value="landmarktobodylocationdistance"/>
      <definition value="How far the body location of interest is from the given landmark."/>
      <min value="0"/>
      <max value="1"/>
      <base>
        <path value="Element.extension"/>
        <min value="0"/>
        <max value="*"/>
      </base>
      <type>
        <code value="Extension"/>
        <profile value="http://icaredata.org/icare/StructureDefinition/obf-datatype-LandmarkToBodyLocationDistance-extension"/>
      </type>
      <maxLength value="0"/>
      <mustSupport value="false"/>
      <isModifier value="false"/>
      <isSummary value="false"/>
      <mapping>
        <identity value="rim"/>
        <map value="n/a"/>
      </mapping>
    </element>
    <element id="Extension.url">
      <path value="Extension.url"/>
      <name value="Extension.url"/>
      <min value="0"/>
      <fixedUri value="http://icaredata.org/icare/StructureDefinition/obf-datatype-RelationToLandmark-extension"/>
      <maxLength value="0"/>
      <mustSupport value="false"/>
      <isModifier value="false"/>
      <isSummary value="false"/>
    </element>
    <element id="Extension.valuex">
      <path value="Extension.value[x]"/>
      <name value="Extension.valuex"/>
      <min value="0"/>
      <max value="0"/>
      <maxLength value="0"/>
      <mustSupport value="false"/>
      <isModifier value="false"/>
      <isSummary value="false"/>
    </element>
  </differential>
</StructureDefinition>