<?xml version="1.0" encoding="UTF-8"?>

<ValueSet xmlns="http://hl7.org/fhir">
  <id value="obf-datatype-UnitsOfLengthVS"/>
  <text>
    <status value="generated"/><div xmlns="http://www.w3.org/1999/xhtml">
<p><b>UnitsOfLengthVS ValueSet</b></p>
<p>Units of measure related to length or distance.</p>
</div>
  </text>
  <url value="http://icaredata.org/icare/ValueSet/obf-datatype-UnitsOfLengthVS"/>
  <version value="0.1.1"/>
  <name value="UnitsOfLengthVS"/>
  <status value="draft"/>
  <publisher value="The MITRE Corporation"/>
  <contact>
    <telecom>
      <system value="other"/>
      <value value="http://icaredata.org"/>
      <rank value="0"/>
    </telecom>
  </contact>
  <date value="2019-10-23T00:00:00-04:00"/>
  <description value="Units of measure related to length or distance."/>
  <immutable value="false"/>
  <compose>
    <include>
      <system value="http://unitsofmeasure.org"/>
      <concept>
        <code value="pm"/>
        <display value="Picometer"/>
      </concept>
      <concept>
        <code value="nm"/>
        <display value="Nanometer"/>
      </concept>
      <concept>
        <code value="mm"/>
        <display value="Millimeter"/>
      </concept>
      <concept>
        <code value="cm"/>
        <display value="Centimeter"/>
      </concept>
      <concept>
        <code value="m"/>
        <display value="Meter"/>
      </concept>
      <concept>
        <code value="ft-us"/>
        <display value="Foot"/>
      </concept>
      <concept>
        <code value="in-us"/>
        <display value="Inch"/>
      </concept>
    </include>
  </compose>
</ValueSet>