{
  "resourceType": "CodeSystem",
  "id": "shr-core-StudyArmTypeCS",
  "text": {
    "status": "generated",
    "div": "<div xmlns=\"http://www.w3.org/1999/xhtml\">\n<p><b>StudyArmTypeCS CodeSystem</b></p>\n<p>The role of each arm in the clinical trial.</p>\n</div>"
  },
  "url": "http://hl7.org/fhir/us/sw/shr/core/cs/StudyArmTypeCS",
  "identifier": {
    "system": "http://hl7.org/fhir/us/sw",
    "value": "shr.core.StudyArmTypeCS"
  },
  "version": "0.5.0",
  "name": "StudyArmTypeCS",
  "title": "StudyArmTypeCS",
  "status": "draft",
  "date": "2019-03-30T00:00:00-04:00",
  "publisher": "HL7 Patient Care and Clinical Information Modeling Initiative Work Groups",
  "contact": [
    {
      "telecom": [
        {
          "system": "url",
          "value": "http://standardhealthrecord.org"
        }
      ]
    }
  ],
  "description": "The role of each arm in the clinical trial.",
  "caseSensitive": true,
  "content": "complete",
  "count": 6,
  "concept": [
    {
      "code": "experimental",
      "display": "Experimental study arm",
      "definition": "Experimental study arm"
    },
    {
      "code": "active_comparator"
    },
    {
      "code": "placebo_comparator"
    },
    {
      "code": "sham_comparator"
    },
    {
      "code": "no_intervention"
    },
    {
      "code": "other"
    }
  ]
}