{
  "resourceType": "StructureDefinition",
  "id": "shr-core-ExpirationDate-model",
  "text": {
    "status": "generated",
    "div": "<div xmlns=\"http://www.w3.org/1999/xhtml\">\n  <p><b>ExpirationDate Logical Model</b></p>\n  <p>When the item (medication, device, etc.) will expire.</p>\n</div>"
  },
  "url": "http://hl7.org/fhir/us/shr/StructureDefinition/shr-core-ExpirationDate-model",
  "identifier": [
    {
      "system": "http://hl7.org/fhir/us/sw",
      "value": "shr.core.ExpirationDate"
    }
  ],
  "version": "0.5.0",
  "name": "ExpirationDate",
  "title": "shr-core-ExpirationDate",
  "status": "draft",
  "date": "2019-03-31T00:00:00-04:00",
  "publisher": "HL7 Patient Care and Clinical Information Modeling Initiative Work Groups",
  "contact": [
    {
      "telecom": [
        {
          "system": "url",
          "value": "http://standardhealthrecord.org"
        }
      ]
    }
  ],
  "description": "When the item (medication, device, etc.) will expire.",
  "kind": "logical",
  "abstract": false,
  "type": "shr-core-ExpirationDate-model",
  "baseDefinition": "http://hl7.org/fhir/StructureDefinition/Element",
  "derivation": "specialization",
  "snapshot": {
    "element": [
      {
        "id": "shr-core-ExpirationDate-model",
        "path": "shr-core-ExpirationDate-model",
        "definition": "When the item (medication, device, etc.) will expire.",
        "min": 0,
        "max": "*",
        "base": {
          "path": "shr-core-ExpirationDate-model",
          "min": 0,
          "max": "*"
        },
        "mustSupport": false,
        "isModifier": false,
        "isSummary": false
      },
      {
        "id": "shr-core-ExpirationDate-model.value",
        "path": "shr-core-ExpirationDate-model.value",
        "short": "DateTime representing when the item (medication, device, etc.) will expire.",
        "definition": "DateTime representing when the item (medication, device, etc.) will expire.",
        "min": 1,
        "max": "1",
        "base": {
          "path": "shr-core-ExpirationDate-model.value",
          "min": 1,
          "max": "1"
        },
        "type": [
          {
            "code": "dateTime"
          }
        ],
        "mustSupport": false,
        "isModifier": false,
        "isSummary": false
      }
    ]
  },
  "differential": {
    "element": [
      {
        "id": "shr-core-ExpirationDate-model",
        "path": "shr-core-ExpirationDate-model",
        "definition": "When the item (medication, device, etc.) will expire.",
        "min": 0,
        "max": "*",
        "base": {
          "path": "shr-core-ExpirationDate-model",
          "min": 0,
          "max": "*"
        },
        "mustSupport": false,
        "isModifier": false,
        "isSummary": false
      },
      {
        "id": "shr-core-ExpirationDate-model.value",
        "path": "shr-core-ExpirationDate-model.value",
        "short": "DateTime representing when the item (medication, device, etc.) will expire.",
        "definition": "DateTime representing when the item (medication, device, etc.) will expire.",
        "min": 1,
        "max": "1",
        "base": {
          "path": "shr-core-ExpirationDate-model.value",
          "min": 1,
          "max": "1"
        },
        "type": [
          {
            "code": "dateTime"
          }
        ],
        "mustSupport": false,
        "isModifier": false,
        "isSummary": false
      }
    ]
  }
}