{
  "resourceType": "StructureDefinition",
  "id": "shr-core-Medication",
  "text": {
    "status": "generated",
    "div": "<div xmlns=\"http://www.w3.org/1999/xhtml\">\n  <p><b>Medication Profile</b></p>\n  <p>A type of prescription drug or over-the-counter drug that is used to prevent, treat, or relieve symptoms of a disease or abnormal condition, but excluding vaccines.\nIn FHIR DSTU2 and STU3, Medication lacks the identifier attribute, which is included in SHR as an extension.\nDSTU2 lacks the status attribute, which is required by US-Core.\nBatch is 0..1 in FHIR R4, and accordingly is restricted here.</p>\n  <p><b>Mapping Summary</b></p>\n  <p><pre>shr.core.Medication maps to http://hl7.org/fhir/us/core/StructureDefinition/us-core-medication:\n  Language maps to language\n  Narrative maps to text\n  ImplicitRules maps to implicitRules\n  Metadata.VersionId maps to meta.versionId\n  Metadata.Profile maps to meta.profile\n  Metadata.LastUpdated maps to meta.lastUpdated\n  Metadata.SecurityLabel maps to meta.security\n  Metadata.Tag maps to meta.tag\n  Identifier maps to extension\n  Type maps to code\n  Status maps to status\n  DoseForm maps to form\n  Ingredient.SubstanceOrCode maps to ingredient.item[x]\n  Ingredient.IngredientAmount maps to ingredient.amount\n  Ingredient.IsActiveIngredient maps to ingredient.isActive\n  Brand.IsBrand maps to isBrand\n  OverTheCounter maps to isOverTheCounter\n  Manufacturer maps to manufacturer\n  constrain package.batch to 0..1\n  LotNumber maps to package.batch.lotNumber\n  ExpirationDate maps to package.batch.expirationDate\n  Package maps to package.container\n</pre></p>\n</div>"
  },
  "url": "http://hl7.org/fhir/us/shr/StructureDefinition/shr-core-Medication",
  "identifier": [
    {
      "system": "http://hl7.org/fhir/us/sw",
      "value": "shr.core.Medication"
    }
  ],
  "version": "0.5.0",
  "name": "Medication",
  "title": "shr-core-Medication",
  "status": "draft",
  "date": "2019-03-30T00:00:00-04:00",
  "publisher": "HL7 Patient Care and Clinical Information Modeling Initiative Work Groups",
  "contact": [
    {
      "telecom": [
        {
          "system": "url",
          "value": "http://standardhealthrecord.org"
        }
      ]
    }
  ],
  "description": "A type of prescription drug or over-the-counter drug that is used to prevent, treat, or relieve symptoms of a disease or abnormal condition, but excluding vaccines.\nIn FHIR DSTU2 and STU3, Medication lacks the identifier attribute, which is included in SHR as an extension.\nDSTU2 lacks the status attribute, which is required by US-Core.\nBatch is 0..1 in FHIR R4, and accordingly is restricted here.",
  "jurisdiction": [
    {
      "coding": [
        {
          "system": "urn:iso:std:iso:3166",
          "code": "US",
          "display": "United States of America"
        }
      ]
    }
  ],
  "keyword": [
    {
      "system": "http://ncimeta.nci.nih.gov",
      "code": "C0013227"
    }
  ],
  "fhirVersion": "3.0.1",
  "mapping": [
    {
      "identity": "argonaut-dq-dstu2",
      "uri": "http://unknown.org/Argonaut%20DQ%20DSTU2",
      "name": "Argonaut DQ DSTU2"
    },
    {
      "identity": "script10.6",
      "uri": "http://ncpdp.org/SCRIPT10_6",
      "name": "Mapping to NCPDP SCRIPT 10.6"
    },
    {
      "identity": "rim",
      "uri": "http://hl7.org/v3",
      "name": "RIM Mapping"
    },
    {
      "identity": "w5",
      "uri": "http://hl7.org/fhir/w5",
      "name": "W5 Mapping"
    },
    {
      "identity": "v2",
      "uri": "http://hl7.org/v2",
      "name": "HL7 v2 Mapping"
    }
  ],
  "kind": "resource",
  "abstract": false,
  "type": "Medication",
  "baseDefinition": "http://hl7.org/fhir/us/core/StructureDefinition/us-core-medication",
  "derivation": "constraint",
  "snapshot": {
    "element": [
      {
        "id": "Medication:shr-core-Medication",
        "path": "Medication",
        "short": "shr-core-Medication",
        "definition": "A type of prescription drug or over-the-counter drug that is used to prevent, treat, or relieve symptoms of a disease or abnormal condition, but excluding vaccines.\nIn FHIR DSTU2 and STU3, Medication lacks the identifier attribute, which is included in SHR as an extension.\nDSTU2 lacks the status attribute, which is required by US-Core.\nBatch is 0..1 in FHIR R4, and accordingly is restricted here.",
        "min": 0,
        "max": "*",
        "base": {
          "path": "Medication",
          "min": 0,
          "max": "*"
        },
        "constraint": [
          {
            "key": "dom-2",
            "severity": "error",
            "human": "If the resource is contained in another resource, it SHALL NOT contain nested Resources",
            "expression": "contained.contained.empty()",
            "xpath": "not(parent::f:contained and f:contained)",
            "source": "DomainResource"
          },
          {
            "key": "dom-1",
            "severity": "error",
            "human": "If the resource is contained in another resource, it SHALL NOT contain any narrative",
            "expression": "contained.text.empty()",
            "xpath": "not(parent::f:contained and f:text)",
            "source": "DomainResource"
          },
          {
            "key": "dom-4",
            "severity": "error",
            "human": "If a resource is contained in another resource, it SHALL NOT have a meta.versionId or a meta.lastUpdated",
            "expression": "contained.meta.versionId.empty() and contained.meta.lastUpdated.empty()",
            "xpath": "not(exists(f:contained/*/f:meta/f:versionId)) and not(exists(f:contained/*/f:meta/f:lastUpdated))",
            "source": "DomainResource"
          },
          {
            "key": "dom-3",
            "severity": "error",
            "human": "If the resource is contained in another resource, it SHALL be referred to from elsewhere in the resource",
            "expression": "contained.where(('#'+id in %resource.descendants().reference).not()).empty()",
            "xpath": "not(exists(for $id in f:contained/*/@id return $id[not(ancestor::f:contained/parent::*/descendant::f:reference/@value=concat('#', $id))]))",
            "source": "DomainResource"
          }
        ],
        "mustSupport": false,
        "mapping": [
          {
            "identity": "rim",
            "map": "Entity. Role, or Act"
          },
          {
            "identity": "script10.6",
            "map": "NewRx/MedicationPrescribed\r-or-\rRxFill/MedicationDispensed\r-or-\rRxHistoryResponse/MedicationDispensed\r-or-\rRxHistoryResponse/MedicationPrescribed"
          },
          {
            "identity": "rim",
            "map": "ManufacturedProduct[classCode=ADMM]"
          },
          {
            "identity": "w5",
            "map": "clinical.medication"
          },
          {
            "identity": "argonaut-dq-dstu2",
            "map": "Medication"
          }
        ]
      },
      {
        "id": "Medication:shr-core-Medication.id",
        "path": "Medication.id",
        "short": "Logical id of this artifact",
        "definition": "The logical id of the resource, as used in the URL for the resource. Once assigned, this value never changes.",
        "comment": "The only time that a resource does not have an id is when it is being submitted to the server using a create operation.",
        "min": 0,
        "max": "1",
        "base": {
          "path": "Resource.id",
          "min": 0,
          "max": "1"
        },
        "type": [
          {
            "code": "id"
          }
        ],
        "isSummary": true
      },
      {
        "id": "Medication:shr-core-Medication.meta",
        "path": "Medication.meta",
        "short": "Metadata about the resource",
        "definition": "The metadata about the resource. This is content that is maintained by the infrastructure. Changes to the content may not always be associated with version changes to the resource.",
        "min": 0,
        "max": "1",
        "base": {
          "path": "Resource.meta",
          "min": 0,
          "max": "1"
        },
        "type": [
          {
            "code": "Meta"
          }
        ],
        "isSummary": true
      },
      {
        "id": "Medication:shr-core-Medication.meta.id",
        "path": "Medication.meta.id",
        "representation": [
          "xmlAttr"
        ],
        "short": "xml:id (or equivalent in JSON)",
        "definition": "unique id for the element within a resource (for internal references). This may be any string value that does not contain spaces.",
        "min": 0,
        "max": "1",
        "base": {
          "path": "Element.id",
          "min": 0,
          "max": "1"
        },
        "type": [
          {
            "code": "string"
          }
        ],
        "mapping": [
          {
            "identity": "rim",
            "map": "n/a"
          }
        ]
      },
      {
        "id": "Medication:shr-core-Medication.meta.extension",
        "path": "Medication.meta.extension",
        "slicing": {
          "discriminator": [
            {
              "type": "value",
              "path": "url"
            }
          ],
          "description": "Extensions are always sliced by (at least) url",
          "rules": "open"
        },
        "short": "Additional Content defined by implementations",
        "definition": "May be used to represent additional information that is not part of the basic definition of the element. In order to make the use of extensions safe and manageable, there is a strict set of governance  applied to the definition and use of extensions. Though any implementer is allowed to define an extension, there is a set of requirements that SHALL be met as part of the definition of the extension.",
        "comment": "There can be no stigma associated with the use of extensions by any application, project, or standard - regardless of the institution or jurisdiction that uses or defines the extensions.  The use of extensions is what allows the FHIR specification to retain a core level of simplicity for everyone.",
        "alias": [
          "extensions",
          "user content"
        ],
        "min": 0,
        "max": "*",
        "base": {
          "path": "Element.extension",
          "min": 0,
          "max": "*"
        },
        "type": [
          {
            "code": "Extension"
          }
        ],
        "mapping": [
          {
            "identity": "rim",
            "map": "n/a"
          }
        ]
      },
      {
        "id": "Medication:shr-core-Medication.meta.versionId",
        "path": "Medication.meta.versionId",
        "short": "Version specific identifier",
        "definition": "The version specific identifier, as it appears in the version portion of the URL. This values changes when the resource is created, updated, or deleted.",
        "comment": "The server assigns this value, and ignores what the client specifies, except in the case that the server is imposing version integrity on updates/deletes.",
        "min": 0,
        "max": "1",
        "type": [
          {
            "code": "id"
          }
        ],
        "isSummary": true
      },
      {
        "id": "Medication:shr-core-Medication.meta.lastUpdated",
        "path": "Medication.meta.lastUpdated",
        "short": "When the resource version last changed",
        "definition": "When the resource last changed - e.g. when the version changed.",
        "comment": "This value is always populated except when the resource is first being created. The server / resource manager sets this value; what a client provides is irrelevant.",
        "min": 0,
        "max": "1",
        "type": [
          {
            "code": "instant"
          }
        ],
        "isSummary": true
      },
      {
        "id": "Medication:shr-core-Medication.meta.profile",
        "path": "Medication.meta.profile",
        "short": "Profiles this resource claims to conform to",
        "definition": "A list of profiles (references to [StructureDefinition](structuredefinition.html#) resources) that this resource claims to conform to. The URL is a reference to [StructureDefinition.url]().",
        "comment": "It is up to the server and/or other infrastructure of policy to determine whether/how these claims are verified and/or updated over time.  The list of profile URLs is a set.",
        "min": 0,
        "max": "*",
        "type": [
          {
            "code": "uri"
          }
        ],
        "isSummary": true
      },
      {
        "id": "Medication:shr-core-Medication.meta.security",
        "path": "Medication.meta.security",
        "short": "Security Labels applied to this resource",
        "definition": "Security labels applied to this resource. These tags connect specific resources to the overall security policy and infrastructure.",
        "comment": "The security labels can be updated without changing the stated version of the resource  The list of security labels is a set. Uniqueness is based the system/code, and version and display are ignored.",
        "min": 0,
        "max": "*",
        "type": [
          {
            "code": "Coding"
          }
        ],
        "isSummary": true,
        "binding": {
          "extension": [
            {
              "url": "http://hl7.org/fhir/StructureDefinition/elementdefinition-bindingName",
              "valueString": "SecurityLabels"
            },
            {
              "url": "http://hl7.org/fhir/StructureDefinition/elementdefinition-isCommonBinding",
              "valueBoolean": true
            }
          ],
          "strength": "extensible",
          "description": "Security Labels from the Healthcare Privacy and Security Classification System.",
          "valueSetReference": {
            "reference": "http://hl7.org/fhir/ValueSet/security-labels"
          }
        }
      },
      {
        "id": "Medication:shr-core-Medication.meta.tag",
        "path": "Medication.meta.tag",
        "short": "Tags applied to this resource",
        "definition": "Tags applied to this resource. Tags are intended to be used to identify and relate resources to process and workflow, and applications are not required to consider the tags when interpreting the meaning of a resource.",
        "comment": "The tags can be updated without changing the stated version of the resource.  The list of tags is a set. Uniqueness is based the system/code, and version and display are ignored.",
        "min": 0,
        "max": "*",
        "type": [
          {
            "code": "Coding"
          }
        ],
        "isSummary": true,
        "binding": {
          "extension": [
            {
              "url": "http://hl7.org/fhir/StructureDefinition/elementdefinition-bindingName",
              "valueString": "Tags"
            }
          ],
          "strength": "example",
          "description": "Codes that represent various types of tags, commonly workflow-related; e.g. \"Needs review by Dr. Jones\"",
          "valueSetReference": {
            "reference": "http://hl7.org/fhir/ValueSet/common-tags"
          }
        }
      },
      {
        "id": "Medication:shr-core-Medication.implicitRules",
        "path": "Medication.implicitRules",
        "short": "A set of rules under which this content was created",
        "definition": "A reference to a set of rules that were followed when the resource was constructed, and which must be understood when processing the content.",
        "comment": "Asserting this rule set restricts the content to be only understood by a limited set of trading partners. This inherently limits the usefulness of the data in the long term. However, the existing health eco-system is highly fractured, and not yet ready to define, collect, and exchange data in a generally computable sense. Wherever possible, implementers and/or specification writers should avoid using this element. \n\nThis element is labelled as a modifier because the implicit rules may provide additional knowledge about the resource that modifies it's meaning or interpretation.",
        "min": 0,
        "max": "1",
        "base": {
          "path": "Resource.implicitRules",
          "min": 0,
          "max": "1"
        },
        "type": [
          {
            "code": "uri"
          }
        ],
        "isModifier": true,
        "isSummary": true
      },
      {
        "id": "Medication:shr-core-Medication.language",
        "path": "Medication.language",
        "short": "Language of the resource content",
        "definition": "The base language in which the resource is written.",
        "comment": "Language is provided to support indexing and accessibility (typically, services such as text to speech use the language tag). The html language tag in the narrative applies  to the narrative. The language tag on the resource may be used to specify the language of other presentations generated from the data in the resource  Not all the content has to be in the base language. The Resource.language should not be assumed to apply to the narrative automatically. If a language is specified, it should it also be specified on the div element in the html (see rules in HTML5 for information about the relationship between xml:lang and the html lang attribute).",
        "min": 0,
        "max": "1",
        "base": {
          "path": "Resource.language",
          "min": 0,
          "max": "1"
        },
        "type": [
          {
            "code": "code"
          }
        ],
        "binding": {
          "extension": [
            {
              "url": "http://hl7.org/fhir/StructureDefinition/elementdefinition-maxValueSet",
              "valueReference": {
                "reference": "http://hl7.org/fhir/ValueSet/all-languages"
              }
            },
            {
              "url": "http://hl7.org/fhir/StructureDefinition/elementdefinition-bindingName",
              "valueString": "Language"
            },
            {
              "url": "http://hl7.org/fhir/StructureDefinition/elementdefinition-isCommonBinding",
              "valueBoolean": true
            }
          ],
          "strength": "extensible",
          "description": "A human language.",
          "valueSetReference": {
            "reference": "http://hl7.org/fhir/ValueSet/languages"
          }
        }
      },
      {
        "id": "Medication:shr-core-Medication.text",
        "path": "Medication.text",
        "short": "Text summary of the resource, for human interpretation",
        "definition": "A human-readable narrative that contains a summary of the resource, and may be used to represent the content of the resource to a human. The narrative need not encode all the structured data, but is required to contain sufficient detail to make it \"clinically safe\" for a human to just read the narrative. Resource definitions may define what content should be represented in the narrative to ensure clinical safety.",
        "comment": "Contained resources do not have narrative. Resources that are not contained SHOULD have a narrative. In some cases, a resource may only have text with little or no additional discrete data (as long as all minOccurs=1 elements are satisfied).  This may be necessary for data from legacy systems where information is captured as a \"text blob\" or where text is additionally entered raw or narrated and encoded in formation is added later.",
        "alias": [
          "narrative",
          "html",
          "xhtml",
          "display"
        ],
        "min": 0,
        "max": "1",
        "base": {
          "path": "DomainResource.text",
          "min": 0,
          "max": "1"
        },
        "type": [
          {
            "code": "Narrative"
          }
        ],
        "condition": [
          "dom-1"
        ],
        "mapping": [
          {
            "identity": "rim",
            "map": "Act.text?"
          }
        ]
      },
      {
        "id": "Medication:shr-core-Medication.contained",
        "path": "Medication.contained",
        "short": "Contained, inline Resources",
        "definition": "These resources do not have an independent existence apart from the resource that contains them - they cannot be identified independently, and nor can they have their own independent transaction scope.",
        "comment": "This should never be done when the content can be identified properly, as once identification is lost, it is extremely difficult (and context dependent) to restore it again.",
        "alias": [
          "inline resources",
          "anonymous resources",
          "contained resources"
        ],
        "min": 0,
        "max": "*",
        "base": {
          "path": "DomainResource.contained",
          "min": 0,
          "max": "*"
        },
        "type": [
          {
            "code": "Resource"
          }
        ],
        "mapping": [
          {
            "identity": "rim",
            "map": "N/A"
          }
        ]
      },
      {
        "id": "Medication:shr-core-Medication.extension",
        "path": "Medication.extension",
        "slicing": {
          "id": "1",
          "discriminator": [
            {
              "type": "value",
              "path": "url"
            }
          ],
          "ordered": false,
          "rules": "open"
        },
        "short": "Additional Content defined by implementations",
        "definition": "May be used to represent additional information that is not part of the basic definition of the resource. In order to make the use of extensions safe and manageable, there is a strict set of governance  applied to the definition and use of extensions. Though any implementer is allowed to define an extension, there is a set of requirements that SHALL be met as part of the definition of the extension.",
        "comment": "There can be no stigma associated with the use of extensions by any application, project, or standard - regardless of the institution or jurisdiction that uses or defines the extensions.  The use of extensions is what allows the FHIR specification to retain a core level of simplicity for everyone.",
        "alias": [
          "extensions",
          "user content"
        ],
        "min": 0,
        "max": "*",
        "base": {
          "path": "DomainResource.extension",
          "min": 0,
          "max": "*"
        },
        "type": [
          {
            "code": "Extension"
          }
        ],
        "mapping": [
          {
            "identity": "rim",
            "map": "N/A"
          }
        ]
      },
      {
        "id": "Medication:shr-core-Medication.extension:identifier",
        "path": "Medication.extension",
        "sliceName": "identifier",
        "definition": "Business identifier or external id for this resource.",
        "min": 0,
        "max": "*",
        "base": {
          "path": "DomainResource.extension",
          "min": 0,
          "max": "*"
        },
        "type": [
          {
            "code": "Extension",
            "profile": "http://hl7.org/fhir/us/shr/StructureDefinition/shr-core-Identifier-extension"
          }
        ]
      },
      {
        "id": "Medication:shr-core-Medication.modifierExtension",
        "path": "Medication.modifierExtension",
        "short": "Extensions that cannot be ignored",
        "definition": "May be used to represent additional information that is not part of the basic definition of the resource, and that modifies the understanding of the element that contains it. Usually modifier elements provide negation or qualification. In order to make the use of extensions safe and manageable, there is a strict set of governance applied to the definition and use of extensions. Though any implementer is allowed to define an extension, there is a set of requirements that SHALL be met as part of the definition of the extension. Applications processing a resource are required to check for modifier extensions.",
        "comment": "There can be no stigma associated with the use of extensions by any application, project, or standard - regardless of the institution or jurisdiction that uses or defines the extensions.  The use of extensions is what allows the FHIR specification to retain a core level of simplicity for everyone.",
        "alias": [
          "extensions",
          "user content"
        ],
        "min": 0,
        "max": "*",
        "base": {
          "path": "DomainResource.modifierExtension",
          "min": 0,
          "max": "*"
        },
        "type": [
          {
            "code": "Extension"
          }
        ],
        "isModifier": true,
        "mapping": [
          {
            "identity": "rim",
            "map": "N/A"
          }
        ]
      },
      {
        "id": "Medication:shr-core-Medication.code",
        "path": "Medication.code",
        "short": "Codes that identify this medication",
        "definition": "A code (or set of codes) that specify this medication, or a textual description if no code is available. Usage note: This could be a standard medication code such as a code from RxNorm, SNOMED CT, IDMP etc. It could also be a national or local formulary code, optionally with translations to other code systems.",
        "comment": "Depending on the context of use, the code that was actually selected by the user (prescriber, dispenser, etc.) will have the coding.userSelected set to true.  As described in the coding datatype: \"A coding may be marked as a \"userSelected\" if a user selected the particular coded value in a user interface (e.g. the user selects an item in a pick-list). If a user selected coding exists, it is the preferred choice for performing translations etc.",
        "min": 1,
        "max": "1",
        "base": {
          "path": "Medication.code",
          "min": 0,
          "max": "1"
        },
        "type": [
          {
            "code": "CodeableConcept"
          }
        ],
        "mustSupport": true,
        "isSummary": true,
        "binding": {
          "strength": "extensible",
          "description": "Prescribable medications",
          "valueSetReference": {
            "reference": "http://hl7.org/fhir/us/core/ValueSet/us-core-medication-codes"
          }
        },
        "mapping": [
          {
            "identity": "script10.6",
            "map": "coding.code = //element(*,MedicationType)/DrugCoded/ProductCode\r\rcoding.system = //element(*,MedicationType)/DrugCoded/ProductCodeQualifier\r\rcoding.display = //element(*,MedicationType)/DrugDescription"
          },
          {
            "identity": "v2",
            "map": "RXO-1.1-Requested Give Code.code / RXE-2.1-Give Code.code / RXD-2.1-Dispense/Give Code.code / RXG-4.1-Give Code.code /RXA-5.1-Administered Code.code / RXC-2.1 Component Code"
          },
          {
            "identity": "rim",
            "map": ".code"
          },
          {
            "identity": "w5",
            "map": "class"
          },
          {
            "identity": "argonaut-dq-dstu2",
            "map": "Medication.code"
          }
        ]
      },
      {
        "id": "Medication:shr-core-Medication.status",
        "path": "Medication.status",
        "short": "active | inactive | entered-in-error",
        "definition": "A code to indicate if the medication is in active use.",
        "comment": "This status is not intended to specify if a medication is part of a formulary.",
        "min": 0,
        "max": "1",
        "base": {
          "path": "Medication.status",
          "min": 0,
          "max": "1"
        },
        "type": [
          {
            "code": "code"
          }
        ],
        "isSummary": true,
        "binding": {
          "extension": [
            {
              "url": "http://hl7.org/fhir/StructureDefinition/elementdefinition-bindingName",
              "valueString": "MedicationStatus"
            }
          ],
          "strength": "required",
          "description": "A coded concept defining if the medication is in active use",
          "valueSetReference": {
            "reference": "http://hl7.org/fhir/ValueSet/medication-status"
          }
        },
        "mapping": [
          {
            "identity": "rim",
            "map": ".statusCode"
          }
        ]
      },
      {
        "id": "Medication:shr-core-Medication.isBrand",
        "path": "Medication.isBrand",
        "short": "True if a brand",
        "definition": "Set to true if the item is attributable to a specific manufacturer.",
        "min": 0,
        "max": "1",
        "base": {
          "path": "Medication.isBrand",
          "min": 0,
          "max": "1"
        },
        "type": [
          {
            "code": "boolean"
          }
        ],
        "isSummary": true,
        "mapping": [
          {
            "identity": "script10.6",
            "map": "no mapping"
          },
          {
            "identity": "rim",
            "map": "true if .player.scopingRole[typeCode=MANU] exists"
          },
          {
            "identity": "w5",
            "map": "class"
          }
        ]
      },
      {
        "id": "Medication:shr-core-Medication.isOverTheCounter",
        "path": "Medication.isOverTheCounter",
        "short": "True if medication does not require a prescription",
        "definition": "Set to true if the medication can be obtained without an order from a prescriber.",
        "min": 0,
        "max": "1",
        "base": {
          "path": "Medication.isOverTheCounter",
          "min": 0,
          "max": "1"
        },
        "type": [
          {
            "code": "boolean"
          }
        ],
        "isSummary": true,
        "mapping": [
          {
            "identity": "rim",
            "map": "NA"
          },
          {
            "identity": "w5",
            "map": "class"
          }
        ]
      },
      {
        "id": "Medication:shr-core-Medication.manufacturer",
        "path": "Medication.manufacturer",
        "short": "Manufacturer of the item",
        "definition": "Describes the details of the manufacturer of the medication product.  This is not intended to represent the distributor of a medication product.",
        "min": 0,
        "max": "1",
        "base": {
          "path": "Medication.manufacturer",
          "min": 0,
          "max": "1"
        },
        "type": [
          {
            "code": "Reference",
            "targetProfile": "http://hl7.org/fhir/us/shr/StructureDefinition/shr-core-Organization"
          }
        ],
        "isSummary": true,
        "mapping": [
          {
            "identity": "script10.6",
            "map": "no mapping"
          },
          {
            "identity": "v2",
            "map": "RXD-20-Substance Manufacturer Name / RXG-21-Substance Manufacturer Name / RXA-17-Substance Manufacturer Name"
          },
          {
            "identity": "rim",
            "map": ".player.scopingRole[typeCode=MANU].scoper"
          },
          {
            "identity": "w5",
            "map": "who.actor"
          }
        ]
      },
      {
        "id": "Medication:shr-core-Medication.form",
        "path": "Medication.form",
        "short": "powder | tablets | capsule +",
        "definition": "Describes the form of the item.  Powder; tablets; capsule.",
        "comment": "When Medication is referenced from MedicationRequest, this is the ordered form.  When Medication is referenced within MedicationDispense, this is the dispensed form.  When Medication is referenced within MedicationAdministration, this is administered form.",
        "min": 0,
        "max": "1",
        "base": {
          "path": "Medication.form",
          "min": 0,
          "max": "1"
        },
        "type": [
          {
            "code": "CodeableConcept"
          }
        ],
        "binding": {
          "extension": [
            {
              "url": "http://hl7.org/fhir/StructureDefinition/elementdefinition-bindingName",
              "valueString": "MedicationForm"
            }
          ],
          "strength": "required",
          "description": "A coded concept defining the form of a medication",
          "valueSetReference": {
            "reference": "http://hl7.org/fhir/ValueSet/medication-form-codes"
          }
        },
        "mapping": [
          {
            "identity": "script10.6",
            "map": "coding.code =  //element(*,DrugCodedType)/FormCode\r\rcoding.system = //element(*,DrugCodedType)/FormSourceCode"
          },
          {
            "identity": "v2",
            "map": "RXO-5-Requested Dosage Form / RXE-6-Give Dosage Form / RXD-6-Actual Dosage Form / RXG-8-Give Dosage Form / RXA-8-Administered Dosage Form"
          },
          {
            "identity": "rim",
            "map": ".formCode"
          }
        ]
      },
      {
        "id": "Medication:shr-core-Medication.ingredient",
        "path": "Medication.ingredient",
        "short": "Active or inactive ingredient",
        "definition": "Identifies a particular constituent of interest in the product.",
        "comment": "The ingredients need not be a complete list.  If an ingredient is not specified, this does not indicate whether an ingredient is present or absent.  If an ingredient is specified it does not mean that all ingredients are specified.  It is possible to specify both inactive and active ingredients.",
        "min": 0,
        "max": "*",
        "base": {
          "path": "Medication.ingredient",
          "min": 0,
          "max": "*"
        },
        "type": [
          {
            "code": "BackboneElement"
          }
        ],
        "constraint": [
          {
            "key": "ele-1",
            "severity": "error",
            "human": "All FHIR elements must have a @value or children",
            "expression": "hasValue() | (children().count() > id.count())",
            "xpath": "@value|f:*|h:div",
            "source": "Element"
          }
        ],
        "mapping": [
          {
            "identity": "rim",
            "map": ".scopesRole[typeCode=INGR]"
          }
        ]
      },
      {
        "id": "Medication:shr-core-Medication.ingredient.id",
        "path": "Medication.ingredient.id",
        "representation": [
          "xmlAttr"
        ],
        "short": "xml:id (or equivalent in JSON)",
        "definition": "unique id for the element within a resource (for internal references). This may be any string value that does not contain spaces.",
        "min": 0,
        "max": "1",
        "base": {
          "path": "Element.id",
          "min": 0,
          "max": "1"
        },
        "type": [
          {
            "code": "string"
          }
        ],
        "mapping": [
          {
            "identity": "rim",
            "map": "n/a"
          }
        ]
      },
      {
        "id": "Medication:shr-core-Medication.ingredient.extension",
        "path": "Medication.ingredient.extension",
        "short": "Additional Content defined by implementations",
        "definition": "May be used to represent additional information that is not part of the basic definition of the element. In order to make the use of extensions safe and manageable, there is a strict set of governance  applied to the definition and use of extensions. Though any implementer is allowed to define an extension, there is a set of requirements that SHALL be met as part of the definition of the extension.",
        "comment": "There can be no stigma associated with the use of extensions by any application, project, or standard - regardless of the institution or jurisdiction that uses or defines the extensions.  The use of extensions is what allows the FHIR specification to retain a core level of simplicity for everyone.",
        "alias": [
          "extensions",
          "user content"
        ],
        "min": 0,
        "max": "*",
        "base": {
          "path": "Element.extension",
          "min": 0,
          "max": "*"
        },
        "type": [
          {
            "code": "Extension"
          }
        ],
        "mapping": [
          {
            "identity": "rim",
            "map": "n/a"
          }
        ]
      },
      {
        "id": "Medication:shr-core-Medication.ingredient.modifierExtension",
        "path": "Medication.ingredient.modifierExtension",
        "short": "Extensions that cannot be ignored",
        "definition": "May be used to represent additional information that is not part of the basic definition of the element, and that modifies the understanding of the element that contains it. Usually modifier elements provide negation or qualification. In order to make the use of extensions safe and manageable, there is a strict set of governance applied to the definition and use of extensions. Though any implementer is allowed to define an extension, there is a set of requirements that SHALL be met as part of the definition of the extension. Applications processing a resource are required to check for modifier extensions.",
        "comment": "There can be no stigma associated with the use of extensions by any application, project, or standard - regardless of the institution or jurisdiction that uses or defines the extensions.  The use of extensions is what allows the FHIR specification to retain a core level of simplicity for everyone.",
        "alias": [
          "extensions",
          "user content",
          "modifiers"
        ],
        "min": 0,
        "max": "*",
        "base": {
          "path": "BackboneElement.modifierExtension",
          "min": 0,
          "max": "*"
        },
        "type": [
          {
            "code": "Extension"
          }
        ],
        "isModifier": true,
        "isSummary": true,
        "mapping": [
          {
            "identity": "rim",
            "map": "N/A"
          }
        ]
      },
      {
        "id": "Medication:shr-core-Medication.ingredient.item[x]",
        "path": "Medication.ingredient.item[x]",
        "short": "The product contained",
        "definition": "The actual ingredient - either a substance (simple ingredient) or another medication.",
        "min": 1,
        "max": "1",
        "base": {
          "path": "Medication.ingredient.item[x]",
          "min": 1,
          "max": "1"
        },
        "type": [
          {
            "code": "CodeableConcept"
          },
          {
            "code": "Reference",
            "targetProfile": "http://hl7.org/fhir/us/shr/StructureDefinition/shr-core-Substance"
          },
          {
            "code": "Reference",
            "targetProfile": "http://hl7.org/fhir/us/shr/StructureDefinition/shr-core-Medication"
          }
        ],
        "mapping": [
          {
            "identity": "script10.6",
            "map": "coding.code = //element(*,MedicationType)/DrugCoded/ProductCode\r\rcoding.system = //element(*,MedicationType)/DrugCoded/ProductCodeQualifier\r\rcoding.display = //element(*,MedicationType)/DrugDescription"
          },
          {
            "identity": "v2",
            "map": "RXC-2-Component Code  if medication: RXO-1-Requested Give Code / RXE-2-Give Code / RXD-2-Dispense/Give Code / RXG-4-Give Code / RXA-5-Administered Code"
          },
          {
            "identity": "rim",
            "map": ".player"
          }
        ]
      },
      {
        "id": "Medication:shr-core-Medication.ingredient.isActive",
        "path": "Medication.ingredient.isActive",
        "short": "Active ingredient indicator",
        "definition": "Indication of whether this ingredient affects the therapeutic action of the drug.",
        "requirements": "True indicates that the ingredient affects the therapeutic action of the drug (i.e. active). \rFalse indicates that the ingredient does not affect the therapeutic action of the drug (i.e. inactive).",
        "min": 0,
        "max": "1",
        "base": {
          "path": "Medication.ingredient.isActive",
          "min": 0,
          "max": "1"
        },
        "type": [
          {
            "code": "boolean"
          }
        ],
        "mapping": [
          {
            "identity": "rim",
            "map": "NA"
          }
        ]
      },
      {
        "id": "Medication:shr-core-Medication.ingredient.amount",
        "path": "Medication.ingredient.amount",
        "short": "Quantity of ingredient present",
        "definition": "Specifies how many (or how much) of the items there are in this Medication.  For example, 250 mg per tablet.  This is expressed as a ratio where the numerator is 250mg and the denominator is 1 tablet.",
        "min": 0,
        "max": "1",
        "base": {
          "path": "Medication.ingredient.amount",
          "min": 0,
          "max": "1"
        },
        "type": [
          {
            "code": "Ratio"
          }
        ],
        "mapping": [
          {
            "identity": "script10.6",
            "map": "//element(*,DrugCodedType)/Strength"
          },
          {
            "identity": "v2",
            "map": "RXC-3-Component Amount & RXC-4-Component Units  if medication: RXO-2-Requested Give Amount - Minimum & RXO-4-Requested Give Units / RXO-3-Requested Give Amount - Maximum & RXO-4-Requested Give Units / RXO-11-Requested Dispense Amount & RXO-12-Requested Dispense Units / RXE-3-Give Amount - Minimum & RXE-5-Give Units / RXE-4-Give Amount - Maximum & RXE-5-Give Units / RXE-10-Dispense Amount & RXE-10-Dispense Units"
          },
          {
            "identity": "rim",
            "map": ".quantity"
          }
        ]
      },
      {
        "id": "Medication:shr-core-Medication.package",
        "path": "Medication.package",
        "short": "Details about packaged medications",
        "definition": "Information that only applies to packages (not products).",
        "min": 0,
        "max": "1",
        "base": {
          "path": "Medication.package",
          "min": 0,
          "max": "1"
        },
        "type": [
          {
            "code": "BackboneElement"
          }
        ],
        "constraint": [
          {
            "key": "ele-1",
            "severity": "error",
            "human": "All FHIR elements must have a @value or children",
            "expression": "hasValue() | (children().count() > id.count())",
            "xpath": "@value|f:*|h:div",
            "source": "Element"
          }
        ],
        "mapping": [
          {
            "identity": "script10.6",
            "map": "no mapping"
          },
          {
            "identity": "rim",
            "map": ".player[classCode=CONT]"
          }
        ]
      },
      {
        "id": "Medication:shr-core-Medication.package.id",
        "path": "Medication.package.id",
        "representation": [
          "xmlAttr"
        ],
        "short": "xml:id (or equivalent in JSON)",
        "definition": "unique id for the element within a resource (for internal references). This may be any string value that does not contain spaces.",
        "min": 0,
        "max": "1",
        "base": {
          "path": "Element.id",
          "min": 0,
          "max": "1"
        },
        "type": [
          {
            "code": "string"
          }
        ],
        "mapping": [
          {
            "identity": "rim",
            "map": "n/a"
          }
        ]
      },
      {
        "id": "Medication:shr-core-Medication.package.extension",
        "path": "Medication.package.extension",
        "short": "Additional Content defined by implementations",
        "definition": "May be used to represent additional information that is not part of the basic definition of the element. In order to make the use of extensions safe and manageable, there is a strict set of governance  applied to the definition and use of extensions. Though any implementer is allowed to define an extension, there is a set of requirements that SHALL be met as part of the definition of the extension.",
        "comment": "There can be no stigma associated with the use of extensions by any application, project, or standard - regardless of the institution or jurisdiction that uses or defines the extensions.  The use of extensions is what allows the FHIR specification to retain a core level of simplicity for everyone.",
        "alias": [
          "extensions",
          "user content"
        ],
        "min": 0,
        "max": "*",
        "base": {
          "path": "Element.extension",
          "min": 0,
          "max": "*"
        },
        "type": [
          {
            "code": "Extension"
          }
        ],
        "mapping": [
          {
            "identity": "rim",
            "map": "n/a"
          }
        ]
      },
      {
        "id": "Medication:shr-core-Medication.package.modifierExtension",
        "path": "Medication.package.modifierExtension",
        "short": "Extensions that cannot be ignored",
        "definition": "May be used to represent additional information that is not part of the basic definition of the element, and that modifies the understanding of the element that contains it. Usually modifier elements provide negation or qualification. In order to make the use of extensions safe and manageable, there is a strict set of governance applied to the definition and use of extensions. Though any implementer is allowed to define an extension, there is a set of requirements that SHALL be met as part of the definition of the extension. Applications processing a resource are required to check for modifier extensions.",
        "comment": "There can be no stigma associated with the use of extensions by any application, project, or standard - regardless of the institution or jurisdiction that uses or defines the extensions.  The use of extensions is what allows the FHIR specification to retain a core level of simplicity for everyone.",
        "alias": [
          "extensions",
          "user content",
          "modifiers"
        ],
        "min": 0,
        "max": "*",
        "base": {
          "path": "BackboneElement.modifierExtension",
          "min": 0,
          "max": "*"
        },
        "type": [
          {
            "code": "Extension"
          }
        ],
        "isModifier": true,
        "isSummary": true,
        "mapping": [
          {
            "identity": "rim",
            "map": "N/A"
          }
        ]
      },
      {
        "id": "Medication:shr-core-Medication.package.container",
        "path": "Medication.package.container",
        "short": "E.g. box, vial, blister-pack",
        "definition": "The kind of container that this package comes as.",
        "min": 0,
        "max": "1",
        "base": {
          "path": "Medication.package.container",
          "min": 0,
          "max": "1"
        },
        "type": [
          {
            "code": "CodeableConcept"
          }
        ],
        "binding": {
          "extension": [
            {
              "url": "http://hl7.org/fhir/StructureDefinition/elementdefinition-bindingName",
              "valueString": "MedicationContainer"
            }
          ],
          "strength": "example",
          "description": "A coded concept defining the kind of container a medication package is packaged in",
          "valueSetReference": {
            "reference": "http://hl7.org/fhir/ValueSet/medication-package-form"
          }
        },
        "mapping": [
          {
            "identity": "script10.6",
            "map": "no mapping"
          },
          {
            "identity": "rim",
            "map": ".code"
          }
        ]
      },
      {
        "id": "Medication:shr-core-Medication.package.content",
        "path": "Medication.package.content",
        "short": "What is  in the package",
        "definition": "A set of components that go to make up the described item.",
        "min": 0,
        "max": "*",
        "base": {
          "path": "Medication.package.content",
          "min": 0,
          "max": "*"
        },
        "type": [
          {
            "code": "BackboneElement"
          }
        ],
        "constraint": [
          {
            "key": "ele-1",
            "severity": "error",
            "human": "All FHIR elements must have a @value or children",
            "expression": "hasValue() | (children().count() > id.count())",
            "xpath": "@value|f:*|h:div",
            "source": "Element"
          }
        ],
        "mapping": [
          {
            "identity": "script10.6",
            "map": "no mapping"
          },
          {
            "identity": "rim",
            "map": ".scopesRole[typeCode=CONT]"
          }
        ]
      },
      {
        "id": "Medication:shr-core-Medication.package.content.id",
        "path": "Medication.package.content.id",
        "representation": [
          "xmlAttr"
        ],
        "short": "xml:id (or equivalent in JSON)",
        "definition": "unique id for the element within a resource (for internal references). This may be any string value that does not contain spaces.",
        "min": 0,
        "max": "1",
        "base": {
          "path": "Element.id",
          "min": 0,
          "max": "1"
        },
        "type": [
          {
            "code": "string"
          }
        ],
        "mapping": [
          {
            "identity": "rim",
            "map": "n/a"
          }
        ]
      },
      {
        "id": "Medication:shr-core-Medication.package.content.extension",
        "path": "Medication.package.content.extension",
        "short": "Additional Content defined by implementations",
        "definition": "May be used to represent additional information that is not part of the basic definition of the element. In order to make the use of extensions safe and manageable, there is a strict set of governance  applied to the definition and use of extensions. Though any implementer is allowed to define an extension, there is a set of requirements that SHALL be met as part of the definition of the extension.",
        "comment": "There can be no stigma associated with the use of extensions by any application, project, or standard - regardless of the institution or jurisdiction that uses or defines the extensions.  The use of extensions is what allows the FHIR specification to retain a core level of simplicity for everyone.",
        "alias": [
          "extensions",
          "user content"
        ],
        "min": 0,
        "max": "*",
        "base": {
          "path": "Element.extension",
          "min": 0,
          "max": "*"
        },
        "type": [
          {
            "code": "Extension"
          }
        ],
        "mapping": [
          {
            "identity": "rim",
            "map": "n/a"
          }
        ]
      },
      {
        "id": "Medication:shr-core-Medication.package.content.modifierExtension",
        "path": "Medication.package.content.modifierExtension",
        "short": "Extensions that cannot be ignored",
        "definition": "May be used to represent additional information that is not part of the basic definition of the element, and that modifies the understanding of the element that contains it. Usually modifier elements provide negation or qualification. In order to make the use of extensions safe and manageable, there is a strict set of governance applied to the definition and use of extensions. Though any implementer is allowed to define an extension, there is a set of requirements that SHALL be met as part of the definition of the extension. Applications processing a resource are required to check for modifier extensions.",
        "comment": "There can be no stigma associated with the use of extensions by any application, project, or standard - regardless of the institution or jurisdiction that uses or defines the extensions.  The use of extensions is what allows the FHIR specification to retain a core level of simplicity for everyone.",
        "alias": [
          "extensions",
          "user content",
          "modifiers"
        ],
        "min": 0,
        "max": "*",
        "base": {
          "path": "BackboneElement.modifierExtension",
          "min": 0,
          "max": "*"
        },
        "type": [
          {
            "code": "Extension"
          }
        ],
        "isModifier": true,
        "isSummary": true,
        "mapping": [
          {
            "identity": "rim",
            "map": "N/A"
          }
        ]
      },
      {
        "id": "Medication:shr-core-Medication.package.content.item[x]",
        "path": "Medication.package.content.item[x]",
        "short": "The item in the package",
        "definition": "Identifies one of the items in the package.",
        "min": 1,
        "max": "1",
        "base": {
          "path": "Medication.package.content.item[x]",
          "min": 1,
          "max": "1"
        },
        "type": [
          {
            "code": "CodeableConcept"
          },
          {
            "code": "Reference",
            "targetProfile": "http://hl7.org/fhir/StructureDefinition/Medication"
          }
        ],
        "mapping": [
          {
            "identity": "script10.6",
            "map": "no mapping"
          },
          {
            "identity": "rim",
            "map": ".player"
          }
        ]
      },
      {
        "id": "Medication:shr-core-Medication.package.content.amount",
        "path": "Medication.package.content.amount",
        "short": "Quantity present in the package",
        "definition": "The amount of the product that is in the package.",
        "min": 0,
        "max": "1",
        "base": {
          "path": "Medication.package.content.amount",
          "min": 0,
          "max": "1"
        },
        "type": [
          {
            "code": "Quantity",
            "profile": "http://hl7.org/fhir/StructureDefinition/SimpleQuantity"
          }
        ],
        "mapping": [
          {
            "identity": "script10.6",
            "map": "no mapping"
          },
          {
            "identity": "rim",
            "map": ".quantity"
          }
        ]
      },
      {
        "id": "Medication:shr-core-Medication.package.batch",
        "path": "Medication.package.batch",
        "short": "Identifies a single production run",
        "definition": "Information about a group of medication produced or packaged from one production run.",
        "min": 0,
        "max": "1",
        "base": {
          "path": "Medication.package.batch",
          "min": 0,
          "max": "*"
        },
        "type": [
          {
            "code": "BackboneElement"
          }
        ],
        "constraint": [
          {
            "key": "ele-1",
            "severity": "error",
            "human": "All FHIR elements must have a @value or children",
            "expression": "hasValue() | (children().count() > id.count())",
            "xpath": "@value|f:*|h:div",
            "source": "Element"
          }
        ],
        "mapping": [
          {
            "identity": "script10.6",
            "map": "no mapping"
          },
          {
            "identity": "rim",
            "map": "participation[typeCode=CSM].role[classCode=INST].scopedRole.scoper[classCode=MMAT].id"
          }
        ]
      },
      {
        "id": "Medication:shr-core-Medication.package.batch.id",
        "path": "Medication.package.batch.id",
        "representation": [
          "xmlAttr"
        ],
        "short": "xml:id (or equivalent in JSON)",
        "definition": "unique id for the element within a resource (for internal references). This may be any string value that does not contain spaces.",
        "min": 0,
        "max": "1",
        "base": {
          "path": "Element.id",
          "min": 0,
          "max": "1"
        },
        "type": [
          {
            "code": "string"
          }
        ],
        "mapping": [
          {
            "identity": "rim",
            "map": "n/a"
          }
        ]
      },
      {
        "id": "Medication:shr-core-Medication.package.batch.extension",
        "path": "Medication.package.batch.extension",
        "short": "Additional Content defined by implementations",
        "definition": "May be used to represent additional information that is not part of the basic definition of the element. In order to make the use of extensions safe and manageable, there is a strict set of governance  applied to the definition and use of extensions. Though any implementer is allowed to define an extension, there is a set of requirements that SHALL be met as part of the definition of the extension.",
        "comment": "There can be no stigma associated with the use of extensions by any application, project, or standard - regardless of the institution or jurisdiction that uses or defines the extensions.  The use of extensions is what allows the FHIR specification to retain a core level of simplicity for everyone.",
        "alias": [
          "extensions",
          "user content"
        ],
        "min": 0,
        "max": "*",
        "base": {
          "path": "Element.extension",
          "min": 0,
          "max": "*"
        },
        "type": [
          {
            "code": "Extension"
          }
        ],
        "mapping": [
          {
            "identity": "rim",
            "map": "n/a"
          }
        ]
      },
      {
        "id": "Medication:shr-core-Medication.package.batch.modifierExtension",
        "path": "Medication.package.batch.modifierExtension",
        "short": "Extensions that cannot be ignored",
        "definition": "May be used to represent additional information that is not part of the basic definition of the element, and that modifies the understanding of the element that contains it. Usually modifier elements provide negation or qualification. In order to make the use of extensions safe and manageable, there is a strict set of governance applied to the definition and use of extensions. Though any implementer is allowed to define an extension, there is a set of requirements that SHALL be met as part of the definition of the extension. Applications processing a resource are required to check for modifier extensions.",
        "comment": "There can be no stigma associated with the use of extensions by any application, project, or standard - regardless of the institution or jurisdiction that uses or defines the extensions.  The use of extensions is what allows the FHIR specification to retain a core level of simplicity for everyone.",
        "alias": [
          "extensions",
          "user content",
          "modifiers"
        ],
        "min": 0,
        "max": "*",
        "base": {
          "path": "BackboneElement.modifierExtension",
          "min": 0,
          "max": "*"
        },
        "type": [
          {
            "code": "Extension"
          }
        ],
        "isModifier": true,
        "isSummary": true,
        "mapping": [
          {
            "identity": "rim",
            "map": "N/A"
          }
        ]
      },
      {
        "id": "Medication:shr-core-Medication.package.batch.lotNumber",
        "path": "Medication.package.batch.lotNumber",
        "short": "Identifier assigned to batch",
        "definition": "The assigned lot number of a batch of the specified product.",
        "min": 0,
        "max": "1",
        "base": {
          "path": "Medication.package.batch.lotNumber",
          "min": 0,
          "max": "1"
        },
        "type": [
          {
            "code": "string"
          }
        ],
        "mapping": [
          {
            "identity": "script10.6",
            "map": "no mapping"
          },
          {
            "identity": "v2",
            "map": "RXA-15 Substance Lot Number / RXG-19 Substance Lot Number"
          },
          {
            "identity": "rim",
            "map": ".id"
          }
        ]
      },
      {
        "id": "Medication:shr-core-Medication.package.batch.expirationDate",
        "path": "Medication.package.batch.expirationDate",
        "short": "When batch will expire",
        "definition": "When this specific batch of product will expire.",
        "min": 0,
        "max": "1",
        "base": {
          "path": "Medication.package.batch.expirationDate",
          "min": 0,
          "max": "1"
        },
        "type": [
          {
            "code": "dateTime"
          }
        ],
        "mapping": [
          {
            "identity": "script10.6",
            "map": "no mapping"
          },
          {
            "identity": "v2",
            "map": "RXA-16 Substance Expiration Date / RXG-20 Substance Expiration Date"
          },
          {
            "identity": "rim",
            "map": "participation[typeCode=CSM].role[classCode=INST].scopedRole.scoper[classCode=MMAT].expirationTime"
          }
        ]
      },
      {
        "id": "Medication:shr-core-Medication.image",
        "path": "Medication.image",
        "short": "Picture of the medication",
        "definition": "Photo(s) or graphic representation(s) of the medication.",
        "requirements": "Note that \"image\" is only applicable when the medication.code represents a physical item (e.g. Amoxil 250 mg capsule) and not an abstract item (e.g. amoxicillin 250 mg).",
        "min": 0,
        "max": "*",
        "base": {
          "path": "Medication.image",
          "min": 0,
          "max": "*"
        },
        "type": [
          {
            "code": "Attachment"
          }
        ],
        "mapping": [
          {
            "identity": "rim",
            "map": ".participation[typeCode=SUBJ].role[classCode=MANU],source[classCode=OBS,moodCode=EVN,code=\"type of image\"].value(ED.image)"
          }
        ]
      }
    ]
  },
  "differential": {
    "element": [
      {
        "id": "Medication:shr-core-Medication",
        "path": "Medication",
        "short": "shr-core-Medication",
        "definition": "A type of prescription drug or over-the-counter drug that is used to prevent, treat, or relieve symptoms of a disease or abnormal condition, but excluding vaccines.\nIn FHIR DSTU2 and STU3, Medication lacks the identifier attribute, which is included in SHR as an extension.\nDSTU2 lacks the status attribute, which is required by US-Core.\nBatch is 0..1 in FHIR R4, and accordingly is restricted here.",
        "mustSupport": false
      },
      {
        "id": "Medication:shr-core-Medication.extension",
        "path": "Medication.extension",
        "slicing": {
          "id": "1",
          "discriminator": [
            {
              "type": "value",
              "path": "url"
            }
          ],
          "ordered": false,
          "rules": "open"
        }
      },
      {
        "id": "Medication:shr-core-Medication.extension:identifier",
        "path": "Medication.extension",
        "sliceName": "identifier",
        "definition": "Business identifier or external id for this resource.",
        "min": 0,
        "max": "*",
        "base": {
          "path": "DomainResource.extension",
          "min": 0,
          "max": "*"
        },
        "type": [
          {
            "code": "Extension",
            "profile": "http://hl7.org/fhir/us/shr/StructureDefinition/shr-core-Identifier-extension"
          }
        ]
      },
      {
        "id": "Medication:shr-core-Medication.manufacturer",
        "path": "Medication.manufacturer",
        "type": [
          {
            "code": "Reference",
            "targetProfile": "http://hl7.org/fhir/us/shr/StructureDefinition/shr-core-Organization"
          }
        ]
      },
      {
        "id": "Medication:shr-core-Medication.form",
        "path": "Medication.form",
        "binding": {
          "extension": [
            {
              "url": "http://hl7.org/fhir/StructureDefinition/elementdefinition-bindingName",
              "valueString": "MedicationForm"
            }
          ],
          "strength": "required",
          "description": "A coded concept defining the form of a medication",
          "valueSetReference": {
            "reference": "http://hl7.org/fhir/ValueSet/medication-form-codes"
          }
        }
      },
      {
        "id": "Medication:shr-core-Medication.ingredient",
        "path": "Medication.ingredient"
      },
      {
        "id": "Medication:shr-core-Medication.ingredient.item[x]",
        "path": "Medication.ingredient.item[x]",
        "type": [
          {
            "code": "CodeableConcept"
          },
          {
            "code": "Reference",
            "targetProfile": "http://hl7.org/fhir/us/shr/StructureDefinition/shr-core-Substance"
          },
          {
            "code": "Reference",
            "targetProfile": "http://hl7.org/fhir/us/shr/StructureDefinition/shr-core-Medication"
          }
        ]
      },
      {
        "id": "Medication:shr-core-Medication.package",
        "path": "Medication.package"
      },
      {
        "id": "Medication:shr-core-Medication.package.batch",
        "path": "Medication.package.batch",
        "min": 0,
        "max": "1"
      }
    ]
  }
}