{
  "resourceType": "StructureDefinition",
  "id": "shr-core-Url-model",
  "text": {
    "status": "generated",
    "div": "<div xmlns=\"http://www.w3.org/1999/xhtml\">\n  <p><b>Url Logical Model</b></p>\n  <p>A unique URL on which the device may be contacted directly.</p>\n</div>"
  },
  "url": "http://hl7.org/fhir/us/shr/StructureDefinition/shr-core-Url-model",
  "identifier": [
    {
      "system": "http://hl7.org/fhir/us/sw",
      "value": "shr.core.Url"
    }
  ],
  "version": "0.5.0",
  "name": "Url",
  "title": "shr-core-Url",
  "status": "draft",
  "date": "2019-03-30T00:00:00-04:00",
  "publisher": "HL7 Patient Care and Clinical Information Modeling Initiative Work Groups",
  "contact": [
    {
      "telecom": [
        {
          "system": "url",
          "value": "http://standardhealthrecord.org"
        }
      ]
    }
  ],
  "description": "A unique URL on which the device may be contacted directly.",
  "kind": "logical",
  "abstract": false,
  "type": "shr-core-Url-model",
  "baseDefinition": "http://hl7.org/fhir/StructureDefinition/Element",
  "derivation": "specialization",
  "snapshot": {
    "element": [
      {
        "id": "shr-core-Url-model",
        "path": "shr-core-Url-model",
        "definition": "A unique URL on which the device may be contacted directly.",
        "min": 0,
        "max": "*",
        "base": {
          "path": "shr-core-Url-model",
          "min": 0,
          "max": "*"
        },
        "mustSupport": false,
        "isModifier": false,
        "isSummary": false
      },
      {
        "id": "shr-core-Url-model.value",
        "path": "shr-core-Url-model.value",
        "short": "Uri representing a unique URL on which the device may be contacted directly.",
        "definition": "Uri representing a unique URL on which the device may be contacted directly.",
        "min": 1,
        "max": "1",
        "base": {
          "path": "shr-core-Url-model.value",
          "min": 1,
          "max": "1"
        },
        "type": [
          {
            "code": "uri"
          }
        ],
        "mustSupport": false,
        "isModifier": false,
        "isSummary": false
      }
    ]
  },
  "differential": {
    "element": [
      {
        "id": "shr-core-Url-model",
        "path": "shr-core-Url-model",
        "definition": "A unique URL on which the device may be contacted directly.",
        "min": 0,
        "max": "*",
        "base": {
          "path": "shr-core-Url-model",
          "min": 0,
          "max": "*"
        },
        "mustSupport": false,
        "isModifier": false,
        "isSummary": false
      },
      {
        "id": "shr-core-Url-model.value",
        "path": "shr-core-Url-model.value",
        "short": "Uri representing a unique URL on which the device may be contacted directly.",
        "definition": "Uri representing a unique URL on which the device may be contacted directly.",
        "min": 1,
        "max": "1",
        "base": {
          "path": "shr-core-Url-model.value",
          "min": 1,
          "max": "1"
        },
        "type": [
          {
            "code": "uri"
          }
        ],
        "mustSupport": false,
        "isModifier": false,
        "isSummary": false
      }
    ]
  }
}