{
  "resourceType": "StructureDefinition",
  "id": "shr-core-SpecimenContainer-model",
  "text": {
    "status": "generated",
    "div": "<div xmlns=\"http://www.w3.org/1999/xhtml\">\n  <p><b>SpecimenContainer Logical Model</b></p>\n  <p>Direct container of specimen (slide, etc.)</p>\n</div>"
  },
  "url": "http://hl7.org/fhir/us/shr/StructureDefinition/shr-core-SpecimenContainer-model",
  "identifier": [
    {
      "system": "http://hl7.org/fhir/us/sw",
      "value": "shr.core.SpecimenContainer"
    }
  ],
  "version": "0.5.0",
  "name": "SpecimenContainer",
  "title": "shr-core-SpecimenContainer",
  "status": "draft",
  "date": "2019-03-30T00:00:00-04:00",
  "publisher": "HL7 Patient Care and Clinical Information Modeling Initiative Work Groups",
  "contact": [
    {
      "telecom": [
        {
          "system": "url",
          "value": "http://standardhealthrecord.org"
        }
      ]
    }
  ],
  "description": "Direct container of specimen (slide, etc.)",
  "kind": "logical",
  "abstract": false,
  "type": "shr-core-SpecimenContainer-model",
  "baseDefinition": "http://hl7.org/fhir/StructureDefinition/Element",
  "derivation": "specialization",
  "snapshot": {
    "element": [
      {
        "id": "shr-core-SpecimenContainer-model",
        "path": "shr-core-SpecimenContainer-model",
        "definition": "Direct container of specimen (slide, etc.)",
        "min": 0,
        "max": "*",
        "base": {
          "path": "shr-core-SpecimenContainer-model",
          "min": 0,
          "max": "*"
        },
        "mustSupport": false,
        "isModifier": false,
        "isSummary": false
      },
      {
        "id": "shr-core-SpecimenContainer-model.identifier",
        "path": "shr-core-SpecimenContainer-model.identifier",
        "short": "Business identifier or external id for this resource.",
        "definition": "Business identifier or external id for this resource.",
        "min": 0,
        "max": "*",
        "base": {
          "path": "shr-core-SpecimenContainer-model.identifier",
          "min": 0,
          "max": "*"
        },
        "type": [
          {
            "code": "http://hl7.org/fhir/us/shr/StructureDefinition/shr-core-Identifier-model"
          }
        ],
        "mustSupport": false,
        "isModifier": false,
        "isSummary": false
      },
      {
        "id": "shr-core-SpecimenContainer-model.type",
        "path": "shr-core-SpecimenContainer-model.type",
        "code": [
          {
            "system": "http://ncimeta.nci.nih.gov",
            "code": "C0332307"
          }
        ],
        "short": "A code describing the item at a greater level of detail.",
        "definition": "A code describing the item at a greater level of detail.",
        "min": 0,
        "max": "1",
        "base": {
          "path": "shr-core-SpecimenContainer-model.type",
          "min": 0,
          "max": "1"
        },
        "type": [
          {
            "code": "Coding"
          }
        ],
        "mustSupport": false,
        "isModifier": false,
        "isSummary": false
      },
      {
        "id": "shr-core-SpecimenContainer-model.commentOrDescription",
        "path": "shr-core-SpecimenContainer-model.commentOrDescription",
        "code": [
          {
            "system": "http://ncimeta.nci.nih.gov",
            "code": "C0947611"
          }
        ],
        "short": "A text note containing additional details, explanation, description, comment, or summarization.",
        "definition": "A text note containing additional details, explanation, description, comment, or summarization.",
        "min": 0,
        "max": "1",
        "base": {
          "path": "shr-core-SpecimenContainer-model.commentOrDescription",
          "min": 0,
          "max": "1"
        },
        "type": [
          {
            "code": "string"
          }
        ],
        "mustSupport": false,
        "isModifier": false,
        "isSummary": false
      },
      {
        "id": "shr-core-SpecimenContainer-model.capacity",
        "path": "shr-core-SpecimenContainer-model.capacity",
        "short": "Container volume or size.",
        "definition": "Container volume or size.",
        "min": 0,
        "max": "1",
        "base": {
          "path": "shr-core-SpecimenContainer-model.capacity",
          "min": 0,
          "max": "1"
        },
        "type": [
          {
            "code": "http://hl7.org/fhir/us/shr/StructureDefinition/shr-core-SimpleQuantity-model"
          }
        ],
        "mustSupport": false,
        "isModifier": false,
        "isSummary": false
      },
      {
        "id": "shr-core-SpecimenContainer-model.specimenQuantity",
        "path": "shr-core-SpecimenContainer-model.specimenQuantity",
        "short": "Quantity of specimen within container.",
        "definition": "Quantity of specimen within container.",
        "min": 0,
        "max": "1",
        "base": {
          "path": "shr-core-SpecimenContainer-model.specimenQuantity",
          "min": 0,
          "max": "1"
        },
        "type": [
          {
            "code": "http://hl7.org/fhir/us/shr/StructureDefinition/shr-core-SimpleQuantity-model"
          }
        ],
        "mustSupport": false,
        "isModifier": false,
        "isSummary": false
      },
      {
        "id": "shr-core-SpecimenContainer-model.additive[x]",
        "path": "shr-core-SpecimenContainer-model.additive[x]",
        "short": "Additive associated with container.",
        "definition": "Additive associated with container.",
        "min": 0,
        "max": "*",
        "base": {
          "path": "shr-core-SpecimenContainer-model.additive[x]",
          "min": 0,
          "max": "*"
        },
        "type": [
          {
            "code": "Coding"
          },
          {
            "code": "Reference",
            "targetProfile": "http://hl7.org/fhir/us/shr/StructureDefinition/shr-core-Substance-model"
          }
        ],
        "mustSupport": false,
        "isModifier": false,
        "isSummary": false
      },
      {
        "id": "shr-core-SpecimenContainer-model.sequenceNumber",
        "path": "shr-core-SpecimenContainer-model.sequenceNumber",
        "short": "The sequence number for this specimen in a collection of specimens.",
        "definition": "The sequence number for this specimen in a collection of specimens.",
        "min": 0,
        "max": "1",
        "base": {
          "path": "shr-core-SpecimenContainer-model.sequenceNumber",
          "min": 0,
          "max": "1"
        },
        "type": [
          {
            "code": "Coding"
          }
        ],
        "mustSupport": false,
        "isModifier": false,
        "isSummary": false
      }
    ]
  },
  "differential": {
    "element": [
      {
        "id": "shr-core-SpecimenContainer-model",
        "path": "shr-core-SpecimenContainer-model",
        "definition": "Direct container of specimen (slide, etc.)",
        "min": 0,
        "max": "*",
        "base": {
          "path": "shr-core-SpecimenContainer-model",
          "min": 0,
          "max": "*"
        },
        "mustSupport": false,
        "isModifier": false,
        "isSummary": false
      },
      {
        "id": "shr-core-SpecimenContainer-model.identifier",
        "path": "shr-core-SpecimenContainer-model.identifier",
        "short": "Business identifier or external id for this resource.",
        "definition": "Business identifier or external id for this resource.",
        "min": 0,
        "max": "*",
        "base": {
          "path": "shr-core-SpecimenContainer-model.identifier",
          "min": 0,
          "max": "*"
        },
        "type": [
          {
            "code": "http://hl7.org/fhir/us/shr/StructureDefinition/shr-core-Identifier-model"
          }
        ],
        "mustSupport": false,
        "isModifier": false,
        "isSummary": false
      },
      {
        "id": "shr-core-SpecimenContainer-model.type",
        "path": "shr-core-SpecimenContainer-model.type",
        "code": [
          {
            "system": "http://ncimeta.nci.nih.gov",
            "code": "C0332307"
          }
        ],
        "short": "A code describing the item at a greater level of detail.",
        "definition": "A code describing the item at a greater level of detail.",
        "min": 0,
        "max": "1",
        "base": {
          "path": "shr-core-SpecimenContainer-model.type",
          "min": 0,
          "max": "1"
        },
        "type": [
          {
            "code": "Coding"
          }
        ],
        "mustSupport": false,
        "isModifier": false,
        "isSummary": false
      },
      {
        "id": "shr-core-SpecimenContainer-model.commentOrDescription",
        "path": "shr-core-SpecimenContainer-model.commentOrDescription",
        "code": [
          {
            "system": "http://ncimeta.nci.nih.gov",
            "code": "C0947611"
          }
        ],
        "short": "A text note containing additional details, explanation, description, comment, or summarization.",
        "definition": "A text note containing additional details, explanation, description, comment, or summarization.",
        "min": 0,
        "max": "1",
        "base": {
          "path": "shr-core-SpecimenContainer-model.commentOrDescription",
          "min": 0,
          "max": "1"
        },
        "type": [
          {
            "code": "string"
          }
        ],
        "mustSupport": false,
        "isModifier": false,
        "isSummary": false
      },
      {
        "id": "shr-core-SpecimenContainer-model.capacity",
        "path": "shr-core-SpecimenContainer-model.capacity",
        "short": "Container volume or size.",
        "definition": "Container volume or size.",
        "min": 0,
        "max": "1",
        "base": {
          "path": "shr-core-SpecimenContainer-model.capacity",
          "min": 0,
          "max": "1"
        },
        "type": [
          {
            "code": "http://hl7.org/fhir/us/shr/StructureDefinition/shr-core-SimpleQuantity-model"
          }
        ],
        "mustSupport": false,
        "isModifier": false,
        "isSummary": false
      },
      {
        "id": "shr-core-SpecimenContainer-model.specimenQuantity",
        "path": "shr-core-SpecimenContainer-model.specimenQuantity",
        "short": "Quantity of specimen within container.",
        "definition": "Quantity of specimen within container.",
        "min": 0,
        "max": "1",
        "base": {
          "path": "shr-core-SpecimenContainer-model.specimenQuantity",
          "min": 0,
          "max": "1"
        },
        "type": [
          {
            "code": "http://hl7.org/fhir/us/shr/StructureDefinition/shr-core-SimpleQuantity-model"
          }
        ],
        "mustSupport": false,
        "isModifier": false,
        "isSummary": false
      },
      {
        "id": "shr-core-SpecimenContainer-model.additive[x]",
        "path": "shr-core-SpecimenContainer-model.additive[x]",
        "short": "Additive associated with container.",
        "definition": "Additive associated with container.",
        "min": 0,
        "max": "*",
        "base": {
          "path": "shr-core-SpecimenContainer-model.additive[x]",
          "min": 0,
          "max": "*"
        },
        "type": [
          {
            "code": "Coding"
          },
          {
            "code": "Reference",
            "targetProfile": "http://hl7.org/fhir/us/shr/StructureDefinition/shr-core-Substance-model"
          }
        ],
        "mustSupport": false,
        "isModifier": false,
        "isSummary": false
      },
      {
        "id": "shr-core-SpecimenContainer-model.sequenceNumber",
        "path": "shr-core-SpecimenContainer-model.sequenceNumber",
        "short": "The sequence number for this specimen in a collection of specimens.",
        "definition": "The sequence number for this specimen in a collection of specimens.",
        "min": 0,
        "max": "1",
        "base": {
          "path": "shr-core-SpecimenContainer-model.sequenceNumber",
          "min": 0,
          "max": "1"
        },
        "type": [
          {
            "code": "Coding"
          }
        ],
        "mustSupport": false,
        "isModifier": false,
        "isSummary": false
      }
    ]
  }
}