{
  "resourceType": "StructureDefinition",
  "id": "shr-core-LandmarkType-model",
  "text": {
    "status": "generated",
    "div": "<div xmlns=\"http://www.w3.org/1999/xhtml\">\n  <p><b>LandmarkType Logical Model</b></p>\n  <p>The type of feature that constitutes the landmark, for example, particularly if the landmark is an acquired body structure or physical object.</p>\n</div>"
  },
  "url": "http://hl7.org/fhir/us/shr/StructureDefinition/shr-core-LandmarkType-model",
  "identifier": [
    {
      "system": "http://hl7.org/fhir/us/sw",
      "value": "shr.core.LandmarkType"
    }
  ],
  "version": "0.5.0",
  "name": "LandmarkType",
  "title": "shr-core-LandmarkType",
  "status": "draft",
  "date": "2019-03-30T00:00:00-04:00",
  "publisher": "HL7 Patient Care and Clinical Information Modeling Initiative Work Groups",
  "contact": [
    {
      "telecom": [
        {
          "system": "url",
          "value": "http://standardhealthrecord.org"
        }
      ]
    }
  ],
  "description": "The type of feature that constitutes the landmark, for example, particularly if the landmark is an acquired body structure or physical object.",
  "kind": "logical",
  "abstract": false,
  "type": "shr-core-LandmarkType-model",
  "baseDefinition": "http://hl7.org/fhir/StructureDefinition/Element",
  "derivation": "specialization",
  "snapshot": {
    "element": [
      {
        "id": "shr-core-LandmarkType-model",
        "path": "shr-core-LandmarkType-model",
        "definition": "The type of feature that constitutes the landmark, for example, particularly if the landmark is an acquired body structure or physical object.",
        "min": 0,
        "max": "*",
        "base": {
          "path": "shr-core-LandmarkType-model",
          "min": 0,
          "max": "*"
        },
        "mustSupport": false,
        "isModifier": false,
        "isSummary": false
      },
      {
        "id": "shr-core-LandmarkType-model.value",
        "path": "shr-core-LandmarkType-model.value",
        "short": "Code representing the type of feature that constitutes the landmark, for example, particularly if the landmark is an acquired body structure or physical object.",
        "definition": "Code representing the type of feature that constitutes the landmark, for example, particularly if the landmark is an acquired body structure or physical object.",
        "min": 1,
        "max": "1",
        "base": {
          "path": "shr-core-LandmarkType-model.value",
          "min": 1,
          "max": "1"
        },
        "type": [
          {
            "code": "Coding"
          }
        ],
        "mustSupport": false,
        "isModifier": false,
        "isSummary": false,
        "binding": {
          "strength": "extensible",
          "valueSetReference": {
            "reference": "http://hl7.org/fhir/us/sw/shr/core/vs/LandmarkTypeVS"
          }
        }
      }
    ]
  },
  "differential": {
    "element": [
      {
        "id": "shr-core-LandmarkType-model",
        "path": "shr-core-LandmarkType-model",
        "definition": "The type of feature that constitutes the landmark, for example, particularly if the landmark is an acquired body structure or physical object.",
        "min": 0,
        "max": "*",
        "base": {
          "path": "shr-core-LandmarkType-model",
          "min": 0,
          "max": "*"
        },
        "mustSupport": false,
        "isModifier": false,
        "isSummary": false
      },
      {
        "id": "shr-core-LandmarkType-model.value",
        "path": "shr-core-LandmarkType-model.value",
        "short": "Code representing the type of feature that constitutes the landmark, for example, particularly if the landmark is an acquired body structure or physical object.",
        "definition": "Code representing the type of feature that constitutes the landmark, for example, particularly if the landmark is an acquired body structure or physical object.",
        "min": 1,
        "max": "1",
        "base": {
          "path": "shr-core-LandmarkType-model.value",
          "min": 1,
          "max": "1"
        },
        "type": [
          {
            "code": "Coding"
          }
        ],
        "mustSupport": false,
        "isModifier": false,
        "isSummary": false,
        "binding": {
          "strength": "extensible",
          "valueSetReference": {
            "reference": "http://hl7.org/fhir/us/sw/shr/core/vs/LandmarkTypeVS"
          }
        }
      }
    ]
  }
}