{
  "resourceType": "StructureDefinition",
  "id": "shr-core-LandmarkToBodyLocationDistance-model",
  "text": {
    "status": "generated",
    "div": "<div xmlns=\"http://www.w3.org/1999/xhtml\">\n  <p><b>LandmarkToBodyLocationDistance Logical Model</b></p>\n  <p>How far the anatomical location of interest is from the given landmark</p>\n</div>"
  },
  "url": "http://hl7.org/fhir/us/shr/StructureDefinition/shr-core-LandmarkToBodyLocationDistance-model",
  "identifier": [
    {
      "system": "http://hl7.org/fhir/us/sw",
      "value": "shr.core.LandmarkToBodyLocationDistance"
    }
  ],
  "version": "0.5.0",
  "name": "LandmarkToBodyLocationDistance",
  "title": "shr-core-LandmarkToBodyLocationDistance",
  "status": "draft",
  "date": "2019-03-30T00:00:00-04:00",
  "publisher": "HL7 Patient Care and Clinical Information Modeling Initiative Work Groups",
  "contact": [
    {
      "telecom": [
        {
          "system": "url",
          "value": "http://standardhealthrecord.org"
        }
      ]
    }
  ],
  "description": "How far the anatomical location of interest is from the given landmark",
  "kind": "logical",
  "abstract": false,
  "type": "shr-core-LandmarkToBodyLocationDistance-model",
  "baseDefinition": "http://hl7.org/fhir/StructureDefinition/Element",
  "derivation": "specialization",
  "snapshot": {
    "element": [
      {
        "id": "shr-core-LandmarkToBodyLocationDistance-model",
        "path": "shr-core-LandmarkToBodyLocationDistance-model",
        "definition": "How far the anatomical location of interest is from the given landmark",
        "min": 0,
        "max": "*",
        "base": {
          "path": "shr-core-LandmarkToBodyLocationDistance-model",
          "min": 0,
          "max": "*"
        },
        "mustSupport": false,
        "isModifier": false,
        "isSummary": false
      },
      {
        "id": "shr-core-LandmarkToBodyLocationDistance-model.value",
        "path": "shr-core-LandmarkToBodyLocationDistance-model.value",
        "short": "Quantity representing how far the anatomical location of interest is from the given landmark",
        "definition": "Quantity representing how far the anatomical location of interest is from the given landmark",
        "min": 1,
        "max": "1",
        "base": {
          "path": "shr-core-LandmarkToBodyLocationDistance-model.value",
          "min": 1,
          "max": "1"
        },
        "type": [
          {
            "code": "http://hl7.org/fhir/us/shr/StructureDefinition/shr-core-Quantity-model"
          }
        ],
        "mustSupport": false,
        "isModifier": false,
        "isSummary": false
      },
      {
        "id": "shr-core-LandmarkToBodyLocationDistance-model.value.number",
        "path": "shr-core-LandmarkToBodyLocationDistance-model.value.number",
        "short": "A decimal value.",
        "definition": "A decimal value.",
        "min": 0,
        "max": "1",
        "base": {
          "path": "shr-core-LandmarkToBodyLocationDistance-model.value.number",
          "min": 0,
          "max": "1"
        },
        "type": [
          {
            "code": "decimal"
          }
        ],
        "mustSupport": false,
        "isModifier": false,
        "isSummary": false
      },
      {
        "id": "shr-core-LandmarkToBodyLocationDistance-model.value.comparator",
        "path": "shr-core-LandmarkToBodyLocationDistance-model.value.comparator",
        "short": "A code indicated if the value represents an upper or lower bound",
        "definition": "A code indicated if the value represents an upper or lower bound",
        "min": 0,
        "max": "1",
        "base": {
          "path": "shr-core-LandmarkToBodyLocationDistance-model.value.comparator",
          "min": 0,
          "max": "1"
        },
        "type": [
          {
            "code": "Coding"
          }
        ],
        "mustSupport": false,
        "isModifier": false,
        "isSummary": false,
        "binding": {
          "strength": "required",
          "valueSetReference": {
            "reference": "http://hl7.org/fhir/ValueSet/quantity-comparator"
          }
        }
      },
      {
        "id": "shr-core-LandmarkToBodyLocationDistance-model.value.units",
        "path": "shr-core-LandmarkToBodyLocationDistance-model.value.units",
        "code": [
          {
            "system": "http://ncimeta.nci.nih.gov",
            "code": "C0805701"
          }
        ],
        "short": "The unit of measure of the quantity.",
        "definition": "The unit of measure of the quantity.",
        "min": 0,
        "max": "1",
        "base": {
          "path": "shr-core-LandmarkToBodyLocationDistance-model.value.units",
          "min": 0,
          "max": "1"
        },
        "type": [
          {
            "code": "Coding"
          }
        ],
        "mustSupport": false,
        "isModifier": false,
        "isSummary": false,
        "binding": {
          "strength": "required",
          "valueSetReference": {
            "reference": "http://hl7.org/fhir/us/sw/shr/core/vs/UnitsOfLengthVS"
          }
        }
      }
    ]
  },
  "differential": {
    "element": [
      {
        "id": "shr-core-LandmarkToBodyLocationDistance-model",
        "path": "shr-core-LandmarkToBodyLocationDistance-model",
        "definition": "How far the anatomical location of interest is from the given landmark",
        "min": 0,
        "max": "*",
        "base": {
          "path": "shr-core-LandmarkToBodyLocationDistance-model",
          "min": 0,
          "max": "*"
        },
        "mustSupport": false,
        "isModifier": false,
        "isSummary": false
      },
      {
        "id": "shr-core-LandmarkToBodyLocationDistance-model.value",
        "path": "shr-core-LandmarkToBodyLocationDistance-model.value",
        "short": "Quantity representing how far the anatomical location of interest is from the given landmark",
        "definition": "Quantity representing how far the anatomical location of interest is from the given landmark",
        "min": 1,
        "max": "1",
        "base": {
          "path": "shr-core-LandmarkToBodyLocationDistance-model.value",
          "min": 1,
          "max": "1"
        },
        "type": [
          {
            "code": "http://hl7.org/fhir/us/shr/StructureDefinition/shr-core-Quantity-model"
          }
        ],
        "mustSupport": false,
        "isModifier": false,
        "isSummary": false
      },
      {
        "id": "shr-core-LandmarkToBodyLocationDistance-model.value.number",
        "path": "shr-core-LandmarkToBodyLocationDistance-model.value.number",
        "short": "A decimal value.",
        "definition": "A decimal value.",
        "min": 0,
        "max": "1",
        "base": {
          "path": "shr-core-LandmarkToBodyLocationDistance-model.value.number",
          "min": 0,
          "max": "1"
        },
        "type": [
          {
            "code": "decimal"
          }
        ],
        "mustSupport": false,
        "isModifier": false,
        "isSummary": false
      },
      {
        "id": "shr-core-LandmarkToBodyLocationDistance-model.value.comparator",
        "path": "shr-core-LandmarkToBodyLocationDistance-model.value.comparator",
        "short": "A code indicated if the value represents an upper or lower bound",
        "definition": "A code indicated if the value represents an upper or lower bound",
        "min": 0,
        "max": "1",
        "base": {
          "path": "shr-core-LandmarkToBodyLocationDistance-model.value.comparator",
          "min": 0,
          "max": "1"
        },
        "type": [
          {
            "code": "Coding"
          }
        ],
        "mustSupport": false,
        "isModifier": false,
        "isSummary": false,
        "binding": {
          "strength": "required",
          "valueSetReference": {
            "reference": "http://hl7.org/fhir/ValueSet/quantity-comparator"
          }
        }
      },
      {
        "id": "shr-core-LandmarkToBodyLocationDistance-model.value.units",
        "path": "shr-core-LandmarkToBodyLocationDistance-model.value.units",
        "code": [
          {
            "system": "http://ncimeta.nci.nih.gov",
            "code": "C0805701"
          }
        ],
        "short": "The unit of measure of the quantity.",
        "definition": "The unit of measure of the quantity.",
        "min": 0,
        "max": "1",
        "base": {
          "path": "shr-core-LandmarkToBodyLocationDistance-model.value.units",
          "min": 0,
          "max": "1"
        },
        "type": [
          {
            "code": "Coding"
          }
        ],
        "mustSupport": false,
        "isModifier": false,
        "isSummary": false,
        "binding": {
          "strength": "required",
          "valueSetReference": {
            "reference": "http://hl7.org/fhir/us/sw/shr/core/vs/UnitsOfLengthVS"
          }
        }
      }
    ]
  }
}