{
  "resourceType": "StructureDefinition",
  "id": "shr-core-StatusHistory-model",
  "text": {
    "status": "generated",
    "div": "<div xmlns=\"http://www.w3.org/1999/xhtml\">\n  <p><b>StatusHistory Logical Model</b></p>\n  <p>List of past encounter statuses</p>\n</div>"
  },
  "url": "http://hl7.org/fhir/us/shr/StructureDefinition/shr-core-StatusHistory-model",
  "identifier": [
    {
      "system": "http://hl7.org/fhir/us/sw",
      "value": "shr.core.StatusHistory"
    }
  ],
  "version": "0.5.0",
  "name": "StatusHistory",
  "title": "shr-core-StatusHistory",
  "status": "draft",
  "date": "2019-03-31T00:00:00-04:00",
  "publisher": "HL7 Patient Care and Clinical Information Modeling Initiative Work Groups",
  "contact": [
    {
      "telecom": [
        {
          "system": "url",
          "value": "http://standardhealthrecord.org"
        }
      ]
    }
  ],
  "description": "List of past encounter statuses",
  "kind": "logical",
  "abstract": false,
  "type": "shr-core-StatusHistory-model",
  "baseDefinition": "http://hl7.org/fhir/StructureDefinition/Element",
  "derivation": "specialization",
  "snapshot": {
    "element": [
      {
        "id": "shr-core-StatusHistory-model",
        "path": "shr-core-StatusHistory-model",
        "definition": "List of past encounter statuses",
        "min": 0,
        "max": "*",
        "base": {
          "path": "shr-core-StatusHistory-model",
          "min": 0,
          "max": "*"
        },
        "mustSupport": false,
        "isModifier": false,
        "isSummary": false
      },
      {
        "id": "shr-core-StatusHistory-model.status",
        "path": "shr-core-StatusHistory-model.status",
        "short": "A state that relates to the workflow or interpretation of this resource. Certain status values can modify the meaning of the resource, for example, entered-in-error. When a boolean value is used, Status of true indicates the record is active, false means inactive.",
        "definition": "A state that relates to the workflow or interpretation of this resource. Certain status values can modify the meaning of the resource, for example, entered-in-error. When a boolean value is used, Status of true indicates the record is active, false means inactive.",
        "min": 1,
        "max": "1",
        "base": {
          "path": "shr-core-StatusHistory-model.status",
          "min": 1,
          "max": "1"
        },
        "type": [
          {
            "code": "Coding"
          }
        ],
        "mustSupport": false,
        "isModifier": false,
        "isSummary": false
      },
      {
        "id": "shr-core-StatusHistory-model.timePeriod",
        "path": "shr-core-StatusHistory-model.timePeriod",
        "code": [
          {
            "system": "http://ncimeta.nci.nih.gov",
            "code": "C1948053"
          }
        ],
        "short": "A period of time defined by a start and end time, date, or year.",
        "definition": "A period of time defined by a start and end time, date, or year.\nIf the start element is missing, the start of the period is not known. If the end element is missing, it means that the period is ongoing, or the start may be in the past, and the end date in the future, which means that period is expected/planned to end at the specified time. The end value includes any matching date/time. For example, the period 2011-05-23 to 2011-05-27 includes all the times from the start of the 23rd May through to the end of the 27th of May.",
        "min": 1,
        "max": "1",
        "base": {
          "path": "shr-core-StatusHistory-model.timePeriod",
          "min": 1,
          "max": "1"
        },
        "type": [
          {
            "code": "http://hl7.org/fhir/us/shr/StructureDefinition/shr-core-TimePeriod-model"
          }
        ],
        "mustSupport": false,
        "isModifier": false,
        "isSummary": false
      }
    ]
  },
  "differential": {
    "element": [
      {
        "id": "shr-core-StatusHistory-model",
        "path": "shr-core-StatusHistory-model",
        "definition": "List of past encounter statuses",
        "min": 0,
        "max": "*",
        "base": {
          "path": "shr-core-StatusHistory-model",
          "min": 0,
          "max": "*"
        },
        "mustSupport": false,
        "isModifier": false,
        "isSummary": false
      },
      {
        "id": "shr-core-StatusHistory-model.status",
        "path": "shr-core-StatusHistory-model.status",
        "short": "A state that relates to the workflow or interpretation of this resource. Certain status values can modify the meaning of the resource, for example, entered-in-error. When a boolean value is used, Status of true indicates the record is active, false means inactive.",
        "definition": "A state that relates to the workflow or interpretation of this resource. Certain status values can modify the meaning of the resource, for example, entered-in-error. When a boolean value is used, Status of true indicates the record is active, false means inactive.",
        "min": 1,
        "max": "1",
        "base": {
          "path": "shr-core-StatusHistory-model.status",
          "min": 1,
          "max": "1"
        },
        "type": [
          {
            "code": "Coding"
          }
        ],
        "mustSupport": false,
        "isModifier": false,
        "isSummary": false
      },
      {
        "id": "shr-core-StatusHistory-model.timePeriod",
        "path": "shr-core-StatusHistory-model.timePeriod",
        "code": [
          {
            "system": "http://ncimeta.nci.nih.gov",
            "code": "C1948053"
          }
        ],
        "short": "A period of time defined by a start and end time, date, or year.",
        "definition": "A period of time defined by a start and end time, date, or year.\nIf the start element is missing, the start of the period is not known. If the end element is missing, it means that the period is ongoing, or the start may be in the past, and the end date in the future, which means that period is expected/planned to end at the specified time. The end value includes any matching date/time. For example, the period 2011-05-23 to 2011-05-27 includes all the times from the start of the 23rd May through to the end of the 27th of May.",
        "min": 1,
        "max": "1",
        "base": {
          "path": "shr-core-StatusHistory-model.timePeriod",
          "min": 1,
          "max": "1"
        },
        "type": [
          {
            "code": "http://hl7.org/fhir/us/shr/StructureDefinition/shr-core-TimePeriod-model"
          }
        ],
        "mustSupport": false,
        "isModifier": false,
        "isSummary": false
      }
    ]
  }
}