{
  "resourceType": "StructureDefinition",
  "id": "shr-core-OperationalStatus-model",
  "text": {
    "status": "generated",
    "div": "<div xmlns=\"http://www.w3.org/1999/xhtml\">\n  <p><b>OperationalStatus Logical Model</b></p>\n  <p>The operational status covers operation values most relevant to beds (but can also apply to rooms/units/chairs/etc. such as an isolation unit/dialysis chair). This typically covers concepts such as contamination, housekeeping, and other activities like maintenance.</p>\n</div>"
  },
  "url": "http://hl7.org/fhir/us/shr/StructureDefinition/shr-core-OperationalStatus-model",
  "identifier": [
    {
      "system": "http://hl7.org/fhir/us/sw",
      "value": "shr.core.OperationalStatus"
    }
  ],
  "version": "0.5.0",
  "name": "OperationalStatus",
  "title": "shr-core-OperationalStatus",
  "status": "draft",
  "date": "2019-03-31T00:00:00-04:00",
  "publisher": "HL7 Patient Care and Clinical Information Modeling Initiative Work Groups",
  "contact": [
    {
      "telecom": [
        {
          "system": "url",
          "value": "http://standardhealthrecord.org"
        }
      ]
    }
  ],
  "description": "The operational status covers operation values most relevant to beds (but can also apply to rooms/units/chairs/etc. such as an isolation unit/dialysis chair). This typically covers concepts such as contamination, housekeeping, and other activities like maintenance.",
  "kind": "logical",
  "abstract": false,
  "type": "shr-core-OperationalStatus-model",
  "baseDefinition": "http://hl7.org/fhir/StructureDefinition/Element",
  "derivation": "specialization",
  "snapshot": {
    "element": [
      {
        "id": "shr-core-OperationalStatus-model",
        "path": "shr-core-OperationalStatus-model",
        "definition": "The operational status covers operation values most relevant to beds (but can also apply to rooms/units/chairs/etc. such as an isolation unit/dialysis chair). This typically covers concepts such as contamination, housekeeping, and other activities like maintenance.",
        "min": 0,
        "max": "*",
        "base": {
          "path": "shr-core-OperationalStatus-model",
          "min": 0,
          "max": "*"
        },
        "mustSupport": false,
        "isModifier": false,
        "isSummary": false
      },
      {
        "id": "shr-core-OperationalStatus-model.value",
        "path": "shr-core-OperationalStatus-model.value",
        "short": "Code representing the operational status covers operation values most relevant to beds (but can also apply to rooms/units/chairs/etc. such as an isolation unit/dialysis chair). This typically covers concepts such as contamination, housekeeping, and other activities like maintenance.",
        "definition": "Code representing the operational status covers operation values most relevant to beds (but can also apply to rooms/units/chairs/etc. such as an isolation unit/dialysis chair). This typically covers concepts such as contamination, housekeeping, and other activities like maintenance.",
        "min": 1,
        "max": "1",
        "base": {
          "path": "shr-core-OperationalStatus-model.value",
          "min": 1,
          "max": "1"
        },
        "type": [
          {
            "code": "Coding"
          }
        ],
        "mustSupport": false,
        "isModifier": false,
        "isSummary": false,
        "binding": {
          "strength": "preferred",
          "valueSetReference": {
            "reference": "http://terminology.hl7.org/ValueSet/v2-0116"
          }
        }
      }
    ]
  },
  "differential": {
    "element": [
      {
        "id": "shr-core-OperationalStatus-model",
        "path": "shr-core-OperationalStatus-model",
        "definition": "The operational status covers operation values most relevant to beds (but can also apply to rooms/units/chairs/etc. such as an isolation unit/dialysis chair). This typically covers concepts such as contamination, housekeeping, and other activities like maintenance.",
        "min": 0,
        "max": "*",
        "base": {
          "path": "shr-core-OperationalStatus-model",
          "min": 0,
          "max": "*"
        },
        "mustSupport": false,
        "isModifier": false,
        "isSummary": false
      },
      {
        "id": "shr-core-OperationalStatus-model.value",
        "path": "shr-core-OperationalStatus-model.value",
        "short": "Code representing the operational status covers operation values most relevant to beds (but can also apply to rooms/units/chairs/etc. such as an isolation unit/dialysis chair). This typically covers concepts such as contamination, housekeeping, and other activities like maintenance.",
        "definition": "Code representing the operational status covers operation values most relevant to beds (but can also apply to rooms/units/chairs/etc. such as an isolation unit/dialysis chair). This typically covers concepts such as contamination, housekeeping, and other activities like maintenance.",
        "min": 1,
        "max": "1",
        "base": {
          "path": "shr-core-OperationalStatus-model.value",
          "min": 1,
          "max": "1"
        },
        "type": [
          {
            "code": "Coding"
          }
        ],
        "mustSupport": false,
        "isModifier": false,
        "isSummary": false,
        "binding": {
          "strength": "preferred",
          "valueSetReference": {
            "reference": "http://terminology.hl7.org/ValueSet/v2-0116"
          }
        }
      }
    ]
  }
}