{
  "resourceType": "StructureDefinition",
  "id": "shr-core-MemberParticipation-model",
  "text": {
    "status": "generated",
    "div": "<div xmlns=\"http://www.w3.org/1999/xhtml\">\n  <p><b>MemberParticipation Logical Model</b></p>\n  <p>A person or entity in a group.</p>\n</div>"
  },
  "url": "http://hl7.org/fhir/us/shr/StructureDefinition/shr-core-MemberParticipation-model",
  "identifier": [
    {
      "system": "http://hl7.org/fhir/us/sw",
      "value": "shr.core.MemberParticipation"
    }
  ],
  "version": "0.5.0",
  "name": "MemberParticipation",
  "title": "shr-core-MemberParticipation",
  "status": "draft",
  "date": "2019-03-30T00:00:00-04:00",
  "publisher": "HL7 Patient Care and Clinical Information Modeling Initiative Work Groups",
  "contact": [
    {
      "telecom": [
        {
          "system": "url",
          "value": "http://standardhealthrecord.org"
        }
      ]
    }
  ],
  "description": "A person or entity in a group.",
  "keyword": [
    {
      "system": "http://ncimeta.nci.nih.gov",
      "code": "C0682343",
      "display": "Member of Target Group"
    }
  ],
  "kind": "logical",
  "abstract": false,
  "type": "shr-core-MemberParticipation-model",
  "baseDefinition": "http://hl7.org/fhir/StructureDefinition/Element",
  "derivation": "specialization",
  "snapshot": {
    "element": [
      {
        "id": "shr-core-MemberParticipation-model",
        "path": "shr-core-MemberParticipation-model",
        "definition": "A person or entity in a group.",
        "min": 0,
        "max": "*",
        "base": {
          "path": "shr-core-MemberParticipation-model",
          "min": 0,
          "max": "*"
        },
        "mustSupport": false,
        "isModifier": false,
        "isSummary": false
      },
      {
        "id": "shr-core-MemberParticipation-model.member[x]",
        "path": "shr-core-MemberParticipation-model.member[x]",
        "short": "A person or entity in a group.",
        "definition": "A person or entity in a group.",
        "min": 1,
        "max": "1",
        "base": {
          "path": "shr-core-MemberParticipation-model.member[x]",
          "min": 1,
          "max": "1"
        },
        "type": [
          {
            "code": "Reference",
            "targetProfile": "http://hl7.org/fhir/us/shr/StructureDefinition/shr-core-Patient-model"
          },
          {
            "code": "Reference",
            "targetProfile": "http://hl7.org/fhir/us/shr/StructureDefinition/shr-core-Practitioner-model"
          },
          {
            "code": "Reference",
            "targetProfile": "http://hl7.org/fhir/us/shr/StructureDefinition/shr-core-Device-model"
          },
          {
            "code": "Reference",
            "targetProfile": "http://hl7.org/fhir/us/shr/StructureDefinition/shr-core-Medication-model"
          },
          {
            "code": "Reference",
            "targetProfile": "http://hl7.org/fhir/us/shr/StructureDefinition/shr-core-Substance-model"
          }
        ],
        "mustSupport": false,
        "isModifier": false,
        "isSummary": false
      },
      {
        "id": "shr-core-MemberParticipation-model.participationPeriod",
        "path": "shr-core-MemberParticipation-model.participationPeriod",
        "code": [
          {
            "system": "http://ncimeta.nci.nih.gov",
            "code": "C1948053"
          }
        ],
        "short": "The point in time or span of time the participant is involved.",
        "definition": "The point in time or span of time the participant is involved.",
        "min": 0,
        "max": "1",
        "base": {
          "path": "shr-core-MemberParticipation-model.participationPeriod",
          "min": 0,
          "max": "1"
        },
        "type": [
          {
            "code": "http://hl7.org/fhir/us/shr/StructureDefinition/shr-core-TimePeriod-model"
          }
        ],
        "mustSupport": false,
        "isModifier": false,
        "isSummary": false
      },
      {
        "id": "shr-core-MemberParticipation-model.inactiveFlag",
        "path": "shr-core-MemberParticipation-model.inactiveFlag",
        "short": "Indicates if the member is inactive in the context of the group.",
        "definition": "Indicates if the member is inactive in the context of the group.",
        "min": 1,
        "max": "1",
        "base": {
          "path": "shr-core-MemberParticipation-model.inactiveFlag",
          "min": 1,
          "max": "1"
        },
        "type": [
          {
            "code": "boolean"
          }
        ],
        "mustSupport": false,
        "isModifier": false,
        "isSummary": false
      }
    ]
  },
  "differential": {
    "element": [
      {
        "id": "shr-core-MemberParticipation-model",
        "path": "shr-core-MemberParticipation-model",
        "definition": "A person or entity in a group.",
        "min": 0,
        "max": "*",
        "base": {
          "path": "shr-core-MemberParticipation-model",
          "min": 0,
          "max": "*"
        },
        "mustSupport": false,
        "isModifier": false,
        "isSummary": false
      },
      {
        "id": "shr-core-MemberParticipation-model.member[x]",
        "path": "shr-core-MemberParticipation-model.member[x]",
        "short": "A person or entity in a group.",
        "definition": "A person or entity in a group.",
        "min": 1,
        "max": "1",
        "base": {
          "path": "shr-core-MemberParticipation-model.member[x]",
          "min": 1,
          "max": "1"
        },
        "type": [
          {
            "code": "Reference",
            "targetProfile": "http://hl7.org/fhir/us/shr/StructureDefinition/shr-core-Patient-model"
          },
          {
            "code": "Reference",
            "targetProfile": "http://hl7.org/fhir/us/shr/StructureDefinition/shr-core-Practitioner-model"
          },
          {
            "code": "Reference",
            "targetProfile": "http://hl7.org/fhir/us/shr/StructureDefinition/shr-core-Device-model"
          },
          {
            "code": "Reference",
            "targetProfile": "http://hl7.org/fhir/us/shr/StructureDefinition/shr-core-Medication-model"
          },
          {
            "code": "Reference",
            "targetProfile": "http://hl7.org/fhir/us/shr/StructureDefinition/shr-core-Substance-model"
          }
        ],
        "mustSupport": false,
        "isModifier": false,
        "isSummary": false
      },
      {
        "id": "shr-core-MemberParticipation-model.participationPeriod",
        "path": "shr-core-MemberParticipation-model.participationPeriod",
        "code": [
          {
            "system": "http://ncimeta.nci.nih.gov",
            "code": "C1948053"
          }
        ],
        "short": "The point in time or span of time the participant is involved.",
        "definition": "The point in time or span of time the participant is involved.",
        "min": 0,
        "max": "1",
        "base": {
          "path": "shr-core-MemberParticipation-model.participationPeriod",
          "min": 0,
          "max": "1"
        },
        "type": [
          {
            "code": "http://hl7.org/fhir/us/shr/StructureDefinition/shr-core-TimePeriod-model"
          }
        ],
        "mustSupport": false,
        "isModifier": false,
        "isSummary": false
      },
      {
        "id": "shr-core-MemberParticipation-model.inactiveFlag",
        "path": "shr-core-MemberParticipation-model.inactiveFlag",
        "short": "Indicates if the member is inactive in the context of the group.",
        "definition": "Indicates if the member is inactive in the context of the group.",
        "min": 1,
        "max": "1",
        "base": {
          "path": "shr-core-MemberParticipation-model.inactiveFlag",
          "min": 1,
          "max": "1"
        },
        "type": [
          {
            "code": "boolean"
          }
        ],
        "mustSupport": false,
        "isModifier": false,
        "isSummary": false
      }
    ]
  }
}