{
  "resourceType": "ValueSet",
  "id": "shr-core-LateralityVS",
  "text": {
    "status": "generated",
    "div": "<div xmlns=\"http://www.w3.org/1999/xhtml\">\n<p><b>LateralityVS ValueSet</b></p>\n<p>Terms that specify the side of the body.</p>\n</div>"
  },
  "url": "http://hl7.org/fhir/us/sw/shr/core/vs/LateralityVS",
  "identifier": [
    {
      "system": "http://hl7.org/fhir/us/sw",
      "value": "shr.core.LateralityVS"
    }
  ],
  "version": "0.5.0",
  "name": "LateralityVS",
  "title": "LateralityVS",
  "status": "draft",
  "date": "2019-03-30T00:00:00-04:00",
  "publisher": "HL7 Patient Care and Clinical Information Modeling Initiative Work Groups",
  "contact": [
    {
      "telecom": [
        {
          "system": "url",
          "value": "http://standardhealthrecord.org"
        }
      ]
    }
  ],
  "description": "Terms that specify the side of the body.",
  "compose": {
    "include": [
      {
        "system": "http://snomed.info/sct",
        "concept": [
          {
            "code": "419161000",
            "display": "Unilateral left"
          },
          {
            "code": "419465000",
            "display": "Unilateral right"
          },
          {
            "code": "51440002",
            "display": "Bilateral"
          }
        ]
      }
    ]
  }
}