{
  "resourceType": "ValueSet",
  "id": "shr-core-BodyLocationVS",
  "text": {
    "status": "generated",
    "div": "<div xmlns=\"http://www.w3.org/1999/xhtml\">\n<p><b>BodyLocationVS ValueSet</b></p>\n<p>Codes that describe normal and pathologic anatomic systems, regions, cavities, and spaces.</p>\n</div>"
  },
  "url": "http://hl7.org/fhir/us/sw/shr/core/vs/BodyLocationVS",
  "identifier": [
    {
      "system": "http://hl7.org/fhir/us/sw",
      "value": "shr.core.BodyLocationVS"
    }
  ],
  "version": "0.5.0",
  "name": "BodyLocationVS",
  "title": "BodyLocationVS",
  "status": "draft",
  "date": "2019-03-31T00:00:00-04:00",
  "publisher": "HL7 Patient Care and Clinical Information Modeling Initiative Work Groups",
  "contact": [
    {
      "telecom": [
        {
          "system": "url",
          "value": "http://standardhealthrecord.org"
        }
      ]
    }
  ],
  "description": "Codes that describe normal and pathologic anatomic systems, regions, cavities, and spaces.",
  "compose": {
    "include": [
      {
        "system": "http://snomed.info/sct",
        "filter": [
          {
            "property": "concept",
            "op": "is-a",
            "value": "123037004"
          }
        ]
      }
    ]
  }
}