{
  "resourceType": "ValueSet",
  "id": "shr-core-DetectedNotDetectedVS",
  "text": {
    "status": "generated",
    "div": "<div xmlns=\"http://www.w3.org/1999/xhtml\">\n<p><b>DetectedNotDetectedVS ValueSet</b></p>\n<p>Value set consisting of the answers Detected (Present) and NotDetected (Absent). The terms detected and not detected are preferred because they reflect outcomes of experimental observation, while present and absent suggest ground truth. This value set reconciles or combines LOINC answer lists LL956-4</p>\n</div>"
  },
  "url": "http://hl7.org/fhir/us/sw/shr/core/vs/DetectedNotDetectedVS",
  "identifier": [
    {
      "system": "http://hl7.org/fhir/us/sw",
      "value": "shr.core.DetectedNotDetectedVS"
    }
  ],
  "version": "0.5.0",
  "name": "DetectedNotDetectedVS",
  "title": "DetectedNotDetectedVS",
  "status": "draft",
  "date": "2019-03-30T00:00:00-04:00",
  "publisher": "HL7 Patient Care and Clinical Information Modeling Initiative Work Groups",
  "contact": [
    {
      "telecom": [
        {
          "system": "url",
          "value": "http://standardhealthrecord.org"
        }
      ]
    }
  ],
  "description": "Value set consisting of the answers Detected (Present) and NotDetected (Absent). The terms detected and not detected are preferred because they reflect outcomes of experimental observation, while present and absent suggest ground truth. This value set reconciles or combines LOINC answer lists LL956-4",
  "compose": {
    "include": [
      {
        "system": "http://snomed.info/sct",
        "concept": [
          {
            "code": "260373001",
            "display": "Detected (qualifier value)"
          },
          {
            "code": "260415000",
            "display": "Not detected (qualifier value)"
          },
          {
            "code": "42425007",
            "display": "Equivocal (qualifier value). Equivocal represents a borderline value, too close to call; for example, a value very close to a cut-off between positive and negative"
          },
          {
            "code": "82334004",
            "display": "Indeterminate (qualifier value). Indeterminate means the results were uninterpretable, or cannot be determined; technical issues prevented obtaining a valid result."
          }
        ]
      }
    ]
  }
}