{"resourceType":"StructureDefinition","id":"shr-core-Specimen","text":{"status":"generated","div":"<div xmlns=\"http://www.w3.org/1999/xhtml\">\n  <p><b>Specimen Profile</b></p>\n  <p>A specimen is a substance, physical object, or collection of objects, that the laboratory considers a single discrete, uniquely identified unit that is the subject of one or more steps in the laboratory workflow. A specimen may include multiple physical pieces as long as they are considered a single unit within the laboratory workflow. A specimen results from one to many specimen collection procedures, and may be contained in multiple specimen containers. Specimen may have one or more processing activities.</p>\n  <p><b>Mapping Summary</b></p>\n  <p><pre>shr.core.Specimen maps to Specimen:\n  _Entry.EntryId maps to id\n  Language maps to language\n  Narrative maps to text\n  ImplicitRules maps to implicitRules\n  Metadata.VersionId maps to meta.versionId\n  Metadata.LastUpdated maps to meta.lastUpdated\n  Metadata.SecurityLabel maps to meta.security\n  Metadata.Tag maps to meta.tag\n  Identifier maps to identifier\n  Status maps to status\n  Type maps to type\n  AccessionIdentifier maps to accessionIdentifier\n  CollectionSource maps to subject\n  PartOf maps to parent\n  ReceivedTime maps to receivedTime\n  AmountOrSize maps to collection.quantity\n  CollectionSite.BodySite.BodySiteCode maps to collection.bodySite\n  CollectionSite.BodySite.Laterality maps to collection.bodySite.extension\n  CollectionSite.BodySite.AnatomicalDirection maps to collection.bodySite.extension\n  CollectionSite.BodySite.ClockDirection maps to collection.bodySite.extension\n  CollectionSite.BodySite.CommentOrDescription maps to collection.bodySite.extension\n  CollectionSite.BodySite.Attachment maps to collection.bodySite.extension\n  CollectionSite.BodySite.DistanceFromLandmark maps to collection.bodySite.extension\n  CollectionTime maps to collection.collected[x]\n  CollectionMethod maps to collection.method\n  SpecimenContainer.Identifier maps to container.identifier\n  SpecimenContainer.CommentOrDescription maps to container.description\n  SpecimenContainer.Type maps to container.type\n  SpecimenContainer.Capacity maps to container.capacity\n  SpecimenContainer.SpecimenQuantity maps to container.specimenQuantity\n  SpecimenContainer.Additive maps to container.additive[x]\n</pre></p>\n</div>"},"url":"http://hl7.org/fhir/us/shr/StructureDefinition/shr-core-Specimen","identifier":[{"system":"http://hl7.org/fhir/us/projectURL","value":"shr.core.Specimen"}],"version":"0.7.0","name":"Specimen","display":"shr-core-Specimen","status":"draft","publisher":"The MITRE Corporation","contact":[{"telecom":[{"system":"other","value":"http://www.hl7.org/Special/committees/cic/index.cfm","rank":0}]}],"date":"2019-03-13T00:00:00-04:00","description":"A specimen is a substance, physical object, or collection of objects, that the laboratory considers a single discrete, uniquely identified unit that is the subject of one or more steps in the laboratory workflow. A specimen may include multiple physical pieces as long as they are considered a single unit within the laboratory workflow. A specimen results from one to many specimen collection procedures, and may be contained in multiple specimen containers. Specimen may have one or more processing activities.","fhirVersion":"1.0.2","mapping":[{"identity":"rim","uri":"http://hl7.org/v3","name":"RIM"},{"identity":"w5","uri":"http://hl7.org/fhir/w5","name":"W5 Mapping"},{"identity":"v2","uri":"http://hl7.org/v2","name":"HL7 v2"}],"kind":"resource","constrainedType":"Specimen","abstract":false,"base":"http://hl7.org/fhir/StructureDefinition/Specimen","snapshot":{"element":[{"id":"Specimen","path":"Specimen","name":"Specimen","short":"shr-core-Specimen","definition":"A specimen is a substance, physical object, or collection of objects, that the laboratory considers a single discrete, uniquely identified unit that is the subject of one or more steps in the laboratory workflow. A specimen may include multiple physical pieces as long as they are considered a single unit within the laboratory workflow. A specimen results from one to many specimen collection procedures, and may be contained in multiple specimen containers. Specimen may have one or more processing activities.","min":0,"max":"*","type":[{"code":"Specimen"}],"maxLength":0,"mustSupport":false,"isModifier":false,"isSummary":false,"mapping":[{"identity":"rim","map":"Role[classCode=SPEC]"},{"identity":"w5","map":"clinical.diagnostics"}]},{"id":"Specimen.id","path":"Specimen.id","name":"Specimen.id","short":"Logical id of this artifact","definition":"The logical id of the resource, as used in the URL for the resource. Once assigned, this value never changes.","comments":"The only time that a resource does not have an id is when it is being submitted to the server using a create operation. Bundles always have an id, though it is usually a generated UUID.","min":0,"max":"1","type":[{"code":"id"}],"maxLength":0,"mustSupport":false,"isModifier":false,"isSummary":true},{"id":"Specimen.meta","path":"Specimen.meta","name":"Specimen.meta","short":"Metadata about the resource","definition":"The metadata about the resource. This is content that is maintained by the infrastructure. Changes to the content may not always be associated with version changes to the resource.","min":0,"max":"1","type":[{"code":"Meta"}],"maxLength":0,"mustSupport":false,"isModifier":false,"isSummary":true},{"id":"Specimen.meta.id","path":"Specimen.meta.id","representation":["xmlAttr"],"name":"Specimen.meta.id","short":"xml:id (or equivalent in JSON)","definition":"unique id for the element within a resource (for internal references).","min":0,"max":"1","type":[{"code":"id"}],"maxLength":0,"mustSupport":false,"isModifier":false,"isSummary":false,"mapping":[{"identity":"rim","map":"n/a"}]},{"id":"Specimen.meta.extension","path":"Specimen.meta.extension","name":"Specimen.meta.extension","short":"Additional Content defined by implementations","definition":"May be used to represent additional information that is not part of the basic definition of the element. In order to make the use of extensions safe and manageable, there is a strict set of governance  applied to the definition and use of extensions. Though any implementer is allowed to define an extension, there is a set of requirements that SHALL be met as part of the definition of the extension.","comments":"There can be no stigma associated with the use of extensions by any application, project, or standard - regardless of the institution or jurisdiction that uses or defines the extensions.  The use of extensions is what allows the FHIR specification to retain a core level of simplicity for everyone.","alias":["extensions","user content"],"min":0,"max":"*","type":[{"code":"Extension"}],"maxLength":0,"mustSupport":false,"isModifier":false,"isSummary":false,"mapping":[{"identity":"rim","map":"n/a"}]},{"id":"Specimen.meta.versionId","path":"Specimen.meta.versionId","name":"Specimen.meta.versionId","short":"Version specific identifier","definition":"The version specific identifier, as it appears in the version portion of the URL. This values changes when the resource is created, updated, or deleted.","comments":"The server assigns this value, and ignores what the client specifies, except in the case that the server is imposing version integrity on updates/deletes.","min":0,"max":"1","type":[{"code":"id"}],"maxLength":0,"mustSupport":false,"isModifier":false,"isSummary":true},{"id":"Specimen.meta.lastUpdated","path":"Specimen.meta.lastUpdated","name":"Specimen.meta.lastUpdated","short":"When the resource version last changed","definition":"When the resource last changed - e.g. when the version changed.","comments":"This value is always populated except when the resource is first being created. The server / resource manager sets this value; what a client provides is irrelevant.","min":0,"max":"1","type":[{"code":"instant"}],"maxLength":0,"mustSupport":false,"isModifier":false,"isSummary":true},{"id":"Specimen.meta.profile","path":"Specimen.meta.profile","name":"Specimen.meta.profile","short":"Profiles this resource claims to conform to","definition":"A list of profiles [[[StructureDefinition]]]s that this resource claims to conform to. The URL is a reference to [[[StructureDefinition.url]]].","comments":"It is up to the server and/or other infrastructure of policy to determine whether/how these claims are verified and/or updated over time.  The list of profile URLs is a set.","min":0,"max":"*","type":[{"code":"uri"}],"maxLength":0,"mustSupport":false,"isModifier":false,"isSummary":true},{"id":"Specimen.meta.security","path":"Specimen.meta.security","name":"Specimen.meta.security","short":"Security Labels applied to this resource","definition":"Security labels applied to this resource. These tags connect specific resources to the overall security policy and infrastructure.","comments":"The security labels can be updated without changing the stated version of the resource  The list of security labels is a set. Uniqueness is based the system/code, and version and display are ignored.","min":0,"max":"*","type":[{"code":"Coding"}],"maxLength":0,"mustSupport":false,"isModifier":false,"isSummary":true,"binding":{"strength":"extensible","description":"Security Labels from the Healthcare Privacy and Security Classification System.","valueSetReference":{"reference":"http://hl7.org/fhir/ValueSet/security-labels"}}},{"id":"Specimen.meta.tag","path":"Specimen.meta.tag","name":"Specimen.meta.tag","short":"Tags applied to this resource","definition":"Tags applied to this resource. Tags are intended to be used to identify and relate resources to process and workflow, and applications are not required to consider the tags when interpreting the meaning of a resource.","comments":"The tags can be updated without changing the stated version of the resource.  The list of tags is a set. Uniqueness is based the system/code, and version and display are ignored.","min":0,"max":"*","type":[{"code":"Coding"}],"maxLength":0,"mustSupport":false,"isModifier":false,"isSummary":true,"binding":{"strength":"example","description":"Codes that represent various types of tags, commonly workflow-related; e.g. \"Needs review by Dr. Jones\""}},{"id":"Specimen.implicitRules","path":"Specimen.implicitRules","name":"Specimen.implicitRules","short":"A set of rules under which this content was created","definition":"A reference to a set of rules that were followed when the resource was constructed, and which must be understood when processing the content.","comments":"Asserting this rule set restricts the content to be only understood by a limited set of trading partners. This inherently limits the usefulness of the data in the long term. However, the existing health eco-system is highly fractured, and not yet ready to define, collect, and exchange data in a generally computable sense. Wherever possible, implementers and/or specification writers should avoid using this element as much as possible.","min":0,"max":"1","type":[{"code":"uri"}],"maxLength":0,"mustSupport":false,"isModifier":true,"isSummary":true},{"id":"Specimen.language","path":"Specimen.language","name":"Specimen.language","short":"Language of the resource content","definition":"The base language in which the resource is written.","comments":"Language is provided to support indexing and accessibility (typically, services such as text to speech use the language tag). The html language tag in the narrative applies  to the narrative. The language tag on the resource may be used to specify the language of other presentations generated from the data in the resource  Not all the content has to be in the base language. The Resource.language should not be assumed to apply to the narrative automatically. If a language is specified, it should it also be specified on the div element in the html (see rules in HTML5 for information about the relationship between xml:lang and the html lang attribute).","min":0,"max":"1","type":[{"code":"code"}],"maxLength":0,"mustSupport":false,"isModifier":false,"isSummary":false,"binding":{"strength":"required","description":"A human language.","valueSetReference":{"reference":"http://tools.ietf.org/html/bcp47"}}},{"id":"Specimen.text","path":"Specimen.text","name":"Specimen.text","short":"Text summary of the resource, for human interpretation","definition":"A human-readable narrative that contains a summary of the resource, and may be used to represent the content of the resource to a human. The narrative need not encode all the structured data, but is required to contain sufficient detail to make it \"clinically safe\" for a human to just read the narrative. Resource definitions may define what content should be represented in the narrative to ensure clinical safety.","comments":"Contained resources do not have narrative. Resources that are not contained SHOULD have a narrative.","alias":["narrative","html","xhtml","display"],"min":0,"max":"1","type":[{"code":"Narrative"}],"maxLength":0,"condition":["dom-1"],"mustSupport":false,"isModifier":false,"isSummary":false,"mapping":[{"identity":"rim","map":"Act.text?"}]},{"id":"Specimen.contained","path":"Specimen.contained","name":"Specimen.contained","short":"Contained, inline Resources","definition":"These resources do not have an independent existence apart from the resource that contains them - they cannot be identified independently, and nor can they have their own independent transaction scope.","comments":"This should never be done when the content can be identified properly, as once identification is lost, it is extremely difficult (and context dependent) to restore it again.","alias":["inline resources","anonymous resources","contained resources"],"min":0,"max":"*","type":[{"code":"Resource"}],"maxLength":0,"mustSupport":false,"isModifier":false,"isSummary":false,"mapping":[{"identity":"rim","map":"N/A"}]},{"id":"Specimen.extension","path":"Specimen.extension","name":"Specimen.extension","slicing":{"id":"2","discriminator":["url"],"ordered":false,"rules":"open"},"short":"Additional Content defined by implementations","definition":"May be used to represent additional information that is not part of the basic definition of the resource. In order to make the use of extensions safe and manageable, there is a strict set of governance  applied to the definition and use of extensions. Though any implementer is allowed to define an extension, there is a set of requirements that SHALL be met as part of the definition of the extension.","comments":"There can be no stigma associated with the use of extensions by any application, project, or standard - regardless of the institution or jurisdiction that uses or defines the extensions.  The use of extensions is what allows the FHIR specification to retain a core level of simplicity for everyone.","alias":["extensions","user content"],"min":0,"max":"*","type":[{"code":"Extension"}],"maxLength":0,"mustSupport":false,"isModifier":false,"isSummary":false,"mapping":[{"identity":"rim","map":"N/A"}]},{"id":"specimentreatment","path":"Specimen.extension","name":"specimentreatment","definition":"Additives added to the specimen.","min":0,"max":"*","base":{"path":"Specimen.extension","min":0,"max":"*"},"type":[{"code":"Extension","profile":["http://hl7.org/fhir/us/shr/StructureDefinition/shr-core-SpecimenTreatment-extension"]}],"maxLength":0,"mustSupport":false,"isModifier":false,"isSummary":false},{"id":"handlingrisk","path":"Specimen.extension","name":"handlingrisk","definition":"Cautions on the handling of this specimen.","min":0,"max":"*","base":{"path":"Specimen.extension","min":0,"max":"*"},"type":[{"code":"Extension","profile":["http://hl7.org/fhir/us/shr/StructureDefinition/shr-core-HandlingRisk-extension"]}],"maxLength":0,"mustSupport":false,"isModifier":false,"isSummary":false},{"id":"specialhandling","path":"Specimen.extension","name":"specialhandling","definition":"Information about the proper handling of the specimen.","min":0,"max":"*","base":{"path":"Specimen.extension","min":0,"max":"*"},"type":[{"code":"Extension","profile":["http://hl7.org/fhir/us/shr/StructureDefinition/shr-core-SpecialHandling-extension"]}],"maxLength":0,"mustSupport":false,"isModifier":false,"isSummary":false},{"id":"Specimen.modifierExtension","path":"Specimen.modifierExtension","name":"Specimen.modifierExtension","short":"Extensions that cannot be ignored","definition":"May be used to represent additional information that is not part of the basic definition of the resource, and that modifies the understanding of the element that contains it. Usually modifier elements provide negation or qualification. In order to make the use of extensions safe and manageable, there is a strict set of governance applied to the definition and use of extensions. Though any implementer is allowed to define an extension, there is a set of requirements that SHALL be met as part of the definition of the extension. Applications processing a resource are required to check for modifier extensions.","comments":"There can be no stigma associated with the use of extensions by any application, project, or standard - regardless of the institution or jurisdiction that uses or defines the extensions.  The use of extensions is what allows the FHIR specification to retain a core level of simplicity for everyone.","alias":["extensions","user content"],"min":0,"max":"*","type":[{"code":"Extension"}],"maxLength":0,"mustSupport":false,"isModifier":true,"isSummary":false,"mapping":[{"identity":"rim","map":"N/A"}]},{"id":"Specimen.identifier","path":"Specimen.identifier","name":"Specimen.identifier","short":"External Identifier","definition":"Id for specimen.","min":0,"max":"*","type":[{"code":"Identifier"}],"maxLength":0,"mustSupport":false,"isModifier":false,"isSummary":true,"mapping":[{"identity":"v2","map":"SPM-2"},{"identity":"rim","map":".id"},{"identity":"w5","map":"id"}]},{"id":"Specimen.status","path":"Specimen.status","name":"Specimen.status","short":"available | unavailable | unsatisfactory | entered-in-error","definition":"The availability of the specimen.","min":0,"max":"1","type":[{"code":"code"}],"maxLength":0,"mustSupport":false,"isModifier":true,"isSummary":true,"binding":{"strength":"required","description":"Codes providing the status/availability of a specimen.","valueSetReference":{"reference":"http://hl7.org/fhir/ValueSet/specimen-status"}},"mapping":[{"identity":"v2","map":"SPM-20"},{"identity":"rim","map":"status"},{"identity":"w5","map":"status"}]},{"id":"Specimen.type","path":"Specimen.type","name":"Specimen.type","short":"Kind of material that forms the specimen","definition":"The kind of material that forms the specimen.","comments":"The type can change the way that a specimen is handled, and drives what kind of analyses can properly be performed on the specimen. It is frequently used in diagnostic work flow decision making systems.","min":1,"max":"1","base":{"path":"Specimen.type","min":0,"max":"1"},"type":[{"code":"CodeableConcept"}],"maxLength":0,"mustSupport":false,"isModifier":false,"isSummary":true,"binding":{"strength":"required","description":"The type of the specimen.","valueSetReference":{"reference":"http://hl7.org/fhir/ValueSet/v2-0487"}},"mapping":[{"identity":"v2","map":"SPM-4 and possibly SPM-5"},{"identity":"rim","map":".code"},{"identity":"w5","map":"class"}]},{"id":"Specimen.parent","path":"Specimen.parent","name":"Specimen.parent","short":"Specimen from which this specimen originated","definition":"Reference to the parent (source) specimen which is used when the specimen was either derived from or a component of another specimen.","comments":"The parent specimen could be the source from which the current specimen is derived by some processing step (e.g. an aliquot or isolate or extracted nucleic acids from clinical samples) or one of many specimens that were combined to create a pooled sample.","min":0,"max":"1","base":{"path":"Specimen.parent","min":0,"max":"*"},"type":[{"code":"Reference","profile":["http://hl7.org/fhir/us/shr/StructureDefinition/shr-core-Specimen"]}],"maxLength":0,"mustSupport":false,"isModifier":false,"isSummary":false,"mapping":[{"identity":"rim","map":".scoper (if parent) .player.scopesRole[classCode=SPEC].player (if child)"}]},{"id":"Specimen.subject","path":"Specimen.subject","name":"Specimen.subject","short":"Where the specimen came from. This may be from the patient(s) or from the environment or a device","definition":"Where the specimen came from. This may be from the patient(s) or from the environment or a device.","requirements":"Must know the subject context.","min":1,"max":"1","type":[{"code":"Reference","profile":["http://hl7.org/fhir/us/shr/StructureDefinition/shr-core-Patient","http://hl7.org/fhir/us/shr/StructureDefinition/shr-core-Group","http://hl7.org/fhir/us/shr/StructureDefinition/shr-core-Device","http://hl7.org/fhir/us/shr/StructureDefinition/shr-core-Substance"]}],"maxLength":0,"mustSupport":false,"isModifier":false,"isSummary":true,"mapping":[{"identity":"rim","map":".scoper  or  .scoper.playsRole"},{"identity":"w5","map":"who.focus"}]},{"id":"Specimen.accessionIdentifier","path":"Specimen.accessionIdentifier","name":"Specimen.accessionIdentifier","short":"Identifier assigned by the lab","definition":"The identifier assigned by the lab when accessioning specimen(s). This is not necessarily the same as the specimen identifier, depending on local lab procedures.","min":0,"max":"1","type":[{"code":"Identifier"}],"maxLength":0,"mustSupport":false,"isModifier":false,"isSummary":true,"mapping":[{"identity":"v2","map":"SPM-30 (v2.7+)"},{"identity":"rim","map":".participation[typeCode=SBJ].act[classCode=ACSN, moodCode=EVN].id"},{"identity":"w5","map":"id"}]},{"id":"Specimen.receivedTime","path":"Specimen.receivedTime","name":"Specimen.receivedTime","short":"The time when specimen was received for processing","definition":"Time when specimen was received for processing or testing.","min":0,"max":"1","type":[{"code":"dateTime"}],"maxLength":0,"mustSupport":false,"isModifier":false,"isSummary":true,"mapping":[{"identity":"v2","map":"SPM-18"},{"identity":"rim","map":".participation[typeCode=SBJ].act[code=SPCREC, moodCode=EVN].effectiveTime"},{"identity":"w5","map":"when.done"}]},{"id":"Specimen.collection","path":"Specimen.collection","name":"Specimen.collection","short":"Collection details","definition":"Details concerning the specimen collection.","min":0,"max":"1","type":[{"code":"BackboneElement"}],"maxLength":0,"mustSupport":false,"isModifier":false,"isSummary":false,"mapping":[{"identity":"v2","map":"SPM-14"},{"identity":"rim","map":".participation[typeCode=SBJ].act[classCode=SPECCOLLECT, moodCode=EVN]"}]},{"id":"Specimen.collection.id","path":"Specimen.collection.id","representation":["xmlAttr"],"name":"Specimen.collection.id","short":"xml:id (or equivalent in JSON)","definition":"unique id for the element within a resource (for internal references).","min":0,"max":"1","type":[{"code":"id"}],"maxLength":0,"mustSupport":false,"isModifier":false,"isSummary":false,"mapping":[{"identity":"rim","map":"n/a"}]},{"id":"Specimen.collection.extension","path":"Specimen.collection.extension","name":"Specimen.collection.extension","short":"Additional Content defined by implementations","definition":"May be used to represent additional information that is not part of the basic definition of the element. In order to make the use of extensions safe and manageable, there is a strict set of governance  applied to the definition and use of extensions. Though any implementer is allowed to define an extension, there is a set of requirements that SHALL be met as part of the definition of the extension.","comments":"There can be no stigma associated with the use of extensions by any application, project, or standard - regardless of the institution or jurisdiction that uses or defines the extensions.  The use of extensions is what allows the FHIR specification to retain a core level of simplicity for everyone.","alias":["extensions","user content"],"min":0,"max":"*","type":[{"code":"Extension"}],"maxLength":0,"mustSupport":false,"isModifier":false,"isSummary":false,"mapping":[{"identity":"rim","map":"n/a"}]},{"id":"Specimen.collection.modifierExtension","path":"Specimen.collection.modifierExtension","name":"Specimen.collection.modifierExtension","short":"Extensions that cannot be ignored","definition":"May be used to represent additional information that is not part of the basic definition of the element, and that modifies the understanding of the element that contains it. Usually modifier elements provide negation or qualification. In order to make the use of extensions safe and manageable, there is a strict set of governance applied to the definition and use of extensions. Though any implementer is allowed to define an extension, there is a set of requirements that SHALL be met as part of the definition of the extension. Applications processing a resource are required to check for modifier extensions.","comments":"There can be no stigma associated with the use of extensions by any application, project, or standard - regardless of the institution or jurisdiction that uses or defines the extensions.  The use of extensions is what allows the FHIR specification to retain a core level of simplicity for everyone.","alias":["extensions","user content","modifiers"],"min":0,"max":"*","type":[{"code":"Extension"}],"maxLength":0,"mustSupport":false,"isModifier":true,"isSummary":false,"mapping":[{"identity":"rim","map":"N/A"}]},{"id":"Specimen.collection.collector","path":"Specimen.collection.collector","name":"Specimen.collection.collector","short":"Who collected the specimen","definition":"Person who collected the specimen.","min":0,"max":"1","type":[{"code":"Reference","profile":["http://hl7.org/fhir/StructureDefinition/Practitioner"]}],"maxLength":0,"mustSupport":false,"isModifier":false,"isSummary":true,"mapping":[{"identity":"v2","map":"PRT"},{"identity":"rim","map":".participation[typeCode=PFM].role"}]},{"id":"Specimen.collection.comment","path":"Specimen.collection.comment","name":"Specimen.collection.comment","short":"Collector comments","definition":"To communicate any details or issues encountered during the specimen collection procedure.","min":0,"max":"*","type":[{"code":"string"}],"maxLength":0,"mustSupport":false,"isModifier":false,"isSummary":false,"mapping":[{"identity":"v2","map":"OBX"},{"identity":"rim","map":".inboundRelationship[typeCode=SUBJ].source[classCode=OBS, moodCode=EVN, code=\"annotation\"].value"}]},{"id":"Specimen.collection.collected[x]","path":"Specimen.collection.collected[x]","name":"Specimen.collection.collected[x]","short":"Collection time","definition":"Time when specimen was collected from subject - the physiologically relevant time.","min":0,"max":"1","type":[{"code":"dateTime"},{"code":"Period"}],"maxLength":0,"mustSupport":false,"isModifier":false,"isSummary":true,"mapping":[{"identity":"v2","map":"SPM-17"},{"identity":"rim","map":".effectiveTime"},{"identity":"w5","map":"when.init"}]},{"id":"Specimen.collection.quantity","path":"Specimen.collection.quantity","name":"Specimen.collection.quantity","short":"The quantity of specimen collected","definition":"The quantity of specimen collected; for instance the volume of a blood sample, or the physical measurement of an anatomic pathology sample.","min":0,"max":"1","type":[{"code":"Quantity","profile":["http://hl7.org/fhir/StructureDefinition/SimpleQuantity"]}],"maxLength":0,"mustSupport":false,"isModifier":false,"isSummary":false,"mapping":[{"identity":"v2","map":"SPM-12"},{"identity":"rim","map":".participation[typeCode=SBJ].role[classCode=SPEC].player.quantity"}]},{"id":"Specimen.collection.method","path":"Specimen.collection.method","name":"Specimen.collection.method","short":"Technique used to perform collection","definition":"A coded value specifying the technique that is used to perform the procedure.","min":0,"max":"1","type":[{"code":"CodeableConcept"}],"maxLength":0,"mustSupport":false,"isModifier":false,"isSummary":false,"binding":{"strength":"example","description":"The  technique that is used to perform the procedure","valueSetReference":{"reference":"http://hl7.org/fhir/ValueSet/specimen-collection-method"}},"mapping":[{"identity":"v2","map":"SPM-7"},{"identity":"rim","map":".methodCode"}]},{"id":"Specimen.collection.bodySite","path":"Specimen.collection.bodySite","name":"Specimen.collection.bodySite","short":"Anatomical collection site","definition":"Anatomical location from which the specimen was collected (if subject is a patient). This is the target site.  This element is not used for environmental specimens.","comments":"If the use case requires  BodySite to be handled as a separate resource instead of an inline coded element (e.g. to identify and track separately)  then use the standard extension [body-site-instance](extension-body-site-instance.html).","min":0,"max":"1","type":[{"code":"CodeableConcept"}],"maxLength":0,"mustSupport":false,"isModifier":false,"isSummary":false,"binding":{"strength":"preferred","valueSetReference":{"reference":"http://hl7.org/fhir/us/projectURL/shr/core/vs/BodySiteVS"}},"mapping":[{"identity":"v2","map":"SPM-8 and SPM-9"},{"identity":"rim","map":".targetSiteCode"}]},{"id":"Specimen.collection.bodySite.id","path":"Specimen.collection.bodySite.id","representation":["xmlAttr"],"name":"Specimen.collection.bodySite.id","short":"xml:id (or equivalent in JSON)","definition":"unique id for the element within a resource (for internal references).","min":0,"max":"1","type":[{"code":"id"}],"maxLength":0,"mustSupport":false,"isModifier":false,"isSummary":false,"mapping":[{"identity":"rim","map":"n/a"}]},{"id":"Specimen.collection.bodySite.extension","path":"Specimen.collection.bodySite.extension","name":"Specimen.collection.bodySite.extension","slicing":{"id":"1","discriminator":["url"],"ordered":false,"rules":"open"},"short":"Additional Content defined by implementations","definition":"May be used to represent additional information that is not part of the basic definition of the element. In order to make the use of extensions safe and manageable, there is a strict set of governance  applied to the definition and use of extensions. Though any implementer is allowed to define an extension, there is a set of requirements that SHALL be met as part of the definition of the extension.","comments":"There can be no stigma associated with the use of extensions by any application, project, or standard - regardless of the institution or jurisdiction that uses or defines the extensions.  The use of extensions is what allows the FHIR specification to retain a core level of simplicity for everyone.","alias":["extensions","user content"],"min":0,"max":"*","type":[{"code":"Extension"}],"maxLength":0,"mustSupport":false,"isModifier":false,"isSummary":false,"mapping":[{"identity":"rim","map":"n/a"}]},{"id":"laterality","path":"Specimen.collection.bodySite.extension","name":"laterality","definition":"Anatomical location or specimen further detailing the side(s) of interest.","min":0,"max":"1","base":{"path":"Specimen.collection.bodySite.extension","min":0,"max":"*"},"type":[{"code":"Extension","profile":["http://hl7.org/fhir/us/shr/StructureDefinition/shr-core-Laterality-extension"]}],"maxLength":0,"mustSupport":false,"isModifier":false,"isSummary":false},{"id":"anatomicaldirection","path":"Specimen.collection.bodySite.extension","name":"anatomicaldirection","definition":"Anatomical location or specimen further detailing directionality.","min":0,"max":"1","base":{"path":"Specimen.collection.bodySite.extension","min":0,"max":"*"},"type":[{"code":"Extension","profile":["http://hl7.org/fhir/us/shr/StructureDefinition/shr-core-AnatomicalDirection-extension"]}],"maxLength":0,"mustSupport":false,"isModifier":false,"isSummary":false},{"id":"clockdirection","path":"Specimen.collection.bodySite.extension","name":"clockdirection","definition":"A direction indicated by an angle relative to 12 o'clock.","min":0,"max":"1","base":{"path":"Specimen.collection.bodySite.extension","min":0,"max":"*"},"type":[{"code":"Extension","profile":["http://hl7.org/fhir/us/shr/StructureDefinition/shr-core-ClockDirection-extension"]}],"maxLength":0,"mustSupport":false,"isModifier":false,"isSummary":false},{"id":"commentordescription","path":"Specimen.collection.bodySite.extension","name":"commentordescription","definition":"A text note containing additional details, explanation, description, comment, or summarization.","min":0,"max":"1","base":{"path":"Specimen.collection.bodySite.extension","min":0,"max":"*"},"type":[{"code":"Extension","profile":["http://hl7.org/fhir/us/shr/StructureDefinition/shr-core-CommentOrDescription-extension"]}],"maxLength":0,"mustSupport":false,"isModifier":false,"isSummary":false},{"id":"attachment","path":"Specimen.collection.bodySite.extension","name":"attachment","definition":"A file that contains audio, video, image, or similar content.","min":0,"max":"*","base":{"path":"Specimen.collection.bodySite.extension","min":0,"max":"*"},"type":[{"code":"Extension","profile":["http://hl7.org/fhir/us/shr/StructureDefinition/shr-core-Attachment-extension"]}],"maxLength":0,"mustSupport":false,"isModifier":false,"isSummary":false},{"id":"distancefromlandmark","path":"Specimen.collection.bodySite.extension","name":"distancefromlandmark","definition":"How far the anatomical location of interest is from the given landmark","min":0,"max":"1","base":{"path":"Specimen.collection.bodySite.extension","min":0,"max":"*"},"type":[{"code":"Extension","profile":["http://hl7.org/fhir/us/shr/StructureDefinition/shr-core-DistanceFromLandmark-extension"]}],"maxLength":0,"mustSupport":false,"isModifier":false,"isSummary":false},{"id":"Specimen.collection.bodySite.coding","path":"Specimen.collection.bodySite.coding","name":"Specimen.collection.bodySite.coding","short":"Code defined by a terminology system","definition":"A reference to a code defined by a terminology system.","comments":"Codes may be defined very casually in enumerations, or code lists, up to very formal definitions such as SNOMED CT - see the HL7 v3 Core Principles for more information.  Ordering of codings is undefined and SHALL NOT be used to infer meaning. Generally, at most only one of the coding values will be labelled as UserSelected = true.","requirements":"Allows for translations and alternate encodings within a code system.  Also supports communication of the same instance to systems requiring different encodings.","min":0,"max":"*","type":[{"code":"Coding"}],"maxLength":0,"mustSupport":false,"isModifier":false,"isSummary":true,"mapping":[{"identity":"orim","map":"fhir:CodeableConcept.coding rdfs:subPropertyOf dt:CD.coding"},{"identity":"v2","map":"C*E.1-8, C*E.10-22"},{"identity":"rim","map":"union(., ./translation)"}]},{"id":"Specimen.collection.bodySite.text","path":"Specimen.collection.bodySite.text","name":"Specimen.collection.bodySite.text","short":"Plain text representation of the concept","definition":"A human language representation of the concept as seen/selected/uttered by the user who entered the data and/or which represents the intended meaning of the user.","comments":"Very often the text is the same as a displayName of one of the codings.","requirements":"The codes from the terminologies do not always capture the correct meaning with all the nuances of the human using them, or sometimes there is no appropriate code at all. In these cases, the text is used to capture the full meaning of the source.","min":0,"max":"1","type":[{"code":"string"}],"maxLength":0,"mustSupport":false,"isModifier":false,"isSummary":true,"mapping":[{"identity":"orim","map":"fhir:CodeableConcept.text rdfs:subPropertyOf dt:CD.originalText"},{"identity":"v2","map":"C*E.9. But note many systems use C*E.2 for this"},{"identity":"rim","map":"./originalText[mediaType/code=\"text/plain\"]/data"}]},{"id":"Specimen.treatment","path":"Specimen.treatment","name":"Specimen.treatment","short":"Treatment and processing step details","definition":"Details concerning treatment and processing steps for the specimen.","min":0,"max":"*","type":[{"code":"BackboneElement"}],"maxLength":0,"mustSupport":false,"isModifier":false,"isSummary":false,"mapping":[{"identity":"rim","map":".participation[typeCode=SBJ].act[code=SPCTRT, moodCode=EVN]"}]},{"id":"Specimen.treatment.id","path":"Specimen.treatment.id","representation":["xmlAttr"],"name":"Specimen.treatment.id","short":"xml:id (or equivalent in JSON)","definition":"unique id for the element within a resource (for internal references).","min":0,"max":"1","type":[{"code":"id"}],"maxLength":0,"mustSupport":false,"isModifier":false,"isSummary":false,"mapping":[{"identity":"rim","map":"n/a"}]},{"id":"Specimen.treatment.extension","path":"Specimen.treatment.extension","name":"Specimen.treatment.extension","short":"Additional Content defined by implementations","definition":"May be used to represent additional information that is not part of the basic definition of the element. In order to make the use of extensions safe and manageable, there is a strict set of governance  applied to the definition and use of extensions. Though any implementer is allowed to define an extension, there is a set of requirements that SHALL be met as part of the definition of the extension.","comments":"There can be no stigma associated with the use of extensions by any application, project, or standard - regardless of the institution or jurisdiction that uses or defines the extensions.  The use of extensions is what allows the FHIR specification to retain a core level of simplicity for everyone.","alias":["extensions","user content"],"min":0,"max":"*","type":[{"code":"Extension"}],"maxLength":0,"mustSupport":false,"isModifier":false,"isSummary":false,"mapping":[{"identity":"rim","map":"n/a"}]},{"id":"Specimen.treatment.modifierExtension","path":"Specimen.treatment.modifierExtension","name":"Specimen.treatment.modifierExtension","short":"Extensions that cannot be ignored","definition":"May be used to represent additional information that is not part of the basic definition of the element, and that modifies the understanding of the element that contains it. Usually modifier elements provide negation or qualification. In order to make the use of extensions safe and manageable, there is a strict set of governance applied to the definition and use of extensions. Though any implementer is allowed to define an extension, there is a set of requirements that SHALL be met as part of the definition of the extension. Applications processing a resource are required to check for modifier extensions.","comments":"There can be no stigma associated with the use of extensions by any application, project, or standard - regardless of the institution or jurisdiction that uses or defines the extensions.  The use of extensions is what allows the FHIR specification to retain a core level of simplicity for everyone.","alias":["extensions","user content","modifiers"],"min":0,"max":"*","type":[{"code":"Extension"}],"maxLength":0,"mustSupport":false,"isModifier":true,"isSummary":false,"mapping":[{"identity":"rim","map":"N/A"}]},{"id":"Specimen.treatment.description","path":"Specimen.treatment.description","name":"Specimen.treatment.description","short":"Textual description of procedure","definition":"Textual description of procedure.","min":0,"max":"1","type":[{"code":"string"}],"maxLength":0,"mustSupport":false,"isModifier":false,"isSummary":false,"mapping":[{"identity":"rim","map":".text"}]},{"id":"Specimen.treatment.procedure","path":"Specimen.treatment.procedure","name":"Specimen.treatment.procedure","short":"Indicates the treatment or processing step  applied to the specimen","definition":"A coded value specifying the procedure used to process the specimen.","min":0,"max":"1","type":[{"code":"CodeableConcept"}],"maxLength":0,"mustSupport":false,"isModifier":false,"isSummary":false,"binding":{"strength":"example","description":"Type indicating the technique used to process the specimen","valueSetReference":{"reference":"http://hl7.org/fhir/ValueSet/specimen-treatment-procedure"}},"mapping":[{"identity":"rim","map":".code"}]},{"id":"Specimen.treatment.additive","path":"Specimen.treatment.additive","name":"Specimen.treatment.additive","short":"Material used in the processing step","definition":"Material used in the processing step.","min":0,"max":"*","type":[{"code":"Reference","profile":["http://hl7.org/fhir/StructureDefinition/Substance"]}],"maxLength":0,"mustSupport":false,"isModifier":false,"isSummary":false,"mapping":[{"identity":"v2","map":"SPM-6"},{"identity":"rim","map":".participation[typeCode=CSM].role[classCode=ADTV].code"}]},{"id":"Specimen.container","path":"Specimen.container","name":"Specimen.container","short":"Direct container of specimen (tube/slide, etc.)","definition":"The container holding the specimen.  The recursive nature of containers; i.e. blood in tube in tray in rack is not addressed here.","min":0,"max":"*","type":[{"code":"BackboneElement"}],"maxLength":0,"mustSupport":false,"isModifier":false,"isSummary":false,"mapping":[{"identity":"rim","map":".player.scopingRole[classCode=CONT].scoper"}]},{"id":"Specimen.container.id","path":"Specimen.container.id","representation":["xmlAttr"],"name":"Specimen.container.id","short":"xml:id (or equivalent in JSON)","definition":"unique id for the element within a resource (for internal references).","min":0,"max":"1","type":[{"code":"id"}],"maxLength":0,"mustSupport":false,"isModifier":false,"isSummary":false,"mapping":[{"identity":"rim","map":"n/a"}]},{"id":"Specimen.container.extension","path":"Specimen.container.extension","name":"Specimen.container.extension","short":"Additional Content defined by implementations","definition":"May be used to represent additional information that is not part of the basic definition of the element. In order to make the use of extensions safe and manageable, there is a strict set of governance  applied to the definition and use of extensions. Though any implementer is allowed to define an extension, there is a set of requirements that SHALL be met as part of the definition of the extension.","comments":"There can be no stigma associated with the use of extensions by any application, project, or standard - regardless of the institution or jurisdiction that uses or defines the extensions.  The use of extensions is what allows the FHIR specification to retain a core level of simplicity for everyone.","alias":["extensions","user content"],"min":0,"max":"*","type":[{"code":"Extension"}],"maxLength":0,"mustSupport":false,"isModifier":false,"isSummary":false,"mapping":[{"identity":"rim","map":"n/a"}]},{"id":"Specimen.container.modifierExtension","path":"Specimen.container.modifierExtension","name":"Specimen.container.modifierExtension","short":"Extensions that cannot be ignored","definition":"May be used to represent additional information that is not part of the basic definition of the element, and that modifies the understanding of the element that contains it. Usually modifier elements provide negation or qualification. In order to make the use of extensions safe and manageable, there is a strict set of governance applied to the definition and use of extensions. Though any implementer is allowed to define an extension, there is a set of requirements that SHALL be met as part of the definition of the extension. Applications processing a resource are required to check for modifier extensions.","comments":"There can be no stigma associated with the use of extensions by any application, project, or standard - regardless of the institution or jurisdiction that uses or defines the extensions.  The use of extensions is what allows the FHIR specification to retain a core level of simplicity for everyone.","alias":["extensions","user content","modifiers"],"min":0,"max":"*","type":[{"code":"Extension"}],"maxLength":0,"mustSupport":false,"isModifier":true,"isSummary":false,"mapping":[{"identity":"rim","map":"N/A"}]},{"id":"Specimen.container.identifier","path":"Specimen.container.identifier","name":"Specimen.container.identifier","short":"Id for the container","definition":"Id for container. There may be multiple; a manufacturer's bar code, lab assigned identifier, etc. The container ID may differ from the specimen id in some circumstances.","min":0,"max":"*","type":[{"code":"Identifier"}],"maxLength":0,"mustSupport":false,"isModifier":false,"isSummary":true,"mapping":[{"identity":"v2","map":"SAC-3"},{"identity":"rim","map":".id"}]},{"id":"Specimen.container.description","path":"Specimen.container.description","name":"Specimen.container.description","short":"Textual description of the container","definition":"Textual description of the container.","min":0,"max":"1","type":[{"code":"string"}],"maxLength":0,"mustSupport":false,"isModifier":false,"isSummary":false,"mapping":[{"identity":"rim","map":".desc"}]},{"id":"Specimen.container.type","path":"Specimen.container.type","name":"Specimen.container.type","short":"Kind of container directly associated with specimen","definition":"The type of container associated with the specimen (e.g. slide, aliquot, etc.).","min":0,"max":"1","type":[{"code":"CodeableConcept"}],"maxLength":0,"mustSupport":false,"isModifier":false,"isSummary":false,"binding":{"strength":"example","description":"Type of specimen container","valueSetReference":{"reference":"http://hl7.org/fhir/ValueSet/specimen-container-type"}},"mapping":[{"identity":"v2","map":"SPM-27"},{"identity":"rim","map":".code"}]},{"id":"Specimen.container.capacity","path":"Specimen.container.capacity","name":"Specimen.container.capacity","short":"Container volume or size","definition":"The capacity (volume or other measure) the container may contain.","min":0,"max":"1","type":[{"code":"Quantity","profile":["http://hl7.org/fhir/StructureDefinition/SimpleQuantity"]}],"maxLength":0,"mustSupport":false,"isModifier":false,"isSummary":false,"mapping":[{"identity":"v2","map":"one of: SAC 16, SAC17 and SAC 20, or SAC 21 and SAC 20"},{"identity":"rim","map":".quantity"}]},{"id":"Specimen.container.specimenQuantity","path":"Specimen.container.specimenQuantity","name":"Specimen.container.specimenQuantity","short":"Quantity of specimen within container","definition":"The quantity of specimen in the container; may be volume, dimensions, or other appropriate measurements, depending on the specimen type.","min":0,"max":"1","type":[{"code":"Quantity","profile":["http://hl7.org/fhir/StructureDefinition/SimpleQuantity"]}],"maxLength":0,"mustSupport":false,"isModifier":false,"isSummary":false,"mapping":[{"identity":"v2","map":"SAC-23 (value) SAC-24 (units"},{"identity":"rim","map":".playedRole[classCode=CONT].quantity"}]},{"id":"Specimen.container.additive[x]","path":"Specimen.container.additive[x]","name":"Specimen.container.additive[x]","short":"Additive associated with container","definition":"Introduced substance to preserve, maintain or enhance the specimen. Examples: Formalin, Citrate, EDTA.","min":0,"max":"1","type":[{"code":"CodeableConcept"},{"code":"Reference","profile":["http://hl7.org/fhir/us/shr/StructureDefinition/shr-core-Substance"]}],"maxLength":0,"mustSupport":false,"isModifier":false,"isSummary":false,"binding":{"strength":"example","description":"Substance added to specimen container","valueSetReference":{"reference":"http://hl7.org/fhir/ValueSet/v2-0371"}},"mapping":[{"identity":"v2","map":"SAC-27"},{"identity":"rim","map":".scopesRole[classCode=ADTV].player"}]}]},"differential":{"element":[{"id":"Specimen","path":"Specimen","name":"Specimen","short":"shr-core-Specimen","definition":"A specimen is a substance, physical object, or collection of objects, that the laboratory considers a single discrete, uniquely identified unit that is the subject of one or more steps in the laboratory workflow. A specimen may include multiple physical pieces as long as they are considered a single unit within the laboratory workflow. A specimen results from one to many specimen collection procedures, and may be contained in multiple specimen containers. Specimen may have one or more processing activities.","min":0,"type":[{"code":"Specimen"}],"maxLength":0,"mustSupport":false,"isModifier":false,"isSummary":false},{"id":"Specimen.extension","path":"Specimen.extension","name":"Specimen.extension","slicing":{"id":"2","discriminator":["url"],"ordered":false,"rules":"open"},"min":0,"maxLength":0,"mustSupport":false,"isModifier":false,"isSummary":false},{"id":"specimentreatment","path":"Specimen.extension","name":"specimentreatment","definition":"Additives added to the specimen.","min":0,"max":"*","base":{"path":"Specimen.extension","min":0,"max":"*"},"type":[{"code":"Extension","profile":["http://hl7.org/fhir/us/shr/StructureDefinition/shr-core-SpecimenTreatment-extension"]}],"maxLength":0,"mustSupport":false,"isModifier":false,"isSummary":false},{"id":"handlingrisk","path":"Specimen.extension","name":"handlingrisk","definition":"Cautions on the handling of this specimen.","min":0,"max":"*","base":{"path":"Specimen.extension","min":0,"max":"*"},"type":[{"code":"Extension","profile":["http://hl7.org/fhir/us/shr/StructureDefinition/shr-core-HandlingRisk-extension"]}],"maxLength":0,"mustSupport":false,"isModifier":false,"isSummary":false},{"id":"specialhandling","path":"Specimen.extension","name":"specialhandling","definition":"Information about the proper handling of the specimen.","min":0,"max":"*","base":{"path":"Specimen.extension","min":0,"max":"*"},"type":[{"code":"Extension","profile":["http://hl7.org/fhir/us/shr/StructureDefinition/shr-core-SpecialHandling-extension"]}],"maxLength":0,"mustSupport":false,"isModifier":false,"isSummary":false},{"id":"Specimen.type","path":"Specimen.type","name":"Specimen.type","min":1,"max":"1","base":{"path":"Specimen.type","min":0,"max":"1"},"maxLength":0,"mustSupport":false,"isModifier":false,"isSummary":false,"binding":{"strength":"required","description":"The type of the specimen.","valueSetReference":{"reference":"http://hl7.org/fhir/ValueSet/v2-0487"}}},{"id":"Specimen.parent","path":"Specimen.parent","name":"Specimen.parent","min":0,"max":"1","base":{"path":"Specimen.parent","min":0,"max":"*"},"type":[{"code":"Reference","profile":["http://hl7.org/fhir/us/shr/StructureDefinition/shr-core-Specimen"]}],"maxLength":0,"mustSupport":false,"isModifier":false,"isSummary":false},{"id":"Specimen.subject","path":"Specimen.subject","name":"Specimen.subject","min":0,"type":[{"code":"Reference","profile":["http://hl7.org/fhir/us/shr/StructureDefinition/shr-core-Patient","http://hl7.org/fhir/us/shr/StructureDefinition/shr-core-Group","http://hl7.org/fhir/us/shr/StructureDefinition/shr-core-Device","http://hl7.org/fhir/us/shr/StructureDefinition/shr-core-Substance"]}],"maxLength":0,"mustSupport":false,"isModifier":false,"isSummary":false},{"id":"Specimen.collection","path":"Specimen.collection","name":"Specimen.collection","min":0,"maxLength":0,"mustSupport":false,"isModifier":false,"isSummary":false},{"id":"Specimen.collection.bodySite","path":"Specimen.collection.bodySite","name":"Specimen.collection.bodySite","min":0,"maxLength":0,"mustSupport":false,"isModifier":false,"isSummary":false,"binding":{"strength":"preferred","valueSetReference":{"reference":"http://hl7.org/fhir/us/projectURL/shr/core/vs/BodySiteVS"}}},{"id":"Specimen.collection.bodySite.extension","path":"Specimen.collection.bodySite.extension","name":"Specimen.collection.bodySite.extension","slicing":{"id":"1","discriminator":["url"],"ordered":false,"rules":"open"},"min":0,"maxLength":0,"mustSupport":false,"isModifier":false,"isSummary":false},{"id":"laterality","path":"Specimen.collection.bodySite.extension","name":"laterality","definition":"Anatomical location or specimen further detailing the side(s) of interest.","min":0,"max":"1","base":{"path":"Specimen.collection.bodySite.extension","min":0,"max":"*"},"type":[{"code":"Extension","profile":["http://hl7.org/fhir/us/shr/StructureDefinition/shr-core-Laterality-extension"]}],"maxLength":0,"mustSupport":false,"isModifier":false,"isSummary":false},{"id":"anatomicaldirection","path":"Specimen.collection.bodySite.extension","name":"anatomicaldirection","definition":"Anatomical location or specimen further detailing directionality.","min":0,"max":"1","base":{"path":"Specimen.collection.bodySite.extension","min":0,"max":"*"},"type":[{"code":"Extension","profile":["http://hl7.org/fhir/us/shr/StructureDefinition/shr-core-AnatomicalDirection-extension"]}],"maxLength":0,"mustSupport":false,"isModifier":false,"isSummary":false},{"id":"clockdirection","path":"Specimen.collection.bodySite.extension","name":"clockdirection","definition":"A direction indicated by an angle relative to 12 o'clock.","min":0,"max":"1","base":{"path":"Specimen.collection.bodySite.extension","min":0,"max":"*"},"type":[{"code":"Extension","profile":["http://hl7.org/fhir/us/shr/StructureDefinition/shr-core-ClockDirection-extension"]}],"maxLength":0,"mustSupport":false,"isModifier":false,"isSummary":false},{"id":"commentordescription","path":"Specimen.collection.bodySite.extension","name":"commentordescription","definition":"A text note containing additional details, explanation, description, comment, or summarization.","min":0,"max":"1","base":{"path":"Specimen.collection.bodySite.extension","min":0,"max":"*"},"type":[{"code":"Extension","profile":["http://hl7.org/fhir/us/shr/StructureDefinition/shr-core-CommentOrDescription-extension"]}],"maxLength":0,"mustSupport":false,"isModifier":false,"isSummary":false},{"id":"attachment","path":"Specimen.collection.bodySite.extension","name":"attachment","definition":"A file that contains audio, video, image, or similar content.","min":0,"max":"*","base":{"path":"Specimen.collection.bodySite.extension","min":0,"max":"*"},"type":[{"code":"Extension","profile":["http://hl7.org/fhir/us/shr/StructureDefinition/shr-core-Attachment-extension"]}],"maxLength":0,"mustSupport":false,"isModifier":false,"isSummary":false},{"id":"distancefromlandmark","path":"Specimen.collection.bodySite.extension","name":"distancefromlandmark","definition":"How far the anatomical location of interest is from the given landmark","min":0,"max":"1","base":{"path":"Specimen.collection.bodySite.extension","min":0,"max":"*"},"type":[{"code":"Extension","profile":["http://hl7.org/fhir/us/shr/StructureDefinition/shr-core-DistanceFromLandmark-extension"]}],"maxLength":0,"mustSupport":false,"isModifier":false,"isSummary":false},{"id":"Specimen.container","path":"Specimen.container","name":"Specimen.container","min":0,"maxLength":0,"mustSupport":false,"isModifier":false,"isSummary":false},{"id":"Specimen.container.additive[x]","path":"Specimen.container.additive[x]","name":"Specimen.container.additive[x]","min":0,"type":[{"code":"CodeableConcept"},{"code":"Reference","profile":["http://hl7.org/fhir/us/shr/StructureDefinition/shr-core-Substance"]}],"maxLength":0,"mustSupport":false,"isModifier":false,"isSummary":false}]}}