{"resourceType":"StructureDefinition","id":"shr-base-RelatedRequest-extension","text":{"status":"generated","div":"<div xmlns=\"http://www.w3.org/1999/xhtml\">\n  <p><b>RelatedRequest Extension</b></p>\n  <p>The proposal, order, or plan that is partly or wholly fulfilled by the performance of this act.</p>\n</div>"},"url":"http://hl7.org/fhir/us/fhirURL/StructureDefinition/shr-base-RelatedRequest-extension","identifier":[{"system":"http://hl7.org/fhir/us/projectURL","value":"shr.base.RelatedRequest"}],"version":"0.6.0","name":"RelatedRequest","display":"shr-base-RelatedRequest","status":"draft","publisher":"The MITRE Corporation","contact":[{"telecom":[{"system":"other","value":"http://www.hl7.org/Special/committees/cic/index.cfm","rank":0}]}],"date":"2019-02-08T00:00:00-05:00","description":"The proposal, order, or plan that is partly or wholly fulfilled by the performance of this act.","fhirVersion":"1.0.2","kind":"datatype","constrainedType":"Extension","abstract":false,"contextType":"resource","context":["*"],"base":"http://hl7.org/fhir/StructureDefinition/Extension","snapshot":{"element":[{"id":"Extension","path":"Extension","name":"Extension","short":"RelatedRequest","definition":"The proposal, order, or plan that is partly or wholly fulfilled by the performance of this act.","min":0,"max":"*","base":{"path":"Extension","min":0,"max":"1"},"type":[{"code":"Extension"}],"maxLength":0,"mustSupport":false,"isModifier":false,"isSummary":false},{"id":"Extension.id","path":"Extension.id","representation":["xmlAttr"],"name":"Extension.id","short":"xml:id (or equivalent in JSON)","definition":"unique id for the element within a resource (for internal references). This may be any string value that does not contain spaces.","min":0,"max":"1","base":{"path":"Element.id","min":0,"max":"1"},"type":[{"code":"string"}],"maxLength":0,"mustSupport":false,"isModifier":false,"isSummary":false,"mapping":[{"identity":"rim","map":"N/A"}]},{"id":"extension","path":"Extension.extension","name":"extension","short":"Extension","definition":"An Extension","min":0,"max":"0","base":{"path":"Element.extension","min":0,"max":"*"},"type":[{"code":"Extension"}],"maxLength":0,"mustSupport":false,"isModifier":false,"isSummary":false},{"id":"Extension.url","path":"Extension.url","representation":["xmlAttr"],"name":"Extension.url","short":"identifies the meaning of the extension","definition":"Source of the definition for the extension code - a logical name or a URL.","min":1,"max":"1","base":{"path":"Extension.url","min":1,"max":"1"},"type":[{"code":"uri"}],"fixedUri":"http://hl7.org/fhir/us/fhirURL/StructureDefinition/shr-base-RelatedRequest-extension","maxLength":0,"mustSupport":false,"isModifier":false,"isSummary":false,"mapping":[{"identity":"rim","map":"N/A"}]},{"id":"Extension.valueReference","path":"Extension.valueReference","name":"Extension.valueReference","short":"Value of extension","definition":"Value of extension - may be a resource or one of a constrained set of the data types (see Extensibility in the spec for list).","min":1,"max":"1","base":{"path":"Extension.value[x]","min":0,"max":"1"},"type":[{"code":"Reference","profile":["http://hl7.org/fhir/us/fhirURL/StructureDefinition/shr-base-ActionRequested"]}],"maxLength":0,"mustSupport":false,"isModifier":false,"isSummary":false,"mapping":[{"identity":"rim","map":"N/A"}]}]},"differential":{"element":[{"id":"Extension","path":"Extension","name":"Extension","short":"RelatedRequest","definition":"The proposal, order, or plan that is partly or wholly fulfilled by the performance of this act.","min":0,"max":"*","type":[{"code":"Extension"}],"maxLength":0,"mustSupport":false,"isModifier":false,"isSummary":false},{"id":"Extension.extension","path":"Extension.extension","name":"Extension.extension","min":0,"max":"0","maxLength":0,"mustSupport":false,"isModifier":false,"isSummary":false},{"id":"Extension.url","path":"Extension.url","name":"Extension.url","min":0,"type":[{"code":"uri"}],"fixedUri":"http://hl7.org/fhir/us/fhirURL/StructureDefinition/shr-base-RelatedRequest-extension","maxLength":0,"mustSupport":false,"isModifier":false,"isSummary":false},{"id":"Extension.valueReference","path":"Extension.valueReference","name":"Extension.valueReference","min":1,"type":[{"code":"Reference","profile":["http://hl7.org/fhir/us/fhirURL/StructureDefinition/shr-base-ActionRequested"]}],"maxLength":0,"mustSupport":false,"isModifier":false,"isSummary":false}]}}