{"resourceType":"StructureDefinition","id":"oncocore-TotalRadiationDoseDelivered-extension","text":{"status":"generated","div":"<div xmlns=\"http://www.w3.org/1999/xhtml\">\n  <p><b>TotalRadiationDoseDelivered Extension</b></p>\n  <p>The total amount of radiation dose delivered for the course of therapy. (source: SNOMED, ASTRO)</p>\n</div>"},"url":"http://hl7.org/fhir/us/fhirURL/StructureDefinition/oncocore-TotalRadiationDoseDelivered-extension","identifier":[{"system":"http://hl7.org/fhir/us/projectURL","value":"oncocore.TotalRadiationDoseDelivered"}],"version":"0.6.0","name":"TotalRadiationDoseDelivered","display":"oncocore-TotalRadiationDoseDelivered","status":"draft","publisher":"The MITRE Corporation","contact":[{"telecom":[{"system":"other","value":"http://www.hl7.org/Special/committees/cic/index.cfm","rank":0}]}],"date":"2019-02-07T00:00:00-05:00","description":"The total amount of radiation dose delivered for the course of therapy. (source: SNOMED, ASTRO)","fhirVersion":"1.0.2","kind":"datatype","constrainedType":"Extension","abstract":false,"contextType":"resource","context":["*"],"base":"http://hl7.org/fhir/StructureDefinition/Extension","snapshot":{"element":[{"id":"Extension","path":"Extension","name":"Extension","short":"TotalRadiationDoseDelivered","definition":"The total amount of radiation dose delivered for the course of therapy. (source: SNOMED, ASTRO)","min":0,"max":"*","base":{"path":"Extension","min":0,"max":"1"},"type":[{"code":"Extension"}],"maxLength":0,"mustSupport":false,"isModifier":false,"isSummary":false},{"id":"Extension.id","path":"Extension.id","representation":["xmlAttr"],"name":"Extension.id","short":"xml:id (or equivalent in JSON)","definition":"unique id for the element within a resource (for internal references). This may be any string value that does not contain spaces.","min":0,"max":"1","base":{"path":"Element.id","min":0,"max":"1"},"type":[{"code":"string"}],"maxLength":0,"mustSupport":false,"isModifier":false,"isSummary":false,"mapping":[{"identity":"rim","map":"N/A"}]},{"id":"extension","path":"Extension.extension","name":"extension","short":"Extension","definition":"An Extension","min":0,"max":"0","base":{"path":"Element.extension","min":0,"max":"*"},"type":[{"code":"Extension"}],"maxLength":0,"mustSupport":false,"isModifier":false,"isSummary":false},{"id":"Extension.url","path":"Extension.url","representation":["xmlAttr"],"name":"Extension.url","short":"identifies the meaning of the extension","definition":"Source of the definition for the extension code - a logical name or a URL.","min":1,"max":"1","base":{"path":"Extension.url","min":1,"max":"1"},"type":[{"code":"uri"}],"fixedUri":"http://hl7.org/fhir/us/fhirURL/StructureDefinition/oncocore-TotalRadiationDoseDelivered-extension","maxLength":0,"mustSupport":false,"isModifier":false,"isSummary":false,"mapping":[{"identity":"rim","map":"N/A"}]},{"id":"Extension.valueQuantity","path":"Extension.valueQuantity","name":"Extension.valueQuantity","short":"Value of extension","definition":"Value of extension - may be a resource or one of a constrained set of the data types (see Extensibility in the spec for list).","min":1,"max":"1","base":{"path":"Extension.value[x]","min":0,"max":"1"},"type":[{"code":"Quantity"}],"maxLength":0,"mustSupport":false,"isModifier":false,"isSummary":false,"mapping":[{"identity":"rim","map":"N/A"}]},{"id":"Extension.valueQuantity.id","path":"Extension.valueQuantity.id","representation":["xmlAttr"],"name":"Extension.valueQuantity.id","short":"xml:id (or equivalent in JSON)","definition":"unique id for the element within a resource (for internal references).","min":0,"max":"1","type":[{"code":"id"}],"maxLength":0,"mustSupport":false,"isModifier":false,"isSummary":false,"mapping":[{"identity":"rim","map":"n/a"}]},{"id":"Extension.valueQuantity.extension","path":"Extension.valueQuantity.extension","name":"Extension.valueQuantity.extension","short":"Additional Content defined by implementations","definition":"May be used to represent additional information that is not part of the basic definition of the element. In order to make the use of extensions safe and manageable, there is a strict set of governance  applied to the definition and use of extensions. Though any implementer is allowed to define an extension, there is a set of requirements that SHALL be met as part of the definition of the extension.","comments":"There can be no stigma associated with the use of extensions by any application, project, or standard - regardless of the institution or jurisdiction that uses or defines the extensions.  The use of extensions is what allows the FHIR specification to retain a core level of simplicity for everyone.","alias":["extensions","user content"],"min":0,"max":"*","type":[{"code":"Extension"}],"maxLength":0,"mustSupport":false,"isModifier":false,"isSummary":false,"mapping":[{"identity":"rim","map":"n/a"}]},{"id":"Extension.valueQuantity.value","path":"Extension.valueQuantity.value","name":"Extension.valueQuantity.value","short":"Numerical value (with implicit precision)","definition":"The value of the measured amount. The value includes an implicit precision in the presentation of the value.","comments":"The implicit precision in the value should always be honored. Monetary values have their own rules for handling precision (refer to standard accounting text books).","requirements":"Precision is handled implicitly in almost all cases of measurement.","min":0,"max":"1","type":[{"code":"decimal"}],"maxLength":0,"mustSupport":false,"isModifier":false,"isSummary":true,"mapping":[{"identity":"v2","map":"SN.2  / CQ - N/A"},{"identity":"rim","map":"PQ.value, CO.value, MO.value, IVL.high or IVL.low depending on the value"}]},{"id":"Extension.valueQuantity.comparator","path":"Extension.valueQuantity.comparator","name":"Extension.valueQuantity.comparator","short":"< | <= | >= | > - how to understand the value","definition":"How the value should be understood and represented - whether the actual value is greater or less than the stated value due to measurement issues; e.g. if the comparator is \"<\" , then the real value is < stated value.","comments":"This is labeled as \"Is Modifier\" because the comparator modifies the interpretation of the value significantly. If there is no comparator, then there is no modification of the value.","requirements":"Need a framework for handling measures where the value is <5ug/L or >400mg/L due to the limitations of measuring methodology.","min":0,"max":"1","type":[{"code":"code"}],"meaningWhenMissing":"If there is no comparator, then there is no modification of the value","maxLength":0,"mustSupport":false,"isModifier":true,"isSummary":true,"binding":{"strength":"required","description":"How the Quantity should be understood and represented.","valueSetReference":{"reference":"http://hl7.org/fhir/ValueSet/quantity-comparator"}},"mapping":[{"identity":"v2","map":"SN.1  / CQ.1"},{"identity":"rim","map":"IVL properties"}]},{"id":"Extension.valueQuantity.unit","path":"Extension.valueQuantity.unit","name":"Extension.valueQuantity.unit","short":"Unit representation","definition":"A human-readable form of the unit.","requirements":"There are many representations for units of measure and in many contexts, particular representations are fixed and required. I.e. mcg for micrograms.","min":0,"max":"1","type":[{"code":"string"}],"maxLength":0,"mustSupport":false,"isModifier":false,"isSummary":true,"mapping":[{"identity":"v2","map":"(see OBX.6 etc.) / CQ.2"},{"identity":"rim","map":"PQ.unit"}]},{"id":"Extension.valueQuantity.system","path":"Extension.valueQuantity.system","name":"Extension.valueQuantity.system","short":"System that defines coded unit form","definition":"The identification of the system that provides the coded form of the unit.","requirements":"Need to know the system that defines the coded form of the unit.","min":0,"max":"1","type":[{"code":"uri"}],"fixedUri":"http://unitsofmeasure.org","maxLength":0,"condition":["qty-3"],"mustSupport":false,"isModifier":false,"isSummary":true,"mapping":[{"identity":"v2","map":"(see OBX.6 etc.) / CQ.2"},{"identity":"rim","map":"CO.codeSystem, PQ.translation.codeSystem"}]},{"id":"Extension.valueQuantity.code","path":"Extension.valueQuantity.code","name":"Extension.valueQuantity.code","short":"Coded form of the unit","definition":"A computer processable form of the unit in some unit representation system.","comments":"The preferred system is UCUM, but SNOMED CT can also be used (for customary units) or ISO 4217 for currency.  The context of use may additionally require a code from a particular system.","requirements":"Need a computable form of the unit that is fixed across all forms. UCUM provides this for quantities, but SNOMED CT provides many units of interest.","min":0,"max":"1","type":[{"code":"code"}],"fixedCode":"Gy","maxLength":0,"mustSupport":false,"isModifier":false,"isSummary":true,"mapping":[{"identity":"v2","map":"(see OBX.6 etc.) / CQ.2"},{"identity":"rim","map":"PQ.code, MO.currency, PQ.translation.code"}]}]},"differential":{"element":[{"id":"Extension","path":"Extension","name":"Extension","short":"TotalRadiationDoseDelivered","definition":"The total amount of radiation dose delivered for the course of therapy. (source: SNOMED, ASTRO)","min":0,"max":"*","type":[{"code":"Extension"}],"maxLength":0,"mustSupport":false,"isModifier":false,"isSummary":false},{"id":"Extension.extension","path":"Extension.extension","name":"Extension.extension","min":0,"max":"0","maxLength":0,"mustSupport":false,"isModifier":false,"isSummary":false},{"id":"Extension.url","path":"Extension.url","name":"Extension.url","min":0,"type":[{"code":"uri"}],"fixedUri":"http://hl7.org/fhir/us/fhirURL/StructureDefinition/oncocore-TotalRadiationDoseDelivered-extension","maxLength":0,"mustSupport":false,"isModifier":false,"isSummary":false},{"id":"Extension.valueQuantity","path":"Extension.valueQuantity","name":"Extension.valueQuantity","min":1,"type":[{"code":"Quantity"}],"maxLength":0,"mustSupport":false,"isModifier":false,"isSummary":false},{"id":"Extension.valueQuantity.system","path":"Extension.valueQuantity.system","name":"Extension.valueQuantity.system","min":0,"fixedUri":"http://unitsofmeasure.org","maxLength":0,"mustSupport":false,"isModifier":false,"isSummary":false},{"id":"Extension.valueQuantity.code","path":"Extension.valueQuantity.code","name":"Extension.valueQuantity.code","min":0,"fixedCode":"Gy","maxLength":0,"mustSupport":false,"isModifier":false,"isSummary":false}]}}