{"resourceType":"StructureDefinition","id":"shr-core-BodySite-extension","text":{"status":"generated","div":"<div xmlns=\"http://www.w3.org/1999/xhtml\">\n  <p><b>BodySite Extension</b></p>\n  <p>A location or structure in the body, including tissues, regions, cavities, and spaces; for example, right elbow, or left ventricle of the heart.</p>\n</div>"},"url":"http://hl7.org/fhir/us/fhirURL/StructureDefinition/shr-core-BodySite-extension","identifier":[{"system":"http://hl7.org/fhir/us/projectURL","value":"shr.core.BodySite"}],"version":"0.6.0","name":"BodySite","display":"shr-core-BodySite","status":"draft","publisher":"The MITRE Corporation","contact":[{"telecom":[{"system":"other","value":"http://www.hl7.org/Special/committees/cic/index.cfm","rank":0}]}],"date":"2019-02-07T00:00:00-05:00","description":"A location or structure in the body, including tissues, regions, cavities, and spaces; for example, right elbow, or left ventricle of the heart.","fhirVersion":"1.0.2","kind":"datatype","constrainedType":"Extension","abstract":false,"contextType":"resource","context":["*"],"base":"http://hl7.org/fhir/StructureDefinition/Extension","snapshot":{"element":[{"id":"Extension","path":"Extension","name":"Extension","short":"BodySite","definition":"A location or structure in the body, including tissues, regions, cavities, and spaces; for example, right elbow, or left ventricle of the heart.","min":0,"max":"*","base":{"path":"Extension","min":0,"max":"1"},"type":[{"code":"Extension"}],"maxLength":0,"mustSupport":false,"isModifier":false,"isSummary":false},{"id":"Extension.id","path":"Extension.id","representation":["xmlAttr"],"name":"Extension.id","short":"xml:id (or equivalent in JSON)","definition":"unique id for the element within a resource (for internal references). This may be any string value that does not contain spaces.","min":0,"max":"1","base":{"path":"Element.id","min":0,"max":"1"},"type":[{"code":"string"}],"maxLength":0,"mustSupport":false,"isModifier":false,"isSummary":false,"mapping":[{"identity":"rim","map":"N/A"}]},{"id":"Extension.extension","path":"Extension.extension","name":"Extension.extension","slicing":{"id":"1","discriminator":["url"],"ordered":false,"rules":"open"},"short":"Extension","definition":"An Extension","min":0,"max":"*","base":{"path":"Element.extension","min":0,"max":"*"},"type":[{"code":"Extension"}],"maxLength":0,"mustSupport":false,"isModifier":false,"isSummary":false},{"id":"bodysitecode","path":"Extension.extension","name":"bodysitecode","definition":"Code for the anatomical location or landmark, without laterality, direction, or other modifiers needed to completely specify the body site.","min":1,"max":"1","base":{"path":"Extension.extension","min":0,"max":"1"},"type":[{"code":"Extension","profile":["http://hl7.org/fhir/us/fhirURL/StructureDefinition/shr-core-BodySiteCode-extension"]}],"maxLength":0,"mustSupport":false,"isModifier":false,"isSummary":false,"mapping":[{"identity":"rim","map":"N/A"}]},{"id":"laterality","path":"Extension.extension","name":"laterality","definition":"Anatomical location or specimen further detailing the side(s) of interest.","min":0,"max":"1","base":{"path":"Extension.extension","min":0,"max":"1"},"type":[{"code":"Extension","profile":["http://hl7.org/fhir/us/fhirURL/StructureDefinition/shr-core-Laterality-extension"]}],"maxLength":0,"mustSupport":false,"isModifier":false,"isSummary":false,"mapping":[{"identity":"rim","map":"N/A"}]},{"id":"distancefromlandmark","path":"Extension.extension","name":"distancefromlandmark","definition":"How far the anatomical location of interest is from the given landmark","min":0,"max":"1","base":{"path":"Extension.extension","min":0,"max":"1"},"type":[{"code":"Extension","profile":["http://hl7.org/fhir/us/fhirURL/StructureDefinition/shr-core-DistanceFromLandmark-extension"]}],"maxLength":0,"mustSupport":false,"isModifier":false,"isSummary":false,"mapping":[{"identity":"rim","map":"N/A"}]},{"id":"anatomicaldirection","path":"Extension.extension","name":"anatomicaldirection","definition":"Anatomical location or specimen further detailing directionality.","min":0,"max":"1","base":{"path":"Extension.extension","min":0,"max":"1"},"type":[{"code":"Extension","profile":["http://hl7.org/fhir/us/fhirURL/StructureDefinition/shr-core-AnatomicalDirection-extension"]}],"maxLength":0,"mustSupport":false,"isModifier":false,"isSummary":false,"mapping":[{"identity":"rim","map":"N/A"}]},{"id":"clockdirection","path":"Extension.extension","name":"clockdirection","definition":"A direction indicated by an angle relative to 12 o'clock.","min":0,"max":"1","base":{"path":"Extension.extension","min":0,"max":"1"},"type":[{"code":"Extension","profile":["http://hl7.org/fhir/us/fhirURL/StructureDefinition/shr-core-ClockDirection-extension"]}],"maxLength":0,"mustSupport":false,"isModifier":false,"isSummary":false,"mapping":[{"identity":"rim","map":"N/A"}]},{"id":"commentordescription","path":"Extension.extension","name":"commentordescription","definition":"A text note containing additional details, explanation, description, comment, or summarization.","min":0,"max":"1","base":{"path":"Extension.extension","min":0,"max":"1"},"type":[{"code":"Extension","profile":["http://hl7.org/fhir/us/fhirURL/StructureDefinition/shr-core-CommentOrDescription-extension"]}],"maxLength":0,"mustSupport":false,"isModifier":false,"isSummary":false,"mapping":[{"identity":"rim","map":"N/A"}]},{"id":"media","path":"Extension.extension","name":"media","definition":"A file that contains audio, video, image, or similar content.","min":0,"max":"*","base":{"path":"Extension.extension","min":0,"max":"1"},"type":[{"code":"Extension","profile":["http://hl7.org/fhir/us/fhirURL/StructureDefinition/shr-core-Media-extension"]}],"maxLength":0,"mustSupport":false,"isModifier":false,"isSummary":false,"mapping":[{"identity":"rim","map":"N/A"}]},{"id":"Extension.url","path":"Extension.url","representation":["xmlAttr"],"name":"Extension.url","short":"identifies the meaning of the extension","definition":"Source of the definition for the extension code - a logical name or a URL.","min":1,"max":"1","base":{"path":"Extension.url","min":1,"max":"1"},"type":[{"code":"uri"}],"fixedUri":"http://hl7.org/fhir/us/fhirURL/StructureDefinition/shr-core-BodySite-extension","maxLength":0,"mustSupport":false,"isModifier":false,"isSummary":false,"mapping":[{"identity":"rim","map":"N/A"}]},{"id":"Extension.value[x]","path":"Extension.value[x]","name":"Extension.value[x]","short":"Value of extension","definition":"Value of extension - may be a resource or one of a constrained set of the data types (see Extensibility in the spec for list).","min":0,"max":"0","base":{"path":"Extension.value[x]","min":0,"max":"1"},"type":[{"code":"base64Binary"},{"code":"boolean"},{"code":"code"},{"code":"date"},{"code":"dateTime"},{"code":"decimal"},{"code":"id"},{"code":"instant"},{"code":"integer"},{"code":"markdown"},{"code":"oid"},{"code":"positiveInt"},{"code":"string"},{"code":"time"},{"code":"unsignedInt"},{"code":"uri"},{"code":"Address"},{"code":"Age"},{"code":"Annotation"},{"code":"Attachment"},{"code":"CodeableConcept"},{"code":"Coding"},{"code":"ContactPoint"},{"code":"Count"},{"code":"Distance"},{"code":"Duration"},{"code":"HumanName"},{"code":"Identifier"},{"code":"Money"},{"code":"Period"},{"code":"Quantity"},{"code":"Range"},{"code":"Ratio"},{"code":"Reference"},{"code":"SampledData"},{"code":"Signature"},{"code":"Timing"},{"code":"Meta"}],"maxLength":0,"mustSupport":false,"isModifier":false,"isSummary":false,"mapping":[{"identity":"rim","map":"N/A"}]}]},"differential":{"element":[{"id":"Extension","path":"Extension","name":"Extension","short":"BodySite","definition":"A location or structure in the body, including tissues, regions, cavities, and spaces; for example, right elbow, or left ventricle of the heart.","min":0,"max":"*","type":[{"code":"Extension"}],"maxLength":0,"mustSupport":false,"isModifier":false,"isSummary":false},{"id":"bodysitecode","path":"Extension.extension","name":"bodysitecode","definition":"Code for the anatomical location or landmark, without laterality, direction, or other modifiers needed to completely specify the body site.","min":1,"max":"1","type":[{"code":"Extension","profile":["http://hl7.org/fhir/us/fhirURL/StructureDefinition/shr-core-BodySiteCode-extension"]}],"maxLength":0,"mustSupport":false,"isModifier":false,"isSummary":false},{"id":"laterality","path":"Extension.extension","name":"laterality","definition":"Anatomical location or specimen further detailing the side(s) of interest.","min":0,"max":"1","type":[{"code":"Extension","profile":["http://hl7.org/fhir/us/fhirURL/StructureDefinition/shr-core-Laterality-extension"]}],"maxLength":0,"mustSupport":false,"isModifier":false,"isSummary":false},{"id":"distancefromlandmark","path":"Extension.extension","name":"distancefromlandmark","definition":"How far the anatomical location of interest is from the given landmark","min":0,"max":"1","type":[{"code":"Extension","profile":["http://hl7.org/fhir/us/fhirURL/StructureDefinition/shr-core-DistanceFromLandmark-extension"]}],"maxLength":0,"mustSupport":false,"isModifier":false,"isSummary":false},{"id":"anatomicaldirection","path":"Extension.extension","name":"anatomicaldirection","definition":"Anatomical location or specimen further detailing directionality.","min":0,"max":"1","type":[{"code":"Extension","profile":["http://hl7.org/fhir/us/fhirURL/StructureDefinition/shr-core-AnatomicalDirection-extension"]}],"maxLength":0,"mustSupport":false,"isModifier":false,"isSummary":false},{"id":"clockdirection","path":"Extension.extension","name":"clockdirection","definition":"A direction indicated by an angle relative to 12 o'clock.","min":0,"max":"1","type":[{"code":"Extension","profile":["http://hl7.org/fhir/us/fhirURL/StructureDefinition/shr-core-ClockDirection-extension"]}],"maxLength":0,"mustSupport":false,"isModifier":false,"isSummary":false},{"id":"commentordescription","path":"Extension.extension","name":"commentordescription","definition":"A text note containing additional details, explanation, description, comment, or summarization.","min":0,"max":"1","type":[{"code":"Extension","profile":["http://hl7.org/fhir/us/fhirURL/StructureDefinition/shr-core-CommentOrDescription-extension"]}],"maxLength":0,"mustSupport":false,"isModifier":false,"isSummary":false},{"id":"media","path":"Extension.extension","name":"media","definition":"A file that contains audio, video, image, or similar content.","min":0,"max":"*","type":[{"code":"Extension","profile":["http://hl7.org/fhir/us/fhirURL/StructureDefinition/shr-core-Media-extension"]}],"maxLength":0,"mustSupport":false,"isModifier":false,"isSummary":false},{"id":"Extension.url","path":"Extension.url","name":"Extension.url","min":0,"type":[{"code":"uri"}],"fixedUri":"http://hl7.org/fhir/us/fhirURL/StructureDefinition/shr-core-BodySite-extension","maxLength":0,"mustSupport":false,"isModifier":false,"isSummary":false},{"id":"Extension.value[x]","path":"Extension.value[x]","name":"Extension.value[x]","min":0,"max":"0","maxLength":0,"mustSupport":false,"isModifier":false,"isSummary":false}]}}