{"resourceType":"StructureDefinition","id":"oncocore-RadiationFractionsDelivered-extension","text":{"status":"generated","div":"<div xmlns=\"http://www.w3.org/1999/xhtml\">\n  <p><b>RadiationFractionsDelivered Extension</b></p>\n  <p>The total number of treatment sessions (fractions) administered during a course of radiation therapy therapy. A fraction is a portion of the total radiation dose, delivered as a series of treatments that make up the full course of radiotherapy. (source: LOINC)</p>\n</div>"},"url":"http://hl7.org/fhir/us/fhirURL/StructureDefinition/oncocore-RadiationFractionsDelivered-extension","identifier":[{"system":"http://hl7.org/fhir/us/projectURL","value":"oncocore.RadiationFractionsDelivered"}],"version":"0.6.0","name":"RadiationFractionsDelivered","display":"oncocore-RadiationFractionsDelivered","status":"draft","publisher":"The MITRE Corporation","contact":[{"telecom":[{"system":"other","value":"http://www.hl7.org/Special/committees/cic/index.cfm","rank":0}]}],"date":"2019-02-08T00:00:00-05:00","description":"The total number of treatment sessions (fractions) administered during a course of radiation therapy therapy. A fraction is a portion of the total radiation dose, delivered as a series of treatments that make up the full course of radiotherapy. (source: LOINC)","fhirVersion":"1.0.2","kind":"datatype","constrainedType":"Extension","abstract":false,"contextType":"resource","context":["*"],"base":"http://hl7.org/fhir/StructureDefinition/Extension","snapshot":{"element":[{"id":"Extension","path":"Extension","name":"Extension","short":"RadiationFractionsDelivered","definition":"The total number of treatment sessions (fractions) administered during a course of radiation therapy therapy. A fraction is a portion of the total radiation dose, delivered as a series of treatments that make up the full course of radiotherapy. (source: LOINC)","min":0,"max":"*","base":{"path":"Extension","min":0,"max":"1"},"type":[{"code":"Extension"}],"maxLength":0,"mustSupport":false,"isModifier":false,"isSummary":false},{"id":"Extension.id","path":"Extension.id","representation":["xmlAttr"],"name":"Extension.id","short":"xml:id (or equivalent in JSON)","definition":"unique id for the element within a resource (for internal references). This may be any string value that does not contain spaces.","min":0,"max":"1","base":{"path":"Element.id","min":0,"max":"1"},"type":[{"code":"string"}],"maxLength":0,"mustSupport":false,"isModifier":false,"isSummary":false,"mapping":[{"identity":"rim","map":"N/A"}]},{"id":"extension","path":"Extension.extension","name":"extension","short":"Extension","definition":"An Extension","min":0,"max":"0","base":{"path":"Element.extension","min":0,"max":"*"},"type":[{"code":"Extension"}],"maxLength":0,"mustSupport":false,"isModifier":false,"isSummary":false},{"id":"Extension.url","path":"Extension.url","representation":["xmlAttr"],"name":"Extension.url","short":"identifies the meaning of the extension","definition":"Source of the definition for the extension code - a logical name or a URL.","min":1,"max":"1","base":{"path":"Extension.url","min":1,"max":"1"},"type":[{"code":"uri"}],"fixedUri":"http://hl7.org/fhir/us/fhirURL/StructureDefinition/oncocore-RadiationFractionsDelivered-extension","maxLength":0,"mustSupport":false,"isModifier":false,"isSummary":false,"mapping":[{"identity":"rim","map":"N/A"}]},{"id":"Extension.valueQuantity","path":"Extension.valueQuantity","name":"Extension.valueQuantity","short":"Value of extension","definition":"Value of extension - may be a resource or one of a constrained set of the data types (see Extensibility in the spec for list).","min":1,"max":"1","base":{"path":"Extension.value[x]","min":0,"max":"1"},"type":[{"code":"Quantity"}],"maxLength":0,"mustSupport":false,"isModifier":false,"isSummary":false,"mapping":[{"identity":"rim","map":"N/A"}]}]},"differential":{"element":[{"id":"Extension","path":"Extension","name":"Extension","short":"RadiationFractionsDelivered","definition":"The total number of treatment sessions (fractions) administered during a course of radiation therapy therapy. A fraction is a portion of the total radiation dose, delivered as a series of treatments that make up the full course of radiotherapy. (source: LOINC)","min":0,"max":"*","type":[{"code":"Extension"}],"maxLength":0,"mustSupport":false,"isModifier":false,"isSummary":false},{"id":"Extension.extension","path":"Extension.extension","name":"Extension.extension","min":0,"max":"0","maxLength":0,"mustSupport":false,"isModifier":false,"isSummary":false},{"id":"Extension.url","path":"Extension.url","name":"Extension.url","min":0,"type":[{"code":"uri"}],"fixedUri":"http://hl7.org/fhir/us/fhirURL/StructureDefinition/oncocore-RadiationFractionsDelivered-extension","maxLength":0,"mustSupport":false,"isModifier":false,"isSummary":false},{"id":"Extension.valueQuantity","path":"Extension.valueQuantity","name":"Extension.valueQuantity","min":1,"type":[{"code":"Quantity"}],"maxLength":0,"mustSupport":false,"isModifier":false,"isSummary":false}]}}