{"resourceType":"StructureDefinition","id":"shr-core-Timing","text":{"status":"generated","div":"<div xmlns=\"http://www.w3.org/1999/xhtml\">\n  <p><b>Timing Profile</b></p>\n  <p>A timing schedule that specifies an event that may occur multiple times.\nTiming offers a choice of multiple OccurrenceTime (used is used to specify specific times), or recurrence patterns.</p>\n  <p><b>Mapping Summary</b></p>\n  <p><pre>shr.core.Timing maps to Timing:\n  OccurrenceTime maps to event\n  TimingCode maps to code\n  EventDuration.DurationRange.LowerBound.SimpleQuantity.Number maps to repeat.duration\n  EventDuration.DurationRange.UpperBound.SimpleQuantity.Number maps to repeat.durationMax\n  EventDuration.DurationRange.LowerBound.SimpleQuantity.Units.Coding.CodeValue maps to repeat.durationUnits // dstu 2 change (attribute name)\n  RecurrencePattern.RecurrenceInterval.Duration.Number maps to repeat.period\n  RecurrencePattern.RecurrenceInterval.Duration.Units.Coding.CodeValue maps to repeat.periodUnits\n  constrain repeat.periodMax to 0..0\n  RecurrencePattern.DailyLifeEvent maps to repeat.when\n  RecurrencePattern.CountPerInterval.MinCount maps to repeat.frequency\n  RecurrencePattern.CountPerInterval.MaxCount maps to repeat.frequencyMax\n</pre></p>\n</div>"},"url":"http://hl7.org/fhir/us/fhirURL/StructureDefinition/shr-core-Timing","identifier":[{"system":"http://hl7.org/fhir/us/projectURL","value":"shr.core.Timing"}],"version":"0.6.0","name":"Timing","display":"shr-core-Timing","status":"draft","publisher":"The MITRE Corporation","contact":[{"telecom":[{"system":"other","value":"http://www.hl7.org/Special/committees/cic/index.cfm","rank":0}]}],"date":"2019-02-08T00:00:00-05:00","description":"A timing schedule that specifies an event that may occur multiple times.\nTiming offers a choice of multiple OccurrenceTime (used is used to specify specific times), or recurrence patterns.","requirements":"Need to able to track proposed timing schedules. There are several different ways to do this: one or more specified times, a simple rules like three times a day, or  before/after meals.","fhirVersion":"1.0.2","mapping":[{"identity":"v2","uri":"http://hl7.org/v2","name":"HL7 v2"},{"identity":"rim","uri":"http://hl7.org/v3","name":"RIM"}],"kind":"datatype","constrainedType":"Timing","abstract":false,"base":"http://hl7.org/fhir/StructureDefinition/Timing","snapshot":{"element":[{"id":"Timing","path":"Timing","name":"Timing","short":"shr-core-Timing","definition":"A timing schedule that specifies an event that may occur multiple times.\nTiming offers a choice of multiple OccurrenceTime (used is used to specify specific times), or recurrence patterns.","comments":"A timing schedule can be either a list of events - intervals on which the event occurs, or a single event with repeating criteria or just repeating criteria with no actual event.  When both event and a repeating specification are provided, the list of events should be understood as an interpretation of the information in the repeat structure.","min":0,"max":"*","type":[{"code":"Timing"}],"maxLength":0,"mustSupport":false,"isModifier":false,"isSummary":true,"mapping":[{"identity":"v2","map":"N/A"},{"identity":"rim","map":"QSET<TS> (GTS)"}]},{"id":"Timing.id","path":"Timing.id","representation":["xmlAttr"],"name":"Timing.id","short":"xml:id (or equivalent in JSON)","definition":"unique id for the element within a resource (for internal references).","min":0,"max":"1","type":[{"code":"id"}],"maxLength":0,"mustSupport":false,"isModifier":false,"isSummary":false,"mapping":[{"identity":"rim","map":"n/a"}]},{"id":"Timing.extension","path":"Timing.extension","name":"Timing.extension","slicing":{"id":"1","discriminator":["url"],"ordered":false,"rules":"open"},"short":"Additional Content defined by implementations","definition":"May be used to represent additional information that is not part of the basic definition of the element. In order to make the use of extensions safe and manageable, there is a strict set of governance  applied to the definition and use of extensions. Though any implementer is allowed to define an extension, there is a set of requirements that SHALL be met as part of the definition of the extension.","comments":"There can be no stigma associated with the use of extensions by any application, project, or standard - regardless of the institution or jurisdiction that uses or defines the extensions.  The use of extensions is what allows the FHIR specification to retain a core level of simplicity for everyone.","alias":["extensions","user content"],"min":0,"max":"*","type":[{"code":"Extension"}],"maxLength":0,"mustSupport":false,"isModifier":false,"isSummary":false,"mapping":[{"identity":"rim","map":"n/a"}]},{"id":"recurrencerange","path":"Timing.extension","name":"recurrencerange","definition":"The start and end of the overall recurrence pattern in terms of dates/times or in terms of number of repeats. Could also be an event, such as when all doses are taken.","min":0,"max":"1","base":{"path":"Timing.extension","min":0,"max":"*"},"type":[{"code":"Extension","profile":["http://hl7.org/fhir/us/fhirURL/StructureDefinition/shr-core-RecurrenceRange-extension"]}],"maxLength":0,"mustSupport":false,"isModifier":false,"isSummary":false,"mapping":[{"identity":"shr","map":"<shr.core.RecurrenceRange>"}]},{"id":"Timing.event","path":"Timing.event","name":"Timing.event","short":"When the event occurs","definition":"Identifies specific times when the event occurs.","requirements":"In an MAR, for instance, you need to take a general specification, and turn it into a precise specification.","min":0,"max":"*","type":[{"code":"dateTime"}],"maxLength":0,"mustSupport":false,"isModifier":false,"isSummary":true,"mapping":[{"identity":"rim","map":"QLIST<TS>"},{"identity":"shr","map":"<shr.core.OccurrenceTime>"}]},{"id":"Timing.repeat","path":"Timing.repeat","name":"Timing.repeat","short":"When the event is to occur","definition":"A set of rules that describe when the event should occur.","requirements":"Many timing schedules are determined by regular repetitions.","min":0,"max":"1","type":[{"code":"Element"}],"maxLength":0,"constraint":[{"key":"tim-3","severity":"error","human":"Either frequency or when can exist, not both","xpath":"not((f:period or f:frequency) and f:when)"},{"key":"tim-1","severity":"error","human":"if there's a duration, there needs to be duration units","xpath":"not(exists(f:duration)) or exists(f:durationUnits)"},{"key":"tim-2","severity":"error","human":"if there's a period, there needs to be period units","xpath":"not(exists(f:period)) or exists(f:periodUnits)"},{"key":"tim-6","severity":"error","human":"If there's a periodMax, there must be a period","xpath":"not(exists(f:periodMax)) or exists(f:period)"},{"key":"tim-7","severity":"error","human":"If there's a durationMax, there must be a duration","xpath":"not(exists(f:durationMax)) or exists(f:duration)"}],"mustSupport":false,"isModifier":false,"isSummary":true,"mapping":[{"identity":"rim","map":"Implies PIVL or EIVL"}]},{"id":"Timing.repeat.id","path":"Timing.repeat.id","representation":["xmlAttr"],"name":"Timing.repeat.id","short":"xml:id (or equivalent in JSON)","definition":"unique id for the element within a resource (for internal references).","min":0,"max":"1","type":[{"code":"id"}],"maxLength":0,"mustSupport":false,"isModifier":false,"isSummary":false,"mapping":[{"identity":"rim","map":"n/a"}]},{"id":"Timing.repeat.extension","path":"Timing.repeat.extension","name":"Timing.repeat.extension","short":"Additional Content defined by implementations","definition":"May be used to represent additional information that is not part of the basic definition of the element. In order to make the use of extensions safe and manageable, there is a strict set of governance  applied to the definition and use of extensions. Though any implementer is allowed to define an extension, there is a set of requirements that SHALL be met as part of the definition of the extension.","comments":"There can be no stigma associated with the use of extensions by any application, project, or standard - regardless of the institution or jurisdiction that uses or defines the extensions.  The use of extensions is what allows the FHIR specification to retain a core level of simplicity for everyone.","alias":["extensions","user content"],"min":0,"max":"*","type":[{"code":"Extension"}],"maxLength":0,"mustSupport":false,"isModifier":false,"isSummary":false,"mapping":[{"identity":"rim","map":"n/a"}]},{"id":"Timing.repeat.bounds[x]","path":"Timing.repeat.bounds[x]","name":"Timing.repeat.bounds[x]","short":"Length/Range of lengths, or (Start and/or end) limits","definition":"Either a duration for the length of the timing schedule, a range of possible length, or outer bounds for start and/or end limits of the timing schedule.","min":0,"max":"1","type":[{"code":"Quantity","profile":["http://hl7.org/fhir/StructureDefinition/Duration"]},{"code":"Range"},{"code":"Period"}],"maxLength":0,"mustSupport":false,"isModifier":false,"isSummary":true,"mapping":[{"identity":"rim","map":"IVL(TS) used in a QSI"}]},{"id":"Timing.repeat.count","path":"Timing.repeat.count","name":"Timing.repeat.count","short":"Number of times to repeat","definition":"A total count of the desired number of repetitions.","comments":"If you have both bounds and count, then this should be understood as within the bounds period, until count times happens.","requirements":"Repetitions may be limited by end time or total occurrences.","min":0,"max":"1","type":[{"code":"integer"}],"maxLength":0,"mustSupport":false,"isModifier":false,"isSummary":true,"mapping":[{"identity":"rim","map":"PIVL.count"}]},{"id":"Timing.repeat.duration","path":"Timing.repeat.duration","name":"Timing.repeat.duration","short":"How long when it happens","definition":"How long this thing happens for when it happens.","comments":"For some events the duration is part of the definition of the event (e.g. IV infusions, where the duration is implicit in the specified quantity and rate). For others, it's part of the timing specification (e.g. exercise).","requirements":"Some activities are not instantaneous and need to be maintained for a period of time.","min":0,"max":"1","type":[{"code":"decimal"}],"maxLength":0,"constraint":[{"key":"tim-4","severity":"error","human":"duration SHALL be a non-negative value","xpath":"@value >= 0 or not(@value)"}],"mustSupport":false,"isModifier":false,"isSummary":true,"mapping":[{"identity":"rim","map":"PIVL.phase / EIVL.offset"},{"identity":"shr","map":"<shr.core.EventDuration>.<shr.core.DurationRange>.<shr.core.LowerBound>.<shr.core.SimpleQuantity>.<shr.core.Number>"}]},{"id":"Timing.repeat.durationMax","path":"Timing.repeat.durationMax","name":"Timing.repeat.durationMax","short":"How long when it happens (Max)","definition":"The upper limit of how long this thing happens for when it happens.","comments":"For some events the duration is part of the definition of the event (e.g. IV infusions, where the duration is implicit in the specified quantity and rate). For others, it's part of the timing specification (e.g. exercise).","requirements":"Some activities are not instantaneous and need to be maintained for a period of time.","min":0,"max":"1","type":[{"code":"decimal"}],"maxLength":0,"mustSupport":false,"isModifier":false,"isSummary":true,"mapping":[{"identity":"rim","map":"PIVL.phase / EIVL.offset"},{"identity":"shr","map":"<shr.core.EventDuration>.<shr.core.DurationRange>.<shr.core.UpperBound>.<shr.core.SimpleQuantity>.<shr.core.Number>"}]},{"id":"Timing.repeat.durationUnits","path":"Timing.repeat.durationUnits","name":"Timing.repeat.durationUnits","short":"s | min | h | d | wk | mo | a - unit of time (UCUM)","definition":"The units of time for the duration, in UCUM units.","min":0,"max":"1","type":[{"code":"code"}],"maxLength":0,"mustSupport":false,"isModifier":false,"isSummary":true,"binding":{"strength":"required","description":"A unit of time (units from UCUM).","valueSetReference":{"reference":"http://hl7.org/fhir/ValueSet/units-of-time"}},"mapping":[{"identity":"rim","map":"PIVL.phase.unit"},{"identity":"shr","map":"<shr.core.EventDuration>.<shr.core.DurationRange>.<shr.core.LowerBound>.<shr.core.SimpleQuantity>.<shr.core.Units>.<shr.core.Coding>.<shr.core.CodeValue>"}]},{"id":"Timing.repeat.frequency","path":"Timing.repeat.frequency","name":"Timing.repeat.frequency","short":"Event occurs frequency times per period","definition":"The number of times to repeat the action within the specified period / period range (i.e. both period and periodMax provided).","min":0,"max":"1","type":[{"code":"integer"}],"defaultValueInteger":1,"maxLength":0,"mustSupport":false,"isModifier":false,"isSummary":true,"mapping":[{"identity":"rim","map":"PIVL.phase / EIVL.offset"},{"identity":"shr","map":"<shr.core.RecurrencePattern>.<shr.core.CountPerInterval>.<shr.core.MinCount>"}]},{"id":"Timing.repeat.frequencyMax","path":"Timing.repeat.frequencyMax","name":"Timing.repeat.frequencyMax","short":"Event occurs up to frequencyMax times per period","definition":"If present, indicates that the frequency is a range - so repeat between [frequency] and [frequencyMax] times within the period or period range.","min":0,"max":"1","type":[{"code":"integer"}],"maxLength":0,"mustSupport":false,"isModifier":false,"isSummary":true,"mapping":[{"identity":"rim","map":"PIVL.phase"},{"identity":"shr","map":"<shr.core.RecurrencePattern>.<shr.core.CountPerInterval>.<shr.core.MaxCount>"}]},{"id":"Timing.repeat.period","path":"Timing.repeat.period","name":"Timing.repeat.period","short":"Event occurs frequency times per period","definition":"Indicates the duration of time over which repetitions are to occur; e.g. to express \"3 times per day\", 3 would be the frequency and \"1 day\" would be the period.","min":0,"max":"1","type":[{"code":"decimal"}],"maxLength":0,"constraint":[{"key":"tim-5","severity":"error","human":"period SHALL be a non-negative value","xpath":"@value >= 0 or not(@value)"}],"mustSupport":false,"isModifier":false,"isSummary":true,"mapping":[{"identity":"rim","map":"PIVL.phase"},{"identity":"shr","map":"<shr.core.RecurrencePattern>.<shr.core.RecurrenceInterval>.<shr.core.Duration>.<shr.core.Number>"}]},{"id":"Timing.repeat.periodMax","path":"Timing.repeat.periodMax","name":"Timing.repeat.periodMax","short":"Upper limit of period (3-4 hours)","definition":"If present, indicates that the period is a range from [period] to [periodMax], allowing expressing concepts such as \"do this once every 3-5 days.","min":0,"max":"0","base":{"path":"Timing.repeat.periodMax","min":0,"max":"1"},"type":[{"code":"decimal"}],"maxLength":0,"mustSupport":false,"isModifier":false,"isSummary":true,"mapping":[{"identity":"rim","map":"PIVL.phase"}]},{"id":"Timing.repeat.periodUnits","path":"Timing.repeat.periodUnits","name":"Timing.repeat.periodUnits","short":"s | min | h | d | wk | mo | a - unit of time (UCUM)","definition":"The units of time for the period in UCUM units.","min":0,"max":"1","type":[{"code":"code"}],"maxLength":0,"mustSupport":false,"isModifier":false,"isSummary":true,"binding":{"strength":"required","description":"A unit of time (units from UCUM).","valueSetReference":{"reference":"http://hl7.org/fhir/ValueSet/units-of-time"}},"mapping":[{"identity":"rim","map":"PIVL.phase.unit"},{"identity":"shr","map":"<shr.core.RecurrencePattern>.<shr.core.RecurrenceInterval>.<shr.core.Duration>.<shr.core.Units>.<shr.core.Coding>.<shr.core.CodeValue>"}]},{"id":"Timing.repeat.when","path":"Timing.repeat.when","name":"Timing.repeat.when","short":"Regular life events the event is tied to","definition":"A real world event that the occurrence of the event should be tied to.","requirements":"Timings are frequently determined by occurrences such as waking, eating and sleep.","min":0,"max":"1","type":[{"code":"code"}],"maxLength":0,"mustSupport":false,"isModifier":false,"isSummary":true,"binding":{"strength":"required","description":"Real world event that the relating to the schedule.","valueSetReference":{"reference":"http://hl7.org/fhir/ValueSet/event-timing"}},"mapping":[{"identity":"rim","map":"EIVL.event"},{"identity":"shr","map":"<shr.core.RecurrencePattern>.<shr.core.DailyLifeEvent>"}]},{"id":"Timing.code","path":"Timing.code","name":"Timing.code","short":"QD | QOD | Q4H | Q6H | BID | TID | QID | AM | PM +","definition":"A code for the timing pattern. Some codes such as BID are ubiquitous, but many institutions define their own additional codes.","comments":"A repeat should always be defined except for the common codes BID, TID, QID, AM and PM, which all systems are required to understand.","min":0,"max":"1","type":[{"code":"CodeableConcept"}],"maxLength":0,"mustSupport":false,"isModifier":false,"isSummary":true,"binding":{"strength":"extensible","description":"Code for a known / defined timing pattern.","valueSetReference":{"reference":"http://hl7.org/fhir/ValueSet/timing-abbreviation"}},"mapping":[{"identity":"rim","map":"QSC.code"},{"identity":"shr","map":"<shr.core.TimingCode>"}]}]},"differential":{"element":[{"id":"Timing","path":"Timing","name":"Timing","short":"shr-core-Timing","definition":"A timing schedule that specifies an event that may occur multiple times.\nTiming offers a choice of multiple OccurrenceTime (used is used to specify specific times), or recurrence patterns.","min":0,"type":[{"code":"Timing"}],"maxLength":0,"mustSupport":false,"isModifier":false,"isSummary":true},{"id":"Timing.extension","path":"Timing.extension","name":"Timing.extension","slicing":{"id":"1","discriminator":["url"],"ordered":false,"rules":"open"},"min":0,"maxLength":0,"mustSupport":false,"isModifier":false,"isSummary":false},{"id":"recurrencerange","path":"Timing.extension","name":"recurrencerange","definition":"The start and end of the overall recurrence pattern in terms of dates/times or in terms of number of repeats. Could also be an event, such as when all doses are taken.","min":0,"max":"1","base":{"path":"Timing.extension","min":0,"max":"*"},"type":[{"code":"Extension","profile":["http://hl7.org/fhir/us/fhirURL/StructureDefinition/shr-core-RecurrenceRange-extension"]}],"maxLength":0,"mustSupport":false,"isModifier":false,"isSummary":false,"mapping":[{"identity":"shr","map":"<shr.core.RecurrenceRange>"}]},{"id":"Timing.event","path":"Timing.event","name":"Timing.event","min":0,"maxLength":0,"mustSupport":false,"isModifier":false,"isSummary":false,"mapping":[{"identity":"shr","map":"<shr.core.OccurrenceTime>"}]},{"id":"Timing.repeat","path":"Timing.repeat","name":"Timing.repeat","min":0,"maxLength":0,"mustSupport":false,"isModifier":false,"isSummary":false},{"id":"Timing.repeat.duration","path":"Timing.repeat.duration","name":"Timing.repeat.duration","min":0,"maxLength":0,"mustSupport":false,"isModifier":false,"isSummary":false,"mapping":[{"identity":"shr","map":"<shr.core.EventDuration>.<shr.core.DurationRange>.<shr.core.LowerBound>.<shr.core.SimpleQuantity>.<shr.core.Number>"}]},{"id":"Timing.repeat.durationMax","path":"Timing.repeat.durationMax","name":"Timing.repeat.durationMax","min":0,"maxLength":0,"mustSupport":false,"isModifier":false,"isSummary":false,"mapping":[{"identity":"shr","map":"<shr.core.EventDuration>.<shr.core.DurationRange>.<shr.core.UpperBound>.<shr.core.SimpleQuantity>.<shr.core.Number>"}]},{"id":"Timing.repeat.durationUnits","path":"Timing.repeat.durationUnits","name":"Timing.repeat.durationUnits","min":0,"maxLength":0,"mustSupport":false,"isModifier":false,"isSummary":false,"mapping":[{"identity":"shr","map":"<shr.core.EventDuration>.<shr.core.DurationRange>.<shr.core.LowerBound>.<shr.core.SimpleQuantity>.<shr.core.Units>.<shr.core.Coding>.<shr.core.CodeValue>"}]},{"id":"Timing.repeat.frequency","path":"Timing.repeat.frequency","name":"Timing.repeat.frequency","min":0,"maxLength":0,"mustSupport":false,"isModifier":false,"isSummary":false,"mapping":[{"identity":"shr","map":"<shr.core.RecurrencePattern>.<shr.core.CountPerInterval>.<shr.core.MinCount>"}]},{"id":"Timing.repeat.frequencyMax","path":"Timing.repeat.frequencyMax","name":"Timing.repeat.frequencyMax","min":0,"maxLength":0,"mustSupport":false,"isModifier":false,"isSummary":false,"mapping":[{"identity":"shr","map":"<shr.core.RecurrencePattern>.<shr.core.CountPerInterval>.<shr.core.MaxCount>"}]},{"id":"Timing.repeat.period","path":"Timing.repeat.period","name":"Timing.repeat.period","min":0,"maxLength":0,"mustSupport":false,"isModifier":false,"isSummary":false,"mapping":[{"identity":"shr","map":"<shr.core.RecurrencePattern>.<shr.core.RecurrenceInterval>.<shr.core.Duration>.<shr.core.Number>"}]},{"id":"Timing.repeat.periodMax","path":"Timing.repeat.periodMax","name":"Timing.repeat.periodMax","min":0,"max":"0","base":{"path":"Timing.repeat.periodMax","min":0,"max":"1"},"maxLength":0,"mustSupport":false,"isModifier":false,"isSummary":false},{"id":"Timing.repeat.periodUnits","path":"Timing.repeat.periodUnits","name":"Timing.repeat.periodUnits","min":0,"maxLength":0,"mustSupport":false,"isModifier":false,"isSummary":false,"mapping":[{"identity":"shr","map":"<shr.core.RecurrencePattern>.<shr.core.RecurrenceInterval>.<shr.core.Duration>.<shr.core.Units>.<shr.core.Coding>.<shr.core.CodeValue>"}]},{"id":"Timing.repeat.when","path":"Timing.repeat.when","name":"Timing.repeat.when","min":0,"maxLength":0,"mustSupport":false,"isModifier":false,"isSummary":false,"mapping":[{"identity":"shr","map":"<shr.core.RecurrencePattern>.<shr.core.DailyLifeEvent>"}]},{"id":"Timing.code","path":"Timing.code","name":"Timing.code","min":0,"maxLength":0,"mustSupport":false,"isModifier":false,"isSummary":false,"binding":{"strength":"extensible","description":"Code for a known / defined timing pattern.","valueSetReference":{"reference":"http://hl7.org/fhir/ValueSet/timing-abbreviation"}},"mapping":[{"identity":"shr","map":"<shr.core.TimingCode>"}]}]}}