{"resourceType":"ValueSet","id":"oncocore-TNMTumorStagingSystemVS","text":{"status":"generated","div":"<div xmlns=\"http://www.w3.org/1999/xhtml\">\n<p><b>TNMTumorStagingSystemVS ValueSet</b></p>\n<p>System used for TNM classification.</p>\n</div>"},"url":"http://hl7.org/fhir/us/projectURL/oncocore/vs/TNMTumorStagingSystemVS","identifier":{"system":"http://hl7.org/fhir/us/projectURL","value":"oncocore.TNMTumorStagingSystemVS"},"version":"0.6.0","name":"TNMTumorStagingSystemVS","status":"draft","publisher":"The MITRE Corporation","contact":[{"telecom":[{"system":"other","value":"http://www.hl7.org/Special/committees/cic/index.cfm","rank":0}]}],"date":"2019-02-08T00:00:00-05:00","description":"System used for TNM classification.","immutable":false,"codeSystem":{"system":"http://hl7.org/fhir/us/projectURL/oncocore/cs/TNMTumorStagingSystemCS","caseSensitive":true,"concept":[{"code":"AJCC8","display":"American Joint Commission on Cancer, Cancer Staging Manual, 8th edition neoplasm staging system (tumor staging)","definition":"American Joint Commission on Cancer, Cancer Staging Manual, 8th edition neoplasm staging system (tumor staging)"}]},"compose":{"include":[{"system":"http://snomed.info/sct","concept":[{"code":"444256004","display":"American Joint Commission on Cancer, Cancer Staging Manual, 6th edition neoplasm staging system (tumor staging)"},{"code":"443830009","display":"American Joint Commission on Cancer, Cancer Staging Manual, 7th edition neoplasm staging system (tumor staging)"},{"code":"258235000","display":"International Union Against Cancer (tumor staging)"}]}]}}