{"resourceType":"ValueSet","id":"oncocore-DNAChangeTypeVS","text":{"status":"generated","div":"<div xmlns=\"http://www.w3.org/1999/xhtml\">\n<p><b>DNAChangeTypeVS ValueSet</b></p>\n<p>Codified type for associated DNA Marker. DNA Marker's use the HGVS notation which implies the DNA Marker Type, but the concurrent use of this code will allow a standard and explicit type for technical and display convenience. Corresponds to LOINC preferred answer list LL379-9.</p>\n</div>"},"url":"http://hl7.org/fhir/us/projectURL/oncocore/vs/DNAChangeTypeVS","identifier":{"system":"http://hl7.org/fhir/us/projectURL","value":"oncocore.DNAChangeTypeVS"},"version":"0.6.0","name":"DNAChangeTypeVS","status":"draft","publisher":"The MITRE Corporation","contact":[{"telecom":[{"system":"other","value":"http://www.hl7.org/Special/committees/cic/index.cfm","rank":0}]}],"date":"2019-02-07T00:00:00-05:00","description":"Codified type for associated DNA Marker. DNA Marker's use the HGVS notation which implies the DNA Marker Type, but the concurrent use of this code will allow a standard and explicit type for technical and display convenience. Corresponds to LOINC preferred answer list LL379-9.","immutable":false,"compose":{"include":[{"system":"http://loinc.org","concept":[{"code":"LA9658-1","display":"WildType"},{"code":"LA6692-3","display":"Deletion"},{"code":"LA6686-5","display":"Duplication"},{"code":"LA6687-3","display":"Insertion"},{"code":"LA6688-1","display":"Insertion/Deletion"},{"code":"LA6689-9","display":"Inversion"},{"code":"LA6690-7","display":"Substitution"}]}]}}