{"resourceType":"ValueSet","id":"oncocore-CancerStagingSystemVS","text":{"status":"generated","div":"<div xmlns=\"http://www.w3.org/1999/xhtml\">\n<p><b>CancerStagingSystemVS ValueSet</b></p>\n<p>The system used to identify cancer/tumor stage</p>\n</div>"},"url":"http://hl7.org/fhir/us/projectURL/oncocore/vs/CancerStagingSystemVS","identifier":{"system":"http://hl7.org/fhir/us/projectURL","value":"oncocore.CancerStagingSystemVS"},"version":"0.7.0","name":"CancerStagingSystemVS","status":"draft","publisher":"The MITRE Corporation","contact":[{"telecom":[{"system":"other","value":"http://www.hl7.org/Special/committees/cic/index.cfm","rank":0}]}],"date":"2019-03-13T00:00:00-04:00","description":"The system used to identify cancer/tumor stage","immutable":false,"compose":{"include":[{"system":"http://snomed.info/sct","filter":[{"property":"concept","op":"is-a","value":"254292007"}]}]}}