{"resourceType":"ValueSet","id":"oncocore-CancerDisorderVS","text":{"status":"generated","div":"<div xmlns=\"http://www.w3.org/1999/xhtml\">\n<p><b>CancerDisorderVS ValueSet</b></p>\n<p>Types of malignant neoplastic disease.</p>\n</div>"},"url":"http://hl7.org/fhir/us/projectURL/oncocore/vs/CancerDisorderVS","identifier":{"system":"http://hl7.org/fhir/us/projectURL","value":"oncocore.CancerDisorderVS"},"version":"0.7.0","name":"CancerDisorderVS","status":"draft","publisher":"The MITRE Corporation","contact":[{"telecom":[{"system":"other","value":"http://www.hl7.org/Special/committees/cic/index.cfm","rank":0}]}],"date":"2019-03-13T00:00:00-04:00","description":"Types of malignant neoplastic disease.","immutable":false,"compose":{"include":[{"system":"http://snomed.info/sct","filter":[{"property":"concept","op":"is-a","value":"363346000"}]}]}}