{"resourceType":"StructureDefinition","id":"shr-core-SampledData-model","text":{"status":"generated","div":"<div xmlns=\"http://www.w3.org/1999/xhtml\">\n  <p><b>SampledData Logical Model</b></p>\n  <p>Data that comes from a series of measurements taken by a device, which may have upper and lower limits. The data type also supports more than one dimension in the data.</p>\n</div>"},"url":"http://hl7.org/fhir/us/odh/StructureDefinition/shr-core-SampledData-model","identifier":[{"system":"http://hl7.org/fhir/us/odh","value":"shr.core.SampledData"}],"version":"1.0.0","name":"SampledData","title":"shr-core-SampledData","status":"draft","date":"2019-05-08T00:00:00-04:00","publisher":"HL7","contact":[{"telecom":[{"system":"url","value":"http://standardhealthrecord.org"}]}],"description":"Data that comes from a series of measurements taken by a device, which may have upper and lower limits. The data type also supports more than one dimension in the data.","fhirVersion":"3.0.1","kind":"logical","abstract":false,"type":"shr-core-SampledData-model","baseDefinition":"http://hl7.org/fhir/StructureDefinition/Element","derivation":"specialization","snapshot":{"element":[{"id":"shr-core-SampledData-model","path":"shr-core-SampledData-model","definition":"Data that comes from a series of measurements taken by a device, which may have upper and lower limits. The data type also supports more than one dimension in the data.","min":0,"max":"*","base":{"path":"shr-core-SampledData-model","min":0,"max":"*"},"mustSupport":false,"isModifier":false,"isSummary":false},{"id":"shr-core-SampledData-model.dataAsString","path":"shr-core-SampledData-model.dataAsString","short":"Data represented as a text sting.","definition":"Data represented as a text sting.","min":1,"max":"1","base":{"path":"shr-core-SampledData-model.dataAsString","min":1,"max":"1"},"type":[{"code":"string"}],"mustSupport":false,"isModifier":false,"isSummary":false},{"id":"shr-core-SampledData-model.origin","path":"shr-core-SampledData-model.origin","short":"The shr.base quantity that a measured value of zero represents. In addition, this provides the units of the entire measurement series.","definition":"The shr.base quantity that a measured value of zero represents. In addition, this provides the units of the entire measurement series.","min":1,"max":"1","base":{"path":"shr-core-SampledData-model.origin","min":1,"max":"1"},"type":[{"code":"http://hl7.org/fhir/us/odh/StructureDefinition/shr-core-SimpleQuantity-model"}],"mustSupport":false,"isModifier":false,"isSummary":false},{"id":"shr-core-SampledData-model.millisecondsBetweenSamples","path":"shr-core-SampledData-model.millisecondsBetweenSamples","short":"The length of time between sampling times, measured in milliseconds.","definition":"The length of time between sampling times, measured in milliseconds.","min":1,"max":"1","base":{"path":"shr-core-SampledData-model.millisecondsBetweenSamples","min":1,"max":"1"},"type":[{"code":"decimal"}],"mustSupport":false,"isModifier":false,"isSummary":false},{"id":"shr-core-SampledData-model.correctionFactor","path":"shr-core-SampledData-model.correctionFactor","short":"A correction factor that is applied to the sampled data points before they are added to the origin.","definition":"A correction factor that is applied to the sampled data points before they are added to the origin.","min":0,"max":"1","base":{"path":"shr-core-SampledData-model.correctionFactor","min":0,"max":"1"},"type":[{"code":"decimal"}],"mustSupport":false,"isModifier":false,"isSummary":false},{"id":"shr-core-SampledData-model.lowerLimit","path":"shr-core-SampledData-model.lowerLimit","short":"The lower limit of detection of the measured points. This is needed if any of the data points have the value 'L' (lower than detection limit).","definition":"The lower limit of detection of the measured points. This is needed if any of the data points have the value 'L' (lower than detection limit).","min":0,"max":"1","base":{"path":"shr-core-SampledData-model.lowerLimit","min":0,"max":"1"},"type":[{"code":"decimal"}],"mustSupport":false,"isModifier":false,"isSummary":false},{"id":"shr-core-SampledData-model.upperLimit","path":"shr-core-SampledData-model.upperLimit","short":"The upper limit of detection of the measured points. This is needed if any of the data points have the value 'U' (higher than detection limit).","definition":"The upper limit of detection of the measured points. This is needed if any of the data points have the value 'U' (higher than detection limit).","min":0,"max":"1","base":{"path":"shr-core-SampledData-model.upperLimit","min":0,"max":"1"},"type":[{"code":"decimal"}],"mustSupport":false,"isModifier":false,"isSummary":false},{"id":"shr-core-SampledData-model.dimensions","path":"shr-core-SampledData-model.dimensions","short":"The number of sample points at each time point. If this value is greater than one, then the dimensions will be interlaced - all the sample points for a point in time will be recorded at once.","definition":"The number of sample points at each time point. If this value is greater than one, then the dimensions will be interlaced - all the sample points for a point in time will be recorded at once.","min":1,"max":"1","base":{"path":"shr-core-SampledData-model.dimensions","min":1,"max":"1"},"type":[{"code":"positiveInt"}],"mustSupport":false,"isModifier":false,"isSummary":false}]},"differential":{"element":[{"id":"shr-core-SampledData-model","path":"shr-core-SampledData-model","definition":"Data that comes from a series of measurements taken by a device, which may have upper and lower limits. The data type also supports more than one dimension in the data.","min":0,"max":"*","base":{"path":"shr-core-SampledData-model","min":0,"max":"*"},"mustSupport":false,"isModifier":false,"isSummary":false},{"id":"shr-core-SampledData-model.dataAsString","path":"shr-core-SampledData-model.dataAsString","short":"Data represented as a text sting.","definition":"Data represented as a text sting.","min":1,"max":"1","base":{"path":"shr-core-SampledData-model.dataAsString","min":1,"max":"1"},"type":[{"code":"string"}],"mustSupport":false,"isModifier":false,"isSummary":false},{"id":"shr-core-SampledData-model.origin","path":"shr-core-SampledData-model.origin","short":"The shr.base quantity that a measured value of zero represents. In addition, this provides the units of the entire measurement series.","definition":"The shr.base quantity that a measured value of zero represents. In addition, this provides the units of the entire measurement series.","min":1,"max":"1","base":{"path":"shr-core-SampledData-model.origin","min":1,"max":"1"},"type":[{"code":"http://hl7.org/fhir/us/odh/StructureDefinition/shr-core-SimpleQuantity-model"}],"mustSupport":false,"isModifier":false,"isSummary":false},{"id":"shr-core-SampledData-model.millisecondsBetweenSamples","path":"shr-core-SampledData-model.millisecondsBetweenSamples","short":"The length of time between sampling times, measured in milliseconds.","definition":"The length of time between sampling times, measured in milliseconds.","min":1,"max":"1","base":{"path":"shr-core-SampledData-model.millisecondsBetweenSamples","min":1,"max":"1"},"type":[{"code":"decimal"}],"mustSupport":false,"isModifier":false,"isSummary":false},{"id":"shr-core-SampledData-model.correctionFactor","path":"shr-core-SampledData-model.correctionFactor","short":"A correction factor that is applied to the sampled data points before they are added to the origin.","definition":"A correction factor that is applied to the sampled data points before they are added to the origin.","min":0,"max":"1","base":{"path":"shr-core-SampledData-model.correctionFactor","min":0,"max":"1"},"type":[{"code":"decimal"}],"mustSupport":false,"isModifier":false,"isSummary":false},{"id":"shr-core-SampledData-model.lowerLimit","path":"shr-core-SampledData-model.lowerLimit","short":"The lower limit of detection of the measured points. This is needed if any of the data points have the value 'L' (lower than detection limit).","definition":"The lower limit of detection of the measured points. This is needed if any of the data points have the value 'L' (lower than detection limit).","min":0,"max":"1","base":{"path":"shr-core-SampledData-model.lowerLimit","min":0,"max":"1"},"type":[{"code":"decimal"}],"mustSupport":false,"isModifier":false,"isSummary":false},{"id":"shr-core-SampledData-model.upperLimit","path":"shr-core-SampledData-model.upperLimit","short":"The upper limit of detection of the measured points. This is needed if any of the data points have the value 'U' (higher than detection limit).","definition":"The upper limit of detection of the measured points. This is needed if any of the data points have the value 'U' (higher than detection limit).","min":0,"max":"1","base":{"path":"shr-core-SampledData-model.upperLimit","min":0,"max":"1"},"type":[{"code":"decimal"}],"mustSupport":false,"isModifier":false,"isSummary":false},{"id":"shr-core-SampledData-model.dimensions","path":"shr-core-SampledData-model.dimensions","short":"The number of sample points at each time point. If this value is greater than one, then the dimensions will be interlaced - all the sample points for a point in time will be recorded at once.","definition":"The number of sample points at each time point. If this value is greater than one, then the dimensions will be interlaced - all the sample points for a point in time will be recorded at once.","min":1,"max":"1","base":{"path":"shr-core-SampledData-model.dimensions","min":1,"max":"1"},"type":[{"code":"positiveInt"}],"mustSupport":false,"isModifier":false,"isSummary":false}]}}