{"resourceType":"StructureDefinition","id":"shr-core-MedicationRequest-model","text":{"status":"generated","div":"<div xmlns=\"http://www.w3.org/1999/xhtml\">\n  <p><b>MedicationRequest Logical Model</b></p>\n  <p>An order for a medication to be dispensed and instructions for use.\nValue sets for status are in direct conflict between DSTU2 Argonaut and STU3 US-Core.\nCategory does not exist in DSTU2 and is provided as an extension.\nIntent was added in STU3 and is provided as an extension with required binding.</p>\n</div>"},"url":"http://hl7.org/fhir/us/shr/StructureDefinition/shr-core-MedicationRequest-model","identifier":[{"system":"http://hl7.org/fhir/us/odh","value":"shr.core.MedicationRequest"}],"version":"1.0.0","name":"MedicationRequest","title":"shr-core-MedicationRequest","status":"draft","date":"2019-03-30T00:00:00-04:00","publisher":"HL7","contact":[{"telecom":[{"system":"url","value":"http://standardhealthrecord.org"}]}],"description":"An order for a medication to be dispensed and instructions for use.\nValue sets for status are in direct conflict between DSTU2 Argonaut and STU3 US-Core.\nCategory does not exist in DSTU2 and is provided as an extension.\nIntent was added in STU3 and is provided as an extension with required binding.","fhirVersion":"3.0.1","kind":"logical","abstract":false,"type":"shr-core-MedicationRequest-model","baseDefinition":"http://hl7.org/fhir/StructureDefinition/Element","derivation":"specialization","snapshot":{"element":[{"id":"shr-core-MedicationRequest-model","path":"shr-core-MedicationRequest-model","definition":"An order for a medication to be dispensed and instructions for use.\nValue sets for status are in direct conflict between DSTU2 Argonaut and STU3 US-Core.\nCategory does not exist in DSTU2 and is provided as an extension.\nIntent was added in STU3 and is provided as an extension with required binding.","min":0,"max":"*","base":{"path":"shr-core-MedicationRequest-model","min":0,"max":"*"},"mustSupport":false,"isModifier":false,"isSummary":false},{"id":"shr-core-MedicationRequest-model.metadata","path":"shr-core-MedicationRequest-model.metadata","short":"Elements that belong to all information items.","definition":"Elements that belong to all information items.","min":0,"max":"1","base":{"path":"shr-core-MedicationRequest-model.metadata","min":0,"max":"1"},"type":[{"code":"http://hl7.org/fhir/us/shr/StructureDefinition/shr-core-Metadata-model"}],"mustSupport":false,"isModifier":false,"isSummary":false},{"id":"shr-core-MedicationRequest-model.language","path":"shr-core-MedicationRequest-model.language","code":[{"system":"http://ncimeta.nci.nih.gov","code":"C0023008"}],"short":"A human language, spoken or written.","definition":"A human language, spoken or written.","min":0,"max":"1","base":{"path":"shr-core-MedicationRequest-model.language","min":0,"max":"1"},"type":[{"code":"Coding"}],"mustSupport":false,"isModifier":false,"isSummary":false},{"id":"shr-core-MedicationRequest-model.implicitRules","path":"shr-core-MedicationRequest-model.implicitRules","short":"A set of rules under which this content was created","definition":"A set of rules under which this content was created","min":0,"max":"1","base":{"path":"shr-core-MedicationRequest-model.implicitRules","min":0,"max":"1"},"type":[{"code":"uri"}],"mustSupport":false,"isModifier":false,"isSummary":false},{"id":"shr-core-MedicationRequest-model.narrative","path":"shr-core-MedicationRequest-model.narrative","short":"A human-readable narrative, potentially including images, that contains a summary of the resource, and may be used to represent the content of the resource to a human.","definition":"A human-readable narrative, potentially including images, that contains a summary of the resource, and may be used to represent the content of the resource to a human.","min":0,"max":"1","base":{"path":"shr-core-MedicationRequest-model.narrative","min":0,"max":"1"},"type":[{"code":"http://hl7.org/fhir/us/shr/StructureDefinition/shr-core-Narrative-model"}],"mustSupport":false,"isModifier":false,"isSummary":false},{"id":"shr-core-MedicationRequest-model.status","path":"shr-core-MedicationRequest-model.status","short":"A state that relates to the workflow or interpretation of this resource. Certain status values can modify the meaning of the resource, for example, entered-in-error. When a boolean value is used, Status of true indicates the record is active, false means inactive.","definition":"A state that relates to the workflow or interpretation of this resource. Certain status values can modify the meaning of the resource, for example, entered-in-error. When a boolean value is used, Status of true indicates the record is active, false means inactive.","min":1,"max":"1","base":{"path":"shr-core-MedicationRequest-model.status","min":1,"max":"1"},"type":[{"code":"Coding"}],"mustSupport":false,"isModifier":false,"isSummary":false},{"id":"shr-core-MedicationRequest-model.identifier","path":"shr-core-MedicationRequest-model.identifier","short":"Business identifier or external id for this resource.","definition":"Business identifier or external id for this resource.","min":0,"max":"*","base":{"path":"shr-core-MedicationRequest-model.identifier","min":0,"max":"*"},"type":[{"code":"http://hl7.org/fhir/us/shr/StructureDefinition/shr-core-Identifier-model"}],"mustSupport":false,"isModifier":false,"isSummary":false},{"id":"shr-core-MedicationRequest-model.patientSubjectOfRecord","path":"shr-core-MedicationRequest-model.patientSubjectOfRecord","code":[{"system":"http://ncimeta.nci.nih.gov","code":"C1299487"}],"short":"The SubjectOfRecord when restricted to being a Patient resource.","definition":"The SubjectOfRecord when restricted to being a Patient resource.","min":1,"max":"1","base":{"path":"shr-core-MedicationRequest-model.patientSubjectOfRecord","min":1,"max":"1"},"type":[{"code":"Reference","targetProfile":"http://hl7.org/fhir/us/shr/StructureDefinition/shr-core-Patient-model"}],"mustSupport":false,"isModifier":false,"isSummary":false},{"id":"shr-core-MedicationRequest-model.careContext[x]","path":"shr-core-MedicationRequest-model.careContext[x]","short":"The encounter or episode of care","definition":"The encounter or episode of care","min":0,"max":"1","base":{"path":"shr-core-MedicationRequest-model.careContext[x]","min":0,"max":"1"},"type":[{"code":"Reference","targetProfile":"http://hl7.org/fhir/us/shr/StructureDefinition/shr-core-Encounter-model"},{"code":"Reference","targetProfile":"http://hl7.org/fhir/us/shr/StructureDefinition/shr-core-EpisodeOfCare-model"}],"mustSupport":false,"isModifier":false,"isSummary":false},{"id":"shr-core-MedicationRequest-model.statementDateTime","path":"shr-core-MedicationRequest-model.statementDateTime","code":[{"system":"http://ncimeta.nci.nih.gov","code":"C3669169"}],"short":"The point in time when the statement was created.","definition":"The point in time when the statement was created.","min":1,"max":"1","base":{"path":"shr-core-MedicationRequest-model.statementDateTime","min":1,"max":"1"},"type":[{"code":"dateTime"}],"mustSupport":false,"isModifier":false,"isSummary":false},{"id":"shr-core-MedicationRequest-model.reasonCode","path":"shr-core-MedicationRequest-model.reasonCode","code":[{"system":"http://ncimeta.nci.nih.gov","code":"C0566251"}],"short":"The justification, as a code.","definition":"The justification, as a code.\nReason is a string or CodeableConcept in DSTU2 but in later versions only a CodeableConcept, so we are not going to support a string.","min":0,"max":"1","base":{"path":"shr-core-MedicationRequest-model.reasonCode","min":0,"max":"1"},"type":[{"code":"Coding"}],"mustSupport":false,"isModifier":false,"isSummary":false,"binding":{"strength":"example","valueSetReference":{"reference":"http://hl7.org/fhir/ValueSet/condition-code"}}},{"id":"shr-core-MedicationRequest-model.reasonReference","path":"shr-core-MedicationRequest-model.reasonReference","short":"The justification, as reference to a condition or observation.","definition":"The justification, as reference to a condition or observation.","min":0,"max":"1","base":{"path":"shr-core-MedicationRequest-model.reasonReference","min":0,"max":"1"},"type":[{"code":"Reference","targetProfile":"http://hl7.org/fhir/us/shr/StructureDefinition/shr-core-Condition-model"}],"mustSupport":false,"isModifier":false,"isSummary":false},{"id":"shr-core-MedicationRequest-model.type","path":"shr-core-MedicationRequest-model.type","code":[{"system":"http://ncimeta.nci.nih.gov","code":"C0332307"}],"short":"A code describing the item at a greater level of detail.","definition":"A code describing the item at a greater level of detail.","min":0,"max":"1","base":{"path":"shr-core-MedicationRequest-model.type","min":0,"max":"1"},"type":[{"code":"Coding"}],"mustSupport":false,"isModifier":false,"isSummary":false,"binding":{"strength":"preferred","valueSetReference":{"reference":"http://hl7.org/fhir/ValueSet/medication-admin-category"}}},{"id":"shr-core-MedicationRequest-model.requestIntent","path":"shr-core-MedicationRequest-model.requestIntent","short":"Indicates the level of authority/intentionality associated with the request and where the request fits into the workflow chain.","definition":"Indicates the level of authority/intentionality associated with the request and where the request fits into the workflow chain.","min":1,"max":"1","base":{"path":"shr-core-MedicationRequest-model.requestIntent","min":1,"max":"1"},"type":[{"code":"Coding"}],"mustSupport":false,"isModifier":false,"isSummary":false,"binding":{"strength":"required","valueSetReference":{"reference":"http://hl7.org/fhir/ValueSet/medication-request-intent"}}},{"id":"shr-core-MedicationRequest-model.expectedPerformanceTime","path":"shr-core-MedicationRequest-model.expectedPerformanceTime","code":[{"system":"http://ncimeta.nci.nih.gov","code":"C1948053"}],"short":"When an action should be done. If the action is a series or recurs (e.g. daily blood sugar testing in the morning) then a Timing can be used to describe the periodicity.","definition":"When an action should be done. If the action is a series or recurs (e.g. daily blood sugar testing in the morning) then a Timing can be used to describe the periodicity.","min":0,"max":"1","base":{"path":"shr-core-MedicationRequest-model.expectedPerformanceTime","min":0,"max":"1"},"type":[{"code":"http://hl7.org/fhir/us/shr/StructureDefinition/shr-core-TimePeriod-model"}],"mustSupport":false,"isModifier":false,"isSummary":false},{"id":"shr-core-MedicationRequest-model.expectedPerformerType","path":"shr-core-MedicationRequest-model.expectedPerformerType","short":"What type of party should carry out the testing.","definition":"What type of party should carry out the testing.","min":0,"max":"0","base":{"path":"shr-core-MedicationRequest-model.expectedPerformerType","min":0,"max":"0"},"type":[{"code":"Coding"}],"mustSupport":false,"isModifier":false,"isSummary":false},{"id":"shr-core-MedicationRequest-model.recipient","path":"shr-core-MedicationRequest-model.recipient","code":[{"system":"http://ncimeta.nci.nih.gov","code":"C1561598"}],"short":"Who this request is being addressed to.","definition":"Who this request is being addressed to.","min":0,"max":"1","base":{"path":"shr-core-MedicationRequest-model.recipient","min":0,"max":"1"},"type":[{"code":"Reference","targetProfile":"http://hl7.org/fhir/us/shr/StructureDefinition/shr-core-Organization-model"}],"mustSupport":false,"isModifier":false,"isSummary":false},{"id":"shr-core-MedicationRequest-model.priorityCode[x]","path":"shr-core-MedicationRequest-model.priorityCode[x]","code":[{"system":"http://ncimeta.nci.nih.gov","code":"C0549179"}],"slicing":{"discriminator":[{"type":"type","path":"$this"}],"ordered":false,"rules":"open"},"short":"An indication of the importance of an action relative to other actions.","definition":"An indication of the importance of an action relative to other actions.","min":0,"max":"1","base":{"path":"shr-core-MedicationRequest-model.priorityCode[x]","min":0,"max":"1"},"type":[{"code":"positiveInt"},{"code":"Coding"}],"mustSupport":false,"isModifier":false,"isSummary":false},{"id":"shr-core-MedicationRequest-model.priorityCodeCoding:codeableConcept","path":"shr-core-MedicationRequest-model.priorityCodeCoding","sliceName":"codeableConcept","short":"PositiveInt or code representing an indication of the importance of an action relative to other actions.","definition":"PositiveInt or code representing an indication of the importance of an action relative to other actions.","min":1,"max":"1","base":{"path":"shr-core-MedicationRequest-model.priorityCodeCoding","min":1,"max":"1"},"type":[{"code":"Coding"}],"mustSupport":false,"isModifier":false,"isSummary":false,"binding":{"strength":"required","valueSetReference":{"reference":"http://hl7.org/fhir/ValueSet/medication-request-priority"}}},{"id":"shr-core-MedicationRequest-model.annotation","path":"shr-core-MedicationRequest-model.annotation","short":"An added or follow-up note, often after the fact, that contains metadata about who made the statement and when.","definition":"An added or follow-up note, often after the fact, that contains metadata about who made the statement and when.","min":0,"max":"1","base":{"path":"shr-core-MedicationRequest-model.annotation","min":0,"max":"1"},"type":[{"code":"http://hl7.org/fhir/us/shr/StructureDefinition/shr-core-Annotation-model"}],"mustSupport":false,"isModifier":false,"isSummary":false},{"id":"shr-core-MedicationRequest-model.communicationMethod","path":"shr-core-MedicationRequest-model.communicationMethod","short":"This is the method the provider used to communicate. Examples include: Written, Telephoned, Verbal, Electronically Entered, Policy, Service Correction, Duplicate, etc. 'Code indicating the origin of the prescription.' - NCPDP Telecommunication (Field 419-DJ, Data Dictionary 201104). Possible values include: Written; Telephone; Electronic; Facsimile; Pharmacy; Not Known.","definition":"This is the method the provider used to communicate. Examples include: Written, Telephoned, Verbal, Electronically Entered, Policy, Service Correction, Duplicate, etc. 'Code indicating the origin of the prescription.' - NCPDP Telecommunication (Field 419-DJ, Data Dictionary 201104). Possible values include: Written; Telephone; Electronic; Facsimile; Pharmacy; Not Known.","min":0,"max":"0","base":{"path":"shr-core-MedicationRequest-model.communicationMethod","min":0,"max":"0"},"type":[{"code":"Coding"}],"mustSupport":false,"isModifier":false,"isSummary":false},{"id":"shr-core-MedicationRequest-model.medicationCodeOrReference[x]","path":"shr-core-MedicationRequest-model.medicationCodeOrReference[x]","short":"A choice of a medication code or reference.","definition":"A choice of a medication code or reference.","min":1,"max":"1","base":{"path":"shr-core-MedicationRequest-model.medicationCodeOrReference[x]","min":1,"max":"1"},"type":[{"code":"Coding"},{"code":"Reference","targetProfile":"http://hl7.org/fhir/us/shr/StructureDefinition/shr-core-Medication-model"}],"mustSupport":false,"isModifier":false,"isSummary":false},{"id":"shr-core-MedicationRequest-model.dosage","path":"shr-core-MedicationRequest-model.dosage","code":[{"system":"http://ncimeta.nci.nih.gov","code":"C0178602"}],"short":"The dosage of the medication. The data structure is flexible and can describe a dosage prescribed, administered, or reported.","definition":"The dosage of the medication. The data structure is flexible and can describe a dosage prescribed, administered, or reported.","min":0,"max":"1","base":{"path":"shr-core-MedicationRequest-model.dosage","min":0,"max":"1"},"type":[{"code":"http://hl7.org/fhir/us/shr/StructureDefinition/shr-core-Dosage-model"}],"mustSupport":false,"isModifier":false,"isSummary":false},{"id":"shr-core-MedicationRequest-model.medicationRequester[x]","path":"shr-core-MedicationRequest-model.medicationRequester[x]","short":"The individual, organization or device that initiated the request and has responsibility for its activation.","definition":"The individual, organization or device that initiated the request and has responsibility for its activation.","min":1,"max":"1","base":{"path":"shr-core-MedicationRequest-model.medicationRequester[x]","min":1,"max":"1"},"type":[{"code":"Reference","targetProfile":"http://hl7.org/fhir/us/shr/StructureDefinition/shr-core-Practitioner-model"},{"code":"Reference","targetProfile":"http://hl7.org/fhir/us/shr/StructureDefinition/shr-core-Organization-model"},{"code":"Reference","targetProfile":"http://hl7.org/fhir/us/shr/StructureDefinition/shr-core-Patient-model"},{"code":"Reference","targetProfile":"http://hl7.org/fhir/us/shr/StructureDefinition/shr-core-RelatedPerson-model"},{"code":"Reference","targetProfile":"http://hl7.org/fhir/us/shr/StructureDefinition/shr-core-Device-model"}],"mustSupport":false,"isModifier":false,"isSummary":false},{"id":"shr-core-MedicationRequest-model.numberOfRefillsAllowed","path":"shr-core-MedicationRequest-model.numberOfRefillsAllowed","short":"The maximum number of times the dispense can be repeated. For medication dispense, this integer does NOT include the original order dispense. This means that if an order indicates dispense 30 tablets plus 3 repeats, then the order can be dispensed a total of 4 times and the patient can receive a total of 120 tablets.","definition":"The maximum number of times the dispense can be repeated. For medication dispense, this integer does NOT include the original order dispense. This means that if an order indicates dispense 30 tablets plus 3 repeats, then the order can be dispensed a total of 4 times and the patient can receive a total of 120 tablets.","min":0,"max":"1","base":{"path":"shr-core-MedicationRequest-model.numberOfRefillsAllowed","min":0,"max":"1"},"type":[{"code":"positiveInt"}],"mustSupport":false,"isModifier":false,"isSummary":false},{"id":"shr-core-MedicationRequest-model.quantityPerDispense","path":"shr-core-MedicationRequest-model.quantityPerDispense","short":"The amount that is to be dispensed for one fill.","definition":"The amount that is to be dispensed for one fill.","min":0,"max":"1","base":{"path":"shr-core-MedicationRequest-model.quantityPerDispense","min":0,"max":"1"},"type":[{"code":"http://hl7.org/fhir/us/shr/StructureDefinition/shr-core-SimpleQuantity-model"}],"mustSupport":false,"isModifier":false,"isSummary":false},{"id":"shr-core-MedicationRequest-model.supplyDuration","path":"shr-core-MedicationRequest-model.supplyDuration","code":[{"system":"http://ncimeta.nci.nih.gov","code":"C0449238"}],"short":"Identifies the period time over which the supplied product is expected to be used, or the length of time the dispense is expected to last.","definition":"Identifies the period time over which the supplied product is expected to be used, or the length of time the dispense is expected to last.","min":0,"max":"1","base":{"path":"shr-core-MedicationRequest-model.supplyDuration","min":0,"max":"1"},"type":[{"code":"http://hl7.org/fhir/us/shr/StructureDefinition/shr-core-Duration-model"}],"mustSupport":false,"isModifier":false,"isSummary":false},{"id":"shr-core-MedicationRequest-model.substitutionAllowed","path":"shr-core-MedicationRequest-model.substitutionAllowed","short":"Whether substitution is allowed or not.","definition":"Whether substitution is allowed or not.","min":0,"max":"1","base":{"path":"shr-core-MedicationRequest-model.substitutionAllowed","min":0,"max":"1"},"type":[{"code":"boolean"}],"mustSupport":false,"isModifier":false,"isSummary":false},{"id":"shr-core-MedicationRequest-model.substitutionReason","path":"shr-core-MedicationRequest-model.substitutionReason","short":"Why should (not) substitution be made.","definition":"Why should (not) substitution be made.","min":0,"max":"1","base":{"path":"shr-core-MedicationRequest-model.substitutionReason","min":0,"max":"1"},"type":[{"code":"Coding"}],"mustSupport":false,"isModifier":false,"isSummary":false,"binding":{"strength":"required","valueSetReference":{"reference":"http://hl7.org/fhir/ValueSet/v3-SubstanceAdminSubstitutionReason"}}}]},"differential":{"element":[{"id":"shr-core-MedicationRequest-model","path":"shr-core-MedicationRequest-model","definition":"An order for a medication to be dispensed and instructions for use.\nValue sets for status are in direct conflict between DSTU2 Argonaut and STU3 US-Core.\nCategory does not exist in DSTU2 and is provided as an extension.\nIntent was added in STU3 and is provided as an extension with required binding.","min":0,"max":"*","base":{"path":"shr-core-MedicationRequest-model","min":0,"max":"*"},"mustSupport":false,"isModifier":false,"isSummary":false},{"id":"shr-core-MedicationRequest-model.metadata","path":"shr-core-MedicationRequest-model.metadata","short":"Elements that belong to all information items.","definition":"Elements that belong to all information items.","min":0,"max":"1","base":{"path":"shr-core-MedicationRequest-model.metadata","min":0,"max":"1"},"type":[{"code":"http://hl7.org/fhir/us/shr/StructureDefinition/shr-core-Metadata-model"}],"mustSupport":false,"isModifier":false,"isSummary":false},{"id":"shr-core-MedicationRequest-model.language","path":"shr-core-MedicationRequest-model.language","code":[{"system":"http://ncimeta.nci.nih.gov","code":"C0023008"}],"short":"A human language, spoken or written.","definition":"A human language, spoken or written.","min":0,"max":"1","base":{"path":"shr-core-MedicationRequest-model.language","min":0,"max":"1"},"type":[{"code":"Coding"}],"mustSupport":false,"isModifier":false,"isSummary":false},{"id":"shr-core-MedicationRequest-model.implicitRules","path":"shr-core-MedicationRequest-model.implicitRules","short":"A set of rules under which this content was created","definition":"A set of rules under which this content was created","min":0,"max":"1","base":{"path":"shr-core-MedicationRequest-model.implicitRules","min":0,"max":"1"},"type":[{"code":"uri"}],"mustSupport":false,"isModifier":false,"isSummary":false},{"id":"shr-core-MedicationRequest-model.narrative","path":"shr-core-MedicationRequest-model.narrative","short":"A human-readable narrative, potentially including images, that contains a summary of the resource, and may be used to represent the content of the resource to a human.","definition":"A human-readable narrative, potentially including images, that contains a summary of the resource, and may be used to represent the content of the resource to a human.","min":0,"max":"1","base":{"path":"shr-core-MedicationRequest-model.narrative","min":0,"max":"1"},"type":[{"code":"http://hl7.org/fhir/us/shr/StructureDefinition/shr-core-Narrative-model"}],"mustSupport":false,"isModifier":false,"isSummary":false},{"id":"shr-core-MedicationRequest-model.status","path":"shr-core-MedicationRequest-model.status","short":"A state that relates to the workflow or interpretation of this resource. Certain status values can modify the meaning of the resource, for example, entered-in-error. When a boolean value is used, Status of true indicates the record is active, false means inactive.","definition":"A state that relates to the workflow or interpretation of this resource. Certain status values can modify the meaning of the resource, for example, entered-in-error. When a boolean value is used, Status of true indicates the record is active, false means inactive.","min":1,"max":"1","base":{"path":"shr-core-MedicationRequest-model.status","min":1,"max":"1"},"type":[{"code":"Coding"}],"mustSupport":false,"isModifier":false,"isSummary":false},{"id":"shr-core-MedicationRequest-model.identifier","path":"shr-core-MedicationRequest-model.identifier","short":"Business identifier or external id for this resource.","definition":"Business identifier or external id for this resource.","min":0,"max":"*","base":{"path":"shr-core-MedicationRequest-model.identifier","min":0,"max":"*"},"type":[{"code":"http://hl7.org/fhir/us/shr/StructureDefinition/shr-core-Identifier-model"}],"mustSupport":false,"isModifier":false,"isSummary":false},{"id":"shr-core-MedicationRequest-model.patientSubjectOfRecord","path":"shr-core-MedicationRequest-model.patientSubjectOfRecord","code":[{"system":"http://ncimeta.nci.nih.gov","code":"C1299487"}],"short":"The SubjectOfRecord when restricted to being a Patient resource.","definition":"The SubjectOfRecord when restricted to being a Patient resource.","min":1,"max":"1","base":{"path":"shr-core-MedicationRequest-model.patientSubjectOfRecord","min":1,"max":"1"},"type":[{"code":"Reference","targetProfile":"http://hl7.org/fhir/us/shr/StructureDefinition/shr-core-Patient-model"}],"mustSupport":false,"isModifier":false,"isSummary":false},{"id":"shr-core-MedicationRequest-model.careContext[x]","path":"shr-core-MedicationRequest-model.careContext[x]","short":"The encounter or episode of care","definition":"The encounter or episode of care","min":0,"max":"1","base":{"path":"shr-core-MedicationRequest-model.careContext[x]","min":0,"max":"1"},"type":[{"code":"Reference","targetProfile":"http://hl7.org/fhir/us/shr/StructureDefinition/shr-core-Encounter-model"},{"code":"Reference","targetProfile":"http://hl7.org/fhir/us/shr/StructureDefinition/shr-core-EpisodeOfCare-model"}],"mustSupport":false,"isModifier":false,"isSummary":false},{"id":"shr-core-MedicationRequest-model.statementDateTime","path":"shr-core-MedicationRequest-model.statementDateTime","code":[{"system":"http://ncimeta.nci.nih.gov","code":"C3669169"}],"short":"The point in time when the statement was created.","definition":"The point in time when the statement was created.","min":1,"max":"1","base":{"path":"shr-core-MedicationRequest-model.statementDateTime","min":1,"max":"1"},"type":[{"code":"dateTime"}],"mustSupport":false,"isModifier":false,"isSummary":false},{"id":"shr-core-MedicationRequest-model.reasonCode","path":"shr-core-MedicationRequest-model.reasonCode","code":[{"system":"http://ncimeta.nci.nih.gov","code":"C0566251"}],"short":"The justification, as a code.","definition":"The justification, as a code.\nReason is a string or CodeableConcept in DSTU2 but in later versions only a CodeableConcept, so we are not going to support a string.","min":0,"max":"1","base":{"path":"shr-core-MedicationRequest-model.reasonCode","min":0,"max":"1"},"type":[{"code":"Coding"}],"mustSupport":false,"isModifier":false,"isSummary":false,"binding":{"strength":"example","valueSetReference":{"reference":"http://hl7.org/fhir/ValueSet/condition-code"}}},{"id":"shr-core-MedicationRequest-model.reasonReference","path":"shr-core-MedicationRequest-model.reasonReference","short":"The justification, as reference to a condition or observation.","definition":"The justification, as reference to a condition or observation.","min":0,"max":"1","base":{"path":"shr-core-MedicationRequest-model.reasonReference","min":0,"max":"1"},"type":[{"code":"Reference","targetProfile":"http://hl7.org/fhir/us/shr/StructureDefinition/shr-core-Condition-model"}],"mustSupport":false,"isModifier":false,"isSummary":false},{"id":"shr-core-MedicationRequest-model.type","path":"shr-core-MedicationRequest-model.type","code":[{"system":"http://ncimeta.nci.nih.gov","code":"C0332307"}],"short":"A code describing the item at a greater level of detail.","definition":"A code describing the item at a greater level of detail.","min":0,"max":"1","base":{"path":"shr-core-MedicationRequest-model.type","min":0,"max":"1"},"type":[{"code":"Coding"}],"mustSupport":false,"isModifier":false,"isSummary":false,"binding":{"strength":"preferred","valueSetReference":{"reference":"http://hl7.org/fhir/ValueSet/medication-admin-category"}}},{"id":"shr-core-MedicationRequest-model.requestIntent","path":"shr-core-MedicationRequest-model.requestIntent","short":"Indicates the level of authority/intentionality associated with the request and where the request fits into the workflow chain.","definition":"Indicates the level of authority/intentionality associated with the request and where the request fits into the workflow chain.","min":1,"max":"1","base":{"path":"shr-core-MedicationRequest-model.requestIntent","min":1,"max":"1"},"type":[{"code":"Coding"}],"mustSupport":false,"isModifier":false,"isSummary":false,"binding":{"strength":"required","valueSetReference":{"reference":"http://hl7.org/fhir/ValueSet/medication-request-intent"}}},{"id":"shr-core-MedicationRequest-model.expectedPerformanceTime","path":"shr-core-MedicationRequest-model.expectedPerformanceTime","code":[{"system":"http://ncimeta.nci.nih.gov","code":"C1948053"}],"short":"When an action should be done. If the action is a series or recurs (e.g. daily blood sugar testing in the morning) then a Timing can be used to describe the periodicity.","definition":"When an action should be done. If the action is a series or recurs (e.g. daily blood sugar testing in the morning) then a Timing can be used to describe the periodicity.","min":0,"max":"1","base":{"path":"shr-core-MedicationRequest-model.expectedPerformanceTime","min":0,"max":"1"},"type":[{"code":"http://hl7.org/fhir/us/shr/StructureDefinition/shr-core-TimePeriod-model"}],"mustSupport":false,"isModifier":false,"isSummary":false},{"id":"shr-core-MedicationRequest-model.expectedPerformerType","path":"shr-core-MedicationRequest-model.expectedPerformerType","short":"What type of party should carry out the testing.","definition":"What type of party should carry out the testing.","min":0,"max":"0","base":{"path":"shr-core-MedicationRequest-model.expectedPerformerType","min":0,"max":"0"},"type":[{"code":"Coding"}],"mustSupport":false,"isModifier":false,"isSummary":false},{"id":"shr-core-MedicationRequest-model.recipient","path":"shr-core-MedicationRequest-model.recipient","code":[{"system":"http://ncimeta.nci.nih.gov","code":"C1561598"}],"short":"Who this request is being addressed to.","definition":"Who this request is being addressed to.","min":0,"max":"1","base":{"path":"shr-core-MedicationRequest-model.recipient","min":0,"max":"1"},"type":[{"code":"Reference","targetProfile":"http://hl7.org/fhir/us/shr/StructureDefinition/shr-core-Organization-model"}],"mustSupport":false,"isModifier":false,"isSummary":false},{"id":"shr-core-MedicationRequest-model.priorityCode[x]","path":"shr-core-MedicationRequest-model.priorityCode[x]","code":[{"system":"http://ncimeta.nci.nih.gov","code":"C0549179"}],"slicing":{"discriminator":[{"type":"type","path":"$this"}],"ordered":false,"rules":"open"},"short":"An indication of the importance of an action relative to other actions.","definition":"An indication of the importance of an action relative to other actions.","min":0,"max":"1","base":{"path":"shr-core-MedicationRequest-model.priorityCode[x]","min":0,"max":"1"},"type":[{"code":"positiveInt"},{"code":"Coding"}],"mustSupport":false,"isModifier":false,"isSummary":false},{"id":"shr-core-MedicationRequest-model.priorityCodeCoding:codeableConcept","path":"shr-core-MedicationRequest-model.priorityCodeCoding","sliceName":"codeableConcept","short":"PositiveInt or code representing an indication of the importance of an action relative to other actions.","definition":"PositiveInt or code representing an indication of the importance of an action relative to other actions.","min":1,"max":"1","base":{"path":"shr-core-MedicationRequest-model.priorityCodeCoding","min":1,"max":"1"},"type":[{"code":"Coding"}],"mustSupport":false,"isModifier":false,"isSummary":false,"binding":{"strength":"required","valueSetReference":{"reference":"http://hl7.org/fhir/ValueSet/medication-request-priority"}}},{"id":"shr-core-MedicationRequest-model.annotation","path":"shr-core-MedicationRequest-model.annotation","short":"An added or follow-up note, often after the fact, that contains metadata about who made the statement and when.","definition":"An added or follow-up note, often after the fact, that contains metadata about who made the statement and when.","min":0,"max":"1","base":{"path":"shr-core-MedicationRequest-model.annotation","min":0,"max":"1"},"type":[{"code":"http://hl7.org/fhir/us/shr/StructureDefinition/shr-core-Annotation-model"}],"mustSupport":false,"isModifier":false,"isSummary":false},{"id":"shr-core-MedicationRequest-model.communicationMethod","path":"shr-core-MedicationRequest-model.communicationMethod","short":"This is the method the provider used to communicate. Examples include: Written, Telephoned, Verbal, Electronically Entered, Policy, Service Correction, Duplicate, etc. 'Code indicating the origin of the prescription.' - NCPDP Telecommunication (Field 419-DJ, Data Dictionary 201104). Possible values include: Written; Telephone; Electronic; Facsimile; Pharmacy; Not Known.","definition":"This is the method the provider used to communicate. Examples include: Written, Telephoned, Verbal, Electronically Entered, Policy, Service Correction, Duplicate, etc. 'Code indicating the origin of the prescription.' - NCPDP Telecommunication (Field 419-DJ, Data Dictionary 201104). Possible values include: Written; Telephone; Electronic; Facsimile; Pharmacy; Not Known.","min":0,"max":"0","base":{"path":"shr-core-MedicationRequest-model.communicationMethod","min":0,"max":"0"},"type":[{"code":"Coding"}],"mustSupport":false,"isModifier":false,"isSummary":false},{"id":"shr-core-MedicationRequest-model.medicationCodeOrReference[x]","path":"shr-core-MedicationRequest-model.medicationCodeOrReference[x]","short":"A choice of a medication code or reference.","definition":"A choice of a medication code or reference.","min":1,"max":"1","base":{"path":"shr-core-MedicationRequest-model.medicationCodeOrReference[x]","min":1,"max":"1"},"type":[{"code":"Coding"},{"code":"Reference","targetProfile":"http://hl7.org/fhir/us/shr/StructureDefinition/shr-core-Medication-model"}],"mustSupport":false,"isModifier":false,"isSummary":false},{"id":"shr-core-MedicationRequest-model.dosage","path":"shr-core-MedicationRequest-model.dosage","code":[{"system":"http://ncimeta.nci.nih.gov","code":"C0178602"}],"short":"The dosage of the medication. The data structure is flexible and can describe a dosage prescribed, administered, or reported.","definition":"The dosage of the medication. The data structure is flexible and can describe a dosage prescribed, administered, or reported.","min":0,"max":"1","base":{"path":"shr-core-MedicationRequest-model.dosage","min":0,"max":"1"},"type":[{"code":"http://hl7.org/fhir/us/shr/StructureDefinition/shr-core-Dosage-model"}],"mustSupport":false,"isModifier":false,"isSummary":false},{"id":"shr-core-MedicationRequest-model.medicationRequester[x]","path":"shr-core-MedicationRequest-model.medicationRequester[x]","short":"The individual, organization or device that initiated the request and has responsibility for its activation.","definition":"The individual, organization or device that initiated the request and has responsibility for its activation.","min":1,"max":"1","base":{"path":"shr-core-MedicationRequest-model.medicationRequester[x]","min":1,"max":"1"},"type":[{"code":"Reference","targetProfile":"http://hl7.org/fhir/us/shr/StructureDefinition/shr-core-Practitioner-model"},{"code":"Reference","targetProfile":"http://hl7.org/fhir/us/shr/StructureDefinition/shr-core-Organization-model"},{"code":"Reference","targetProfile":"http://hl7.org/fhir/us/shr/StructureDefinition/shr-core-Patient-model"},{"code":"Reference","targetProfile":"http://hl7.org/fhir/us/shr/StructureDefinition/shr-core-RelatedPerson-model"},{"code":"Reference","targetProfile":"http://hl7.org/fhir/us/shr/StructureDefinition/shr-core-Device-model"}],"mustSupport":false,"isModifier":false,"isSummary":false},{"id":"shr-core-MedicationRequest-model.numberOfRefillsAllowed","path":"shr-core-MedicationRequest-model.numberOfRefillsAllowed","short":"The maximum number of times the dispense can be repeated. For medication dispense, this integer does NOT include the original order dispense. This means that if an order indicates dispense 30 tablets plus 3 repeats, then the order can be dispensed a total of 4 times and the patient can receive a total of 120 tablets.","definition":"The maximum number of times the dispense can be repeated. For medication dispense, this integer does NOT include the original order dispense. This means that if an order indicates dispense 30 tablets plus 3 repeats, then the order can be dispensed a total of 4 times and the patient can receive a total of 120 tablets.","min":0,"max":"1","base":{"path":"shr-core-MedicationRequest-model.numberOfRefillsAllowed","min":0,"max":"1"},"type":[{"code":"positiveInt"}],"mustSupport":false,"isModifier":false,"isSummary":false},{"id":"shr-core-MedicationRequest-model.quantityPerDispense","path":"shr-core-MedicationRequest-model.quantityPerDispense","short":"The amount that is to be dispensed for one fill.","definition":"The amount that is to be dispensed for one fill.","min":0,"max":"1","base":{"path":"shr-core-MedicationRequest-model.quantityPerDispense","min":0,"max":"1"},"type":[{"code":"http://hl7.org/fhir/us/shr/StructureDefinition/shr-core-SimpleQuantity-model"}],"mustSupport":false,"isModifier":false,"isSummary":false},{"id":"shr-core-MedicationRequest-model.supplyDuration","path":"shr-core-MedicationRequest-model.supplyDuration","code":[{"system":"http://ncimeta.nci.nih.gov","code":"C0449238"}],"short":"Identifies the period time over which the supplied product is expected to be used, or the length of time the dispense is expected to last.","definition":"Identifies the period time over which the supplied product is expected to be used, or the length of time the dispense is expected to last.","min":0,"max":"1","base":{"path":"shr-core-MedicationRequest-model.supplyDuration","min":0,"max":"1"},"type":[{"code":"http://hl7.org/fhir/us/shr/StructureDefinition/shr-core-Duration-model"}],"mustSupport":false,"isModifier":false,"isSummary":false},{"id":"shr-core-MedicationRequest-model.substitutionAllowed","path":"shr-core-MedicationRequest-model.substitutionAllowed","short":"Whether substitution is allowed or not.","definition":"Whether substitution is allowed or not.","min":0,"max":"1","base":{"path":"shr-core-MedicationRequest-model.substitutionAllowed","min":0,"max":"1"},"type":[{"code":"boolean"}],"mustSupport":false,"isModifier":false,"isSummary":false},{"id":"shr-core-MedicationRequest-model.substitutionReason","path":"shr-core-MedicationRequest-model.substitutionReason","short":"Why should (not) substitution be made.","definition":"Why should (not) substitution be made.","min":0,"max":"1","base":{"path":"shr-core-MedicationRequest-model.substitutionReason","min":0,"max":"1"},"type":[{"code":"Coding"}],"mustSupport":false,"isModifier":false,"isSummary":false,"binding":{"strength":"required","valueSetReference":{"reference":"http://hl7.org/fhir/ValueSet/v3-SubstanceAdminSubstitutionReason"}}}]}}