{"resourceType":"StructureDefinition","id":"shr-core-AppointmentParticipation-model","text":{"status":"generated","div":"<div xmlns=\"http://www.w3.org/1999/xhtml\">\n  <p><b>AppointmentParticipation Logical Model</b></p>\n  <p>Participants involved in appointment</p>\n</div>"},"url":"http://hl7.org/fhir/us/shr/StructureDefinition/shr-core-AppointmentParticipation-model","identifier":[{"system":"http://hl7.org/fhir/us/odh","value":"shr.core.AppointmentParticipation"}],"version":"1.0.0","name":"AppointmentParticipation","title":"shr-core-AppointmentParticipation","status":"draft","date":"2019-04-08T00:00:00-04:00","publisher":"HL7","contact":[{"telecom":[{"system":"url","value":"http://standardhealthrecord.org"}]}],"description":"Participants involved in appointment","fhirVersion":"3.0.1","kind":"logical","abstract":false,"type":"shr-core-AppointmentParticipation-model","baseDefinition":"http://hl7.org/fhir/StructureDefinition/Element","derivation":"specialization","snapshot":{"element":[{"id":"shr-core-AppointmentParticipation-model","path":"shr-core-AppointmentParticipation-model","definition":"Participants involved in appointment","min":0,"max":"*","base":{"path":"shr-core-AppointmentParticipation-model","min":0,"max":"*"},"mustSupport":false,"isModifier":false,"isSummary":false},{"id":"shr-core-AppointmentParticipation-model.participationType","path":"shr-core-AppointmentParticipation-model.participationType","code":[{"system":"http://ncimeta.nci.nih.gov","code":"C1553854"}],"short":"The role played by the participant engaged in the action, for example, as the attending physician, surgical assistant, etc.","definition":"The role played by the participant engaged in the action, for example, as the attending physician, surgical assistant, etc.","min":1,"max":"*","base":{"path":"shr-core-AppointmentParticipation-model.participationType","min":1,"max":"*"},"type":[{"code":"Coding"}],"mustSupport":false,"isModifier":false,"isSummary":false,"binding":{"strength":"required","valueSetReference":{"reference":"http://hl7.org/fhir/ValueSet/encounter-participant-type"}}},{"id":"shr-core-AppointmentParticipation-model.appointmentParticipant[x]","path":"shr-core-AppointmentParticipation-model.appointmentParticipant[x]","short":"A choice of Person (in any role) or Organization, Device or Location as participants.","definition":"A choice of Person (in any role) or Organization, Device or Location as participants.","min":0,"max":"1","base":{"path":"shr-core-AppointmentParticipation-model.appointmentParticipant[x]","min":0,"max":"1"},"type":[{"code":"Reference","targetProfile":"http://hl7.org/fhir/us/shr/StructureDefinition/shr-core-Patient-model"},{"code":"Reference","targetProfile":"http://hl7.org/fhir/us/shr/StructureDefinition/shr-core-Practitioner-model"},{"code":"Reference","targetProfile":"http://hl7.org/fhir/us/shr/StructureDefinition/shr-core-RelatedPerson-model"},{"code":"Reference","targetProfile":"http://hl7.org/fhir/us/shr/StructureDefinition/shr-core-Device-model"},{"code":"Reference","targetProfile":"http://hl7.org/fhir/us/shr/StructureDefinition/shr-core-Location-model"}],"mustSupport":false,"isModifier":false,"isSummary":false},{"id":"shr-core-AppointmentParticipation-model.need","path":"shr-core-AppointmentParticipation-model.need","short":"A code expressing the degree or type of need for the person or item.","definition":"A code expressing the degree or type of need for the person or item.","min":0,"max":"1","base":{"path":"shr-core-AppointmentParticipation-model.need","min":0,"max":"1"},"type":[{"code":"Coding"}],"mustSupport":false,"isModifier":false,"isSummary":false,"binding":{"strength":"required","valueSetReference":{"reference":"http://hl7.org/fhir/ValueSet/participantrequired"}}},{"id":"shr-core-AppointmentParticipation-model.status","path":"shr-core-AppointmentParticipation-model.status","short":"A state that relates to the workflow or interpretation of this resource. Certain status values can modify the meaning of the resource, for example, entered-in-error. When a boolean value is used, Status of true indicates the record is active, false means inactive.","definition":"A state that relates to the workflow or interpretation of this resource. Certain status values can modify the meaning of the resource, for example, entered-in-error. When a boolean value is used, Status of true indicates the record is active, false means inactive.","min":1,"max":"1","base":{"path":"shr-core-AppointmentParticipation-model.status","min":1,"max":"1"},"type":[{"code":"Coding"}],"mustSupport":false,"isModifier":false,"isSummary":false,"binding":{"strength":"required","valueSetReference":{"reference":"http://hl7.org/fhir/ValueSet/participationstatus"}}}]},"differential":{"element":[{"id":"shr-core-AppointmentParticipation-model","path":"shr-core-AppointmentParticipation-model","definition":"Participants involved in appointment","min":0,"max":"*","base":{"path":"shr-core-AppointmentParticipation-model","min":0,"max":"*"},"mustSupport":false,"isModifier":false,"isSummary":false},{"id":"shr-core-AppointmentParticipation-model.participationType","path":"shr-core-AppointmentParticipation-model.participationType","code":[{"system":"http://ncimeta.nci.nih.gov","code":"C1553854"}],"short":"The role played by the participant engaged in the action, for example, as the attending physician, surgical assistant, etc.","definition":"The role played by the participant engaged in the action, for example, as the attending physician, surgical assistant, etc.","min":1,"max":"*","base":{"path":"shr-core-AppointmentParticipation-model.participationType","min":1,"max":"*"},"type":[{"code":"Coding"}],"mustSupport":false,"isModifier":false,"isSummary":false,"binding":{"strength":"required","valueSetReference":{"reference":"http://hl7.org/fhir/ValueSet/encounter-participant-type"}}},{"id":"shr-core-AppointmentParticipation-model.appointmentParticipant[x]","path":"shr-core-AppointmentParticipation-model.appointmentParticipant[x]","short":"A choice of Person (in any role) or Organization, Device or Location as participants.","definition":"A choice of Person (in any role) or Organization, Device or Location as participants.","min":0,"max":"1","base":{"path":"shr-core-AppointmentParticipation-model.appointmentParticipant[x]","min":0,"max":"1"},"type":[{"code":"Reference","targetProfile":"http://hl7.org/fhir/us/shr/StructureDefinition/shr-core-Patient-model"},{"code":"Reference","targetProfile":"http://hl7.org/fhir/us/shr/StructureDefinition/shr-core-Practitioner-model"},{"code":"Reference","targetProfile":"http://hl7.org/fhir/us/shr/StructureDefinition/shr-core-RelatedPerson-model"},{"code":"Reference","targetProfile":"http://hl7.org/fhir/us/shr/StructureDefinition/shr-core-Device-model"},{"code":"Reference","targetProfile":"http://hl7.org/fhir/us/shr/StructureDefinition/shr-core-Location-model"}],"mustSupport":false,"isModifier":false,"isSummary":false},{"id":"shr-core-AppointmentParticipation-model.need","path":"shr-core-AppointmentParticipation-model.need","short":"A code expressing the degree or type of need for the person or item.","definition":"A code expressing the degree or type of need for the person or item.","min":0,"max":"1","base":{"path":"shr-core-AppointmentParticipation-model.need","min":0,"max":"1"},"type":[{"code":"Coding"}],"mustSupport":false,"isModifier":false,"isSummary":false,"binding":{"strength":"required","valueSetReference":{"reference":"http://hl7.org/fhir/ValueSet/participantrequired"}}},{"id":"shr-core-AppointmentParticipation-model.status","path":"shr-core-AppointmentParticipation-model.status","short":"A state that relates to the workflow or interpretation of this resource. Certain status values can modify the meaning of the resource, for example, entered-in-error. When a boolean value is used, Status of true indicates the record is active, false means inactive.","definition":"A state that relates to the workflow or interpretation of this resource. Certain status values can modify the meaning of the resource, for example, entered-in-error. When a boolean value is used, Status of true indicates the record is active, false means inactive.","min":1,"max":"1","base":{"path":"shr-core-AppointmentParticipation-model.status","min":1,"max":"1"},"type":[{"code":"Coding"}],"mustSupport":false,"isModifier":false,"isSummary":false,"binding":{"strength":"required","valueSetReference":{"reference":"http://hl7.org/fhir/ValueSet/participationstatus"}}}]}}