{"resourceType":"StructureDefinition","id":"shr-core-Reported-model","text":{"status":"generated","div":"<div xmlns=\"http://www.w3.org/1999/xhtml\">\n  <p><b>Reported Logical Model</b></p>\n  <p>Indicates if this record was captured as a secondary 'reported' record rather than as an original primary source-of-truth record. It may also indicate the source of the report.</p>\n</div>"},"url":"http://hl7.org/fhir/us/odh/StructureDefinition/shr-core-Reported-model","identifier":[{"system":"http://hl7.org/fhir/us/odh","value":"shr.core.Reported"}],"version":"1.0.0","name":"Reported","title":"shr-core-Reported","status":"draft","date":"2019-05-08T00:00:00-04:00","publisher":"HL7","contact":[{"telecom":[{"system":"url","value":"http://standardhealthrecord.org"}]}],"description":"Indicates if this record was captured as a secondary 'reported' record rather than as an original primary source-of-truth record. It may also indicate the source of the report.","fhirVersion":"3.0.1","kind":"logical","abstract":false,"type":"shr-core-Reported-model","baseDefinition":"http://hl7.org/fhir/StructureDefinition/Element","derivation":"specialization","snapshot":{"element":[{"id":"shr-core-Reported-model","path":"shr-core-Reported-model","definition":"Indicates if this record was captured as a secondary 'reported' record rather than as an original primary source-of-truth record. It may also indicate the source of the report.","min":0,"max":"*","base":{"path":"shr-core-Reported-model","min":0,"max":"*"},"mustSupport":false,"isModifier":false,"isSummary":false},{"id":"shr-core-Reported-model.value[x]","path":"shr-core-Reported-model.value[x]","short":"Boolean or InformationSource representing indicates if this record was captured as a secondary 'reported' record rather than as an original primary source-of-truth record. It may also indicate the source of the report.","definition":"Boolean or InformationSource representing indicates if this record was captured as a secondary 'reported' record rather than as an original primary source-of-truth record. It may also indicate the source of the report.","min":1,"max":"1","base":{"path":"shr-core-Reported-model.value[x]","min":1,"max":"1"},"type":[{"code":"boolean"},{"code":"Reference","targetProfile":"http://hl7.org/fhir/us/odh/StructureDefinition/shr-core-InformationSource-model"}],"mustSupport":false,"isModifier":false,"isSummary":false}]},"differential":{"element":[{"id":"shr-core-Reported-model","path":"shr-core-Reported-model","definition":"Indicates if this record was captured as a secondary 'reported' record rather than as an original primary source-of-truth record. It may also indicate the source of the report.","min":0,"max":"*","base":{"path":"shr-core-Reported-model","min":0,"max":"*"},"mustSupport":false,"isModifier":false,"isSummary":false},{"id":"shr-core-Reported-model.value[x]","path":"shr-core-Reported-model.value[x]","short":"Boolean or InformationSource representing indicates if this record was captured as a secondary 'reported' record rather than as an original primary source-of-truth record. It may also indicate the source of the report.","definition":"Boolean or InformationSource representing indicates if this record was captured as a secondary 'reported' record rather than as an original primary source-of-truth record. It may also indicate the source of the report.","min":1,"max":"1","base":{"path":"shr-core-Reported-model.value[x]","min":1,"max":"1"},"type":[{"code":"boolean"},{"code":"Reference","targetProfile":"http://hl7.org/fhir/us/odh/StructureDefinition/shr-core-InformationSource-model"}],"mustSupport":false,"isModifier":false,"isSummary":false}]}}