{"resourceType":"StructureDefinition","id":"shr-core-OnBehalfOf-model","text":{"status":"generated","div":"<div xmlns=\"http://www.w3.org/1999/xhtml\">\n  <p><b>OnBehalfOf Logical Model</b></p>\n  <p>The party represented by the actual participant.</p>\n</div>"},"url":"http://hl7.org/fhir/us/odh/StructureDefinition/shr-core-OnBehalfOf-model","identifier":[{"system":"http://hl7.org/fhir/us/odh","value":"shr.core.OnBehalfOf"}],"version":"1.0.0","name":"OnBehalfOf","title":"shr-core-OnBehalfOf","status":"draft","date":"2019-05-08T00:00:00-04:00","publisher":"HL7","contact":[{"telecom":[{"system":"url","value":"http://standardhealthrecord.org"}]}],"description":"The party represented by the actual participant.","fhirVersion":"3.0.1","kind":"logical","abstract":false,"type":"shr-core-OnBehalfOf-model","baseDefinition":"http://hl7.org/fhir/StructureDefinition/Element","derivation":"specialization","snapshot":{"element":[{"id":"shr-core-OnBehalfOf-model","path":"shr-core-OnBehalfOf-model","definition":"The party represented by the actual participant.","min":0,"max":"*","base":{"path":"shr-core-OnBehalfOf-model","min":0,"max":"*"},"mustSupport":false,"isModifier":false,"isSummary":false},{"id":"shr-core-OnBehalfOf-model.value[x]","path":"shr-core-OnBehalfOf-model.value[x]","short":"Choice of types representing the party represented by the actual participant.","definition":"Choice of types representing the party represented by the actual participant.","min":1,"max":"1","base":{"path":"shr-core-OnBehalfOf-model.value[x]","min":1,"max":"1"},"type":[{"code":"Reference","targetProfile":"http://hl7.org/fhir/us/odh/StructureDefinition/shr-core-Practitioner-model"},{"code":"Reference","targetProfile":"http://hl7.org/fhir/us/odh/StructureDefinition/shr-core-RelatedPerson-model"},{"code":"Reference","targetProfile":"http://hl7.org/fhir/us/odh/StructureDefinition/shr-core-Patient-model"},{"code":"Reference","targetProfile":"http://hl7.org/fhir/us/odh/StructureDefinition/shr-core-Device-model"},{"code":"Reference","targetProfile":"http://hl7.org/fhir/us/odh/StructureDefinition/shr-core-Organization-model"}],"mustSupport":false,"isModifier":false,"isSummary":false}]},"differential":{"element":[{"id":"shr-core-OnBehalfOf-model","path":"shr-core-OnBehalfOf-model","definition":"The party represented by the actual participant.","min":0,"max":"*","base":{"path":"shr-core-OnBehalfOf-model","min":0,"max":"*"},"mustSupport":false,"isModifier":false,"isSummary":false},{"id":"shr-core-OnBehalfOf-model.value[x]","path":"shr-core-OnBehalfOf-model.value[x]","short":"Choice of types representing the party represented by the actual participant.","definition":"Choice of types representing the party represented by the actual participant.","min":1,"max":"1","base":{"path":"shr-core-OnBehalfOf-model.value[x]","min":1,"max":"1"},"type":[{"code":"Reference","targetProfile":"http://hl7.org/fhir/us/odh/StructureDefinition/shr-core-Practitioner-model"},{"code":"Reference","targetProfile":"http://hl7.org/fhir/us/odh/StructureDefinition/shr-core-RelatedPerson-model"},{"code":"Reference","targetProfile":"http://hl7.org/fhir/us/odh/StructureDefinition/shr-core-Patient-model"},{"code":"Reference","targetProfile":"http://hl7.org/fhir/us/odh/StructureDefinition/shr-core-Device-model"},{"code":"Reference","targetProfile":"http://hl7.org/fhir/us/odh/StructureDefinition/shr-core-Organization-model"}],"mustSupport":false,"isModifier":false,"isSummary":false}]}}