{"resourceType":"StructureDefinition","id":"shr-core-GeneralPractitioner-model","text":{"status":"generated","div":"<div xmlns=\"http://www.w3.org/1999/xhtml\">\n  <p><b>GeneralPractitioner Logical Model</b></p>\n  <p>Patient's nominated primary care provider.</p>\n</div>"},"url":"http://hl7.org/fhir/us/odh/StructureDefinition/shr-core-GeneralPractitioner-model","identifier":[{"system":"http://hl7.org/fhir/us/odh","value":"shr.core.GeneralPractitioner"}],"version":"1.0.0","name":"GeneralPractitioner","title":"shr-core-GeneralPractitioner","status":"draft","date":"2019-05-08T00:00:00-04:00","publisher":"HL7","contact":[{"telecom":[{"system":"url","value":"http://standardhealthrecord.org"}]}],"description":"Patient's nominated primary care provider.","fhirVersion":"3.0.1","kind":"logical","abstract":false,"type":"shr-core-GeneralPractitioner-model","baseDefinition":"http://hl7.org/fhir/StructureDefinition/Element","derivation":"specialization","snapshot":{"element":[{"id":"shr-core-GeneralPractitioner-model","path":"shr-core-GeneralPractitioner-model","definition":"Patient's nominated primary care provider.","min":0,"max":"*","base":{"path":"shr-core-GeneralPractitioner-model","min":0,"max":"*"},"mustSupport":false,"isModifier":false,"isSummary":false},{"id":"shr-core-GeneralPractitioner-model.value[x]","path":"shr-core-GeneralPractitioner-model.value[x]","short":"Organization or Practitioner representing patient's nominated primary care provider.","definition":"Organization or Practitioner representing patient's nominated primary care provider.","min":1,"max":"1","base":{"path":"shr-core-GeneralPractitioner-model.value[x]","min":1,"max":"1"},"type":[{"code":"Reference","targetProfile":"http://hl7.org/fhir/us/odh/StructureDefinition/shr-core-Organization-model"},{"code":"Reference","targetProfile":"http://hl7.org/fhir/us/odh/StructureDefinition/shr-core-Practitioner-model"}],"mustSupport":false,"isModifier":false,"isSummary":false}]},"differential":{"element":[{"id":"shr-core-GeneralPractitioner-model","path":"shr-core-GeneralPractitioner-model","definition":"Patient's nominated primary care provider.","min":0,"max":"*","base":{"path":"shr-core-GeneralPractitioner-model","min":0,"max":"*"},"mustSupport":false,"isModifier":false,"isSummary":false},{"id":"shr-core-GeneralPractitioner-model.value[x]","path":"shr-core-GeneralPractitioner-model.value[x]","short":"Organization or Practitioner representing patient's nominated primary care provider.","definition":"Organization or Practitioner representing patient's nominated primary care provider.","min":1,"max":"1","base":{"path":"shr-core-GeneralPractitioner-model.value[x]","min":1,"max":"1"},"type":[{"code":"Reference","targetProfile":"http://hl7.org/fhir/us/odh/StructureDefinition/shr-core-Organization-model"},{"code":"Reference","targetProfile":"http://hl7.org/fhir/us/odh/StructureDefinition/shr-core-Practitioner-model"}],"mustSupport":false,"isModifier":false,"isSummary":false}]}}