{"resourceType":"StructureDefinition","id":"shr-core-CollectionSite-model","text":{"status":"generated","div":"<div xmlns=\"http://www.w3.org/1999/xhtml\">\n  <p><b>CollectionSite Logical Model</b></p>\n  <p>The body site where specimen was collected</p>\n</div>"},"url":"http://hl7.org/fhir/us/shr/StructureDefinition/shr-core-CollectionSite-model","identifier":[{"system":"http://hl7.org/fhir/us/odh","value":"shr.core.CollectionSite"}],"version":"1.0.0","name":"CollectionSite","title":"shr-core-CollectionSite","status":"draft","date":"2019-04-08T00:00:00-04:00","publisher":"HL7","contact":[{"telecom":[{"system":"url","value":"http://standardhealthrecord.org"}]}],"description":"The body site where specimen was collected","fhirVersion":"3.0.1","kind":"logical","abstract":false,"type":"shr-core-CollectionSite-model","baseDefinition":"http://hl7.org/fhir/StructureDefinition/Element","derivation":"specialization","snapshot":{"element":[{"id":"shr-core-CollectionSite-model","path":"shr-core-CollectionSite-model","definition":"The body site where specimen was collected","min":0,"max":"*","base":{"path":"shr-core-CollectionSite-model","min":0,"max":"*"},"mustSupport":false,"isModifier":false,"isSummary":false},{"id":"shr-core-CollectionSite-model.value","path":"shr-core-CollectionSite-model.value","short":"BodyLocation representing the body site where specimen was collected","definition":"BodyLocation representing the body site where specimen was collected","min":1,"max":"1","base":{"path":"shr-core-CollectionSite-model.value","min":1,"max":"1"},"type":[{"code":"http://hl7.org/fhir/us/shr/StructureDefinition/shr-core-BodyLocation-model"}],"mustSupport":false,"isModifier":false,"isSummary":false}]},"differential":{"element":[{"id":"shr-core-CollectionSite-model","path":"shr-core-CollectionSite-model","definition":"The body site where specimen was collected","min":0,"max":"*","base":{"path":"shr-core-CollectionSite-model","min":0,"max":"*"},"mustSupport":false,"isModifier":false,"isSummary":false},{"id":"shr-core-CollectionSite-model.value","path":"shr-core-CollectionSite-model.value","short":"BodyLocation representing the body site where specimen was collected","definition":"BodyLocation representing the body site where specimen was collected","min":1,"max":"1","base":{"path":"shr-core-CollectionSite-model.value","min":1,"max":"1"},"type":[{"code":"http://hl7.org/fhir/us/shr/StructureDefinition/shr-core-BodyLocation-model"}],"mustSupport":false,"isModifier":false,"isSummary":false}]}}