{"resourceType":"StructureDefinition","id":"shr-core-RepeatCount-model","text":{"status":"generated","div":"<div xmlns=\"http://www.w3.org/1999/xhtml\">\n  <p><b>RepeatCount Logical Model</b></p>\n  <p>A total count of the desired number of repetitions across the duration of the entire timing specification. If countMax is present, this element indicates the lower bound of the allowed range of count values.</p>\n</div>"},"url":"http://hl7.org/fhir/us/odh/StructureDefinition/shr-core-RepeatCount-model","identifier":[{"system":"http://hl7.org/fhir/us/odh","value":"shr.core.RepeatCount"}],"version":"1.0.0","name":"RepeatCount","title":"shr-core-RepeatCount","status":"draft","date":"2019-05-08T00:00:00-04:00","publisher":"HL7","contact":[{"telecom":[{"system":"url","value":"http://standardhealthrecord.org"}]}],"description":"A total count of the desired number of repetitions across the duration of the entire timing specification. If countMax is present, this element indicates the lower bound of the allowed range of count values.","fhirVersion":"3.0.1","kind":"logical","abstract":false,"type":"shr-core-RepeatCount-model","baseDefinition":"http://hl7.org/fhir/StructureDefinition/Element","derivation":"specialization","snapshot":{"element":[{"id":"shr-core-RepeatCount-model","path":"shr-core-RepeatCount-model","definition":"A total count of the desired number of repetitions across the duration of the entire timing specification. If countMax is present, this element indicates the lower bound of the allowed range of count values.","min":0,"max":"*","base":{"path":"shr-core-RepeatCount-model","min":0,"max":"*"},"mustSupport":false,"isModifier":false,"isSummary":false},{"id":"shr-core-RepeatCount-model.value","path":"shr-core-RepeatCount-model.value","short":"PositiveInt representing a total count of the desired number of repetitions across the duration of the entire timing specification. If countMax is present, this element indicates the lower bound of the allowed range of count values.","definition":"PositiveInt representing a total count of the desired number of repetitions across the duration of the entire timing specification. If countMax is present, this element indicates the lower bound of the allowed range of count values.","min":1,"max":"1","base":{"path":"shr-core-RepeatCount-model.value","min":1,"max":"1"},"type":[{"code":"positiveInt"}],"mustSupport":false,"isModifier":false,"isSummary":false}]},"differential":{"element":[{"id":"shr-core-RepeatCount-model","path":"shr-core-RepeatCount-model","definition":"A total count of the desired number of repetitions across the duration of the entire timing specification. If countMax is present, this element indicates the lower bound of the allowed range of count values.","min":0,"max":"*","base":{"path":"shr-core-RepeatCount-model","min":0,"max":"*"},"mustSupport":false,"isModifier":false,"isSummary":false},{"id":"shr-core-RepeatCount-model.value","path":"shr-core-RepeatCount-model.value","short":"PositiveInt representing a total count of the desired number of repetitions across the duration of the entire timing specification. If countMax is present, this element indicates the lower bound of the allowed range of count values.","definition":"PositiveInt representing a total count of the desired number of repetitions across the duration of the entire timing specification. If countMax is present, this element indicates the lower bound of the allowed range of count values.","min":1,"max":"1","base":{"path":"shr-core-RepeatCount-model.value","min":1,"max":"1"},"type":[{"code":"positiveInt"}],"mustSupport":false,"isModifier":false,"isSummary":false}]}}