{"resourceType":"StructureDefinition","id":"shr-core-Payor-model","text":{"status":"generated","div":"<div xmlns=\"http://www.w3.org/1999/xhtml\">\n  <p><b>Payor Logical Model</b></p>\n  <p>The program or plan underwriter or payor including both insurance and non-insurance agreements, such as patient-pay agreements.</p>\n</div>"},"url":"http://hl7.org/fhir/us/odh/StructureDefinition/shr-core-Payor-model","identifier":[{"system":"http://hl7.org/fhir/us/odh","value":"shr.core.Payor"}],"version":"1.0.0","name":"Payor","title":"shr-core-Payor","status":"draft","date":"2019-05-08T00:00:00-04:00","publisher":"HL7","contact":[{"telecom":[{"system":"url","value":"http://standardhealthrecord.org"}]}],"description":"The program or plan underwriter or payor including both insurance and non-insurance agreements, such as patient-pay agreements.","fhirVersion":"3.0.1","kind":"logical","abstract":false,"type":"shr-core-Payor-model","baseDefinition":"http://hl7.org/fhir/StructureDefinition/Element","derivation":"specialization","snapshot":{"element":[{"id":"shr-core-Payor-model","path":"shr-core-Payor-model","definition":"The program or plan underwriter or payor including both insurance and non-insurance agreements, such as patient-pay agreements.","min":0,"max":"*","base":{"path":"shr-core-Payor-model","min":0,"max":"*"},"mustSupport":false,"isModifier":false,"isSummary":false},{"id":"shr-core-Payor-model.value[x]","path":"shr-core-Payor-model.value[x]","short":"Choice of types representing the program or plan underwriter or payor including both insurance and non-insurance agreements, such as patient-pay agreements.","definition":"Choice of types representing the program or plan underwriter or payor including both insurance and non-insurance agreements, such as patient-pay agreements.","min":1,"max":"1","base":{"path":"shr-core-Payor-model.value[x]","min":1,"max":"1"},"type":[{"code":"Reference","targetProfile":"http://hl7.org/fhir/us/odh/StructureDefinition/shr-core-Organization-model"},{"code":"Reference","targetProfile":"http://hl7.org/fhir/us/odh/StructureDefinition/shr-core-Patient-model"},{"code":"Reference","targetProfile":"http://hl7.org/fhir/us/odh/StructureDefinition/shr-core-RelatedPerson-model"}],"mustSupport":false,"isModifier":false,"isSummary":false}]},"differential":{"element":[{"id":"shr-core-Payor-model","path":"shr-core-Payor-model","definition":"The program or plan underwriter or payor including both insurance and non-insurance agreements, such as patient-pay agreements.","min":0,"max":"*","base":{"path":"shr-core-Payor-model","min":0,"max":"*"},"mustSupport":false,"isModifier":false,"isSummary":false},{"id":"shr-core-Payor-model.value[x]","path":"shr-core-Payor-model.value[x]","short":"Choice of types representing the program or plan underwriter or payor including both insurance and non-insurance agreements, such as patient-pay agreements.","definition":"Choice of types representing the program or plan underwriter or payor including both insurance and non-insurance agreements, such as patient-pay agreements.","min":1,"max":"1","base":{"path":"shr-core-Payor-model.value[x]","min":1,"max":"1"},"type":[{"code":"Reference","targetProfile":"http://hl7.org/fhir/us/odh/StructureDefinition/shr-core-Organization-model"},{"code":"Reference","targetProfile":"http://hl7.org/fhir/us/odh/StructureDefinition/shr-core-Patient-model"},{"code":"Reference","targetProfile":"http://hl7.org/fhir/us/odh/StructureDefinition/shr-core-RelatedPerson-model"}],"mustSupport":false,"isModifier":false,"isSummary":false}]}}