{"resourceType":"StructureDefinition","id":"shr-core-AppointmentParticipant-model","text":{"status":"generated","div":"<div xmlns=\"http://www.w3.org/1999/xhtml\">\n  <p><b>AppointmentParticipant Logical Model</b></p>\n  <p>A choice of Person (in any role) or Organization, Device or Location as participants.</p>\n</div>"},"url":"http://hl7.org/fhir/us/shr/StructureDefinition/shr-core-AppointmentParticipant-model","identifier":[{"system":"http://hl7.org/fhir/us/odh","value":"shr.core.AppointmentParticipant"}],"version":"1.0.0","name":"AppointmentParticipant","title":"shr-core-AppointmentParticipant","status":"draft","date":"2019-04-08T00:00:00-04:00","publisher":"HL7","contact":[{"telecom":[{"system":"url","value":"http://standardhealthrecord.org"}]}],"description":"A choice of Person (in any role) or Organization, Device or Location as participants.","fhirVersion":"3.0.1","kind":"logical","abstract":false,"type":"shr-core-AppointmentParticipant-model","baseDefinition":"http://hl7.org/fhir/StructureDefinition/Element","derivation":"specialization","snapshot":{"element":[{"id":"shr-core-AppointmentParticipant-model","path":"shr-core-AppointmentParticipant-model","definition":"A choice of Person (in any role) or Organization, Device or Location as participants.","min":0,"max":"*","base":{"path":"shr-core-AppointmentParticipant-model","min":0,"max":"*"},"mustSupport":false,"isModifier":false,"isSummary":false},{"id":"shr-core-AppointmentParticipant-model.value[x]","path":"shr-core-AppointmentParticipant-model.value[x]","short":"Choice of types representing a choice of Person (in any role) or Organization, Device or Location as participants.","definition":"Choice of types representing a choice of Person (in any role) or Organization, Device or Location as participants.","min":1,"max":"1","base":{"path":"shr-core-AppointmentParticipant-model.value[x]","min":1,"max":"1"},"type":[{"code":"Reference","targetProfile":"http://hl7.org/fhir/us/shr/StructureDefinition/shr-core-Patient-model"},{"code":"Reference","targetProfile":"http://hl7.org/fhir/us/shr/StructureDefinition/shr-core-Practitioner-model"},{"code":"Reference","targetProfile":"http://hl7.org/fhir/us/shr/StructureDefinition/shr-core-RelatedPerson-model"},{"code":"Reference","targetProfile":"http://hl7.org/fhir/us/shr/StructureDefinition/shr-core-Device-model"},{"code":"Reference","targetProfile":"http://hl7.org/fhir/us/shr/StructureDefinition/shr-core-Location-model"}],"mustSupport":false,"isModifier":false,"isSummary":false}]},"differential":{"element":[{"id":"shr-core-AppointmentParticipant-model","path":"shr-core-AppointmentParticipant-model","definition":"A choice of Person (in any role) or Organization, Device or Location as participants.","min":0,"max":"*","base":{"path":"shr-core-AppointmentParticipant-model","min":0,"max":"*"},"mustSupport":false,"isModifier":false,"isSummary":false},{"id":"shr-core-AppointmentParticipant-model.value[x]","path":"shr-core-AppointmentParticipant-model.value[x]","short":"Choice of types representing a choice of Person (in any role) or Organization, Device or Location as participants.","definition":"Choice of types representing a choice of Person (in any role) or Organization, Device or Location as participants.","min":1,"max":"1","base":{"path":"shr-core-AppointmentParticipant-model.value[x]","min":1,"max":"1"},"type":[{"code":"Reference","targetProfile":"http://hl7.org/fhir/us/shr/StructureDefinition/shr-core-Patient-model"},{"code":"Reference","targetProfile":"http://hl7.org/fhir/us/shr/StructureDefinition/shr-core-Practitioner-model"},{"code":"Reference","targetProfile":"http://hl7.org/fhir/us/shr/StructureDefinition/shr-core-RelatedPerson-model"},{"code":"Reference","targetProfile":"http://hl7.org/fhir/us/shr/StructureDefinition/shr-core-Device-model"},{"code":"Reference","targetProfile":"http://hl7.org/fhir/us/shr/StructureDefinition/shr-core-Location-model"}],"mustSupport":false,"isModifier":false,"isSummary":false}]}}