{"resourceType":"StructureDefinition","id":"shr-core-ReferralRequester-model","text":{"status":"generated","div":"<div xmlns=\"http://www.w3.org/1999/xhtml\">\n  <p><b>ReferralRequester Logical Model</b></p>\n  <p>The person or organization originating this referral</p>\n</div>"},"url":"http://hl7.org/fhir/us/odh/StructureDefinition/shr-core-ReferralRequester-model","identifier":[{"system":"http://hl7.org/fhir/us/odh","value":"shr.core.ReferralRequester"}],"version":"1.0.0","name":"ReferralRequester","title":"shr-core-ReferralRequester","status":"draft","date":"2019-05-08T00:00:00-04:00","publisher":"HL7","contact":[{"telecom":[{"system":"url","value":"http://standardhealthrecord.org"}]}],"description":"The person or organization originating this referral","fhirVersion":"3.0.1","kind":"logical","abstract":false,"type":"shr-core-ReferralRequester-model","baseDefinition":"http://hl7.org/fhir/StructureDefinition/Element","derivation":"specialization","snapshot":{"element":[{"id":"shr-core-ReferralRequester-model","path":"shr-core-ReferralRequester-model","definition":"The person or organization originating this referral","min":0,"max":"*","base":{"path":"shr-core-ReferralRequester-model","min":0,"max":"*"},"mustSupport":false,"isModifier":false,"isSummary":false},{"id":"shr-core-ReferralRequester-model.value[x]","path":"shr-core-ReferralRequester-model.value[x]","short":"Choice of types representing the person or organization originating this referral","definition":"Choice of types representing the person or organization originating this referral","min":1,"max":"1","base":{"path":"shr-core-ReferralRequester-model.value[x]","min":1,"max":"1"},"type":[{"code":"Reference","targetProfile":"http://hl7.org/fhir/us/odh/StructureDefinition/shr-core-Patient-model"},{"code":"Reference","targetProfile":"http://hl7.org/fhir/us/odh/StructureDefinition/shr-core-Practitioner-model"},{"code":"Reference","targetProfile":"http://hl7.org/fhir/us/odh/StructureDefinition/shr-core-RelatedPerson-model"},{"code":"Reference","targetProfile":"http://hl7.org/fhir/us/odh/StructureDefinition/shr-core-Organization-model"},{"code":"Reference","targetProfile":"http://hl7.org/fhir/us/odh/StructureDefinition/shr-core-Device-model"}],"mustSupport":false,"isModifier":false,"isSummary":false}]},"differential":{"element":[{"id":"shr-core-ReferralRequester-model","path":"shr-core-ReferralRequester-model","definition":"The person or organization originating this referral","min":0,"max":"*","base":{"path":"shr-core-ReferralRequester-model","min":0,"max":"*"},"mustSupport":false,"isModifier":false,"isSummary":false},{"id":"shr-core-ReferralRequester-model.value[x]","path":"shr-core-ReferralRequester-model.value[x]","short":"Choice of types representing the person or organization originating this referral","definition":"Choice of types representing the person or organization originating this referral","min":1,"max":"1","base":{"path":"shr-core-ReferralRequester-model.value[x]","min":1,"max":"1"},"type":[{"code":"Reference","targetProfile":"http://hl7.org/fhir/us/odh/StructureDefinition/shr-core-Patient-model"},{"code":"Reference","targetProfile":"http://hl7.org/fhir/us/odh/StructureDefinition/shr-core-Practitioner-model"},{"code":"Reference","targetProfile":"http://hl7.org/fhir/us/odh/StructureDefinition/shr-core-RelatedPerson-model"},{"code":"Reference","targetProfile":"http://hl7.org/fhir/us/odh/StructureDefinition/shr-core-Organization-model"},{"code":"Reference","targetProfile":"http://hl7.org/fhir/us/odh/StructureDefinition/shr-core-Device-model"}],"mustSupport":false,"isModifier":false,"isSummary":false}]}}