{"resourceType":"StructureDefinition","id":"shr-core-Attachment-model","text":{"status":"generated","div":"<div xmlns=\"http://www.w3.org/1999/xhtml\">\n  <p><b>Attachment Logical Model</b></p>\n  <p>A file that contains audio, video, image, or similar content.</p>\n</div>"},"url":"http://hl7.org/fhir/us/shr/StructureDefinition/shr-core-Attachment-model","identifier":[{"system":"http://hl7.org/fhir/us/odh","value":"shr.core.Attachment"}],"version":"1.0.0","name":"Attachment","title":"shr-core-Attachment","status":"draft","date":"2019-03-30T00:00:00-04:00","publisher":"HL7","contact":[{"telecom":[{"system":"url","value":"http://standardhealthrecord.org"}]}],"description":"A file that contains audio, video, image, or similar content.","fhirVersion":"3.0.1","kind":"logical","abstract":false,"type":"shr-core-Attachment-model","baseDefinition":"http://hl7.org/fhir/StructureDefinition/Element","derivation":"specialization","snapshot":{"element":[{"id":"shr-core-Attachment-model","path":"shr-core-Attachment-model","definition":"A file that contains audio, video, image, or similar content.","min":0,"max":"*","base":{"path":"shr-core-Attachment-model","min":0,"max":"*"},"mustSupport":false,"isModifier":false,"isSummary":false},{"id":"shr-core-Attachment-model.binaryData","path":"shr-core-Attachment-model.binaryData","short":"The data itself.","definition":"The data itself.","min":0,"max":"1","base":{"path":"shr-core-Attachment-model.binaryData","min":0,"max":"1"},"type":[{"code":"base64Binary"}],"mustSupport":false,"isModifier":false,"isSummary":false},{"id":"shr-core-Attachment-model.contentType","path":"shr-core-Attachment-model.contentType","short":"The mime type of the content, with charset etc.","definition":"The mime type of the content, with charset etc.","min":0,"max":"1","base":{"path":"shr-core-Attachment-model.contentType","min":0,"max":"1"},"type":[{"code":"Coding"}],"mustSupport":false,"isModifier":false,"isSummary":false},{"id":"shr-core-Attachment-model.language","path":"shr-core-Attachment-model.language","code":[{"system":"http://ncimeta.nci.nih.gov","code":"C0023008"}],"short":"A human language, spoken or written.","definition":"A human language, spoken or written.","min":0,"max":"1","base":{"path":"shr-core-Attachment-model.language","min":0,"max":"1"},"type":[{"code":"Coding"}],"mustSupport":false,"isModifier":false,"isSummary":false},{"id":"shr-core-Attachment-model.resourceLocation","path":"shr-core-Attachment-model.resourceLocation","short":"URI where data can be found.","definition":"URI where data can be found.","min":0,"max":"1","base":{"path":"shr-core-Attachment-model.resourceLocation","min":0,"max":"1"},"type":[{"code":"uri"}],"mustSupport":false,"isModifier":false,"isSummary":false},{"id":"shr-core-Attachment-model.resourceSize","path":"shr-core-Attachment-model.resourceSize","short":"Number of bytes of content in the resource (if url provided)","definition":"Number of bytes of content in the resource (if url provided)","min":0,"max":"1","base":{"path":"shr-core-Attachment-model.resourceSize","min":0,"max":"1"},"type":[{"code":"unsignedInt"}],"mustSupport":false,"isModifier":false,"isSummary":false},{"id":"shr-core-Attachment-model.hash","path":"shr-core-Attachment-model.hash","short":"A hash code of the data (sha-1, base64ed)","definition":"A hash code of the data (sha-1, base64ed)","min":0,"max":"1","base":{"path":"shr-core-Attachment-model.hash","min":0,"max":"1"},"type":[{"code":"base64Binary"}],"mustSupport":false,"isModifier":false,"isSummary":false},{"id":"shr-core-Attachment-model.title","path":"shr-core-Attachment-model.title","short":"A distinguishing word or group of words naming an item.","definition":"A distinguishing word or group of words naming an item.","min":0,"max":"1","base":{"path":"shr-core-Attachment-model.title","min":0,"max":"1"},"type":[{"code":"string"}],"mustSupport":false,"isModifier":false,"isSummary":false},{"id":"shr-core-Attachment-model.creationDateTime","path":"shr-core-Attachment-model.creationDateTime","code":[{"system":"http://ncimeta.nci.nih.gov","code":"C3669169"}],"short":"The point in time when the item was created.","definition":"The point in time when the item was created.","min":0,"max":"1","base":{"path":"shr-core-Attachment-model.creationDateTime","min":0,"max":"1"},"type":[{"code":"dateTime"}],"mustSupport":false,"isModifier":false,"isSummary":false}]},"differential":{"element":[{"id":"shr-core-Attachment-model","path":"shr-core-Attachment-model","definition":"A file that contains audio, video, image, or similar content.","min":0,"max":"*","base":{"path":"shr-core-Attachment-model","min":0,"max":"*"},"mustSupport":false,"isModifier":false,"isSummary":false},{"id":"shr-core-Attachment-model.binaryData","path":"shr-core-Attachment-model.binaryData","short":"The data itself.","definition":"The data itself.","min":0,"max":"1","base":{"path":"shr-core-Attachment-model.binaryData","min":0,"max":"1"},"type":[{"code":"base64Binary"}],"mustSupport":false,"isModifier":false,"isSummary":false},{"id":"shr-core-Attachment-model.contentType","path":"shr-core-Attachment-model.contentType","short":"The mime type of the content, with charset etc.","definition":"The mime type of the content, with charset etc.","min":0,"max":"1","base":{"path":"shr-core-Attachment-model.contentType","min":0,"max":"1"},"type":[{"code":"Coding"}],"mustSupport":false,"isModifier":false,"isSummary":false},{"id":"shr-core-Attachment-model.language","path":"shr-core-Attachment-model.language","code":[{"system":"http://ncimeta.nci.nih.gov","code":"C0023008"}],"short":"A human language, spoken or written.","definition":"A human language, spoken or written.","min":0,"max":"1","base":{"path":"shr-core-Attachment-model.language","min":0,"max":"1"},"type":[{"code":"Coding"}],"mustSupport":false,"isModifier":false,"isSummary":false},{"id":"shr-core-Attachment-model.resourceLocation","path":"shr-core-Attachment-model.resourceLocation","short":"URI where data can be found.","definition":"URI where data can be found.","min":0,"max":"1","base":{"path":"shr-core-Attachment-model.resourceLocation","min":0,"max":"1"},"type":[{"code":"uri"}],"mustSupport":false,"isModifier":false,"isSummary":false},{"id":"shr-core-Attachment-model.resourceSize","path":"shr-core-Attachment-model.resourceSize","short":"Number of bytes of content in the resource (if url provided)","definition":"Number of bytes of content in the resource (if url provided)","min":0,"max":"1","base":{"path":"shr-core-Attachment-model.resourceSize","min":0,"max":"1"},"type":[{"code":"unsignedInt"}],"mustSupport":false,"isModifier":false,"isSummary":false},{"id":"shr-core-Attachment-model.hash","path":"shr-core-Attachment-model.hash","short":"A hash code of the data (sha-1, base64ed)","definition":"A hash code of the data (sha-1, base64ed)","min":0,"max":"1","base":{"path":"shr-core-Attachment-model.hash","min":0,"max":"1"},"type":[{"code":"base64Binary"}],"mustSupport":false,"isModifier":false,"isSummary":false},{"id":"shr-core-Attachment-model.title","path":"shr-core-Attachment-model.title","short":"A distinguishing word or group of words naming an item.","definition":"A distinguishing word or group of words naming an item.","min":0,"max":"1","base":{"path":"shr-core-Attachment-model.title","min":0,"max":"1"},"type":[{"code":"string"}],"mustSupport":false,"isModifier":false,"isSummary":false},{"id":"shr-core-Attachment-model.creationDateTime","path":"shr-core-Attachment-model.creationDateTime","code":[{"system":"http://ncimeta.nci.nih.gov","code":"C3669169"}],"short":"The point in time when the item was created.","definition":"The point in time when the item was created.","min":0,"max":"1","base":{"path":"shr-core-Attachment-model.creationDateTime","min":0,"max":"1"},"type":[{"code":"dateTime"}],"mustSupport":false,"isModifier":false,"isSummary":false}]}}