{"resourceType":"StructureDefinition","id":"shr-core-View-model","text":{"status":"generated","div":"<div xmlns=\"http://www.w3.org/1999/xhtml\">\n  <p><b>View Logical Model</b></p>\n  <p>The name of the imaging view e.g. Lateral or Antero-posterior (AP).</p>\n</div>"},"url":"http://hl7.org/fhir/us/odh/StructureDefinition/shr-core-View-model","identifier":[{"system":"http://hl7.org/fhir/us/odh","value":"shr.core.View"}],"version":"1.0.0","name":"View","title":"shr-core-View","status":"draft","date":"2019-05-08T00:00:00-04:00","publisher":"HL7","contact":[{"telecom":[{"system":"url","value":"http://standardhealthrecord.org"}]}],"description":"The name of the imaging view e.g. Lateral or Antero-posterior (AP).","fhirVersion":"3.0.1","kind":"logical","abstract":false,"type":"shr-core-View-model","baseDefinition":"http://hl7.org/fhir/StructureDefinition/Element","derivation":"specialization","snapshot":{"element":[{"id":"shr-core-View-model","path":"shr-core-View-model","definition":"The name of the imaging view e.g. Lateral or Antero-posterior (AP).","min":0,"max":"*","base":{"path":"shr-core-View-model","min":0,"max":"*"},"mustSupport":false,"isModifier":false,"isSummary":false},{"id":"shr-core-View-model.value","path":"shr-core-View-model.value","short":"Code representing the name of the imaging view e.g. Lateral or Antero-posterior (AP).","definition":"Code representing the name of the imaging view e.g. Lateral or Antero-posterior (AP).","min":1,"max":"1","base":{"path":"shr-core-View-model.value","min":1,"max":"1"},"type":[{"code":"Coding"}],"mustSupport":false,"isModifier":false,"isSummary":false,"binding":{"strength":"example","valueSetReference":{"reference":"http://hl7.org/fhir/ValueSet/media-view"}}}]},"differential":{"element":[{"id":"shr-core-View-model","path":"shr-core-View-model","definition":"The name of the imaging view e.g. Lateral or Antero-posterior (AP).","min":0,"max":"*","base":{"path":"shr-core-View-model","min":0,"max":"*"},"mustSupport":false,"isModifier":false,"isSummary":false},{"id":"shr-core-View-model.value","path":"shr-core-View-model.value","short":"Code representing the name of the imaging view e.g. Lateral or Antero-posterior (AP).","definition":"Code representing the name of the imaging view e.g. Lateral or Antero-posterior (AP).","min":1,"max":"1","base":{"path":"shr-core-View-model.value","min":1,"max":"1"},"type":[{"code":"Coding"}],"mustSupport":false,"isModifier":false,"isSummary":false,"binding":{"strength":"example","valueSetReference":{"reference":"http://hl7.org/fhir/ValueSet/media-view"}}}]}}