{"resourceType":"ValueSet","id":"vital-BodyWeightUnitsVS","text":{"status":"generated","div":"<div xmlns=\"http://www.w3.org/1999/xhtml\">\n<p><b>BodyWeightUnitsVS ValueSet</b></p>\n<p>Codes representing the acceptable units for body weight measurement.</p>\n</div>"},"url":"http://hl7.org/fhir/us/mcode/ValueSet/vital-BodyWeightUnitsVS","identifier":[{"system":"http://hl7.org/fhir/us/mcode","value":"vital.BodyWeightUnitsVS"}],"version":"0.9.1","name":"BodyWeightUnitsVS","title":"BodyWeightUnitsVS","status":"draft","date":"2019-07-13T00:00:00-04:00","publisher":"The MITRE Corporation","contact":[{"telecom":[{"system":"url","value":"http://standardhealthrecord.org"}]}],"description":"Codes representing the acceptable units for body weight measurement.","compose":{"include":[{"system":"http://unitsofmeasure.org","concept":[{"code":"kg","display":"kg"},{"code":"[lb_av]","display":"pounds"}]}]}}