{"resourceType":"ValueSet","id":"obf-TreatmentIntentVS","text":{"status":"generated","div":"<div xmlns=\"http://www.w3.org/1999/xhtml\">\n<p><b>TreatmentIntentVS ValueSet</b></p>\n<p>The purpose of a treatment. The value set includes 'curative' and 'palliative'. Curative is defined as any treatment meant to reduce or control a disease process, even if a 'cure' is not anticipated. Palliative includes treatments meant to reduce symptoms and side effects, such as antiemetics.</p>\n</div>"},"url":"http://hl7.org/fhir/us/mcode/ValueSet/obf-TreatmentIntentVS","identifier":[{"system":"http://hl7.org/fhir/us/mcode","value":"obf.TreatmentIntentVS"}],"version":"0.9.1","name":"TreatmentIntentVS","title":"TreatmentIntentVS","status":"draft","date":"2019-07-03T00:00:00-04:00","publisher":"The MITRE Corporation","contact":[{"telecom":[{"system":"url","value":"http://standardhealthrecord.org"}]}],"description":"The purpose of a treatment. The value set includes 'curative' and 'palliative'. Curative is defined as any treatment meant to reduce or control a disease process, even if a 'cure' is not anticipated. Palliative includes treatments meant to reduce symptoms and side effects, such as antiemetics.","compose":{"include":[{"system":"http://snomed.info/sct","concept":[{"code":"373808002","display":"Curative - procedure intent"},{"code":"363676003","display":"Palliative - procedure intent"}]}]}}