{"resourceType":"ValueSet","id":"onco-core-CancerStagingSystemVS","text":{"status":"generated","div":"<div xmlns=\"http://www.w3.org/1999/xhtml\">\n<p><b>CancerStagingSystemVS ValueSet</b></p>\n<p>System used for staging. Because SNOMED CT does not currently have a code representing AJCC Version 8, specify the exact text 'AJCC Version 8' in the text sub-field of the code structure, and omit the code.</p>\n</div>"},"url":"http://hl7.org/fhir/us/mcode/ValueSet/onco-core-CancerStagingSystemVS","version":"0.9.1","name":"CancerStagingSystemVS","title":"CancerStagingSystemVS","status":"draft","date":"2019-07-18T00:00:00-04:00","publisher":"The MITRE Corporation","contact":[{"telecom":[{"system":"url","value":"http://standardhealthrecord.org"}]}],"description":"System used for staging. Because SNOMED CT does not currently have a code representing AJCC Version 8, specify the exact text 'AJCC Version 8' in the text sub-field of the code structure, and omit the code.","compose":{"include":[{"system":"http://snomed.info/sct","concept":[{"code":"444256004","display":"American Joint Commission on Cancer, Cancer Staging Manual, 6th edition neoplasm staging system (tumor staging)"},{"code":"443830009","display":"American Joint Commission on Cancer, Cancer Staging Manual, 7th edition neoplasm staging system (tumor staging)"},{"code":"258235000","display":"International Union Against Cancer (tumor staging)"}]}]}}