{"resourceType":"ValueSet","id":"onco-core-GeneticTestMethodVS","text":{"status":"generated","div":"<div xmlns=\"http://www.w3.org/1999/xhtml\">\n<p><b>GeneticTestMethodVS ValueSet</b></p>\n<p>The method used to perform a genetic test, drawn from NCI Thesaurus. Examples include Fluorescent in situ hybridization (FISH), polymerase chain reaction-based assays (PCR), and next-generation sequencing (NGS).\n\nFHIR is currently unable to handle values from NCI Thesaurus, so no values are listed in the Expansion, below. The values ARE in the downloads. For convenience, here is a listing of values in this value set:\nNCIT#C130179       'Allele Specific Primer Polymerase Chain Reaction'\nNCIT#C18084        'Comparative Genomic Hybridization'\nNCIT#C19641        'Dideoxy Chain Termination DNA Sequencing'\nNCIT#C63328        'DNA Methylation Analysis'\nNCIT#C17563        'Fluorescence In Situ Hybridization'\nNCIT#C16768        'Karyotyping'\nNCIT#C18477        'Microarray Analysis'\nNCIT#C139286       'Microsatellite Stability Assessment'\nNCIT#C116161       'Multiplex Ligation-dependent Probe Amplification'\nNCIT#C101293       'Next Generation Sequencing'\nNCIT#C17003        'Polymerase Chain Reaction'\nNCIT#C51962        'Real Time PCR'\nNCIT#C17093        'Restriction Fragment Length Polymorphism'\nNCIT#C18136        'Reverse Transcriptase-Polymerase Chain Reaction'\nNCIT#C18473        'RNA Analysis'\nNCIT#C17565        'Sequence Analysis'\nNCIT#C116151       'Single Nucleotide Polymorphism Array'\nNCIT#C16356        'Southern Blotting'</p>\n</div>"},"url":"http://hl7.org/fhir/us/mcode/ValueSet/onco-core-GeneticTestMethodVS","version":"0.9.1","name":"GeneticTestMethodVS","title":"GeneticTestMethodVS","status":"draft","date":"2019-07-19T00:00:00-04:00","publisher":"The MITRE Corporation","contact":[{"telecom":[{"system":"url","value":"http://standardhealthrecord.org"}]}],"description":"The method used to perform a genetic test, drawn from NCI Thesaurus. Examples include Fluorescent in situ hybridization (FISH), polymerase chain reaction-based assays (PCR), and next-generation sequencing (NGS).\n\nFHIR is currently unable to handle values from NCI Thesaurus, so no values are listed in the Expansion, below. The values ARE in the downloads. For convenience, here is a listing of values in this value set:\nNCIT#C130179       'Allele Specific Primer Polymerase Chain Reaction'\nNCIT#C18084        'Comparative Genomic Hybridization'\nNCIT#C19641        'Dideoxy Chain Termination DNA Sequencing'\nNCIT#C63328        'DNA Methylation Analysis'\nNCIT#C17563        'Fluorescence In Situ Hybridization'\nNCIT#C16768        'Karyotyping'\nNCIT#C18477        'Microarray Analysis'\nNCIT#C139286       'Microsatellite Stability Assessment'\nNCIT#C116161       'Multiplex Ligation-dependent Probe Amplification'\nNCIT#C101293       'Next Generation Sequencing'\nNCIT#C17003        'Polymerase Chain Reaction'\nNCIT#C51962        'Real Time PCR'\nNCIT#C17093        'Restriction Fragment Length Polymorphism'\nNCIT#C18136        'Reverse Transcriptase-Polymerase Chain Reaction'\nNCIT#C18473        'RNA Analysis'\nNCIT#C17565        'Sequence Analysis'\nNCIT#C116151       'Single Nucleotide Polymorphism Array'\nNCIT#C16356        'Southern Blotting'","compose":{"include":[{"system":"http://ncit.nci.nih.gov","concept":[{"code":"C130179","display":"Allele Specific Primer Polymerase Chain Reaction"},{"code":"C18084","display":"Comparative Genomic Hybridization"},{"code":"C19641","display":"Dideoxy Chain Termination DNA Sequencing"},{"code":"C63328","display":"DNA Methylation Analysis"},{"code":"C17563","display":"Fluorescence In Situ Hybridization"},{"code":"C16768","display":"Karyotyping"},{"code":"C18477","display":"Microarray Analysis"},{"code":"C139286","display":"Microsatellite Stability Assessment"},{"code":"C116161","display":"Multiplex Ligation-dependent Probe Amplification"},{"code":"C101293","display":"Next Generation Sequencing"},{"code":"C17003","display":"Polymerase Chain Reaction"},{"code":"C51962","display":"Real Time PCR"},{"code":"C17093","display":"Restriction Fragment Length Polymorphism"},{"code":"C18136","display":"Reverse Transcriptase-Polymerase Chain Reaction"},{"code":"C18473","display":"RNA Analysis"},{"code":"C17565","display":"Sequence Analysis"},{"code":"C116151","display":"Single Nucleotide Polymorphism Array"},{"code":"C16356","display":"Southern Blotting"}]}]}}