{"resourceType":"StructureDefinition","id":"obf-RadiationDosePerFraction-extension","text":{"status":"generated","div":"<div xmlns=\"http://www.w3.org/1999/xhtml\">\n  <p><b>RadiationDosePerFraction Extension</b></p>\n  <p>The amount of radiation administered during a single session (fraction) of radiation therapy therapy.</p>\n</div>"},"url":"http://hl7.org/fhir/us/mcode/StructureDefinition/obf-RadiationDosePerFraction-extension","version":"0.9.1","name":"RadiationDosePerFraction","title":"obf-RadiationDosePerFraction","status":"draft","date":"2019-07-19T00:00:00-04:00","publisher":"The MITRE Corporation","contact":[{"telecom":[{"system":"url","value":"http://standardhealthrecord.org"}]}],"description":"The amount of radiation administered during a single session (fraction) of radiation therapy therapy.","fhirVersion":"4.0.0","kind":"complex-type","abstract":false,"context":[{"type":"element","expression":"*"}],"type":"Extension","baseDefinition":"http://hl7.org/fhir/StructureDefinition/Extension","derivation":"constraint","snapshot":{"element":[{"id":"Extension:radiationdoseperfraction","path":"Extension","short":"RadiationDosePerFraction","definition":"The amount of radiation administered during a single session (fraction) of radiation therapy therapy.","min":0,"max":"*","base":{"path":"Extension","min":0,"max":"*"},"condition":["ele-1"],"constraint":[{"key":"ele-1","severity":"error","human":"All FHIR elements must have a @value or children","expression":"hasValue() or (children().count() > id.count())","xpath":"@value|f:*|h:div","source":"Element"},{"key":"ext-1","severity":"error","human":"Must have either extensions or value[x], not both","expression":"extension.exists() != value.exists()","xpath":"exists(f:extension)!=exists(f:*[starts-with(local-name(.), 'value')])"}],"isModifier":false,"mapping":[{"identity":"rim","map":"n/a"},{"identity":"rim","map":"N/A"}]},{"id":"Extension:radiationdoseperfraction.id","path":"Extension.id","representation":["xmlAttr"],"short":"Unique id for inter-element referencing","definition":"Unique id for the element within a resource (for internal references). This may be any string value that does not contain spaces.","min":0,"max":"1","base":{"path":"Element.id","min":0,"max":"1"},"type":[{"code":"string"}],"isModifier":false,"isSummary":false,"mapping":[{"identity":"rim","map":"n/a"}]},{"id":"Extension:radiationdoseperfraction.extension","path":"Extension.extension","slicing":{"discriminator":[{"type":"value","path":"url"}],"description":"Extensions are always sliced by (at least) url","rules":"open"},"short":"Additional content defined by implementations","definition":"May be used to represent additional information that is not part of the basic definition of the element. To make the use of extensions safe and manageable, there is a strict set of governance  applied to the definition and use of extensions. Though any implementer can define an extension, there is a set of requirements that SHALL be met as part of the definition of the extension.","comment":"There can be no stigma associated with the use of extensions by any application, project, or standard - regardless of the institution or jurisdiction that uses or defines the extensions.  The use of extensions is what allows the FHIR specification to retain a core level of simplicity for everyone.","alias":["extensions","user content"],"min":0,"max":"0","base":{"path":"Element.extension","min":0,"max":"*"},"type":[{"code":"Extension"}],"isModifier":false,"isSummary":false,"mapping":[{"identity":"rim","map":"n/a"}]},{"id":"Extension:radiationdoseperfraction.url","path":"Extension.url","representation":["xmlAttr"],"short":"identifies the meaning of the extension","definition":"Source of the definition for the extension code - a logical name or a URL.","comment":"The definition may point directly to a computable or human-readable definition of the extensibility codes, or it may be a logical URI as declared in some other specification. The definition SHALL be a URI for the Structure Definition defining the extension.","min":1,"max":"1","base":{"path":"Extension.url","min":1,"max":"1"},"type":[{"code":"uri"}],"fixedUri":"http://hl7.org/fhir/us/mcode/StructureDefinition/obf-RadiationDosePerFraction-extension","isModifier":false,"isSummary":false,"mapping":[{"identity":"rim","map":"N/A"}]},{"id":"Extension:radiationdoseperfraction.valueQuantity","path":"Extension.valueQuantity","short":"Value of extension","definition":"Value of extension - must be one of a constrained set of the data types (see [Extensibility](extensibility.html) for a list).","min":1,"max":"1","base":{"path":"Extension.value[x]","min":0,"max":"1"},"type":[{"code":"Quantity"}],"isModifier":false,"isSummary":false,"mapping":[{"identity":"rim","map":"N/A"}]},{"id":"Extension:radiationdoseperfraction.valueQuantity.id","path":"Extension.valueQuantity.id","representation":["xmlAttr"],"short":"Unique id for inter-element referencing","definition":"Unique id for the element within a resource (for internal references). This may be any string value that does not contain spaces.","min":0,"max":"1","base":{"path":"Element.id","min":0,"max":"1"},"type":[{"code":"string"}],"isModifier":false,"isSummary":false,"mapping":[{"identity":"rim","map":"n/a"}]},{"id":"Extension:radiationdoseperfraction.valueQuantity.extension","path":"Extension.valueQuantity.extension","slicing":{"discriminator":[{"type":"value","path":"url"}],"description":"Extensions are always sliced by (at least) url","rules":"open"},"short":"Additional content defined by implementations","definition":"May be used to represent additional information that is not part of the basic definition of the element. To make the use of extensions safe and manageable, there is a strict set of governance  applied to the definition and use of extensions. Though any implementer can define an extension, there is a set of requirements that SHALL be met as part of the definition of the extension.","comment":"There can be no stigma associated with the use of extensions by any application, project, or standard - regardless of the institution or jurisdiction that uses or defines the extensions.  The use of extensions is what allows the FHIR specification to retain a core level of simplicity for everyone.","alias":["extensions","user content"],"min":0,"max":"*","base":{"path":"Element.extension","min":0,"max":"*"},"type":[{"code":"Extension"}],"isModifier":false,"isSummary":false,"mapping":[{"identity":"rim","map":"n/a"}]},{"id":"Extension:radiationdoseperfraction.valueQuantity.value","path":"Extension.valueQuantity.value","short":"Numerical value (with implicit precision)","definition":"The value of the measured amount. The value includes an implicit precision in the presentation of the value.","comment":"The implicit precision in the value should always be honored. Monetary values have their own rules for handling precision (refer to standard accounting text books).","requirements":"Precision is handled implicitly in almost all cases of measurement.","min":0,"max":"1","base":{"path":"Quantity.value","min":0,"max":"1"},"type":[{"code":"decimal"}],"isModifier":false,"isSummary":true,"mapping":[{"identity":"v2","map":"SN.2  / CQ - N/A"},{"identity":"rim","map":"PQ.value, CO.value, MO.value, IVL.high or IVL.low depending on the value"}]},{"id":"Extension:radiationdoseperfraction.valueQuantity.comparator","path":"Extension.valueQuantity.comparator","short":"< | <= | >= | > - how to understand the value","definition":"How the value should be understood and represented - whether the actual value is greater or less than the stated value due to measurement issues; e.g. if the comparator is \"<\" , then the real value is < stated value.","requirements":"Need a framework for handling measures where the value is <5ug/L or >400mg/L due to the limitations of measuring methodology.","min":0,"max":"1","base":{"path":"Quantity.comparator","min":0,"max":"1"},"type":[{"code":"code"}],"meaningWhenMissing":"If there is no comparator, then there is no modification of the value","isModifier":true,"isModifierReason":"This is labeled as \"Is Modifier\" because the comparator modifies the interpretation of the value significantly. If there is no comparator, then there is no modification of the value","isSummary":true,"binding":{"extension":[{"url":"http://hl7.org/fhir/StructureDefinition/elementdefinition-bindingName","valueString":"QuantityComparator"}],"strength":"required","description":"How the Quantity should be understood and represented.","valueSet":"http://hl7.org/fhir/ValueSet/quantity-comparator|4.0.0"},"mapping":[{"identity":"v2","map":"SN.1  / CQ.1"},{"identity":"rim","map":"IVL properties"}]},{"id":"Extension:radiationdoseperfraction.valueQuantity.unit","extension":[{"url":"http://hl7.org/fhir/StructureDefinition/elementdefinition-translatable","valueBoolean":true}],"path":"Extension.valueQuantity.unit","short":"Unit representation","definition":"A human-readable form of the unit.","requirements":"There are many representations for units of measure and in many contexts, particular representations are fixed and required. I.e. mcg for micrograms.","min":0,"max":"1","base":{"path":"Quantity.unit","min":0,"max":"1"},"type":[{"code":"string"}],"isModifier":false,"isSummary":true,"mapping":[{"identity":"v2","map":"(see OBX.6 etc.) / CQ.2"},{"identity":"rim","map":"PQ.unit"}]},{"id":"Extension:radiationdoseperfraction.valueQuantity.system","path":"Extension.valueQuantity.system","short":"System that defines coded unit form","definition":"The identification of the system that provides the coded form of the unit.","requirements":"Need to know the system that defines the coded form of the unit.","min":0,"max":"1","base":{"path":"Quantity.system","min":0,"max":"1"},"type":[{"code":"uri"}],"fixedUri":"http://unitsofmeasure.org","condition":["qty-3"],"isModifier":false,"isSummary":true,"mapping":[{"identity":"v2","map":"(see OBX.6 etc.) / CQ.2"},{"identity":"rim","map":"CO.codeSystem, PQ.translation.codeSystem"}]},{"id":"Extension:radiationdoseperfraction.valueQuantity.code","path":"Extension.valueQuantity.code","short":"Coded form of the unit","definition":"A computer processable form of the unit in some unit representation system.","comment":"The preferred system is UCUM, but SNOMED CT can also be used (for customary units) or ISO 4217 for currency.  The context of use may additionally require a code from a particular system.","requirements":"Need a computable form of the unit that is fixed across all forms. UCUM provides this for quantities, but SNOMED CT provides many units of interest.","min":0,"max":"1","base":{"path":"Quantity.code","min":0,"max":"1"},"type":[{"code":"code"}],"fixedCode":"cGy","isModifier":false,"isSummary":true,"mapping":[{"identity":"v2","map":"(see OBX.6 etc.) / CQ.2"},{"identity":"rim","map":"PQ.code, MO.currency, PQ.translation.code"}]}]},"differential":{"element":[{"id":"Extension:radiationdoseperfraction","path":"Extension","short":"RadiationDosePerFraction","definition":"The amount of radiation administered during a single session (fraction) of radiation therapy therapy.","min":0,"max":"*"},{"id":"Extension:radiationdoseperfraction.extension","path":"Extension.extension","min":0,"max":"0"},{"id":"Extension:radiationdoseperfraction.url","path":"Extension.url","type":[{"code":"uri"}],"fixedUri":"http://hl7.org/fhir/us/mcode/StructureDefinition/obf-RadiationDosePerFraction-extension"},{"id":"Extension:radiationdoseperfraction.valueQuantity","path":"Extension.valueQuantity","min":1,"type":[{"code":"Quantity"}]},{"id":"Extension:radiationdoseperfraction.valueQuantity.system","path":"Extension.valueQuantity.system","fixedUri":"http://unitsofmeasure.org"},{"id":"Extension:radiationdoseperfraction.valueQuantity.code","path":"Extension.valueQuantity.code","fixedCode":"cGy"}]}}