{"resourceType":"ValueSet","id":"obf-TreatmentTerminationReasonVS","text":{"status":"generated","div":"<div xmlns=\"http://www.w3.org/1999/xhtml\">\n<p><b>TreatmentTerminationReasonVS ValueSet</b></p>\n<p>Values used to describe the reasons for stopping a treatment. Includes code for 'treatment completed' as well as codes for unplanned (early) stoppage. Applies to medications and other treatments that take place over a period of time, such as radiation treatments.</p>\n</div>"},"url":"http://hl7.org/fhir/us/mcode/ValueSet/obf-TreatmentTerminationReasonVS","identifier":[{"system":"http://hl7.org/fhir/us/mcode","value":"obf.TreatmentTerminationReasonVS"}],"version":"0.9.1","name":"TreatmentTerminationReasonVS","title":"TreatmentTerminationReasonVS","status":"draft","date":"2019-07-03T00:00:00-04:00","publisher":"The MITRE Corporation","contact":[{"telecom":[{"system":"url","value":"http://standardhealthrecord.org"}]}],"description":"Values used to describe the reasons for stopping a treatment. Includes code for 'treatment completed' as well as codes for unplanned (early) stoppage. Applies to medications and other treatments that take place over a period of time, such as radiation treatments.","compose":{"include":[{"system":"http://snomed.info/sct","concept":[{"code":"182992009","display":"Treatment completed (situation)"},{"code":"435501000124106","display":"Medication not effective (finding)"},{"code":"281647001","display":"Adverse reaction (disorder)"},{"code":"160932005","display":"Financial problem"},{"code":"105480006","display":"Refusal of treatment by patient"},{"code":"107724000","display":"Patient transfer"},{"code":"309846006","display":"Treatment not available"}]}]}}