{"resourceType":"ValueSet","id":"shr-core-ClockFaceDirectionVS","text":{"status":"generated","div":"<div xmlns=\"http://www.w3.org/1999/xhtml\">\n<p><b>ClockFaceDirectionVS ValueSet</b></p>\n<p>The relative direction of an object described using the analogy of a 12-hour clock to describe angles and directions. One imagines a clock face lying either upright or flat in front of oneself, and identifies the twelve hour markings with the directions in which they point.</p>\n</div>"},"url":"http://hl7.org/fhir/us/mcode/ValueSet/shr-core-ClockFaceDirectionVS","version":"0.9.1","name":"ClockFaceDirectionVS","title":"ClockFaceDirectionVS","status":"draft","date":"2019-07-18T00:00:00-04:00","publisher":"The MITRE Corporation","contact":[{"telecom":[{"system":"url","value":"http://standardhealthrecord.org"}]}],"description":"The relative direction of an object described using the analogy of a 12-hour clock to describe angles and directions. One imagines a clock face lying either upright or flat in front of oneself, and identifies the twelve hour markings with the directions in which they point.","compose":{"include":[{"system":"http://snomed.info/sct","filter":[{"property":"concept","op":"is-a","value":"272485000"}]}]}}