<?xml version="1.0" encoding="UTF-8"?>

<CodeSystem xmlns="http://hl7.org/fhir">
  <id value="shr-core-ResearchSubjectTerminationReasonCS"/>
  <text>
    <status value="generated"/><div xmlns="http://www.w3.org/1999/xhtml">
<p><b>ResearchSubjectTerminationReasonCS CodeSystem</b></p>
<p>The reason for a research subject leaving a research study.</p>
</div>
  </text>
  <url value="http://hl7.org/fhir/us/shrcore/shr/core/cs/ResearchSubjectTerminationReasonCS"/>
  <identifier>
    <system value="http://hl7.org/fhir/us/shrcore"/>
    <value value="shr.core.ResearchSubjectTerminationReasonCS"/>
  </identifier>
  <version value="0.6.0"/>
  <name value="ResearchSubjectTerminationReasonCS"/>
  <title value="ResearchSubjectTerminationReasonCS"/>
  <status value="draft"/>
  <date value="2019-05-07T00:00:00-04:00"/>
  <publisher value="The MITRE Corporation"/>
  <contact>
    <telecom>
      <system value="url"/>
      <value value="http://www.standardhealthrecord.org"/>
    </telecom>
  </contact>
  <description value="The reason for a research subject leaving a research study."/>
  <caseSensitive value="true"/>
  <content value="complete"/>
  <count value="6"/>
  <concept>
    <code value="moved"/>
    <display value="Subject relocated"/>
    <definition value="Subject relocated"/>
  </concept>
  <concept>
    <code value="died"/>
    <display value="Suject passed away"/>
    <definition value="Suject passed away"/>
  </concept>
  <concept>
    <code value="ended"/>
    <display value="Research study ended"/>
    <definition value="Research study ended"/>
  </concept>
  <concept>
    <code value="adverse"/>
    <display value="Subject could not tolerate treatement"/>
    <definition value="Subject could not tolerate treatement"/>
  </concept>
  <concept>
    <code value="protocol"/>
    <display value="Subject could not follow protocol, e.g. required appointments, dosing schedule, etc."/>
    <definition value="Subject could not follow protocol, e.g. required appointments, dosing schedule, etc."/>
  </concept>
  <concept>
    <code value="unknown"/>
    <display value="Reason not known"/>
    <definition value="Reason not known"/>
  </concept>
</CodeSystem>