<?xml version="1.0" encoding="UTF-8"?>

<StructureDefinition xmlns="http://hl7.org/fhir">
  <id value="shr-core-ResourceLocation-model"/>
  <text>
    <status value="generated"/><div xmlns="http://www.w3.org/1999/xhtml">
  <p><b>ResourceLocation Logical Model</b></p>
  <p>URL where data can be found.</p>
</div>
  </text>
  <url value="http://hl7.org/fhir/us/shr/StructureDefinition/shr-core-ResourceLocation-model"/>
  <identifier>
    <system value="http://hl7.org/fhir/us/shrcore"/>
    <value value="shr.core.ResourceLocation"/>
  </identifier>
  <version value="0.5.0"/>
  <name value="ResourceLocation"/>
  <title value="shr-core-ResourceLocation"/>
  <status value="draft"/>
  <date value="2019-05-01T00:00:00-04:00"/>
  <publisher value="The MITRE Corporation"/>
  <contact>
    <telecom>
      <system value="url"/>
      <value value="http://www.standardhealthrecord.org"/>
    </telecom>
  </contact>
  <description value="URL where data can be found."/>
  <kind value="logical"/>
  <abstract value="false"/>
  <type value="shr-core-ResourceLocation-model"/>
  <baseDefinition value="http://hl7.org/fhir/StructureDefinition/Element"/>
  <derivation value="specialization"/>
  <snapshot>
    <element id="shr-core-ResourceLocation-model">
      <path value="shr-core-ResourceLocation-model"/>
      <definition value="URL where data can be found."/>
      <min value="0"/>
      <max value="*"/>
      <base>
        <path value="shr-core-ResourceLocation-model"/>
        <min value="0"/>
        <max value="*"/>
      </base>
      <mustSupport value="false"/>
      <isModifier value="false"/>
      <isSummary value="false"/>
    </element>
    <element id="shr-core-ResourceLocation-model.value">
      <path value="shr-core-ResourceLocation-model.value"/>
      <short value="Url representing uRL where data can be found."/>
      <definition value="Url representing uRL where data can be found."/>
      <min value="1"/>
      <max value="1"/>
      <base>
        <path value="shr-core-ResourceLocation-model.value"/>
        <min value="1"/>
        <max value="1"/>
      </base>
      <type>
        <code value="uri"/>
      </type>
      <mustSupport value="false"/>
      <isModifier value="false"/>
      <isSummary value="false"/>
    </element>
  </snapshot>
  <differential>
    <element id="shr-core-ResourceLocation-model">
      <path value="shr-core-ResourceLocation-model"/>
      <definition value="URL where data can be found."/>
      <min value="0"/>
      <max value="*"/>
      <base>
        <path value="shr-core-ResourceLocation-model"/>
        <min value="0"/>
        <max value="*"/>
      </base>
      <mustSupport value="false"/>
      <isModifier value="false"/>
      <isSummary value="false"/>
    </element>
    <element id="shr-core-ResourceLocation-model.value">
      <path value="shr-core-ResourceLocation-model.value"/>
      <short value="Url representing uRL where data can be found."/>
      <definition value="Url representing uRL where data can be found."/>
      <min value="1"/>
      <max value="1"/>
      <base>
        <path value="shr-core-ResourceLocation-model.value"/>
        <min value="1"/>
        <max value="1"/>
      </base>
      <type>
        <code value="uri"/>
      </type>
      <mustSupport value="false"/>
      <isModifier value="false"/>
      <isSummary value="false"/>
    </element>
  </differential>
</StructureDefinition>