<?xml version="1.0" encoding="UTF-8"?>

<StructureDefinition xmlns="http://hl7.org/fhir">
  <id value="shr-core-QuestionnaireResponse"/>
  <text>
    <status value="generated"/><div xmlns="http://www.w3.org/1999/xhtml">
  <p><b>QuestionnaireResponse Profile</b></p>
  <p>A structured set of questions and their answers. The questions are ordered and grouped into coherent subsets, corresponding to the structure of the grouping of the questionnaire being responded to.</p>
  <p><b>Mapping Summary</b></p>
  <p><pre>shr.core.QuestionnaireResponse maps to QuestionnaireResponse:
  Language maps to language
  Narrative maps to text
  ImplicitRules maps to implicitRules
  Metadata.VersionId maps to meta.versionId
  Metadata.SourceSystem maps to meta.extension
  Metadata.Profile maps to meta.profile
  Metadata.LastUpdated maps to meta.lastUpdated
  Metadata.SecurityLabel maps to meta.security
  Metadata.Tag maps to meta.tag
  Identifier maps to identifier
  QuestionnaireResponseBasedOn maps to basedOn
  QuestionnaireResponsePartOf maps to parent
  QuestionnaireCanonical maps to extension
  Status maps to status
  FocalSubject maps to subject
  CareContext maps to context
  StatementDateTime maps to authored // authored = authoredOn
  QuestionnaireResponseRecorder maps to author
  PersonInformationSource maps to source
  QuestionnaireResponseItem maps to item
  QuestionnaireResponseItem.IdentifierString maps to item.linkId
  QuestionnaireResponseItem.DetailsUri maps to item.definition
  QuestionnaireResponseItem.Question maps to item.text
  QuestionnaireResponseItem.Answer maps to item.answer
  QuestionnaireResponseItem.QuestionnaireResponseItem maps to item.item
  QuestionnaireResponseItem.Answer.AnswerValue maps to item.answer.value[x]
  QuestionnaireResponseItem.Answer.QuestionnaireResponseItem maps to item.answer.item
</pre></p>
</div>
  </text>
  <url value="http://hl7.org/fhir/us/shr/StructureDefinition/shr-core-QuestionnaireResponse"/>
  <identifier>
    <system value="http://hl7.org/fhir/us/shrcore"/>
    <value value="shr.core.QuestionnaireResponse"/>
  </identifier>
  <version value="0.6.0"/>
  <name value="QuestionnaireResponse"/>
  <title value="shr-core-QuestionnaireResponse"/>
  <status value="draft"/>
  <date value="2019-05-07T00:00:00-04:00"/>
  <publisher value="The MITRE Corporation"/>
  <contact>
    <telecom>
      <system value="url"/>
      <value value="http://www.standardhealthrecord.org"/>
    </telecom>
  </contact>
  <description value="A structured set of questions and their answers. The questions are ordered and grouped into coherent subsets, corresponding to the structure of the grouping of the questionnaire being responded to."/>
  <purpose value="To support structured, hierarchical reporting of data gathered using digital forms and other questionnaires."/>
  <fhirVersion value="3.0.1"/>
  <mapping>
    <identity value="rim"/>
    <uri value="http://hl7.org/v3"/>
    <name value="RIM Mapping"/>
  </mapping>
  <mapping>
    <identity value="w5"/>
    <uri value="http://hl7.org/fhir/w5"/>
    <name value="W5 Mapping"/>
  </mapping>
  <kind value="resource"/>
  <abstract value="false"/>
  <type value="QuestionnaireResponse"/>
  <baseDefinition value="http://hl7.org/fhir/StructureDefinition/QuestionnaireResponse"/>
  <derivation value="constraint"/>
  <snapshot>
    <element id="QuestionnaireResponse:shr-core-QuestionnaireResponse">
      <path value="QuestionnaireResponse"/>
      <short value="shr-core-QuestionnaireResponse"/>
      <definition value="A structured set of questions and their answers. The questions are ordered and grouped into coherent subsets, corresponding to the structure of the grouping of the questionnaire being responded to."/>
      <comment value="The QuestionnaireResponse contains enough information about the questions asked and their organization that it can be interpreted somewhat independently from the Questionnaire it is based on.  I.e. You don&#39;t need access to the Questionnaire in order to extract basic information from a QuestionnaireResponse."/>
      <alias value="Form"/>
      <alias value="QuestionnaireAnswers"/>
      <min value="0"/>
      <max value="*"/>
      <constraint>
        <key value="dom-2"/>
        <severity value="error"/>
        <human value="If the resource is contained in another resource, it SHALL NOT contain nested Resources"/>
        <expression value="contained.contained.empty()"/>
        <xpath value="not(parent::f:contained and f:contained)"/>
        <source value="DomainResource"/>
      </constraint>
      <constraint>
        <key value="dom-1"/>
        <severity value="error"/>
        <human value="If the resource is contained in another resource, it SHALL NOT contain any narrative"/>
        <expression value="contained.text.empty()"/>
        <xpath value="not(parent::f:contained and f:text)"/>
        <source value="DomainResource"/>
      </constraint>
      <constraint>
        <key value="dom-4"/>
        <severity value="error"/>
        <human value="If a resource is contained in another resource, it SHALL NOT have a meta.versionId or a meta.lastUpdated"/>
        <expression value="contained.meta.versionId.empty() and contained.meta.lastUpdated.empty()"/>
        <xpath value="not(exists(f:contained/*/f:meta/f:versionId)) and not(exists(f:contained/*/f:meta/f:lastUpdated))"/>
        <source value="DomainResource"/>
      </constraint>
      <constraint>
        <key value="dom-3"/>
        <severity value="error"/>
        <human value="If the resource is contained in another resource, it SHALL be referred to from elsewhere in the resource"/>
        <expression value="contained.where((&#39;#&#39;+id in %resource.descendants().reference).not()).empty()"/>
        <xpath value="not(exists(for $id in f:contained/*/@id return $id[not(ancestor::f:contained/parent::*/descendant::f:reference/@value=concat(&#39;#&#39;, $id))]))"/>
        <source value="DomainResource"/>
      </constraint>
      <mapping>
        <identity value="rim"/>
        <map value="Entity. Role, or Act"/>
      </mapping>
      <mapping>
        <identity value="rim"/>
        <map value="Observation[moodCode=EVN]"/>
      </mapping>
      <mapping>
        <identity value="w5"/>
        <map value="infrastructure.information"/>
      </mapping>
    </element>
    <element id="QuestionnaireResponse:shr-core-QuestionnaireResponse.id">
      <path value="QuestionnaireResponse.id"/>
      <short value="Logical id of this artifact"/>
      <definition value="The logical id of the resource, as used in the URL for the resource. Once assigned, this value never changes."/>
      <comment value="The only time that a resource does not have an id is when it is being submitted to the server using a create operation."/>
      <min value="0"/>
      <max value="1"/>
      <base>
        <path value="Resource.id"/>
        <min value="0"/>
        <max value="1"/>
      </base>
      <type>
        <code value="id"/>
      </type>
      <isSummary value="true"/>
    </element>
    <element id="QuestionnaireResponse:shr-core-QuestionnaireResponse.meta">
      <path value="QuestionnaireResponse.meta"/>
      <short value="Metadata about the resource"/>
      <definition value="The metadata about the resource. This is content that is maintained by the infrastructure. Changes to the content may not always be associated with version changes to the resource."/>
      <min value="0"/>
      <max value="1"/>
      <base>
        <path value="Resource.meta"/>
        <min value="0"/>
        <max value="1"/>
      </base>
      <type>
        <code value="Meta"/>
      </type>
      <isSummary value="true"/>
    </element>
    <element id="QuestionnaireResponse:shr-core-QuestionnaireResponse.meta.id">
      <path value="QuestionnaireResponse.meta.id"/>
      <representation value="xmlAttr"/>
      <short value="xml:id (or equivalent in JSON)"/>
      <definition value="unique id for the element within a resource (for internal references). This may be any string value that does not contain spaces."/>
      <min value="0"/>
      <max value="1"/>
      <base>
        <path value="Element.id"/>
        <min value="0"/>
        <max value="1"/>
      </base>
      <type>
        <code value="string"/>
      </type>
      <mapping>
        <identity value="rim"/>
        <map value="n/a"/>
      </mapping>
    </element>
    <element id="QuestionnaireResponse:shr-core-QuestionnaireResponse.meta.extension">
      <path value="QuestionnaireResponse.meta.extension"/>
      <slicing>
        <discriminator>
          <type value="value"/>
          <path value="url"/>
        </discriminator>
        <description value="Extensions are always sliced by (at least) url"/>
        <rules value="open"/>
      </slicing>
      <short value="Additional Content defined by implementations"/>
      <definition value="May be used to represent additional information that is not part of the basic definition of the element. In order to make the use of extensions safe and manageable, there is a strict set of governance  applied to the definition and use of extensions. Though any implementer is allowed to define an extension, there is a set of requirements that SHALL be met as part of the definition of the extension."/>
      <comment value="There can be no stigma associated with the use of extensions by any application, project, or standard - regardless of the institution or jurisdiction that uses or defines the extensions.  The use of extensions is what allows the FHIR specification to retain a core level of simplicity for everyone."/>
      <alias value="extensions"/>
      <alias value="user content"/>
      <min value="0"/>
      <max value="*"/>
      <base>
        <path value="Element.extension"/>
        <min value="0"/>
        <max value="*"/>
      </base>
      <type>
        <code value="Extension"/>
      </type>
      <mapping>
        <identity value="rim"/>
        <map value="n/a"/>
      </mapping>
    </element>
    <element id="QuestionnaireResponse:shr-core-QuestionnaireResponse.meta.extension:sourcesystem">
      <path value="QuestionnaireResponse.meta.extension"/>
      <sliceName value="sourcesystem"/>
      <definition value="FHIR: This provides a minimal amount of Provenance information that can be used to track or differentiate the source of information in the resource. The source may identify another FHIR server, document, message, database, etc.&#xA;FHIM: Identifies the computer system that created the medical record. This optional field may also be used to indicate that the medical record was originally created by a different organization from the one that is currently storing or utilizing the record in that the assigning authority of the Id could be set to that originating organization. This property is optional, as some systems will assume that all records that it contains originated in that system, however it is anticipated that it will become increasingly commonplace for records from multiple systems and organizations will be comingled in order to provide a complete picture of the patient&#39;s health record."/>
      <min value="0"/>
      <max value="1"/>
      <base>
        <path value="Element.extension"/>
        <min value="0"/>
        <max value="*"/>
      </base>
      <type>
        <code value="Extension"/>
        <profile value="http://hl7.org/fhir/us/shr/StructureDefinition/shr-core-SourceSystem-extension"/>
      </type>
    </element>
    <element id="QuestionnaireResponse:shr-core-QuestionnaireResponse.meta.versionId">
      <path value="QuestionnaireResponse.meta.versionId"/>
      <short value="Version specific identifier"/>
      <definition value="The version specific identifier, as it appears in the version portion of the URL. This values changes when the resource is created, updated, or deleted."/>
      <comment value="The server assigns this value, and ignores what the client specifies, except in the case that the server is imposing version integrity on updates/deletes."/>
      <min value="0"/>
      <max value="1"/>
      <type>
        <code value="id"/>
      </type>
      <isSummary value="true"/>
    </element>
    <element id="QuestionnaireResponse:shr-core-QuestionnaireResponse.meta.lastUpdated">
      <path value="QuestionnaireResponse.meta.lastUpdated"/>
      <short value="When the resource version last changed"/>
      <definition value="When the resource last changed - e.g. when the version changed."/>
      <comment value="This value is always populated except when the resource is first being created. The server / resource manager sets this value; what a client provides is irrelevant."/>
      <min value="0"/>
      <max value="1"/>
      <type>
        <code value="instant"/>
      </type>
      <isSummary value="true"/>
    </element>
    <element id="QuestionnaireResponse:shr-core-QuestionnaireResponse.meta.profile">
      <path value="QuestionnaireResponse.meta.profile"/>
      <short value="Profiles this resource claims to conform to"/>
      <definition value="A list of profiles (references to [StructureDefinition](structuredefinition.html#) resources) that this resource claims to conform to. The URL is a reference to [StructureDefinition.url]()."/>
      <comment value="It is up to the server and/or other infrastructure of policy to determine whether/how these claims are verified and/or updated over time.  The list of profile URLs is a set."/>
      <min value="0"/>
      <max value="*"/>
      <type>
        <code value="uri"/>
      </type>
      <isSummary value="true"/>
    </element>
    <element id="QuestionnaireResponse:shr-core-QuestionnaireResponse.meta.security">
      <path value="QuestionnaireResponse.meta.security"/>
      <short value="Security Labels applied to this resource"/>
      <definition value="Security labels applied to this resource. These tags connect specific resources to the overall security policy and infrastructure."/>
      <comment value="The security labels can be updated without changing the stated version of the resource  The list of security labels is a set. Uniqueness is based the system/code, and version and display are ignored."/>
      <min value="0"/>
      <max value="*"/>
      <type>
        <code value="Coding"/>
      </type>
      <isSummary value="true"/>
      <binding>
        <extension url="http://hl7.org/fhir/StructureDefinition/elementdefinition-bindingName">
          <valueString value="SecurityLabels"/>
        </extension>
        <extension url="http://hl7.org/fhir/StructureDefinition/elementdefinition-isCommonBinding">
          <valueBoolean value="true"/>
        </extension>
        <strength value="extensible"/>
        <description value="Security Labels from the Healthcare Privacy and Security Classification System."/>
        <valueSetReference>
          <reference value="http://hl7.org/fhir/ValueSet/security-labels"/>
        </valueSetReference>
      </binding>
    </element>
    <element id="QuestionnaireResponse:shr-core-QuestionnaireResponse.meta.tag">
      <path value="QuestionnaireResponse.meta.tag"/>
      <short value="Tags applied to this resource"/>
      <definition value="Tags applied to this resource. Tags are intended to be used to identify and relate resources to process and workflow, and applications are not required to consider the tags when interpreting the meaning of a resource."/>
      <comment value="The tags can be updated without changing the stated version of the resource.  The list of tags is a set. Uniqueness is based the system/code, and version and display are ignored."/>
      <min value="0"/>
      <max value="*"/>
      <type>
        <code value="Coding"/>
      </type>
      <isSummary value="true"/>
      <binding>
        <extension url="http://hl7.org/fhir/StructureDefinition/elementdefinition-bindingName">
          <valueString value="Tags"/>
        </extension>
        <strength value="example"/>
        <description value="Codes that represent various types of tags, commonly workflow-related; e.g. &quot;Needs review by Dr. Jones&quot;"/>
        <valueSetReference>
          <reference value="http://hl7.org/fhir/ValueSet/common-tags"/>
        </valueSetReference>
      </binding>
    </element>
    <element id="QuestionnaireResponse:shr-core-QuestionnaireResponse.implicitRules">
      <path value="QuestionnaireResponse.implicitRules"/>
      <short value="A set of rules under which this content was created"/>
      <definition value="A reference to a set of rules that were followed when the resource was constructed, and which must be understood when processing the content."/>
      <comment value="Asserting this rule set restricts the content to be only understood by a limited set of trading partners. This inherently limits the usefulness of the data in the long term. However, the existing health eco-system is highly fractured, and not yet ready to define, collect, and exchange data in a generally computable sense. Wherever possible, implementers and/or specification writers should avoid using this element. &#xA;&#xA;This element is labelled as a modifier because the implicit rules may provide additional knowledge about the resource that modifies it&#39;s meaning or interpretation."/>
      <min value="0"/>
      <max value="1"/>
      <base>
        <path value="Resource.implicitRules"/>
        <min value="0"/>
        <max value="1"/>
      </base>
      <type>
        <code value="uri"/>
      </type>
      <isModifier value="true"/>
      <isSummary value="true"/>
    </element>
    <element id="QuestionnaireResponse:shr-core-QuestionnaireResponse.language">
      <path value="QuestionnaireResponse.language"/>
      <short value="Language of the resource content"/>
      <definition value="The base language in which the resource is written."/>
      <comment value="Language is provided to support indexing and accessibility (typically, services such as text to speech use the language tag). The html language tag in the narrative applies  to the narrative. The language tag on the resource may be used to specify the language of other presentations generated from the data in the resource  Not all the content has to be in the base language. The Resource.language should not be assumed to apply to the narrative automatically. If a language is specified, it should it also be specified on the div element in the html (see rules in HTML5 for information about the relationship between xml:lang and the html lang attribute)."/>
      <min value="0"/>
      <max value="1"/>
      <base>
        <path value="Resource.language"/>
        <min value="0"/>
        <max value="1"/>
      </base>
      <type>
        <code value="code"/>
      </type>
      <binding>
        <extension url="http://hl7.org/fhir/StructureDefinition/elementdefinition-maxValueSet">
          <valueReference>
            <reference value="http://hl7.org/fhir/ValueSet/all-languages"/>
          </valueReference>
        </extension>
        <extension url="http://hl7.org/fhir/StructureDefinition/elementdefinition-bindingName">
          <valueString value="Language"/>
        </extension>
        <extension url="http://hl7.org/fhir/StructureDefinition/elementdefinition-isCommonBinding">
          <valueBoolean value="true"/>
        </extension>
        <strength value="extensible"/>
        <description value="A human language."/>
        <valueSetReference>
          <reference value="http://hl7.org/fhir/ValueSet/languages"/>
        </valueSetReference>
      </binding>
    </element>
    <element id="QuestionnaireResponse:shr-core-QuestionnaireResponse.text">
      <path value="QuestionnaireResponse.text"/>
      <short value="Text summary of the resource, for human interpretation"/>
      <definition value="A human-readable narrative that contains a summary of the resource, and may be used to represent the content of the resource to a human. The narrative need not encode all the structured data, but is required to contain sufficient detail to make it &quot;clinically safe&quot; for a human to just read the narrative. Resource definitions may define what content should be represented in the narrative to ensure clinical safety."/>
      <comment value="Contained resources do not have narrative. Resources that are not contained SHOULD have a narrative. In some cases, a resource may only have text with little or no additional discrete data (as long as all minOccurs=1 elements are satisfied).  This may be necessary for data from legacy systems where information is captured as a &quot;text blob&quot; or where text is additionally entered raw or narrated and encoded in formation is added later."/>
      <alias value="narrative"/>
      <alias value="html"/>
      <alias value="xhtml"/>
      <alias value="display"/>
      <min value="0"/>
      <max value="1"/>
      <base>
        <path value="DomainResource.text"/>
        <min value="0"/>
        <max value="1"/>
      </base>
      <type>
        <code value="Narrative"/>
      </type>
      <condition value="dom-1"/>
      <mapping>
        <identity value="rim"/>
        <map value="Act.text?"/>
      </mapping>
    </element>
    <element id="QuestionnaireResponse:shr-core-QuestionnaireResponse.contained">
      <path value="QuestionnaireResponse.contained"/>
      <short value="Contained, inline Resources"/>
      <definition value="These resources do not have an independent existence apart from the resource that contains them - they cannot be identified independently, and nor can they have their own independent transaction scope."/>
      <comment value="This should never be done when the content can be identified properly, as once identification is lost, it is extremely difficult (and context dependent) to restore it again."/>
      <alias value="inline resources"/>
      <alias value="anonymous resources"/>
      <alias value="contained resources"/>
      <min value="0"/>
      <max value="*"/>
      <base>
        <path value="DomainResource.contained"/>
        <min value="0"/>
        <max value="*"/>
      </base>
      <type>
        <code value="Resource"/>
      </type>
      <mapping>
        <identity value="rim"/>
        <map value="N/A"/>
      </mapping>
    </element>
    <element id="QuestionnaireResponse:shr-core-QuestionnaireResponse.extension">
      <path value="QuestionnaireResponse.extension"/>
      <slicing id="1">
        <discriminator>
          <type value="value"/>
          <path value="url"/>
        </discriminator>
        <ordered value="false"/>
        <rules value="open"/>
      </slicing>
      <short value="Additional Content defined by implementations"/>
      <definition value="May be used to represent additional information that is not part of the basic definition of the resource. In order to make the use of extensions safe and manageable, there is a strict set of governance  applied to the definition and use of extensions. Though any implementer is allowed to define an extension, there is a set of requirements that SHALL be met as part of the definition of the extension."/>
      <comment value="There can be no stigma associated with the use of extensions by any application, project, or standard - regardless of the institution or jurisdiction that uses or defines the extensions.  The use of extensions is what allows the FHIR specification to retain a core level of simplicity for everyone."/>
      <alias value="extensions"/>
      <alias value="user content"/>
      <min value="0"/>
      <max value="*"/>
      <base>
        <path value="DomainResource.extension"/>
        <min value="0"/>
        <max value="*"/>
      </base>
      <type>
        <code value="Extension"/>
      </type>
      <mapping>
        <identity value="rim"/>
        <map value="N/A"/>
      </mapping>
    </element>
    <element id="QuestionnaireResponse:shr-core-QuestionnaireResponse.extension:questionnairecanonical">
      <path value="QuestionnaireResponse.extension"/>
      <sliceName value="questionnairecanonical"/>
      <definition value="The Questionnaire that defines and organizes the questions for which answers are being provided."/>
      <min value="0"/>
      <max value="1"/>
      <base>
        <path value="DomainResource.extension"/>
        <min value="0"/>
        <max value="*"/>
      </base>
      <type>
        <code value="Extension"/>
        <profile value="http://hl7.org/fhir/us/shr/StructureDefinition/shr-core-QuestionnaireCanonical-extension"/>
      </type>
    </element>
    <element id="QuestionnaireResponse:shr-core-QuestionnaireResponse.modifierExtension">
      <path value="QuestionnaireResponse.modifierExtension"/>
      <short value="Extensions that cannot be ignored"/>
      <definition value="May be used to represent additional information that is not part of the basic definition of the resource, and that modifies the understanding of the element that contains it. Usually modifier elements provide negation or qualification. In order to make the use of extensions safe and manageable, there is a strict set of governance applied to the definition and use of extensions. Though any implementer is allowed to define an extension, there is a set of requirements that SHALL be met as part of the definition of the extension. Applications processing a resource are required to check for modifier extensions."/>
      <comment value="There can be no stigma associated with the use of extensions by any application, project, or standard - regardless of the institution or jurisdiction that uses or defines the extensions.  The use of extensions is what allows the FHIR specification to retain a core level of simplicity for everyone."/>
      <alias value="extensions"/>
      <alias value="user content"/>
      <min value="0"/>
      <max value="*"/>
      <base>
        <path value="DomainResource.modifierExtension"/>
        <min value="0"/>
        <max value="*"/>
      </base>
      <type>
        <code value="Extension"/>
      </type>
      <isModifier value="true"/>
      <mapping>
        <identity value="rim"/>
        <map value="N/A"/>
      </mapping>
    </element>
    <element id="QuestionnaireResponse:shr-core-QuestionnaireResponse.identifier">
      <path value="QuestionnaireResponse.identifier"/>
      <short value="Unique id for this set of answers"/>
      <definition value="A business identifier assigned to a particular completed (or partially completed) questionnaire."/>
      <requirements value="Used for tracking, registration and other business purposes."/>
      <min value="0"/>
      <max value="1"/>
      <type>
        <code value="Identifier"/>
      </type>
      <isSummary value="true"/>
      <mapping>
        <identity value="rim"/>
        <map value=".id"/>
      </mapping>
      <mapping>
        <identity value="w5"/>
        <map value="id"/>
      </mapping>
    </element>
    <element id="QuestionnaireResponse:shr-core-QuestionnaireResponse.basedOn">
      <path value="QuestionnaireResponse.basedOn"/>
      <short value="Request fulfilled by this QuestionnaireResponse"/>
      <definition value="The order, proposal or plan that is fulfilled in whole or in part by this QuestionnaireResponse.  For example, a ProcedureRequest seeking an intake assessment or a decision support recommendation to assess for post-partum depression."/>
      <requirements value="Supports traceability of responsibility for the action and allows linkage of an action to the recommendations acted upon."/>
      <alias value="order"/>
      <min value="0"/>
      <max value="*"/>
      <type>
        <code value="Reference"/>
        <targetProfile value="http://hl7.org/fhir/us/shr/StructureDefinition/shr-core-ReferralRequest"/>
      </type>
      <type>
        <code value="Reference"/>
        <targetProfile value="http://hl7.org/fhir/us/shr/StructureDefinition/shr-core-ServiceRequest"/>
      </type>
      <type>
        <code value="Reference"/>
        <targetProfile value="http://hl7.org/fhir/us/shr/StructureDefinition/shr-core-ProcedureRequest"/>
      </type>
      <isSummary value="true"/>
      <mapping>
        <identity value="rim"/>
        <map value=".outboundRelationship[typeCode=FLFS].target"/>
      </mapping>
    </element>
    <element id="QuestionnaireResponse:shr-core-QuestionnaireResponse.parent">
      <path value="QuestionnaireResponse.parent"/>
      <short value="Part of this action"/>
      <definition value="A procedure or observation that this questionnaire was performed as part of the execution of.  For example, the surgery a checklist was executed as part of."/>
      <comment value="Composition of questionnaire responses will be handled by the parent questionnaire having answers that reference the child questionnaire.  For relationships to referrals, and other types of requests, use basedOn."/>
      <min value="0"/>
      <max value="*"/>
      <type>
        <code value="Reference"/>
        <targetProfile value="http://hl7.org/fhir/us/shr/StructureDefinition/shr-core-Observation"/>
      </type>
      <type>
        <code value="Reference"/>
        <targetProfile value="http://hl7.org/fhir/us/shr/StructureDefinition/shr-core-Procedure"/>
      </type>
      <isSummary value="true"/>
      <mapping>
        <identity value="rim"/>
        <map value=".inboundRelationship[typeCode=COMP].source[moodCode=EVN]"/>
      </mapping>
    </element>
    <element id="QuestionnaireResponse:shr-core-QuestionnaireResponse.questionnaire">
      <path value="QuestionnaireResponse.questionnaire"/>
      <short value="Form being answered"/>
      <definition value="The Questionnaire that defines and organizes the questions for which answers are being provided."/>
      <comment value="If a QuestionnaireResponse references a Questionnaire, then the QuestionnaireResponse structure must be consistent with the Questionnaire (i.e. questions must be organized into the same groups, nested questions must still be nested, etc.)."/>
      <requirements value="Needed to allow editing of the questionnaire response in a manner that enforces the constraints of the original form."/>
      <alias value="Form"/>
      <min value="0"/>
      <max value="1"/>
      <type>
        <code value="Reference"/>
        <targetProfile value="http://hl7.org/fhir/StructureDefinition/Questionnaire"/>
      </type>
      <isSummary value="true"/>
      <mapping>
        <identity value="rim"/>
        <map value="./outboundRelationship[typeCode=INST]/target[classCode=OBS, moodCode=DEFN]"/>
      </mapping>
    </element>
    <element id="QuestionnaireResponse:shr-core-QuestionnaireResponse.status">
      <path value="QuestionnaireResponse.status"/>
      <short value="in-progress | completed | amended | entered-in-error | stopped"/>
      <definition value="The position of the questionnaire response within its overall lifecycle."/>
      <comment value="This element is labeled as a modifier because the status contains codes that mark the resource as not currently valid."/>
      <requirements value="The information on Questionnaire resources  may possibly be gathered during multiple sessions and altered after considered being finished."/>
      <min value="1"/>
      <max value="1"/>
      <type>
        <code value="code"/>
      </type>
      <isModifier value="true"/>
      <isSummary value="true"/>
      <binding>
        <extension url="http://hl7.org/fhir/StructureDefinition/elementdefinition-bindingName">
          <valueString value="QuestionnaireResponseStatus"/>
        </extension>
        <strength value="required"/>
        <description value="Lifecycle status of the questionnaire response."/>
        <valueSetReference>
          <reference value="http://hl7.org/fhir/ValueSet/questionnaire-answers-status"/>
        </valueSetReference>
      </binding>
      <mapping>
        <identity value="rim"/>
        <map value=".statusCode (also whether there&#39;s a revisionControlAct - and possibly mood to distinguish &quot;in-progress&quot; from &quot;published)"/>
      </mapping>
      <mapping>
        <identity value="w5"/>
        <map value="status"/>
      </mapping>
    </element>
    <element id="QuestionnaireResponse:shr-core-QuestionnaireResponse.subject">
      <path value="QuestionnaireResponse.subject"/>
      <short value="The subject of the questions"/>
      <definition value="The subject of the questionnaire response.  This could be a patient, organization, practitioner, device, etc.  This is who/what the answers apply to, but is not necessarily the source of information."/>
      <comment value="If the Questionnaire declared a subjectType, the resource pointed to by this element must be an instance of one of the listed types."/>
      <requirements value="Allows linking the answers to the individual the answers describe.  May also affect access control."/>
      <alias value="Patient"/>
      <alias value="Focus"/>
      <min value="0"/>
      <max value="1"/>
      <type>
        <code value="Reference"/>
        <targetProfile value="http://hl7.org/fhir/us/shr/StructureDefinition/shr-core-DomainResource"/>
      </type>
      <isSummary value="true"/>
      <mapping>
        <identity value="rim"/>
        <map value=".participation[typeCode=SBJ].role"/>
      </mapping>
      <mapping>
        <identity value="w5"/>
        <map value="who.focus"/>
      </mapping>
    </element>
    <element id="QuestionnaireResponse:shr-core-QuestionnaireResponse.context">
      <path value="QuestionnaireResponse.context"/>
      <short value="Encounter or Episode during which questionnaire was completed"/>
      <definition value="The encounter or episode of care with primary association to the questionnaire response."/>
      <comment value="A questionnaire that was initiated during an encounter but not fully completed during the encounter would still generally be associated with the encounter."/>
      <requirements value="Provides context for the information that was captured.  May also affect access control."/>
      <min value="0"/>
      <max value="1"/>
      <type>
        <code value="Reference"/>
        <targetProfile value="http://hl7.org/fhir/us/shr/StructureDefinition/shr-core-Encounter"/>
      </type>
      <isSummary value="true"/>
      <mapping>
        <identity value="rim"/>
        <map value=".inboundRelationship(typeCode=COMP].source[classCode&lt;=PCPR, moodCode=EVN]"/>
      </mapping>
      <mapping>
        <identity value="w5"/>
        <map value="context"/>
      </mapping>
    </element>
    <element id="QuestionnaireResponse:shr-core-QuestionnaireResponse.authored">
      <path value="QuestionnaireResponse.authored"/>
      <short value="Date the answers were gathered"/>
      <definition value="The date and/or time that this set of answers were last changed."/>
      <comment value="May be different from the lastUpdateTime of the resource itself, because that reflects when the data was known to the server, not when the data was captured.&#xA;&#xA;This element is optional to allow for systems that may not know the value, however it SHOULD be populated if possible."/>
      <requirements value="Clinicians need to be able to check the date that the information in the questionnaire was collected, to derive the context of the answers."/>
      <alias value="Date Created"/>
      <alias value="Date published"/>
      <alias value="Date Issued"/>
      <alias value="Date updated"/>
      <min value="0"/>
      <max value="1"/>
      <type>
        <code value="dateTime"/>
      </type>
      <isSummary value="true"/>
      <mapping>
        <identity value="rim"/>
        <map value=".participation[typeCode=AUT].time"/>
      </mapping>
      <mapping>
        <identity value="w5"/>
        <map value="when.recorded"/>
      </mapping>
    </element>
    <element id="QuestionnaireResponse:shr-core-QuestionnaireResponse.author">
      <path value="QuestionnaireResponse.author"/>
      <short value="Person who received and recorded the answers"/>
      <definition value="Person who received the answers to the questions in the QuestionnaireResponse and recorded them in the system."/>
      <comment value="Mapping a subject&#39;s answers to multiple choice options and determining what to put in the textual answer is a matter of interpretation.  Authoring by device would indicate that some portion of the questionnaire had been auto-populated."/>
      <requirements value="Need to know who interpreted the subject&#39;s answers to the questions in the questionnaire, and selected the appropriate options for answers."/>
      <alias value="Laboratory"/>
      <alias value="Service"/>
      <alias value="Practitioner"/>
      <alias value="Department"/>
      <alias value="Company"/>
      <alias value="Performer"/>
      <min value="0"/>
      <max value="1"/>
      <type>
        <code value="Reference"/>
        <targetProfile value="http://hl7.org/fhir/us/shr/StructureDefinition/shr-core-Device"/>
      </type>
      <type>
        <code value="Reference"/>
        <targetProfile value="http://hl7.org/fhir/us/shr/StructureDefinition/shr-core-Practitioner"/>
      </type>
      <type>
        <code value="Reference"/>
        <targetProfile value="http://hl7.org/fhir/us/shr/StructureDefinition/shr-core-Patient"/>
      </type>
      <type>
        <code value="Reference"/>
        <targetProfile value="http://hl7.org/fhir/us/shr/StructureDefinition/shr-core-RelatedPerson"/>
      </type>
      <isSummary value="true"/>
      <mapping>
        <identity value="rim"/>
        <map value=".participation[typeCode=AUT].role"/>
      </mapping>
      <mapping>
        <identity value="w5"/>
        <map value="who.author"/>
      </mapping>
    </element>
    <element id="QuestionnaireResponse:shr-core-QuestionnaireResponse.source">
      <path value="QuestionnaireResponse.source"/>
      <short value="The person who answered the questions"/>
      <definition value="The person who answered the questions about the subject."/>
      <comment value="If not specified, no inference can be made about who provided the data."/>
      <requirements value="When answering questions about a subject that is minor, incapable of answering or an animal, another human source may answer the questions."/>
      <min value="0"/>
      <max value="1"/>
      <type>
        <code value="Reference"/>
        <targetProfile value="http://hl7.org/fhir/us/shr/StructureDefinition/shr-core-Patient"/>
      </type>
      <type>
        <code value="Reference"/>
        <targetProfile value="http://hl7.org/fhir/us/shr/StructureDefinition/shr-core-Practitioner"/>
      </type>
      <type>
        <code value="Reference"/>
        <targetProfile value="http://hl7.org/fhir/us/shr/StructureDefinition/shr-core-RelatedPerson"/>
      </type>
      <isSummary value="true"/>
      <mapping>
        <identity value="rim"/>
        <map value=".participation[typeCode=INF].role"/>
      </mapping>
      <mapping>
        <identity value="w5"/>
        <map value="who.source"/>
      </mapping>
    </element>
    <element id="QuestionnaireResponse:shr-core-QuestionnaireResponse.item">
      <path value="QuestionnaireResponse.item"/>
      <short value="Groups and questions"/>
      <definition value="A group or question item from the original questionnaire for which answers are provided."/>
      <comment value="Groups cannot have answers and therefore must nest directly within item. When dealing with questions, nesting must occur within each answer because some questions may have multiple answers (and the nesting occurs for each answer)."/>
      <min value="0"/>
      <max value="*"/>
      <type>
        <code value="BackboneElement"/>
      </type>
      <constraint>
        <key value="ele-1"/>
        <severity value="error"/>
        <human value="All FHIR elements must have a @value or children"/>
        <expression value="hasValue() | (children().count() &gt; id.count())"/>
        <xpath value="@value|f:*|h:div"/>
        <source value="Element"/>
      </constraint>
      <constraint>
        <key value="qrs-1"/>
        <severity value="error"/>
        <human value="Nested item can&#39;t be beneath both item and answer"/>
        <expression value="(answer.exists() and item.exists()).not()"/>
        <xpath value="not(exists(f:answer) and exists(f:item))"/>
      </constraint>
      <mapping>
        <identity value="rim"/>
        <map value=".outboundRelationship[typeCode=COMP].target[classCode=OBS, moodCode=EVN]"/>
      </mapping>
    </element>
    <element id="QuestionnaireResponse:shr-core-QuestionnaireResponse.item.id">
      <path value="QuestionnaireResponse.item.id"/>
      <representation value="xmlAttr"/>
      <short value="xml:id (or equivalent in JSON)"/>
      <definition value="unique id for the element within a resource (for internal references). This may be any string value that does not contain spaces."/>
      <min value="0"/>
      <max value="1"/>
      <base>
        <path value="Element.id"/>
        <min value="0"/>
        <max value="1"/>
      </base>
      <type>
        <code value="string"/>
      </type>
      <mapping>
        <identity value="rim"/>
        <map value="n/a"/>
      </mapping>
    </element>
    <element id="QuestionnaireResponse:shr-core-QuestionnaireResponse.item.extension">
      <path value="QuestionnaireResponse.item.extension"/>
      <short value="Additional Content defined by implementations"/>
      <definition value="May be used to represent additional information that is not part of the basic definition of the element. In order to make the use of extensions safe and manageable, there is a strict set of governance  applied to the definition and use of extensions. Though any implementer is allowed to define an extension, there is a set of requirements that SHALL be met as part of the definition of the extension."/>
      <comment value="There can be no stigma associated with the use of extensions by any application, project, or standard - regardless of the institution or jurisdiction that uses or defines the extensions.  The use of extensions is what allows the FHIR specification to retain a core level of simplicity for everyone."/>
      <alias value="extensions"/>
      <alias value="user content"/>
      <min value="0"/>
      <max value="*"/>
      <base>
        <path value="Element.extension"/>
        <min value="0"/>
        <max value="*"/>
      </base>
      <type>
        <code value="Extension"/>
      </type>
      <mapping>
        <identity value="rim"/>
        <map value="n/a"/>
      </mapping>
    </element>
    <element id="QuestionnaireResponse:shr-core-QuestionnaireResponse.item.modifierExtension">
      <path value="QuestionnaireResponse.item.modifierExtension"/>
      <short value="Extensions that cannot be ignored"/>
      <definition value="May be used to represent additional information that is not part of the basic definition of the element, and that modifies the understanding of the element that contains it. Usually modifier elements provide negation or qualification. In order to make the use of extensions safe and manageable, there is a strict set of governance applied to the definition and use of extensions. Though any implementer is allowed to define an extension, there is a set of requirements that SHALL be met as part of the definition of the extension. Applications processing a resource are required to check for modifier extensions."/>
      <comment value="There can be no stigma associated with the use of extensions by any application, project, or standard - regardless of the institution or jurisdiction that uses or defines the extensions.  The use of extensions is what allows the FHIR specification to retain a core level of simplicity for everyone."/>
      <alias value="extensions"/>
      <alias value="user content"/>
      <alias value="modifiers"/>
      <min value="0"/>
      <max value="*"/>
      <base>
        <path value="BackboneElement.modifierExtension"/>
        <min value="0"/>
        <max value="*"/>
      </base>
      <type>
        <code value="Extension"/>
      </type>
      <isModifier value="true"/>
      <isSummary value="true"/>
      <mapping>
        <identity value="rim"/>
        <map value="N/A"/>
      </mapping>
    </element>
    <element id="QuestionnaireResponse:shr-core-QuestionnaireResponse.item.linkId">
      <path value="QuestionnaireResponse.item.linkId"/>
      <short value="Pointer to specific item from Questionnaire"/>
      <definition value="The item from the Questionnaire that corresponds to this item in the QuestionnaireResponse resource."/>
      <requirements value="Items can repeat in the answers, so a direct 1..1 correspondence by position may not exist - requiring correspondence by identifier."/>
      <min value="1"/>
      <max value="1"/>
      <type>
        <code value="string"/>
      </type>
      <mapping>
        <identity value="rim"/>
        <map value=".outboundRelationship[typeCode=DEFN].target[classCode=OBS, moodCode=DEFN].id"/>
      </mapping>
    </element>
    <element id="QuestionnaireResponse:shr-core-QuestionnaireResponse.item.definition">
      <path value="QuestionnaireResponse.item.definition"/>
      <short value="ElementDefinition - details for the item"/>
      <definition value="A reference to an [ElementDefinition](elementdefinition.html) that provides the details for the item."/>
      <comment value="The ElementDefinition must be in a [StructureDefinition](structuredefinition.html) or a [DataElement](dataelement.html), and must have a fragment identifier that identifies the specific data element by its id (Element.id). E.g. http://hl7.org/fhir/StructureDefinition/Observation#Observation.value[x].&#xA;&#xA;There is no need for this element if the item pointed to by the linkId has a definition listed."/>
      <requirements value="A common pattern is to define a set of data elements, and then build multiple different questionnaires for different circumstances to gather the data. This element provides traceability to the common definition."/>
      <min value="0"/>
      <max value="1"/>
      <type>
        <code value="uri"/>
      </type>
      <mapping>
        <identity value="rim"/>
        <map value=".outboundRelationship[typeCode=DEFN].target[classCode=OBS, moodCode=DEFN].code"/>
      </mapping>
    </element>
    <element id="QuestionnaireResponse:shr-core-QuestionnaireResponse.item.text">
      <path value="QuestionnaireResponse.item.text"/>
      <short value="Name for group or question text"/>
      <definition value="Text that is displayed above the contents of the group or as the text of the question being answered."/>
      <requirements value="Allows the questionnaire response to be read without access to the questionnaire."/>
      <min value="0"/>
      <max value="1"/>
      <type>
        <code value="string"/>
      </type>
      <mapping>
        <identity value="rim"/>
        <map value=".text"/>
      </mapping>
    </element>
    <element id="QuestionnaireResponse:shr-core-QuestionnaireResponse.item.subject">
      <path value="QuestionnaireResponse.item.subject"/>
      <short value="The subject this group&#39;s answers are about"/>
      <definition value="More specific subject this section&#39;s answers are about, details the subject given in QuestionnaireResponse."/>
      <requirements value="Sometimes a group of answers is about a specific participant, artifact or piece of information in the patient&#39;s care or record, e.g. a specific Problem, RelatedPerson, Allergy etc."/>
      <min value="0"/>
      <max value="1"/>
      <type>
        <code value="Reference"/>
        <targetProfile value="http://hl7.org/fhir/StructureDefinition/Resource"/>
      </type>
      <mapping>
        <identity value="rim"/>
        <map value=".participation[typeCode=SBJ].role or .outboundRelationship[typeCode=SUBJ].target"/>
      </mapping>
    </element>
    <element id="QuestionnaireResponse:shr-core-QuestionnaireResponse.item.answer">
      <path value="QuestionnaireResponse.item.answer"/>
      <short value="The response(s) to the question"/>
      <definition value="The respondent&#39;s answer(s) to the question."/>
      <comment value="The value is nested because we cannot have a repeating structure that has variable type."/>
      <min value="0"/>
      <max value="*"/>
      <type>
        <code value="BackboneElement"/>
      </type>
      <constraint>
        <key value="ele-1"/>
        <severity value="error"/>
        <human value="All FHIR elements must have a @value or children"/>
        <expression value="hasValue() | (children().count() &gt; id.count())"/>
        <xpath value="@value|f:*|h:div"/>
        <source value="Element"/>
      </constraint>
      <mapping>
        <identity value="rim"/>
        <map value=".value[type=LIST_ANY]"/>
      </mapping>
    </element>
    <element id="QuestionnaireResponse:shr-core-QuestionnaireResponse.item.answer.id">
      <path value="QuestionnaireResponse.item.answer.id"/>
      <representation value="xmlAttr"/>
      <short value="xml:id (or equivalent in JSON)"/>
      <definition value="unique id for the element within a resource (for internal references). This may be any string value that does not contain spaces."/>
      <min value="0"/>
      <max value="1"/>
      <base>
        <path value="Element.id"/>
        <min value="0"/>
        <max value="1"/>
      </base>
      <type>
        <code value="string"/>
      </type>
      <mapping>
        <identity value="rim"/>
        <map value="n/a"/>
      </mapping>
    </element>
    <element id="QuestionnaireResponse:shr-core-QuestionnaireResponse.item.answer.extension">
      <path value="QuestionnaireResponse.item.answer.extension"/>
      <short value="Additional Content defined by implementations"/>
      <definition value="May be used to represent additional information that is not part of the basic definition of the element. In order to make the use of extensions safe and manageable, there is a strict set of governance  applied to the definition and use of extensions. Though any implementer is allowed to define an extension, there is a set of requirements that SHALL be met as part of the definition of the extension."/>
      <comment value="There can be no stigma associated with the use of extensions by any application, project, or standard - regardless of the institution or jurisdiction that uses or defines the extensions.  The use of extensions is what allows the FHIR specification to retain a core level of simplicity for everyone."/>
      <alias value="extensions"/>
      <alias value="user content"/>
      <min value="0"/>
      <max value="*"/>
      <base>
        <path value="Element.extension"/>
        <min value="0"/>
        <max value="*"/>
      </base>
      <type>
        <code value="Extension"/>
      </type>
      <mapping>
        <identity value="rim"/>
        <map value="n/a"/>
      </mapping>
    </element>
    <element id="QuestionnaireResponse:shr-core-QuestionnaireResponse.item.answer.modifierExtension">
      <path value="QuestionnaireResponse.item.answer.modifierExtension"/>
      <short value="Extensions that cannot be ignored"/>
      <definition value="May be used to represent additional information that is not part of the basic definition of the element, and that modifies the understanding of the element that contains it. Usually modifier elements provide negation or qualification. In order to make the use of extensions safe and manageable, there is a strict set of governance applied to the definition and use of extensions. Though any implementer is allowed to define an extension, there is a set of requirements that SHALL be met as part of the definition of the extension. Applications processing a resource are required to check for modifier extensions."/>
      <comment value="There can be no stigma associated with the use of extensions by any application, project, or standard - regardless of the institution or jurisdiction that uses or defines the extensions.  The use of extensions is what allows the FHIR specification to retain a core level of simplicity for everyone."/>
      <alias value="extensions"/>
      <alias value="user content"/>
      <alias value="modifiers"/>
      <min value="0"/>
      <max value="*"/>
      <base>
        <path value="BackboneElement.modifierExtension"/>
        <min value="0"/>
        <max value="*"/>
      </base>
      <type>
        <code value="Extension"/>
      </type>
      <isModifier value="true"/>
      <isSummary value="true"/>
      <mapping>
        <identity value="rim"/>
        <map value="N/A"/>
      </mapping>
    </element>
    <element id="QuestionnaireResponse:shr-core-QuestionnaireResponse.item.answer.value[x]">
      <path value="QuestionnaireResponse.item.answer.value[x]"/>
      <short value="Single-valued answer to the question"/>
      <definition value="The answer (or one of the answers) provided by the respondent to the question."/>
      <comment value="More complex structures (Attachment, Resource and Quantity) will typically be limited to electronic forms that can expose an appropriate user interface to capture the components and enforce the constraints of a complex data type.  Additional complex types can be introduced through extensions."/>
      <requirements value="Ability to retain a single-valued answer to a question."/>
      <min value="0"/>
      <max value="1"/>
      <type>
        <code value="boolean"/>
      </type>
      <type>
        <code value="decimal"/>
      </type>
      <type>
        <code value="integer"/>
      </type>
      <type>
        <code value="date"/>
      </type>
      <type>
        <code value="dateTime"/>
      </type>
      <type>
        <code value="time"/>
      </type>
      <type>
        <code value="string"/>
      </type>
      <type>
        <code value="uri"/>
      </type>
      <type>
        <code value="Coding"/>
      </type>
      <type>
        <code value="Quantity"/>
      </type>
      <type>
        <code value="Reference"/>
        <targetProfile value="http://hl7.org/fhir/us/shr/StructureDefinition/shr-core-DomainResource"/>
      </type>
      <binding>
        <extension url="http://hl7.org/fhir/StructureDefinition/elementdefinition-bindingName">
          <valueString value="QuestionnaireAnswer"/>
        </extension>
        <strength value="example"/>
        <description value="Code indicating the response provided for a question."/>
        <valueSetReference>
          <reference value="http://hl7.org/fhir/ValueSet/questionnaire-answers"/>
        </valueSetReference>
      </binding>
      <mapping>
        <identity value="rim"/>
        <map value=".item"/>
      </mapping>
    </element>
    <element id="QuestionnaireResponse:shr-core-QuestionnaireResponse.item.answer.item">
      <path value="QuestionnaireResponse.item.answer.item"/>
      <short value="Nested groups and questions"/>
      <definition value="Nested groups and/or questions found within this particular answer."/>
      <requirements value="It is useful to have &quot;sub-questions&quot;, questions which normally appear when certain answers are given and which collect additional details."/>
      <min value="0"/>
      <max value="*"/>
      <type>
        <code value="BackboneElement"/>
      </type>
      <mapping>
        <identity value="rim"/>
        <map value=".outboundRelationship[typeCode=COMP].target[classCode=OBS, moodCode=EVN]"/>
      </mapping>
    </element>
    <element id="QuestionnaireResponse:shr-core-QuestionnaireResponse.item.answer.item.id">
      <path value="QuestionnaireResponse.item.answer.item.id"/>
      <representation value="xmlAttr"/>
      <short value="xml:id (or equivalent in JSON)"/>
      <definition value="unique id for the element within a resource (for internal references). This may be any string value that does not contain spaces."/>
      <min value="0"/>
      <max value="1"/>
      <base>
        <path value="Element.id"/>
        <min value="0"/>
        <max value="1"/>
      </base>
      <type>
        <code value="string"/>
      </type>
      <mapping>
        <identity value="rim"/>
        <map value="n/a"/>
      </mapping>
    </element>
    <element id="QuestionnaireResponse:shr-core-QuestionnaireResponse.item.answer.item.extension">
      <path value="QuestionnaireResponse.item.answer.item.extension"/>
      <short value="Additional Content defined by implementations"/>
      <definition value="May be used to represent additional information that is not part of the basic definition of the element. In order to make the use of extensions safe and manageable, there is a strict set of governance  applied to the definition and use of extensions. Though any implementer is allowed to define an extension, there is a set of requirements that SHALL be met as part of the definition of the extension."/>
      <comment value="There can be no stigma associated with the use of extensions by any application, project, or standard - regardless of the institution or jurisdiction that uses or defines the extensions.  The use of extensions is what allows the FHIR specification to retain a core level of simplicity for everyone."/>
      <alias value="extensions"/>
      <alias value="user content"/>
      <min value="0"/>
      <max value="*"/>
      <base>
        <path value="Element.extension"/>
        <min value="0"/>
        <max value="*"/>
      </base>
      <type>
        <code value="Extension"/>
      </type>
      <mapping>
        <identity value="rim"/>
        <map value="n/a"/>
      </mapping>
    </element>
    <element id="QuestionnaireResponse:shr-core-QuestionnaireResponse.item.answer.item.modifierExtension">
      <path value="QuestionnaireResponse.item.answer.item.modifierExtension"/>
      <short value="Extensions that cannot be ignored"/>
      <definition value="May be used to represent additional information that is not part of the basic definition of the element, and that modifies the understanding of the element that contains it. Usually modifier elements provide negation or qualification. In order to make the use of extensions safe and manageable, there is a strict set of governance applied to the definition and use of extensions. Though any implementer is allowed to define an extension, there is a set of requirements that SHALL be met as part of the definition of the extension. Applications processing a resource are required to check for modifier extensions."/>
      <comment value="There can be no stigma associated with the use of extensions by any application, project, or standard - regardless of the institution or jurisdiction that uses or defines the extensions.  The use of extensions is what allows the FHIR specification to retain a core level of simplicity for everyone."/>
      <alias value="extensions"/>
      <alias value="user content"/>
      <alias value="modifiers"/>
      <min value="0"/>
      <max value="*"/>
      <base>
        <path value="BackboneElement.modifierExtension"/>
        <min value="0"/>
        <max value="*"/>
      </base>
      <type>
        <code value="Extension"/>
      </type>
      <isModifier value="true"/>
      <isSummary value="true"/>
      <mapping>
        <identity value="rim"/>
        <map value="N/A"/>
      </mapping>
    </element>
    <element id="QuestionnaireResponse:shr-core-QuestionnaireResponse.item.answer.item.linkId">
      <path value="QuestionnaireResponse.item.answer.item.linkId"/>
      <short value="Pointer to specific item from Questionnaire"/>
      <definition value="The item from the Questionnaire that corresponds to this item in the QuestionnaireResponse resource."/>
      <requirements value="Items can repeat in the answers, so a direct 1..1 correspondence by position may not exist - requiring correspondence by identifier."/>
      <min value="1"/>
      <max value="1"/>
      <type>
        <code value="string"/>
      </type>
      <mapping>
        <identity value="rim"/>
        <map value=".outboundRelationship[typeCode=DEFN].target[classCode=OBS, moodCode=DEFN].id"/>
      </mapping>
    </element>
    <element id="QuestionnaireResponse:shr-core-QuestionnaireResponse.item.answer.item.definition">
      <path value="QuestionnaireResponse.item.answer.item.definition"/>
      <short value="ElementDefinition - details for the item"/>
      <definition value="A reference to an [ElementDefinition](elementdefinition.html) that provides the details for the item."/>
      <comment value="The ElementDefinition must be in a [StructureDefinition](structuredefinition.html) or a [DataElement](dataelement.html), and must have a fragment identifier that identifies the specific data element by its id (Element.id). E.g. http://hl7.org/fhir/StructureDefinition/Observation#Observation.value[x].&#xA;&#xA;There is no need for this element if the item pointed to by the linkId has a definition listed."/>
      <requirements value="A common pattern is to define a set of data elements, and then build multiple different questionnaires for different circumstances to gather the data. This element provides traceability to the common definition."/>
      <min value="0"/>
      <max value="1"/>
      <type>
        <code value="uri"/>
      </type>
      <mapping>
        <identity value="rim"/>
        <map value=".outboundRelationship[typeCode=DEFN].target[classCode=OBS, moodCode=DEFN].code"/>
      </mapping>
    </element>
    <element id="QuestionnaireResponse:shr-core-QuestionnaireResponse.item.answer.item.text">
      <path value="QuestionnaireResponse.item.answer.item.text"/>
      <short value="Name for group or question text"/>
      <definition value="Text that is displayed above the contents of the group or as the text of the question being answered."/>
      <requirements value="Allows the questionnaire response to be read without access to the questionnaire."/>
      <min value="0"/>
      <max value="1"/>
      <type>
        <code value="string"/>
      </type>
      <mapping>
        <identity value="rim"/>
        <map value=".text"/>
      </mapping>
    </element>
    <element id="QuestionnaireResponse:shr-core-QuestionnaireResponse.item.answer.item.subject">
      <path value="QuestionnaireResponse.item.answer.item.subject"/>
      <short value="The subject this group&#39;s answers are about"/>
      <definition value="More specific subject this section&#39;s answers are about, details the subject given in QuestionnaireResponse."/>
      <requirements value="Sometimes a group of answers is about a specific participant, artifact or piece of information in the patient&#39;s care or record, e.g. a specific Problem, RelatedPerson, Allergy etc."/>
      <min value="0"/>
      <max value="1"/>
      <type>
        <code value="Reference"/>
        <targetProfile value="http://hl7.org/fhir/StructureDefinition/Resource"/>
      </type>
      <mapping>
        <identity value="rim"/>
        <map value=".participation[typeCode=SBJ].role or .outboundRelationship[typeCode=SUBJ].target"/>
      </mapping>
    </element>
    <element id="QuestionnaireResponse:shr-core-QuestionnaireResponse.item.answer.item.answer">
      <path value="QuestionnaireResponse.item.answer.item.answer"/>
      <short value="The response(s) to the question"/>
      <definition value="The respondent&#39;s answer(s) to the question."/>
      <comment value="The value is nested because we cannot have a repeating structure that has variable type."/>
      <min value="0"/>
      <max value="*"/>
      <type>
        <code value="BackboneElement"/>
      </type>
      <constraint>
        <key value="ele-1"/>
        <severity value="error"/>
        <human value="All FHIR elements must have a @value or children"/>
        <expression value="hasValue() | (children().count() &gt; id.count())"/>
        <xpath value="@value|f:*|h:div"/>
        <source value="Element"/>
      </constraint>
      <mapping>
        <identity value="rim"/>
        <map value=".value[type=LIST_ANY]"/>
      </mapping>
    </element>
    <element id="QuestionnaireResponse:shr-core-QuestionnaireResponse.item.answer.item.answer.id">
      <path value="QuestionnaireResponse.item.answer.item.answer.id"/>
      <representation value="xmlAttr"/>
      <short value="xml:id (or equivalent in JSON)"/>
      <definition value="unique id for the element within a resource (for internal references). This may be any string value that does not contain spaces."/>
      <min value="0"/>
      <max value="1"/>
      <base>
        <path value="Element.id"/>
        <min value="0"/>
        <max value="1"/>
      </base>
      <type>
        <code value="string"/>
      </type>
      <mapping>
        <identity value="rim"/>
        <map value="n/a"/>
      </mapping>
    </element>
    <element id="QuestionnaireResponse:shr-core-QuestionnaireResponse.item.answer.item.answer.extension">
      <path value="QuestionnaireResponse.item.answer.item.answer.extension"/>
      <short value="Additional Content defined by implementations"/>
      <definition value="May be used to represent additional information that is not part of the basic definition of the element. In order to make the use of extensions safe and manageable, there is a strict set of governance  applied to the definition and use of extensions. Though any implementer is allowed to define an extension, there is a set of requirements that SHALL be met as part of the definition of the extension."/>
      <comment value="There can be no stigma associated with the use of extensions by any application, project, or standard - regardless of the institution or jurisdiction that uses or defines the extensions.  The use of extensions is what allows the FHIR specification to retain a core level of simplicity for everyone."/>
      <alias value="extensions"/>
      <alias value="user content"/>
      <min value="0"/>
      <max value="*"/>
      <base>
        <path value="Element.extension"/>
        <min value="0"/>
        <max value="*"/>
      </base>
      <type>
        <code value="Extension"/>
      </type>
      <mapping>
        <identity value="rim"/>
        <map value="n/a"/>
      </mapping>
    </element>
    <element id="QuestionnaireResponse:shr-core-QuestionnaireResponse.item.answer.item.answer.modifierExtension">
      <path value="QuestionnaireResponse.item.answer.item.answer.modifierExtension"/>
      <short value="Extensions that cannot be ignored"/>
      <definition value="May be used to represent additional information that is not part of the basic definition of the element, and that modifies the understanding of the element that contains it. Usually modifier elements provide negation or qualification. In order to make the use of extensions safe and manageable, there is a strict set of governance applied to the definition and use of extensions. Though any implementer is allowed to define an extension, there is a set of requirements that SHALL be met as part of the definition of the extension. Applications processing a resource are required to check for modifier extensions."/>
      <comment value="There can be no stigma associated with the use of extensions by any application, project, or standard - regardless of the institution or jurisdiction that uses or defines the extensions.  The use of extensions is what allows the FHIR specification to retain a core level of simplicity for everyone."/>
      <alias value="extensions"/>
      <alias value="user content"/>
      <alias value="modifiers"/>
      <min value="0"/>
      <max value="*"/>
      <base>
        <path value="BackboneElement.modifierExtension"/>
        <min value="0"/>
        <max value="*"/>
      </base>
      <type>
        <code value="Extension"/>
      </type>
      <isModifier value="true"/>
      <isSummary value="true"/>
      <mapping>
        <identity value="rim"/>
        <map value="N/A"/>
      </mapping>
    </element>
    <element id="QuestionnaireResponse:shr-core-QuestionnaireResponse.item.answer.item.answer.value[x]">
      <path value="QuestionnaireResponse.item.answer.item.answer.value[x]"/>
      <short value="Single-valued answer to the question"/>
      <definition value="The answer (or one of the answers) provided by the respondent to the question."/>
      <comment value="More complex structures (Attachment, Resource and Quantity) will typically be limited to electronic forms that can expose an appropriate user interface to capture the components and enforce the constraints of a complex data type.  Additional complex types can be introduced through extensions."/>
      <requirements value="Ability to retain a single-valued answer to a question."/>
      <min value="0"/>
      <max value="1"/>
      <type>
        <code value="boolean"/>
      </type>
      <type>
        <code value="decimal"/>
      </type>
      <type>
        <code value="integer"/>
      </type>
      <type>
        <code value="date"/>
      </type>
      <type>
        <code value="dateTime"/>
      </type>
      <type>
        <code value="time"/>
      </type>
      <type>
        <code value="string"/>
      </type>
      <type>
        <code value="uri"/>
      </type>
      <type>
        <code value="Attachment"/>
      </type>
      <type>
        <code value="Coding"/>
      </type>
      <type>
        <code value="Quantity"/>
      </type>
      <type>
        <code value="Reference"/>
        <targetProfile value="http://hl7.org/fhir/StructureDefinition/Resource"/>
      </type>
      <binding>
        <extension url="http://hl7.org/fhir/StructureDefinition/elementdefinition-bindingName">
          <valueString value="QuestionnaireAnswer"/>
        </extension>
        <strength value="example"/>
        <description value="Code indicating the response provided for a question."/>
        <valueSetReference>
          <reference value="http://hl7.org/fhir/ValueSet/questionnaire-answers"/>
        </valueSetReference>
      </binding>
      <mapping>
        <identity value="rim"/>
        <map value=".item"/>
      </mapping>
    </element>
    <element id="QuestionnaireResponse:shr-core-QuestionnaireResponse.item.answer.item.answer.item">
      <path value="QuestionnaireResponse.item.answer.item.answer.item"/>
      <short value="Nested groups and questions"/>
      <definition value="Nested groups and/or questions found within this particular answer."/>
      <requirements value="It is useful to have &quot;sub-questions&quot;, questions which normally appear when certain answers are given and which collect additional details."/>
      <min value="0"/>
      <max value="*"/>
      <contentReference value="#QuestionnaireResponse.item"/>
      <mapping>
        <identity value="rim"/>
        <map value=".outboundRelationship[typeCode=COMP].target[classCode=OBS, moodCode=EVN]"/>
      </mapping>
    </element>
    <element id="QuestionnaireResponse:shr-core-QuestionnaireResponse.item.answer.item.item">
      <path value="QuestionnaireResponse.item.answer.item.item"/>
      <short value="Nested questionnaire response items"/>
      <definition value="Questions or sub-groups nested beneath a question or group."/>
      <requirements value="Reports can consist of complex nested groups."/>
      <min value="0"/>
      <max value="*"/>
      <contentReference value="#QuestionnaireResponse.item"/>
      <mapping>
        <identity value="rim"/>
        <map value=".outboundRelationship[typeCode=COMP].target[classCode=OBS, moodCode=EVN]"/>
      </mapping>
    </element>
    <element id="QuestionnaireResponse:shr-core-QuestionnaireResponse.item.item">
      <path value="QuestionnaireResponse.item.item"/>
      <short value="Nested questionnaire response items"/>
      <definition value="Questions or sub-groups nested beneath a question or group."/>
      <requirements value="Reports can consist of complex nested groups."/>
      <min value="0"/>
      <max value="*"/>
      <type>
        <code value="BackboneElement"/>
      </type>
      <mapping>
        <identity value="rim"/>
        <map value=".outboundRelationship[typeCode=COMP].target[classCode=OBS, moodCode=EVN]"/>
      </mapping>
    </element>
    <element id="QuestionnaireResponse:shr-core-QuestionnaireResponse.item.item.id">
      <path value="QuestionnaireResponse.item.item.id"/>
      <representation value="xmlAttr"/>
      <short value="xml:id (or equivalent in JSON)"/>
      <definition value="unique id for the element within a resource (for internal references). This may be any string value that does not contain spaces."/>
      <min value="0"/>
      <max value="1"/>
      <base>
        <path value="Element.id"/>
        <min value="0"/>
        <max value="1"/>
      </base>
      <type>
        <code value="string"/>
      </type>
      <mapping>
        <identity value="rim"/>
        <map value="n/a"/>
      </mapping>
    </element>
    <element id="QuestionnaireResponse:shr-core-QuestionnaireResponse.item.item.extension">
      <path value="QuestionnaireResponse.item.item.extension"/>
      <short value="Additional Content defined by implementations"/>
      <definition value="May be used to represent additional information that is not part of the basic definition of the element. In order to make the use of extensions safe and manageable, there is a strict set of governance  applied to the definition and use of extensions. Though any implementer is allowed to define an extension, there is a set of requirements that SHALL be met as part of the definition of the extension."/>
      <comment value="There can be no stigma associated with the use of extensions by any application, project, or standard - regardless of the institution or jurisdiction that uses or defines the extensions.  The use of extensions is what allows the FHIR specification to retain a core level of simplicity for everyone."/>
      <alias value="extensions"/>
      <alias value="user content"/>
      <min value="0"/>
      <max value="*"/>
      <base>
        <path value="Element.extension"/>
        <min value="0"/>
        <max value="*"/>
      </base>
      <type>
        <code value="Extension"/>
      </type>
      <mapping>
        <identity value="rim"/>
        <map value="n/a"/>
      </mapping>
    </element>
    <element id="QuestionnaireResponse:shr-core-QuestionnaireResponse.item.item.modifierExtension">
      <path value="QuestionnaireResponse.item.item.modifierExtension"/>
      <short value="Extensions that cannot be ignored"/>
      <definition value="May be used to represent additional information that is not part of the basic definition of the element, and that modifies the understanding of the element that contains it. Usually modifier elements provide negation or qualification. In order to make the use of extensions safe and manageable, there is a strict set of governance applied to the definition and use of extensions. Though any implementer is allowed to define an extension, there is a set of requirements that SHALL be met as part of the definition of the extension. Applications processing a resource are required to check for modifier extensions."/>
      <comment value="There can be no stigma associated with the use of extensions by any application, project, or standard - regardless of the institution or jurisdiction that uses or defines the extensions.  The use of extensions is what allows the FHIR specification to retain a core level of simplicity for everyone."/>
      <alias value="extensions"/>
      <alias value="user content"/>
      <alias value="modifiers"/>
      <min value="0"/>
      <max value="*"/>
      <base>
        <path value="BackboneElement.modifierExtension"/>
        <min value="0"/>
        <max value="*"/>
      </base>
      <type>
        <code value="Extension"/>
      </type>
      <isModifier value="true"/>
      <isSummary value="true"/>
      <mapping>
        <identity value="rim"/>
        <map value="N/A"/>
      </mapping>
    </element>
    <element id="QuestionnaireResponse:shr-core-QuestionnaireResponse.item.item.linkId">
      <path value="QuestionnaireResponse.item.item.linkId"/>
      <short value="Pointer to specific item from Questionnaire"/>
      <definition value="The item from the Questionnaire that corresponds to this item in the QuestionnaireResponse resource."/>
      <requirements value="Items can repeat in the answers, so a direct 1..1 correspondence by position may not exist - requiring correspondence by identifier."/>
      <min value="1"/>
      <max value="1"/>
      <type>
        <code value="string"/>
      </type>
      <mapping>
        <identity value="rim"/>
        <map value=".outboundRelationship[typeCode=DEFN].target[classCode=OBS, moodCode=DEFN].id"/>
      </mapping>
    </element>
    <element id="QuestionnaireResponse:shr-core-QuestionnaireResponse.item.item.definition">
      <path value="QuestionnaireResponse.item.item.definition"/>
      <short value="ElementDefinition - details for the item"/>
      <definition value="A reference to an [ElementDefinition](elementdefinition.html) that provides the details for the item."/>
      <comment value="The ElementDefinition must be in a [StructureDefinition](structuredefinition.html) or a [DataElement](dataelement.html), and must have a fragment identifier that identifies the specific data element by its id (Element.id). E.g. http://hl7.org/fhir/StructureDefinition/Observation#Observation.value[x].&#xA;&#xA;There is no need for this element if the item pointed to by the linkId has a definition listed."/>
      <requirements value="A common pattern is to define a set of data elements, and then build multiple different questionnaires for different circumstances to gather the data. This element provides traceability to the common definition."/>
      <min value="0"/>
      <max value="1"/>
      <type>
        <code value="uri"/>
      </type>
      <mapping>
        <identity value="rim"/>
        <map value=".outboundRelationship[typeCode=DEFN].target[classCode=OBS, moodCode=DEFN].code"/>
      </mapping>
    </element>
    <element id="QuestionnaireResponse:shr-core-QuestionnaireResponse.item.item.text">
      <path value="QuestionnaireResponse.item.item.text"/>
      <short value="Name for group or question text"/>
      <definition value="Text that is displayed above the contents of the group or as the text of the question being answered."/>
      <requirements value="Allows the questionnaire response to be read without access to the questionnaire."/>
      <min value="0"/>
      <max value="1"/>
      <type>
        <code value="string"/>
      </type>
      <mapping>
        <identity value="rim"/>
        <map value=".text"/>
      </mapping>
    </element>
    <element id="QuestionnaireResponse:shr-core-QuestionnaireResponse.item.item.subject">
      <path value="QuestionnaireResponse.item.item.subject"/>
      <short value="The subject this group&#39;s answers are about"/>
      <definition value="More specific subject this section&#39;s answers are about, details the subject given in QuestionnaireResponse."/>
      <requirements value="Sometimes a group of answers is about a specific participant, artifact or piece of information in the patient&#39;s care or record, e.g. a specific Problem, RelatedPerson, Allergy etc."/>
      <min value="0"/>
      <max value="1"/>
      <type>
        <code value="Reference"/>
        <targetProfile value="http://hl7.org/fhir/StructureDefinition/Resource"/>
      </type>
      <mapping>
        <identity value="rim"/>
        <map value=".participation[typeCode=SBJ].role or .outboundRelationship[typeCode=SUBJ].target"/>
      </mapping>
    </element>
    <element id="QuestionnaireResponse:shr-core-QuestionnaireResponse.item.item.answer">
      <path value="QuestionnaireResponse.item.item.answer"/>
      <short value="The response(s) to the question"/>
      <definition value="The respondent&#39;s answer(s) to the question."/>
      <comment value="The value is nested because we cannot have a repeating structure that has variable type."/>
      <min value="0"/>
      <max value="*"/>
      <type>
        <code value="BackboneElement"/>
      </type>
      <constraint>
        <key value="ele-1"/>
        <severity value="error"/>
        <human value="All FHIR elements must have a @value or children"/>
        <expression value="hasValue() | (children().count() &gt; id.count())"/>
        <xpath value="@value|f:*|h:div"/>
        <source value="Element"/>
      </constraint>
      <mapping>
        <identity value="rim"/>
        <map value=".value[type=LIST_ANY]"/>
      </mapping>
    </element>
    <element id="QuestionnaireResponse:shr-core-QuestionnaireResponse.item.item.answer.id">
      <path value="QuestionnaireResponse.item.item.answer.id"/>
      <representation value="xmlAttr"/>
      <short value="xml:id (or equivalent in JSON)"/>
      <definition value="unique id for the element within a resource (for internal references). This may be any string value that does not contain spaces."/>
      <min value="0"/>
      <max value="1"/>
      <base>
        <path value="Element.id"/>
        <min value="0"/>
        <max value="1"/>
      </base>
      <type>
        <code value="string"/>
      </type>
      <mapping>
        <identity value="rim"/>
        <map value="n/a"/>
      </mapping>
    </element>
    <element id="QuestionnaireResponse:shr-core-QuestionnaireResponse.item.item.answer.extension">
      <path value="QuestionnaireResponse.item.item.answer.extension"/>
      <short value="Additional Content defined by implementations"/>
      <definition value="May be used to represent additional information that is not part of the basic definition of the element. In order to make the use of extensions safe and manageable, there is a strict set of governance  applied to the definition and use of extensions. Though any implementer is allowed to define an extension, there is a set of requirements that SHALL be met as part of the definition of the extension."/>
      <comment value="There can be no stigma associated with the use of extensions by any application, project, or standard - regardless of the institution or jurisdiction that uses or defines the extensions.  The use of extensions is what allows the FHIR specification to retain a core level of simplicity for everyone."/>
      <alias value="extensions"/>
      <alias value="user content"/>
      <min value="0"/>
      <max value="*"/>
      <base>
        <path value="Element.extension"/>
        <min value="0"/>
        <max value="*"/>
      </base>
      <type>
        <code value="Extension"/>
      </type>
      <mapping>
        <identity value="rim"/>
        <map value="n/a"/>
      </mapping>
    </element>
    <element id="QuestionnaireResponse:shr-core-QuestionnaireResponse.item.item.answer.modifierExtension">
      <path value="QuestionnaireResponse.item.item.answer.modifierExtension"/>
      <short value="Extensions that cannot be ignored"/>
      <definition value="May be used to represent additional information that is not part of the basic definition of the element, and that modifies the understanding of the element that contains it. Usually modifier elements provide negation or qualification. In order to make the use of extensions safe and manageable, there is a strict set of governance applied to the definition and use of extensions. Though any implementer is allowed to define an extension, there is a set of requirements that SHALL be met as part of the definition of the extension. Applications processing a resource are required to check for modifier extensions."/>
      <comment value="There can be no stigma associated with the use of extensions by any application, project, or standard - regardless of the institution or jurisdiction that uses or defines the extensions.  The use of extensions is what allows the FHIR specification to retain a core level of simplicity for everyone."/>
      <alias value="extensions"/>
      <alias value="user content"/>
      <alias value="modifiers"/>
      <min value="0"/>
      <max value="*"/>
      <base>
        <path value="BackboneElement.modifierExtension"/>
        <min value="0"/>
        <max value="*"/>
      </base>
      <type>
        <code value="Extension"/>
      </type>
      <isModifier value="true"/>
      <isSummary value="true"/>
      <mapping>
        <identity value="rim"/>
        <map value="N/A"/>
      </mapping>
    </element>
    <element id="QuestionnaireResponse:shr-core-QuestionnaireResponse.item.item.answer.value[x]">
      <path value="QuestionnaireResponse.item.item.answer.value[x]"/>
      <short value="Single-valued answer to the question"/>
      <definition value="The answer (or one of the answers) provided by the respondent to the question."/>
      <comment value="More complex structures (Attachment, Resource and Quantity) will typically be limited to electronic forms that can expose an appropriate user interface to capture the components and enforce the constraints of a complex data type.  Additional complex types can be introduced through extensions."/>
      <requirements value="Ability to retain a single-valued answer to a question."/>
      <min value="0"/>
      <max value="1"/>
      <type>
        <code value="boolean"/>
      </type>
      <type>
        <code value="decimal"/>
      </type>
      <type>
        <code value="integer"/>
      </type>
      <type>
        <code value="date"/>
      </type>
      <type>
        <code value="dateTime"/>
      </type>
      <type>
        <code value="time"/>
      </type>
      <type>
        <code value="string"/>
      </type>
      <type>
        <code value="uri"/>
      </type>
      <type>
        <code value="Attachment"/>
      </type>
      <type>
        <code value="Coding"/>
      </type>
      <type>
        <code value="Quantity"/>
      </type>
      <type>
        <code value="Reference"/>
        <targetProfile value="http://hl7.org/fhir/StructureDefinition/Resource"/>
      </type>
      <binding>
        <extension url="http://hl7.org/fhir/StructureDefinition/elementdefinition-bindingName">
          <valueString value="QuestionnaireAnswer"/>
        </extension>
        <strength value="example"/>
        <description value="Code indicating the response provided for a question."/>
        <valueSetReference>
          <reference value="http://hl7.org/fhir/ValueSet/questionnaire-answers"/>
        </valueSetReference>
      </binding>
      <mapping>
        <identity value="rim"/>
        <map value=".item"/>
      </mapping>
    </element>
    <element id="QuestionnaireResponse:shr-core-QuestionnaireResponse.item.item.answer.item">
      <path value="QuestionnaireResponse.item.item.answer.item"/>
      <short value="Nested groups and questions"/>
      <definition value="Nested groups and/or questions found within this particular answer."/>
      <requirements value="It is useful to have &quot;sub-questions&quot;, questions which normally appear when certain answers are given and which collect additional details."/>
      <min value="0"/>
      <max value="*"/>
      <contentReference value="#QuestionnaireResponse.item"/>
      <mapping>
        <identity value="rim"/>
        <map value=".outboundRelationship[typeCode=COMP].target[classCode=OBS, moodCode=EVN]"/>
      </mapping>
    </element>
    <element id="QuestionnaireResponse:shr-core-QuestionnaireResponse.item.item.item">
      <path value="QuestionnaireResponse.item.item.item"/>
      <short value="Nested questionnaire response items"/>
      <definition value="Questions or sub-groups nested beneath a question or group."/>
      <requirements value="Reports can consist of complex nested groups."/>
      <min value="0"/>
      <max value="*"/>
      <contentReference value="#QuestionnaireResponse.item"/>
      <mapping>
        <identity value="rim"/>
        <map value=".outboundRelationship[typeCode=COMP].target[classCode=OBS, moodCode=EVN]"/>
      </mapping>
    </element>
  </snapshot>
  <differential>
    <element id="QuestionnaireResponse:shr-core-QuestionnaireResponse">
      <path value="QuestionnaireResponse"/>
      <short value="shr-core-QuestionnaireResponse"/>
      <definition value="A structured set of questions and their answers. The questions are ordered and grouped into coherent subsets, corresponding to the structure of the grouping of the questionnaire being responded to."/>
    </element>
    <element id="QuestionnaireResponse:shr-core-QuestionnaireResponse.meta">
      <path value="QuestionnaireResponse.meta"/>
    </element>
    <element id="QuestionnaireResponse:shr-core-QuestionnaireResponse.meta.extension:sourcesystem">
      <path value="QuestionnaireResponse.meta.extension"/>
      <sliceName value="sourcesystem"/>
      <definition value="FHIR: This provides a minimal amount of Provenance information that can be used to track or differentiate the source of information in the resource. The source may identify another FHIR server, document, message, database, etc.&#xA;FHIM: Identifies the computer system that created the medical record. This optional field may also be used to indicate that the medical record was originally created by a different organization from the one that is currently storing or utilizing the record in that the assigning authority of the Id could be set to that originating organization. This property is optional, as some systems will assume that all records that it contains originated in that system, however it is anticipated that it will become increasingly commonplace for records from multiple systems and organizations will be comingled in order to provide a complete picture of the patient&#39;s health record."/>
      <min value="0"/>
      <max value="1"/>
      <base>
        <path value="Element.extension"/>
        <min value="0"/>
        <max value="*"/>
      </base>
      <type>
        <code value="Extension"/>
        <profile value="http://hl7.org/fhir/us/shr/StructureDefinition/shr-core-SourceSystem-extension"/>
      </type>
    </element>
    <element id="QuestionnaireResponse:shr-core-QuestionnaireResponse.extension">
      <path value="QuestionnaireResponse.extension"/>
      <slicing id="1">
        <discriminator>
          <type value="value"/>
          <path value="url"/>
        </discriminator>
        <ordered value="false"/>
        <rules value="open"/>
      </slicing>
    </element>
    <element id="QuestionnaireResponse:shr-core-QuestionnaireResponse.extension:questionnairecanonical">
      <path value="QuestionnaireResponse.extension"/>
      <sliceName value="questionnairecanonical"/>
      <definition value="The Questionnaire that defines and organizes the questions for which answers are being provided."/>
      <min value="0"/>
      <max value="1"/>
      <base>
        <path value="DomainResource.extension"/>
        <min value="0"/>
        <max value="*"/>
      </base>
      <type>
        <code value="Extension"/>
        <profile value="http://hl7.org/fhir/us/shr/StructureDefinition/shr-core-QuestionnaireCanonical-extension"/>
      </type>
    </element>
    <element id="QuestionnaireResponse:shr-core-QuestionnaireResponse.basedOn">
      <path value="QuestionnaireResponse.basedOn"/>
      <type>
        <code value="Reference"/>
        <targetProfile value="http://hl7.org/fhir/us/shr/StructureDefinition/shr-core-ReferralRequest"/>
      </type>
      <type>
        <code value="Reference"/>
        <targetProfile value="http://hl7.org/fhir/us/shr/StructureDefinition/shr-core-ServiceRequest"/>
      </type>
      <type>
        <code value="Reference"/>
        <targetProfile value="http://hl7.org/fhir/us/shr/StructureDefinition/shr-core-ProcedureRequest"/>
      </type>
    </element>
    <element id="QuestionnaireResponse:shr-core-QuestionnaireResponse.parent">
      <path value="QuestionnaireResponse.parent"/>
      <type>
        <code value="Reference"/>
        <targetProfile value="http://hl7.org/fhir/us/shr/StructureDefinition/shr-core-Observation"/>
      </type>
      <type>
        <code value="Reference"/>
        <targetProfile value="http://hl7.org/fhir/us/shr/StructureDefinition/shr-core-Procedure"/>
      </type>
    </element>
    <element id="QuestionnaireResponse:shr-core-QuestionnaireResponse.subject">
      <path value="QuestionnaireResponse.subject"/>
      <type>
        <code value="Reference"/>
        <targetProfile value="http://hl7.org/fhir/us/shr/StructureDefinition/shr-core-DomainResource"/>
      </type>
    </element>
    <element id="QuestionnaireResponse:shr-core-QuestionnaireResponse.context">
      <path value="QuestionnaireResponse.context"/>
      <type>
        <code value="Reference"/>
        <targetProfile value="http://hl7.org/fhir/us/shr/StructureDefinition/shr-core-Encounter"/>
      </type>
    </element>
    <element id="QuestionnaireResponse:shr-core-QuestionnaireResponse.author">
      <path value="QuestionnaireResponse.author"/>
      <type>
        <code value="Reference"/>
        <targetProfile value="http://hl7.org/fhir/us/shr/StructureDefinition/shr-core-Device"/>
      </type>
      <type>
        <code value="Reference"/>
        <targetProfile value="http://hl7.org/fhir/us/shr/StructureDefinition/shr-core-Practitioner"/>
      </type>
      <type>
        <code value="Reference"/>
        <targetProfile value="http://hl7.org/fhir/us/shr/StructureDefinition/shr-core-Patient"/>
      </type>
      <type>
        <code value="Reference"/>
        <targetProfile value="http://hl7.org/fhir/us/shr/StructureDefinition/shr-core-RelatedPerson"/>
      </type>
    </element>
    <element id="QuestionnaireResponse:shr-core-QuestionnaireResponse.source">
      <path value="QuestionnaireResponse.source"/>
      <type>
        <code value="Reference"/>
        <targetProfile value="http://hl7.org/fhir/us/shr/StructureDefinition/shr-core-Patient"/>
      </type>
      <type>
        <code value="Reference"/>
        <targetProfile value="http://hl7.org/fhir/us/shr/StructureDefinition/shr-core-Practitioner"/>
      </type>
      <type>
        <code value="Reference"/>
        <targetProfile value="http://hl7.org/fhir/us/shr/StructureDefinition/shr-core-RelatedPerson"/>
      </type>
    </element>
    <element id="QuestionnaireResponse:shr-core-QuestionnaireResponse.item">
      <path value="QuestionnaireResponse.item"/>
    </element>
    <element id="QuestionnaireResponse:shr-core-QuestionnaireResponse.item.answer">
      <path value="QuestionnaireResponse.item.answer"/>
    </element>
    <element id="QuestionnaireResponse:shr-core-QuestionnaireResponse.item.answer.value[x]">
      <path value="QuestionnaireResponse.item.answer.value[x]"/>
      <type>
        <code value="boolean"/>
      </type>
      <type>
        <code value="decimal"/>
      </type>
      <type>
        <code value="integer"/>
      </type>
      <type>
        <code value="date"/>
      </type>
      <type>
        <code value="dateTime"/>
      </type>
      <type>
        <code value="time"/>
      </type>
      <type>
        <code value="string"/>
      </type>
      <type>
        <code value="uri"/>
      </type>
      <type>
        <code value="Coding"/>
      </type>
      <type>
        <code value="Quantity"/>
      </type>
      <type>
        <code value="Reference"/>
        <targetProfile value="http://hl7.org/fhir/us/shr/StructureDefinition/shr-core-DomainResource"/>
      </type>
    </element>
  </differential>
</StructureDefinition>