<?xml version="1.0" encoding="UTF-8"?>

<StructureDefinition xmlns="http://hl7.org/fhir">
  <id value="shr-core-DiagnosticImaging-model"/>
  <text>
    <status value="generated"/><div xmlns="http://www.w3.org/1999/xhtml">
  <p><b>DiagnosticImaging Logical Model</b></p>
  <p>Diagnostic imaging procedure performed.</p>
</div>
  </text>
  <url value="http://hl7.org/fhir/us/shr/StructureDefinition/shr-core-DiagnosticImaging-model"/>
  <identifier>
    <system value="http://hl7.org/fhir/us/shrcore"/>
    <value value="shr.core.DiagnosticImaging"/>
  </identifier>
  <version value="0.5.0"/>
  <name value="DiagnosticImaging"/>
  <title value="shr-core-DiagnosticImaging"/>
  <status value="draft"/>
  <date value="2019-05-01T00:00:00-04:00"/>
  <publisher value="The MITRE Corporation"/>
  <contact>
    <telecom>
      <system value="url"/>
      <value value="http://www.standardhealthrecord.org"/>
    </telecom>
  </contact>
  <description value="Diagnostic imaging procedure performed."/>
  <kind value="logical"/>
  <abstract value="false"/>
  <type value="shr-core-DiagnosticImaging-model"/>
  <baseDefinition value="http://hl7.org/fhir/StructureDefinition/Element"/>
  <derivation value="specialization"/>
  <snapshot>
    <element id="shr-core-DiagnosticImaging-model">
      <path value="shr-core-DiagnosticImaging-model"/>
      <definition value="Diagnostic imaging procedure performed."/>
      <min value="0"/>
      <max value="*"/>
      <base>
        <path value="shr-core-DiagnosticImaging-model"/>
        <min value="0"/>
        <max value="*"/>
      </base>
      <mustSupport value="false"/>
      <isModifier value="false"/>
      <isSummary value="false"/>
    </element>
    <element id="shr-core-DiagnosticImaging-model.metadata">
      <path value="shr-core-DiagnosticImaging-model.metadata"/>
      <short value="Elements that belong to all information items."/>
      <definition value="Elements that belong to all information items."/>
      <min value="0"/>
      <max value="1"/>
      <base>
        <path value="shr-core-DiagnosticImaging-model.metadata"/>
        <min value="0"/>
        <max value="1"/>
      </base>
      <type>
        <code value="http://hl7.org/fhir/us/shr/StructureDefinition/shr-core-Metadata-model"/>
      </type>
      <mustSupport value="false"/>
      <isModifier value="false"/>
      <isSummary value="false"/>
    </element>
    <element id="shr-core-DiagnosticImaging-model.language">
      <path value="shr-core-DiagnosticImaging-model.language"/>
      <short value="A human language, spoken or written."/>
      <definition value="A human language, spoken or written."/>
      <min value="0"/>
      <max value="1"/>
      <base>
        <path value="shr-core-DiagnosticImaging-model.language"/>
        <min value="0"/>
        <max value="1"/>
      </base>
      <type>
        <code value="Coding"/>
      </type>
      <mustSupport value="false"/>
      <isModifier value="false"/>
      <isSummary value="false"/>
    </element>
    <element id="shr-core-DiagnosticImaging-model.implicitRules">
      <path value="shr-core-DiagnosticImaging-model.implicitRules"/>
      <short value="A set of rules under which this content was created"/>
      <definition value="A set of rules under which this content was created"/>
      <min value="0"/>
      <max value="1"/>
      <base>
        <path value="shr-core-DiagnosticImaging-model.implicitRules"/>
        <min value="0"/>
        <max value="1"/>
      </base>
      <type>
        <code value="uri"/>
      </type>
      <mustSupport value="false"/>
      <isModifier value="false"/>
      <isSummary value="false"/>
    </element>
    <element id="shr-core-DiagnosticImaging-model.narrative">
      <path value="shr-core-DiagnosticImaging-model.narrative"/>
      <short value="A human-readable narrative, potentially including images, that contains a summary of the resource, and may be used to represent the content of the resource to a human."/>
      <definition value="A human-readable narrative, potentially including images, that contains a summary of the resource, and may be used to represent the content of the resource to a human."/>
      <min value="0"/>
      <max value="1"/>
      <base>
        <path value="shr-core-DiagnosticImaging-model.narrative"/>
        <min value="0"/>
        <max value="1"/>
      </base>
      <type>
        <code value="http://hl7.org/fhir/us/shr/StructureDefinition/shr-core-Narrative-model"/>
      </type>
      <mustSupport value="false"/>
      <isModifier value="false"/>
      <isSummary value="false"/>
    </element>
    <element id="shr-core-DiagnosticImaging-model.status">
      <path value="shr-core-DiagnosticImaging-model.status"/>
      <short value="A state that relates to the workflow or interpretation of this resource. Certain status values can modify the meaning of the resource, for example, entered-in-error. When a boolean value is used, Status of true indicates the record is active, false means inactive."/>
      <definition value="A state that relates to the workflow or interpretation of this resource. Certain status values can modify the meaning of the resource, for example, entered-in-error. When a boolean value is used, Status of true indicates the record is active, false means inactive."/>
      <min value="1"/>
      <max value="1"/>
      <base>
        <path value="shr-core-DiagnosticImaging-model.status"/>
        <min value="1"/>
        <max value="1"/>
      </base>
      <type>
        <code value="Coding"/>
      </type>
      <mustSupport value="false"/>
      <isModifier value="false"/>
      <isSummary value="false"/>
    </element>
    <element id="shr-core-DiagnosticImaging-model.statusReason">
      <path value="shr-core-DiagnosticImaging-model.statusReason"/>
      <short value="Captures the reason for the current state of the procedure."/>
      <definition value="Captures the reason for the current state of the procedure."/>
      <min value="0"/>
      <max value="1"/>
      <base>
        <path value="shr-core-DiagnosticImaging-model.statusReason"/>
        <min value="0"/>
        <max value="1"/>
      </base>
      <type>
        <code value="Coding"/>
      </type>
      <mustSupport value="false"/>
      <isModifier value="false"/>
      <isSummary value="false"/>
    </element>
    <element id="shr-core-DiagnosticImaging-model.identifier">
      <path value="shr-core-DiagnosticImaging-model.identifier"/>
      <short value="Business identifier or external id for this resource."/>
      <definition value="Business identifier or external id for this resource."/>
      <min value="0"/>
      <max value="*"/>
      <base>
        <path value="shr-core-DiagnosticImaging-model.identifier"/>
        <min value="0"/>
        <max value="*"/>
      </base>
      <type>
        <code value="http://hl7.org/fhir/us/shr/StructureDefinition/shr-core-Identifier-model"/>
      </type>
      <mustSupport value="false"/>
      <isModifier value="false"/>
      <isSummary value="false"/>
    </element>
    <element id="shr-core-DiagnosticImaging-model.subjectOfRecord">
      <path value="shr-core-DiagnosticImaging-model.subjectOfRecord"/>
      <code>
        <system value="http://ncimeta.nci.nih.gov"/>
        <code value="C1299487"/>
      </code>
      <short value="The subject of a clinical statement, often called the Patient or the Subject. The SubjectOfRecord typically identifies the clinical record in which this statement is contained. If the statement should be in John Doe&#39;s patient record, then John Doe is the subject of record. When there is no patient, the SubjectOfRecord can also be a location, group, or other entity that statement pertains to. For example, observations concerning a hospital ward would have a Location as the SubjectOfRecord."/>
      <definition value="The subject of a clinical statement, often called the Patient or the Subject. The SubjectOfRecord typically identifies the clinical record in which this statement is contained. If the statement should be in John Doe&#39;s patient record, then John Doe is the subject of record. When there is no patient, the SubjectOfRecord can also be a location, group, or other entity that statement pertains to. For example, observations concerning a hospital ward would have a Location as the SubjectOfRecord.&#xA;&#xA;Note that the word &#39;Subject&#39; is used here in the sense of a person or entity subjected to observations or actions, not subject as in a conceptual topic, like heart disease."/>
      <min value="1"/>
      <max value="1"/>
      <base>
        <path value="shr-core-DiagnosticImaging-model.subjectOfRecord"/>
        <min value="1"/>
        <max value="1"/>
      </base>
      <type>
        <code value="Reference"/>
        <targetProfile value="http://hl7.org/fhir/us/shr/StructureDefinition/shr-core-Patient-model"/>
      </type>
      <mustSupport value="false"/>
      <isModifier value="false"/>
      <isSummary value="false"/>
    </element>
    <element id="shr-core-DiagnosticImaging-model.careContext[x]">
      <path value="shr-core-DiagnosticImaging-model.careContext[x]"/>
      <short value="The encounter or episode of care"/>
      <definition value="The encounter or episode of care"/>
      <min value="0"/>
      <max value="1"/>
      <base>
        <path value="shr-core-DiagnosticImaging-model.careContext[x]"/>
        <min value="0"/>
        <max value="1"/>
      </base>
      <type>
        <code value="Reference"/>
        <targetProfile value="http://hl7.org/fhir/us/shr/StructureDefinition/shr-core-Encounter-model"/>
      </type>
      <type>
        <code value="Reference"/>
        <targetProfile value="http://hl7.org/fhir/us/shr/StructureDefinition/shr-core-EpisodeOfCare-model"/>
      </type>
      <mustSupport value="false"/>
      <isModifier value="false"/>
      <isSummary value="false"/>
    </element>
    <element id="shr-core-DiagnosticImaging-model.statementDateTime">
      <path value="shr-core-DiagnosticImaging-model.statementDateTime"/>
      <code>
        <system value="http://ncimeta.nci.nih.gov"/>
        <code value="C3669169"/>
      </code>
      <short value="The point in time when the statement was created."/>
      <definition value="The point in time when the statement was created."/>
      <min value="0"/>
      <max value="1"/>
      <base>
        <path value="shr-core-DiagnosticImaging-model.statementDateTime"/>
        <min value="0"/>
        <max value="1"/>
      </base>
      <type>
        <code value="dateTime"/>
      </type>
      <mustSupport value="false"/>
      <isModifier value="false"/>
      <isSummary value="false"/>
    </element>
    <element id="shr-core-DiagnosticImaging-model.reasonCode">
      <path value="shr-core-DiagnosticImaging-model.reasonCode"/>
      <code>
        <system value="http://ncimeta.nci.nih.gov"/>
        <code value="C0566251"/>
      </code>
      <short value="The explanation or justification for the current item or action, as a code."/>
      <definition value="The explanation or justification for the current item or action, as a code.&#xA;Reason is a string or CodeableConcept in DSTU2 but in later versions only a CodeableConcept."/>
      <min value="0"/>
      <max value="1"/>
      <base>
        <path value="shr-core-DiagnosticImaging-model.reasonCode"/>
        <min value="0"/>
        <max value="1"/>
      </base>
      <type>
        <code value="Coding"/>
      </type>
      <mustSupport value="false"/>
      <isModifier value="false"/>
      <isSummary value="false"/>
    </element>
    <element id="shr-core-DiagnosticImaging-model.procedureReasonReference[x]">
      <path value="shr-core-DiagnosticImaging-model.procedureReasonReference[x]"/>
      <slicing>
        <discriminator>
          <type value="type"/>
          <path value="$this"/>
        </discriminator>
        <ordered value="false"/>
        <rules value="open"/>
      </slicing>
      <short value="The justification that the procedure was performed."/>
      <definition value="The justification that the procedure was performed."/>
      <min value="0"/>
      <max value="1"/>
      <base>
        <path value="shr-core-DiagnosticImaging-model.procedureReasonReference[x]"/>
        <min value="0"/>
        <max value="1"/>
      </base>
      <type>
        <code value="Reference"/>
        <targetProfile value="http://hl7.org/fhir/us/shr/StructureDefinition/shr-core-Condition-model"/>
      </type>
      <type>
        <code value="Reference"/>
        <targetProfile value="http://hl7.org/fhir/us/shr/StructureDefinition/shr-core-Observation-model"/>
      </type>
      <type>
        <code value="Reference"/>
        <targetProfile value="http://hl7.org/fhir/us/shr/StructureDefinition/shr-core-Procedure-model"/>
      </type>
      <type>
        <code value="Reference"/>
        <targetProfile value="http://hl7.org/fhir/us/shr/StructureDefinition/shr-core-DiagnosticReport-model"/>
      </type>
      <type>
        <code value="Reference"/>
        <targetProfile value="http://hl7.org/fhir/us/shr/StructureDefinition/shr-core-DocumentReference-model"/>
      </type>
      <mustSupport value="false"/>
      <isModifier value="false"/>
      <isSummary value="false"/>
    </element>
    <element id="shr-core-DiagnosticImaging-model.procedureReasonReferenceShr-core-Condition-model:Condition">
      <path value="shr-core-DiagnosticImaging-model.procedureReasonReferenceShr-core-Condition-model"/>
      <sliceName value="Condition"/>
      <short value="A condition that is or may be present in a subject. &#39;Condition&#39; is interpreted broadly and could be a disorder, abnormality, problem, injury, complaint, functionality, illness, disease, ailment, sickness, affliction, upset, difficulty, disorder, symptom, worry, or trouble."/>
      <definition value="A condition that is or may be present in a subject. &#39;Condition&#39; is interpreted broadly and could be a disorder, abnormality, problem, injury, complaint, functionality, illness, disease, ailment, sickness, affliction, upset, difficulty, disorder, symptom, worry, or trouble.&#xA;The Observation-based class, ConditionAbsent, should be used to describe conditions that are not present or negative findings.&#xA;SHR Condition uses the SHR BodyLocation structure that includes not only a code, but optional laterality, direction, clock direction, and distance. If included, the distance is measured from the location specified by the code, laterality, and direction."/>
      <min value="1"/>
      <max value="1"/>
      <base>
        <path value="shr-core-DiagnosticImaging-model.procedureReasonReference[x]"/>
        <min value="0"/>
        <max value="1"/>
      </base>
      <type>
        <code value="Reference"/>
        <targetProfile value="http://hl7.org/fhir/us/shr/StructureDefinition/shr-core-Condition-model"/>
      </type>
      <mustSupport value="false"/>
      <isModifier value="false"/>
      <isSummary value="false"/>
    </element>
    <element id="shr-core-DiagnosticImaging-model.procedureReasonReferenceShr-core-Observation-model:Observation">
      <path value="shr-core-DiagnosticImaging-model.procedureReasonReferenceShr-core-Observation-model"/>
      <sliceName value="Observation"/>
      <short value="Represents the result of evaluations (measurements, tests, or questions) that have been performed."/>
      <definition value="Represents the result of evaluations (measurements, tests, or questions) that have been performed.&#xA;Observation has a value representing the result (answer), or an DataAbsentReason indicating why the value is not present. Things observed about the subject can include social and behavioral factors, subjective and objective observations, and assessments.&#xA;For an Observation, the Code describes the aspect or property of the subject being observed or measured. The Code is the &#39;question code&#39; that pairs to the &#39;answer&#39; contained in the Value."/>
      <min value="1"/>
      <max value="1"/>
      <base>
        <path value="shr-core-DiagnosticImaging-model.procedureReasonReference[x]"/>
        <min value="0"/>
        <max value="1"/>
      </base>
      <type>
        <code value="Reference"/>
        <targetProfile value="http://hl7.org/fhir/us/shr/StructureDefinition/shr-core-Observation-model"/>
      </type>
      <mustSupport value="false"/>
      <isModifier value="false"/>
      <isSummary value="false"/>
    </element>
    <element id="shr-core-DiagnosticImaging-model.procedureReasonReferenceShr-core-Procedure-model:Procedure">
      <path value="shr-core-DiagnosticImaging-model.procedureReasonReferenceShr-core-Procedure-model"/>
      <sliceName value="Procedure"/>
      <short value="An action that is or was performed on or for a patient. This can be a physical intervention like an operation, or less invasive like long term services, counseling, or hypnotherapy."/>
      <definition value="An action that is or was performed on or for a patient. This can be a physical intervention like an operation, or less invasive like long term services, counseling, or hypnotherapy."/>
      <min value="1"/>
      <max value="1"/>
      <base>
        <path value="shr-core-DiagnosticImaging-model.procedureReasonReference[x]"/>
        <min value="0"/>
        <max value="1"/>
      </base>
      <type>
        <code value="Reference"/>
        <targetProfile value="http://hl7.org/fhir/us/shr/StructureDefinition/shr-core-Procedure-model"/>
      </type>
      <mustSupport value="false"/>
      <isModifier value="false"/>
      <isSummary value="false"/>
    </element>
    <element id="shr-core-DiagnosticImaging-model.procedureReasonReferenceShr-core-DiagnosticReport-model:DiagnosticReport">
      <path value="shr-core-DiagnosticImaging-model.procedureReasonReferenceShr-core-DiagnosticReport-model"/>
      <sliceName value="DiagnosticReport"/>
      <short value="DiagnosticReport"/>
      <definition value="DiagnosticReport"/>
      <min value="1"/>
      <max value="1"/>
      <base>
        <path value="shr-core-DiagnosticImaging-model.procedureReasonReference[x]"/>
        <min value="0"/>
        <max value="1"/>
      </base>
      <type>
        <code value="Reference"/>
        <targetProfile value="http://hl7.org/fhir/us/shr/StructureDefinition/shr-core-DiagnosticReport-model"/>
      </type>
      <mustSupport value="false"/>
      <isModifier value="false"/>
      <isSummary value="false"/>
    </element>
    <element id="shr-core-DiagnosticImaging-model.procedureReasonReferenceShr-core-DocumentReference-model:DocumentReference">
      <path value="shr-core-DiagnosticImaging-model.procedureReasonReferenceShr-core-DocumentReference-model"/>
      <sliceName value="DocumentReference"/>
      <short value="A reference to a document, used to describe a document that is made available to a healthcare system. A document is some sequence of bytes that is identifiable, establishes its own context (e.g., what subject, author, etc. can be displayed to the user), and has defined update management. The DocumentReference resource can be used with any document format that has a recognized mime type and that conforms to this definition."/>
      <definition value="A reference to a document, used to describe a document that is made available to a healthcare system. A document is some sequence of bytes that is identifiable, establishes its own context (e.g., what subject, author, etc. can be displayed to the user), and has defined update management. The DocumentReference resource can be used with any document format that has a recognized mime type and that conforms to this definition."/>
      <min value="1"/>
      <max value="1"/>
      <base>
        <path value="shr-core-DiagnosticImaging-model.procedureReasonReference[x]"/>
        <min value="0"/>
        <max value="1"/>
      </base>
      <type>
        <code value="Reference"/>
        <targetProfile value="http://hl7.org/fhir/us/shr/StructureDefinition/shr-core-DocumentReference-model"/>
      </type>
      <mustSupport value="false"/>
      <isModifier value="false"/>
      <isSummary value="false"/>
    </element>
    <element id="shr-core-DiagnosticImaging-model.procedureBasedOn[x]">
      <path value="shr-core-DiagnosticImaging-model.procedureBasedOn[x]"/>
      <slicing>
        <discriminator>
          <type value="type"/>
          <path value="$this"/>
        </discriminator>
        <ordered value="false"/>
        <rules value="open"/>
      </slicing>
      <short value="A request for this procedure."/>
      <definition value="A request for this procedure."/>
      <min value="0"/>
      <max value="1"/>
      <base>
        <path value="shr-core-DiagnosticImaging-model.procedureBasedOn[x]"/>
        <min value="0"/>
        <max value="1"/>
      </base>
      <type>
        <code value="Reference"/>
        <targetProfile value="http://hl7.org/fhir/us/shr/StructureDefinition/shr-core-ProcedureRequest-model"/>
      </type>
      <type>
        <code value="Reference"/>
        <targetProfile value="http://hl7.org/fhir/us/shr/StructureDefinition/shr-core-ReferralRequest-model"/>
      </type>
      <type>
        <code value="Reference"/>
        <targetProfile value="http://hl7.org/fhir/us/shr/StructureDefinition/shr-core-ServiceRequest-model"/>
      </type>
      <mustSupport value="false"/>
      <isModifier value="false"/>
      <isSummary value="false"/>
    </element>
    <element id="shr-core-DiagnosticImaging-model.procedureBasedOnShr-core-ProcedureRequest-model:ProcedureRequest">
      <path value="shr-core-DiagnosticImaging-model.procedureBasedOnShr-core-ProcedureRequest-model"/>
      <sliceName value="ProcedureRequest"/>
      <short value="A request for a procedure to be performed. May be a proposal or an order."/>
      <definition value="A request for a procedure to be performed. May be a proposal or an order."/>
      <min value="1"/>
      <max value="1"/>
      <base>
        <path value="shr-core-DiagnosticImaging-model.procedureBasedOn[x]"/>
        <min value="0"/>
        <max value="1"/>
      </base>
      <type>
        <code value="Reference"/>
        <targetProfile value="http://hl7.org/fhir/us/shr/StructureDefinition/shr-core-ProcedureRequest-model"/>
      </type>
      <mustSupport value="false"/>
      <isModifier value="false"/>
      <isSummary value="false"/>
    </element>
    <element id="shr-core-DiagnosticImaging-model.procedureBasedOnShr-core-ReferralRequest-model:ReferralRequest">
      <path value="shr-core-DiagnosticImaging-model.procedureBasedOnShr-core-ReferralRequest-model"/>
      <sliceName value="ReferralRequest"/>
      <short value="Used to record and send details about a request for referral service or transfer of a patient to the care of another provider or provider organization."/>
      <definition value="Used to record and send details about a request for referral service or transfer of a patient to the care of another provider or provider organization."/>
      <min value="1"/>
      <max value="1"/>
      <base>
        <path value="shr-core-DiagnosticImaging-model.procedureBasedOn[x]"/>
        <min value="0"/>
        <max value="1"/>
      </base>
      <type>
        <code value="Reference"/>
        <targetProfile value="http://hl7.org/fhir/us/shr/StructureDefinition/shr-core-ReferralRequest-model"/>
      </type>
      <mustSupport value="false"/>
      <isModifier value="false"/>
      <isSummary value="false"/>
    </element>
    <element id="shr-core-DiagnosticImaging-model.procedureBasedOnShr-core-ServiceRequest-model:ServiceRequest">
      <path value="shr-core-DiagnosticImaging-model.procedureBasedOnShr-core-ServiceRequest-model"/>
      <sliceName value="ServiceRequest"/>
      <short value="A record of a request for service such as diagnostic investigations, treatments, or operations to be performed."/>
      <definition value="A record of a request for service such as diagnostic investigations, treatments, or operations to be performed."/>
      <min value="1"/>
      <max value="1"/>
      <base>
        <path value="shr-core-DiagnosticImaging-model.procedureBasedOn[x]"/>
        <min value="0"/>
        <max value="1"/>
      </base>
      <type>
        <code value="Reference"/>
        <targetProfile value="http://hl7.org/fhir/us/shr/StructureDefinition/shr-core-ServiceRequest-model"/>
      </type>
      <mustSupport value="false"/>
      <isModifier value="false"/>
      <isSummary value="false"/>
    </element>
    <element id="shr-core-DiagnosticImaging-model.occurrenceTimeOrPeriod[x]">
      <path value="shr-core-DiagnosticImaging-model.occurrenceTimeOrPeriod[x]"/>
      <short value="The point or period of time when the event takes place. Times can be precise (dateTime) or approximate (date). If a time period is used, and the start date or dateTime is missing, the start of the period is not known. If the end date or dateTime is missing, it means that the period is ongoing."/>
      <definition value="The point or period of time when the event takes place. Times can be precise (dateTime) or approximate (date). If a time period is used, and the start date or dateTime is missing, the start of the period is not known. If the end date or dateTime is missing, it means that the period is ongoing."/>
      <min value="1"/>
      <max value="1"/>
      <base>
        <path value="shr-core-DiagnosticImaging-model.occurrenceTimeOrPeriod[x]"/>
        <min value="1"/>
        <max value="1"/>
      </base>
      <type>
        <code value="date"/>
      </type>
      <type>
        <code value="dateTime"/>
      </type>
      <type>
        <code value="http://hl7.org/fhir/us/shr/StructureDefinition/shr-core-TimePeriod-model"/>
      </type>
      <mustSupport value="false"/>
      <isModifier value="false"/>
      <isSummary value="false"/>
    </element>
    <element id="shr-core-DiagnosticImaging-model.participation">
      <path value="shr-core-DiagnosticImaging-model.participation"/>
      <short value="Record of someone or something involvement in an activity or event."/>
      <definition value="Record of someone or something involvement in an activity or event."/>
      <min value="0"/>
      <max value="*"/>
      <base>
        <path value="shr-core-DiagnosticImaging-model.participation"/>
        <min value="0"/>
        <max value="*"/>
      </base>
      <type>
        <code value="BackboneElement"/>
      </type>
      <mustSupport value="false"/>
      <isModifier value="false"/>
      <isSummary value="false"/>
    </element>
    <element id="shr-core-DiagnosticImaging-model.participation.procedureParticipant[x]">
      <path value="shr-core-DiagnosticImaging-model.participation.procedureParticipant[x]"/>
      <short value="Constrains participants to classes that are accepted by FHIR as actors in procedures in STU 3."/>
      <definition value="Constrains participants to classes that are accepted by FHIR as actors in procedures in STU 3."/>
      <min value="0"/>
      <max value="1"/>
      <base>
        <path value="shr-core-DiagnosticImaging-model.participation.procedureParticipant[x]"/>
        <min value="0"/>
        <max value="1"/>
      </base>
      <type>
        <code value="Reference"/>
        <targetProfile value="http://hl7.org/fhir/us/shr/StructureDefinition/shr-core-Practitioner-model"/>
      </type>
      <type>
        <code value="Reference"/>
        <targetProfile value="http://hl7.org/fhir/us/shr/StructureDefinition/shr-core-Organization-model"/>
      </type>
      <type>
        <code value="Reference"/>
        <targetProfile value="http://hl7.org/fhir/us/shr/StructureDefinition/shr-core-Patient-model"/>
      </type>
      <type>
        <code value="Reference"/>
        <targetProfile value="http://hl7.org/fhir/us/shr/StructureDefinition/shr-core-RelatedPerson-model"/>
      </type>
      <type>
        <code value="Reference"/>
        <targetProfile value="http://hl7.org/fhir/us/shr/StructureDefinition/shr-core-Device-model"/>
      </type>
      <mustSupport value="false"/>
      <isModifier value="false"/>
      <isSummary value="false"/>
    </element>
    <element id="shr-core-DiagnosticImaging-model.participation.participationType">
      <path value="shr-core-DiagnosticImaging-model.participation.participationType"/>
      <code>
        <system value="http://ncimeta.nci.nih.gov"/>
        <code value="C1553854"/>
      </code>
      <short value="The role played by the participant engaged in the action, for example, as the attending physician, surgical assistant, etc."/>
      <definition value="The role played by the participant engaged in the action, for example, as the attending physician, surgical assistant, etc."/>
      <min value="0"/>
      <max value="1"/>
      <base>
        <path value="shr-core-DiagnosticImaging-model.participation.participationType"/>
        <min value="0"/>
        <max value="1"/>
      </base>
      <type>
        <code value="Coding"/>
      </type>
      <mustSupport value="false"/>
      <isModifier value="false"/>
      <isSummary value="false"/>
      <binding>
        <strength value="example"/>
        <valueSetReference>
          <reference value="http://hl7.org/fhir/ValueSet/performer-role"/>
        </valueSetReference>
      </binding>
    </element>
    <element id="shr-core-DiagnosticImaging-model.participation.participationPeriod">
      <path value="shr-core-DiagnosticImaging-model.participation.participationPeriod"/>
      <short value="The point in time or span of time the participant is involved."/>
      <definition value="The point in time or span of time the participant is involved."/>
      <min value="0"/>
      <max value="1"/>
      <base>
        <path value="shr-core-DiagnosticImaging-model.participation.participationPeriod"/>
        <min value="0"/>
        <max value="1"/>
      </base>
      <type>
        <code value="http://hl7.org/fhir/us/shr/StructureDefinition/shr-core-TimePeriod-model"/>
      </type>
      <mustSupport value="false"/>
      <isModifier value="false"/>
      <isSummary value="false"/>
    </element>
    <element id="shr-core-DiagnosticImaging-model.participation.onBehalfOf">
      <path value="shr-core-DiagnosticImaging-model.participation.onBehalfOf"/>
      <short value="The party represented by the actual participant."/>
      <definition value="The party represented by the actual participant."/>
      <min value="0"/>
      <max value="1"/>
      <base>
        <path value="shr-core-DiagnosticImaging-model.participation.onBehalfOf"/>
        <min value="0"/>
        <max value="1"/>
      </base>
      <type>
        <code value="Reference"/>
        <targetProfile value="http://hl7.org/fhir/us/shr/StructureDefinition/shr-core-Organization-model"/>
      </type>
      <mustSupport value="false"/>
      <isModifier value="false"/>
      <isSummary value="false"/>
    </element>
    <element id="shr-core-DiagnosticImaging-model.method">
      <path value="shr-core-DiagnosticImaging-model.method"/>
      <short value="The technique used to carry out an action, for example, the specific imaging technical or assessment vehicle."/>
      <definition value="The technique used to carry out an action, for example, the specific imaging technical or assessment vehicle."/>
      <min value="0"/>
      <max value="0"/>
      <base>
        <path value="shr-core-DiagnosticImaging-model.method"/>
        <min value="0"/>
        <max value="0"/>
      </base>
      <type>
        <code value="Coding"/>
      </type>
      <mustSupport value="false"/>
      <isModifier value="false"/>
      <isSummary value="false"/>
    </element>
    <element id="shr-core-DiagnosticImaging-model.code">
      <path value="shr-core-DiagnosticImaging-model.code"/>
      <short value="The main type identifier for a lab, procedure, condition, etc., usually drawn from a controlled vocabulary."/>
      <definition value="The main type identifier for a lab, procedure, condition, etc., usually drawn from a controlled vocabulary."/>
      <min value="1"/>
      <max value="1"/>
      <base>
        <path value="shr-core-DiagnosticImaging-model.code"/>
        <min value="1"/>
        <max value="1"/>
      </base>
      <type>
        <code value="Coding"/>
      </type>
      <mustSupport value="false"/>
      <isModifier value="false"/>
      <isSummary value="false"/>
      <binding>
        <strength value="required"/>
        <valueSetReference>
          <reference value="http://hl7.org/fhir/us/shrcore/shr/core/vs/DiagnosticImagingVS"/>
        </valueSetReference>
      </binding>
    </element>
    <element id="shr-core-DiagnosticImaging-model.bodyLocation">
      <path value="shr-core-DiagnosticImaging-model.bodyLocation"/>
      <short value="A location or structure in the body, including tissues, regions, cavities, and spaces; for example, right elbow, or left ventricle of the heart. Body location is a flexible structure that allows the location to be determined by a single code, or a code plus laterality and/or orientation. The body location can also be specified in relation to one or more body landmarks. SNOMED CT is used in all cases."/>
      <definition value="A location or structure in the body, including tissues, regions, cavities, and spaces; for example, right elbow, or left ventricle of the heart. Body location is a flexible structure that allows the location to be determined by a single code, or a code plus laterality and/or orientation. The body location can also be specified in relation to one or more body landmarks. SNOMED CT is used in all cases.&#xA;+ Code only: The code should include (precoordinate) laterality and/orientation to the degree necessary to completely specify the body location.&#xA;+ Code plus laterality and/or orientation: The basic code augmented by codes specifying the body side and/or anatomical orientation.&#xA;+ Relation to landmark: The location relative to a landmark is specified by:&#xA;- Establishing the location and type of landmark using a body site code and optional laterality/orientation, and&#xA;- Specifying the direction and distance from the landmark to the body location.&#xA;Note that BodyLocation is a data type, a reusable structure, not a stand-alone entity. The concept is similar to how a postal address can apply to a person, location, or organization. This contrasts with FHIR&#39;s stand-alone BodySite (aka BodyStructure in r4) which &#39;is not ... intended for describing the type of anatomical location but rather a specific body site on a specific patient&#39; (FHIR 3.5)."/>
      <min value="0"/>
      <max value="*"/>
      <base>
        <path value="shr-core-DiagnosticImaging-model.bodyLocation"/>
        <min value="0"/>
        <max value="*"/>
      </base>
      <type>
        <code value="http://hl7.org/fhir/us/shr/StructureDefinition/shr-core-BodyLocation-model"/>
      </type>
      <mustSupport value="false"/>
      <isModifier value="false"/>
      <isSummary value="false"/>
    </element>
    <element id="shr-core-DiagnosticImaging-model.procedurePartOf[x]">
      <path value="shr-core-DiagnosticImaging-model.procedurePartOf[x]"/>
      <slicing>
        <discriminator>
          <type value="type"/>
          <path value="$this"/>
        </discriminator>
        <ordered value="false"/>
        <rules value="open"/>
      </slicing>
      <short value="A larger event of which this particular procedure is a component or step."/>
      <definition value="A larger event of which this particular procedure is a component or step."/>
      <min value="0"/>
      <max value="1"/>
      <base>
        <path value="shr-core-DiagnosticImaging-model.procedurePartOf[x]"/>
        <min value="0"/>
        <max value="1"/>
      </base>
      <type>
        <code value="Reference"/>
        <targetProfile value="http://hl7.org/fhir/us/shr/StructureDefinition/shr-core-Procedure-model"/>
      </type>
      <type>
        <code value="Reference"/>
        <targetProfile value="http://hl7.org/fhir/us/shr/StructureDefinition/shr-core-MedicationAdministration-model"/>
      </type>
      <type>
        <code value="Reference"/>
        <targetProfile value="http://hl7.org/fhir/us/shr/StructureDefinition/shr-core-Observation-model"/>
      </type>
      <mustSupport value="false"/>
      <isModifier value="false"/>
      <isSummary value="false"/>
    </element>
    <element id="shr-core-DiagnosticImaging-model.procedurePartOfShr-core-Procedure-model:Procedure">
      <path value="shr-core-DiagnosticImaging-model.procedurePartOfShr-core-Procedure-model"/>
      <sliceName value="Procedure"/>
      <short value="An action that is or was performed on or for a patient. This can be a physical intervention like an operation, or less invasive like long term services, counseling, or hypnotherapy."/>
      <definition value="An action that is or was performed on or for a patient. This can be a physical intervention like an operation, or less invasive like long term services, counseling, or hypnotherapy."/>
      <min value="1"/>
      <max value="1"/>
      <base>
        <path value="shr-core-DiagnosticImaging-model.procedurePartOf[x]"/>
        <min value="0"/>
        <max value="1"/>
      </base>
      <type>
        <code value="Reference"/>
        <targetProfile value="http://hl7.org/fhir/us/shr/StructureDefinition/shr-core-Procedure-model"/>
      </type>
      <mustSupport value="false"/>
      <isModifier value="false"/>
      <isSummary value="false"/>
    </element>
    <element id="shr-core-DiagnosticImaging-model.procedurePartOfShr-core-MedicationAdministration-model:MedicationAdministration">
      <path value="shr-core-DiagnosticImaging-model.procedurePartOfShr-core-MedicationAdministration-model"/>
      <sliceName value="MedicationAdministration"/>
      <short value="A record of the use of a medication. If the medication is given as part of a course of treatment, the PartOf attribute should refer to the CourseOfTreatment."/>
      <definition value="A record of the use of a medication. If the medication is given as part of a course of treatment, the PartOf attribute should refer to the CourseOfTreatment.&#xA;Although FHIR MedicationAdministration supports date of administration, information source, performer, it lacks common provenance elements, statement creation date, author, and recorder. These are supported as optional extensions.&#xA;FHIR DSTU2 lacks a category attribute, which is provided as an extension in that version.&#xA;SHR does not allow the &#39;not given&#39; attributes from DSTU2 and STU3, since they are dropped in R4. The status element is used to document medications not given."/>
      <min value="1"/>
      <max value="1"/>
      <base>
        <path value="shr-core-DiagnosticImaging-model.procedurePartOf[x]"/>
        <min value="0"/>
        <max value="1"/>
      </base>
      <type>
        <code value="Reference"/>
        <targetProfile value="http://hl7.org/fhir/us/shr/StructureDefinition/shr-core-MedicationAdministration-model"/>
      </type>
      <mustSupport value="false"/>
      <isModifier value="false"/>
      <isSummary value="false"/>
    </element>
    <element id="shr-core-DiagnosticImaging-model.procedurePartOfShr-core-Observation-model:Observation">
      <path value="shr-core-DiagnosticImaging-model.procedurePartOfShr-core-Observation-model"/>
      <sliceName value="Observation"/>
      <short value="Represents the result of evaluations (measurements, tests, or questions) that have been performed."/>
      <definition value="Represents the result of evaluations (measurements, tests, or questions) that have been performed.&#xA;Observation has a value representing the result (answer), or an DataAbsentReason indicating why the value is not present. Things observed about the subject can include social and behavioral factors, subjective and objective observations, and assessments.&#xA;For an Observation, the Code describes the aspect or property of the subject being observed or measured. The Code is the &#39;question code&#39; that pairs to the &#39;answer&#39; contained in the Value."/>
      <min value="1"/>
      <max value="1"/>
      <base>
        <path value="shr-core-DiagnosticImaging-model.procedurePartOf[x]"/>
        <min value="0"/>
        <max value="1"/>
      </base>
      <type>
        <code value="Reference"/>
        <targetProfile value="http://hl7.org/fhir/us/shr/StructureDefinition/shr-core-Observation-model"/>
      </type>
      <mustSupport value="false"/>
      <isModifier value="false"/>
      <isSummary value="false"/>
    </element>
    <element id="shr-core-DiagnosticImaging-model.category">
      <path value="shr-core-DiagnosticImaging-model.category"/>
      <short value="The general type or class of this item."/>
      <definition value="The general type or class of this item."/>
      <min value="0"/>
      <max value="1"/>
      <base>
        <path value="shr-core-DiagnosticImaging-model.category"/>
        <min value="0"/>
        <max value="1"/>
      </base>
      <type>
        <code value="Coding"/>
      </type>
      <mustSupport value="false"/>
      <isModifier value="false"/>
      <isSummary value="false"/>
    </element>
    <element id="shr-core-DiagnosticImaging-model.annotation">
      <path value="shr-core-DiagnosticImaging-model.annotation"/>
      <short value="An added or follow-up note, often after the fact, that contains metadata about who made the statement and when."/>
      <definition value="An added or follow-up note, often after the fact, that contains metadata about who made the statement and when."/>
      <min value="0"/>
      <max value="*"/>
      <base>
        <path value="shr-core-DiagnosticImaging-model.annotation"/>
        <min value="0"/>
        <max value="*"/>
      </base>
      <type>
        <code value="http://hl7.org/fhir/us/shr/StructureDefinition/shr-core-Annotation-model"/>
      </type>
      <mustSupport value="false"/>
      <isModifier value="false"/>
      <isSummary value="false"/>
    </element>
    <element id="shr-core-DiagnosticImaging-model.treatmentIntent">
      <path value="shr-core-DiagnosticImaging-model.treatmentIntent"/>
      <code>
        <system value="http://snomed.info/sct"/>
        <code value="395077000"/>
        <display value="Treatment intent (situation)"/>
      </code>
      <short value="The purpose of a treatment."/>
      <definition value="The purpose of a treatment."/>
      <min value="0"/>
      <max value="1"/>
      <base>
        <path value="shr-core-DiagnosticImaging-model.treatmentIntent"/>
        <min value="0"/>
        <max value="1"/>
      </base>
      <type>
        <code value="Coding"/>
      </type>
      <mustSupport value="false"/>
      <isModifier value="false"/>
      <isSummary value="false"/>
      <binding>
        <strength value="required"/>
        <valueSetReference>
          <reference value="http://hl7.org/fhir/us/shrcore/shr/core/vs/TreatmentIntentVS"/>
        </valueSetReference>
      </binding>
    </element>
    <element id="shr-core-DiagnosticImaging-model.location">
      <path value="shr-core-DiagnosticImaging-model.location"/>
      <short value="Services and space and equipment provided for a particular purpose; a building or place that provides a particular service or is used for a particular industry. Could be a clinical site, community site, or a mobile facility."/>
      <definition value="Services and space and equipment provided for a particular purpose; a building or place that provides a particular service or is used for a particular industry. Could be a clinical site, community site, or a mobile facility."/>
      <min value="0"/>
      <max value="1"/>
      <base>
        <path value="shr-core-DiagnosticImaging-model.location"/>
        <min value="0"/>
        <max value="1"/>
      </base>
      <type>
        <code value="Reference"/>
        <targetProfile value="http://hl7.org/fhir/us/shr/StructureDefinition/shr-core-Location-model"/>
      </type>
      <mustSupport value="false"/>
      <isModifier value="false"/>
      <isSummary value="false"/>
    </element>
    <element id="shr-core-DiagnosticImaging-model.outcome">
      <path value="shr-core-DiagnosticImaging-model.outcome"/>
      <short value="The result of an event or performance of an action or behavior, for example, an adverse reaction or procedure."/>
      <definition value="The result of an event or performance of an action or behavior, for example, an adverse reaction or procedure."/>
      <min value="0"/>
      <max value="1"/>
      <base>
        <path value="shr-core-DiagnosticImaging-model.outcome"/>
        <min value="0"/>
        <max value="1"/>
      </base>
      <type>
        <code value="Coding"/>
      </type>
      <mustSupport value="false"/>
      <isModifier value="false"/>
      <isSummary value="false"/>
      <binding>
        <strength value="example"/>
        <valueSetReference>
          <reference value="http://hl7.org/fhir/ValueSet/procedure-outcome"/>
        </valueSetReference>
      </binding>
    </element>
    <element id="shr-core-DiagnosticImaging-model.diagnosticReport">
      <path value="shr-core-DiagnosticImaging-model.diagnosticReport"/>
      <short value="DiagnosticReport"/>
      <definition value="DiagnosticReport"/>
      <min value="0"/>
      <max value="*"/>
      <base>
        <path value="shr-core-DiagnosticImaging-model.diagnosticReport"/>
        <min value="0"/>
        <max value="*"/>
      </base>
      <type>
        <code value="Reference"/>
        <targetProfile value="http://hl7.org/fhir/us/shr/StructureDefinition/shr-core-DiagnosticReport-model"/>
      </type>
      <mustSupport value="false"/>
      <isModifier value="false"/>
      <isSummary value="false"/>
    </element>
    <element id="shr-core-DiagnosticImaging-model.materialUsed[x]">
      <path value="shr-core-DiagnosticImaging-model.materialUsed[x]"/>
      <short value="Items used during procedure"/>
      <definition value="Items used during procedure"/>
      <min value="0"/>
      <max value="*"/>
      <base>
        <path value="shr-core-DiagnosticImaging-model.materialUsed[x]"/>
        <min value="0"/>
        <max value="*"/>
      </base>
      <type>
        <code value="Reference"/>
        <targetProfile value="http://hl7.org/fhir/us/shr/StructureDefinition/shr-core-Device-model"/>
      </type>
      <type>
        <code value="Reference"/>
        <targetProfile value="http://hl7.org/fhir/us/shr/StructureDefinition/shr-core-Medication-model"/>
      </type>
      <type>
        <code value="Reference"/>
        <targetProfile value="http://hl7.org/fhir/us/shr/StructureDefinition/shr-core-Substance-model"/>
      </type>
      <mustSupport value="false"/>
      <isModifier value="false"/>
      <isSummary value="false"/>
    </element>
    <element id="shr-core-DiagnosticImaging-model.focalDevice">
      <path value="shr-core-DiagnosticImaging-model.focalDevice"/>
      <short value="A device that is implanted, removed or otherwise manipulated (e.g., calibration, battery replacement, fitting a prosthesis, attaching a wound-vac, etc.) as a focal portion of the Procedure."/>
      <definition value="A device that is implanted, removed or otherwise manipulated (e.g., calibration, battery replacement, fitting a prosthesis, attaching a wound-vac, etc.) as a focal portion of the Procedure."/>
      <min value="0"/>
      <max value="*"/>
      <base>
        <path value="shr-core-DiagnosticImaging-model.focalDevice"/>
        <min value="0"/>
        <max value="*"/>
      </base>
      <type>
        <code value="http://hl7.org/fhir/us/shr/StructureDefinition/shr-core-FocalDevice-model"/>
      </type>
      <mustSupport value="false"/>
      <isModifier value="false"/>
      <isSummary value="false"/>
    </element>
    <element id="shr-core-DiagnosticImaging-model.imagingSubstance">
      <path value="shr-core-DiagnosticImaging-model.imagingSubstance"/>
      <short value="Substance used for this imaging procedure such as a contrast agent."/>
      <definition value="Substance used for this imaging procedure such as a contrast agent."/>
      <min value="0"/>
      <max value="*"/>
      <base>
        <path value="shr-core-DiagnosticImaging-model.imagingSubstance"/>
        <min value="0"/>
        <max value="*"/>
      </base>
      <type>
        <code value="Coding"/>
      </type>
      <mustSupport value="false"/>
      <isModifier value="false"/>
      <isSummary value="false"/>
    </element>
  </snapshot>
  <differential>
    <element id="shr-core-DiagnosticImaging-model">
      <path value="shr-core-DiagnosticImaging-model"/>
      <definition value="Diagnostic imaging procedure performed."/>
      <min value="0"/>
      <max value="*"/>
      <base>
        <path value="shr-core-DiagnosticImaging-model"/>
        <min value="0"/>
        <max value="*"/>
      </base>
      <mustSupport value="false"/>
      <isModifier value="false"/>
      <isSummary value="false"/>
    </element>
    <element id="shr-core-DiagnosticImaging-model.metadata">
      <path value="shr-core-DiagnosticImaging-model.metadata"/>
      <short value="Elements that belong to all information items."/>
      <definition value="Elements that belong to all information items."/>
      <min value="0"/>
      <max value="1"/>
      <base>
        <path value="shr-core-DiagnosticImaging-model.metadata"/>
        <min value="0"/>
        <max value="1"/>
      </base>
      <type>
        <code value="http://hl7.org/fhir/us/shr/StructureDefinition/shr-core-Metadata-model"/>
      </type>
      <mustSupport value="false"/>
      <isModifier value="false"/>
      <isSummary value="false"/>
    </element>
    <element id="shr-core-DiagnosticImaging-model.language">
      <path value="shr-core-DiagnosticImaging-model.language"/>
      <short value="A human language, spoken or written."/>
      <definition value="A human language, spoken or written."/>
      <min value="0"/>
      <max value="1"/>
      <base>
        <path value="shr-core-DiagnosticImaging-model.language"/>
        <min value="0"/>
        <max value="1"/>
      </base>
      <type>
        <code value="Coding"/>
      </type>
      <mustSupport value="false"/>
      <isModifier value="false"/>
      <isSummary value="false"/>
    </element>
    <element id="shr-core-DiagnosticImaging-model.implicitRules">
      <path value="shr-core-DiagnosticImaging-model.implicitRules"/>
      <short value="A set of rules under which this content was created"/>
      <definition value="A set of rules under which this content was created"/>
      <min value="0"/>
      <max value="1"/>
      <base>
        <path value="shr-core-DiagnosticImaging-model.implicitRules"/>
        <min value="0"/>
        <max value="1"/>
      </base>
      <type>
        <code value="uri"/>
      </type>
      <mustSupport value="false"/>
      <isModifier value="false"/>
      <isSummary value="false"/>
    </element>
    <element id="shr-core-DiagnosticImaging-model.narrative">
      <path value="shr-core-DiagnosticImaging-model.narrative"/>
      <short value="A human-readable narrative, potentially including images, that contains a summary of the resource, and may be used to represent the content of the resource to a human."/>
      <definition value="A human-readable narrative, potentially including images, that contains a summary of the resource, and may be used to represent the content of the resource to a human."/>
      <min value="0"/>
      <max value="1"/>
      <base>
        <path value="shr-core-DiagnosticImaging-model.narrative"/>
        <min value="0"/>
        <max value="1"/>
      </base>
      <type>
        <code value="http://hl7.org/fhir/us/shr/StructureDefinition/shr-core-Narrative-model"/>
      </type>
      <mustSupport value="false"/>
      <isModifier value="false"/>
      <isSummary value="false"/>
    </element>
    <element id="shr-core-DiagnosticImaging-model.status">
      <path value="shr-core-DiagnosticImaging-model.status"/>
      <short value="A state that relates to the workflow or interpretation of this resource. Certain status values can modify the meaning of the resource, for example, entered-in-error. When a boolean value is used, Status of true indicates the record is active, false means inactive."/>
      <definition value="A state that relates to the workflow or interpretation of this resource. Certain status values can modify the meaning of the resource, for example, entered-in-error. When a boolean value is used, Status of true indicates the record is active, false means inactive."/>
      <min value="1"/>
      <max value="1"/>
      <base>
        <path value="shr-core-DiagnosticImaging-model.status"/>
        <min value="1"/>
        <max value="1"/>
      </base>
      <type>
        <code value="Coding"/>
      </type>
      <mustSupport value="false"/>
      <isModifier value="false"/>
      <isSummary value="false"/>
    </element>
    <element id="shr-core-DiagnosticImaging-model.statusReason">
      <path value="shr-core-DiagnosticImaging-model.statusReason"/>
      <short value="Captures the reason for the current state of the procedure."/>
      <definition value="Captures the reason for the current state of the procedure."/>
      <min value="0"/>
      <max value="1"/>
      <base>
        <path value="shr-core-DiagnosticImaging-model.statusReason"/>
        <min value="0"/>
        <max value="1"/>
      </base>
      <type>
        <code value="Coding"/>
      </type>
      <mustSupport value="false"/>
      <isModifier value="false"/>
      <isSummary value="false"/>
    </element>
    <element id="shr-core-DiagnosticImaging-model.identifier">
      <path value="shr-core-DiagnosticImaging-model.identifier"/>
      <short value="Business identifier or external id for this resource."/>
      <definition value="Business identifier or external id for this resource."/>
      <min value="0"/>
      <max value="*"/>
      <base>
        <path value="shr-core-DiagnosticImaging-model.identifier"/>
        <min value="0"/>
        <max value="*"/>
      </base>
      <type>
        <code value="http://hl7.org/fhir/us/shr/StructureDefinition/shr-core-Identifier-model"/>
      </type>
      <mustSupport value="false"/>
      <isModifier value="false"/>
      <isSummary value="false"/>
    </element>
    <element id="shr-core-DiagnosticImaging-model.subjectOfRecord">
      <path value="shr-core-DiagnosticImaging-model.subjectOfRecord"/>
      <code>
        <system value="http://ncimeta.nci.nih.gov"/>
        <code value="C1299487"/>
      </code>
      <short value="The subject of a clinical statement, often called the Patient or the Subject. The SubjectOfRecord typically identifies the clinical record in which this statement is contained. If the statement should be in John Doe&#39;s patient record, then John Doe is the subject of record. When there is no patient, the SubjectOfRecord can also be a location, group, or other entity that statement pertains to. For example, observations concerning a hospital ward would have a Location as the SubjectOfRecord."/>
      <definition value="The subject of a clinical statement, often called the Patient or the Subject. The SubjectOfRecord typically identifies the clinical record in which this statement is contained. If the statement should be in John Doe&#39;s patient record, then John Doe is the subject of record. When there is no patient, the SubjectOfRecord can also be a location, group, or other entity that statement pertains to. For example, observations concerning a hospital ward would have a Location as the SubjectOfRecord.&#xA;&#xA;Note that the word &#39;Subject&#39; is used here in the sense of a person or entity subjected to observations or actions, not subject as in a conceptual topic, like heart disease."/>
      <min value="1"/>
      <max value="1"/>
      <base>
        <path value="shr-core-DiagnosticImaging-model.subjectOfRecord"/>
        <min value="1"/>
        <max value="1"/>
      </base>
      <type>
        <code value="Reference"/>
        <targetProfile value="http://hl7.org/fhir/us/shr/StructureDefinition/shr-core-Patient-model"/>
      </type>
      <mustSupport value="false"/>
      <isModifier value="false"/>
      <isSummary value="false"/>
    </element>
    <element id="shr-core-DiagnosticImaging-model.careContext[x]">
      <path value="shr-core-DiagnosticImaging-model.careContext[x]"/>
      <short value="The encounter or episode of care"/>
      <definition value="The encounter or episode of care"/>
      <min value="0"/>
      <max value="1"/>
      <base>
        <path value="shr-core-DiagnosticImaging-model.careContext[x]"/>
        <min value="0"/>
        <max value="1"/>
      </base>
      <type>
        <code value="Reference"/>
        <targetProfile value="http://hl7.org/fhir/us/shr/StructureDefinition/shr-core-Encounter-model"/>
      </type>
      <type>
        <code value="Reference"/>
        <targetProfile value="http://hl7.org/fhir/us/shr/StructureDefinition/shr-core-EpisodeOfCare-model"/>
      </type>
      <mustSupport value="false"/>
      <isModifier value="false"/>
      <isSummary value="false"/>
    </element>
    <element id="shr-core-DiagnosticImaging-model.statementDateTime">
      <path value="shr-core-DiagnosticImaging-model.statementDateTime"/>
      <code>
        <system value="http://ncimeta.nci.nih.gov"/>
        <code value="C3669169"/>
      </code>
      <short value="The point in time when the statement was created."/>
      <definition value="The point in time when the statement was created."/>
      <min value="0"/>
      <max value="1"/>
      <base>
        <path value="shr-core-DiagnosticImaging-model.statementDateTime"/>
        <min value="0"/>
        <max value="1"/>
      </base>
      <type>
        <code value="dateTime"/>
      </type>
      <mustSupport value="false"/>
      <isModifier value="false"/>
      <isSummary value="false"/>
    </element>
    <element id="shr-core-DiagnosticImaging-model.reasonCode">
      <path value="shr-core-DiagnosticImaging-model.reasonCode"/>
      <code>
        <system value="http://ncimeta.nci.nih.gov"/>
        <code value="C0566251"/>
      </code>
      <short value="The explanation or justification for the current item or action, as a code."/>
      <definition value="The explanation or justification for the current item or action, as a code.&#xA;Reason is a string or CodeableConcept in DSTU2 but in later versions only a CodeableConcept."/>
      <min value="0"/>
      <max value="1"/>
      <base>
        <path value="shr-core-DiagnosticImaging-model.reasonCode"/>
        <min value="0"/>
        <max value="1"/>
      </base>
      <type>
        <code value="Coding"/>
      </type>
      <mustSupport value="false"/>
      <isModifier value="false"/>
      <isSummary value="false"/>
    </element>
    <element id="shr-core-DiagnosticImaging-model.procedureReasonReference[x]">
      <path value="shr-core-DiagnosticImaging-model.procedureReasonReference[x]"/>
      <slicing>
        <discriminator>
          <type value="type"/>
          <path value="$this"/>
        </discriminator>
        <ordered value="false"/>
        <rules value="open"/>
      </slicing>
      <short value="The justification that the procedure was performed."/>
      <definition value="The justification that the procedure was performed."/>
      <min value="0"/>
      <max value="1"/>
      <base>
        <path value="shr-core-DiagnosticImaging-model.procedureReasonReference[x]"/>
        <min value="0"/>
        <max value="1"/>
      </base>
      <type>
        <code value="Reference"/>
        <targetProfile value="http://hl7.org/fhir/us/shr/StructureDefinition/shr-core-Condition-model"/>
      </type>
      <type>
        <code value="Reference"/>
        <targetProfile value="http://hl7.org/fhir/us/shr/StructureDefinition/shr-core-Observation-model"/>
      </type>
      <type>
        <code value="Reference"/>
        <targetProfile value="http://hl7.org/fhir/us/shr/StructureDefinition/shr-core-Procedure-model"/>
      </type>
      <type>
        <code value="Reference"/>
        <targetProfile value="http://hl7.org/fhir/us/shr/StructureDefinition/shr-core-DiagnosticReport-model"/>
      </type>
      <type>
        <code value="Reference"/>
        <targetProfile value="http://hl7.org/fhir/us/shr/StructureDefinition/shr-core-DocumentReference-model"/>
      </type>
      <mustSupport value="false"/>
      <isModifier value="false"/>
      <isSummary value="false"/>
    </element>
    <element id="shr-core-DiagnosticImaging-model.procedureReasonReferenceShr-core-Condition-model:Condition">
      <path value="shr-core-DiagnosticImaging-model.procedureReasonReferenceShr-core-Condition-model"/>
      <sliceName value="Condition"/>
      <short value="A condition that is or may be present in a subject. &#39;Condition&#39; is interpreted broadly and could be a disorder, abnormality, problem, injury, complaint, functionality, illness, disease, ailment, sickness, affliction, upset, difficulty, disorder, symptom, worry, or trouble."/>
      <definition value="A condition that is or may be present in a subject. &#39;Condition&#39; is interpreted broadly and could be a disorder, abnormality, problem, injury, complaint, functionality, illness, disease, ailment, sickness, affliction, upset, difficulty, disorder, symptom, worry, or trouble.&#xA;The Observation-based class, ConditionAbsent, should be used to describe conditions that are not present or negative findings.&#xA;SHR Condition uses the SHR BodyLocation structure that includes not only a code, but optional laterality, direction, clock direction, and distance. If included, the distance is measured from the location specified by the code, laterality, and direction."/>
      <min value="1"/>
      <max value="1"/>
      <base>
        <path value="shr-core-DiagnosticImaging-model.procedureReasonReference[x]"/>
        <min value="0"/>
        <max value="1"/>
      </base>
      <type>
        <code value="Reference"/>
        <targetProfile value="http://hl7.org/fhir/us/shr/StructureDefinition/shr-core-Condition-model"/>
      </type>
      <mustSupport value="false"/>
      <isModifier value="false"/>
      <isSummary value="false"/>
    </element>
    <element id="shr-core-DiagnosticImaging-model.procedureReasonReferenceShr-core-Observation-model:Observation">
      <path value="shr-core-DiagnosticImaging-model.procedureReasonReferenceShr-core-Observation-model"/>
      <sliceName value="Observation"/>
      <short value="Represents the result of evaluations (measurements, tests, or questions) that have been performed."/>
      <definition value="Represents the result of evaluations (measurements, tests, or questions) that have been performed.&#xA;Observation has a value representing the result (answer), or an DataAbsentReason indicating why the value is not present. Things observed about the subject can include social and behavioral factors, subjective and objective observations, and assessments.&#xA;For an Observation, the Code describes the aspect or property of the subject being observed or measured. The Code is the &#39;question code&#39; that pairs to the &#39;answer&#39; contained in the Value."/>
      <min value="1"/>
      <max value="1"/>
      <base>
        <path value="shr-core-DiagnosticImaging-model.procedureReasonReference[x]"/>
        <min value="0"/>
        <max value="1"/>
      </base>
      <type>
        <code value="Reference"/>
        <targetProfile value="http://hl7.org/fhir/us/shr/StructureDefinition/shr-core-Observation-model"/>
      </type>
      <mustSupport value="false"/>
      <isModifier value="false"/>
      <isSummary value="false"/>
    </element>
    <element id="shr-core-DiagnosticImaging-model.procedureReasonReferenceShr-core-Procedure-model:Procedure">
      <path value="shr-core-DiagnosticImaging-model.procedureReasonReferenceShr-core-Procedure-model"/>
      <sliceName value="Procedure"/>
      <short value="An action that is or was performed on or for a patient. This can be a physical intervention like an operation, or less invasive like long term services, counseling, or hypnotherapy."/>
      <definition value="An action that is or was performed on or for a patient. This can be a physical intervention like an operation, or less invasive like long term services, counseling, or hypnotherapy."/>
      <min value="1"/>
      <max value="1"/>
      <base>
        <path value="shr-core-DiagnosticImaging-model.procedureReasonReference[x]"/>
        <min value="0"/>
        <max value="1"/>
      </base>
      <type>
        <code value="Reference"/>
        <targetProfile value="http://hl7.org/fhir/us/shr/StructureDefinition/shr-core-Procedure-model"/>
      </type>
      <mustSupport value="false"/>
      <isModifier value="false"/>
      <isSummary value="false"/>
    </element>
    <element id="shr-core-DiagnosticImaging-model.procedureReasonReferenceShr-core-DiagnosticReport-model:DiagnosticReport">
      <path value="shr-core-DiagnosticImaging-model.procedureReasonReferenceShr-core-DiagnosticReport-model"/>
      <sliceName value="DiagnosticReport"/>
      <short value="DiagnosticReport"/>
      <definition value="DiagnosticReport"/>
      <min value="1"/>
      <max value="1"/>
      <base>
        <path value="shr-core-DiagnosticImaging-model.procedureReasonReference[x]"/>
        <min value="0"/>
        <max value="1"/>
      </base>
      <type>
        <code value="Reference"/>
        <targetProfile value="http://hl7.org/fhir/us/shr/StructureDefinition/shr-core-DiagnosticReport-model"/>
      </type>
      <mustSupport value="false"/>
      <isModifier value="false"/>
      <isSummary value="false"/>
    </element>
    <element id="shr-core-DiagnosticImaging-model.procedureReasonReferenceShr-core-DocumentReference-model:DocumentReference">
      <path value="shr-core-DiagnosticImaging-model.procedureReasonReferenceShr-core-DocumentReference-model"/>
      <sliceName value="DocumentReference"/>
      <short value="A reference to a document, used to describe a document that is made available to a healthcare system. A document is some sequence of bytes that is identifiable, establishes its own context (e.g., what subject, author, etc. can be displayed to the user), and has defined update management. The DocumentReference resource can be used with any document format that has a recognized mime type and that conforms to this definition."/>
      <definition value="A reference to a document, used to describe a document that is made available to a healthcare system. A document is some sequence of bytes that is identifiable, establishes its own context (e.g., what subject, author, etc. can be displayed to the user), and has defined update management. The DocumentReference resource can be used with any document format that has a recognized mime type and that conforms to this definition."/>
      <min value="1"/>
      <max value="1"/>
      <base>
        <path value="shr-core-DiagnosticImaging-model.procedureReasonReference[x]"/>
        <min value="0"/>
        <max value="1"/>
      </base>
      <type>
        <code value="Reference"/>
        <targetProfile value="http://hl7.org/fhir/us/shr/StructureDefinition/shr-core-DocumentReference-model"/>
      </type>
      <mustSupport value="false"/>
      <isModifier value="false"/>
      <isSummary value="false"/>
    </element>
    <element id="shr-core-DiagnosticImaging-model.procedureBasedOn[x]">
      <path value="shr-core-DiagnosticImaging-model.procedureBasedOn[x]"/>
      <slicing>
        <discriminator>
          <type value="type"/>
          <path value="$this"/>
        </discriminator>
        <ordered value="false"/>
        <rules value="open"/>
      </slicing>
      <short value="A request for this procedure."/>
      <definition value="A request for this procedure."/>
      <min value="0"/>
      <max value="1"/>
      <base>
        <path value="shr-core-DiagnosticImaging-model.procedureBasedOn[x]"/>
        <min value="0"/>
        <max value="1"/>
      </base>
      <type>
        <code value="Reference"/>
        <targetProfile value="http://hl7.org/fhir/us/shr/StructureDefinition/shr-core-ProcedureRequest-model"/>
      </type>
      <type>
        <code value="Reference"/>
        <targetProfile value="http://hl7.org/fhir/us/shr/StructureDefinition/shr-core-ReferralRequest-model"/>
      </type>
      <type>
        <code value="Reference"/>
        <targetProfile value="http://hl7.org/fhir/us/shr/StructureDefinition/shr-core-ServiceRequest-model"/>
      </type>
      <mustSupport value="false"/>
      <isModifier value="false"/>
      <isSummary value="false"/>
    </element>
    <element id="shr-core-DiagnosticImaging-model.procedureBasedOnShr-core-ProcedureRequest-model:ProcedureRequest">
      <path value="shr-core-DiagnosticImaging-model.procedureBasedOnShr-core-ProcedureRequest-model"/>
      <sliceName value="ProcedureRequest"/>
      <short value="A request for a procedure to be performed. May be a proposal or an order."/>
      <definition value="A request for a procedure to be performed. May be a proposal or an order."/>
      <min value="1"/>
      <max value="1"/>
      <base>
        <path value="shr-core-DiagnosticImaging-model.procedureBasedOn[x]"/>
        <min value="0"/>
        <max value="1"/>
      </base>
      <type>
        <code value="Reference"/>
        <targetProfile value="http://hl7.org/fhir/us/shr/StructureDefinition/shr-core-ProcedureRequest-model"/>
      </type>
      <mustSupport value="false"/>
      <isModifier value="false"/>
      <isSummary value="false"/>
    </element>
    <element id="shr-core-DiagnosticImaging-model.procedureBasedOnShr-core-ReferralRequest-model:ReferralRequest">
      <path value="shr-core-DiagnosticImaging-model.procedureBasedOnShr-core-ReferralRequest-model"/>
      <sliceName value="ReferralRequest"/>
      <short value="Used to record and send details about a request for referral service or transfer of a patient to the care of another provider or provider organization."/>
      <definition value="Used to record and send details about a request for referral service or transfer of a patient to the care of another provider or provider organization."/>
      <min value="1"/>
      <max value="1"/>
      <base>
        <path value="shr-core-DiagnosticImaging-model.procedureBasedOn[x]"/>
        <min value="0"/>
        <max value="1"/>
      </base>
      <type>
        <code value="Reference"/>
        <targetProfile value="http://hl7.org/fhir/us/shr/StructureDefinition/shr-core-ReferralRequest-model"/>
      </type>
      <mustSupport value="false"/>
      <isModifier value="false"/>
      <isSummary value="false"/>
    </element>
    <element id="shr-core-DiagnosticImaging-model.procedureBasedOnShr-core-ServiceRequest-model:ServiceRequest">
      <path value="shr-core-DiagnosticImaging-model.procedureBasedOnShr-core-ServiceRequest-model"/>
      <sliceName value="ServiceRequest"/>
      <short value="A record of a request for service such as diagnostic investigations, treatments, or operations to be performed."/>
      <definition value="A record of a request for service such as diagnostic investigations, treatments, or operations to be performed."/>
      <min value="1"/>
      <max value="1"/>
      <base>
        <path value="shr-core-DiagnosticImaging-model.procedureBasedOn[x]"/>
        <min value="0"/>
        <max value="1"/>
      </base>
      <type>
        <code value="Reference"/>
        <targetProfile value="http://hl7.org/fhir/us/shr/StructureDefinition/shr-core-ServiceRequest-model"/>
      </type>
      <mustSupport value="false"/>
      <isModifier value="false"/>
      <isSummary value="false"/>
    </element>
    <element id="shr-core-DiagnosticImaging-model.occurrenceTimeOrPeriod[x]">
      <path value="shr-core-DiagnosticImaging-model.occurrenceTimeOrPeriod[x]"/>
      <short value="The point or period of time when the event takes place. Times can be precise (dateTime) or approximate (date). If a time period is used, and the start date or dateTime is missing, the start of the period is not known. If the end date or dateTime is missing, it means that the period is ongoing."/>
      <definition value="The point or period of time when the event takes place. Times can be precise (dateTime) or approximate (date). If a time period is used, and the start date or dateTime is missing, the start of the period is not known. If the end date or dateTime is missing, it means that the period is ongoing."/>
      <min value="1"/>
      <max value="1"/>
      <base>
        <path value="shr-core-DiagnosticImaging-model.occurrenceTimeOrPeriod[x]"/>
        <min value="1"/>
        <max value="1"/>
      </base>
      <type>
        <code value="date"/>
      </type>
      <type>
        <code value="dateTime"/>
      </type>
      <type>
        <code value="http://hl7.org/fhir/us/shr/StructureDefinition/shr-core-TimePeriod-model"/>
      </type>
      <mustSupport value="false"/>
      <isModifier value="false"/>
      <isSummary value="false"/>
    </element>
    <element id="shr-core-DiagnosticImaging-model.participation">
      <path value="shr-core-DiagnosticImaging-model.participation"/>
      <short value="Record of someone or something involvement in an activity or event."/>
      <definition value="Record of someone or something involvement in an activity or event."/>
      <min value="0"/>
      <max value="*"/>
      <base>
        <path value="shr-core-DiagnosticImaging-model.participation"/>
        <min value="0"/>
        <max value="*"/>
      </base>
      <type>
        <code value="BackboneElement"/>
      </type>
      <mustSupport value="false"/>
      <isModifier value="false"/>
      <isSummary value="false"/>
    </element>
    <element id="shr-core-DiagnosticImaging-model.participation.procedureParticipant[x]">
      <path value="shr-core-DiagnosticImaging-model.participation.procedureParticipant[x]"/>
      <short value="Constrains participants to classes that are accepted by FHIR as actors in procedures in STU 3."/>
      <definition value="Constrains participants to classes that are accepted by FHIR as actors in procedures in STU 3."/>
      <min value="0"/>
      <max value="1"/>
      <base>
        <path value="shr-core-DiagnosticImaging-model.participation.procedureParticipant[x]"/>
        <min value="0"/>
        <max value="1"/>
      </base>
      <type>
        <code value="Reference"/>
        <targetProfile value="http://hl7.org/fhir/us/shr/StructureDefinition/shr-core-Practitioner-model"/>
      </type>
      <type>
        <code value="Reference"/>
        <targetProfile value="http://hl7.org/fhir/us/shr/StructureDefinition/shr-core-Organization-model"/>
      </type>
      <type>
        <code value="Reference"/>
        <targetProfile value="http://hl7.org/fhir/us/shr/StructureDefinition/shr-core-Patient-model"/>
      </type>
      <type>
        <code value="Reference"/>
        <targetProfile value="http://hl7.org/fhir/us/shr/StructureDefinition/shr-core-RelatedPerson-model"/>
      </type>
      <type>
        <code value="Reference"/>
        <targetProfile value="http://hl7.org/fhir/us/shr/StructureDefinition/shr-core-Device-model"/>
      </type>
      <mustSupport value="false"/>
      <isModifier value="false"/>
      <isSummary value="false"/>
    </element>
    <element id="shr-core-DiagnosticImaging-model.participation.participationType">
      <path value="shr-core-DiagnosticImaging-model.participation.participationType"/>
      <code>
        <system value="http://ncimeta.nci.nih.gov"/>
        <code value="C1553854"/>
      </code>
      <short value="The role played by the participant engaged in the action, for example, as the attending physician, surgical assistant, etc."/>
      <definition value="The role played by the participant engaged in the action, for example, as the attending physician, surgical assistant, etc."/>
      <min value="0"/>
      <max value="1"/>
      <base>
        <path value="shr-core-DiagnosticImaging-model.participation.participationType"/>
        <min value="0"/>
        <max value="1"/>
      </base>
      <type>
        <code value="Coding"/>
      </type>
      <mustSupport value="false"/>
      <isModifier value="false"/>
      <isSummary value="false"/>
      <binding>
        <strength value="example"/>
        <valueSetReference>
          <reference value="http://hl7.org/fhir/ValueSet/performer-role"/>
        </valueSetReference>
      </binding>
    </element>
    <element id="shr-core-DiagnosticImaging-model.participation.participationPeriod">
      <path value="shr-core-DiagnosticImaging-model.participation.participationPeriod"/>
      <short value="The point in time or span of time the participant is involved."/>
      <definition value="The point in time or span of time the participant is involved."/>
      <min value="0"/>
      <max value="1"/>
      <base>
        <path value="shr-core-DiagnosticImaging-model.participation.participationPeriod"/>
        <min value="0"/>
        <max value="1"/>
      </base>
      <type>
        <code value="http://hl7.org/fhir/us/shr/StructureDefinition/shr-core-TimePeriod-model"/>
      </type>
      <mustSupport value="false"/>
      <isModifier value="false"/>
      <isSummary value="false"/>
    </element>
    <element id="shr-core-DiagnosticImaging-model.participation.onBehalfOf">
      <path value="shr-core-DiagnosticImaging-model.participation.onBehalfOf"/>
      <short value="The party represented by the actual participant."/>
      <definition value="The party represented by the actual participant."/>
      <min value="0"/>
      <max value="1"/>
      <base>
        <path value="shr-core-DiagnosticImaging-model.participation.onBehalfOf"/>
        <min value="0"/>
        <max value="1"/>
      </base>
      <type>
        <code value="Reference"/>
        <targetProfile value="http://hl7.org/fhir/us/shr/StructureDefinition/shr-core-Organization-model"/>
      </type>
      <mustSupport value="false"/>
      <isModifier value="false"/>
      <isSummary value="false"/>
    </element>
    <element id="shr-core-DiagnosticImaging-model.method">
      <path value="shr-core-DiagnosticImaging-model.method"/>
      <short value="The technique used to carry out an action, for example, the specific imaging technical or assessment vehicle."/>
      <definition value="The technique used to carry out an action, for example, the specific imaging technical or assessment vehicle."/>
      <min value="0"/>
      <max value="0"/>
      <base>
        <path value="shr-core-DiagnosticImaging-model.method"/>
        <min value="0"/>
        <max value="0"/>
      </base>
      <type>
        <code value="Coding"/>
      </type>
      <mustSupport value="false"/>
      <isModifier value="false"/>
      <isSummary value="false"/>
    </element>
    <element id="shr-core-DiagnosticImaging-model.code">
      <path value="shr-core-DiagnosticImaging-model.code"/>
      <short value="The main type identifier for a lab, procedure, condition, etc., usually drawn from a controlled vocabulary."/>
      <definition value="The main type identifier for a lab, procedure, condition, etc., usually drawn from a controlled vocabulary."/>
      <min value="1"/>
      <max value="1"/>
      <base>
        <path value="shr-core-DiagnosticImaging-model.code"/>
        <min value="1"/>
        <max value="1"/>
      </base>
      <type>
        <code value="Coding"/>
      </type>
      <mustSupport value="false"/>
      <isModifier value="false"/>
      <isSummary value="false"/>
      <binding>
        <strength value="required"/>
        <valueSetReference>
          <reference value="http://hl7.org/fhir/us/shrcore/shr/core/vs/DiagnosticImagingVS"/>
        </valueSetReference>
      </binding>
    </element>
    <element id="shr-core-DiagnosticImaging-model.bodyLocation">
      <path value="shr-core-DiagnosticImaging-model.bodyLocation"/>
      <short value="A location or structure in the body, including tissues, regions, cavities, and spaces; for example, right elbow, or left ventricle of the heart. Body location is a flexible structure that allows the location to be determined by a single code, or a code plus laterality and/or orientation. The body location can also be specified in relation to one or more body landmarks. SNOMED CT is used in all cases."/>
      <definition value="A location or structure in the body, including tissues, regions, cavities, and spaces; for example, right elbow, or left ventricle of the heart. Body location is a flexible structure that allows the location to be determined by a single code, or a code plus laterality and/or orientation. The body location can also be specified in relation to one or more body landmarks. SNOMED CT is used in all cases.&#xA;+ Code only: The code should include (precoordinate) laterality and/orientation to the degree necessary to completely specify the body location.&#xA;+ Code plus laterality and/or orientation: The basic code augmented by codes specifying the body side and/or anatomical orientation.&#xA;+ Relation to landmark: The location relative to a landmark is specified by:&#xA;- Establishing the location and type of landmark using a body site code and optional laterality/orientation, and&#xA;- Specifying the direction and distance from the landmark to the body location.&#xA;Note that BodyLocation is a data type, a reusable structure, not a stand-alone entity. The concept is similar to how a postal address can apply to a person, location, or organization. This contrasts with FHIR&#39;s stand-alone BodySite (aka BodyStructure in r4) which &#39;is not ... intended for describing the type of anatomical location but rather a specific body site on a specific patient&#39; (FHIR 3.5)."/>
      <min value="0"/>
      <max value="*"/>
      <base>
        <path value="shr-core-DiagnosticImaging-model.bodyLocation"/>
        <min value="0"/>
        <max value="*"/>
      </base>
      <type>
        <code value="http://hl7.org/fhir/us/shr/StructureDefinition/shr-core-BodyLocation-model"/>
      </type>
      <mustSupport value="false"/>
      <isModifier value="false"/>
      <isSummary value="false"/>
    </element>
    <element id="shr-core-DiagnosticImaging-model.procedurePartOf[x]">
      <path value="shr-core-DiagnosticImaging-model.procedurePartOf[x]"/>
      <slicing>
        <discriminator>
          <type value="type"/>
          <path value="$this"/>
        </discriminator>
        <ordered value="false"/>
        <rules value="open"/>
      </slicing>
      <short value="A larger event of which this particular procedure is a component or step."/>
      <definition value="A larger event of which this particular procedure is a component or step."/>
      <min value="0"/>
      <max value="1"/>
      <base>
        <path value="shr-core-DiagnosticImaging-model.procedurePartOf[x]"/>
        <min value="0"/>
        <max value="1"/>
      </base>
      <type>
        <code value="Reference"/>
        <targetProfile value="http://hl7.org/fhir/us/shr/StructureDefinition/shr-core-Procedure-model"/>
      </type>
      <type>
        <code value="Reference"/>
        <targetProfile value="http://hl7.org/fhir/us/shr/StructureDefinition/shr-core-MedicationAdministration-model"/>
      </type>
      <type>
        <code value="Reference"/>
        <targetProfile value="http://hl7.org/fhir/us/shr/StructureDefinition/shr-core-Observation-model"/>
      </type>
      <mustSupport value="false"/>
      <isModifier value="false"/>
      <isSummary value="false"/>
    </element>
    <element id="shr-core-DiagnosticImaging-model.procedurePartOfShr-core-Procedure-model:Procedure">
      <path value="shr-core-DiagnosticImaging-model.procedurePartOfShr-core-Procedure-model"/>
      <sliceName value="Procedure"/>
      <short value="An action that is or was performed on or for a patient. This can be a physical intervention like an operation, or less invasive like long term services, counseling, or hypnotherapy."/>
      <definition value="An action that is or was performed on or for a patient. This can be a physical intervention like an operation, or less invasive like long term services, counseling, or hypnotherapy."/>
      <min value="1"/>
      <max value="1"/>
      <base>
        <path value="shr-core-DiagnosticImaging-model.procedurePartOf[x]"/>
        <min value="0"/>
        <max value="1"/>
      </base>
      <type>
        <code value="Reference"/>
        <targetProfile value="http://hl7.org/fhir/us/shr/StructureDefinition/shr-core-Procedure-model"/>
      </type>
      <mustSupport value="false"/>
      <isModifier value="false"/>
      <isSummary value="false"/>
    </element>
    <element id="shr-core-DiagnosticImaging-model.procedurePartOfShr-core-MedicationAdministration-model:MedicationAdministration">
      <path value="shr-core-DiagnosticImaging-model.procedurePartOfShr-core-MedicationAdministration-model"/>
      <sliceName value="MedicationAdministration"/>
      <short value="A record of the use of a medication. If the medication is given as part of a course of treatment, the PartOf attribute should refer to the CourseOfTreatment."/>
      <definition value="A record of the use of a medication. If the medication is given as part of a course of treatment, the PartOf attribute should refer to the CourseOfTreatment.&#xA;Although FHIR MedicationAdministration supports date of administration, information source, performer, it lacks common provenance elements, statement creation date, author, and recorder. These are supported as optional extensions.&#xA;FHIR DSTU2 lacks a category attribute, which is provided as an extension in that version.&#xA;SHR does not allow the &#39;not given&#39; attributes from DSTU2 and STU3, since they are dropped in R4. The status element is used to document medications not given."/>
      <min value="1"/>
      <max value="1"/>
      <base>
        <path value="shr-core-DiagnosticImaging-model.procedurePartOf[x]"/>
        <min value="0"/>
        <max value="1"/>
      </base>
      <type>
        <code value="Reference"/>
        <targetProfile value="http://hl7.org/fhir/us/shr/StructureDefinition/shr-core-MedicationAdministration-model"/>
      </type>
      <mustSupport value="false"/>
      <isModifier value="false"/>
      <isSummary value="false"/>
    </element>
    <element id="shr-core-DiagnosticImaging-model.procedurePartOfShr-core-Observation-model:Observation">
      <path value="shr-core-DiagnosticImaging-model.procedurePartOfShr-core-Observation-model"/>
      <sliceName value="Observation"/>
      <short value="Represents the result of evaluations (measurements, tests, or questions) that have been performed."/>
      <definition value="Represents the result of evaluations (measurements, tests, or questions) that have been performed.&#xA;Observation has a value representing the result (answer), or an DataAbsentReason indicating why the value is not present. Things observed about the subject can include social and behavioral factors, subjective and objective observations, and assessments.&#xA;For an Observation, the Code describes the aspect or property of the subject being observed or measured. The Code is the &#39;question code&#39; that pairs to the &#39;answer&#39; contained in the Value."/>
      <min value="1"/>
      <max value="1"/>
      <base>
        <path value="shr-core-DiagnosticImaging-model.procedurePartOf[x]"/>
        <min value="0"/>
        <max value="1"/>
      </base>
      <type>
        <code value="Reference"/>
        <targetProfile value="http://hl7.org/fhir/us/shr/StructureDefinition/shr-core-Observation-model"/>
      </type>
      <mustSupport value="false"/>
      <isModifier value="false"/>
      <isSummary value="false"/>
    </element>
    <element id="shr-core-DiagnosticImaging-model.category">
      <path value="shr-core-DiagnosticImaging-model.category"/>
      <short value="The general type or class of this item."/>
      <definition value="The general type or class of this item."/>
      <min value="0"/>
      <max value="1"/>
      <base>
        <path value="shr-core-DiagnosticImaging-model.category"/>
        <min value="0"/>
        <max value="1"/>
      </base>
      <type>
        <code value="Coding"/>
      </type>
      <mustSupport value="false"/>
      <isModifier value="false"/>
      <isSummary value="false"/>
    </element>
    <element id="shr-core-DiagnosticImaging-model.annotation">
      <path value="shr-core-DiagnosticImaging-model.annotation"/>
      <short value="An added or follow-up note, often after the fact, that contains metadata about who made the statement and when."/>
      <definition value="An added or follow-up note, often after the fact, that contains metadata about who made the statement and when."/>
      <min value="0"/>
      <max value="*"/>
      <base>
        <path value="shr-core-DiagnosticImaging-model.annotation"/>
        <min value="0"/>
        <max value="*"/>
      </base>
      <type>
        <code value="http://hl7.org/fhir/us/shr/StructureDefinition/shr-core-Annotation-model"/>
      </type>
      <mustSupport value="false"/>
      <isModifier value="false"/>
      <isSummary value="false"/>
    </element>
    <element id="shr-core-DiagnosticImaging-model.treatmentIntent">
      <path value="shr-core-DiagnosticImaging-model.treatmentIntent"/>
      <code>
        <system value="http://snomed.info/sct"/>
        <code value="395077000"/>
        <display value="Treatment intent (situation)"/>
      </code>
      <short value="The purpose of a treatment."/>
      <definition value="The purpose of a treatment."/>
      <min value="0"/>
      <max value="1"/>
      <base>
        <path value="shr-core-DiagnosticImaging-model.treatmentIntent"/>
        <min value="0"/>
        <max value="1"/>
      </base>
      <type>
        <code value="Coding"/>
      </type>
      <mustSupport value="false"/>
      <isModifier value="false"/>
      <isSummary value="false"/>
      <binding>
        <strength value="required"/>
        <valueSetReference>
          <reference value="http://hl7.org/fhir/us/shrcore/shr/core/vs/TreatmentIntentVS"/>
        </valueSetReference>
      </binding>
    </element>
    <element id="shr-core-DiagnosticImaging-model.location">
      <path value="shr-core-DiagnosticImaging-model.location"/>
      <short value="Services and space and equipment provided for a particular purpose; a building or place that provides a particular service or is used for a particular industry. Could be a clinical site, community site, or a mobile facility."/>
      <definition value="Services and space and equipment provided for a particular purpose; a building or place that provides a particular service or is used for a particular industry. Could be a clinical site, community site, or a mobile facility."/>
      <min value="0"/>
      <max value="1"/>
      <base>
        <path value="shr-core-DiagnosticImaging-model.location"/>
        <min value="0"/>
        <max value="1"/>
      </base>
      <type>
        <code value="Reference"/>
        <targetProfile value="http://hl7.org/fhir/us/shr/StructureDefinition/shr-core-Location-model"/>
      </type>
      <mustSupport value="false"/>
      <isModifier value="false"/>
      <isSummary value="false"/>
    </element>
    <element id="shr-core-DiagnosticImaging-model.outcome">
      <path value="shr-core-DiagnosticImaging-model.outcome"/>
      <short value="The result of an event or performance of an action or behavior, for example, an adverse reaction or procedure."/>
      <definition value="The result of an event or performance of an action or behavior, for example, an adverse reaction or procedure."/>
      <min value="0"/>
      <max value="1"/>
      <base>
        <path value="shr-core-DiagnosticImaging-model.outcome"/>
        <min value="0"/>
        <max value="1"/>
      </base>
      <type>
        <code value="Coding"/>
      </type>
      <mustSupport value="false"/>
      <isModifier value="false"/>
      <isSummary value="false"/>
      <binding>
        <strength value="example"/>
        <valueSetReference>
          <reference value="http://hl7.org/fhir/ValueSet/procedure-outcome"/>
        </valueSetReference>
      </binding>
    </element>
    <element id="shr-core-DiagnosticImaging-model.diagnosticReport">
      <path value="shr-core-DiagnosticImaging-model.diagnosticReport"/>
      <short value="DiagnosticReport"/>
      <definition value="DiagnosticReport"/>
      <min value="0"/>
      <max value="*"/>
      <base>
        <path value="shr-core-DiagnosticImaging-model.diagnosticReport"/>
        <min value="0"/>
        <max value="*"/>
      </base>
      <type>
        <code value="Reference"/>
        <targetProfile value="http://hl7.org/fhir/us/shr/StructureDefinition/shr-core-DiagnosticReport-model"/>
      </type>
      <mustSupport value="false"/>
      <isModifier value="false"/>
      <isSummary value="false"/>
    </element>
    <element id="shr-core-DiagnosticImaging-model.materialUsed[x]">
      <path value="shr-core-DiagnosticImaging-model.materialUsed[x]"/>
      <short value="Items used during procedure"/>
      <definition value="Items used during procedure"/>
      <min value="0"/>
      <max value="*"/>
      <base>
        <path value="shr-core-DiagnosticImaging-model.materialUsed[x]"/>
        <min value="0"/>
        <max value="*"/>
      </base>
      <type>
        <code value="Reference"/>
        <targetProfile value="http://hl7.org/fhir/us/shr/StructureDefinition/shr-core-Device-model"/>
      </type>
      <type>
        <code value="Reference"/>
        <targetProfile value="http://hl7.org/fhir/us/shr/StructureDefinition/shr-core-Medication-model"/>
      </type>
      <type>
        <code value="Reference"/>
        <targetProfile value="http://hl7.org/fhir/us/shr/StructureDefinition/shr-core-Substance-model"/>
      </type>
      <mustSupport value="false"/>
      <isModifier value="false"/>
      <isSummary value="false"/>
    </element>
    <element id="shr-core-DiagnosticImaging-model.focalDevice">
      <path value="shr-core-DiagnosticImaging-model.focalDevice"/>
      <short value="A device that is implanted, removed or otherwise manipulated (e.g., calibration, battery replacement, fitting a prosthesis, attaching a wound-vac, etc.) as a focal portion of the Procedure."/>
      <definition value="A device that is implanted, removed or otherwise manipulated (e.g., calibration, battery replacement, fitting a prosthesis, attaching a wound-vac, etc.) as a focal portion of the Procedure."/>
      <min value="0"/>
      <max value="*"/>
      <base>
        <path value="shr-core-DiagnosticImaging-model.focalDevice"/>
        <min value="0"/>
        <max value="*"/>
      </base>
      <type>
        <code value="http://hl7.org/fhir/us/shr/StructureDefinition/shr-core-FocalDevice-model"/>
      </type>
      <mustSupport value="false"/>
      <isModifier value="false"/>
      <isSummary value="false"/>
    </element>
    <element id="shr-core-DiagnosticImaging-model.imagingSubstance">
      <path value="shr-core-DiagnosticImaging-model.imagingSubstance"/>
      <short value="Substance used for this imaging procedure such as a contrast agent."/>
      <definition value="Substance used for this imaging procedure such as a contrast agent."/>
      <min value="0"/>
      <max value="*"/>
      <base>
        <path value="shr-core-DiagnosticImaging-model.imagingSubstance"/>
        <min value="0"/>
        <max value="*"/>
      </base>
      <type>
        <code value="Coding"/>
      </type>
      <mustSupport value="false"/>
      <isModifier value="false"/>
      <isSummary value="false"/>
    </element>
  </differential>
</StructureDefinition>