<?xml version="1.0" encoding="UTF-8"?>

<StructureDefinition xmlns="http://hl7.org/fhir">
  <id value="shr-core-HoursOfOperation-model"/>
  <text>
    <status value="generated"/><div xmlns="http://www.w3.org/1999/xhtml">
  <p><b>HoursOfOperation Logical Model</b></p>
  <p>What days/times during a week is this location usually open.</p>
</div>
  </text>
  <url value="http://hl7.org/fhir/us/shr/StructureDefinition/shr-core-HoursOfOperation-model"/>
  <identifier>
    <system value="http://hl7.org/fhir/us/shrcore"/>
    <value value="shr.core.HoursOfOperation"/>
  </identifier>
  <version value="0.6.0"/>
  <name value="HoursOfOperation"/>
  <title value="shr-core-HoursOfOperation"/>
  <status value="draft"/>
  <date value="2019-05-07T00:00:00-04:00"/>
  <publisher value="The MITRE Corporation"/>
  <contact>
    <telecom>
      <system value="url"/>
      <value value="http://www.standardhealthrecord.org"/>
    </telecom>
  </contact>
  <description value="What days/times during a week is this location usually open."/>
  <kind value="logical"/>
  <abstract value="false"/>
  <type value="shr-core-HoursOfOperation-model"/>
  <baseDefinition value="http://hl7.org/fhir/StructureDefinition/Element"/>
  <derivation value="specialization"/>
  <snapshot>
    <element id="shr-core-HoursOfOperation-model">
      <path value="shr-core-HoursOfOperation-model"/>
      <definition value="What days/times during a week is this location usually open."/>
      <min value="0"/>
      <max value="*"/>
      <base>
        <path value="shr-core-HoursOfOperation-model"/>
        <min value="0"/>
        <max value="*"/>
      </base>
      <mustSupport value="false"/>
      <isModifier value="false"/>
      <isSummary value="false"/>
    </element>
    <element id="shr-core-HoursOfOperation-model.dayOfWeek">
      <path value="shr-core-HoursOfOperation-model.dayOfWeek"/>
      <short value="If one or more days of week is provided, then the action happens only on the specified day(s)."/>
      <definition value="If one or more days of week is provided, then the action happens only on the specified day(s)."/>
      <min value="0"/>
      <max value="*"/>
      <base>
        <path value="shr-core-HoursOfOperation-model.dayOfWeek"/>
        <min value="0"/>
        <max value="*"/>
      </base>
      <type>
        <code value="Coding"/>
      </type>
      <mustSupport value="false"/>
      <isModifier value="false"/>
      <isSummary value="false"/>
      <binding>
        <strength value="required"/>
        <valueSetReference>
          <reference value="http://hl7.org/fhir/ValueSet/days-of-week"/>
        </valueSetReference>
      </binding>
    </element>
    <element id="shr-core-HoursOfOperation-model.allDay">
      <path value="shr-core-HoursOfOperation-model.allDay"/>
      <short value="The Location is open all day."/>
      <definition value="The Location is open all day."/>
      <min value="0"/>
      <max value="1"/>
      <base>
        <path value="shr-core-HoursOfOperation-model.allDay"/>
        <min value="0"/>
        <max value="1"/>
      </base>
      <type>
        <code value="boolean"/>
      </type>
      <mustSupport value="false"/>
      <isModifier value="false"/>
      <isSummary value="false"/>
    </element>
    <element id="shr-core-HoursOfOperation-model.openingTime">
      <path value="shr-core-HoursOfOperation-model.openingTime"/>
      <short value="Time that the Location opens."/>
      <definition value="Time that the Location opens."/>
      <min value="0"/>
      <max value="1"/>
      <base>
        <path value="shr-core-HoursOfOperation-model.openingTime"/>
        <min value="0"/>
        <max value="1"/>
      </base>
      <type>
        <code value="time"/>
      </type>
      <mustSupport value="false"/>
      <isModifier value="false"/>
      <isSummary value="false"/>
    </element>
    <element id="shr-core-HoursOfOperation-model.closingTime">
      <path value="shr-core-HoursOfOperation-model.closingTime"/>
      <short value="Time that the Location closes."/>
      <definition value="Time that the Location closes."/>
      <min value="0"/>
      <max value="1"/>
      <base>
        <path value="shr-core-HoursOfOperation-model.closingTime"/>
        <min value="0"/>
        <max value="1"/>
      </base>
      <type>
        <code value="time"/>
      </type>
      <mustSupport value="false"/>
      <isModifier value="false"/>
      <isSummary value="false"/>
    </element>
  </snapshot>
  <differential>
    <element id="shr-core-HoursOfOperation-model">
      <path value="shr-core-HoursOfOperation-model"/>
      <definition value="What days/times during a week is this location usually open."/>
      <min value="0"/>
      <max value="*"/>
      <base>
        <path value="shr-core-HoursOfOperation-model"/>
        <min value="0"/>
        <max value="*"/>
      </base>
      <mustSupport value="false"/>
      <isModifier value="false"/>
      <isSummary value="false"/>
    </element>
    <element id="shr-core-HoursOfOperation-model.dayOfWeek">
      <path value="shr-core-HoursOfOperation-model.dayOfWeek"/>
      <short value="If one or more days of week is provided, then the action happens only on the specified day(s)."/>
      <definition value="If one or more days of week is provided, then the action happens only on the specified day(s)."/>
      <min value="0"/>
      <max value="*"/>
      <base>
        <path value="shr-core-HoursOfOperation-model.dayOfWeek"/>
        <min value="0"/>
        <max value="*"/>
      </base>
      <type>
        <code value="Coding"/>
      </type>
      <mustSupport value="false"/>
      <isModifier value="false"/>
      <isSummary value="false"/>
      <binding>
        <strength value="required"/>
        <valueSetReference>
          <reference value="http://hl7.org/fhir/ValueSet/days-of-week"/>
        </valueSetReference>
      </binding>
    </element>
    <element id="shr-core-HoursOfOperation-model.allDay">
      <path value="shr-core-HoursOfOperation-model.allDay"/>
      <short value="The Location is open all day."/>
      <definition value="The Location is open all day."/>
      <min value="0"/>
      <max value="1"/>
      <base>
        <path value="shr-core-HoursOfOperation-model.allDay"/>
        <min value="0"/>
        <max value="1"/>
      </base>
      <type>
        <code value="boolean"/>
      </type>
      <mustSupport value="false"/>
      <isModifier value="false"/>
      <isSummary value="false"/>
    </element>
    <element id="shr-core-HoursOfOperation-model.openingTime">
      <path value="shr-core-HoursOfOperation-model.openingTime"/>
      <short value="Time that the Location opens."/>
      <definition value="Time that the Location opens."/>
      <min value="0"/>
      <max value="1"/>
      <base>
        <path value="shr-core-HoursOfOperation-model.openingTime"/>
        <min value="0"/>
        <max value="1"/>
      </base>
      <type>
        <code value="time"/>
      </type>
      <mustSupport value="false"/>
      <isModifier value="false"/>
      <isSummary value="false"/>
    </element>
    <element id="shr-core-HoursOfOperation-model.closingTime">
      <path value="shr-core-HoursOfOperation-model.closingTime"/>
      <short value="Time that the Location closes."/>
      <definition value="Time that the Location closes."/>
      <min value="0"/>
      <max value="1"/>
      <base>
        <path value="shr-core-HoursOfOperation-model.closingTime"/>
        <min value="0"/>
        <max value="1"/>
      </base>
      <type>
        <code value="time"/>
      </type>
      <mustSupport value="false"/>
      <isModifier value="false"/>
      <isSummary value="false"/>
    </element>
  </differential>
</StructureDefinition>