<?xml version="1.0" encoding="UTF-8"?>

<StructureDefinition xmlns="http://hl7.org/fhir">
  <id value="shr-core-SpecimenType-model"/>
  <text>
    <status value="generated"/><div xmlns="http://www.w3.org/1999/xhtml">
  <p><b>SpecimenType Logical Model</b></p>
  <p>The type of material the specimen contains or consists of.</p>
</div>
  </text>
  <url value="http://hl7.org/fhir/us/shr/StructureDefinition/shr-core-SpecimenType-model"/>
  <identifier>
    <system value="http://hl7.org/fhir/us/shrcore"/>
    <value value="shr.core.SpecimenType"/>
  </identifier>
  <version value="0.5.0"/>
  <name value="SpecimenType"/>
  <title value="shr-core-SpecimenType"/>
  <status value="draft"/>
  <date value="2019-05-01T00:00:00-04:00"/>
  <publisher value="The MITRE Corporation"/>
  <contact>
    <telecom>
      <system value="url"/>
      <value value="http://www.standardhealthrecord.org"/>
    </telecom>
  </contact>
  <description value="The type of material the specimen contains or consists of."/>
  <kind value="logical"/>
  <abstract value="false"/>
  <type value="shr-core-SpecimenType-model"/>
  <baseDefinition value="http://hl7.org/fhir/StructureDefinition/Element"/>
  <derivation value="specialization"/>
  <snapshot>
    <element id="shr-core-SpecimenType-model">
      <path value="shr-core-SpecimenType-model"/>
      <definition value="The type of material the specimen contains or consists of."/>
      <min value="0"/>
      <max value="*"/>
      <base>
        <path value="shr-core-SpecimenType-model"/>
        <min value="0"/>
        <max value="*"/>
      </base>
      <mustSupport value="false"/>
      <isModifier value="false"/>
      <isSummary value="false"/>
    </element>
    <element id="shr-core-SpecimenType-model.value">
      <path value="shr-core-SpecimenType-model.value"/>
      <short value="Code representing the type of material the specimen contains or consists of."/>
      <definition value="Code representing the type of material the specimen contains or consists of."/>
      <min value="1"/>
      <max value="1"/>
      <base>
        <path value="shr-core-SpecimenType-model.value"/>
        <min value="1"/>
        <max value="1"/>
      </base>
      <type>
        <code value="Coding"/>
      </type>
      <mustSupport value="false"/>
      <isModifier value="false"/>
      <isSummary value="false"/>
      <binding>
        <strength value="example"/>
        <valueSetReference>
          <reference value="http://hl7.org/fhir/ValueSet/v2-0487"/>
        </valueSetReference>
      </binding>
    </element>
  </snapshot>
  <differential>
    <element id="shr-core-SpecimenType-model">
      <path value="shr-core-SpecimenType-model"/>
      <definition value="The type of material the specimen contains or consists of."/>
      <min value="0"/>
      <max value="*"/>
      <base>
        <path value="shr-core-SpecimenType-model"/>
        <min value="0"/>
        <max value="*"/>
      </base>
      <mustSupport value="false"/>
      <isModifier value="false"/>
      <isSummary value="false"/>
    </element>
    <element id="shr-core-SpecimenType-model.value">
      <path value="shr-core-SpecimenType-model.value"/>
      <short value="Code representing the type of material the specimen contains or consists of."/>
      <definition value="Code representing the type of material the specimen contains or consists of."/>
      <min value="1"/>
      <max value="1"/>
      <base>
        <path value="shr-core-SpecimenType-model.value"/>
        <min value="1"/>
        <max value="1"/>
      </base>
      <type>
        <code value="Coding"/>
      </type>
      <mustSupport value="false"/>
      <isModifier value="false"/>
      <isSummary value="false"/>
      <binding>
        <strength value="example"/>
        <valueSetReference>
          <reference value="http://hl7.org/fhir/ValueSet/v2-0487"/>
        </valueSetReference>
      </binding>
    </element>
  </differential>
</StructureDefinition>