<?xml version="1.0" encoding="UTF-8"?>

<StructureDefinition xmlns="http://hl7.org/fhir">
  <id value="shr-core-CodeSet-model"/>
  <text>
    <status value="generated"/><div xmlns="http://www.w3.org/1999/xhtml">
  <p><b>CodeSet Logical Model</b></p>
  <p>A description of a set of codes, to be included or excluded from a value set.</p>
</div>
  </text>
  <url value="http://hl7.org/fhir/us/shr/StructureDefinition/shr-core-CodeSet-model"/>
  <identifier>
    <system value="http://hl7.org/fhir/us/shrcore"/>
    <value value="shr.core.CodeSet"/>
  </identifier>
  <version value="0.5.0"/>
  <name value="CodeSet"/>
  <title value="shr-core-CodeSet"/>
  <status value="draft"/>
  <date value="2019-05-01T00:00:00-04:00"/>
  <publisher value="The MITRE Corporation"/>
  <contact>
    <telecom>
      <system value="url"/>
      <value value="http://www.standardhealthrecord.org"/>
    </telecom>
  </contact>
  <description value="A description of a set of codes, to be included or excluded from a value set."/>
  <kind value="logical"/>
  <abstract value="false"/>
  <type value="shr-core-CodeSet-model"/>
  <baseDefinition value="http://hl7.org/fhir/StructureDefinition/Element"/>
  <derivation value="specialization"/>
  <snapshot>
    <element id="shr-core-CodeSet-model">
      <path value="shr-core-CodeSet-model"/>
      <definition value="A description of a set of codes, to be included or excluded from a value set."/>
      <min value="0"/>
      <max value="*"/>
      <base>
        <path value="shr-core-CodeSet-model"/>
        <min value="0"/>
        <max value="*"/>
      </base>
      <mustSupport value="false"/>
      <isModifier value="false"/>
      <isSummary value="false"/>
    </element>
    <element id="shr-core-CodeSet-model.codeSystem">
      <path value="shr-core-CodeSet-model.codeSystem"/>
      <short value="A formal terminology system."/>
      <definition value="A formal terminology system."/>
      <min value="0"/>
      <max value="1"/>
      <base>
        <path value="shr-core-CodeSet-model.codeSystem"/>
        <min value="0"/>
        <max value="1"/>
      </base>
      <type>
        <code value="uri"/>
      </type>
      <mustSupport value="false"/>
      <isModifier value="false"/>
      <isSummary value="false"/>
    </element>
    <element id="shr-core-CodeSet-model.codeSystemVersion">
      <path value="shr-core-CodeSet-model.codeSystemVersion"/>
      <short value="The version of the vocabulary being used, if applicable."/>
      <definition value="The version of the vocabulary being used, if applicable."/>
      <min value="0"/>
      <max value="1"/>
      <base>
        <path value="shr-core-CodeSet-model.codeSystemVersion"/>
        <min value="0"/>
        <max value="1"/>
      </base>
      <type>
        <code value="string"/>
      </type>
      <mustSupport value="false"/>
      <isModifier value="false"/>
      <isSummary value="false"/>
    </element>
    <element id="shr-core-CodeSet-model.codeSetConcept">
      <path value="shr-core-CodeSet-model.codeSetConcept"/>
      <short value="Specifies a concept to be included or excluded."/>
      <definition value="Specifies a concept to be included or excluded."/>
      <min value="0"/>
      <max value="*"/>
      <base>
        <path value="shr-core-CodeSet-model.codeSetConcept"/>
        <min value="0"/>
        <max value="*"/>
      </base>
      <type>
        <code value="http://hl7.org/fhir/us/shr/StructureDefinition/shr-core-CodeSetConcept-model"/>
      </type>
      <mustSupport value="false"/>
      <isModifier value="false"/>
      <isSummary value="false"/>
    </element>
    <element id="shr-core-CodeSet-model.codeSetFilter">
      <path value="shr-core-CodeSet-model.codeSetFilter"/>
      <short value="Select concepts by specify a matching criteria based on the properties (including relationships) defined by the system. If multiple filters are specified, they SHALL all be true."/>
      <definition value="Select concepts by specify a matching criteria based on the properties (including relationships) defined by the system. If multiple filters are specified, they SHALL all be true."/>
      <min value="0"/>
      <max value="*"/>
      <base>
        <path value="shr-core-CodeSet-model.codeSetFilter"/>
        <min value="0"/>
        <max value="*"/>
      </base>
      <type>
        <code value="http://hl7.org/fhir/us/shr/StructureDefinition/shr-core-CodeSetFilter-model"/>
      </type>
      <mustSupport value="false"/>
      <isModifier value="false"/>
      <isSummary value="false"/>
    </element>
    <element id="shr-core-CodeSet-model.valueSetUri">
      <path value="shr-core-CodeSet-model.valueSetUri"/>
      <short value="Selects the concepts found in this value set (based on its value set definition). This is an absolute URI that is a reference to ValueSet.url. If multiple value sets are specified this includes the union of the contents of all of the referenced value sets."/>
      <definition value="Selects the concepts found in this value set (based on its value set definition). This is an absolute URI that is a reference to ValueSet.url. If multiple value sets are specified this includes the union of the contents of all of the referenced value sets."/>
      <min value="0"/>
      <max value="*"/>
      <base>
        <path value="shr-core-CodeSet-model.valueSetUri"/>
        <min value="0"/>
        <max value="*"/>
      </base>
      <type>
        <code value="uri"/>
      </type>
      <mustSupport value="false"/>
      <isModifier value="false"/>
      <isSummary value="false"/>
    </element>
  </snapshot>
  <differential>
    <element id="shr-core-CodeSet-model">
      <path value="shr-core-CodeSet-model"/>
      <definition value="A description of a set of codes, to be included or excluded from a value set."/>
      <min value="0"/>
      <max value="*"/>
      <base>
        <path value="shr-core-CodeSet-model"/>
        <min value="0"/>
        <max value="*"/>
      </base>
      <mustSupport value="false"/>
      <isModifier value="false"/>
      <isSummary value="false"/>
    </element>
    <element id="shr-core-CodeSet-model.codeSystem">
      <path value="shr-core-CodeSet-model.codeSystem"/>
      <short value="A formal terminology system."/>
      <definition value="A formal terminology system."/>
      <min value="0"/>
      <max value="1"/>
      <base>
        <path value="shr-core-CodeSet-model.codeSystem"/>
        <min value="0"/>
        <max value="1"/>
      </base>
      <type>
        <code value="uri"/>
      </type>
      <mustSupport value="false"/>
      <isModifier value="false"/>
      <isSummary value="false"/>
    </element>
    <element id="shr-core-CodeSet-model.codeSystemVersion">
      <path value="shr-core-CodeSet-model.codeSystemVersion"/>
      <short value="The version of the vocabulary being used, if applicable."/>
      <definition value="The version of the vocabulary being used, if applicable."/>
      <min value="0"/>
      <max value="1"/>
      <base>
        <path value="shr-core-CodeSet-model.codeSystemVersion"/>
        <min value="0"/>
        <max value="1"/>
      </base>
      <type>
        <code value="string"/>
      </type>
      <mustSupport value="false"/>
      <isModifier value="false"/>
      <isSummary value="false"/>
    </element>
    <element id="shr-core-CodeSet-model.codeSetConcept">
      <path value="shr-core-CodeSet-model.codeSetConcept"/>
      <short value="Specifies a concept to be included or excluded."/>
      <definition value="Specifies a concept to be included or excluded."/>
      <min value="0"/>
      <max value="*"/>
      <base>
        <path value="shr-core-CodeSet-model.codeSetConcept"/>
        <min value="0"/>
        <max value="*"/>
      </base>
      <type>
        <code value="http://hl7.org/fhir/us/shr/StructureDefinition/shr-core-CodeSetConcept-model"/>
      </type>
      <mustSupport value="false"/>
      <isModifier value="false"/>
      <isSummary value="false"/>
    </element>
    <element id="shr-core-CodeSet-model.codeSetFilter">
      <path value="shr-core-CodeSet-model.codeSetFilter"/>
      <short value="Select concepts by specify a matching criteria based on the properties (including relationships) defined by the system. If multiple filters are specified, they SHALL all be true."/>
      <definition value="Select concepts by specify a matching criteria based on the properties (including relationships) defined by the system. If multiple filters are specified, they SHALL all be true."/>
      <min value="0"/>
      <max value="*"/>
      <base>
        <path value="shr-core-CodeSet-model.codeSetFilter"/>
        <min value="0"/>
        <max value="*"/>
      </base>
      <type>
        <code value="http://hl7.org/fhir/us/shr/StructureDefinition/shr-core-CodeSetFilter-model"/>
      </type>
      <mustSupport value="false"/>
      <isModifier value="false"/>
      <isSummary value="false"/>
    </element>
    <element id="shr-core-CodeSet-model.valueSetUri">
      <path value="shr-core-CodeSet-model.valueSetUri"/>
      <short value="Selects the concepts found in this value set (based on its value set definition). This is an absolute URI that is a reference to ValueSet.url. If multiple value sets are specified this includes the union of the contents of all of the referenced value sets."/>
      <definition value="Selects the concepts found in this value set (based on its value set definition). This is an absolute URI that is a reference to ValueSet.url. If multiple value sets are specified this includes the union of the contents of all of the referenced value sets."/>
      <min value="0"/>
      <max value="*"/>
      <base>
        <path value="shr-core-CodeSet-model.valueSetUri"/>
        <min value="0"/>
        <max value="*"/>
      </base>
      <type>
        <code value="uri"/>
      </type>
      <mustSupport value="false"/>
      <isModifier value="false"/>
      <isSummary value="false"/>
    </element>
  </differential>
</StructureDefinition>