<?xml version="1.0" encoding="UTF-8"?>

<StructureDefinition xmlns="http://hl7.org/fhir">
  <id value="shr-core-ProcedureRequester-model"/>
  <text>
    <status value="generated"/><div xmlns="http://www.w3.org/1999/xhtml">
  <p><b>ProcedureRequester Logical Model</b></p>
  <p>The agent requesting the procedure. Allows Practitioner and Device, since these represent the intersection between DSTU 2 and STU 3. DSTU 2 allows Organization, and STU 3 allows Patient and RelatedPerson.</p>
</div>
  </text>
  <url value="http://hl7.org/fhir/us/shr/StructureDefinition/shr-core-ProcedureRequester-model"/>
  <identifier>
    <system value="http://hl7.org/fhir/us/shrcore"/>
    <value value="shr.core.ProcedureRequester"/>
  </identifier>
  <version value="0.5.0"/>
  <name value="ProcedureRequester"/>
  <title value="shr-core-ProcedureRequester"/>
  <status value="draft"/>
  <date value="2019-05-01T00:00:00-04:00"/>
  <publisher value="The MITRE Corporation"/>
  <contact>
    <telecom>
      <system value="url"/>
      <value value="http://www.standardhealthrecord.org"/>
    </telecom>
  </contact>
  <description value="The agent requesting the procedure. Allows Practitioner and Device, since these represent the intersection between DSTU 2 and STU 3. DSTU 2 allows Organization, and STU 3 allows Patient and RelatedPerson."/>
  <kind value="logical"/>
  <abstract value="false"/>
  <type value="shr-core-ProcedureRequester-model"/>
  <baseDefinition value="http://hl7.org/fhir/StructureDefinition/Element"/>
  <derivation value="specialization"/>
  <snapshot>
    <element id="shr-core-ProcedureRequester-model">
      <path value="shr-core-ProcedureRequester-model"/>
      <definition value="The agent requesting the procedure. Allows Practitioner and Device, since these represent the intersection between DSTU 2 and STU 3. DSTU 2 allows Organization, and STU 3 allows Patient and RelatedPerson."/>
      <min value="0"/>
      <max value="*"/>
      <base>
        <path value="shr-core-ProcedureRequester-model"/>
        <min value="0"/>
        <max value="*"/>
      </base>
      <mustSupport value="false"/>
      <isModifier value="false"/>
      <isSummary value="false"/>
    </element>
    <element id="shr-core-ProcedureRequester-model.value[x]">
      <path value="shr-core-ProcedureRequester-model.value[x]"/>
      <short value="Practitioner or Device representing the agent requesting the procedure. Allows Practitioner and Device, since these represent the intersection between DSTU 2 and STU 3. DSTU 2 allows Organization, and STU 3 allows Patient and RelatedPerson."/>
      <definition value="Practitioner or Device representing the agent requesting the procedure. Allows Practitioner and Device, since these represent the intersection between DSTU 2 and STU 3. DSTU 2 allows Organization, and STU 3 allows Patient and RelatedPerson."/>
      <min value="1"/>
      <max value="1"/>
      <base>
        <path value="shr-core-ProcedureRequester-model.value[x]"/>
        <min value="1"/>
        <max value="1"/>
      </base>
      <type>
        <code value="Reference"/>
        <targetProfile value="http://hl7.org/fhir/us/shr/StructureDefinition/shr-core-Practitioner-model"/>
      </type>
      <type>
        <code value="Reference"/>
        <targetProfile value="http://hl7.org/fhir/us/shr/StructureDefinition/shr-core-Device-model"/>
      </type>
      <mustSupport value="false"/>
      <isModifier value="false"/>
      <isSummary value="false"/>
    </element>
  </snapshot>
  <differential>
    <element id="shr-core-ProcedureRequester-model">
      <path value="shr-core-ProcedureRequester-model"/>
      <definition value="The agent requesting the procedure. Allows Practitioner and Device, since these represent the intersection between DSTU 2 and STU 3. DSTU 2 allows Organization, and STU 3 allows Patient and RelatedPerson."/>
      <min value="0"/>
      <max value="*"/>
      <base>
        <path value="shr-core-ProcedureRequester-model"/>
        <min value="0"/>
        <max value="*"/>
      </base>
      <mustSupport value="false"/>
      <isModifier value="false"/>
      <isSummary value="false"/>
    </element>
    <element id="shr-core-ProcedureRequester-model.value[x]">
      <path value="shr-core-ProcedureRequester-model.value[x]"/>
      <short value="Practitioner or Device representing the agent requesting the procedure. Allows Practitioner and Device, since these represent the intersection between DSTU 2 and STU 3. DSTU 2 allows Organization, and STU 3 allows Patient and RelatedPerson."/>
      <definition value="Practitioner or Device representing the agent requesting the procedure. Allows Practitioner and Device, since these represent the intersection between DSTU 2 and STU 3. DSTU 2 allows Organization, and STU 3 allows Patient and RelatedPerson."/>
      <min value="1"/>
      <max value="1"/>
      <base>
        <path value="shr-core-ProcedureRequester-model.value[x]"/>
        <min value="1"/>
        <max value="1"/>
      </base>
      <type>
        <code value="Reference"/>
        <targetProfile value="http://hl7.org/fhir/us/shr/StructureDefinition/shr-core-Practitioner-model"/>
      </type>
      <type>
        <code value="Reference"/>
        <targetProfile value="http://hl7.org/fhir/us/shr/StructureDefinition/shr-core-Device-model"/>
      </type>
      <mustSupport value="false"/>
      <isModifier value="false"/>
      <isSummary value="false"/>
    </element>
  </differential>
</StructureDefinition>