<?xml version="1.0" encoding="UTF-8"?>

<StructureDefinition xmlns="http://hl7.org/fhir">
  <id value="shr-core-Indication-model"/>
  <text>
    <status value="generated"/><div xmlns="http://www.w3.org/1999/xhtml">
  <p><b>Indication Logical Model</b></p>
  <p>Conditions or situations where the procedure is recommended. In the Performed context, the actual indication should be reported.</p>
</div>
  </text>
  <url value="http://hl7.org/fhir/us/shr/StructureDefinition/shr-core-Indication-model"/>
  <identifier>
    <system value="http://hl7.org/fhir/us/shrcore"/>
    <value value="shr.core.Indication"/>
  </identifier>
  <version value="0.5.0"/>
  <name value="Indication"/>
  <title value="shr-core-Indication"/>
  <status value="draft"/>
  <date value="2019-05-01T00:00:00-04:00"/>
  <publisher value="The MITRE Corporation"/>
  <contact>
    <telecom>
      <system value="url"/>
      <value value="http://www.standardhealthrecord.org"/>
    </telecom>
  </contact>
  <description value="Conditions or situations where the procedure is recommended. In the Performed context, the actual indication should be reported."/>
  <kind value="logical"/>
  <abstract value="false"/>
  <type value="shr-core-Indication-model"/>
  <baseDefinition value="http://hl7.org/fhir/StructureDefinition/Element"/>
  <derivation value="specialization"/>
  <snapshot>
    <element id="shr-core-Indication-model">
      <path value="shr-core-Indication-model"/>
      <definition value="Conditions or situations where the procedure is recommended. In the Performed context, the actual indication should be reported."/>
      <min value="0"/>
      <max value="*"/>
      <base>
        <path value="shr-core-Indication-model"/>
        <min value="0"/>
        <max value="*"/>
      </base>
      <mustSupport value="false"/>
      <isModifier value="false"/>
      <isSummary value="false"/>
    </element>
    <element id="shr-core-Indication-model.value[x]">
      <path value="shr-core-Indication-model.value[x]"/>
      <short value="Condition or Procedure representing conditions or situations where the procedure is recommended. In the Performed context, the actual indication should be reported."/>
      <definition value="Condition or Procedure representing conditions or situations where the procedure is recommended. In the Performed context, the actual indication should be reported."/>
      <min value="1"/>
      <max value="1"/>
      <base>
        <path value="shr-core-Indication-model.value[x]"/>
        <min value="1"/>
        <max value="1"/>
      </base>
      <type>
        <code value="Reference"/>
        <targetProfile value="http://hl7.org/fhir/us/shr/StructureDefinition/shr-core-Condition-model"/>
      </type>
      <type>
        <code value="Reference"/>
        <targetProfile value="http://hl7.org/fhir/us/shr/StructureDefinition/shr-core-Procedure-model"/>
      </type>
      <mustSupport value="false"/>
      <isModifier value="false"/>
      <isSummary value="false"/>
    </element>
  </snapshot>
  <differential>
    <element id="shr-core-Indication-model">
      <path value="shr-core-Indication-model"/>
      <definition value="Conditions or situations where the procedure is recommended. In the Performed context, the actual indication should be reported."/>
      <min value="0"/>
      <max value="*"/>
      <base>
        <path value="shr-core-Indication-model"/>
        <min value="0"/>
        <max value="*"/>
      </base>
      <mustSupport value="false"/>
      <isModifier value="false"/>
      <isSummary value="false"/>
    </element>
    <element id="shr-core-Indication-model.value[x]">
      <path value="shr-core-Indication-model.value[x]"/>
      <short value="Condition or Procedure representing conditions or situations where the procedure is recommended. In the Performed context, the actual indication should be reported."/>
      <definition value="Condition or Procedure representing conditions or situations where the procedure is recommended. In the Performed context, the actual indication should be reported."/>
      <min value="1"/>
      <max value="1"/>
      <base>
        <path value="shr-core-Indication-model.value[x]"/>
        <min value="1"/>
        <max value="1"/>
      </base>
      <type>
        <code value="Reference"/>
        <targetProfile value="http://hl7.org/fhir/us/shr/StructureDefinition/shr-core-Condition-model"/>
      </type>
      <type>
        <code value="Reference"/>
        <targetProfile value="http://hl7.org/fhir/us/shr/StructureDefinition/shr-core-Procedure-model"/>
      </type>
      <mustSupport value="false"/>
      <isModifier value="false"/>
      <isSummary value="false"/>
    </element>
  </differential>
</StructureDefinition>