<?xml version="1.0" encoding="UTF-8"?>

<StructureDefinition xmlns="http://hl7.org/fhir">
  <id value="shr-core-BeneficiaryRelationship-model"/>
  <text>
    <status value="generated"/><div xmlns="http://www.w3.org/1999/xhtml">
  <p><b>BeneficiaryRelationship Logical Model</b></p>
  <p>The relationship of beneficiary (patient) to the subscriber.</p>
</div>
  </text>
  <url value="http://hl7.org/fhir/us/shr/StructureDefinition/shr-core-BeneficiaryRelationship-model"/>
  <identifier>
    <system value="http://hl7.org/fhir/us/shrcore"/>
    <value value="shr.core.BeneficiaryRelationship"/>
  </identifier>
  <version value="0.5.0"/>
  <name value="BeneficiaryRelationship"/>
  <title value="shr-core-BeneficiaryRelationship"/>
  <status value="draft"/>
  <date value="2019-05-01T00:00:00-04:00"/>
  <publisher value="The MITRE Corporation"/>
  <contact>
    <telecom>
      <system value="url"/>
      <value value="http://www.standardhealthrecord.org"/>
    </telecom>
  </contact>
  <description value="The relationship of beneficiary (patient) to the subscriber."/>
  <kind value="logical"/>
  <abstract value="false"/>
  <type value="shr-core-BeneficiaryRelationship-model"/>
  <baseDefinition value="http://hl7.org/fhir/StructureDefinition/Element"/>
  <derivation value="specialization"/>
  <snapshot>
    <element id="shr-core-BeneficiaryRelationship-model">
      <path value="shr-core-BeneficiaryRelationship-model"/>
      <definition value="The relationship of beneficiary (patient) to the subscriber."/>
      <min value="0"/>
      <max value="*"/>
      <base>
        <path value="shr-core-BeneficiaryRelationship-model"/>
        <min value="0"/>
        <max value="*"/>
      </base>
      <mustSupport value="false"/>
      <isModifier value="false"/>
      <isSummary value="false"/>
    </element>
    <element id="shr-core-BeneficiaryRelationship-model.value">
      <path value="shr-core-BeneficiaryRelationship-model.value"/>
      <short value="Code representing the relationship of beneficiary (patient) to the subscriber."/>
      <definition value="Code representing the relationship of beneficiary (patient) to the subscriber."/>
      <min value="1"/>
      <max value="1"/>
      <base>
        <path value="shr-core-BeneficiaryRelationship-model.value"/>
        <min value="1"/>
        <max value="1"/>
      </base>
      <type>
        <code value="Coding"/>
      </type>
      <mustSupport value="false"/>
      <isModifier value="false"/>
      <isSummary value="false"/>
      <binding>
        <strength value="extensible"/>
        <valueSetReference>
          <reference value="http://hl7.org/fhir/ValueSet/subscriber-relationship"/>
        </valueSetReference>
      </binding>
    </element>
  </snapshot>
  <differential>
    <element id="shr-core-BeneficiaryRelationship-model">
      <path value="shr-core-BeneficiaryRelationship-model"/>
      <definition value="The relationship of beneficiary (patient) to the subscriber."/>
      <min value="0"/>
      <max value="*"/>
      <base>
        <path value="shr-core-BeneficiaryRelationship-model"/>
        <min value="0"/>
        <max value="*"/>
      </base>
      <mustSupport value="false"/>
      <isModifier value="false"/>
      <isSummary value="false"/>
    </element>
    <element id="shr-core-BeneficiaryRelationship-model.value">
      <path value="shr-core-BeneficiaryRelationship-model.value"/>
      <short value="Code representing the relationship of beneficiary (patient) to the subscriber."/>
      <definition value="Code representing the relationship of beneficiary (patient) to the subscriber."/>
      <min value="1"/>
      <max value="1"/>
      <base>
        <path value="shr-core-BeneficiaryRelationship-model.value"/>
        <min value="1"/>
        <max value="1"/>
      </base>
      <type>
        <code value="Coding"/>
      </type>
      <mustSupport value="false"/>
      <isModifier value="false"/>
      <isSummary value="false"/>
      <binding>
        <strength value="extensible"/>
        <valueSetReference>
          <reference value="http://hl7.org/fhir/ValueSet/subscriber-relationship"/>
        </valueSetReference>
      </binding>
    </element>
  </differential>
</StructureDefinition>