<?xml version="1.0" encoding="UTF-8"?>

<StructureDefinition xmlns="http://hl7.org/fhir">
  <id value="shr-core-TargetFormat-model"/>
  <text>
    <status value="generated"/><div xmlns="http://www.w3.org/1999/xhtml">
  <p><b>TargetFormat Logical Model</b></p>
  <p>The technical format of the signed resources.</p>
</div>
  </text>
  <url value="http://hl7.org/fhir/us/shr/StructureDefinition/shr-core-TargetFormat-model"/>
  <identifier>
    <system value="http://hl7.org/fhir/us/shrcore"/>
    <value value="shr.core.TargetFormat"/>
  </identifier>
  <version value="0.6.0"/>
  <name value="TargetFormat"/>
  <title value="shr-core-TargetFormat"/>
  <status value="draft"/>
  <date value="2019-05-07T00:00:00-04:00"/>
  <publisher value="The MITRE Corporation"/>
  <contact>
    <telecom>
      <system value="url"/>
      <value value="http://www.standardhealthrecord.org"/>
    </telecom>
  </contact>
  <description value="The technical format of the signed resources."/>
  <kind value="logical"/>
  <abstract value="false"/>
  <type value="shr-core-TargetFormat-model"/>
  <baseDefinition value="http://hl7.org/fhir/StructureDefinition/Element"/>
  <derivation value="specialization"/>
  <snapshot>
    <element id="shr-core-TargetFormat-model">
      <path value="shr-core-TargetFormat-model"/>
      <definition value="The technical format of the signed resources."/>
      <min value="0"/>
      <max value="*"/>
      <base>
        <path value="shr-core-TargetFormat-model"/>
        <min value="0"/>
        <max value="*"/>
      </base>
      <mustSupport value="false"/>
      <isModifier value="false"/>
      <isSummary value="false"/>
    </element>
    <element id="shr-core-TargetFormat-model.value">
      <path value="shr-core-TargetFormat-model.value"/>
      <short value="Code representing the technical format of the signed resources."/>
      <definition value="Code representing the technical format of the signed resources."/>
      <min value="1"/>
      <max value="1"/>
      <base>
        <path value="shr-core-TargetFormat-model.value"/>
        <min value="1"/>
        <max value="1"/>
      </base>
      <type>
        <code value="code"/>
      </type>
      <mustSupport value="false"/>
      <isModifier value="false"/>
      <isSummary value="false"/>
      <binding>
        <strength value="required"/>
        <valueSetUri value="http://www.rfc-editor.org/bcp/bcp13.txt"/>
      </binding>
    </element>
  </snapshot>
  <differential>
    <element id="shr-core-TargetFormat-model">
      <path value="shr-core-TargetFormat-model"/>
      <definition value="The technical format of the signed resources."/>
      <min value="0"/>
      <max value="*"/>
      <base>
        <path value="shr-core-TargetFormat-model"/>
        <min value="0"/>
        <max value="*"/>
      </base>
      <mustSupport value="false"/>
      <isModifier value="false"/>
      <isSummary value="false"/>
    </element>
    <element id="shr-core-TargetFormat-model.value">
      <path value="shr-core-TargetFormat-model.value"/>
      <short value="Code representing the technical format of the signed resources."/>
      <definition value="Code representing the technical format of the signed resources."/>
      <min value="1"/>
      <max value="1"/>
      <base>
        <path value="shr-core-TargetFormat-model.value"/>
        <min value="1"/>
        <max value="1"/>
      </base>
      <type>
        <code value="code"/>
      </type>
      <mustSupport value="false"/>
      <isModifier value="false"/>
      <isSummary value="false"/>
      <binding>
        <strength value="required"/>
        <valueSetUri value="http://www.rfc-editor.org/bcp/bcp13.txt"/>
      </binding>
    </element>
  </differential>
</StructureDefinition>