<?xml version="1.0" encoding="UTF-8"?>

<StructureDefinition xmlns="http://hl7.org/fhir">
  <id value="shr-core-Age-model"/>
  <text>
    <status value="generated"/><div xmlns="http://www.w3.org/1999/xhtml">
  <p><b>Age Logical Model</b></p>
  <p>How long someone has been alive, or something has existed.</p>
</div>
  </text>
  <url value="http://hl7.org/fhir/us/shr/StructureDefinition/shr-core-Age-model"/>
  <identifier>
    <system value="http://hl7.org/fhir/us/shrcore"/>
    <value value="shr.core.Age"/>
  </identifier>
  <version value="0.5.0"/>
  <name value="Age"/>
  <title value="shr-core-Age"/>
  <status value="draft"/>
  <date value="2019-05-01T00:00:00-04:00"/>
  <publisher value="The MITRE Corporation"/>
  <contact>
    <telecom>
      <system value="url"/>
      <value value="http://www.standardhealthrecord.org"/>
    </telecom>
  </contact>
  <description value="How long someone has been alive, or something has existed."/>
  <keyword>
    <system value="http://ncimeta.nci.nih.gov"/>
    <code value="C0001779"/>
  </keyword>
  <kind value="logical"/>
  <abstract value="false"/>
  <type value="shr-core-Age-model"/>
  <baseDefinition value="http://hl7.org/fhir/StructureDefinition/Element"/>
  <derivation value="specialization"/>
  <snapshot>
    <element id="shr-core-Age-model">
      <path value="shr-core-Age-model"/>
      <definition value="How long someone has been alive, or something has existed."/>
      <min value="0"/>
      <max value="*"/>
      <base>
        <path value="shr-core-Age-model"/>
        <min value="0"/>
        <max value="*"/>
      </base>
      <mustSupport value="false"/>
      <isModifier value="false"/>
      <isSummary value="false"/>
    </element>
    <element id="shr-core-Age-model.number">
      <path value="shr-core-Age-model.number"/>
      <short value="A decimal value."/>
      <definition value="A decimal value."/>
      <min value="0"/>
      <max value="1"/>
      <base>
        <path value="shr-core-Age-model.number"/>
        <min value="0"/>
        <max value="1"/>
      </base>
      <type>
        <code value="decimal"/>
      </type>
      <mustSupport value="false"/>
      <isModifier value="false"/>
      <isSummary value="false"/>
    </element>
    <element id="shr-core-Age-model.comparator">
      <path value="shr-core-Age-model.comparator"/>
      <short value="A code indicated if the value represents an upper or lower bound"/>
      <definition value="A code indicated if the value represents an upper or lower bound"/>
      <min value="0"/>
      <max value="1"/>
      <base>
        <path value="shr-core-Age-model.comparator"/>
        <min value="0"/>
        <max value="1"/>
      </base>
      <type>
        <code value="Coding"/>
      </type>
      <mustSupport value="false"/>
      <isModifier value="false"/>
      <isSummary value="false"/>
      <binding>
        <strength value="required"/>
        <valueSetReference>
          <reference value="http://hl7.org/fhir/ValueSet/quantity-comparator"/>
        </valueSetReference>
      </binding>
    </element>
    <element id="shr-core-Age-model.units">
      <path value="shr-core-Age-model.units"/>
      <code>
        <system value="http://ncimeta.nci.nih.gov"/>
        <code value="C0805701"/>
      </code>
      <short value="The unit of measure of the quantity."/>
      <definition value="The unit of measure of the quantity."/>
      <min value="0"/>
      <max value="1"/>
      <base>
        <path value="shr-core-Age-model.units"/>
        <min value="0"/>
        <max value="1"/>
      </base>
      <type>
        <code value="Coding"/>
      </type>
      <mustSupport value="false"/>
      <isModifier value="false"/>
      <isSummary value="false"/>
      <binding>
        <strength value="extensible"/>
        <valueSetReference>
          <reference value="http://hl7.org/fhir/ValueSet/age-units"/>
        </valueSetReference>
      </binding>
    </element>
  </snapshot>
  <differential>
    <element id="shr-core-Age-model">
      <path value="shr-core-Age-model"/>
      <definition value="How long someone has been alive, or something has existed."/>
      <min value="0"/>
      <max value="*"/>
      <base>
        <path value="shr-core-Age-model"/>
        <min value="0"/>
        <max value="*"/>
      </base>
      <mustSupport value="false"/>
      <isModifier value="false"/>
      <isSummary value="false"/>
    </element>
    <element id="shr-core-Age-model.number">
      <path value="shr-core-Age-model.number"/>
      <short value="A decimal value."/>
      <definition value="A decimal value."/>
      <min value="0"/>
      <max value="1"/>
      <base>
        <path value="shr-core-Age-model.number"/>
        <min value="0"/>
        <max value="1"/>
      </base>
      <type>
        <code value="decimal"/>
      </type>
      <mustSupport value="false"/>
      <isModifier value="false"/>
      <isSummary value="false"/>
    </element>
    <element id="shr-core-Age-model.comparator">
      <path value="shr-core-Age-model.comparator"/>
      <short value="A code indicated if the value represents an upper or lower bound"/>
      <definition value="A code indicated if the value represents an upper or lower bound"/>
      <min value="0"/>
      <max value="1"/>
      <base>
        <path value="shr-core-Age-model.comparator"/>
        <min value="0"/>
        <max value="1"/>
      </base>
      <type>
        <code value="Coding"/>
      </type>
      <mustSupport value="false"/>
      <isModifier value="false"/>
      <isSummary value="false"/>
      <binding>
        <strength value="required"/>
        <valueSetReference>
          <reference value="http://hl7.org/fhir/ValueSet/quantity-comparator"/>
        </valueSetReference>
      </binding>
    </element>
    <element id="shr-core-Age-model.units">
      <path value="shr-core-Age-model.units"/>
      <code>
        <system value="http://ncimeta.nci.nih.gov"/>
        <code value="C0805701"/>
      </code>
      <short value="The unit of measure of the quantity."/>
      <definition value="The unit of measure of the quantity."/>
      <min value="0"/>
      <max value="1"/>
      <base>
        <path value="shr-core-Age-model.units"/>
        <min value="0"/>
        <max value="1"/>
      </base>
      <type>
        <code value="Coding"/>
      </type>
      <mustSupport value="false"/>
      <isModifier value="false"/>
      <isSummary value="false"/>
      <binding>
        <strength value="extensible"/>
        <valueSetReference>
          <reference value="http://hl7.org/fhir/ValueSet/age-units"/>
        </valueSetReference>
      </binding>
    </element>
  </differential>
</StructureDefinition>