<?xml version="1.0" encoding="UTF-8"?>

<StructureDefinition xmlns="http://hl7.org/fhir">
  <id value="shr-core-OccurrenceTimeOrPeriod-model"/>
  <text>
    <status value="generated"/><div xmlns="http://www.w3.org/1999/xhtml">
  <p><b>OccurrenceTimeOrPeriod Logical Model</b></p>
  <p>The point or period of time when the event takes place. Times can be precise (dateTime) or approximate (date). If a time period is used, and the start date or dateTime is missing, the start of the period is not known. If the end date or dateTime is missing, it means that the period is ongoing.</p>
</div>
  </text>
  <url value="http://hl7.org/fhir/us/shr/StructureDefinition/shr-core-OccurrenceTimeOrPeriod-model"/>
  <identifier>
    <system value="http://hl7.org/fhir/us/shrcore"/>
    <value value="shr.core.OccurrenceTimeOrPeriod"/>
  </identifier>
  <version value="0.5.0"/>
  <name value="OccurrenceTimeOrPeriod"/>
  <title value="shr-core-OccurrenceTimeOrPeriod"/>
  <status value="draft"/>
  <date value="2019-05-01T00:00:00-04:00"/>
  <publisher value="The MITRE Corporation"/>
  <contact>
    <telecom>
      <system value="url"/>
      <value value="http://www.standardhealthrecord.org"/>
    </telecom>
  </contact>
  <description value="The point or period of time when the event takes place. Times can be precise (dateTime) or approximate (date). If a time period is used, and the start date or dateTime is missing, the start of the period is not known. If the end date or dateTime is missing, it means that the period is ongoing."/>
  <kind value="logical"/>
  <abstract value="false"/>
  <type value="shr-core-OccurrenceTimeOrPeriod-model"/>
  <baseDefinition value="http://hl7.org/fhir/StructureDefinition/Element"/>
  <derivation value="specialization"/>
  <snapshot>
    <element id="shr-core-OccurrenceTimeOrPeriod-model">
      <path value="shr-core-OccurrenceTimeOrPeriod-model"/>
      <definition value="The point or period of time when the event takes place. Times can be precise (dateTime) or approximate (date). If a time period is used, and the start date or dateTime is missing, the start of the period is not known. If the end date or dateTime is missing, it means that the period is ongoing."/>
      <min value="0"/>
      <max value="*"/>
      <base>
        <path value="shr-core-OccurrenceTimeOrPeriod-model"/>
        <min value="0"/>
        <max value="*"/>
      </base>
      <mustSupport value="false"/>
      <isModifier value="false"/>
      <isSummary value="false"/>
    </element>
    <element id="shr-core-OccurrenceTimeOrPeriod-model.value[x]">
      <path value="shr-core-OccurrenceTimeOrPeriod-model.value[x]"/>
      <short value="Choice of types representing the point or period of time when the event takes place. Times can be precise (dateTime) or approximate (date). If a time period is used, and the start date or dateTime is missing, the start of the period is not known. If the end date or dateTime is missing, it means that the period is ongoing."/>
      <definition value="Choice of types representing the point or period of time when the event takes place. Times can be precise (dateTime) or approximate (date). If a time period is used, and the start date or dateTime is missing, the start of the period is not known. If the end date or dateTime is missing, it means that the period is ongoing."/>
      <min value="1"/>
      <max value="1"/>
      <base>
        <path value="shr-core-OccurrenceTimeOrPeriod-model.value[x]"/>
        <min value="1"/>
        <max value="1"/>
      </base>
      <type>
        <code value="date"/>
      </type>
      <type>
        <code value="dateTime"/>
      </type>
      <type>
        <code value="http://hl7.org/fhir/us/shr/StructureDefinition/shr-core-TimePeriod-model"/>
      </type>
      <mustSupport value="false"/>
      <isModifier value="false"/>
      <isSummary value="false"/>
    </element>
  </snapshot>
  <differential>
    <element id="shr-core-OccurrenceTimeOrPeriod-model">
      <path value="shr-core-OccurrenceTimeOrPeriod-model"/>
      <definition value="The point or period of time when the event takes place. Times can be precise (dateTime) or approximate (date). If a time period is used, and the start date or dateTime is missing, the start of the period is not known. If the end date or dateTime is missing, it means that the period is ongoing."/>
      <min value="0"/>
      <max value="*"/>
      <base>
        <path value="shr-core-OccurrenceTimeOrPeriod-model"/>
        <min value="0"/>
        <max value="*"/>
      </base>
      <mustSupport value="false"/>
      <isModifier value="false"/>
      <isSummary value="false"/>
    </element>
    <element id="shr-core-OccurrenceTimeOrPeriod-model.value[x]">
      <path value="shr-core-OccurrenceTimeOrPeriod-model.value[x]"/>
      <short value="Choice of types representing the point or period of time when the event takes place. Times can be precise (dateTime) or approximate (date). If a time period is used, and the start date or dateTime is missing, the start of the period is not known. If the end date or dateTime is missing, it means that the period is ongoing."/>
      <definition value="Choice of types representing the point or period of time when the event takes place. Times can be precise (dateTime) or approximate (date). If a time period is used, and the start date or dateTime is missing, the start of the period is not known. If the end date or dateTime is missing, it means that the period is ongoing."/>
      <min value="1"/>
      <max value="1"/>
      <base>
        <path value="shr-core-OccurrenceTimeOrPeriod-model.value[x]"/>
        <min value="1"/>
        <max value="1"/>
      </base>
      <type>
        <code value="date"/>
      </type>
      <type>
        <code value="dateTime"/>
      </type>
      <type>
        <code value="http://hl7.org/fhir/us/shr/StructureDefinition/shr-core-TimePeriod-model"/>
      </type>
      <mustSupport value="false"/>
      <isModifier value="false"/>
      <isSummary value="false"/>
    </element>
  </differential>
</StructureDefinition>