<?xml version="1.0" encoding="UTF-8"?>

<StructureDefinition xmlns="http://hl7.org/fhir">
  <id value="shr-core-MemberParticipation-model"/>
  <text>
    <status value="generated"/><div xmlns="http://www.w3.org/1999/xhtml">
  <p><b>MemberParticipation Logical Model</b></p>
  <p>A person or entity in a group.</p>
</div>
  </text>
  <url value="http://hl7.org/fhir/us/shr/StructureDefinition/shr-core-MemberParticipation-model"/>
  <identifier>
    <system value="http://hl7.org/fhir/us/shrcore"/>
    <value value="shr.core.MemberParticipation"/>
  </identifier>
  <version value="0.5.0"/>
  <name value="MemberParticipation"/>
  <title value="shr-core-MemberParticipation"/>
  <status value="draft"/>
  <date value="2019-05-01T00:00:00-04:00"/>
  <publisher value="The MITRE Corporation"/>
  <contact>
    <telecom>
      <system value="url"/>
      <value value="http://www.standardhealthrecord.org"/>
    </telecom>
  </contact>
  <description value="A person or entity in a group."/>
  <keyword>
    <system value="http://ncimeta.nci.nih.gov"/>
    <code value="C0682343"/>
    <display value="Member of Target Group"/>
  </keyword>
  <kind value="logical"/>
  <abstract value="false"/>
  <type value="shr-core-MemberParticipation-model"/>
  <baseDefinition value="http://hl7.org/fhir/StructureDefinition/Element"/>
  <derivation value="specialization"/>
  <snapshot>
    <element id="shr-core-MemberParticipation-model">
      <path value="shr-core-MemberParticipation-model"/>
      <definition value="A person or entity in a group."/>
      <min value="0"/>
      <max value="*"/>
      <base>
        <path value="shr-core-MemberParticipation-model"/>
        <min value="0"/>
        <max value="*"/>
      </base>
      <mustSupport value="false"/>
      <isModifier value="false"/>
      <isSummary value="false"/>
    </element>
    <element id="shr-core-MemberParticipation-model.member[x]">
      <path value="shr-core-MemberParticipation-model.member[x]"/>
      <short value="A person or entity in a group."/>
      <definition value="A person or entity in a group."/>
      <min value="1"/>
      <max value="1"/>
      <base>
        <path value="shr-core-MemberParticipation-model.member[x]"/>
        <min value="1"/>
        <max value="1"/>
      </base>
      <type>
        <code value="Reference"/>
        <targetProfile value="http://hl7.org/fhir/us/shr/StructureDefinition/shr-core-Patient-model"/>
      </type>
      <type>
        <code value="Reference"/>
        <targetProfile value="http://hl7.org/fhir/us/shr/StructureDefinition/shr-core-Practitioner-model"/>
      </type>
      <type>
        <code value="Reference"/>
        <targetProfile value="http://hl7.org/fhir/us/shr/StructureDefinition/shr-core-Device-model"/>
      </type>
      <type>
        <code value="Reference"/>
        <targetProfile value="http://hl7.org/fhir/us/shr/StructureDefinition/shr-core-Medication-model"/>
      </type>
      <type>
        <code value="Reference"/>
        <targetProfile value="http://hl7.org/fhir/us/shr/StructureDefinition/shr-core-Substance-model"/>
      </type>
      <mustSupport value="false"/>
      <isModifier value="false"/>
      <isSummary value="false"/>
    </element>
    <element id="shr-core-MemberParticipation-model.participationPeriod">
      <path value="shr-core-MemberParticipation-model.participationPeriod"/>
      <short value="The point in time or span of time the participant is involved."/>
      <definition value="The point in time or span of time the participant is involved."/>
      <min value="0"/>
      <max value="1"/>
      <base>
        <path value="shr-core-MemberParticipation-model.participationPeriod"/>
        <min value="0"/>
        <max value="1"/>
      </base>
      <type>
        <code value="http://hl7.org/fhir/us/shr/StructureDefinition/shr-core-TimePeriod-model"/>
      </type>
      <mustSupport value="false"/>
      <isModifier value="false"/>
      <isSummary value="false"/>
    </element>
    <element id="shr-core-MemberParticipation-model.inactive">
      <path value="shr-core-MemberParticipation-model.inactive"/>
      <short value="A flag that indicates whether this item is inactive."/>
      <definition value="A flag that indicates whether this item is inactive."/>
      <min value="1"/>
      <max value="1"/>
      <base>
        <path value="shr-core-MemberParticipation-model.inactive"/>
        <min value="1"/>
        <max value="1"/>
      </base>
      <type>
        <code value="boolean"/>
      </type>
      <mustSupport value="false"/>
      <isModifier value="false"/>
      <isSummary value="false"/>
    </element>
  </snapshot>
  <differential>
    <element id="shr-core-MemberParticipation-model">
      <path value="shr-core-MemberParticipation-model"/>
      <definition value="A person or entity in a group."/>
      <min value="0"/>
      <max value="*"/>
      <base>
        <path value="shr-core-MemberParticipation-model"/>
        <min value="0"/>
        <max value="*"/>
      </base>
      <mustSupport value="false"/>
      <isModifier value="false"/>
      <isSummary value="false"/>
    </element>
    <element id="shr-core-MemberParticipation-model.member[x]">
      <path value="shr-core-MemberParticipation-model.member[x]"/>
      <short value="A person or entity in a group."/>
      <definition value="A person or entity in a group."/>
      <min value="1"/>
      <max value="1"/>
      <base>
        <path value="shr-core-MemberParticipation-model.member[x]"/>
        <min value="1"/>
        <max value="1"/>
      </base>
      <type>
        <code value="Reference"/>
        <targetProfile value="http://hl7.org/fhir/us/shr/StructureDefinition/shr-core-Patient-model"/>
      </type>
      <type>
        <code value="Reference"/>
        <targetProfile value="http://hl7.org/fhir/us/shr/StructureDefinition/shr-core-Practitioner-model"/>
      </type>
      <type>
        <code value="Reference"/>
        <targetProfile value="http://hl7.org/fhir/us/shr/StructureDefinition/shr-core-Device-model"/>
      </type>
      <type>
        <code value="Reference"/>
        <targetProfile value="http://hl7.org/fhir/us/shr/StructureDefinition/shr-core-Medication-model"/>
      </type>
      <type>
        <code value="Reference"/>
        <targetProfile value="http://hl7.org/fhir/us/shr/StructureDefinition/shr-core-Substance-model"/>
      </type>
      <mustSupport value="false"/>
      <isModifier value="false"/>
      <isSummary value="false"/>
    </element>
    <element id="shr-core-MemberParticipation-model.participationPeriod">
      <path value="shr-core-MemberParticipation-model.participationPeriod"/>
      <short value="The point in time or span of time the participant is involved."/>
      <definition value="The point in time or span of time the participant is involved."/>
      <min value="0"/>
      <max value="1"/>
      <base>
        <path value="shr-core-MemberParticipation-model.participationPeriod"/>
        <min value="0"/>
        <max value="1"/>
      </base>
      <type>
        <code value="http://hl7.org/fhir/us/shr/StructureDefinition/shr-core-TimePeriod-model"/>
      </type>
      <mustSupport value="false"/>
      <isModifier value="false"/>
      <isSummary value="false"/>
    </element>
    <element id="shr-core-MemberParticipation-model.inactive">
      <path value="shr-core-MemberParticipation-model.inactive"/>
      <short value="A flag that indicates whether this item is inactive."/>
      <definition value="A flag that indicates whether this item is inactive."/>
      <min value="1"/>
      <max value="1"/>
      <base>
        <path value="shr-core-MemberParticipation-model.inactive"/>
        <min value="1"/>
        <max value="1"/>
      </base>
      <type>
        <code value="boolean"/>
      </type>
      <mustSupport value="false"/>
      <isModifier value="false"/>
      <isSummary value="false"/>
    </element>
  </differential>
</StructureDefinition>