<?xml version="1.0" encoding="UTF-8"?>

<StructureDefinition xmlns="http://hl7.org/fhir">
  <id value="shr-core-Hash-model"/>
  <text>
    <status value="generated"/><div xmlns="http://www.w3.org/1999/xhtml">
  <p><b>Hash Logical Model</b></p>
  <p>A hash code of the data (sha-1, base64ed)</p>
</div>
  </text>
  <url value="http://hl7.org/fhir/us/shr/StructureDefinition/shr-core-Hash-model"/>
  <identifier>
    <system value="http://hl7.org/fhir/us/shrcore"/>
    <value value="shr.core.Hash"/>
  </identifier>
  <version value="0.6.0"/>
  <name value="Hash"/>
  <title value="shr-core-Hash"/>
  <status value="draft"/>
  <date value="2019-05-07T00:00:00-04:00"/>
  <publisher value="The MITRE Corporation"/>
  <contact>
    <telecom>
      <system value="url"/>
      <value value="http://www.standardhealthrecord.org"/>
    </telecom>
  </contact>
  <description value="A hash code of the data (sha-1, base64ed)"/>
  <kind value="logical"/>
  <abstract value="false"/>
  <type value="shr-core-Hash-model"/>
  <baseDefinition value="http://hl7.org/fhir/StructureDefinition/Element"/>
  <derivation value="specialization"/>
  <snapshot>
    <element id="shr-core-Hash-model">
      <path value="shr-core-Hash-model"/>
      <definition value="A hash code of the data (sha-1, base64ed)"/>
      <min value="0"/>
      <max value="*"/>
      <base>
        <path value="shr-core-Hash-model"/>
        <min value="0"/>
        <max value="*"/>
      </base>
      <mustSupport value="false"/>
      <isModifier value="false"/>
      <isSummary value="false"/>
    </element>
    <element id="shr-core-Hash-model.value">
      <path value="shr-core-Hash-model.value"/>
      <short value="Base64Binary representing a hash code of the data (sha-1, base64ed)"/>
      <definition value="Base64Binary representing a hash code of the data (sha-1, base64ed)"/>
      <min value="1"/>
      <max value="1"/>
      <base>
        <path value="shr-core-Hash-model.value"/>
        <min value="1"/>
        <max value="1"/>
      </base>
      <type>
        <code value="base64Binary"/>
      </type>
      <mustSupport value="false"/>
      <isModifier value="false"/>
      <isSummary value="false"/>
    </element>
  </snapshot>
  <differential>
    <element id="shr-core-Hash-model">
      <path value="shr-core-Hash-model"/>
      <definition value="A hash code of the data (sha-1, base64ed)"/>
      <min value="0"/>
      <max value="*"/>
      <base>
        <path value="shr-core-Hash-model"/>
        <min value="0"/>
        <max value="*"/>
      </base>
      <mustSupport value="false"/>
      <isModifier value="false"/>
      <isSummary value="false"/>
    </element>
    <element id="shr-core-Hash-model.value">
      <path value="shr-core-Hash-model.value"/>
      <short value="Base64Binary representing a hash code of the data (sha-1, base64ed)"/>
      <definition value="Base64Binary representing a hash code of the data (sha-1, base64ed)"/>
      <min value="1"/>
      <max value="1"/>
      <base>
        <path value="shr-core-Hash-model.value"/>
        <min value="1"/>
        <max value="1"/>
      </base>
      <type>
        <code value="base64Binary"/>
      </type>
      <mustSupport value="false"/>
      <isModifier value="false"/>
      <isSummary value="false"/>
    </element>
  </differential>
</StructureDefinition>