<?xml version="1.0" encoding="UTF-8"?>

<StructureDefinition xmlns="http://hl7.org/fhir">
  <id value="shr-core-SamePersonAs-model"/>
  <text>
    <status value="generated"/><div xmlns="http://www.w3.org/1999/xhtml">
  <p><b>SamePersonAs Logical Model</b></p>
  <p>Link to another patient resource that concerns the same actual patient.</p>
</div>
  </text>
  <url value="http://hl7.org/fhir/us/shr/StructureDefinition/shr-core-SamePersonAs-model"/>
  <identifier>
    <system value="http://hl7.org/fhir/us/shrcore"/>
    <value value="shr.core.SamePersonAs"/>
  </identifier>
  <version value="0.6.0"/>
  <name value="SamePersonAs"/>
  <title value="shr-core-SamePersonAs"/>
  <status value="draft"/>
  <date value="2019-05-07T00:00:00-04:00"/>
  <publisher value="The MITRE Corporation"/>
  <contact>
    <telecom>
      <system value="url"/>
      <value value="http://www.standardhealthrecord.org"/>
    </telecom>
  </contact>
  <description value="Link to another patient resource that concerns the same actual patient."/>
  <kind value="logical"/>
  <abstract value="false"/>
  <type value="shr-core-SamePersonAs-model"/>
  <baseDefinition value="http://hl7.org/fhir/StructureDefinition/Element"/>
  <derivation value="specialization"/>
  <snapshot>
    <element id="shr-core-SamePersonAs-model">
      <path value="shr-core-SamePersonAs-model"/>
      <definition value="Link to another patient resource that concerns the same actual patient."/>
      <min value="0"/>
      <max value="*"/>
      <base>
        <path value="shr-core-SamePersonAs-model"/>
        <min value="0"/>
        <max value="*"/>
      </base>
      <mustSupport value="false"/>
      <isModifier value="false"/>
      <isSummary value="false"/>
    </element>
    <element id="shr-core-SamePersonAs-model.patient">
      <path value="shr-core-SamePersonAs-model.patient"/>
      <code>
        <system value="http://ncimeta.nci.nih.gov"/>
        <code value="C1299487"/>
      </code>
      <short value="A person in the role of a patient. Sometimes, the patient is not the subject of information in a clinical statement where the Patient is the SubjectOfRecord."/>
      <definition value="A person in the role of a patient. Sometimes, the patient is not the subject of information in a clinical statement where the Patient is the SubjectOfRecord.&#xA;&#xA;SHR follows Argonaut and makes the value set binding on marital status required. MaritalStatus has a required binding in Argonaut, but an extensible binding in US-Core. To be feasible under both DSTU2 Argonaut and STU3 US-Core, the required binding strength is adopted."/>
      <min value="1"/>
      <max value="1"/>
      <base>
        <path value="shr-core-SamePersonAs-model.patient"/>
        <min value="1"/>
        <max value="1"/>
      </base>
      <type>
        <code value="Reference"/>
        <targetProfile value="http://hl7.org/fhir/us/shr/StructureDefinition/shr-core-Patient-model"/>
      </type>
      <mustSupport value="false"/>
      <isModifier value="false"/>
      <isSummary value="false"/>
    </element>
    <element id="shr-core-SamePersonAs-model.relationship">
      <path value="shr-core-SamePersonAs-model.relationship"/>
      <short value="A description of the association between people or items."/>
      <definition value="A description of the association between people or items."/>
      <min value="1"/>
      <max value="1"/>
      <base>
        <path value="shr-core-SamePersonAs-model.relationship"/>
        <min value="1"/>
        <max value="1"/>
      </base>
      <type>
        <code value="Coding"/>
      </type>
      <mustSupport value="false"/>
      <isModifier value="false"/>
      <isSummary value="false"/>
      <binding>
        <strength value="required"/>
        <valueSetReference>
          <reference value="http://hl7.org/fhir/ValueSet/link-type"/>
        </valueSetReference>
      </binding>
    </element>
  </snapshot>
  <differential>
    <element id="shr-core-SamePersonAs-model">
      <path value="shr-core-SamePersonAs-model"/>
      <definition value="Link to another patient resource that concerns the same actual patient."/>
      <min value="0"/>
      <max value="*"/>
      <base>
        <path value="shr-core-SamePersonAs-model"/>
        <min value="0"/>
        <max value="*"/>
      </base>
      <mustSupport value="false"/>
      <isModifier value="false"/>
      <isSummary value="false"/>
    </element>
    <element id="shr-core-SamePersonAs-model.patient">
      <path value="shr-core-SamePersonAs-model.patient"/>
      <code>
        <system value="http://ncimeta.nci.nih.gov"/>
        <code value="C1299487"/>
      </code>
      <short value="A person in the role of a patient. Sometimes, the patient is not the subject of information in a clinical statement where the Patient is the SubjectOfRecord."/>
      <definition value="A person in the role of a patient. Sometimes, the patient is not the subject of information in a clinical statement where the Patient is the SubjectOfRecord.&#xA;&#xA;SHR follows Argonaut and makes the value set binding on marital status required. MaritalStatus has a required binding in Argonaut, but an extensible binding in US-Core. To be feasible under both DSTU2 Argonaut and STU3 US-Core, the required binding strength is adopted."/>
      <min value="1"/>
      <max value="1"/>
      <base>
        <path value="shr-core-SamePersonAs-model.patient"/>
        <min value="1"/>
        <max value="1"/>
      </base>
      <type>
        <code value="Reference"/>
        <targetProfile value="http://hl7.org/fhir/us/shr/StructureDefinition/shr-core-Patient-model"/>
      </type>
      <mustSupport value="false"/>
      <isModifier value="false"/>
      <isSummary value="false"/>
    </element>
    <element id="shr-core-SamePersonAs-model.relationship">
      <path value="shr-core-SamePersonAs-model.relationship"/>
      <short value="A description of the association between people or items."/>
      <definition value="A description of the association between people or items."/>
      <min value="1"/>
      <max value="1"/>
      <base>
        <path value="shr-core-SamePersonAs-model.relationship"/>
        <min value="1"/>
        <max value="1"/>
      </base>
      <type>
        <code value="Coding"/>
      </type>
      <mustSupport value="false"/>
      <isModifier value="false"/>
      <isSummary value="false"/>
      <binding>
        <strength value="required"/>
        <valueSetReference>
          <reference value="http://hl7.org/fhir/ValueSet/link-type"/>
        </valueSetReference>
      </binding>
    </element>
  </differential>
</StructureDefinition>