<?xml version="1.0" encoding="UTF-8"?>

<StructureDefinition xmlns="http://hl7.org/fhir">
  <id value="shr-core-CreationDateTime-model"/>
  <text>
    <status value="generated"/><div xmlns="http://www.w3.org/1999/xhtml">
  <p><b>CreationDateTime Logical Model</b></p>
  <p>The point in time when the item was created.</p>
</div>
  </text>
  <url value="http://hl7.org/fhir/us/shr/StructureDefinition/shr-core-CreationDateTime-model"/>
  <identifier>
    <system value="http://hl7.org/fhir/us/shrcore"/>
    <value value="shr.core.CreationDateTime"/>
  </identifier>
  <version value="0.5.0"/>
  <name value="CreationDateTime"/>
  <title value="shr-core-CreationDateTime"/>
  <status value="draft"/>
  <date value="2019-05-01T00:00:00-04:00"/>
  <publisher value="The MITRE Corporation"/>
  <contact>
    <telecom>
      <system value="url"/>
      <value value="http://www.standardhealthrecord.org"/>
    </telecom>
  </contact>
  <description value="The point in time when the item was created."/>
  <keyword>
    <system value="http://ncimeta.nci.nih.gov"/>
    <code value="C3669169"/>
  </keyword>
  <kind value="logical"/>
  <abstract value="false"/>
  <type value="shr-core-CreationDateTime-model"/>
  <baseDefinition value="http://hl7.org/fhir/StructureDefinition/Element"/>
  <derivation value="specialization"/>
  <snapshot>
    <element id="shr-core-CreationDateTime-model">
      <path value="shr-core-CreationDateTime-model"/>
      <definition value="The point in time when the item was created."/>
      <min value="0"/>
      <max value="*"/>
      <base>
        <path value="shr-core-CreationDateTime-model"/>
        <min value="0"/>
        <max value="*"/>
      </base>
      <mustSupport value="false"/>
      <isModifier value="false"/>
      <isSummary value="false"/>
    </element>
    <element id="shr-core-CreationDateTime-model.value">
      <path value="shr-core-CreationDateTime-model.value"/>
      <short value="DateTime representing the point in time when the item was created."/>
      <definition value="DateTime representing the point in time when the item was created."/>
      <min value="1"/>
      <max value="1"/>
      <base>
        <path value="shr-core-CreationDateTime-model.value"/>
        <min value="1"/>
        <max value="1"/>
      </base>
      <type>
        <code value="dateTime"/>
      </type>
      <mustSupport value="false"/>
      <isModifier value="false"/>
      <isSummary value="false"/>
    </element>
  </snapshot>
  <differential>
    <element id="shr-core-CreationDateTime-model">
      <path value="shr-core-CreationDateTime-model"/>
      <definition value="The point in time when the item was created."/>
      <min value="0"/>
      <max value="*"/>
      <base>
        <path value="shr-core-CreationDateTime-model"/>
        <min value="0"/>
        <max value="*"/>
      </base>
      <mustSupport value="false"/>
      <isModifier value="false"/>
      <isSummary value="false"/>
    </element>
    <element id="shr-core-CreationDateTime-model.value">
      <path value="shr-core-CreationDateTime-model.value"/>
      <short value="DateTime representing the point in time when the item was created."/>
      <definition value="DateTime representing the point in time when the item was created."/>
      <min value="1"/>
      <max value="1"/>
      <base>
        <path value="shr-core-CreationDateTime-model.value"/>
        <min value="1"/>
        <max value="1"/>
      </base>
      <type>
        <code value="dateTime"/>
      </type>
      <mustSupport value="false"/>
      <isModifier value="false"/>
      <isSummary value="false"/>
    </element>
  </differential>
</StructureDefinition>