<?xml version="1.0" encoding="UTF-8"?>

<StructureDefinition xmlns="http://hl7.org/fhir">
  <id value="shr-core-Dosage"/>
  <text>
    <status value="generated"/><div xmlns="http://www.w3.org/1999/xhtml">
  <p><b>Dosage Profile</b></p>
  <p>The dosage of the medication. The data structure is flexible and can describe a dosage prescribed, administered, or reported.</p>
  <p><b>Mapping Summary</b></p>
  <p><pre>shr.core.Dosage maps to Dosage:
  DoseSequenceNumber maps to sequence
  InstructionText maps to text
  InstructionCode maps to additionalInstruction
  PatientInstruction maps to patientInstruction
  Timing maps to timing
  AsNeeded maps to asNeeded[x]
  AdministrationSite maps to site
  RouteIntoBody maps to route
  Method maps to method
  DoseAndRate.DoseAmount maps to dose[x]
  DoseAndRate.DoseRate maps to rate[x]
  MaxDosePerPeriod maps to maxDosePerPeriod
  MaxDosePerAdministration maps to maxDosePerAdministration
  MaxDosePerLifetime maps to maxDosePerLifetime
</pre></p>
</div>
  </text>
  <url value="http://hl7.org/fhir/us/shr/StructureDefinition/shr-core-Dosage"/>
  <identifier>
    <system value="http://hl7.org/fhir/us/shrcore"/>
    <value value="shr.core.Dosage"/>
  </identifier>
  <version value="0.5.0"/>
  <name value="Dosage"/>
  <title value="shr-core-Dosage"/>
  <status value="draft"/>
  <date value="2019-05-01T00:00:00-04:00"/>
  <publisher value="The MITRE Corporation"/>
  <contact>
    <telecom>
      <system value="url"/>
      <value value="http://www.standardhealthrecord.org"/>
    </telecom>
  </contact>
  <description value="The dosage of the medication. The data structure is flexible and can describe a dosage prescribed, administered, or reported."/>
  <fhirVersion value="3.0.1"/>
  <mapping>
    <identity value="rim"/>
    <uri value="http://hl7.org/v3"/>
    <name value="RIM Mapping"/>
  </mapping>
  <kind value="complex-type"/>
  <abstract value="false"/>
  <type value="Dosage"/>
  <baseDefinition value="http://hl7.org/fhir/StructureDefinition/Dosage"/>
  <derivation value="constraint"/>
  <snapshot>
    <element id="Dosage:shr-core-Dosage">
      <path value="Dosage"/>
      <short value="shr-core-Dosage"/>
      <definition value="The dosage of the medication. The data structure is flexible and can describe a dosage prescribed, administered, or reported."/>
      <min value="0"/>
      <max value="*"/>
      <condition value="ele-1"/>
      <constraint>
        <key value="ele-1"/>
        <severity value="error"/>
        <human value="All FHIR elements must have a @value or children"/>
        <expression value="hasValue() | (children().count() &gt; id.count())"/>
        <xpath value="@value|f:*|h:div"/>
        <source value="Element"/>
      </constraint>
      <mapping>
        <identity value="rim"/>
        <map value="n/a"/>
      </mapping>
      <mapping>
        <identity value="rim"/>
        <map value=".outboundRelationship[typeCode=COMP].target[classCode=SBADM, moodCode=INT]"/>
      </mapping>
    </element>
    <element id="Dosage:shr-core-Dosage.id">
      <path value="Dosage.id"/>
      <representation value="xmlAttr"/>
      <short value="xml:id (or equivalent in JSON)"/>
      <definition value="unique id for the element within a resource (for internal references). This may be any string value that does not contain spaces."/>
      <min value="0"/>
      <max value="1"/>
      <base>
        <path value="Element.id"/>
        <min value="0"/>
        <max value="1"/>
      </base>
      <type>
        <code value="string"/>
      </type>
      <mapping>
        <identity value="rim"/>
        <map value="n/a"/>
      </mapping>
    </element>
    <element id="Dosage:shr-core-Dosage.extension">
      <path value="Dosage.extension"/>
      <slicing>
        <discriminator>
          <type value="value"/>
          <path value="url"/>
        </discriminator>
        <description value="Extensions are always sliced by (at least) url"/>
        <rules value="open"/>
      </slicing>
      <short value="Additional Content defined by implementations"/>
      <definition value="May be used to represent additional information that is not part of the basic definition of the element. In order to make the use of extensions safe and manageable, there is a strict set of governance  applied to the definition and use of extensions. Though any implementer is allowed to define an extension, there is a set of requirements that SHALL be met as part of the definition of the extension."/>
      <comment value="There can be no stigma associated with the use of extensions by any application, project, or standard - regardless of the institution or jurisdiction that uses or defines the extensions.  The use of extensions is what allows the FHIR specification to retain a core level of simplicity for everyone."/>
      <alias value="extensions"/>
      <alias value="user content"/>
      <min value="0"/>
      <max value="*"/>
      <base>
        <path value="Element.extension"/>
        <min value="0"/>
        <max value="*"/>
      </base>
      <type>
        <code value="Extension"/>
      </type>
      <mapping>
        <identity value="rim"/>
        <map value="n/a"/>
      </mapping>
    </element>
    <element id="Dosage:shr-core-Dosage.sequence">
      <path value="Dosage.sequence"/>
      <short value="The order of the dosage instructions"/>
      <definition value="Indicates the order in which the dosage instructions should be applied or interpreted."/>
      <requirements value="If the sequence number of multiple Dosages is the same, then it is implied that the instructions are to be treated as concurrent.  If the sequence number is different, then the Dosages are intended to be sequential."/>
      <min value="0"/>
      <max value="1"/>
      <type>
        <code value="integer"/>
      </type>
      <isSummary value="true"/>
      <mapping>
        <identity value="rim"/>
        <map value=".text"/>
      </mapping>
    </element>
    <element id="Dosage:shr-core-Dosage.text">
      <path value="Dosage.text"/>
      <short value="Free text dosage instructions e.g. SIG"/>
      <definition value="Free text dosage instructions e.g. SIG."/>
      <requirements value="Free text dosage instructions can be used for cases where the instructions are too complex to code.  The content of this attribute does not include the name or description of the medication. When coded instructions are present, the free text instructions may still be present for display to humans taking or administering the medication. It is expected that the text instructions will always be populated.  If the dosage.timing attribute is also populated, then the dosage.text should reflect the same information as the timing."/>
      <min value="0"/>
      <max value="1"/>
      <type>
        <code value="string"/>
      </type>
      <isSummary value="true"/>
      <mapping>
        <identity value="rim"/>
        <map value=".text"/>
      </mapping>
    </element>
    <element id="Dosage:shr-core-Dosage.additionalInstruction">
      <path value="Dosage.additionalInstruction"/>
      <short value="Supplemental instruction - e.g. &quot;with meals&quot;"/>
      <definition value="Supplemental instruction - e.g. &quot;with meals&quot;."/>
      <requirements value="Additional instruction such as &quot;Swallow with plenty of water&quot; which may or may not be coded."/>
      <min value="0"/>
      <max value="*"/>
      <type>
        <code value="CodeableConcept"/>
      </type>
      <isSummary value="true"/>
      <binding>
        <extension url="http://hl7.org/fhir/StructureDefinition/elementdefinition-bindingName">
          <valueString value="AdditionalInstruction"/>
        </extension>
        <strength value="example"/>
        <description value="A coded concept identifying additional instructions such as &quot;take with water&quot; or &quot;avoid operating heavy machinery&quot;."/>
        <valueSetReference>
          <reference value="http://hl7.org/fhir/ValueSet/additional-instruction-codes"/>
        </valueSetReference>
      </binding>
      <mapping>
        <identity value="rim"/>
        <map value=".text"/>
      </mapping>
    </element>
    <element id="Dosage:shr-core-Dosage.patientInstruction">
      <path value="Dosage.patientInstruction"/>
      <short value="Patient or consumer oriented instructions"/>
      <definition value="Instructions in terms that are understood by the patient or consumer."/>
      <min value="0"/>
      <max value="1"/>
      <type>
        <code value="string"/>
      </type>
      <isSummary value="true"/>
      <mapping>
        <identity value="rim"/>
        <map value=".text"/>
      </mapping>
    </element>
    <element id="Dosage:shr-core-Dosage.timing">
      <path value="Dosage.timing"/>
      <short value="When medication should be administered"/>
      <definition value="When medication should be administered."/>
      <comment value="This attribute may not always be populated while the Dosage.text is expected to be populated.  If both are populated, then the Dosage.text should reflect the content of the Dosage.timing."/>
      <requirements value="The timing schedule for giving the medication to the patient. The Schedule data type allows many different expressions. For example: &quot;Every 8 hours&quot;; &quot;Three times a day&quot;; &quot;1/2 an hour before breakfast for 10 days from 23-Dec 2011:&quot;; &quot;15 Oct 2013, 17 Oct 2013 and 1 Nov 2013&quot;.  Sometimes, a rate can imply duration when expressed as total volume / duration (e.g.  500mL/2 hours implies a duration of 2 hours).  However, when rate doesn&#39;t imply duration (e.g. 250mL/hour), then the timing.repeat.duration is needed to convey the infuse over time period."/>
      <min value="0"/>
      <max value="1"/>
      <type>
        <code value="Timing"/>
        <profile value="http://hl7.org/fhir/us/shr/StructureDefinition/shr-core-Timing"/>
      </type>
      <isSummary value="true"/>
      <mapping>
        <identity value="rim"/>
        <map value=".effectiveTime"/>
      </mapping>
    </element>
    <element id="Dosage:shr-core-Dosage.asNeeded[x]">
      <path value="Dosage.asNeeded[x]"/>
      <short value="Take &quot;as needed&quot; (for x)"/>
      <definition value="Indicates whether the Medication is only taken when needed within a specific dosing schedule (Boolean option), or it indicates the precondition for taking the Medication (CodeableConcept)."/>
      <comment value="Can express &quot;as needed&quot; without a reason by setting the Boolean = True.  In this case the CodeableConcept is not populated.  Or you can express &quot;as needed&quot; with a reason by including the CodeableConcept.  In this case the Boolean is assumed to be True.  If you set the Boolean to False, then the dose is given according to the schedule and is not &quot;prn&quot; or &quot;as needed&quot;."/>
      <min value="0"/>
      <max value="1"/>
      <type>
        <code value="boolean"/>
      </type>
      <type>
        <code value="CodeableConcept"/>
      </type>
      <isSummary value="true"/>
      <binding>
        <extension url="http://hl7.org/fhir/StructureDefinition/elementdefinition-bindingName">
          <valueString value="MedicationAsNeededReason"/>
        </extension>
        <strength value="example"/>
        <description value="A coded concept identifying the precondition that should be met or evaluated prior to consuming or administering a medication dose.  For example &quot;pain&quot;, &quot;30 minutes prior to sexual intercourse&quot;, &quot;on flare-up&quot; etc."/>
        <valueSetReference>
          <reference value="http://hl7.org/fhir/ValueSet/medication-as-needed-reason"/>
        </valueSetReference>
      </binding>
      <mapping>
        <identity value="rim"/>
        <map value=".outboundRelationship[typeCode=PRCN].target[classCode=OBS, moodCode=EVN, code=&quot;as needed&quot;].value=boolean or codable concept"/>
      </mapping>
    </element>
    <element id="Dosage:shr-core-Dosage.site">
      <path value="Dosage.site"/>
      <short value="Body site to administer to"/>
      <definition value="Body site to administer to."/>
      <comment value="If the use case requires attributes from the BodySite resource (e.g. to identify and track separately) then use the standard extension [body-site-instance](extension-body-site-instance.html).  May be a summary code, or a reference to a very precise definition of the location, or both."/>
      <requirements value="A coded specification of the anatomic site where the medication first enters the body."/>
      <min value="0"/>
      <max value="1"/>
      <type>
        <code value="CodeableConcept"/>
      </type>
      <isSummary value="true"/>
      <binding>
        <strength value="example"/>
        <valueSetReference>
          <reference value="http://hl7.org/fhir/us/shrcore/shr/core/vs/BodyLocationVS"/>
        </valueSetReference>
      </binding>
      <mapping>
        <identity value="rim"/>
        <map value=".approachSiteCode"/>
      </mapping>
    </element>
    <element id="Dosage:shr-core-Dosage.route">
      <path value="Dosage.route"/>
      <short value="How drug should enter body"/>
      <definition value="How drug should enter body."/>
      <requirements value="A code specifying the route or physiological path of administration of a therapeutic agent into or onto a patient&#39;s body."/>
      <min value="0"/>
      <max value="1"/>
      <type>
        <code value="CodeableConcept"/>
      </type>
      <isSummary value="true"/>
      <binding>
        <extension url="http://hl7.org/fhir/StructureDefinition/elementdefinition-bindingName">
          <valueString value="RouteOfAdministration"/>
        </extension>
        <strength value="required"/>
        <description value="A coded concept describing the route or physiological path of administration of a therapeutic agent into or onto the body of a subject."/>
        <valueSetReference>
          <reference value="http://hl7.org/fhir/ValueSet/route-codes"/>
        </valueSetReference>
      </binding>
      <mapping>
        <identity value="rim"/>
        <map value=".routeCode"/>
      </mapping>
    </element>
    <element id="Dosage:shr-core-Dosage.method">
      <path value="Dosage.method"/>
      <short value="Technique for administering medication"/>
      <definition value="Technique for administering medication."/>
      <comment value="Terminologies used often pre-coordinate this term with the route and or form of administration."/>
      <requirements value="A coded value indicating the method by which the medication is introduced into or onto the body. Most commonly used for injections.  For examples, Slow Push; Deep IV."/>
      <min value="0"/>
      <max value="1"/>
      <type>
        <code value="CodeableConcept"/>
      </type>
      <isSummary value="true"/>
      <binding>
        <extension url="http://hl7.org/fhir/StructureDefinition/elementdefinition-bindingName">
          <valueString value="MedicationAdministrationMethod"/>
        </extension>
        <strength value="preferred"/>
        <description value="A coded concept describing the technique by which the medicine is administered."/>
        <valueSetReference>
          <reference value="http://hl7.org/fhir/ValueSet/administration-method-codes"/>
        </valueSetReference>
      </binding>
      <mapping>
        <identity value="rim"/>
        <map value=".doseQuantity"/>
      </mapping>
    </element>
    <element id="Dosage:shr-core-Dosage.dose[x]">
      <path value="Dosage.dose[x]"/>
      <short value="Amount of medication per dose"/>
      <definition value="Amount of medication per dose."/>
      <comment value="Note that this specifies the quantity of the specified medication, not the quantity for each active ingredient(s). Each ingredient amount can be communicated in the Medication resource. For example, if one wants to communicate that a tablet was 375 mg, where the dose was one tablet, you can use the Medication resource to document that the tablet was comprised of 375 mg of drug XYZ. Alternatively if the dose was 375 mg, then you may only need to use the Medication resource to indicate this was a tablet. If the example were an IV such as dopamine and you wanted to communicate that 400mg of dopamine was mixed in 500 ml of some IV solution, then this would all be communicated in the Medication resource. If the administration is not intended to be instantaneous (rate is present or timing has a duration), this can be specified to convey the total amount to be administered over the period of time as indicated by the schedule e.g. 500 ml in dose, with timing used to convey that this should be done over 4 hours."/>
      <requirements value="The amount of therapeutic or other substance given at one administration event."/>
      <min value="0"/>
      <max value="1"/>
      <type>
        <code value="Range"/>
      </type>
      <type>
        <code value="Quantity"/>
        <profile value="http://hl7.org/fhir/StructureDefinition/SimpleQuantity"/>
      </type>
      <isSummary value="true"/>
      <mapping>
        <identity value="rim"/>
        <map value=".doseQuantity"/>
      </mapping>
    </element>
    <element id="Dosage:shr-core-Dosage.maxDosePerPeriod">
      <path value="Dosage.maxDosePerPeriod"/>
      <short value="Upper limit on medication per unit of time"/>
      <definition value="Upper limit on medication per unit of time."/>
      <comment value="This is intended for use as an adjunct to the dosage when there is an upper cap.  For example &quot;2 tablets every 4 hours to a maximum of 8/day&quot;."/>
      <requirements value="The maximum total quantity of a therapeutic substance that may be administered to a subject over the period of time.  For example, 1000mg in 24 hours."/>
      <min value="0"/>
      <max value="1"/>
      <type>
        <code value="Ratio"/>
      </type>
      <isSummary value="true"/>
      <mapping>
        <identity value="rim"/>
        <map value=".maxDoseQuantity"/>
      </mapping>
    </element>
    <element id="Dosage:shr-core-Dosage.maxDosePerAdministration">
      <path value="Dosage.maxDosePerAdministration"/>
      <short value="Upper limit on medication per administration"/>
      <definition value="Upper limit on medication per administration."/>
      <comment value="This is intended for use as an adjunct to the dosage when there is an upper cap.  For example, a body surface area related dose with a maximum amount, such as 1.5 mg/m2 (maximum 2 mg) IV over 5 &#x2013; 10 minutes would have doseQuantity of 1.5 mg/m2 and maxDosePerAdministration of 2 mg."/>
      <requirements value="The maximum total quantity of a therapeutic substance that may be administered to a subject per administration."/>
      <min value="0"/>
      <max value="1"/>
      <type>
        <code value="Quantity"/>
        <profile value="http://hl7.org/fhir/StructureDefinition/SimpleQuantity"/>
      </type>
      <isSummary value="true"/>
      <mapping>
        <identity value="rim"/>
        <map value="not supported"/>
      </mapping>
    </element>
    <element id="Dosage:shr-core-Dosage.maxDosePerLifetime">
      <path value="Dosage.maxDosePerLifetime"/>
      <short value="Upper limit on medication per lifetime of the patient"/>
      <definition value="Upper limit on medication per lifetime of the patient."/>
      <requirements value="The maximum total quantity of a therapeutic substance that may be administered per lifetime of the subject."/>
      <min value="0"/>
      <max value="1"/>
      <type>
        <code value="Quantity"/>
        <profile value="http://hl7.org/fhir/StructureDefinition/SimpleQuantity"/>
      </type>
      <isSummary value="true"/>
      <mapping>
        <identity value="rim"/>
        <map value="not supported"/>
      </mapping>
    </element>
    <element id="Dosage:shr-core-Dosage.rate[x]">
      <path value="Dosage.rate[x]"/>
      <short value="Amount of medication per unit of time"/>
      <definition value="Amount of medication per unit of time."/>
      <comment value="It is possible to supply both a rate and a doseQuantity to provide full details about how the medication is to be administered and supplied. If the rate is intended to change over time, depending on local rules/regulations, each change should be captured as a new version of the MedicationRequest with an updated rate, or captured with a new MedicationRequest with the new rate."/>
      <requirements value="Identifies the speed with which the medication was or will be introduced into the patient. Typically the rate for an infusion e.g. 100 ml per 1 hour or 100 ml/hr.  May also be expressed as a rate per unit of time e.g. 500 ml per 2 hours.   Other examples: 200 mcg/min or 200 mcg/1 minute; 1 liter/8 hours.  Sometimes, a rate can imply duration when expressed as total volume / duration (e.g.  500mL/2 hours implies a duration of 2 hours).  However, when rate doesn&#39;t imply duration (e.g. 250mL/hour), then the timing.repeat.duration is needed to convey the infuse over time period."/>
      <min value="0"/>
      <max value="1"/>
      <type>
        <code value="Ratio"/>
      </type>
      <type>
        <code value="Range"/>
      </type>
      <type>
        <code value="Quantity"/>
        <profile value="http://hl7.org/fhir/StructureDefinition/SimpleQuantity"/>
      </type>
      <isSummary value="true"/>
      <mapping>
        <identity value="rim"/>
        <map value=".rateQuantity"/>
      </mapping>
    </element>
  </snapshot>
  <differential>
    <element id="Dosage:shr-core-Dosage">
      <path value="Dosage"/>
      <short value="shr-core-Dosage"/>
      <definition value="The dosage of the medication. The data structure is flexible and can describe a dosage prescribed, administered, or reported."/>
    </element>
    <element id="Dosage:shr-core-Dosage.timing">
      <path value="Dosage.timing"/>
      <type>
        <code value="Timing"/>
        <profile value="http://hl7.org/fhir/us/shr/StructureDefinition/shr-core-Timing"/>
      </type>
    </element>
    <element id="Dosage:shr-core-Dosage.site">
      <path value="Dosage.site"/>
      <binding>
        <strength value="example"/>
        <valueSetReference>
          <reference value="http://hl7.org/fhir/us/shrcore/shr/core/vs/BodyLocationVS"/>
        </valueSetReference>
      </binding>
    </element>
    <element id="Dosage:shr-core-Dosage.route">
      <path value="Dosage.route"/>
      <binding>
        <extension url="http://hl7.org/fhir/StructureDefinition/elementdefinition-bindingName">
          <valueString value="RouteOfAdministration"/>
        </extension>
        <strength value="required"/>
        <description value="A coded concept describing the route or physiological path of administration of a therapeutic agent into or onto the body of a subject."/>
        <valueSetReference>
          <reference value="http://hl7.org/fhir/ValueSet/route-codes"/>
        </valueSetReference>
      </binding>
    </element>
    <element id="Dosage:shr-core-Dosage.method">
      <path value="Dosage.method"/>
      <binding>
        <extension url="http://hl7.org/fhir/StructureDefinition/elementdefinition-bindingName">
          <valueString value="MedicationAdministrationMethod"/>
        </extension>
        <strength value="preferred"/>
        <description value="A coded concept describing the technique by which the medicine is administered."/>
        <valueSetReference>
          <reference value="http://hl7.org/fhir/ValueSet/administration-method-codes"/>
        </valueSetReference>
      </binding>
    </element>
  </differential>
</StructureDefinition>