<?xml version="1.0" encoding="UTF-8"?>

<StructureDefinition xmlns="http://hl7.org/fhir">
  <id value="shr-core-AppointmentReasonReference-model"/>
  <text>
    <status value="generated"/><div xmlns="http://www.w3.org/1999/xhtml">
  <p><b>AppointmentReasonReference Logical Model</b></p>
  <p>Reason the appointment is to take place (resource)</p>
</div>
  </text>
  <url value="http://hl7.org/fhir/us/shr/StructureDefinition/shr-core-AppointmentReasonReference-model"/>
  <identifier>
    <system value="http://hl7.org/fhir/us/shrcore"/>
    <value value="shr.core.AppointmentReasonReference"/>
  </identifier>
  <version value="0.5.0"/>
  <name value="AppointmentReasonReference"/>
  <title value="shr-core-AppointmentReasonReference"/>
  <status value="draft"/>
  <date value="2019-05-01T00:00:00-04:00"/>
  <publisher value="The MITRE Corporation"/>
  <contact>
    <telecom>
      <system value="url"/>
      <value value="http://www.standardhealthrecord.org"/>
    </telecom>
  </contact>
  <description value="Reason the appointment is to take place (resource)"/>
  <kind value="logical"/>
  <abstract value="false"/>
  <type value="shr-core-AppointmentReasonReference-model"/>
  <baseDefinition value="http://hl7.org/fhir/StructureDefinition/Element"/>
  <derivation value="specialization"/>
  <snapshot>
    <element id="shr-core-AppointmentReasonReference-model">
      <path value="shr-core-AppointmentReasonReference-model"/>
      <definition value="Reason the appointment is to take place (resource)"/>
      <min value="0"/>
      <max value="*"/>
      <base>
        <path value="shr-core-AppointmentReasonReference-model"/>
        <min value="0"/>
        <max value="*"/>
      </base>
      <mustSupport value="false"/>
      <isModifier value="false"/>
      <isSummary value="false"/>
    </element>
    <element id="shr-core-AppointmentReasonReference-model.value[x]">
      <path value="shr-core-AppointmentReasonReference-model.value[x]"/>
      <slicing>
        <discriminator>
          <type value="type"/>
          <path value="$this"/>
        </discriminator>
        <ordered value="false"/>
        <rules value="open"/>
      </slicing>
      <short value="Choice of types representing reason the appointment is to take place (resource)"/>
      <definition value="Choice of types representing reason the appointment is to take place (resource)"/>
      <min value="1"/>
      <max value="1"/>
      <base>
        <path value="shr-core-AppointmentReasonReference-model.value[x]"/>
        <min value="1"/>
        <max value="1"/>
      </base>
      <type>
        <code value="Reference"/>
        <targetProfile value="http://hl7.org/fhir/us/shr/StructureDefinition/shr-core-Condition-model"/>
      </type>
      <type>
        <code value="Reference"/>
        <targetProfile value="http://hl7.org/fhir/us/shr/StructureDefinition/shr-core-Procedure-model"/>
      </type>
      <type>
        <code value="Reference"/>
        <targetProfile value="http://hl7.org/fhir/us/shr/StructureDefinition/shr-core-Observation-model"/>
      </type>
      <mustSupport value="false"/>
      <isModifier value="false"/>
      <isSummary value="false"/>
    </element>
    <element id="shr-core-AppointmentReasonReference-model.valueShr-core-Observation-model:Observation">
      <path value="shr-core-AppointmentReasonReference-model.valueShr-core-Observation-model"/>
      <sliceName value="Observation"/>
      <short value="Represents the result of evaluations (measurements, tests, or questions) that have been performed."/>
      <definition value="Represents the result of evaluations (measurements, tests, or questions) that have been performed.&#xA;Observation has a value representing the result (answer), or an DataAbsentReason indicating why the value is not present. Things observed about the subject can include social and behavioral factors, subjective and objective observations, and assessments.&#xA;For an Observation, the Code describes the aspect or property of the subject being observed or measured. The Code is the &#39;question code&#39; that pairs to the &#39;answer&#39; contained in the Value."/>
      <min value="1"/>
      <max value="1"/>
      <base>
        <path value="shr-core-AppointmentReasonReference-model.value[x]"/>
        <min value="1"/>
        <max value="1"/>
      </base>
      <type>
        <code value="Reference"/>
        <targetProfile value="http://hl7.org/fhir/us/shr/StructureDefinition/shr-core-Observation-model"/>
      </type>
      <mustSupport value="false"/>
      <isModifier value="false"/>
      <isSummary value="false"/>
    </element>
    <element id="shr-core-AppointmentReasonReference-model.valueShr-core-Procedure-model:Procedure">
      <path value="shr-core-AppointmentReasonReference-model.valueShr-core-Procedure-model"/>
      <sliceName value="Procedure"/>
      <short value="An action that is or was performed on or for a patient. This can be a physical intervention like an operation, or less invasive like long term services, counseling, or hypnotherapy."/>
      <definition value="An action that is or was performed on or for a patient. This can be a physical intervention like an operation, or less invasive like long term services, counseling, or hypnotherapy."/>
      <min value="1"/>
      <max value="1"/>
      <base>
        <path value="shr-core-AppointmentReasonReference-model.value[x]"/>
        <min value="1"/>
        <max value="1"/>
      </base>
      <type>
        <code value="Reference"/>
        <targetProfile value="http://hl7.org/fhir/us/shr/StructureDefinition/shr-core-Procedure-model"/>
      </type>
      <mustSupport value="false"/>
      <isModifier value="false"/>
      <isSummary value="false"/>
    </element>
    <element id="shr-core-AppointmentReasonReference-model.valueShr-core-Condition-model:Condition">
      <path value="shr-core-AppointmentReasonReference-model.valueShr-core-Condition-model"/>
      <sliceName value="Condition"/>
      <short value="A condition that is or may be present in a subject. &#39;Condition&#39; is interpreted broadly and could be a disorder, abnormality, problem, injury, complaint, functionality, illness, disease, ailment, sickness, affliction, upset, difficulty, disorder, symptom, worry, or trouble."/>
      <definition value="A condition that is or may be present in a subject. &#39;Condition&#39; is interpreted broadly and could be a disorder, abnormality, problem, injury, complaint, functionality, illness, disease, ailment, sickness, affliction, upset, difficulty, disorder, symptom, worry, or trouble.&#xA;The Observation-based class, ConditionAbsent, should be used to describe conditions that are not present or negative findings.&#xA;SHR Condition uses the SHR BodyLocation structure that includes not only a code, but optional laterality, direction, clock direction, and distance. If included, the distance is measured from the location specified by the code, laterality, and direction."/>
      <min value="1"/>
      <max value="1"/>
      <base>
        <path value="shr-core-AppointmentReasonReference-model.value[x]"/>
        <min value="1"/>
        <max value="1"/>
      </base>
      <type>
        <code value="Reference"/>
        <targetProfile value="http://hl7.org/fhir/us/shr/StructureDefinition/shr-core-Condition-model"/>
      </type>
      <mustSupport value="false"/>
      <isModifier value="false"/>
      <isSummary value="false"/>
    </element>
  </snapshot>
  <differential>
    <element id="shr-core-AppointmentReasonReference-model">
      <path value="shr-core-AppointmentReasonReference-model"/>
      <definition value="Reason the appointment is to take place (resource)"/>
      <min value="0"/>
      <max value="*"/>
      <base>
        <path value="shr-core-AppointmentReasonReference-model"/>
        <min value="0"/>
        <max value="*"/>
      </base>
      <mustSupport value="false"/>
      <isModifier value="false"/>
      <isSummary value="false"/>
    </element>
    <element id="shr-core-AppointmentReasonReference-model.value[x]">
      <path value="shr-core-AppointmentReasonReference-model.value[x]"/>
      <slicing>
        <discriminator>
          <type value="type"/>
          <path value="$this"/>
        </discriminator>
        <ordered value="false"/>
        <rules value="open"/>
      </slicing>
      <short value="Choice of types representing reason the appointment is to take place (resource)"/>
      <definition value="Choice of types representing reason the appointment is to take place (resource)"/>
      <min value="1"/>
      <max value="1"/>
      <base>
        <path value="shr-core-AppointmentReasonReference-model.value[x]"/>
        <min value="1"/>
        <max value="1"/>
      </base>
      <type>
        <code value="Reference"/>
        <targetProfile value="http://hl7.org/fhir/us/shr/StructureDefinition/shr-core-Condition-model"/>
      </type>
      <type>
        <code value="Reference"/>
        <targetProfile value="http://hl7.org/fhir/us/shr/StructureDefinition/shr-core-Procedure-model"/>
      </type>
      <type>
        <code value="Reference"/>
        <targetProfile value="http://hl7.org/fhir/us/shr/StructureDefinition/shr-core-Observation-model"/>
      </type>
      <mustSupport value="false"/>
      <isModifier value="false"/>
      <isSummary value="false"/>
    </element>
    <element id="shr-core-AppointmentReasonReference-model.valueShr-core-Observation-model:Observation">
      <path value="shr-core-AppointmentReasonReference-model.valueShr-core-Observation-model"/>
      <sliceName value="Observation"/>
      <short value="Represents the result of evaluations (measurements, tests, or questions) that have been performed."/>
      <definition value="Represents the result of evaluations (measurements, tests, or questions) that have been performed.&#xA;Observation has a value representing the result (answer), or an DataAbsentReason indicating why the value is not present. Things observed about the subject can include social and behavioral factors, subjective and objective observations, and assessments.&#xA;For an Observation, the Code describes the aspect or property of the subject being observed or measured. The Code is the &#39;question code&#39; that pairs to the &#39;answer&#39; contained in the Value."/>
      <min value="1"/>
      <max value="1"/>
      <base>
        <path value="shr-core-AppointmentReasonReference-model.value[x]"/>
        <min value="1"/>
        <max value="1"/>
      </base>
      <type>
        <code value="Reference"/>
        <targetProfile value="http://hl7.org/fhir/us/shr/StructureDefinition/shr-core-Observation-model"/>
      </type>
      <mustSupport value="false"/>
      <isModifier value="false"/>
      <isSummary value="false"/>
    </element>
    <element id="shr-core-AppointmentReasonReference-model.valueShr-core-Procedure-model:Procedure">
      <path value="shr-core-AppointmentReasonReference-model.valueShr-core-Procedure-model"/>
      <sliceName value="Procedure"/>
      <short value="An action that is or was performed on or for a patient. This can be a physical intervention like an operation, or less invasive like long term services, counseling, or hypnotherapy."/>
      <definition value="An action that is or was performed on or for a patient. This can be a physical intervention like an operation, or less invasive like long term services, counseling, or hypnotherapy."/>
      <min value="1"/>
      <max value="1"/>
      <base>
        <path value="shr-core-AppointmentReasonReference-model.value[x]"/>
        <min value="1"/>
        <max value="1"/>
      </base>
      <type>
        <code value="Reference"/>
        <targetProfile value="http://hl7.org/fhir/us/shr/StructureDefinition/shr-core-Procedure-model"/>
      </type>
      <mustSupport value="false"/>
      <isModifier value="false"/>
      <isSummary value="false"/>
    </element>
    <element id="shr-core-AppointmentReasonReference-model.valueShr-core-Condition-model:Condition">
      <path value="shr-core-AppointmentReasonReference-model.valueShr-core-Condition-model"/>
      <sliceName value="Condition"/>
      <short value="A condition that is or may be present in a subject. &#39;Condition&#39; is interpreted broadly and could be a disorder, abnormality, problem, injury, complaint, functionality, illness, disease, ailment, sickness, affliction, upset, difficulty, disorder, symptom, worry, or trouble."/>
      <definition value="A condition that is or may be present in a subject. &#39;Condition&#39; is interpreted broadly and could be a disorder, abnormality, problem, injury, complaint, functionality, illness, disease, ailment, sickness, affliction, upset, difficulty, disorder, symptom, worry, or trouble.&#xA;The Observation-based class, ConditionAbsent, should be used to describe conditions that are not present or negative findings.&#xA;SHR Condition uses the SHR BodyLocation structure that includes not only a code, but optional laterality, direction, clock direction, and distance. If included, the distance is measured from the location specified by the code, laterality, and direction."/>
      <min value="1"/>
      <max value="1"/>
      <base>
        <path value="shr-core-AppointmentReasonReference-model.value[x]"/>
        <min value="1"/>
        <max value="1"/>
      </base>
      <type>
        <code value="Reference"/>
        <targetProfile value="http://hl7.org/fhir/us/shr/StructureDefinition/shr-core-Condition-model"/>
      </type>
      <mustSupport value="false"/>
      <isModifier value="false"/>
      <isSummary value="false"/>
    </element>
  </differential>
</StructureDefinition>