<?xml version="1.0" encoding="UTF-8"?>

<StructureDefinition xmlns="http://hl7.org/fhir">
  <id value="shr-core-ProcedureRequest-model"/>
  <text>
    <status value="generated"/><div xmlns="http://www.w3.org/1999/xhtml">
  <p><b>ProcedureRequest Logical Model</b></p>
  <p>A request for a procedure to be performed. May be a proposal or an order.</p>
</div>
  </text>
  <url value="http://hl7.org/fhir/us/shr/StructureDefinition/shr-core-ProcedureRequest-model"/>
  <identifier>
    <system value="http://hl7.org/fhir/us/shrcore"/>
    <value value="shr.core.ProcedureRequest"/>
  </identifier>
  <version value="0.6.0"/>
  <name value="ProcedureRequest"/>
  <title value="shr-core-ProcedureRequest"/>
  <status value="draft"/>
  <date value="2019-05-07T00:00:00-04:00"/>
  <publisher value="The MITRE Corporation"/>
  <contact>
    <telecom>
      <system value="url"/>
      <value value="http://www.standardhealthrecord.org"/>
    </telecom>
  </contact>
  <description value="A request for a procedure to be performed. May be a proposal or an order."/>
  <kind value="logical"/>
  <abstract value="false"/>
  <type value="shr-core-ProcedureRequest-model"/>
  <baseDefinition value="http://hl7.org/fhir/StructureDefinition/Element"/>
  <derivation value="specialization"/>
  <snapshot>
    <element id="shr-core-ProcedureRequest-model">
      <path value="shr-core-ProcedureRequest-model"/>
      <definition value="A request for a procedure to be performed. May be a proposal or an order."/>
      <min value="0"/>
      <max value="*"/>
      <base>
        <path value="shr-core-ProcedureRequest-model"/>
        <min value="0"/>
        <max value="*"/>
      </base>
      <mustSupport value="false"/>
      <isModifier value="false"/>
      <isSummary value="false"/>
    </element>
    <element id="shr-core-ProcedureRequest-model.metadata">
      <path value="shr-core-ProcedureRequest-model.metadata"/>
      <short value="Elements that belong to all information items."/>
      <definition value="Elements that belong to all information items."/>
      <min value="0"/>
      <max value="1"/>
      <base>
        <path value="shr-core-ProcedureRequest-model.metadata"/>
        <min value="0"/>
        <max value="1"/>
      </base>
      <type>
        <code value="http://hl7.org/fhir/us/shr/StructureDefinition/shr-core-Metadata-model"/>
      </type>
      <mustSupport value="false"/>
      <isModifier value="false"/>
      <isSummary value="false"/>
    </element>
    <element id="shr-core-ProcedureRequest-model.language">
      <path value="shr-core-ProcedureRequest-model.language"/>
      <short value="A human language, spoken or written."/>
      <definition value="A human language, spoken or written."/>
      <min value="0"/>
      <max value="1"/>
      <base>
        <path value="shr-core-ProcedureRequest-model.language"/>
        <min value="0"/>
        <max value="1"/>
      </base>
      <type>
        <code value="Coding"/>
      </type>
      <mustSupport value="false"/>
      <isModifier value="false"/>
      <isSummary value="false"/>
    </element>
    <element id="shr-core-ProcedureRequest-model.implicitRules">
      <path value="shr-core-ProcedureRequest-model.implicitRules"/>
      <short value="A set of rules under which this content was created"/>
      <definition value="A set of rules under which this content was created"/>
      <min value="0"/>
      <max value="1"/>
      <base>
        <path value="shr-core-ProcedureRequest-model.implicitRules"/>
        <min value="0"/>
        <max value="1"/>
      </base>
      <type>
        <code value="uri"/>
      </type>
      <mustSupport value="false"/>
      <isModifier value="false"/>
      <isSummary value="false"/>
    </element>
    <element id="shr-core-ProcedureRequest-model.narrative">
      <path value="shr-core-ProcedureRequest-model.narrative"/>
      <short value="A human-readable narrative, potentially including images, that contains a summary of the resource, and may be used to represent the content of the resource to a human."/>
      <definition value="A human-readable narrative, potentially including images, that contains a summary of the resource, and may be used to represent the content of the resource to a human."/>
      <min value="0"/>
      <max value="1"/>
      <base>
        <path value="shr-core-ProcedureRequest-model.narrative"/>
        <min value="0"/>
        <max value="1"/>
      </base>
      <type>
        <code value="http://hl7.org/fhir/us/shr/StructureDefinition/shr-core-Narrative-model"/>
      </type>
      <mustSupport value="false"/>
      <isModifier value="false"/>
      <isSummary value="false"/>
    </element>
    <element id="shr-core-ProcedureRequest-model.status">
      <path value="shr-core-ProcedureRequest-model.status"/>
      <short value="A state that relates to the workflow or interpretation of this resource. Certain status values can modify the meaning of the resource, for example, entered-in-error. When a boolean value is used, Status of true indicates the record is active, false means inactive."/>
      <definition value="A state that relates to the workflow or interpretation of this resource. Certain status values can modify the meaning of the resource, for example, entered-in-error. When a boolean value is used, Status of true indicates the record is active, false means inactive."/>
      <min value="1"/>
      <max value="1"/>
      <base>
        <path value="shr-core-ProcedureRequest-model.status"/>
        <min value="1"/>
        <max value="1"/>
      </base>
      <type>
        <code value="Coding"/>
      </type>
      <mustSupport value="false"/>
      <isModifier value="false"/>
      <isSummary value="false"/>
    </element>
    <element id="shr-core-ProcedureRequest-model.identifier">
      <path value="shr-core-ProcedureRequest-model.identifier"/>
      <short value="Business identifier or external id for this resource."/>
      <definition value="Business identifier or external id for this resource."/>
      <min value="0"/>
      <max value="*"/>
      <base>
        <path value="shr-core-ProcedureRequest-model.identifier"/>
        <min value="0"/>
        <max value="*"/>
      </base>
      <type>
        <code value="http://hl7.org/fhir/us/shr/StructureDefinition/shr-core-Identifier-model"/>
      </type>
      <mustSupport value="false"/>
      <isModifier value="false"/>
      <isSummary value="false"/>
    </element>
    <element id="shr-core-ProcedureRequest-model.subjectOfRecord[x]">
      <path value="shr-core-ProcedureRequest-model.subjectOfRecord[x]"/>
      <short value="The subject of a clinical statement, often called the Patient or the Subject. The SubjectOfRecord typically identifies the clinical record in which this statement is contained. If the statement should be in John Doe&#39;s patient record, then John Doe is the subject of record. When there is no patient, the SubjectOfRecord can also be a location, group, or other entity that statement pertains to. For example, observations concerning a hospital ward would have a Location as the SubjectOfRecord."/>
      <definition value="The subject of a clinical statement, often called the Patient or the Subject. The SubjectOfRecord typically identifies the clinical record in which this statement is contained. If the statement should be in John Doe&#39;s patient record, then John Doe is the subject of record. When there is no patient, the SubjectOfRecord can also be a location, group, or other entity that statement pertains to. For example, observations concerning a hospital ward would have a Location as the SubjectOfRecord.&#xA;&#xA;Note that the word &#39;Subject&#39; is used here in the sense of a person or entity subjected to observations or actions, not subject as in a conceptual topic, like heart disease."/>
      <min value="1"/>
      <max value="1"/>
      <base>
        <path value="shr-core-ProcedureRequest-model.subjectOfRecord[x]"/>
        <min value="1"/>
        <max value="1"/>
      </base>
      <type>
        <code value="Reference"/>
        <targetProfile value="http://hl7.org/fhir/us/shr/StructureDefinition/shr-core-Patient-model"/>
      </type>
      <type>
        <code value="Reference"/>
        <targetProfile value="http://hl7.org/fhir/us/shr/StructureDefinition/shr-core-Practitioner-model"/>
      </type>
      <type>
        <code value="Reference"/>
        <targetProfile value="http://hl7.org/fhir/us/shr/StructureDefinition/shr-core-Group-model"/>
      </type>
      <type>
        <code value="Reference"/>
        <targetProfile value="http://hl7.org/fhir/us/shr/StructureDefinition/shr-core-Device-model"/>
      </type>
      <type>
        <code value="Reference"/>
        <targetProfile value="http://hl7.org/fhir/us/shr/StructureDefinition/shr-core-Specimen-model"/>
      </type>
      <type>
        <code value="Reference"/>
        <targetProfile value="http://hl7.org/fhir/us/shr/StructureDefinition/shr-core-Location-model"/>
      </type>
      <type>
        <code value="Reference"/>
        <targetProfile value="http://hl7.org/fhir/us/shr/StructureDefinition/shr-core-Medication-model"/>
      </type>
      <type>
        <code value="Reference"/>
        <targetProfile value="http://hl7.org/fhir/us/shr/StructureDefinition/shr-core-ResearchSubject-model"/>
      </type>
      <mustSupport value="false"/>
      <isModifier value="false"/>
      <isSummary value="false"/>
    </element>
    <element id="shr-core-ProcedureRequest-model.careContext">
      <path value="shr-core-ProcedureRequest-model.careContext"/>
      <short value="The encounter or episode of care"/>
      <definition value="The encounter or episode of care"/>
      <min value="0"/>
      <max value="1"/>
      <base>
        <path value="shr-core-ProcedureRequest-model.careContext"/>
        <min value="0"/>
        <max value="1"/>
      </base>
      <type>
        <code value="Reference"/>
        <targetProfile value="http://hl7.org/fhir/us/shr/StructureDefinition/shr-core-Encounter-model"/>
      </type>
      <mustSupport value="false"/>
      <isModifier value="false"/>
      <isSummary value="false"/>
    </element>
    <element id="shr-core-ProcedureRequest-model.statementDateTime">
      <path value="shr-core-ProcedureRequest-model.statementDateTime"/>
      <code>
        <system value="http://ncimeta.nci.nih.gov"/>
        <code value="C3669169"/>
      </code>
      <short value="The point in time when the statement was created."/>
      <definition value="The point in time when the statement was created."/>
      <min value="0"/>
      <max value="1"/>
      <base>
        <path value="shr-core-ProcedureRequest-model.statementDateTime"/>
        <min value="0"/>
        <max value="1"/>
      </base>
      <type>
        <code value="dateTime"/>
      </type>
      <mustSupport value="false"/>
      <isModifier value="false"/>
      <isSummary value="false"/>
    </element>
    <element id="shr-core-ProcedureRequest-model.reasonCode">
      <path value="shr-core-ProcedureRequest-model.reasonCode"/>
      <code>
        <system value="http://ncimeta.nci.nih.gov"/>
        <code value="C0566251"/>
      </code>
      <short value="The explanation or justification for the current item or action, as a code."/>
      <definition value="The explanation or justification for the current item or action, as a code.&#xA;Reason is a string or CodeableConcept in DSTU2 but in later versions only a CodeableConcept."/>
      <min value="0"/>
      <max value="1"/>
      <base>
        <path value="shr-core-ProcedureRequest-model.reasonCode"/>
        <min value="0"/>
        <max value="1"/>
      </base>
      <type>
        <code value="Coding"/>
      </type>
      <mustSupport value="false"/>
      <isModifier value="false"/>
      <isSummary value="false"/>
    </element>
    <element id="shr-core-ProcedureRequest-model.procedureRequestReasonReference[x]">
      <path value="shr-core-ProcedureRequest-model.procedureRequestReasonReference[x]"/>
      <slicing>
        <discriminator>
          <type value="type"/>
          <path value="$this"/>
        </discriminator>
        <ordered value="false"/>
        <rules value="open"/>
      </slicing>
      <short value="The justification that the procedure was performed"/>
      <definition value="The justification that the procedure was performed"/>
      <min value="0"/>
      <max value="1"/>
      <base>
        <path value="shr-core-ProcedureRequest-model.procedureRequestReasonReference[x]"/>
        <min value="0"/>
        <max value="1"/>
      </base>
      <type>
        <code value="Reference"/>
        <targetProfile value="http://hl7.org/fhir/us/shr/StructureDefinition/shr-core-Condition-model"/>
      </type>
      <type>
        <code value="Reference"/>
        <targetProfile value="http://hl7.org/fhir/us/shr/StructureDefinition/shr-core-Observation-model"/>
      </type>
      <mustSupport value="false"/>
      <isModifier value="false"/>
      <isSummary value="false"/>
    </element>
    <element id="shr-core-ProcedureRequest-model.procedureRequestReasonReferenceShr-core-Condition-model:Condition">
      <path value="shr-core-ProcedureRequest-model.procedureRequestReasonReferenceShr-core-Condition-model"/>
      <sliceName value="Condition"/>
      <short value="A condition that is or may be present in a subject. &#39;Condition&#39; is interpreted broadly and could be a disorder, abnormality, problem, injury, complaint, functionality, illness, disease, ailment, sickness, affliction, upset, difficulty, disorder, symptom, worry, or trouble."/>
      <definition value="A condition that is or may be present in a subject. &#39;Condition&#39; is interpreted broadly and could be a disorder, abnormality, problem, injury, complaint, functionality, illness, disease, ailment, sickness, affliction, upset, difficulty, disorder, symptom, worry, or trouble.&#xA;The Observation-based class, ConditionAbsent, should be used to describe conditions that are not present or negative findings.&#xA;SHR Condition uses the SHR BodyLocation structure that includes not only a code, but optional laterality, direction, clock direction, and distance. If included, the distance is measured from the location specified by the code, laterality, and direction."/>
      <min value="1"/>
      <max value="1"/>
      <base>
        <path value="shr-core-ProcedureRequest-model.procedureRequestReasonReference[x]"/>
        <min value="0"/>
        <max value="1"/>
      </base>
      <type>
        <code value="Reference"/>
        <targetProfile value="http://hl7.org/fhir/us/shr/StructureDefinition/shr-core-Condition-model"/>
      </type>
      <mustSupport value="false"/>
      <isModifier value="false"/>
      <isSummary value="false"/>
    </element>
    <element id="shr-core-ProcedureRequest-model.procedureRequestReasonReferenceShr-core-Observation-model:Observation">
      <path value="shr-core-ProcedureRequest-model.procedureRequestReasonReferenceShr-core-Observation-model"/>
      <sliceName value="Observation"/>
      <short value="Represents the result of evaluations (measurements, tests, or questions) that have been performed."/>
      <definition value="Represents the result of evaluations (measurements, tests, or questions) that have been performed.&#xA;Observation has a value representing the result (answer), or an DataAbsentReason indicating why the value is not present. Things observed about the subject can include social and behavioral factors, subjective and objective observations, and assessments.&#xA;For an Observation, the Code describes the aspect or property of the subject being observed or measured. The Code is the &#39;question code&#39; that pairs to the &#39;answer&#39; contained in the Value."/>
      <min value="1"/>
      <max value="1"/>
      <base>
        <path value="shr-core-ProcedureRequest-model.procedureRequestReasonReference[x]"/>
        <min value="0"/>
        <max value="1"/>
      </base>
      <type>
        <code value="Reference"/>
        <targetProfile value="http://hl7.org/fhir/us/shr/StructureDefinition/shr-core-Observation-model"/>
      </type>
      <mustSupport value="false"/>
      <isModifier value="false"/>
      <isSummary value="false"/>
    </element>
    <element id="shr-core-ProcedureRequest-model.serviceBasedOn[x]">
      <path value="shr-core-ProcedureRequest-model.serviceBasedOn[x]"/>
      <slicing>
        <discriminator>
          <type value="type"/>
          <path value="$this"/>
        </discriminator>
        <ordered value="false"/>
        <rules value="open"/>
      </slicing>
      <short value="The original or initiating plan, proposal, or request."/>
      <definition value="The original or initiating plan, proposal, or request."/>
      <min value="0"/>
      <max value="*"/>
      <base>
        <path value="shr-core-ProcedureRequest-model.serviceBasedOn[x]"/>
        <min value="0"/>
        <max value="*"/>
      </base>
      <type>
        <code value="Reference"/>
        <targetProfile value="http://hl7.org/fhir/us/shr/StructureDefinition/shr-core-ServiceRequest-model"/>
      </type>
      <type>
        <code value="Reference"/>
        <targetProfile value="http://hl7.org/fhir/us/shr/StructureDefinition/shr-core-ReferralRequest-model"/>
      </type>
      <type>
        <code value="Reference"/>
        <targetProfile value="http://hl7.org/fhir/us/shr/StructureDefinition/shr-core-ProcedureRequest-model"/>
      </type>
      <mustSupport value="false"/>
      <isModifier value="false"/>
      <isSummary value="false"/>
    </element>
    <element id="shr-core-ProcedureRequest-model.serviceBasedOnShr-core-ServiceRequest-model:ServiceRequest">
      <path value="shr-core-ProcedureRequest-model.serviceBasedOnShr-core-ServiceRequest-model"/>
      <sliceName value="ServiceRequest"/>
      <short value="A record of a request for service such as diagnostic investigations, treatments, or operations to be performed."/>
      <definition value="A record of a request for service such as diagnostic investigations, treatments, or operations to be performed."/>
      <min value="1"/>
      <max value="1"/>
      <base>
        <path value="shr-core-ProcedureRequest-model.serviceBasedOn[x]"/>
        <min value="0"/>
        <max value="*"/>
      </base>
      <type>
        <code value="Reference"/>
        <targetProfile value="http://hl7.org/fhir/us/shr/StructureDefinition/shr-core-ServiceRequest-model"/>
      </type>
      <mustSupport value="false"/>
      <isModifier value="false"/>
      <isSummary value="false"/>
    </element>
    <element id="shr-core-ProcedureRequest-model.serviceBasedOnShr-core-ReferralRequest-model:ReferralRequest">
      <path value="shr-core-ProcedureRequest-model.serviceBasedOnShr-core-ReferralRequest-model"/>
      <sliceName value="ReferralRequest"/>
      <short value="Used to record and send details about a request for referral service or transfer of a patient to the care of another provider or provider organization."/>
      <definition value="Used to record and send details about a request for referral service or transfer of a patient to the care of another provider or provider organization."/>
      <min value="1"/>
      <max value="1"/>
      <base>
        <path value="shr-core-ProcedureRequest-model.serviceBasedOn[x]"/>
        <min value="0"/>
        <max value="*"/>
      </base>
      <type>
        <code value="Reference"/>
        <targetProfile value="http://hl7.org/fhir/us/shr/StructureDefinition/shr-core-ReferralRequest-model"/>
      </type>
      <mustSupport value="false"/>
      <isModifier value="false"/>
      <isSummary value="false"/>
    </element>
    <element id="shr-core-ProcedureRequest-model.serviceBasedOnShr-core-ProcedureRequest-model:ProcedureRequest">
      <path value="shr-core-ProcedureRequest-model.serviceBasedOnShr-core-ProcedureRequest-model"/>
      <sliceName value="ProcedureRequest"/>
      <short value="A request for a procedure to be performed. May be a proposal or an order."/>
      <definition value="A request for a procedure to be performed. May be a proposal or an order."/>
      <min value="1"/>
      <max value="1"/>
      <base>
        <path value="shr-core-ProcedureRequest-model.serviceBasedOn[x]"/>
        <min value="0"/>
        <max value="*"/>
      </base>
      <type>
        <code value="Reference"/>
        <targetProfile value="http://hl7.org/fhir/us/shr/StructureDefinition/shr-core-ProcedureRequest-model"/>
      </type>
      <mustSupport value="false"/>
      <isModifier value="false"/>
      <isSummary value="false"/>
    </element>
    <element id="shr-core-ProcedureRequest-model.code">
      <path value="shr-core-ProcedureRequest-model.code"/>
      <short value="The main type identifier for a lab, procedure, condition, etc., usually drawn from a controlled vocabulary."/>
      <definition value="The main type identifier for a lab, procedure, condition, etc., usually drawn from a controlled vocabulary."/>
      <min value="1"/>
      <max value="1"/>
      <base>
        <path value="shr-core-ProcedureRequest-model.code"/>
        <min value="1"/>
        <max value="1"/>
      </base>
      <type>
        <code value="Coding"/>
      </type>
      <mustSupport value="false"/>
      <isModifier value="false"/>
      <isSummary value="false"/>
      <binding>
        <strength value="extensible"/>
        <valueSetReference>
          <reference value="http://hl7.org/fhir/us/core/ValueSet/us-core-procedure-code"/>
        </valueSetReference>
      </binding>
    </element>
    <element id="shr-core-ProcedureRequest-model.category">
      <path value="shr-core-ProcedureRequest-model.category"/>
      <short value="The general type or class of this item."/>
      <definition value="The general type or class of this item."/>
      <min value="0"/>
      <max value="1"/>
      <base>
        <path value="shr-core-ProcedureRequest-model.category"/>
        <min value="0"/>
        <max value="1"/>
      </base>
      <type>
        <code value="Coding"/>
      </type>
      <mustSupport value="false"/>
      <isModifier value="false"/>
      <isSummary value="false"/>
    </element>
    <element id="shr-core-ProcedureRequest-model.procedureRequester[x]">
      <path value="shr-core-ProcedureRequest-model.procedureRequester[x]"/>
      <short value="The agent requesting the procedure. Allows Practitioner and Device, since these represent the intersection between DSTU 2 and STU 3. DSTU 2 allows Organization, and STU 3 allows Patient and RelatedPerson."/>
      <definition value="The agent requesting the procedure. Allows Practitioner and Device, since these represent the intersection between DSTU 2 and STU 3. DSTU 2 allows Organization, and STU 3 allows Patient and RelatedPerson."/>
      <min value="0"/>
      <max value="1"/>
      <base>
        <path value="shr-core-ProcedureRequest-model.procedureRequester[x]"/>
        <min value="0"/>
        <max value="1"/>
      </base>
      <type>
        <code value="Reference"/>
        <targetProfile value="http://hl7.org/fhir/us/shr/StructureDefinition/shr-core-Practitioner-model"/>
      </type>
      <type>
        <code value="Reference"/>
        <targetProfile value="http://hl7.org/fhir/us/shr/StructureDefinition/shr-core-Device-model"/>
      </type>
      <mustSupport value="false"/>
      <isModifier value="false"/>
      <isSummary value="false"/>
    </element>
    <element id="shr-core-ProcedureRequest-model.requestIntent">
      <path value="shr-core-ProcedureRequest-model.requestIntent"/>
      <short value="Indicates the level of authority/intentionality associated with the request and where the request fits into the workflow chain."/>
      <definition value="Indicates the level of authority/intentionality associated with the request and where the request fits into the workflow chain."/>
      <min value="1"/>
      <max value="1"/>
      <base>
        <path value="shr-core-ProcedureRequest-model.requestIntent"/>
        <min value="1"/>
        <max value="1"/>
      </base>
      <type>
        <code value="Coding"/>
      </type>
      <mustSupport value="false"/>
      <isModifier value="false"/>
      <isSummary value="false"/>
      <binding>
        <strength value="required"/>
        <valueSetReference>
          <reference value="http://hl7.org/fhir/ValueSet/request-intent"/>
        </valueSetReference>
      </binding>
    </element>
    <element id="shr-core-ProcedureRequest-model.expectedPerformanceTime[x]">
      <path value="shr-core-ProcedureRequest-model.expectedPerformanceTime[x]"/>
      <short value="When an action should be done. If the action is a series or recurs (e.g. daily blood sugar testing in the morning) then a Timing can be used to describe the periodicity."/>
      <definition value="When an action should be done. If the action is a series or recurs (e.g. daily blood sugar testing in the morning) then a Timing can be used to describe the periodicity."/>
      <min value="0"/>
      <max value="1"/>
      <base>
        <path value="shr-core-ProcedureRequest-model.expectedPerformanceTime[x]"/>
        <min value="0"/>
        <max value="1"/>
      </base>
      <type>
        <code value="dateTime"/>
      </type>
      <type>
        <code value="http://hl7.org/fhir/us/shr/StructureDefinition/shr-core-TimePeriod-model"/>
      </type>
      <type>
        <code value="http://hl7.org/fhir/us/shr/StructureDefinition/shr-core-Timing-model"/>
      </type>
      <mustSupport value="false"/>
      <isModifier value="false"/>
      <isSummary value="false"/>
    </element>
    <element id="shr-core-ProcedureRequest-model.expectedPerformerType">
      <path value="shr-core-ProcedureRequest-model.expectedPerformerType"/>
      <short value="What type of party should carry out the testing."/>
      <definition value="What type of party should carry out the testing."/>
      <min value="0"/>
      <max value="1"/>
      <base>
        <path value="shr-core-ProcedureRequest-model.expectedPerformerType"/>
        <min value="0"/>
        <max value="1"/>
      </base>
      <type>
        <code value="Coding"/>
      </type>
      <mustSupport value="false"/>
      <isModifier value="false"/>
      <isSummary value="false"/>
    </element>
    <element id="shr-core-ProcedureRequest-model.expectedPerformer[x]">
      <path value="shr-core-ProcedureRequest-model.expectedPerformer[x]"/>
      <short value="Who this request is being addressed to."/>
      <definition value="Who this request is being addressed to."/>
      <min value="0"/>
      <max value="1"/>
      <base>
        <path value="shr-core-ProcedureRequest-model.expectedPerformer[x]"/>
        <min value="0"/>
        <max value="1"/>
      </base>
      <type>
        <code value="Reference"/>
        <targetProfile value="http://hl7.org/fhir/us/shr/StructureDefinition/shr-core-Patient-model"/>
      </type>
      <type>
        <code value="Reference"/>
        <targetProfile value="http://hl7.org/fhir/us/shr/StructureDefinition/shr-core-Practitioner-model"/>
      </type>
      <type>
        <code value="Reference"/>
        <targetProfile value="http://hl7.org/fhir/us/shr/StructureDefinition/shr-core-RelatedPerson-model"/>
      </type>
      <type>
        <code value="Reference"/>
        <targetProfile value="http://hl7.org/fhir/us/shr/StructureDefinition/shr-core-Organization-model"/>
      </type>
      <type>
        <code value="Reference"/>
        <targetProfile value="http://hl7.org/fhir/us/shr/StructureDefinition/shr-core-Device-model"/>
      </type>
      <mustSupport value="false"/>
      <isModifier value="false"/>
      <isSummary value="false"/>
    </element>
    <element id="shr-core-ProcedureRequest-model.priorityCode[x]">
      <path value="shr-core-ProcedureRequest-model.priorityCode[x]"/>
      <short value="An indication of the importance of an action relative to other actions."/>
      <definition value="An indication of the importance of an action relative to other actions."/>
      <min value="0"/>
      <max value="1"/>
      <base>
        <path value="shr-core-ProcedureRequest-model.priorityCode[x]"/>
        <min value="0"/>
        <max value="1"/>
      </base>
      <type>
        <code value="positiveInt"/>
      </type>
      <type>
        <code value="Coding"/>
      </type>
      <mustSupport value="false"/>
      <isModifier value="false"/>
      <isSummary value="false"/>
    </element>
    <element id="shr-core-ProcedureRequest-model.annotation">
      <path value="shr-core-ProcedureRequest-model.annotation"/>
      <short value="An added or follow-up note, often after the fact, that contains metadata about who made the statement and when."/>
      <definition value="An added or follow-up note, often after the fact, that contains metadata about who made the statement and when."/>
      <min value="0"/>
      <max value="*"/>
      <base>
        <path value="shr-core-ProcedureRequest-model.annotation"/>
        <min value="0"/>
        <max value="*"/>
      </base>
      <type>
        <code value="http://hl7.org/fhir/us/shr/StructureDefinition/shr-core-Annotation-model"/>
      </type>
      <mustSupport value="false"/>
      <isModifier value="false"/>
      <isSummary value="false"/>
    </element>
    <element id="shr-core-ProcedureRequest-model.replaces">
      <path value="shr-core-ProcedureRequest-model.replaces"/>
      <short value="Request(s) replaced by this request"/>
      <definition value="Request(s) replaced by this request"/>
      <min value="0"/>
      <max value="*"/>
      <base>
        <path value="shr-core-ProcedureRequest-model.replaces"/>
        <min value="0"/>
        <max value="*"/>
      </base>
      <type>
        <code value="Reference"/>
        <targetProfile value="http://hl7.org/fhir/us/shr/StructureDefinition/shr-core-ServiceRequest-model"/>
      </type>
      <mustSupport value="false"/>
      <isModifier value="false"/>
      <isSummary value="false"/>
    </element>
    <element id="shr-core-ProcedureRequest-model.groupIdentifier">
      <path value="shr-core-ProcedureRequest-model.groupIdentifier"/>
      <short value="A shared identifier common to all service requests that were authorized more or less simultaneously by a single author, representing the composite or group identifier."/>
      <definition value="A shared identifier common to all service requests that were authorized more or less simultaneously by a single author, representing the composite or group identifier."/>
      <min value="0"/>
      <max value="1"/>
      <base>
        <path value="shr-core-ProcedureRequest-model.groupIdentifier"/>
        <min value="0"/>
        <max value="1"/>
      </base>
      <type>
        <code value="http://hl7.org/fhir/us/shr/StructureDefinition/shr-core-Identifier-model"/>
      </type>
      <mustSupport value="false"/>
      <isModifier value="false"/>
      <isSummary value="false"/>
    </element>
    <element id="shr-core-ProcedureRequest-model.doNotPerform">
      <path value="shr-core-ProcedureRequest-model.doNotPerform"/>
      <short value="A flag, when set to true, indicates that the service/procedure should NOT be performed."/>
      <definition value="A flag, when set to true, indicates that the service/procedure should NOT be performed."/>
      <min value="0"/>
      <max value="1"/>
      <base>
        <path value="shr-core-ProcedureRequest-model.doNotPerform"/>
        <min value="0"/>
        <max value="1"/>
      </base>
      <type>
        <code value="boolean"/>
      </type>
      <mustSupport value="false"/>
      <isModifier value="false"/>
      <isSummary value="false"/>
    </element>
    <element id="shr-core-ProcedureRequest-model.serviceDetails">
      <path value="shr-core-ProcedureRequest-model.serviceDetails"/>
      <short value="A service requested or performed. Additional details and instructions about the service requested or performed. For example, and order for a urinary catheter may have an order detail for an external or indwelling catheter, or an order for a bandage may require additional instructions specifying how the bandage should be applied."/>
      <definition value="A service requested or performed. Additional details and instructions about the service requested or performed. For example, and order for a urinary catheter may have an order detail for an external or indwelling catheter, or an order for a bandage may require additional instructions specifying how the bandage should be applied."/>
      <min value="0"/>
      <max value="*"/>
      <base>
        <path value="shr-core-ProcedureRequest-model.serviceDetails"/>
        <min value="0"/>
        <max value="*"/>
      </base>
      <type>
        <code value="Coding"/>
      </type>
      <mustSupport value="false"/>
      <isModifier value="false"/>
      <isSummary value="false"/>
      <binding>
        <strength value="example"/>
        <valueSetReference>
          <reference value="http://hl7.org/fhir/ValueSet/service-type"/>
        </valueSetReference>
      </binding>
    </element>
    <element id="shr-core-ProcedureRequest-model.requestQuantity[x]">
      <path value="shr-core-ProcedureRequest-model.requestQuantity[x]"/>
      <short value="An amount of service being requested which can be a quantity ( for example $1,500 home modification), a ratio ( for example, 20 half day visits per month), or a range (2.0 to 1.8 Gy per fraction)."/>
      <definition value="An amount of service being requested which can be a quantity ( for example $1,500 home modification), a ratio ( for example, 20 half day visits per month), or a range (2.0 to 1.8 Gy per fraction)."/>
      <min value="0"/>
      <max value="1"/>
      <base>
        <path value="shr-core-ProcedureRequest-model.requestQuantity[x]"/>
        <min value="0"/>
        <max value="1"/>
      </base>
      <type>
        <code value="http://hl7.org/fhir/us/shr/StructureDefinition/shr-core-Quantity-model"/>
      </type>
      <type>
        <code value="http://hl7.org/fhir/us/shr/StructureDefinition/shr-core-Ratio-model"/>
      </type>
      <type>
        <code value="http://hl7.org/fhir/us/shr/StructureDefinition/shr-core-Range-model"/>
      </type>
      <mustSupport value="false"/>
      <isModifier value="false"/>
      <isSummary value="false"/>
    </element>
    <element id="shr-core-ProcedureRequest-model.procedureRequestSubjectOfRecord[x]">
      <path value="shr-core-ProcedureRequest-model.procedureRequestSubjectOfRecord[x]"/>
      <short value="A choice of Patient or Group. These are the potential subjects for Procedure and ReferralRequest resources."/>
      <definition value="A choice of Patient or Group. These are the potential subjects for Procedure and ReferralRequest resources."/>
      <min value="1"/>
      <max value="1"/>
      <base>
        <path value="shr-core-ProcedureRequest-model.procedureRequestSubjectOfRecord[x]"/>
        <min value="1"/>
        <max value="1"/>
      </base>
      <type>
        <code value="Reference"/>
        <targetProfile value="http://hl7.org/fhir/us/shr/StructureDefinition/shr-core-Patient-model"/>
      </type>
      <type>
        <code value="Reference"/>
        <targetProfile value="http://hl7.org/fhir/us/shr/StructureDefinition/shr-core-Group-model"/>
      </type>
      <mustSupport value="false"/>
      <isModifier value="false"/>
      <isSummary value="false"/>
    </element>
    <element id="shr-core-ProcedureRequest-model.asNeeded[x]">
      <path value="shr-core-ProcedureRequest-model.asNeeded[x]"/>
      <short value="Preconditions for service, either &#39;true&#39; indicating to be performed if needed, or a code indicating the pre-condition for performing the service. For example &#39;pain&#39;, &#39;on flare-up&#39;, etc."/>
      <definition value="Preconditions for service, either &#39;true&#39; indicating to be performed if needed, or a code indicating the pre-condition for performing the service. For example &#39;pain&#39;, &#39;on flare-up&#39;, etc."/>
      <min value="0"/>
      <max value="1"/>
      <base>
        <path value="shr-core-ProcedureRequest-model.asNeeded[x]"/>
        <min value="0"/>
        <max value="1"/>
      </base>
      <type>
        <code value="boolean"/>
      </type>
      <type>
        <code value="Coding"/>
      </type>
      <mustSupport value="false"/>
      <isModifier value="false"/>
      <isSummary value="false"/>
    </element>
    <element id="shr-core-ProcedureRequest-model.location">
      <path value="shr-core-ProcedureRequest-model.location"/>
      <short value="Services and space and equipment provided for a particular purpose; a building or place that provides a particular service or is used for a particular industry. Could be a clinical site, community site, or a mobile facility."/>
      <definition value="Services and space and equipment provided for a particular purpose; a building or place that provides a particular service or is used for a particular industry. Could be a clinical site, community site, or a mobile facility."/>
      <min value="0"/>
      <max value="*"/>
      <base>
        <path value="shr-core-ProcedureRequest-model.location"/>
        <min value="0"/>
        <max value="*"/>
      </base>
      <type>
        <code value="Reference"/>
        <targetProfile value="http://hl7.org/fhir/us/shr/StructureDefinition/shr-core-Location-model"/>
      </type>
      <mustSupport value="false"/>
      <isModifier value="false"/>
      <isSummary value="false"/>
    </element>
    <element id="shr-core-ProcedureRequest-model.locationType">
      <path value="shr-core-ProcedureRequest-model.locationType"/>
      <short value="The preferred type of location(s) where the service should happen, in coded or free text form, e.g. at home or nursing day care center."/>
      <definition value="The preferred type of location(s) where the service should happen, in coded or free text form, e.g. at home or nursing day care center."/>
      <min value="0"/>
      <max value="*"/>
      <base>
        <path value="shr-core-ProcedureRequest-model.locationType"/>
        <min value="0"/>
        <max value="*"/>
      </base>
      <type>
        <code value="Coding"/>
      </type>
      <mustSupport value="false"/>
      <isModifier value="false"/>
      <isSummary value="false"/>
    </element>
    <element id="shr-core-ProcedureRequest-model.insurance">
      <path value="shr-core-ProcedureRequest-model.insurance"/>
      <code>
        <system value="http://ncimeta.nci.nih.gov"/>
        <code value="C0021682"/>
        <display value="HealthInsurance"/>
      </code>
      <short value="Insurance plans, coverage extensions, pre-authorizations and/or pre-determinations that may be needed for delivering the requested service."/>
      <definition value="Insurance plans, coverage extensions, pre-authorizations and/or pre-determinations that may be needed for delivering the requested service."/>
      <min value="0"/>
      <max value="*"/>
      <base>
        <path value="shr-core-ProcedureRequest-model.insurance"/>
        <min value="0"/>
        <max value="*"/>
      </base>
      <type>
        <code value="Reference"/>
        <targetProfile value="http://hl7.org/fhir/us/shr/StructureDefinition/shr-core-Coverage-model"/>
      </type>
      <mustSupport value="false"/>
      <isModifier value="false"/>
      <isSummary value="false"/>
    </element>
    <element id="shr-core-ProcedureRequest-model.supportingInformation">
      <path value="shr-core-ProcedureRequest-model.supportingInformation"/>
      <short value="Additional information to support this request."/>
      <definition value="Additional information to support this request."/>
      <min value="0"/>
      <max value="*"/>
      <base>
        <path value="shr-core-ProcedureRequest-model.supportingInformation"/>
        <min value="0"/>
        <max value="*"/>
      </base>
      <type>
        <code value="Reference"/>
        <targetProfile value="http://hl7.org/fhir/us/shr/StructureDefinition/shr-core-DomainResource-model"/>
      </type>
      <mustSupport value="false"/>
      <isModifier value="false"/>
      <isSummary value="false"/>
    </element>
    <element id="shr-core-ProcedureRequest-model.specimen">
      <path value="shr-core-ProcedureRequest-model.specimen"/>
      <short value="A specimen is a substance, physical object, or collection of objects, that the laboratory considers a single discrete, uniquely identified unit that is the subject of one or more steps in the laboratory workflow. A specimen may include multiple physical pieces as long as they are considered a single unit within the laboratory workflow. A specimen results from one to many specimen collection procedures, and may be contained in multiple specimen containers. Specimen may have one or more processing activities."/>
      <definition value="A specimen is a substance, physical object, or collection of objects, that the laboratory considers a single discrete, uniquely identified unit that is the subject of one or more steps in the laboratory workflow. A specimen may include multiple physical pieces as long as they are considered a single unit within the laboratory workflow. A specimen results from one to many specimen collection procedures, and may be contained in multiple specimen containers. Specimen may have one or more processing activities."/>
      <min value="0"/>
      <max value="*"/>
      <base>
        <path value="shr-core-ProcedureRequest-model.specimen"/>
        <min value="0"/>
        <max value="*"/>
      </base>
      <type>
        <code value="Reference"/>
        <targetProfile value="http://hl7.org/fhir/us/shr/StructureDefinition/shr-core-Specimen-model"/>
      </type>
      <mustSupport value="false"/>
      <isModifier value="false"/>
      <isSummary value="false"/>
    </element>
    <element id="shr-core-ProcedureRequest-model.bodyLocation">
      <path value="shr-core-ProcedureRequest-model.bodyLocation"/>
      <short value="A location or structure in the body, including tissues, regions, cavities, and spaces; for example, right elbow, or left ventricle of the heart. Body location is a flexible structure that allows the location to be determined by a single code, or a code plus laterality and/or orientation. The body location can also be specified in relation to one or more body landmarks. SNOMED CT is used in all cases."/>
      <definition value="A location or structure in the body, including tissues, regions, cavities, and spaces; for example, right elbow, or left ventricle of the heart. Body location is a flexible structure that allows the location to be determined by a single code, or a code plus laterality and/or orientation. The body location can also be specified in relation to one or more body landmarks. SNOMED CT is used in all cases.&#xA;+ Code only: The code should include (precoordinate) laterality and/orientation to the degree necessary to completely specify the body location.&#xA;+ Code plus laterality and/or orientation: The basic code augmented by codes specifying the body side and/or anatomical orientation.&#xA;+ Relation to landmark: The location relative to a landmark is specified by:&#xA;- Establishing the location and type of landmark using a body site code and optional laterality/orientation, and&#xA;- Specifying the direction and distance from the landmark to the body location.&#xA;Note that BodyLocation is a data type, a reusable structure, not a stand-alone entity. The concept is similar to how a postal address can apply to a person, location, or organization. This contrasts with FHIR&#39;s stand-alone BodySite (aka BodyStructure in r4) which &#39;is not ... intended for describing the type of anatomical location but rather a specific body site on a specific patient&#39; (FHIR 3.5)."/>
      <min value="0"/>
      <max value="*"/>
      <base>
        <path value="shr-core-ProcedureRequest-model.bodyLocation"/>
        <min value="0"/>
        <max value="*"/>
      </base>
      <type>
        <code value="http://hl7.org/fhir/us/shr/StructureDefinition/shr-core-BodyLocation-model"/>
      </type>
      <mustSupport value="false"/>
      <isModifier value="false"/>
      <isSummary value="false"/>
    </element>
    <element id="shr-core-ProcedureRequest-model.patientInstruction">
      <path value="shr-core-ProcedureRequest-model.patientInstruction"/>
      <short value="Patient or consumer-oriented instructions."/>
      <definition value="Patient or consumer-oriented instructions."/>
      <min value="0"/>
      <max value="1"/>
      <base>
        <path value="shr-core-ProcedureRequest-model.patientInstruction"/>
        <min value="0"/>
        <max value="1"/>
      </base>
      <type>
        <code value="string"/>
      </type>
      <mustSupport value="false"/>
      <isModifier value="false"/>
      <isSummary value="false"/>
    </element>
    <element id="shr-core-ProcedureRequest-model.partOf">
      <path value="shr-core-ProcedureRequest-model.partOf"/>
      <short value="The larger entity that the asserted item is a portion of. For example, an organization part of a larger organization, or an encounter with a hospitalist might be part of a larger hospitalization encounter."/>
      <definition value="The larger entity that the asserted item is a portion of. For example, an organization part of a larger organization, or an encounter with a hospitalist might be part of a larger hospitalization encounter."/>
      <min value="0"/>
      <max value="1"/>
      <base>
        <path value="shr-core-ProcedureRequest-model.partOf"/>
        <min value="0"/>
        <max value="1"/>
      </base>
      <type>
        <code value="Reference"/>
        <targetProfile value="http://hl7.org/fhir/us/shr/StructureDefinition/shr-core-Procedure-model"/>
      </type>
      <mustSupport value="false"/>
      <isModifier value="false"/>
      <isSummary value="false"/>
    </element>
    <element id="shr-core-ProcedureRequest-model.method">
      <path value="shr-core-ProcedureRequest-model.method"/>
      <short value="The technique used to carry out an action, for example, the specific imaging technical or assessment vehicle."/>
      <definition value="The technique used to carry out an action, for example, the specific imaging technical or assessment vehicle."/>
      <min value="0"/>
      <max value="1"/>
      <base>
        <path value="shr-core-ProcedureRequest-model.method"/>
        <min value="0"/>
        <max value="1"/>
      </base>
      <type>
        <code value="Coding"/>
      </type>
      <mustSupport value="false"/>
      <isModifier value="false"/>
      <isSummary value="false"/>
    </element>
  </snapshot>
  <differential>
    <element id="shr-core-ProcedureRequest-model">
      <path value="shr-core-ProcedureRequest-model"/>
      <definition value="A request for a procedure to be performed. May be a proposal or an order."/>
      <min value="0"/>
      <max value="*"/>
      <base>
        <path value="shr-core-ProcedureRequest-model"/>
        <min value="0"/>
        <max value="*"/>
      </base>
      <mustSupport value="false"/>
      <isModifier value="false"/>
      <isSummary value="false"/>
    </element>
    <element id="shr-core-ProcedureRequest-model.metadata">
      <path value="shr-core-ProcedureRequest-model.metadata"/>
      <short value="Elements that belong to all information items."/>
      <definition value="Elements that belong to all information items."/>
      <min value="0"/>
      <max value="1"/>
      <base>
        <path value="shr-core-ProcedureRequest-model.metadata"/>
        <min value="0"/>
        <max value="1"/>
      </base>
      <type>
        <code value="http://hl7.org/fhir/us/shr/StructureDefinition/shr-core-Metadata-model"/>
      </type>
      <mustSupport value="false"/>
      <isModifier value="false"/>
      <isSummary value="false"/>
    </element>
    <element id="shr-core-ProcedureRequest-model.language">
      <path value="shr-core-ProcedureRequest-model.language"/>
      <short value="A human language, spoken or written."/>
      <definition value="A human language, spoken or written."/>
      <min value="0"/>
      <max value="1"/>
      <base>
        <path value="shr-core-ProcedureRequest-model.language"/>
        <min value="0"/>
        <max value="1"/>
      </base>
      <type>
        <code value="Coding"/>
      </type>
      <mustSupport value="false"/>
      <isModifier value="false"/>
      <isSummary value="false"/>
    </element>
    <element id="shr-core-ProcedureRequest-model.implicitRules">
      <path value="shr-core-ProcedureRequest-model.implicitRules"/>
      <short value="A set of rules under which this content was created"/>
      <definition value="A set of rules under which this content was created"/>
      <min value="0"/>
      <max value="1"/>
      <base>
        <path value="shr-core-ProcedureRequest-model.implicitRules"/>
        <min value="0"/>
        <max value="1"/>
      </base>
      <type>
        <code value="uri"/>
      </type>
      <mustSupport value="false"/>
      <isModifier value="false"/>
      <isSummary value="false"/>
    </element>
    <element id="shr-core-ProcedureRequest-model.narrative">
      <path value="shr-core-ProcedureRequest-model.narrative"/>
      <short value="A human-readable narrative, potentially including images, that contains a summary of the resource, and may be used to represent the content of the resource to a human."/>
      <definition value="A human-readable narrative, potentially including images, that contains a summary of the resource, and may be used to represent the content of the resource to a human."/>
      <min value="0"/>
      <max value="1"/>
      <base>
        <path value="shr-core-ProcedureRequest-model.narrative"/>
        <min value="0"/>
        <max value="1"/>
      </base>
      <type>
        <code value="http://hl7.org/fhir/us/shr/StructureDefinition/shr-core-Narrative-model"/>
      </type>
      <mustSupport value="false"/>
      <isModifier value="false"/>
      <isSummary value="false"/>
    </element>
    <element id="shr-core-ProcedureRequest-model.status">
      <path value="shr-core-ProcedureRequest-model.status"/>
      <short value="A state that relates to the workflow or interpretation of this resource. Certain status values can modify the meaning of the resource, for example, entered-in-error. When a boolean value is used, Status of true indicates the record is active, false means inactive."/>
      <definition value="A state that relates to the workflow or interpretation of this resource. Certain status values can modify the meaning of the resource, for example, entered-in-error. When a boolean value is used, Status of true indicates the record is active, false means inactive."/>
      <min value="1"/>
      <max value="1"/>
      <base>
        <path value="shr-core-ProcedureRequest-model.status"/>
        <min value="1"/>
        <max value="1"/>
      </base>
      <type>
        <code value="Coding"/>
      </type>
      <mustSupport value="false"/>
      <isModifier value="false"/>
      <isSummary value="false"/>
    </element>
    <element id="shr-core-ProcedureRequest-model.identifier">
      <path value="shr-core-ProcedureRequest-model.identifier"/>
      <short value="Business identifier or external id for this resource."/>
      <definition value="Business identifier or external id for this resource."/>
      <min value="0"/>
      <max value="*"/>
      <base>
        <path value="shr-core-ProcedureRequest-model.identifier"/>
        <min value="0"/>
        <max value="*"/>
      </base>
      <type>
        <code value="http://hl7.org/fhir/us/shr/StructureDefinition/shr-core-Identifier-model"/>
      </type>
      <mustSupport value="false"/>
      <isModifier value="false"/>
      <isSummary value="false"/>
    </element>
    <element id="shr-core-ProcedureRequest-model.subjectOfRecord[x]">
      <path value="shr-core-ProcedureRequest-model.subjectOfRecord[x]"/>
      <short value="The subject of a clinical statement, often called the Patient or the Subject. The SubjectOfRecord typically identifies the clinical record in which this statement is contained. If the statement should be in John Doe&#39;s patient record, then John Doe is the subject of record. When there is no patient, the SubjectOfRecord can also be a location, group, or other entity that statement pertains to. For example, observations concerning a hospital ward would have a Location as the SubjectOfRecord."/>
      <definition value="The subject of a clinical statement, often called the Patient or the Subject. The SubjectOfRecord typically identifies the clinical record in which this statement is contained. If the statement should be in John Doe&#39;s patient record, then John Doe is the subject of record. When there is no patient, the SubjectOfRecord can also be a location, group, or other entity that statement pertains to. For example, observations concerning a hospital ward would have a Location as the SubjectOfRecord.&#xA;&#xA;Note that the word &#39;Subject&#39; is used here in the sense of a person or entity subjected to observations or actions, not subject as in a conceptual topic, like heart disease."/>
      <min value="1"/>
      <max value="1"/>
      <base>
        <path value="shr-core-ProcedureRequest-model.subjectOfRecord[x]"/>
        <min value="1"/>
        <max value="1"/>
      </base>
      <type>
        <code value="Reference"/>
        <targetProfile value="http://hl7.org/fhir/us/shr/StructureDefinition/shr-core-Patient-model"/>
      </type>
      <type>
        <code value="Reference"/>
        <targetProfile value="http://hl7.org/fhir/us/shr/StructureDefinition/shr-core-Practitioner-model"/>
      </type>
      <type>
        <code value="Reference"/>
        <targetProfile value="http://hl7.org/fhir/us/shr/StructureDefinition/shr-core-Group-model"/>
      </type>
      <type>
        <code value="Reference"/>
        <targetProfile value="http://hl7.org/fhir/us/shr/StructureDefinition/shr-core-Device-model"/>
      </type>
      <type>
        <code value="Reference"/>
        <targetProfile value="http://hl7.org/fhir/us/shr/StructureDefinition/shr-core-Specimen-model"/>
      </type>
      <type>
        <code value="Reference"/>
        <targetProfile value="http://hl7.org/fhir/us/shr/StructureDefinition/shr-core-Location-model"/>
      </type>
      <type>
        <code value="Reference"/>
        <targetProfile value="http://hl7.org/fhir/us/shr/StructureDefinition/shr-core-Medication-model"/>
      </type>
      <type>
        <code value="Reference"/>
        <targetProfile value="http://hl7.org/fhir/us/shr/StructureDefinition/shr-core-ResearchSubject-model"/>
      </type>
      <mustSupport value="false"/>
      <isModifier value="false"/>
      <isSummary value="false"/>
    </element>
    <element id="shr-core-ProcedureRequest-model.careContext">
      <path value="shr-core-ProcedureRequest-model.careContext"/>
      <short value="The encounter or episode of care"/>
      <definition value="The encounter or episode of care"/>
      <min value="0"/>
      <max value="1"/>
      <base>
        <path value="shr-core-ProcedureRequest-model.careContext"/>
        <min value="0"/>
        <max value="1"/>
      </base>
      <type>
        <code value="Reference"/>
        <targetProfile value="http://hl7.org/fhir/us/shr/StructureDefinition/shr-core-Encounter-model"/>
      </type>
      <mustSupport value="false"/>
      <isModifier value="false"/>
      <isSummary value="false"/>
    </element>
    <element id="shr-core-ProcedureRequest-model.statementDateTime">
      <path value="shr-core-ProcedureRequest-model.statementDateTime"/>
      <code>
        <system value="http://ncimeta.nci.nih.gov"/>
        <code value="C3669169"/>
      </code>
      <short value="The point in time when the statement was created."/>
      <definition value="The point in time when the statement was created."/>
      <min value="0"/>
      <max value="1"/>
      <base>
        <path value="shr-core-ProcedureRequest-model.statementDateTime"/>
        <min value="0"/>
        <max value="1"/>
      </base>
      <type>
        <code value="dateTime"/>
      </type>
      <mustSupport value="false"/>
      <isModifier value="false"/>
      <isSummary value="false"/>
    </element>
    <element id="shr-core-ProcedureRequest-model.reasonCode">
      <path value="shr-core-ProcedureRequest-model.reasonCode"/>
      <code>
        <system value="http://ncimeta.nci.nih.gov"/>
        <code value="C0566251"/>
      </code>
      <short value="The explanation or justification for the current item or action, as a code."/>
      <definition value="The explanation or justification for the current item or action, as a code.&#xA;Reason is a string or CodeableConcept in DSTU2 but in later versions only a CodeableConcept."/>
      <min value="0"/>
      <max value="1"/>
      <base>
        <path value="shr-core-ProcedureRequest-model.reasonCode"/>
        <min value="0"/>
        <max value="1"/>
      </base>
      <type>
        <code value="Coding"/>
      </type>
      <mustSupport value="false"/>
      <isModifier value="false"/>
      <isSummary value="false"/>
    </element>
    <element id="shr-core-ProcedureRequest-model.procedureRequestReasonReference[x]">
      <path value="shr-core-ProcedureRequest-model.procedureRequestReasonReference[x]"/>
      <slicing>
        <discriminator>
          <type value="type"/>
          <path value="$this"/>
        </discriminator>
        <ordered value="false"/>
        <rules value="open"/>
      </slicing>
      <short value="The justification that the procedure was performed"/>
      <definition value="The justification that the procedure was performed"/>
      <min value="0"/>
      <max value="1"/>
      <base>
        <path value="shr-core-ProcedureRequest-model.procedureRequestReasonReference[x]"/>
        <min value="0"/>
        <max value="1"/>
      </base>
      <type>
        <code value="Reference"/>
        <targetProfile value="http://hl7.org/fhir/us/shr/StructureDefinition/shr-core-Condition-model"/>
      </type>
      <type>
        <code value="Reference"/>
        <targetProfile value="http://hl7.org/fhir/us/shr/StructureDefinition/shr-core-Observation-model"/>
      </type>
      <mustSupport value="false"/>
      <isModifier value="false"/>
      <isSummary value="false"/>
    </element>
    <element id="shr-core-ProcedureRequest-model.procedureRequestReasonReferenceShr-core-Condition-model:Condition">
      <path value="shr-core-ProcedureRequest-model.procedureRequestReasonReferenceShr-core-Condition-model"/>
      <sliceName value="Condition"/>
      <short value="A condition that is or may be present in a subject. &#39;Condition&#39; is interpreted broadly and could be a disorder, abnormality, problem, injury, complaint, functionality, illness, disease, ailment, sickness, affliction, upset, difficulty, disorder, symptom, worry, or trouble."/>
      <definition value="A condition that is or may be present in a subject. &#39;Condition&#39; is interpreted broadly and could be a disorder, abnormality, problem, injury, complaint, functionality, illness, disease, ailment, sickness, affliction, upset, difficulty, disorder, symptom, worry, or trouble.&#xA;The Observation-based class, ConditionAbsent, should be used to describe conditions that are not present or negative findings.&#xA;SHR Condition uses the SHR BodyLocation structure that includes not only a code, but optional laterality, direction, clock direction, and distance. If included, the distance is measured from the location specified by the code, laterality, and direction."/>
      <min value="1"/>
      <max value="1"/>
      <base>
        <path value="shr-core-ProcedureRequest-model.procedureRequestReasonReference[x]"/>
        <min value="0"/>
        <max value="1"/>
      </base>
      <type>
        <code value="Reference"/>
        <targetProfile value="http://hl7.org/fhir/us/shr/StructureDefinition/shr-core-Condition-model"/>
      </type>
      <mustSupport value="false"/>
      <isModifier value="false"/>
      <isSummary value="false"/>
    </element>
    <element id="shr-core-ProcedureRequest-model.procedureRequestReasonReferenceShr-core-Observation-model:Observation">
      <path value="shr-core-ProcedureRequest-model.procedureRequestReasonReferenceShr-core-Observation-model"/>
      <sliceName value="Observation"/>
      <short value="Represents the result of evaluations (measurements, tests, or questions) that have been performed."/>
      <definition value="Represents the result of evaluations (measurements, tests, or questions) that have been performed.&#xA;Observation has a value representing the result (answer), or an DataAbsentReason indicating why the value is not present. Things observed about the subject can include social and behavioral factors, subjective and objective observations, and assessments.&#xA;For an Observation, the Code describes the aspect or property of the subject being observed or measured. The Code is the &#39;question code&#39; that pairs to the &#39;answer&#39; contained in the Value."/>
      <min value="1"/>
      <max value="1"/>
      <base>
        <path value="shr-core-ProcedureRequest-model.procedureRequestReasonReference[x]"/>
        <min value="0"/>
        <max value="1"/>
      </base>
      <type>
        <code value="Reference"/>
        <targetProfile value="http://hl7.org/fhir/us/shr/StructureDefinition/shr-core-Observation-model"/>
      </type>
      <mustSupport value="false"/>
      <isModifier value="false"/>
      <isSummary value="false"/>
    </element>
    <element id="shr-core-ProcedureRequest-model.serviceBasedOn[x]">
      <path value="shr-core-ProcedureRequest-model.serviceBasedOn[x]"/>
      <slicing>
        <discriminator>
          <type value="type"/>
          <path value="$this"/>
        </discriminator>
        <ordered value="false"/>
        <rules value="open"/>
      </slicing>
      <short value="The original or initiating plan, proposal, or request."/>
      <definition value="The original or initiating plan, proposal, or request."/>
      <min value="0"/>
      <max value="*"/>
      <base>
        <path value="shr-core-ProcedureRequest-model.serviceBasedOn[x]"/>
        <min value="0"/>
        <max value="*"/>
      </base>
      <type>
        <code value="Reference"/>
        <targetProfile value="http://hl7.org/fhir/us/shr/StructureDefinition/shr-core-ServiceRequest-model"/>
      </type>
      <type>
        <code value="Reference"/>
        <targetProfile value="http://hl7.org/fhir/us/shr/StructureDefinition/shr-core-ReferralRequest-model"/>
      </type>
      <type>
        <code value="Reference"/>
        <targetProfile value="http://hl7.org/fhir/us/shr/StructureDefinition/shr-core-ProcedureRequest-model"/>
      </type>
      <mustSupport value="false"/>
      <isModifier value="false"/>
      <isSummary value="false"/>
    </element>
    <element id="shr-core-ProcedureRequest-model.serviceBasedOnShr-core-ServiceRequest-model:ServiceRequest">
      <path value="shr-core-ProcedureRequest-model.serviceBasedOnShr-core-ServiceRequest-model"/>
      <sliceName value="ServiceRequest"/>
      <short value="A record of a request for service such as diagnostic investigations, treatments, or operations to be performed."/>
      <definition value="A record of a request for service such as diagnostic investigations, treatments, or operations to be performed."/>
      <min value="1"/>
      <max value="1"/>
      <base>
        <path value="shr-core-ProcedureRequest-model.serviceBasedOn[x]"/>
        <min value="0"/>
        <max value="*"/>
      </base>
      <type>
        <code value="Reference"/>
        <targetProfile value="http://hl7.org/fhir/us/shr/StructureDefinition/shr-core-ServiceRequest-model"/>
      </type>
      <mustSupport value="false"/>
      <isModifier value="false"/>
      <isSummary value="false"/>
    </element>
    <element id="shr-core-ProcedureRequest-model.serviceBasedOnShr-core-ReferralRequest-model:ReferralRequest">
      <path value="shr-core-ProcedureRequest-model.serviceBasedOnShr-core-ReferralRequest-model"/>
      <sliceName value="ReferralRequest"/>
      <short value="Used to record and send details about a request for referral service or transfer of a patient to the care of another provider or provider organization."/>
      <definition value="Used to record and send details about a request for referral service or transfer of a patient to the care of another provider or provider organization."/>
      <min value="1"/>
      <max value="1"/>
      <base>
        <path value="shr-core-ProcedureRequest-model.serviceBasedOn[x]"/>
        <min value="0"/>
        <max value="*"/>
      </base>
      <type>
        <code value="Reference"/>
        <targetProfile value="http://hl7.org/fhir/us/shr/StructureDefinition/shr-core-ReferralRequest-model"/>
      </type>
      <mustSupport value="false"/>
      <isModifier value="false"/>
      <isSummary value="false"/>
    </element>
    <element id="shr-core-ProcedureRequest-model.serviceBasedOnShr-core-ProcedureRequest-model:ProcedureRequest">
      <path value="shr-core-ProcedureRequest-model.serviceBasedOnShr-core-ProcedureRequest-model"/>
      <sliceName value="ProcedureRequest"/>
      <short value="A request for a procedure to be performed. May be a proposal or an order."/>
      <definition value="A request for a procedure to be performed. May be a proposal or an order."/>
      <min value="1"/>
      <max value="1"/>
      <base>
        <path value="shr-core-ProcedureRequest-model.serviceBasedOn[x]"/>
        <min value="0"/>
        <max value="*"/>
      </base>
      <type>
        <code value="Reference"/>
        <targetProfile value="http://hl7.org/fhir/us/shr/StructureDefinition/shr-core-ProcedureRequest-model"/>
      </type>
      <mustSupport value="false"/>
      <isModifier value="false"/>
      <isSummary value="false"/>
    </element>
    <element id="shr-core-ProcedureRequest-model.code">
      <path value="shr-core-ProcedureRequest-model.code"/>
      <short value="The main type identifier for a lab, procedure, condition, etc., usually drawn from a controlled vocabulary."/>
      <definition value="The main type identifier for a lab, procedure, condition, etc., usually drawn from a controlled vocabulary."/>
      <min value="1"/>
      <max value="1"/>
      <base>
        <path value="shr-core-ProcedureRequest-model.code"/>
        <min value="1"/>
        <max value="1"/>
      </base>
      <type>
        <code value="Coding"/>
      </type>
      <mustSupport value="false"/>
      <isModifier value="false"/>
      <isSummary value="false"/>
      <binding>
        <strength value="extensible"/>
        <valueSetReference>
          <reference value="http://hl7.org/fhir/us/core/ValueSet/us-core-procedure-code"/>
        </valueSetReference>
      </binding>
    </element>
    <element id="shr-core-ProcedureRequest-model.category">
      <path value="shr-core-ProcedureRequest-model.category"/>
      <short value="The general type or class of this item."/>
      <definition value="The general type or class of this item."/>
      <min value="0"/>
      <max value="1"/>
      <base>
        <path value="shr-core-ProcedureRequest-model.category"/>
        <min value="0"/>
        <max value="1"/>
      </base>
      <type>
        <code value="Coding"/>
      </type>
      <mustSupport value="false"/>
      <isModifier value="false"/>
      <isSummary value="false"/>
    </element>
    <element id="shr-core-ProcedureRequest-model.procedureRequester[x]">
      <path value="shr-core-ProcedureRequest-model.procedureRequester[x]"/>
      <short value="The agent requesting the procedure. Allows Practitioner and Device, since these represent the intersection between DSTU 2 and STU 3. DSTU 2 allows Organization, and STU 3 allows Patient and RelatedPerson."/>
      <definition value="The agent requesting the procedure. Allows Practitioner and Device, since these represent the intersection between DSTU 2 and STU 3. DSTU 2 allows Organization, and STU 3 allows Patient and RelatedPerson."/>
      <min value="0"/>
      <max value="1"/>
      <base>
        <path value="shr-core-ProcedureRequest-model.procedureRequester[x]"/>
        <min value="0"/>
        <max value="1"/>
      </base>
      <type>
        <code value="Reference"/>
        <targetProfile value="http://hl7.org/fhir/us/shr/StructureDefinition/shr-core-Practitioner-model"/>
      </type>
      <type>
        <code value="Reference"/>
        <targetProfile value="http://hl7.org/fhir/us/shr/StructureDefinition/shr-core-Device-model"/>
      </type>
      <mustSupport value="false"/>
      <isModifier value="false"/>
      <isSummary value="false"/>
    </element>
    <element id="shr-core-ProcedureRequest-model.requestIntent">
      <path value="shr-core-ProcedureRequest-model.requestIntent"/>
      <short value="Indicates the level of authority/intentionality associated with the request and where the request fits into the workflow chain."/>
      <definition value="Indicates the level of authority/intentionality associated with the request and where the request fits into the workflow chain."/>
      <min value="1"/>
      <max value="1"/>
      <base>
        <path value="shr-core-ProcedureRequest-model.requestIntent"/>
        <min value="1"/>
        <max value="1"/>
      </base>
      <type>
        <code value="Coding"/>
      </type>
      <mustSupport value="false"/>
      <isModifier value="false"/>
      <isSummary value="false"/>
      <binding>
        <strength value="required"/>
        <valueSetReference>
          <reference value="http://hl7.org/fhir/ValueSet/request-intent"/>
        </valueSetReference>
      </binding>
    </element>
    <element id="shr-core-ProcedureRequest-model.expectedPerformanceTime[x]">
      <path value="shr-core-ProcedureRequest-model.expectedPerformanceTime[x]"/>
      <short value="When an action should be done. If the action is a series or recurs (e.g. daily blood sugar testing in the morning) then a Timing can be used to describe the periodicity."/>
      <definition value="When an action should be done. If the action is a series or recurs (e.g. daily blood sugar testing in the morning) then a Timing can be used to describe the periodicity."/>
      <min value="0"/>
      <max value="1"/>
      <base>
        <path value="shr-core-ProcedureRequest-model.expectedPerformanceTime[x]"/>
        <min value="0"/>
        <max value="1"/>
      </base>
      <type>
        <code value="dateTime"/>
      </type>
      <type>
        <code value="http://hl7.org/fhir/us/shr/StructureDefinition/shr-core-TimePeriod-model"/>
      </type>
      <type>
        <code value="http://hl7.org/fhir/us/shr/StructureDefinition/shr-core-Timing-model"/>
      </type>
      <mustSupport value="false"/>
      <isModifier value="false"/>
      <isSummary value="false"/>
    </element>
    <element id="shr-core-ProcedureRequest-model.expectedPerformerType">
      <path value="shr-core-ProcedureRequest-model.expectedPerformerType"/>
      <short value="What type of party should carry out the testing."/>
      <definition value="What type of party should carry out the testing."/>
      <min value="0"/>
      <max value="1"/>
      <base>
        <path value="shr-core-ProcedureRequest-model.expectedPerformerType"/>
        <min value="0"/>
        <max value="1"/>
      </base>
      <type>
        <code value="Coding"/>
      </type>
      <mustSupport value="false"/>
      <isModifier value="false"/>
      <isSummary value="false"/>
    </element>
    <element id="shr-core-ProcedureRequest-model.expectedPerformer[x]">
      <path value="shr-core-ProcedureRequest-model.expectedPerformer[x]"/>
      <short value="Who this request is being addressed to."/>
      <definition value="Who this request is being addressed to."/>
      <min value="0"/>
      <max value="1"/>
      <base>
        <path value="shr-core-ProcedureRequest-model.expectedPerformer[x]"/>
        <min value="0"/>
        <max value="1"/>
      </base>
      <type>
        <code value="Reference"/>
        <targetProfile value="http://hl7.org/fhir/us/shr/StructureDefinition/shr-core-Patient-model"/>
      </type>
      <type>
        <code value="Reference"/>
        <targetProfile value="http://hl7.org/fhir/us/shr/StructureDefinition/shr-core-Practitioner-model"/>
      </type>
      <type>
        <code value="Reference"/>
        <targetProfile value="http://hl7.org/fhir/us/shr/StructureDefinition/shr-core-RelatedPerson-model"/>
      </type>
      <type>
        <code value="Reference"/>
        <targetProfile value="http://hl7.org/fhir/us/shr/StructureDefinition/shr-core-Organization-model"/>
      </type>
      <type>
        <code value="Reference"/>
        <targetProfile value="http://hl7.org/fhir/us/shr/StructureDefinition/shr-core-Device-model"/>
      </type>
      <mustSupport value="false"/>
      <isModifier value="false"/>
      <isSummary value="false"/>
    </element>
    <element id="shr-core-ProcedureRequest-model.priorityCode[x]">
      <path value="shr-core-ProcedureRequest-model.priorityCode[x]"/>
      <short value="An indication of the importance of an action relative to other actions."/>
      <definition value="An indication of the importance of an action relative to other actions."/>
      <min value="0"/>
      <max value="1"/>
      <base>
        <path value="shr-core-ProcedureRequest-model.priorityCode[x]"/>
        <min value="0"/>
        <max value="1"/>
      </base>
      <type>
        <code value="positiveInt"/>
      </type>
      <type>
        <code value="Coding"/>
      </type>
      <mustSupport value="false"/>
      <isModifier value="false"/>
      <isSummary value="false"/>
    </element>
    <element id="shr-core-ProcedureRequest-model.annotation">
      <path value="shr-core-ProcedureRequest-model.annotation"/>
      <short value="An added or follow-up note, often after the fact, that contains metadata about who made the statement and when."/>
      <definition value="An added or follow-up note, often after the fact, that contains metadata about who made the statement and when."/>
      <min value="0"/>
      <max value="*"/>
      <base>
        <path value="shr-core-ProcedureRequest-model.annotation"/>
        <min value="0"/>
        <max value="*"/>
      </base>
      <type>
        <code value="http://hl7.org/fhir/us/shr/StructureDefinition/shr-core-Annotation-model"/>
      </type>
      <mustSupport value="false"/>
      <isModifier value="false"/>
      <isSummary value="false"/>
    </element>
    <element id="shr-core-ProcedureRequest-model.replaces">
      <path value="shr-core-ProcedureRequest-model.replaces"/>
      <short value="Request(s) replaced by this request"/>
      <definition value="Request(s) replaced by this request"/>
      <min value="0"/>
      <max value="*"/>
      <base>
        <path value="shr-core-ProcedureRequest-model.replaces"/>
        <min value="0"/>
        <max value="*"/>
      </base>
      <type>
        <code value="Reference"/>
        <targetProfile value="http://hl7.org/fhir/us/shr/StructureDefinition/shr-core-ServiceRequest-model"/>
      </type>
      <mustSupport value="false"/>
      <isModifier value="false"/>
      <isSummary value="false"/>
    </element>
    <element id="shr-core-ProcedureRequest-model.groupIdentifier">
      <path value="shr-core-ProcedureRequest-model.groupIdentifier"/>
      <short value="A shared identifier common to all service requests that were authorized more or less simultaneously by a single author, representing the composite or group identifier."/>
      <definition value="A shared identifier common to all service requests that were authorized more or less simultaneously by a single author, representing the composite or group identifier."/>
      <min value="0"/>
      <max value="1"/>
      <base>
        <path value="shr-core-ProcedureRequest-model.groupIdentifier"/>
        <min value="0"/>
        <max value="1"/>
      </base>
      <type>
        <code value="http://hl7.org/fhir/us/shr/StructureDefinition/shr-core-Identifier-model"/>
      </type>
      <mustSupport value="false"/>
      <isModifier value="false"/>
      <isSummary value="false"/>
    </element>
    <element id="shr-core-ProcedureRequest-model.doNotPerform">
      <path value="shr-core-ProcedureRequest-model.doNotPerform"/>
      <short value="A flag, when set to true, indicates that the service/procedure should NOT be performed."/>
      <definition value="A flag, when set to true, indicates that the service/procedure should NOT be performed."/>
      <min value="0"/>
      <max value="1"/>
      <base>
        <path value="shr-core-ProcedureRequest-model.doNotPerform"/>
        <min value="0"/>
        <max value="1"/>
      </base>
      <type>
        <code value="boolean"/>
      </type>
      <mustSupport value="false"/>
      <isModifier value="false"/>
      <isSummary value="false"/>
    </element>
    <element id="shr-core-ProcedureRequest-model.serviceDetails">
      <path value="shr-core-ProcedureRequest-model.serviceDetails"/>
      <short value="A service requested or performed. Additional details and instructions about the service requested or performed. For example, and order for a urinary catheter may have an order detail for an external or indwelling catheter, or an order for a bandage may require additional instructions specifying how the bandage should be applied."/>
      <definition value="A service requested or performed. Additional details and instructions about the service requested or performed. For example, and order for a urinary catheter may have an order detail for an external or indwelling catheter, or an order for a bandage may require additional instructions specifying how the bandage should be applied."/>
      <min value="0"/>
      <max value="*"/>
      <base>
        <path value="shr-core-ProcedureRequest-model.serviceDetails"/>
        <min value="0"/>
        <max value="*"/>
      </base>
      <type>
        <code value="Coding"/>
      </type>
      <mustSupport value="false"/>
      <isModifier value="false"/>
      <isSummary value="false"/>
      <binding>
        <strength value="example"/>
        <valueSetReference>
          <reference value="http://hl7.org/fhir/ValueSet/service-type"/>
        </valueSetReference>
      </binding>
    </element>
    <element id="shr-core-ProcedureRequest-model.requestQuantity[x]">
      <path value="shr-core-ProcedureRequest-model.requestQuantity[x]"/>
      <short value="An amount of service being requested which can be a quantity ( for example $1,500 home modification), a ratio ( for example, 20 half day visits per month), or a range (2.0 to 1.8 Gy per fraction)."/>
      <definition value="An amount of service being requested which can be a quantity ( for example $1,500 home modification), a ratio ( for example, 20 half day visits per month), or a range (2.0 to 1.8 Gy per fraction)."/>
      <min value="0"/>
      <max value="1"/>
      <base>
        <path value="shr-core-ProcedureRequest-model.requestQuantity[x]"/>
        <min value="0"/>
        <max value="1"/>
      </base>
      <type>
        <code value="http://hl7.org/fhir/us/shr/StructureDefinition/shr-core-Quantity-model"/>
      </type>
      <type>
        <code value="http://hl7.org/fhir/us/shr/StructureDefinition/shr-core-Ratio-model"/>
      </type>
      <type>
        <code value="http://hl7.org/fhir/us/shr/StructureDefinition/shr-core-Range-model"/>
      </type>
      <mustSupport value="false"/>
      <isModifier value="false"/>
      <isSummary value="false"/>
    </element>
    <element id="shr-core-ProcedureRequest-model.procedureRequestSubjectOfRecord[x]">
      <path value="shr-core-ProcedureRequest-model.procedureRequestSubjectOfRecord[x]"/>
      <short value="A choice of Patient or Group. These are the potential subjects for Procedure and ReferralRequest resources."/>
      <definition value="A choice of Patient or Group. These are the potential subjects for Procedure and ReferralRequest resources."/>
      <min value="1"/>
      <max value="1"/>
      <base>
        <path value="shr-core-ProcedureRequest-model.procedureRequestSubjectOfRecord[x]"/>
        <min value="1"/>
        <max value="1"/>
      </base>
      <type>
        <code value="Reference"/>
        <targetProfile value="http://hl7.org/fhir/us/shr/StructureDefinition/shr-core-Patient-model"/>
      </type>
      <type>
        <code value="Reference"/>
        <targetProfile value="http://hl7.org/fhir/us/shr/StructureDefinition/shr-core-Group-model"/>
      </type>
      <mustSupport value="false"/>
      <isModifier value="false"/>
      <isSummary value="false"/>
    </element>
    <element id="shr-core-ProcedureRequest-model.asNeeded[x]">
      <path value="shr-core-ProcedureRequest-model.asNeeded[x]"/>
      <short value="Preconditions for service, either &#39;true&#39; indicating to be performed if needed, or a code indicating the pre-condition for performing the service. For example &#39;pain&#39;, &#39;on flare-up&#39;, etc."/>
      <definition value="Preconditions for service, either &#39;true&#39; indicating to be performed if needed, or a code indicating the pre-condition for performing the service. For example &#39;pain&#39;, &#39;on flare-up&#39;, etc."/>
      <min value="0"/>
      <max value="1"/>
      <base>
        <path value="shr-core-ProcedureRequest-model.asNeeded[x]"/>
        <min value="0"/>
        <max value="1"/>
      </base>
      <type>
        <code value="boolean"/>
      </type>
      <type>
        <code value="Coding"/>
      </type>
      <mustSupport value="false"/>
      <isModifier value="false"/>
      <isSummary value="false"/>
    </element>
    <element id="shr-core-ProcedureRequest-model.location">
      <path value="shr-core-ProcedureRequest-model.location"/>
      <short value="Services and space and equipment provided for a particular purpose; a building or place that provides a particular service or is used for a particular industry. Could be a clinical site, community site, or a mobile facility."/>
      <definition value="Services and space and equipment provided for a particular purpose; a building or place that provides a particular service or is used for a particular industry. Could be a clinical site, community site, or a mobile facility."/>
      <min value="0"/>
      <max value="*"/>
      <base>
        <path value="shr-core-ProcedureRequest-model.location"/>
        <min value="0"/>
        <max value="*"/>
      </base>
      <type>
        <code value="Reference"/>
        <targetProfile value="http://hl7.org/fhir/us/shr/StructureDefinition/shr-core-Location-model"/>
      </type>
      <mustSupport value="false"/>
      <isModifier value="false"/>
      <isSummary value="false"/>
    </element>
    <element id="shr-core-ProcedureRequest-model.locationType">
      <path value="shr-core-ProcedureRequest-model.locationType"/>
      <short value="The preferred type of location(s) where the service should happen, in coded or free text form, e.g. at home or nursing day care center."/>
      <definition value="The preferred type of location(s) where the service should happen, in coded or free text form, e.g. at home or nursing day care center."/>
      <min value="0"/>
      <max value="*"/>
      <base>
        <path value="shr-core-ProcedureRequest-model.locationType"/>
        <min value="0"/>
        <max value="*"/>
      </base>
      <type>
        <code value="Coding"/>
      </type>
      <mustSupport value="false"/>
      <isModifier value="false"/>
      <isSummary value="false"/>
    </element>
    <element id="shr-core-ProcedureRequest-model.insurance">
      <path value="shr-core-ProcedureRequest-model.insurance"/>
      <code>
        <system value="http://ncimeta.nci.nih.gov"/>
        <code value="C0021682"/>
        <display value="HealthInsurance"/>
      </code>
      <short value="Insurance plans, coverage extensions, pre-authorizations and/or pre-determinations that may be needed for delivering the requested service."/>
      <definition value="Insurance plans, coverage extensions, pre-authorizations and/or pre-determinations that may be needed for delivering the requested service."/>
      <min value="0"/>
      <max value="*"/>
      <base>
        <path value="shr-core-ProcedureRequest-model.insurance"/>
        <min value="0"/>
        <max value="*"/>
      </base>
      <type>
        <code value="Reference"/>
        <targetProfile value="http://hl7.org/fhir/us/shr/StructureDefinition/shr-core-Coverage-model"/>
      </type>
      <mustSupport value="false"/>
      <isModifier value="false"/>
      <isSummary value="false"/>
    </element>
    <element id="shr-core-ProcedureRequest-model.supportingInformation">
      <path value="shr-core-ProcedureRequest-model.supportingInformation"/>
      <short value="Additional information to support this request."/>
      <definition value="Additional information to support this request."/>
      <min value="0"/>
      <max value="*"/>
      <base>
        <path value="shr-core-ProcedureRequest-model.supportingInformation"/>
        <min value="0"/>
        <max value="*"/>
      </base>
      <type>
        <code value="Reference"/>
        <targetProfile value="http://hl7.org/fhir/us/shr/StructureDefinition/shr-core-DomainResource-model"/>
      </type>
      <mustSupport value="false"/>
      <isModifier value="false"/>
      <isSummary value="false"/>
    </element>
    <element id="shr-core-ProcedureRequest-model.specimen">
      <path value="shr-core-ProcedureRequest-model.specimen"/>
      <short value="A specimen is a substance, physical object, or collection of objects, that the laboratory considers a single discrete, uniquely identified unit that is the subject of one or more steps in the laboratory workflow. A specimen may include multiple physical pieces as long as they are considered a single unit within the laboratory workflow. A specimen results from one to many specimen collection procedures, and may be contained in multiple specimen containers. Specimen may have one or more processing activities."/>
      <definition value="A specimen is a substance, physical object, or collection of objects, that the laboratory considers a single discrete, uniquely identified unit that is the subject of one or more steps in the laboratory workflow. A specimen may include multiple physical pieces as long as they are considered a single unit within the laboratory workflow. A specimen results from one to many specimen collection procedures, and may be contained in multiple specimen containers. Specimen may have one or more processing activities."/>
      <min value="0"/>
      <max value="*"/>
      <base>
        <path value="shr-core-ProcedureRequest-model.specimen"/>
        <min value="0"/>
        <max value="*"/>
      </base>
      <type>
        <code value="Reference"/>
        <targetProfile value="http://hl7.org/fhir/us/shr/StructureDefinition/shr-core-Specimen-model"/>
      </type>
      <mustSupport value="false"/>
      <isModifier value="false"/>
      <isSummary value="false"/>
    </element>
    <element id="shr-core-ProcedureRequest-model.bodyLocation">
      <path value="shr-core-ProcedureRequest-model.bodyLocation"/>
      <short value="A location or structure in the body, including tissues, regions, cavities, and spaces; for example, right elbow, or left ventricle of the heart. Body location is a flexible structure that allows the location to be determined by a single code, or a code plus laterality and/or orientation. The body location can also be specified in relation to one or more body landmarks. SNOMED CT is used in all cases."/>
      <definition value="A location or structure in the body, including tissues, regions, cavities, and spaces; for example, right elbow, or left ventricle of the heart. Body location is a flexible structure that allows the location to be determined by a single code, or a code plus laterality and/or orientation. The body location can also be specified in relation to one or more body landmarks. SNOMED CT is used in all cases.&#xA;+ Code only: The code should include (precoordinate) laterality and/orientation to the degree necessary to completely specify the body location.&#xA;+ Code plus laterality and/or orientation: The basic code augmented by codes specifying the body side and/or anatomical orientation.&#xA;+ Relation to landmark: The location relative to a landmark is specified by:&#xA;- Establishing the location and type of landmark using a body site code and optional laterality/orientation, and&#xA;- Specifying the direction and distance from the landmark to the body location.&#xA;Note that BodyLocation is a data type, a reusable structure, not a stand-alone entity. The concept is similar to how a postal address can apply to a person, location, or organization. This contrasts with FHIR&#39;s stand-alone BodySite (aka BodyStructure in r4) which &#39;is not ... intended for describing the type of anatomical location but rather a specific body site on a specific patient&#39; (FHIR 3.5)."/>
      <min value="0"/>
      <max value="*"/>
      <base>
        <path value="shr-core-ProcedureRequest-model.bodyLocation"/>
        <min value="0"/>
        <max value="*"/>
      </base>
      <type>
        <code value="http://hl7.org/fhir/us/shr/StructureDefinition/shr-core-BodyLocation-model"/>
      </type>
      <mustSupport value="false"/>
      <isModifier value="false"/>
      <isSummary value="false"/>
    </element>
    <element id="shr-core-ProcedureRequest-model.patientInstruction">
      <path value="shr-core-ProcedureRequest-model.patientInstruction"/>
      <short value="Patient or consumer-oriented instructions."/>
      <definition value="Patient or consumer-oriented instructions."/>
      <min value="0"/>
      <max value="1"/>
      <base>
        <path value="shr-core-ProcedureRequest-model.patientInstruction"/>
        <min value="0"/>
        <max value="1"/>
      </base>
      <type>
        <code value="string"/>
      </type>
      <mustSupport value="false"/>
      <isModifier value="false"/>
      <isSummary value="false"/>
    </element>
    <element id="shr-core-ProcedureRequest-model.partOf">
      <path value="shr-core-ProcedureRequest-model.partOf"/>
      <short value="The larger entity that the asserted item is a portion of. For example, an organization part of a larger organization, or an encounter with a hospitalist might be part of a larger hospitalization encounter."/>
      <definition value="The larger entity that the asserted item is a portion of. For example, an organization part of a larger organization, or an encounter with a hospitalist might be part of a larger hospitalization encounter."/>
      <min value="0"/>
      <max value="1"/>
      <base>
        <path value="shr-core-ProcedureRequest-model.partOf"/>
        <min value="0"/>
        <max value="1"/>
      </base>
      <type>
        <code value="Reference"/>
        <targetProfile value="http://hl7.org/fhir/us/shr/StructureDefinition/shr-core-Procedure-model"/>
      </type>
      <mustSupport value="false"/>
      <isModifier value="false"/>
      <isSummary value="false"/>
    </element>
    <element id="shr-core-ProcedureRequest-model.method">
      <path value="shr-core-ProcedureRequest-model.method"/>
      <short value="The technique used to carry out an action, for example, the specific imaging technical or assessment vehicle."/>
      <definition value="The technique used to carry out an action, for example, the specific imaging technical or assessment vehicle."/>
      <min value="0"/>
      <max value="1"/>
      <base>
        <path value="shr-core-ProcedureRequest-model.method"/>
        <min value="0"/>
        <max value="1"/>
      </base>
      <type>
        <code value="Coding"/>
      </type>
      <mustSupport value="false"/>
      <isModifier value="false"/>
      <isSummary value="false"/>
    </element>
  </differential>
</StructureDefinition>