<?xml version="1.0" encoding="UTF-8"?>

<StructureDefinition xmlns="http://hl7.org/fhir">
  <id value="shr-core-LandmarkToBodyLocationDistance-model"/>
  <text>
    <status value="generated"/><div xmlns="http://www.w3.org/1999/xhtml">
  <p><b>LandmarkToBodyLocationDistance Logical Model</b></p>
  <p>How far the body location of interest is from the given landmark.</p>
</div>
  </text>
  <url value="http://hl7.org/fhir/us/shr/StructureDefinition/shr-core-LandmarkToBodyLocationDistance-model"/>
  <identifier>
    <system value="http://hl7.org/fhir/us/shrcore"/>
    <value value="shr.core.LandmarkToBodyLocationDistance"/>
  </identifier>
  <version value="0.6.0"/>
  <name value="LandmarkToBodyLocationDistance"/>
  <title value="shr-core-LandmarkToBodyLocationDistance"/>
  <status value="draft"/>
  <date value="2019-05-07T00:00:00-04:00"/>
  <publisher value="The MITRE Corporation"/>
  <contact>
    <telecom>
      <system value="url"/>
      <value value="http://www.standardhealthrecord.org"/>
    </telecom>
  </contact>
  <description value="How far the body location of interest is from the given landmark."/>
  <kind value="logical"/>
  <abstract value="false"/>
  <type value="shr-core-LandmarkToBodyLocationDistance-model"/>
  <baseDefinition value="http://hl7.org/fhir/StructureDefinition/Element"/>
  <derivation value="specialization"/>
  <snapshot>
    <element id="shr-core-LandmarkToBodyLocationDistance-model">
      <path value="shr-core-LandmarkToBodyLocationDistance-model"/>
      <definition value="How far the body location of interest is from the given landmark."/>
      <min value="0"/>
      <max value="*"/>
      <base>
        <path value="shr-core-LandmarkToBodyLocationDistance-model"/>
        <min value="0"/>
        <max value="*"/>
      </base>
      <mustSupport value="false"/>
      <isModifier value="false"/>
      <isSummary value="false"/>
    </element>
    <element id="shr-core-LandmarkToBodyLocationDistance-model.value">
      <path value="shr-core-LandmarkToBodyLocationDistance-model.value"/>
      <short value="Quantity representing how far the body location of interest is from the given landmark."/>
      <definition value="Quantity representing how far the body location of interest is from the given landmark."/>
      <min value="1"/>
      <max value="1"/>
      <base>
        <path value="shr-core-LandmarkToBodyLocationDistance-model.value"/>
        <min value="1"/>
        <max value="1"/>
      </base>
      <type>
        <code value="http://hl7.org/fhir/us/shr/StructureDefinition/shr-core-Quantity-model"/>
      </type>
      <mustSupport value="false"/>
      <isModifier value="false"/>
      <isSummary value="false"/>
    </element>
    <element id="shr-core-LandmarkToBodyLocationDistance-model.value.number">
      <path value="shr-core-LandmarkToBodyLocationDistance-model.value.number"/>
      <short value="A decimal value."/>
      <definition value="A decimal value."/>
      <min value="0"/>
      <max value="1"/>
      <base>
        <path value="shr-core-LandmarkToBodyLocationDistance-model.value.number"/>
        <min value="0"/>
        <max value="1"/>
      </base>
      <type>
        <code value="decimal"/>
      </type>
      <mustSupport value="false"/>
      <isModifier value="false"/>
      <isSummary value="false"/>
    </element>
    <element id="shr-core-LandmarkToBodyLocationDistance-model.value.comparator">
      <path value="shr-core-LandmarkToBodyLocationDistance-model.value.comparator"/>
      <short value="A code indicated if the value represents an upper or lower bound"/>
      <definition value="A code indicated if the value represents an upper or lower bound"/>
      <min value="0"/>
      <max value="1"/>
      <base>
        <path value="shr-core-LandmarkToBodyLocationDistance-model.value.comparator"/>
        <min value="0"/>
        <max value="1"/>
      </base>
      <type>
        <code value="Coding"/>
      </type>
      <mustSupport value="false"/>
      <isModifier value="false"/>
      <isSummary value="false"/>
      <binding>
        <strength value="required"/>
        <valueSetReference>
          <reference value="http://hl7.org/fhir/ValueSet/quantity-comparator"/>
        </valueSetReference>
      </binding>
    </element>
    <element id="shr-core-LandmarkToBodyLocationDistance-model.value.units">
      <path value="shr-core-LandmarkToBodyLocationDistance-model.value.units"/>
      <code>
        <system value="http://ncimeta.nci.nih.gov"/>
        <code value="C0805701"/>
      </code>
      <short value="The unit of measure of the quantity."/>
      <definition value="The unit of measure of the quantity."/>
      <min value="0"/>
      <max value="1"/>
      <base>
        <path value="shr-core-LandmarkToBodyLocationDistance-model.value.units"/>
        <min value="0"/>
        <max value="1"/>
      </base>
      <type>
        <code value="Coding"/>
      </type>
      <mustSupport value="false"/>
      <isModifier value="false"/>
      <isSummary value="false"/>
      <binding>
        <strength value="required"/>
        <valueSetReference>
          <reference value="http://hl7.org/fhir/us/shrcore/shr/core/vs/UnitsOfLengthVS"/>
        </valueSetReference>
      </binding>
    </element>
  </snapshot>
  <differential>
    <element id="shr-core-LandmarkToBodyLocationDistance-model">
      <path value="shr-core-LandmarkToBodyLocationDistance-model"/>
      <definition value="How far the body location of interest is from the given landmark."/>
      <min value="0"/>
      <max value="*"/>
      <base>
        <path value="shr-core-LandmarkToBodyLocationDistance-model"/>
        <min value="0"/>
        <max value="*"/>
      </base>
      <mustSupport value="false"/>
      <isModifier value="false"/>
      <isSummary value="false"/>
    </element>
    <element id="shr-core-LandmarkToBodyLocationDistance-model.value">
      <path value="shr-core-LandmarkToBodyLocationDistance-model.value"/>
      <short value="Quantity representing how far the body location of interest is from the given landmark."/>
      <definition value="Quantity representing how far the body location of interest is from the given landmark."/>
      <min value="1"/>
      <max value="1"/>
      <base>
        <path value="shr-core-LandmarkToBodyLocationDistance-model.value"/>
        <min value="1"/>
        <max value="1"/>
      </base>
      <type>
        <code value="http://hl7.org/fhir/us/shr/StructureDefinition/shr-core-Quantity-model"/>
      </type>
      <mustSupport value="false"/>
      <isModifier value="false"/>
      <isSummary value="false"/>
    </element>
    <element id="shr-core-LandmarkToBodyLocationDistance-model.value.number">
      <path value="shr-core-LandmarkToBodyLocationDistance-model.value.number"/>
      <short value="A decimal value."/>
      <definition value="A decimal value."/>
      <min value="0"/>
      <max value="1"/>
      <base>
        <path value="shr-core-LandmarkToBodyLocationDistance-model.value.number"/>
        <min value="0"/>
        <max value="1"/>
      </base>
      <type>
        <code value="decimal"/>
      </type>
      <mustSupport value="false"/>
      <isModifier value="false"/>
      <isSummary value="false"/>
    </element>
    <element id="shr-core-LandmarkToBodyLocationDistance-model.value.comparator">
      <path value="shr-core-LandmarkToBodyLocationDistance-model.value.comparator"/>
      <short value="A code indicated if the value represents an upper or lower bound"/>
      <definition value="A code indicated if the value represents an upper or lower bound"/>
      <min value="0"/>
      <max value="1"/>
      <base>
        <path value="shr-core-LandmarkToBodyLocationDistance-model.value.comparator"/>
        <min value="0"/>
        <max value="1"/>
      </base>
      <type>
        <code value="Coding"/>
      </type>
      <mustSupport value="false"/>
      <isModifier value="false"/>
      <isSummary value="false"/>
      <binding>
        <strength value="required"/>
        <valueSetReference>
          <reference value="http://hl7.org/fhir/ValueSet/quantity-comparator"/>
        </valueSetReference>
      </binding>
    </element>
    <element id="shr-core-LandmarkToBodyLocationDistance-model.value.units">
      <path value="shr-core-LandmarkToBodyLocationDistance-model.value.units"/>
      <code>
        <system value="http://ncimeta.nci.nih.gov"/>
        <code value="C0805701"/>
      </code>
      <short value="The unit of measure of the quantity."/>
      <definition value="The unit of measure of the quantity."/>
      <min value="0"/>
      <max value="1"/>
      <base>
        <path value="shr-core-LandmarkToBodyLocationDistance-model.value.units"/>
        <min value="0"/>
        <max value="1"/>
      </base>
      <type>
        <code value="Coding"/>
      </type>
      <mustSupport value="false"/>
      <isModifier value="false"/>
      <isSummary value="false"/>
      <binding>
        <strength value="required"/>
        <valueSetReference>
          <reference value="http://hl7.org/fhir/us/shrcore/shr/core/vs/UnitsOfLengthVS"/>
        </valueSetReference>
      </binding>
    </element>
  </differential>
</StructureDefinition>