<?xml version="1.0" encoding="UTF-8"?>

<ValueSet xmlns="http://hl7.org/fhir">
  <id value="shr-core-YesNoUnknownVS"/>
  <text>
    <status value="generated"/><div xmlns="http://www.w3.org/1999/xhtml">
<p><b>YesNoUnknownVS ValueSet</b></p>
<p>A value set containing yes, no, and unknown.</p>
</div>
  </text>
  <url value="http://hl7.org/fhir/us/shrcore/shr/core/vs/YesNoUnknownVS"/>
  <identifier>
    <system value="http://hl7.org/fhir/us/shrcore"/>
    <value value="shr.core.YesNoUnknownVS"/>
  </identifier>
  <version value="0.6.0"/>
  <name value="YesNoUnknownVS"/>
  <title value="YesNoUnknownVS"/>
  <status value="draft"/>
  <date value="2019-05-07T00:00:00-04:00"/>
  <publisher value="The MITRE Corporation"/>
  <contact>
    <telecom>
      <system value="url"/>
      <value value="http://www.standardhealthrecord.org"/>
    </telecom>
  </contact>
  <description value="A value set containing yes, no, and unknown."/>
  <compose>
    <include>
      <system value="http://snomed.info/sct"/>
      <concept>
        <code value="373066001"/>
        <display value="Yes"/>
      </concept>
      <concept>
        <code value="373067005"/>
        <display value="No"/>
      </concept>
      <concept>
        <code value="261665006"/>
        <display value="Unknown"/>
      </concept>
    </include>
  </compose>
</ValueSet>