<?xml version="1.0" encoding="UTF-8"?>

<ValueSet xmlns="http://hl7.org/fhir">
  <id value="shr-core-BodyHeightLengthMethodVS"/>
  <text>
    <status value="generated"/><div xmlns="http://www.w3.org/1999/xhtml">
<p><b>BodyHeightLengthMethodVS ValueSet</b></p>
<p>Method used to determine body height or length.</p>
</div>
  </text>
  <url value="http://hl7.org/fhir/us/shrcore/shr/core/vs/BodyHeightLengthMethodVS"/>
  <identifier>
    <system value="http://hl7.org/fhir/us/shrcore"/>
    <value value="shr.core.BodyHeightLengthMethodVS"/>
  </identifier>
  <version value="0.5.0"/>
  <name value="BodyHeightLengthMethodVS"/>
  <title value="BodyHeightLengthMethodVS"/>
  <status value="draft"/>
  <date value="2019-05-01T00:00:00-04:00"/>
  <publisher value="The MITRE Corporation"/>
  <contact>
    <telecom>
      <system value="url"/>
      <value value="http://www.standardhealthrecord.org"/>
    </telecom>
  </contact>
  <description value="Method used to determine body height or length."/>
  <compose>
    <include>
      <system value="http://snomed.info/sct"/>
      <concept>
        <code value="414135002"/>
        <display value="Estimated"/>
      </concept>
      <concept>
        <code value="51791000"/>
        <display value="Measuring tape"/>
      </concept>
      <concept>
        <code value="462588003"/>
        <display value="Patient-height measure"/>
      </concept>
    </include>
  </compose>
</ValueSet>