<?xml version="1.0" encoding="UTF-8"?>

<ValueSet xmlns="http://hl7.org/fhir">
  <id value="shr-core-SurgicalBodyLocationRoleVS"/>
  <text>
    <status value="generated"/><div xmlns="http://www.w3.org/1999/xhtml">
<p><b>SurgicalBodyLocationRoleVS ValueSet</b></p>
<p>Roles of body site in surgical procedures. Value set includes codes from the SNOMED hierarchy descending from 363704007 'Procedure site' and descending from 272737002 'Site of (attribute)'.</p>
</div>
  </text>
  <url value="http://hl7.org/fhir/us/shrcore/shr/core/vs/SurgicalBodyLocationRoleVS"/>
  <identifier>
    <system value="http://hl7.org/fhir/us/shrcore"/>
    <value value="shr.core.SurgicalBodyLocationRoleVS"/>
  </identifier>
  <version value="0.5.0"/>
  <name value="SurgicalBodyLocationRoleVS"/>
  <title value="SurgicalBodyLocationRoleVS"/>
  <status value="draft"/>
  <date value="2019-05-01T00:00:00-04:00"/>
  <publisher value="The MITRE Corporation"/>
  <contact>
    <telecom>
      <system value="url"/>
      <value value="http://www.standardhealthrecord.org"/>
    </telecom>
  </contact>
  <description value="Roles of body site in surgical procedures. Value set includes codes from the SNOMED hierarchy descending from 363704007 &#39;Procedure site&#39; and descending from 272737002 &#39;Site of (attribute)&#39;."/>
  <compose>
    <include>
      <system value="http://snomed.info/sct"/>
      <filter>
        <property value="concept"/>
        <op value="is-a"/>
        <value value="363704007"/>
      </filter>
    </include>
    <include>
      <system value="http://snomed.info/sct"/>
      <filter>
        <property value="concept"/>
        <op value="is-a"/>
        <value value="272737002"/>
      </filter>
    </include>
    <include>
      <system value="http://snomed.info/sct"/>
      <concept>
        <code value="410609009"/>
        <display value="Donor site (body structure)"/>
      </concept>
      <concept>
        <code value="410611000"/>
        <display value="Recipient site (body structure)"/>
      </concept>
    </include>
  </compose>
</ValueSet>