"Path","Slice Name","Alias(s)","Label","Min","Max","Must Support?","Is Modifier?","Is Summary?","Type(s)","Short","Definition","Comments","Requirements","Default Value","Meaning When Missing","Fixed Value","Pattern","Example","Minimum Value","Maximum Value","Maximum Length","Binding Strength","Binding Description","Binding Value Set","Code","Slicing Discriminator","Slicing Description","Slicing Ordered","Slicing Rules","Base Path","Base Min","Base Max","Condition(s)","Constraint(s)","Mapping: Argonaut-DQ-DSTU2","Mapping: Workflow Pattern","Mapping: SNOMED CT Concept Domain Binding","Mapping: HL7 v2 Mapping","Mapping: RIM Mapping","Mapping: FiveWs Pattern Mapping","Mapping: SNOMED CT Attribute Binding"
"Observation","","Vital Signs
MeasurementResultsTests","",0,*,"","","","","obf-lab-ComprehensiveMetabolic2000SerumOrPlasmaPanel","Represents a comprehensive metabolic 2000 panel (CMP) from serum or plasma, which measures various components such as glucose, electrolytes, kidney function, and liver function. The components of this panel are not entirely standardized, so the definition of the CMP includes tests that are optional, or performed by certain laboratories but not others. Therefore, instances typically will include a subset of the listed panel members. While recognizing scalability limitations, in this case, panel member is described by its own FHIR profile.

Note to FHIR implementers: The Argonaut and US Core IGs both state that panels (related groups of observations) should be represented by the DiagnosticReport resource. This specification deviates from this approach by using Observation for panels. This is because panels can contain other panels, but a DiagnosticReport cannot contain other DiagnosticReports. Nested panels are, in fact, quite common in LOINC (see 39135-9 Wound assessment panel for an example of a deeply nested panel). To represent nested panels, each sub-panel _must_ be an Observation. Of course, any sub-panel can also be a stand-alone panel, as well. Following the Argonaut/US Core recommended approach of using DiagnosticReport would imply that many or perhaps all panels would have to be represented twice: once as an Observation to permit the panel to be used as a sub-panel, and once as a DiagnosticReport to permit it to be used as a top-level panel. The authors of this specification believe there is little added value in representing panels as DiagnosticReports when Observation provides additional opportunity for nesting, and equivalent expressive power.","Used for simple observations such as device measurements, laboratory atomic results, vital signs, height, weight, smoking status, comments, etc.  Other resources are used to provide context for observations such as laboratory reports, etc.","","","","","","","","",,,,,"",,,,"Observation",0,*,"","dom-2:If the resource is contained in another resource, it SHALL NOT contain nested Resources {contained.contained.empty()}
dom-4:If a resource is contained in another resource, it SHALL NOT have a meta.versionId or a meta.lastUpdated {contained.meta.versionId.empty() and contained.meta.lastUpdated.empty()}dom-3:If the resource is contained in another resource, it SHALL be referred to from elsewhere in the resource or SHALL refer to the containing resource {contained.where((('#'+id in (%resource.descendants().reference | %resource.descendants().as(canonical) | %resource.descendants().as(uri) | %resource.descendants().as(url))) or descendants().where(reference = '#').exists() or descendants().where(as(canonical) = '#').exists() or descendants().where(as(canonical) = '#').exists()).not()).trace('unmatched', id).empty()}dom-6:A resource should have narrative for robust management {text.div.exists()}dom-5:If a resource is contained in another resource, it SHALL NOT have a security label {contained.meta.security.empty()}obs-7:If Observation.code is the same as an Observation.component.code then the value element associated with the code SHALL NOT be present {value.empty() or component.code.where( (coding.code = %resource.code.coding.code) and (coding.system = %resource.code.coding.system)).empty()}obs-6:dataAbsentReason SHALL only be present if Observation.value[x] is not present {dataAbsentReason.empty() or value.empty()}us-core-2:If there is no component or related element then either a value[x] or a data absent reason must be present {(component.empty() and related.empty()) implies (dataAbsentReason or value)}","Observation","Event","< 363787002 |Observable entity|","OBX","Entity. Role, or Act","Observation[classCode=OBS, moodCode=EVN]"
"Observation.id","","","",0,1,"","","Y","id {[]} {[]}
","Logical id of this artifact","The logical id of the resource, as used in the URL for the resource. Once assigned, this value never changes.","The only time that a resource does not have an id is when it is being submitted to the server using a create operation.","","","","","","","","",,,,,"",,,,"Resource.id",0,1,"",""
"Observation.meta","","","",0,1,"","","Y","Meta {[]} {[]}
","Metadata about the resource","The metadata about the resource. This is content that is maintained by the infrastructure. Changes to the content might not always be associated with version changes to the resource.","","","","","","","","","",,,,,"",,,,"Resource.meta",0,1,"",""
"Observation.implicitRules","","","",0,1,"","Y","Y","uri {[]} {[]}
","A set of rules under which this content was created","A reference to a set of rules that were followed when the resource was constructed, and which must be understood when processing the content. Often, this is a reference to an implementation guide that defines the special rules along with other profiles etc.","Asserting this rule set restricts the content to be only understood by a limited set of trading partners. This inherently limits the usefulness of the data in the long term. However, the existing health eco-system is highly fractured, and not yet ready to define, collect, and exchange data in a generally computable sense. Wherever possible, implementers and/or specification writers should avoid using this element. Often, when used, the URL is a reference to an implementation guide that defines these special rules as part of it's narrative along with other profiles, value sets, etc.","","","","","","","","",,,,,"",,,,"Resource.implicitRules",0,1,"",""
"Observation.language","","","",0,1,"","","","code {[]} {[]}
","Language of the resource content","The base language in which the resource is written.","Language is provided to support indexing and accessibility (typically, services such as text to speech use the language tag). The html language tag in the narrative applies  to the narrative. The language tag on the resource may be used to specify the language of other presentations generated from the data in the resource. Not all the content has to be in the base language. The Resource.language should not be assumed to apply to the narrative automatically. If a language is specified, it should it also be specified on the div element in the html (see rules in HTML5 for information about the relationship between xml:lang and the html lang attribute).","","","","","","","","",,"preferred","A human language.","http://hl7.org/fhir/ValueSet/languages","",,,,"Resource.language",0,1,"",""
"Observation.text","","narrative
htmlxhtmldisplay","",0,1,"","","","Narrative {[]} {[]}
","Text summary of the resource, for human interpretation","A human-readable narrative that contains a summary of the resource and can be used to represent the content of the resource to a human. The narrative need not encode all the structured data, but is required to contain sufficient detail to make it ""clinically safe"" for a human to just read the narrative. Resource definitions may define what content should be represented in the narrative to ensure clinical safety.","Contained resources do not have narrative. Resources that are not contained SHOULD have a narrative. In some cases, a resource may only have text with little or no additional discrete data (as long as all minOccurs=1 elements are satisfied).  This may be necessary for data from legacy systems where information is captured as a ""text blob"" or where text is additionally entered raw or narrated and encoded information is added later.","","","","","","","","",,,,,"",,,,"DomainResource.text",0,1,"","","Act.text?"
"Observation.contained","","inline resources
anonymous resourcescontained resources","",0,*,"","","","Resource {[]} {[]}
","Contained, inline Resources","These resources do not have an independent existence apart from the resource that contains them - they cannot be identified independently, and nor can they have their own independent transaction scope.","This should never be done when the content can be identified properly, as once identification is lost, it is extremely difficult (and context dependent) to restore it again. Contained resources may have profiles and tags In their meta elements, but SHALL NOT have security labels.","","","","","","","","",,,,,"",,,,"DomainResource.contained",0,*,"","","N/A"
"Observation.extension","","extensions
user content","",0,*,"","","","Extension {[]} {[]}
","Additional content defined by implementations","May be used to represent additional information that is not part of the basic definition of the resource. To make the use of extensions safe and manageable, there is a strict set of governance  applied to the definition and use of extensions. Though any implementer can define an extension, there is a set of requirements that SHALL be met as part of the definition of the extension.","There can be no stigma associated with the use of extensions by any application, project, or standard - regardless of the institution or jurisdiction that uses or defines the extensions.  The use of extensions is what allows the FHIR specification to retain a core level of simplicity for everyone.","","","","","","","","",,,,,"",,,,"DomainResource.extension",0,*,"","","N/A"
"Observation.modifierExtension","","extensions
user content","",0,*,"","Y","","Extension {[]} {[]}
","Extensions that cannot be ignored","May be used to represent additional information that is not part of the basic definition of the resource and that modifies the understanding of the element that contains it and/or the understanding of the containing element's descendants. Usually modifier elements provide negation or qualification. To make the use of extensions safe and manageable, there is a strict set of governance applied to the definition and use of extensions. Though any implementer is allowed to define an extension, there is a set of requirements that SHALL be met as part of the definition of the extension. Applications processing a resource are required to check for modifier extensions.

Modifier extensions SHALL NOT change the meaning of any elements on Resource or DomainResource (including cannot change the meaning of modifierExtension itself).","There can be no stigma associated with the use of extensions by any application, project, or standard - regardless of the institution or jurisdiction that uses or defines the extensions.  The use of extensions is what allows the FHIR specification to retain a core level of simplicity for everyone.","Modifier extensions allow for extensions that *cannot* be safely ignored to be clearly distinguished from the vast majority of extensions which can be safely ignored.  This promotes interoperability by eliminating the need for implementers to prohibit the presence of extensions. For further information, see the [definition of modifier extensions](http://hl7.org/fhir/R4/extensibility.html#modifierExtension).","","","","","","","",,,,,"",,,,"DomainResource.modifierExtension",0,*,"","","N/A"
"Observation.identifier","","","",0,*,"","","Y","Identifier {[]} {[]}
","Business Identifier for observation","A unique identifier assigned to this observation.","","Allows observations to be distinguished and referenced.","","","","","","","",,,,,"","value:type.coding.code}
","",,"open","Observation.identifier",0,*,"","","Event.identifier","OBX.21  For OBX segments from systems without OBX-21 support a combination of ORC/OBR and OBX must be negotiated between trading partners to uniquely identify the OBX segment. Depending on how V2 has been implemented each of these may be an option: 1) OBR-3 + OBX-3 + OBX-4 or 2) OBR-3 + OBR-4 + OBX-3 + OBX-4 or 2) some other way to uniquely ID the OBR/ORC + OBX-3 + OBX-4.","id","FiveWs.identifier"
"Observation.identifier","obf-AccessionIdentifier","","",0,1,"","","Y","Identifier {[CanonicalType[http://hl7.org/fhir/us/mcode/StructureDefinition/obf-AccessionIdentifier]]} {[]}
","AccessionIdentifier: Identifier assigned by the lab","Identifier assigned by the lab","","","","","","","","","",,,,,"",,,,"Observation.identifier",0,*,"","","Event.identifier","OBX.21  For OBX segments from systems without OBX-21 support a combination of ORC/OBR and OBX must be negotiated between trading partners to uniquely identify the OBX segment. Depending on how V2 has been implemented each of these may be an option: 1) OBR-3 + OBX-3 + OBX-4 or 2) OBR-3 + OBR-4 + OBX-3 + OBX-4 or 2) some other way to uniquely ID the OBR/ORC + OBX-3 + OBX-4.","id","FiveWs.identifier"
"Observation.identifier","obf-FillerOrderNumber","","",0,1,"","","Y","Identifier {[CanonicalType[http://hl7.org/fhir/us/mcode/StructureDefinition/obf-FillerOrderNumber]]} {[]}
","FillerOrderNumber: Identifier assigned by the lab carrying out the test","Identifier assigned by the lab carrying out the test.","","","","","","","","","",,,,,"",,,,"Observation.identifier",0,*,"","","Event.identifier","OBX.21  For OBX segments from systems without OBX-21 support a combination of ORC/OBR and OBX must be negotiated between trading partners to uniquely identify the OBX segment. Depending on how V2 has been implemented each of these may be an option: 1) OBR-3 + OBX-3 + OBX-4 or 2) OBR-3 + OBR-4 + OBX-3 + OBX-4 or 2) some other way to uniquely ID the OBR/ORC + OBX-3 + OBX-4.","id","FiveWs.identifier"
"Observation.identifier","obf-PlacerOrderNumber","","",0,1,"","","Y","Identifier {[CanonicalType[http://hl7.org/fhir/us/mcode/StructureDefinition/obf-PlacerOrderNumber]]} {[]}
","PlacerOrderNumber: Identifier assigned by the requester of the lab","Identifier assigned by the requester of the lab.","","","","","","","","","",,,,,"",,,,"Observation.identifier",0,*,"","","Event.identifier","OBX.21  For OBX segments from systems without OBX-21 support a combination of ORC/OBR and OBX must be negotiated between trading partners to uniquely identify the OBX segment. Depending on how V2 has been implemented each of these may be an option: 1) OBR-3 + OBX-3 + OBX-4 or 2) OBR-3 + OBR-4 + OBX-3 + OBX-4 or 2) some other way to uniquely ID the OBR/ORC + OBX-3 + OBX-4.","id","FiveWs.identifier"
"Observation.basedOn","","Fulfills
","",0,*,"","","Y","Reference {[]} {[CanonicalType[http://hl7.org/fhir/us/core/StructureDefinition/us-core-medicationrequest], CanonicalType[http://hl7.org/fhir/StructureDefinition/ServiceRequest]]}
","Fulfills plan, proposal or order","A plan, proposal or order that is fulfilled in whole or in part by this event.  For example, a MedicationRequest may require a patient to have laboratory test performed before  it is dispensed.","","Allows tracing of authorization for the event and tracking whether proposals/recommendations were acted upon.","","","","","","","",,,,,"",,,,"Observation.basedOn",0,*,"","","Event.basedOn","ORC",".inboundRelationship[typeCode=COMP].source[moodCode=EVN]"
"Observation.partOf","","Container
","",0,*,"","","Y","Reference {[]} {[CanonicalType[http://hl7.org/fhir/StructureDefinition/MedicationAdministration], CanonicalType[http://hl7.org/fhir/us/mcode/StructureDefinition/obf-MedicationStatement], CanonicalType[http://hl7.org/fhir/us/mcode/StructureDefinition/obf-Procedure]]}
","A larger event of which this particular Observation is a component or step. For example, an observation as part of a procedure.","A larger event of which this particular Observation is a component or step. For example, an observation as part of a procedure.","To link an Observation to an Encounter use `encounter`.  See the  [Notes](http://hl7.org/fhir/R4/observation.html#obsgrouping) below for guidance on referencing another Observation.","","","","","","","","",,,,,"",,,,"Observation.partOf",0,*,"","","Event.partOf","Varies by domain",".outboundRelationship[typeCode=FLFS].target"
"Observation.status","","","",1,1,"Y","Y","Y","code {[]} {[]}
","registered | preliminary | final | amended +","The status of the result value.","This element is labeled as a modifier because the status contains codes that mark the resource as not currently valid.","Need to track the status of individual results. Some results are finalized before the whole report is finalized.","","","","","","","",,"required","","http://hl7.org/fhir/ValueSet/observation-status","",,,,"Observation.status",1,1,"","","Observation.status","Event.status","< 445584004 |Report by finality status|","OBX-11","status  Amended & Final are differentiated by whether it is the subject of a ControlAct event with a type of ""revise""","FiveWs.status"
"Observation.category","","","",1,1,"Y","","","CodeableConcept {[]} {[]}
","Classification of  type of observation","A code that classifies the general type of observation being made.","In addition to the required category valueset, this element allows various categorization schemes based on the owner’s definition of the category and effectively multiple categories can be used at once.  The level of granularity is defined by the category concepts in the value set.","Used for filtering what observations are retrieved and displayed.","","","","","","","",,"preferred","Codes for high level observation categories.","http://hl7.org/fhir/ValueSet/observation-category","","pattern:$this}
","",,"open","Observation.category",0,*,"","","Observation.category",".outboundRelationship[typeCode=""COMP].target[classCode=""LIST"", moodCode=""EVN""].code","FiveWs.class"
"Observation.category.extension","","extensions
user content","",0,*,"","","","Extension {[]} {[]}
","Additional content defined by implementations","May be used to represent additional information that is not part of the basic definition of the element. To make the use of extensions safe and manageable, there is a strict set of governance  applied to the definition and use of extensions. Though any implementer can define an extension, there is a set of requirements that SHALL be met as part of the definition of the extension.","There can be no stigma associated with the use of extensions by any application, project, or standard - regardless of the institution or jurisdiction that uses or defines the extensions.  The use of extensions is what allows the FHIR specification to retain a core level of simplicity for everyone.","","","","","","","","",,,,,"","value:url}
","Extensions are always sliced by (at least) url",,"open","Element.extension",0,*,"","","n/a"
"Observation.category.coding","","","",1,*,"","","Y","Coding {[]} {[]}
","Code defined by a terminology system","A reference to a code defined by a terminology system.","Codes may be defined very casually in enumerations, or code lists, up to very formal definitions such as SNOMED CT - see the HL7 v3 Core Principles for more information.  Ordering of codings is undefined and SHALL NOT be used to infer meaning. Generally, at most only one of the coding values will be labeled as UserSelected = true.","Allows for alternative encodings within a code system, and translations to other code systems.","","","","","","","",,,,,"","value:code}
","",,"open","CodeableConcept.coding",0,*,"","","C*E.1-8, C*E.10-22","union(., ./translation)"
"Observation.category.coding","Fixed_laboratory","","",1,1,"","","Y","Coding {[]} {[]}
","Code defined by a terminology system","A reference to a code defined by a terminology system.","","","","","","","","","",,,,,"",,,,"CodeableConcept.coding",0,*,"",""
"Observation.category.coding.id","","","",0,1,"","","","string {[]} {[]}
","Unique id for inter-element referencing","Unique id for the element within a resource (for internal references). This may be any string value that does not contain spaces.","","","","","","","","","",,,,,"",,,,"Element.id",0,1,"","","n/a"
"Observation.category.coding.extension","","extensions
user content","",0,*,"","","","Extension {[]} {[]}
","Additional content defined by implementations","May be used to represent additional information that is not part of the basic definition of the element. To make the use of extensions safe and manageable, there is a strict set of governance  applied to the definition and use of extensions. Though any implementer can define an extension, there is a set of requirements that SHALL be met as part of the definition of the extension.","There can be no stigma associated with the use of extensions by any application, project, or standard - regardless of the institution or jurisdiction that uses or defines the extensions.  The use of extensions is what allows the FHIR specification to retain a core level of simplicity for everyone.","","","","","","","","",,,,,"","value:url}
","Extensions are always sliced by (at least) url",,"open","Element.extension",0,*,"","","n/a"
"Observation.category.coding.system","","","",0,1,"","","Y","uri {[]} {[]}
","Identity of the terminology system","The identification of the code system that defines the meaning of the symbol in the code.","The URI may be an OID (urn:oid:...) or a UUID (urn:uuid:...).  OIDs and UUIDs SHALL be references to the HL7 OID registry. Otherwise, the URI should come from HL7's list of FHIR defined special URIs or it should reference to some definition that establishes the system clearly and unambiguously.","Need to be unambiguous about the source of the definition of the symbol.","","","<valueUri xmlns=""http://hl7.org/fhir"" value=""http://hl7.org/fhir/observation-category""/>","","","","",,,,,"",,,,"Coding.system",0,1,"","","C*E.3","./codeSystem"
"Observation.category.coding.version","","","",0,1,"","","Y","string {[]} {[]}
","Version of the system - if relevant","The version of the code system which was used when choosing this code. Note that a well-maintained code system does not need the version reported, because the meaning of codes is consistent across versions. However this cannot consistently be assured, and when the meaning is not guaranteed to be consistent, the version SHOULD be exchanged.","Where the terminology does not clearly define what string should be used to identify code system versions, the recommendation is to use the date (expressed in FHIR date format) on which that version was officially published as the version date.","","","","","","","","",,,,,"",,,,"Coding.version",0,1,"","","C*E.7","./codeSystemVersion"
"Observation.category.coding.code","","","",0,1,"","","Y","code {[]} {[]}
","Symbol in syntax defined by the system","A symbol in syntax defined by the system. The symbol may be a predefined code or an expression in a syntax defined by the coding system (e.g. post-coordination).","","Need to refer to a particular code in the system.","","","<valueCode xmlns=""http://hl7.org/fhir"" value=""laboratory""/>","","","","",,,,,"",,,,"Coding.code",0,1,"","","C*E.1","./code"
"Observation.category.coding.display","","","",0,1,"","","Y","string {[]} {[]}
","Representation defined by the system","A representation of the meaning of the code in the system, following the rules of the system.","","Need to be able to carry a human-readable meaning of the code for readers that do not know  the system.","","","","","","","",,,,,"",,,,"Coding.display",0,1,"","","C*E.2 - but note this is not well followed","CV.displayName"
"Observation.category.coding.userSelected","","","",0,1,"","","Y","boolean {[]} {[]}
","If this coding was chosen directly by the user","Indicates that this coding was chosen by a user directly - e.g. off a pick list of available items (codes or displays).","Amongst a set of alternatives, a directly chosen code is the most appropriate starting point for new translations. There is some ambiguity about what exactly 'directly chosen' implies, and trading partner agreement may be needed to clarify the use of this element and its consequences more completely.","This has been identified as a clinical safety criterium - that this exact system/code pair was chosen explicitly, rather than inferred by the system based on some rules or language processing.","","","","","","","",,,,,"",,,,"Coding.userSelected",0,1,"","","Sometimes implied by being first","CD.codingRationale"
"Observation.category.text","","","",0,1,"","","Y","string {[]} {[]}
","Plain text representation of the concept","A human language representation of the concept as seen/selected/uttered by the user who entered the data and/or which represents the intended meaning of the user.","Very often the text is the same as a displayName of one of the codings.","The codes from the terminologies do not always capture the correct meaning with all the nuances of the human using them, or sometimes there is no appropriate code at all. In these cases, the text is used to capture the full meaning of the source.","","","","","","","",,,,,"",,,,"CodeableConcept.text",0,1,"","","C*E.9. But note many systems use C*E.2 for this","./originalText[mediaType/code=""text/plain""]/data"
"Observation.category","laboratory","","",1,1,"Y","","","CodeableConcept {[]} {[]}
","Classification of  type of observation","A code that classifies the general type of observation being made.","In addition to the required category valueset, this element allows various categorization schemes based on the owner’s definition of the category and effectively multiple categories can be used at once.  The level of granularity is defined by the category concepts in the value set.","Used for filtering what observations are retrieved and displayed.","","","","<valueCodeableConcept xmlns=""http://hl7.org/fhir"">
  <coding>
    <system value=""http://terminology.hl7.org/CodeSystem/observation-category""/>
    <code value=""laboratory""/>
  </coding>
</valueCodeableConcept>","","","",,"preferred","Codes for high level observation categories.","http://hl7.org/fhir/ValueSet/observation-category","",,,,"Observation.category",0,*,"","","Observation.category",".outboundRelationship[typeCode=""COMP].target[classCode=""LIST"", moodCode=""EVN""].code","FiveWs.class"
"Observation.code","","Name
Test NameObservation Identifer","",1,1,"Y","","Y","CodeableConcept {[]} {[]}
","Laboratory Test Name","The test that was performed.  A LOINC **SHALL** be used if the concept is present in LOINC.","The typical patterns for codes are:  1)  a LOINC code either as a  translation from a ""local"" code or as a primary code, or 2)  a local code only if no suitable LOINC exists,  or 3)  both the local and the LOINC translation.   Systems SHALL be capable of sending the local code if one exists.  When using LOINC , Use either the SHORTNAME or LONG_COMMON_NAME field for the display.","Knowing what kind of observation is being made is essential to understanding the observation.","","","","","","","",,"extensible","LOINC codes","http://hl7.org/fhir/ValueSet/observation-codes","",,,,"Observation.code",1,1,"","","Observation.code","Event.code","< 363787002 |Observable entity| OR < 386053000 |Evaluation procedure|","OBX-3","code","FiveWs.what[x]","116680003 |Is a|"
"Observation.code.id","","","",0,1,"","","","string {[]} {[]}
","Unique id for inter-element referencing","Unique id for the element within a resource (for internal references). This may be any string value that does not contain spaces.","","","","","","","","","",,,,,"",,,,"Element.id",0,1,"","","n/a"
"Observation.code.extension","","extensions
user content","",0,*,"","","","Extension {[]} {[]}
","Additional content defined by implementations","May be used to represent additional information that is not part of the basic definition of the element. To make the use of extensions safe and manageable, there is a strict set of governance  applied to the definition and use of extensions. Though any implementer can define an extension, there is a set of requirements that SHALL be met as part of the definition of the extension.","There can be no stigma associated with the use of extensions by any application, project, or standard - regardless of the institution or jurisdiction that uses or defines the extensions.  The use of extensions is what allows the FHIR specification to retain a core level of simplicity for everyone.","","","","","","","","",,,,,"","value:url}
","Extensions are always sliced by (at least) url",,"open","Element.extension",0,*,"","","n/a"
"Observation.code.coding","","","",1,*,"","","Y","Coding {[]} {[]}
","Code defined by a terminology system","A reference to a code defined by a terminology system.","Codes may be defined very casually in enumerations, or code lists, up to very formal definitions such as SNOMED CT - see the HL7 v3 Core Principles for more information.  Ordering of codings is undefined and SHALL NOT be used to infer meaning. Generally, at most only one of the coding values will be labeled as UserSelected = true.","Allows for alternative encodings within a code system, and translations to other code systems.","","","","","","","",,,,,"","value:code}
","",,"open","CodeableConcept.coding",0,*,"","","C*E.1-8, C*E.10-22","union(., ./translation)"
"Observation.code.coding","Fixed_24323-8","","",1,1,"","","Y","Coding {[]} {[]}
","Comprehensive metabolic 2000 panel - Serum or Plasma","Comprehensive metabolic 2000 panel - Serum or Plasma","","","","","","","","","",,,,,"",,,,"CodeableConcept.coding",0,*,"",""
"Observation.code.coding.id","","","",0,1,"","","","string {[]} {[]}
","Unique id for inter-element referencing","Unique id for the element within a resource (for internal references). This may be any string value that does not contain spaces.","","","","","","","","","",,,,,"",,,,"Element.id",0,1,"","","n/a"
"Observation.code.coding.extension","","extensions
user content","",0,*,"","","","Extension {[]} {[]}
","Additional content defined by implementations","May be used to represent additional information that is not part of the basic definition of the element. To make the use of extensions safe and manageable, there is a strict set of governance  applied to the definition and use of extensions. Though any implementer can define an extension, there is a set of requirements that SHALL be met as part of the definition of the extension.","There can be no stigma associated with the use of extensions by any application, project, or standard - regardless of the institution or jurisdiction that uses or defines the extensions.  The use of extensions is what allows the FHIR specification to retain a core level of simplicity for everyone.","","","","","","","","",,,,,"","value:url}
","Extensions are always sliced by (at least) url",,"open","Element.extension",0,*,"","","n/a"
"Observation.code.coding.system","","","",0,1,"","","Y","uri {[]} {[]}
","Identity of the terminology system","The identification of the code system that defines the meaning of the symbol in the code.","The URI may be an OID (urn:oid:...) or a UUID (urn:uuid:...).  OIDs and UUIDs SHALL be references to the HL7 OID registry. Otherwise, the URI should come from HL7's list of FHIR defined special URIs or it should reference to some definition that establishes the system clearly and unambiguously.","Need to be unambiguous about the source of the definition of the symbol.","","","<valueUri xmlns=""http://hl7.org/fhir"" value=""http://loinc.org""/>","","","","",,,,,"",,,,"Coding.system",0,1,"","","C*E.3","./codeSystem"
"Observation.code.coding.version","","","",0,1,"","","Y","string {[]} {[]}
","Version of the system - if relevant","The version of the code system which was used when choosing this code. Note that a well-maintained code system does not need the version reported, because the meaning of codes is consistent across versions. However this cannot consistently be assured, and when the meaning is not guaranteed to be consistent, the version SHOULD be exchanged.","Where the terminology does not clearly define what string should be used to identify code system versions, the recommendation is to use the date (expressed in FHIR date format) on which that version was officially published as the version date.","","","","","","","","",,,,,"",,,,"Coding.version",0,1,"","","C*E.7","./codeSystemVersion"
"Observation.code.coding.code","","","",0,1,"","","Y","code {[]} {[]}
","Symbol in syntax defined by the system","A symbol in syntax defined by the system. The symbol may be a predefined code or an expression in a syntax defined by the coding system (e.g. post-coordination).","","Need to refer to a particular code in the system.","","","<valueCode xmlns=""http://hl7.org/fhir"" value=""24323-8""/>","","","","",,,,,"",,,,"Coding.code",0,1,"","","C*E.1","./code"
"Observation.code.coding.display","","","",0,1,"","","Y","string {[]} {[]}
","Representation defined by the system","A representation of the meaning of the code in the system, following the rules of the system.","","Need to be able to carry a human-readable meaning of the code for readers that do not know  the system.","","","","","","","",,,,,"",,,,"Coding.display",0,1,"","","C*E.2 - but note this is not well followed","CV.displayName"
"Observation.code.coding.userSelected","","","",0,1,"","","Y","boolean {[]} {[]}
","If this coding was chosen directly by the user","Indicates that this coding was chosen by a user directly - e.g. off a pick list of available items (codes or displays).","Amongst a set of alternatives, a directly chosen code is the most appropriate starting point for new translations. There is some ambiguity about what exactly 'directly chosen' implies, and trading partner agreement may be needed to clarify the use of this element and its consequences more completely.","This has been identified as a clinical safety criterium - that this exact system/code pair was chosen explicitly, rather than inferred by the system based on some rules or language processing.","","","","","","","",,,,,"",,,,"Coding.userSelected",0,1,"","","Sometimes implied by being first","CD.codingRationale"
"Observation.code.text","","","",0,1,"","","Y","string {[]} {[]}
","Plain text representation of the concept","A human language representation of the concept as seen/selected/uttered by the user who entered the data and/or which represents the intended meaning of the user.","Very often the text is the same as a displayName of one of the codings.","The codes from the terminologies do not always capture the correct meaning with all the nuances of the human using them, or sometimes there is no appropriate code at all. In these cases, the text is used to capture the full meaning of the source.","","","","","","","",,,,,"",,,,"CodeableConcept.text",0,1,"","","C*E.9. But note many systems use C*E.2 for this","./originalText[mediaType/code=""text/plain""]/data"
"Observation.subject","","","",1,1,"Y","","Y","Reference {[]} {[CanonicalType[http://hl7.org/fhir/us/mcode/StructureDefinition/obf-Patient]]}
","The subject of an observation","The subject of an observation.","One would expect this element to be a cardinality of 1..1. The only circumstance in which the subject can be missing is when the observation is made by a device that does not know the patient. In this case, the observation SHALL be matched to a patient through some context/channel matching technique, and at this point, the observation should be updated.","Observations have no value if you don't know who or what they're about.","","","","","","","",,,,,"",,,,"Observation.subject",0,1,"","","Observation.subject","Event.subject","PID-3","participation[typeCode=RTGT]","FiveWs.subject[x]","FiveWs.subject"
"Observation.focus","","","",0,*,"","","Y","Reference {[]} {[CanonicalType[http://hl7.org/fhir/StructureDefinition/Resource]]}
","What the observation is about, when it is not about the subject of record","The actual focus of an observation when it is not the patient of record representing something or someone associated with the patient such as a spouse, parent, fetus, or donor. For example, fetus observations in a mother's record.  The focus of an observation could also be an existing condition,  an intervention, the subject's diet,  another observation of the subject,  or a body structure such as tumor or implanted device.   An example use case would be using the Observation resource to capture whether the mother is trained to change her child's tracheostomy tube. In this example, the child is the patient of record and the mother is the focus.","Typically, an observation is made about the subject - a patient, or group of patients, location, or device - and the distinction between the subject and what is directly measured for an observation is specified in the observation code itself ( e.g., ""Blood Glucose"") and does not need to be represented separately using this element.  Use `specimen` if a reference to a specimen is required.  If a code is required instead of a resource use either  `bodysite` for bodysites or the standard extension [focusCode](http://hl7.org/fhir/R4/extension-observation-focuscode.html).","","","","","","","","",,,,,"",,,,"Observation.focus",0,*,"","","OBX-3","participation[typeCode=SBJ]","FiveWs.subject[x]","FiveWs.subject"
"Observation.encounter","","Context
","",0,1,"","","Y","Reference {[]} {[CanonicalType[http://hl7.org/fhir/us/core/StructureDefinition/us-core-encounter]]}
","Healthcare event during which this observation is made","The healthcare event  (e.g. a patient and healthcare provider interaction) during which this observation is made.","This will typically be the encounter the event occurred within, but some events may be initiated prior to or after the official completion of an encounter but still be tied to the context of the encounter (e.g. pre-admission laboratory tests).","For some observations it may be important to know the link between an observation and a particular encounter.","","","","","","","",,,,,"",,,,"Observation.encounter",0,1,"","","Event.context","PV1","inboundRelationship[typeCode=COMP].source[classCode=ENC, moodCode=EVN]","FiveWs.context"
"Observation.effective[x]","","Occurrence
","",0,1,"Y","","Y","dateTime {[]} {[]}
Period {[]} {[]}","Clinically relevant time/time-period for observation","For lab tests this is the specimen collection date.  For Ask at Order Entry Questions (AOE)'s this is the date the question was asked.","At least a date should be present unless this observation is a historical report.  For recording imprecise or ""fuzzy"" times (For example, a blood glucose measurement taken ""after breakfast"") use the [Timing](http://hl7.org/fhir/R4/datatypes.html#timing) datatype which allow the measurement to be tied to regular life events.","Knowing when an observation was deemed true is important to its relevance as well as determining trends.","","","","","","","",,,,,"",,,,"Observation.effective[x]",0,1,"","us-core-1:Datetime must be at least to day. {($this as dateTime).toString().length() >= 8}
","Observation.effective[x]","Event.occurrence[x]","OBX-14, and/or OBX-19 after v2.4  (depends on who observation made)","effectiveTime","FiveWs.done[x]"
"Observation.issued","","","",0,1,"","","Y","instant {[]} {[]}
","Date/Time this version was made available","The date and time this version of the observation was made available to providers, typically after the results have been reviewed and verified.","For Observations that don’t require review and verification, it may be the same as the [`lastUpdated` ](http://hl7.org/fhir/R4/resource-definitions.html#Meta.lastUpdated) time of the resource itself.  For Observations that do require review and verification for certain updates, it might not be the same as the `lastUpdated` time of the resource itself due to a non-clinically significant update that doesn’t require the new version to be reviewed and verified again.","","","","","","","","",,,,,"",,,,"Observation.issued",0,1,"","","OBR.22 (or MSH.7), or perhaps OBX-19 (depends on who observation made)","participation[typeCode=AUT].time","FiveWs.recorded"
"Observation.performer","","","",0,*,"","","Y","Reference {[]} {[CanonicalType[http://hl7.org/fhir/us/core/StructureDefinition/us-core-practitioner], CanonicalType[http://hl7.org/fhir/us/core/StructureDefinition/us-core-organization]]}
","The practitioner that carried out the observation or action","The practitioner that carried out the observation or action.","","May give a degree of confidence in the observation and also indicates where follow-up questions should be directed.","","","","","","","",,,,,"",,,,"Observation.performer",0,*,"","","Event.performer.actor","OBX.15 / (Practitioner)  OBX-16,  PRT-5:PRT-4='RO' /  (Device)  OBX-18 , PRT-10:PRT-4='EQUIP' / (Organization)  OBX-23,  PRT-8:PRT-4='PO'","participation[typeCode=PRF]","FiveWs.actor"
"Observation.value[x]","","","",0,0,"Y","","Y","Quantity {[]} {[]}
CodeableConcept {[]} {[]}string {[]} {[]}Range {[]} {[]}Ratio {[]} {[]}SampledData {[CanonicalType[http://hl7.org/fhir/us/mcode/StructureDefinition/shr-core-SampledData]]} {[]}time {[]} {[]}dateTime {[]} {[]}Period {[]} {[]}","Result Value","The Laboratory result value.  If a coded value,  the valueCodeableConcept.code **SHOULD**  be selected from [SNOMED CT](http://hl7.org/fhir/ValueSet/uslab-obs-codedresults).  If a numeric value, valueQuantity.code **SHALL** be selected from [UCUM](http://unitsofmeasure.org).  A FHIR [UCUM Codes value set](http://hl7.org/fhir/STU3/valueset-ucum-units.html) that defines all UCUM codes is in the FHIR specification.","An observation may have; 1)  a single value here, 2)  both a value and a set of related or component values,  or 3)  only a set of related or component values. If a value is present, the datatype for this element should be determined by Observation.code.  A CodeableConcept with just a text would be used instead of a string if the field was usually coded, or if the type associated with the Observation.code defines a coded value.  For additional guidance, see the [Notes section](http://hl7.org/fhir/R4/observation.html#notes) below.","An observation exists to have a value, though it might not if it is in error, or if it represents a group of observations.","","","","","","","",,,,,"",,,,"Observation.value[x]",0,1,"obs-7
","us-core-4:SHOULD use Snomed CT for coded Results {valueCodeableConcept.coding.system.empty() or valueCodeableConcept.coding.system = 'http://snomed.info/sct'}
us-core-3:SHALL use UCUM for coded quantity units. {valueQuantity.system.empty() or valueQuantity.system = 'http://unitsofmeasure.org'}","Observation.value[x]","< 441742003 |Evaluation finding|","OBX.2, OBX.5, OBX.6","value","363714003 |Interprets|"
"Observation.dataAbsentReason","","","",0,0,"Y","","","CodeableConcept {[]} {[]}
","Why the result is missing","Provides a reason why the expected value in the element Observation.value[x] is missing.","Null or exceptional values can be represented two ways in FHIR Observations.  One way is to simply include them in the value set and represent the exceptions in the value.  For example, measurement values for a serology test could be  ""detected"", ""not detected"", ""inconclusive"", or  ""specimen unsatisfactory"".   

The alternate way is to use the value element for actual observations and use the explicit dataAbsentReason element to record exceptional values.  For example, the dataAbsentReason code ""error"" could be used when the measurement was not completed. Note that an observation may only be reported if there are values to report. For example differential cell counts values may be reported only when > 0.  Because of these options, use-case agreements are required to interpret general observations for null or exceptional values.","For many results it is necessary to handle exceptional values in measurements.","","","","","","","",,"extensible","","http://hl7.org/fhir/ValueSet/data-absent-reason","",,,,"Observation.dataAbsentReason",0,1,"obs-6
","","Observation.dataAbsentReason","N/A","value.nullFlavor"
"Observation.interpretation","","Abnormal Flag
","",0,1,"","","","CodeableConcept {[]} {[]}
","High, low, normal, etc.","A categorical assessment of an observation value.  For example, high, low, normal.","Historically used for laboratory results (known as 'abnormal flag' ),  its use extends to other use cases where coded interpretations  are relevant.  Often reported as one or more simple compact codes this element is often placed adjacent to the result value in reports and flow sheets to signal the meaning/normalcy status of the result.","For some results, particularly numeric results, an interpretation is necessary to fully understand the significance of a result.","","","","","","","",,"extensible","Codes identifying interpretations of observations.","http://hl7.org/fhir/ValueSet/observation-interpretation","",,,,"Observation.interpretation",0,*,"","","< 260245000 |Findings values|","OBX-8","interpretationCode","363713009 |Has interpretation|"
"Observation.note","","","",0,*,"","","","Annotation {[]} {[]}
","Comments about the observation","Comments about the observation or the results.","May include general statements about the observation, or statements about significant, unexpected or unreliable results values, or information about its source when relevant to its interpretation.","Need to be able to provide free text additional information.","","","","","","","",,,,,"",,,,"Observation.note",0,*,"","","NTE.3 (partner NTE to OBX, or sometimes another (child?) OBX)","subjectOf.observationEvent[code=""annotation""].value"
"Observation.bodySite","","","",0,0,"","","","CodeableConcept {[]} {[]}
","Observed body part","Indicates the site on the subject's body where the observation was made (i.e. the target site).","Only used if not implicit in code found in Observation.code.  In many systems, this may be represented as a related observation instead of an inline component.   

If the use case requires BodySite to be handled as a separate resource (e.g. to identify and track separately) then use the standard extension[ bodySite](http://hl7.org/fhir/R4/extension-bodysite.html).","","","","","","","","",,"preferred","","http://hl7.org/fhir/us/mcode/ValueSet/shr-core-BodyLocationVS","",,,,"Observation.bodySite",0,1,"","","< 123037004 |Body structure|","OBX-20","targetSiteCode","718497002 |Inherent location|"
"Observation.method","","","",0,1,"","","","CodeableConcept {[]} {[]}
","How it was done","Indicates the mechanism used to perform the observation.","Only used if not implicit in code for Observation.code.","In some cases, method can impact results and is thus used for determining whether results can be compared or determining significance of results.","","","","","","","",,"example","Methods for simple observations.","http://hl7.org/fhir/ValueSet/observation-methods","",,,,"Observation.method",0,1,"","","OBX-17","methodCode"
"Observation.specimen","","","",0,1,"","","","Reference {[]} {[CanonicalType[http://hl7.org/fhir/StructureDefinition/Specimen]]}
","Specimen used for this observation","The specimen that was used when this observation was made.","Should only be used if not implicit in code found in `Observation.code`.  Observations are not made on specimens themselves; they are made on a subject, but in many cases by the means of a specimen. Note that although specimens are often involved, they are not always tracked and reported explicitly. Also note that observation resources may be used in contexts that track the specimen explicitly (e.g. Diagnostic Report).","","","","","","","","",,,,,"",,,,"Observation.specimen",0,1,"","","< 123038009 |Specimen|","SPM segment","participation[typeCode=SPC].specimen","704319004 |Inherent in|"
"Observation.device","","","",0,0,"","","","Reference {[]} {[CanonicalType[http://hl7.org/fhir/us/core/StructureDefinition/us-core-device]]}
","(Measurement) Device","The device used to generate the observation data.","Note that this is not meant to represent a device involved in the transmission of the result, e.g., a gateway.  Such devices may be documented using the Provenance resource where relevant.","","","","","","","","",,,,,"",,,,"Observation.device",0,1,"","","< 49062001 |Device|","OBX-17 / PRT -10","participation[typeCode=DEV]","424226004 |Using device|"
"Observation.referenceRange","","","",0,0,"","","","BackboneElement {[]} {[]}
","Provides guide for interpretation","Guidance on how to interpret the value by comparison to a normal or recommended range.  Multiple reference ranges are interpreted as an ""OR"".   In other words, to represent two distinct target populations, two `referenceRange` elements would be used.","Most observations only have one generic reference range. Systems MAY choose to restrict to only supplying the relevant reference range based on knowledge about the patient (e.g., specific to the patient's age, gender, weight and other factors), but this might not be possible or appropriate. Whenever more than one reference range is supplied, the differences between them SHOULD be provided in the reference range and/or age properties.","Knowing what values are considered ""normal"" can help evaluate the significance of a particular result. Need to be able to provide multiple reference ranges for different contexts.","","","","","","","",,,,,"",,,,"Observation.referenceRange",0,*,"","ele-1:All FHIR elements must have a @value or children {hasValue() or (children().count() > id.count())}
obs-3:Must have at least a low or a high or text {low.exists() or high.exists() or text.exists()}","OBX.7","outboundRelationship[typeCode=REFV]/target[classCode=OBS, moodCode=EVN]"
"Observation.referenceRange.id","","","",0,1,"","","","string {[]} {[]}
","Unique id for inter-element referencing","Unique id for the element within a resource (for internal references). This may be any string value that does not contain spaces.","","","","","","","","","",,,,,"",,,,"Element.id",0,1,"","","n/a"
"Observation.referenceRange.extension","","extensions
user content","",0,*,"","","","Extension {[]} {[]}
","Additional content defined by implementations","May be used to represent additional information that is not part of the basic definition of the element. To make the use of extensions safe and manageable, there is a strict set of governance  applied to the definition and use of extensions. Though any implementer can define an extension, there is a set of requirements that SHALL be met as part of the definition of the extension.","There can be no stigma associated with the use of extensions by any application, project, or standard - regardless of the institution or jurisdiction that uses or defines the extensions.  The use of extensions is what allows the FHIR specification to retain a core level of simplicity for everyone.","","","","","","","","",,,,,"",,,,"Element.extension",0,*,"","","n/a"
"Observation.referenceRange.modifierExtension","","extensions
user contentmodifiers","",0,*,"","Y","Y","Extension {[]} {[]}
","Extensions that cannot be ignored even if unrecognized","May be used to represent additional information that is not part of the basic definition of the element and that modifies the understanding of the element in which it is contained and/or the understanding of the containing element's descendants. Usually modifier elements provide negation or qualification. To make the use of extensions safe and manageable, there is a strict set of governance applied to the definition and use of extensions. Though any implementer can define an extension, there is a set of requirements that SHALL be met as part of the definition of the extension. Applications processing a resource are required to check for modifier extensions.

Modifier extensions SHALL NOT change the meaning of any elements on Resource or DomainResource (including cannot change the meaning of modifierExtension itself).","There can be no stigma associated with the use of extensions by any application, project, or standard - regardless of the institution or jurisdiction that uses or defines the extensions.  The use of extensions is what allows the FHIR specification to retain a core level of simplicity for everyone.","Modifier extensions allow for extensions that *cannot* be safely ignored to be clearly distinguished from the vast majority of extensions which can be safely ignored.  This promotes interoperability by eliminating the need for implementers to prohibit the presence of extensions. For further information, see the [definition of modifier extensions](http://hl7.org/fhir/R4/extensibility.html#modifierExtension).","","","","","","","",,,,,"",,,,"BackboneElement.modifierExtension",0,*,"","","N/A"
"Observation.referenceRange.low","","","",0,1,"","","","Quantity {[CanonicalType[http://hl7.org/fhir/StructureDefinition/SimpleQuantity]]} {[]}
","Low Range, if relevant","The value of the low bound of the reference range.  The low bound of the reference range endpoint is inclusive of the value (e.g.  reference range is >=5 - <=9). If the low bound is omitted,  it is assumed to be meaningless (e.g. reference range is <=2.3).","","","","","","","","","",,,,,"",,,,"Observation.referenceRange.low",0,1,"obs-3
","","OBX-7","value:IVL_PQ.low"
"Observation.referenceRange.high","","","",0,1,"","","","Quantity {[CanonicalType[http://hl7.org/fhir/StructureDefinition/SimpleQuantity]]} {[]}
","High Range, if relevant","The value of the high bound of the reference range.  The high bound of the reference range endpoint is inclusive of the value (e.g.  reference range is >=5 - <=9). If the high bound is omitted,  it is assumed to be meaningless (e.g. reference range is >= 2.3).","","","","","","","","","",,,,,"",,,,"Observation.referenceRange.high",0,1,"obs-3
","","OBX-7","value:IVL_PQ.high"
"Observation.referenceRange.type","","","",0,1,"","","","CodeableConcept {[]} {[]}
","Reference range qualifier","Codes to indicate the what part of the targeted reference population it applies to. For example, the normal or therapeutic range.","This SHOULD be populated if there is more than one range.  If this element is not present then the normal range is assumed.","Need to be able to say what kind of reference range this is - normal, recommended, therapeutic, etc.,  - for proper interpretation.","","","","","","","",,"extensible","Code for the meaning of a reference range.","http://hl7.org/fhir/ValueSet/referencerange-meaning","",,,,"Observation.referenceRange.type",0,1,"","","< 260245000 |Findings values| OR  < 365860008 |General clinical state finding| OR < 250171008 |Clinical history or observation findings| OR  < 415229000 |Racial group| OR < 365400002 |Finding of puberty stage| OR< 443938003 |Procedure carried out on subject|","OBX-10","interpretationCode"
"Observation.referenceRange.appliesTo","","","",0,*,"","","","CodeableConcept {[]} {[]}
","Reference range population","Codes to indicate the target population this reference range applies to.  For example, a reference range may be based on the normal population or a particular sex or race.  Multiple `appliesTo`  are interpreted as an ""AND"" of the target populations.  For example, to represent a target population of African American females, both a code of female and a code for African American would be used.","This SHOULD be populated if there is more than one range.  If this element is not present then the normal population is assumed.","Need to be able to identify the target population for proper interpretation.","","","","","","","",,"extensible","Codes identifying the population the reference range applies to.","http://hl7.org/fhir/ValueSet/referencerange-appliesto","",,,,"Observation.referenceRange.appliesTo",0,*,"","","< 260245000 |Findings values| OR  < 365860008 |General clinical state finding| OR < 250171008 |Clinical history or observation findings| OR  < 415229000 |Racial group| OR < 365400002 |Finding of puberty stage| OR< 443938003 |Procedure carried out on subject|","OBX-10","interpretationCode"
"Observation.referenceRange.age","","","",0,1,"","","","Range {[]} {[]}
","Applicable age range, if relevant","The age at which this reference range is applicable. This is a neonatal age (e.g. number of weeks at term) if the meaning says so.","","Some analytes vary greatly over age.","","","","","","","",,,,,"",,,,"Observation.referenceRange.age",0,1,"","","outboundRelationship[typeCode=PRCN].targetObservationCriterion[code=""age""].value"
"Observation.referenceRange.text","","","",0,1,"","","","string {[]} {[]}
","Text based reference range in an observation","Text based reference range in an observation which may be used when a quantitative range is not appropriate for an observation.  An example would be a reference value of ""Negative"" or a list or table of ""normals"".","","","","","","","","","",,,,,"",,,,"Observation.referenceRange.text",0,1,"","","OBX-7","value:ST"
"Observation.hasMember","","","",0,*,"Y","","Y","Reference {[]} {[CanonicalType[http://hl7.org/fhir/us/mcode/StructureDefinition/obf-Observation]]}
","Related resource that belongs to the Observation group","This observation is a group observation (e.g. a battery, a panel of tests, a set of vital sign measurements) that includes the target as a member of the group.","When using this element, an observation will typically have either a value or a set of related resources, although both may be present in some cases.  For a discussion on the ways Observations can assembled in groups together, see [Notes](http://hl7.org/fhir/R4/observation.html#obsgrouping) below.  Note that a system may calculate results from [QuestionnaireResponse](http://hl7.org/fhir/R4/questionnaireresponse.html)  into a final score and represent the score as an Observation.","","","","","","","","",,,,,"","profile:reference.resolve()}
","",,"open","Observation.hasMember",0,*,"","","Relationships established by OBX-4 usage","outBoundRelationship"
"Observation.hasMember","obf-lab-GlobulinMCncPtSerQnCalculatedLabObs","","",0,1,"Y","","Y","Reference {[]} {[CanonicalType[http://hl7.org/fhir/us/mcode/StructureDefinition/obf-lab-GlobulinMCncPtSerQnCalculatedLabObs]]}
","GlobulinMCncPtSerQnCalculatedLabObs: Globulin [Mass/​volume] in Serum by calculation","Globulin [Mass/​volume] in Serum by calculation","","","","","","","","","",,,,,"",,,,"Observation.hasMember",0,*,"","","Relationships established by OBX-4 usage","outBoundRelationship"
"Observation.hasMember","obf-lab-AlanineAminotransferaseCCncPtSerPlasQnLabObs","","",0,1,"Y","","Y","Reference {[]} {[CanonicalType[http://hl7.org/fhir/us/mcode/StructureDefinition/obf-lab-AlanineAminotransferaseCCncPtSerPlasQnLabObs]]}
","AlanineAminotransferaseCCncPtSerPlasQnLabObs: Alanine aminotransferase [Enzymatic activity/​volume] in Serum or Plasma","Alanine aminotransferase [Enzymatic activity/​volume] in Serum or Plasma","","","","","","","","","",,,,,"",,,,"Observation.hasMember",0,*,"","","Relationships established by OBX-4 usage","outBoundRelationship"
"Observation.hasMember","obf-lab-AlbuminMCncPtSerPlasQnLabObs","","",0,1,"Y","","Y","Reference {[]} {[CanonicalType[http://hl7.org/fhir/us/mcode/StructureDefinition/obf-lab-AlbuminMCncPtSerPlasQnLabObs]]}
","AlbuminMCncPtSerPlasQnLabObs: Albumin [Mass/​volume] in Serum or Plasma","Albumin [Mass/​volume] in Serum or Plasma","","","","","","","","","",,,,,"",,,,"Observation.hasMember",0,*,"","","Relationships established by OBX-4 usage","outBoundRelationship"
"Observation.hasMember","obf-lab-AlbuminGlobulinMRtoPtSerPlasQnLabObs","","",0,1,"Y","","Y","Reference {[]} {[CanonicalType[http://hl7.org/fhir/us/mcode/StructureDefinition/obf-lab-AlbuminGlobulinMRtoPtSerPlasQnLabObs]]}
","AlbuminGlobulinMRtoPtSerPlasQnLabObs: Albumin/​Globulin [Mass Ratio] in Serum or Plasma","Albumin/​Globulin [Mass Ratio] in Serum or Plasma","","","","","","","","","",,,,,"",,,,"Observation.hasMember",0,*,"","","Relationships established by OBX-4 usage","outBoundRelationship"
"Observation.hasMember","obf-lab-CalciumMCncPtSerPlasQnLabObs","","",0,1,"Y","","Y","Reference {[]} {[CanonicalType[http://hl7.org/fhir/us/mcode/StructureDefinition/obf-lab-CalciumMCncPtSerPlasQnLabObs]]}
","CalciumMCncPtSerPlasQnLabObs: Calcium [Mass/​volume] in Serum or Plasma","Calcium [Mass/​volume] in Serum or Plasma","","","","","","","","","",,,,,"",,,,"Observation.hasMember",0,*,"","","Relationships established by OBX-4 usage","outBoundRelationship"
"Observation.hasMember","obf-lab-AspartateAminotransferaseCCncPtSerPlasQnLabObs","","",0,1,"Y","","Y","Reference {[]} {[CanonicalType[http://hl7.org/fhir/us/mcode/StructureDefinition/obf-lab-AspartateAminotransferaseCCncPtSerPlasQnLabObs]]}
","AspartateAminotransferaseCCncPtSerPlasQnLabObs: Aspartate aminotransferase [Enzymatic activity/​volume] in Serum or Plasma","Aspartate aminotransferase [Enzymatic activity/​volume] in Serum or Plasma","","","","","","","","","",,,,,"",,,,"Observation.hasMember",0,*,"","","Relationships established by OBX-4 usage","outBoundRelationship"
"Observation.hasMember","obf-lab-BilirubinMCncPtSerPlasQnLabObs","","",0,1,"Y","","Y","Reference {[]} {[CanonicalType[http://hl7.org/fhir/us/mcode/StructureDefinition/obf-lab-BilirubinMCncPtSerPlasQnLabObs]]}
","BilirubinMCncPtSerPlasQnLabObs: Bilirubin.total [Mass/​volume] in Serum or Plasma","Bilirubin.total [Mass/​volume] in Serum or Plasma","","","","","","","","","",,,,,"",,,,"Observation.hasMember",0,*,"","","Relationships established by OBX-4 usage","outBoundRelationship"
"Observation.hasMember","obf-lab-CarbonDioxideSCncPtSerPlasQnLabObs","","",0,1,"Y","","Y","Reference {[]} {[CanonicalType[http://hl7.org/fhir/us/mcode/StructureDefinition/obf-lab-CarbonDioxideSCncPtSerPlasQnLabObs]]}
","CarbonDioxideSCncPtSerPlasQnLabObs: Carbon dioxide, total [Moles/​volume] in Serum or Plasma","Carbon dioxide, total [Moles/​volume] in Serum or Plasma","","","","","","","","","",,,,,"",,,,"Observation.hasMember",0,*,"","","Relationships established by OBX-4 usage","outBoundRelationship"
"Observation.hasMember","obf-lab-ChlorideSCncPtSerPlasQnLabObs","","",0,1,"Y","","Y","Reference {[]} {[CanonicalType[http://hl7.org/fhir/us/mcode/StructureDefinition/obf-lab-ChlorideSCncPtSerPlasQnLabObs]]}
","ChlorideSCncPtSerPlasQnLabObs: Chloride [Moles/​volume] in Serum or Plasma","Chloride [Moles/​volume] in Serum or Plasma","","","","","","","","","",,,,,"",,,,"Observation.hasMember",0,*,"","","Relationships established by OBX-4 usage","outBoundRelationship"
"Observation.hasMember","obf-lab-CreatinineMCncPtSerPlasQnLabObs","","",0,1,"Y","","Y","Reference {[]} {[CanonicalType[http://hl7.org/fhir/us/mcode/StructureDefinition/obf-lab-CreatinineMCncPtSerPlasQnLabObs]]}
","CreatinineMCncPtSerPlasQnLabObs: Creatinine [Mass/​volume] in Serum or Plasma","Creatinine [Mass/​volume] in Serum or Plasma","","","","","","","","","",,,,,"",,,,"Observation.hasMember",0,*,"","","Relationships established by OBX-4 usage","outBoundRelationship"
"Observation.hasMember","obf-lab-GlucoseMCncPtSerPlasQnLabObs","","",0,1,"Y","","Y","Reference {[]} {[CanonicalType[http://hl7.org/fhir/us/mcode/StructureDefinition/obf-lab-GlucoseMCncPtSerPlasQnLabObs]]}
","GlucoseMCncPtSerPlasQnLabObs: Glucose [Mass/​volume] in Serum or Plasma","Glucose [Mass/​volume] in Serum or Plasma","","","","","","","","","",,,,,"",,,,"Observation.hasMember",0,*,"","","Relationships established by OBX-4 usage","outBoundRelationship"
"Observation.hasMember","obf-lab-PotassiumSCncPtSerPlasQnLabObs","","",0,1,"Y","","Y","Reference {[]} {[CanonicalType[http://hl7.org/fhir/us/mcode/StructureDefinition/obf-lab-PotassiumSCncPtSerPlasQnLabObs]]}
","PotassiumSCncPtSerPlasQnLabObs: Potassium [Moles/​volume] in Serum or Plasma","Potassium [Moles/​volume] in Serum or Plasma","","","","","","","","","",,,,,"",,,,"Observation.hasMember",0,*,"","","Relationships established by OBX-4 usage","outBoundRelationship"
"Observation.hasMember","obf-lab-ProteinMCncPtSerPlasQnLabObs","","",0,1,"Y","","Y","Reference {[]} {[CanonicalType[http://hl7.org/fhir/us/mcode/StructureDefinition/obf-lab-ProteinMCncPtSerPlasQnLabObs]]}
","ProteinMCncPtSerPlasQnLabObs: Protein [Mass/​volume] in Serum or Plasma","Protein [Mass/​volume] in Serum or Plasma","","","","","","","","","",,,,,"",,,,"Observation.hasMember",0,*,"","","Relationships established by OBX-4 usage","outBoundRelationship"
"Observation.hasMember","obf-lab-SodiumSCncPtSerPlasQnLabObs","","",0,1,"Y","","Y","Reference {[]} {[CanonicalType[http://hl7.org/fhir/us/mcode/StructureDefinition/obf-lab-SodiumSCncPtSerPlasQnLabObs]]}
","SodiumSCncPtSerPlasQnLabObs: Sodium [Moles/​volume] in Serum or Plasma","Sodium [Moles/​volume] in Serum or Plasma","","","","","","","","","",,,,,"",,,,"Observation.hasMember",0,*,"","","Relationships established by OBX-4 usage","outBoundRelationship"
"Observation.hasMember","obf-lab-UreaNitrogenMCncPtSerPlasQnLabObs","","",0,1,"Y","","Y","Reference {[]} {[CanonicalType[http://hl7.org/fhir/us/mcode/StructureDefinition/obf-lab-UreaNitrogenMCncPtSerPlasQnLabObs]]}
","UreaNitrogenMCncPtSerPlasQnLabObs: Urea nitrogen [Mass/​volume] in Serum or Plasma","Urea nitrogen [Mass/​volume] in Serum or Plasma","","","","","","","","","",,,,,"",,,,"Observation.hasMember",0,*,"","","Relationships established by OBX-4 usage","outBoundRelationship"
"Observation.hasMember","obf-lab-UreaNitrogenCreatinineMRtoPtSerPlasQnLabObs","","",0,1,"Y","","Y","Reference {[]} {[CanonicalType[http://hl7.org/fhir/us/mcode/StructureDefinition/obf-lab-UreaNitrogenCreatinineMRtoPtSerPlasQnLabObs]]}
","UreaNitrogenCreatinineMRtoPtSerPlasQnLabObs: Urea nitrogen/​Creatinine [Mass Ratio] in Serum or Plasma","Urea nitrogen/​Creatinine [Mass Ratio] in Serum or Plasma","","","","","","","","","",,,,,"",,,,"Observation.hasMember",0,*,"","","Relationships established by OBX-4 usage","outBoundRelationship"
"Observation.hasMember","obf-lab-AlkalinePhosphataseCCncPtSerPlasQnLabObs","","",0,1,"Y","","Y","Reference {[]} {[CanonicalType[http://hl7.org/fhir/us/mcode/StructureDefinition/obf-lab-AlkalinePhosphataseCCncPtSerPlasQnLabObs]]}
","AlkalinePhosphataseCCncPtSerPlasQnLabObs: Alkaline phosphatase [Enzymatic activity/​volume] in Serum or Plasma","Alkaline phosphatase [Enzymatic activity/​volume] in Serum or Plasma","","","","","","","","","",,,,,"",,,,"Observation.hasMember",0,*,"","","Relationships established by OBX-4 usage","outBoundRelationship"
"Observation.hasMember","obf-lab-GFR173sqMPredArVRatPtSerPlasQnMDRDLabObs","","",0,1,"Y","","Y","Reference {[]} {[CanonicalType[http://hl7.org/fhir/us/mcode/StructureDefinition/obf-lab-GFR173sqMPredArVRatPtSerPlasQnMDRDLabObs]]}
","GFR173sqMPredArVRatPtSerPlasQnMDRDLabObs: Glomerular filtration rate/​1.73 sq M.predicted [Volume Rate/​Area] in Serum or Plasma by Creatinine-based formula (MDRD)","Glomerular filtration rate/​1.73 sq M.predicted [Volume Rate/​Area] in Serum or Plasma by Creatinine-based formula (MDRD). Units are optional.","","","","","","","","","",,,,,"",,,,"Observation.hasMember",0,*,"","","Relationships established by OBX-4 usage","outBoundRelationship"
"Observation.hasMember","obf-lab-GFR173sqMPredFemaleArVRatPtSerPlasBldQnMDRDLabObs","","",0,1,"Y","","Y","Reference {[]} {[CanonicalType[http://hl7.org/fhir/us/mcode/StructureDefinition/obf-lab-GFR173sqMPredFemaleArVRatPtSerPlasBldQnMDRDLabObs]]}
","GFR173sqMPredFemaleArVRatPtSerPlasBldQnMDRDLabObs: Glomerular filtration rate/​1.73 sq M predicted among females [Volume Rate/​Area] in Serum, Plasma or Blood by Creatinine-based formula (MDRD)","Glomerular filtration rate/​1.73 sq M predicted among females [Volume Rate/​Area] in Serum, Plasma or Blood by Creatinine-based formula (MDRD). Units are optional.","","","","","","","","","",,,,,"",,,,"Observation.hasMember",0,*,"","","Relationships established by OBX-4 usage","outBoundRelationship"
"Observation.hasMember","obf-lab-GFR173sqMPredNonBlackArVRatPtSerPlasBldQnMDRDLabObs","","",0,1,"Y","","Y","Reference {[]} {[CanonicalType[http://hl7.org/fhir/us/mcode/StructureDefinition/obf-lab-GFR173sqMPredNonBlackArVRatPtSerPlasBldQnMDRDLabObs]]}
","GFR173sqMPredNonBlackArVRatPtSerPlasBldQnMDRDLabObs: Glomerular filtration rate/​1.73 sq M predicted among non-blacks [Volume Rate/​Area] in Serum, Plasma or Blood by Creatinine-based formula (MDRD)","Glomerular filtration rate/​1.73 sq M predicted among non-blacks [Volume Rate/​Area] in Serum, Plasma or Blood by Creatinine-based formula (MDRD). Units are optional.","","","","","","","","","",,,,,"",,,,"Observation.hasMember",0,*,"","","Relationships established by OBX-4 usage","outBoundRelationship"
"Observation.hasMember","obf-lab-GFR173sqMPredBlackArVRatPtSerPlasBldQnMDRDLabObs","","",0,1,"Y","","Y","Reference {[]} {[CanonicalType[http://hl7.org/fhir/us/mcode/StructureDefinition/obf-lab-GFR173sqMPredBlackArVRatPtSerPlasBldQnMDRDLabObs]]}
","GFR173sqMPredBlackArVRatPtSerPlasBldQnMDRDLabObs: Glomerular filtration rate/​1.73 sq M predicted among blacks [Volume Rate/​Area] in Serum, Plasma or Blood by Creatinine-based formula (MDRD)","Glomerular filtration rate/​1.73 sq M predicted among blacks [Volume Rate/​Area] in Serum, Plasma or Blood by Creatinine-based formula (MDRD). Units are optional.","","","","","","","","","",,,,,"",,,,"Observation.hasMember",0,*,"","","Relationships established by OBX-4 usage","outBoundRelationship"
"Observation.hasMember","obf-lab-BilirubinDirectMCncPtSerPlasQnLabObs","","",0,1,"Y","","Y","Reference {[]} {[CanonicalType[http://hl7.org/fhir/us/mcode/StructureDefinition/obf-lab-BilirubinDirectMCncPtSerPlasQnLabObs]]}
","BilirubinDirectMCncPtSerPlasQnLabObs: Bilirubin.direct [Mass/​volume] in Serum or Plasma","Bilirubin.direct [Mass/​volume] in Serum or Plasma","","","","","","","","","",,,,,"",,,,"Observation.hasMember",0,*,"","","Relationships established by OBX-4 usage","outBoundRelationship"
"Observation.hasMember","obf-lab-BicarbonateSCncPtSerPlasQnLabObs","","",0,1,"Y","","Y","Reference {[]} {[CanonicalType[http://hl7.org/fhir/us/mcode/StructureDefinition/obf-lab-BicarbonateSCncPtSerPlasQnLabObs]]}
","BicarbonateSCncPtSerPlasQnLabObs: Bicarbonate [Moles/​volume] in Serum or Plasma","Bicarbonate [Moles/​volume] in Serum or Plasma","","","","","","","","","",,,,,"",,,,"Observation.hasMember",0,*,"","","Relationships established by OBX-4 usage","outBoundRelationship"
"Observation.hasMember","obf-lab-AniongapSCncPtSerPlasQnLabObs","","",0,1,"Y","","Y","Reference {[]} {[CanonicalType[http://hl7.org/fhir/us/mcode/StructureDefinition/obf-lab-AniongapSCncPtSerPlasQnLabObs]]}
","AniongapSCncPtSerPlasQnLabObs: Anion gap in Serum or Plasma. Units are optional but if provided, must be in mmol/L.","Anion gap in Serum or Plasma. Units are optional but if provided, must be in mmol/L.","","","","","","","","","",,,,,"",,,,"Observation.hasMember",0,*,"","","Relationships established by OBX-4 usage","outBoundRelationship"
"Observation.derivedFrom","","","",0,*,"","","Y","Reference {[]} {[CanonicalType[http://hl7.org/fhir/us/core/StructureDefinition/us-core-documentreference], CanonicalType[http://hl7.org/fhir/StructureDefinition/Media], CanonicalType[http://hl7.org/fhir/StructureDefinition/QuestionnaireResponse], CanonicalType[http://hl7.org/fhir/us/mcode/StructureDefinition/obf-Observation]]}
","Related measurements the observation is made from","The target resource that represents a measurement from which this observation value is derived. For example, a calculated anion gap or a fetal measurement based on an ultrasound image.","All the reference choices that are listed in this element can represent clinical observations and other measurements that may be the source for a derived value.  The most common reference will be another Observation.  For a discussion on the ways Observations can assembled in groups together, see [Notes](http://hl7.org/fhir/R4/observation.html#obsgrouping) below.","","","","","","","","",,,,,"",,,,"Observation.derivedFrom",0,*,"","","Relationships established by OBX-4 usage",".targetObservation"
"Observation.component","","","",0,0,"","","Y","BackboneElement {[]} {[]}
","Component results","Some observations have multiple component observations.  These component observations are expressed as separate code value pairs that share the same attributes.  Examples include systolic and diastolic component observations for blood pressure measurement and multiple component observations for genetics observations.","For a discussion on the ways Observations can be assembled in groups together see [Notes](http://hl7.org/fhir/R4/observation.html#notes) below.","Component observations share the same attributes in the Observation resource as the primary observation and are always treated a part of a single observation (they are not separable).   However, the reference range for the primary observation value is not inherited by the component values and is required when appropriate for each component observation.","","","","","","","",,,,,"",,,,"Observation.component",0,*,"","ele-1:All FHIR elements must have a @value or children {hasValue() or (children().count() > id.count())}
","containment by OBX-4?","outBoundRelationship[typeCode=COMP]"
"Observation.component.id","","","",0,1,"","","","string {[]} {[]}
","Unique id for inter-element referencing","Unique id for the element within a resource (for internal references). This may be any string value that does not contain spaces.","","","","","","","","","",,,,,"",,,,"Element.id",0,1,"","","n/a"
"Observation.component.extension","","extensions
user content","",0,*,"","","","Extension {[]} {[]}
","Additional content defined by implementations","May be used to represent additional information that is not part of the basic definition of the element. To make the use of extensions safe and manageable, there is a strict set of governance  applied to the definition and use of extensions. Though any implementer can define an extension, there is a set of requirements that SHALL be met as part of the definition of the extension.","There can be no stigma associated with the use of extensions by any application, project, or standard - regardless of the institution or jurisdiction that uses or defines the extensions.  The use of extensions is what allows the FHIR specification to retain a core level of simplicity for everyone.","","","","","","","","",,,,,"",,,,"Element.extension",0,*,"","","n/a"
"Observation.component.modifierExtension","","extensions
user contentmodifiers","",0,*,"","Y","Y","Extension {[]} {[]}
","Extensions that cannot be ignored even if unrecognized","May be used to represent additional information that is not part of the basic definition of the element and that modifies the understanding of the element in which it is contained and/or the understanding of the containing element's descendants. Usually modifier elements provide negation or qualification. To make the use of extensions safe and manageable, there is a strict set of governance applied to the definition and use of extensions. Though any implementer can define an extension, there is a set of requirements that SHALL be met as part of the definition of the extension. Applications processing a resource are required to check for modifier extensions.

Modifier extensions SHALL NOT change the meaning of any elements on Resource or DomainResource (including cannot change the meaning of modifierExtension itself).","There can be no stigma associated with the use of extensions by any application, project, or standard - regardless of the institution or jurisdiction that uses or defines the extensions.  The use of extensions is what allows the FHIR specification to retain a core level of simplicity for everyone.","Modifier extensions allow for extensions that *cannot* be safely ignored to be clearly distinguished from the vast majority of extensions which can be safely ignored.  This promotes interoperability by eliminating the need for implementers to prohibit the presence of extensions. For further information, see the [definition of modifier extensions](http://hl7.org/fhir/R4/extensibility.html#modifierExtension).","","","","","","","",,,,,"",,,,"BackboneElement.modifierExtension",0,*,"","","N/A"
"Observation.component.code","","","",1,1,"","","Y","CodeableConcept {[]} {[]}
","Type of component observation (code / type)","Describes what was observed. Sometimes this is called the observation ""code"".","*All* code-value and  component.code-component.value pairs need to be taken into account to correctly understand the meaning of the observation.","Knowing what kind of observation is being made is essential to understanding the observation.","","","","","","","",,"example","Codes identifying names of simple observations.","http://hl7.org/fhir/ValueSet/observation-codes","",,,,"Observation.component.code",1,1,"","","< 363787002 |Observable entity| OR < 386053000 |Evaluation procedure|","OBX-3","code","FiveWs.what[x]"
"Observation.component.value[x]","","","",0,1,"","","Y","Quantity {[]} {[]}
CodeableConcept {[]} {[]}string {[]} {[]}Range {[]} {[]}Ratio {[]} {[]}SampledData {[CanonicalType[http://hl7.org/fhir/us/mcode/StructureDefinition/shr-core-SampledData]]} {[]}time {[]} {[]}dateTime {[]} {[]}Period {[]} {[]}","Actual component result","The information determined as a result of making the observation, if the information has a simple value.","Used when observation has a set of component observations. An observation may have both a value (e.g. an  Apgar score)  and component observations (the observations from which the Apgar score was derived). If a value is present, the datatype for this element should be determined by Observation.code. A CodeableConcept with just a text would be used instead of a string if the field was usually coded, or if the type associated with the Observation.code defines a coded value.  For additional guidance, see the [Notes section](http://hl7.org/fhir/R4/observation.html#notes) below.","An observation exists to have a value, though it might not if it is in error, or if it represents a group of observations.","","","","","","","",,,,,"",,,,"Observation.component.value[x]",0,1,"","","363714003 |Interprets| < 441742003 |Evaluation finding|","OBX.2, OBX.5, OBX.6","value","363714003 |Interprets|"
"Observation.component.dataAbsentReason","","","",0,1,"","","","CodeableConcept {[]} {[]}
","Why the component result is missing","Provides a reason why the expected value in the element Observation.component.value[x] is missing.","""Null"" or exceptional values can be represented two ways in FHIR Observations.  One way is to simply include them in the value set and represent the exceptions in the value.  For example, measurement values for a serology test could be  ""detected"", ""not detected"", ""inconclusive"", or  ""test not done"". 

The alternate way is to use the value element for actual observations and use the explicit dataAbsentReason element to record exceptional values.  For example, the dataAbsentReason code ""error"" could be used when the measurement was not completed.  Because of these options, use-case agreements are required to interpret general observations for exceptional values.","For many results it is necessary to handle exceptional values in measurements.","","","","","","","",,"extensible","Codes specifying why the result (`Observation.value[x]`) is missing.","http://hl7.org/fhir/ValueSet/data-absent-reason","",,,,"Observation.component.dataAbsentReason",0,1,"obs-6
","","N/A","value.nullFlavor"
"Observation.component.interpretation","","Abnormal Flag
","",0,*,"","","","CodeableConcept {[]} {[]}
","High, low, normal, etc.","A categorical assessment of an observation value.  For example, high, low, normal.","Historically used for laboratory results (known as 'abnormal flag' ),  its use extends to other use cases where coded interpretations  are relevant.  Often reported as one or more simple compact codes this element is often placed adjacent to the result value in reports and flow sheets to signal the meaning/normalcy status of the result.","For some results, particularly numeric results, an interpretation is necessary to fully understand the significance of a result.","","","","","","","",,"extensible","Codes identifying interpretations of observations.","http://hl7.org/fhir/ValueSet/observation-interpretation","",,,,"Observation.component.interpretation",0,*,"","","< 260245000 |Findings values|","OBX-8","interpretationCode","363713009 |Has interpretation|"
"Observation.component.referenceRange","","","",0,*,"","","","BackboneElement {[]} {[]}
","Provides guide for interpretation of component result","Guidance on how to interpret the value by comparison to a normal or recommended range.","Most observations only have one generic reference range. Systems MAY choose to restrict to only supplying the relevant reference range based on knowledge about the patient (e.g., specific to the patient's age, gender, weight and other factors), but this might not be possible or appropriate. Whenever more than one reference range is supplied, the differences between them SHOULD be provided in the reference range and/or age properties.","Knowing what values are considered ""normal"" can help evaluate the significance of a particular result. Need to be able to provide multiple reference ranges for different contexts.","","","","","","","",,,,,"",,,,"Observation.component.referenceRange",0,*,"","","OBX.7","outboundRelationship[typeCode=REFV]/target[classCode=OBS, moodCode=EVN]"
"Observation.component.referenceRange.id","","","",0,1,"","","","string {[]} {[]}
","Unique id for inter-element referencing","Unique id for the element within a resource (for internal references). This may be any string value that does not contain spaces.","","","","","","","","","",,,,,"",,,,"Element.id",0,1,"","","n/a"
"Observation.component.referenceRange.extension","","extensions
user content","",0,*,"","","","Extension {[]} {[]}
","Additional content defined by implementations","May be used to represent additional information that is not part of the basic definition of the element. To make the use of extensions safe and manageable, there is a strict set of governance  applied to the definition and use of extensions. Though any implementer can define an extension, there is a set of requirements that SHALL be met as part of the definition of the extension.","There can be no stigma associated with the use of extensions by any application, project, or standard - regardless of the institution or jurisdiction that uses or defines the extensions.  The use of extensions is what allows the FHIR specification to retain a core level of simplicity for everyone.","","","","","","","","",,,,,"",,,,"Element.extension",0,*,"","","n/a"
"Observation.component.referenceRange.modifierExtension","","extensions
user contentmodifiers","",0,*,"","Y","Y","Extension {[]} {[]}
","Extensions that cannot be ignored even if unrecognized","May be used to represent additional information that is not part of the basic definition of the element and that modifies the understanding of the element in which it is contained and/or the understanding of the containing element's descendants. Usually modifier elements provide negation or qualification. To make the use of extensions safe and manageable, there is a strict set of governance applied to the definition and use of extensions. Though any implementer can define an extension, there is a set of requirements that SHALL be met as part of the definition of the extension. Applications processing a resource are required to check for modifier extensions.

Modifier extensions SHALL NOT change the meaning of any elements on Resource or DomainResource (including cannot change the meaning of modifierExtension itself).","There can be no stigma associated with the use of extensions by any application, project, or standard - regardless of the institution or jurisdiction that uses or defines the extensions.  The use of extensions is what allows the FHIR specification to retain a core level of simplicity for everyone.","Modifier extensions allow for extensions that *cannot* be safely ignored to be clearly distinguished from the vast majority of extensions which can be safely ignored.  This promotes interoperability by eliminating the need for implementers to prohibit the presence of extensions. For further information, see the [definition of modifier extensions](extensibility.html#modifierExtension).","","","","","","","",,,,,"",,,,"BackboneElement.modifierExtension",0,*,"","","N/A"
"Observation.component.referenceRange.low","","","",0,1,"","","","Quantity {[CanonicalType[http://hl7.org/fhir/StructureDefinition/SimpleQuantity]]} {[]}
","Low Range, if relevant","The value of the low bound of the reference range.  The low bound of the reference range endpoint is inclusive of the value (e.g.  reference range is >=5 - <=9). If the low bound is omitted,  it is assumed to be meaningless (e.g. reference range is <=2.3).","","","","","","","","","",,,,,"",,,,"Observation.referenceRange.low",0,1,"obs-3
","","OBX-7","value:IVL_PQ.low"
"Observation.component.referenceRange.high","","","",0,1,"","","","Quantity {[CanonicalType[http://hl7.org/fhir/StructureDefinition/SimpleQuantity]]} {[]}
","High Range, if relevant","The value of the high bound of the reference range.  The high bound of the reference range endpoint is inclusive of the value (e.g.  reference range is >=5 - <=9). If the high bound is omitted,  it is assumed to be meaningless (e.g. reference range is >= 2.3).","","","","","","","","","",,,,,"",,,,"Observation.referenceRange.high",0,1,"obs-3
","","OBX-7","value:IVL_PQ.high"
"Observation.component.referenceRange.type","","","",0,1,"","","","CodeableConcept {[]} {[]}
","Reference range qualifier","Codes to indicate the what part of the targeted reference population it applies to. For example, the normal or therapeutic range.","This SHOULD be populated if there is more than one range.  If this element is not present then the normal range is assumed.","Need to be able to say what kind of reference range this is - normal, recommended, therapeutic, etc.,  - for proper interpretation.","","","","","","","",,"extensible","Code for the meaning of a reference range.","http://hl7.org/fhir/ValueSet/referencerange-meaning","",,,,"Observation.referenceRange.type",0,1,"","","< 260245000 |Findings values| OR  < 365860008 |General clinical state finding| OR < 250171008 |Clinical history or observation findings| OR  < 415229000 |Racial group| OR < 365400002 |Finding of puberty stage| OR< 443938003 |Procedure carried out on subject|","OBX-10","interpretationCode"
"Observation.component.referenceRange.appliesTo","","","",0,*,"","","","CodeableConcept {[]} {[]}
","Reference range population","Codes to indicate the target population this reference range applies to.  For example, a reference range may be based on the normal population or a particular sex or race.  Multiple `appliesTo`  are interpreted as an ""AND"" of the target populations.  For example, to represent a target population of African American females, both a code of female and a code for African American would be used.","This SHOULD be populated if there is more than one range.  If this element is not present then the normal population is assumed.","Need to be able to identify the target population for proper interpretation.","","","","","","","",,"extensible","Codes identifying the population the reference range applies to.","http://hl7.org/fhir/ValueSet/referencerange-appliesto","",,,,"Observation.referenceRange.appliesTo",0,*,"","","< 260245000 |Findings values| OR  < 365860008 |General clinical state finding| OR < 250171008 |Clinical history or observation findings| OR  < 415229000 |Racial group| OR < 365400002 |Finding of puberty stage| OR< 443938003 |Procedure carried out on subject|","OBX-10","interpretationCode"
"Observation.component.referenceRange.age","","","",0,1,"","","","Range {[]} {[]}
","Applicable age range, if relevant","The age at which this reference range is applicable. This is a neonatal age (e.g. number of weeks at term) if the meaning says so.","","Some analytes vary greatly over age.","","","","","","","",,,,,"",,,,"Observation.referenceRange.age",0,1,"","","outboundRelationship[typeCode=PRCN].targetObservationCriterion[code=""age""].value"
"Observation.component.referenceRange.text","","","",0,1,"","","","string {[]} {[]}
","Text based reference range in an observation","Text based reference range in an observation which may be used when a quantitative range is not appropriate for an observation.  An example would be a reference value of ""Negative"" or a list or table of ""normals"".","","","","","","","","","",,,,,"",,,,"Observation.referenceRange.text",0,1,"","","OBX-7","value:ST"
