<?xml version="1.0" encoding="UTF-8"?><StructureDefinition xmlns="http://hl7.org/fhir"><id value="shr-core-Annotation"/><text><status value="generated"/><div xmlns="http://www.w3.org/1999/xhtml">
  <p><b>Annotation Profile</b></p>
  <p>An added or follow-up note, often after the fact, that contains metadata about who made the statement and when.</p>
  <p><b>Mapping Summary</b></p>
  <p><pre>shr.core.Annotation maps to Annotation:
  Text maps to text
  AnnotationAuthor maps to author[x]
  OccurrenceTime maps to time
</pre></p>
</div></text><url value="http://hl7.org/fhir/us/shr/StructureDefinition/shr-core-Annotation"/><identifier><system value="http://hl7.org/fhir/us/mcode"/><value value="shr.core.Annotation"/></identifier><version value="0.9.0 draft candidate 1"/><name value="Annotation"/><display value="shr-core-Annotation"/><status value="draft"/><publisher value="The MITRE Corporation"/><contact><telecom><system value="other"/><value value="http://standardhealthrecord.org"/><rank value="0"/></telecom></contact><date value="2019-04-08T00:00:00-04:00"/><description value="An added or follow-up note, often after the fact, that contains metadata about who made the statement and when."/><fhirVersion value="1.0.2"/><mapping><identity value="v2"/><uri value="http://hl7.org/v2"/><name value="HL7 v2"/></mapping><mapping><identity value="rim"/><uri value="http://hl7.org/v3"/><name value="RIM"/></mapping><kind value="datatype"/><constrainedType value="Annotation"/><abstract value="false"/><base value="http://hl7.org/fhir/StructureDefinition/Annotation"/><snapshot><element id="Annotation"><path value="Annotation"/><name value="Annotation"/><short value="shr-core-Annotation"/><definition value="An added or follow-up note, often after the fact, that contains metadata about who made the statement and when."/><comments value="For systems that do not have structured annotations, they can simply communicate a single annotation with no author or time. &#xA;This element may need to be included in narrative because of the potential for modifying information. &#xA;*Annotations SHOULD NOT* be used to communicate &quot;modifying&quot; information that could be computable. (This is a SHOULD because enforcing user behavior is nearly impossible)."/><min value="0"/><max value="*"/><type><code value="Annotation"/></type><maxLength value="0"/><mustSupport value="false"/><isModifier value="false"/><isSummary value="true"/><mapping><identity value="v2"/><map value="N/A"/></mapping><mapping><identity value="rim"/><map value="Act"/></mapping></element><element id="Annotation.id"><path value="Annotation.id"/><representation value="xmlAttr"/><name value="Annotation.id"/><short value="xml:id (or equivalent in JSON)"/><definition value="unique id for the element within a resource (for internal references)."/><min value="0"/><max value="1"/><type><code value="id"/></type><maxLength value="0"/><mustSupport value="false"/><isModifier value="false"/><isSummary value="false"/><mapping><identity value="rim"/><map value="n/a"/></mapping></element><element id="Annotation.extension"><path value="Annotation.extension"/><name value="Annotation.extension"/><short value="Additional Content defined by implementations"/><definition value="May be used to represent additional information that is not part of the basic definition of the element. In order to make the use of extensions safe and manageable, there is a strict set of governance  applied to the definition and use of extensions. Though any implementer is allowed to define an extension, there is a set of requirements that SHALL be met as part of the definition of the extension."/><comments value="There can be no stigma associated with the use of extensions by any application, project, or standard - regardless of the institution or jurisdiction that uses or defines the extensions.  The use of extensions is what allows the FHIR specification to retain a core level of simplicity for everyone."/><alias value="extensions"/><alias value="user content"/><min value="0"/><max value="*"/><type><code value="Extension"/></type><maxLength value="0"/><mustSupport value="false"/><isModifier value="false"/><isSummary value="false"/><mapping><identity value="rim"/><map value="n/a"/></mapping></element><element id="Annotation.author-x-"><path value="Annotation.author[x]"/><name value="Annotation.author-x-"/><short value="Individual responsible for the annotation"/><definition value="The individual responsible for making the annotation."/><min value="1"/><max value="1"/><base><path value="Annotation.author[x]"/><min value="0"/><max value="1"/></base><type><code value="Reference"/><profile value="http://hl7.org/fhir/us/shr/StructureDefinition/shr-core-Practitioner"/><profile value="http://hl7.org/fhir/us/shr/StructureDefinition/shr-core-Patient"/><profile value="http://hl7.org/fhir/us/shr/StructureDefinition/shr-core-RelatedPerson"/></type><type><code value="string"/></type><maxLength value="0"/><mustSupport value="false"/><isModifier value="false"/><isSummary value="true"/><mapping><identity value="v2"/><map value="N/A"/></mapping><mapping><identity value="rim"/><map value="Act.participant[typeCode=AUT].role"/></mapping></element><element id="Annotation.time"><path value="Annotation.time"/><name value="Annotation.time"/><short value="When the annotation was made"/><definition value="Indicates when this particular annotation was made."/><min value="0"/><max value="1"/><type><code value="dateTime"/></type><maxLength value="0"/><mustSupport value="false"/><isModifier value="false"/><isSummary value="true"/><mapping><identity value="v2"/><map value="N/A"/></mapping><mapping><identity value="rim"/><map value="Act.effectiveTime"/></mapping></element><element id="Annotation.text"><path value="Annotation.text"/><name value="Annotation.text"/><short value="The annotation  - text content"/><definition value="The text of the annotation."/><min value="1"/><max value="1"/><type><code value="string"/></type><maxLength value="0"/><mustSupport value="false"/><isModifier value="false"/><isSummary value="true"/><mapping><identity value="v2"/><map value="N/A"/></mapping><mapping><identity value="rim"/><map value="Act.text"/></mapping></element></snapshot><differential><element id="Annotation"><path value="Annotation"/><name value="Annotation"/><short value="shr-core-Annotation"/><definition value="An added or follow-up note, often after the fact, that contains metadata about who made the statement and when."/><min value="0"/><type><code value="Annotation"/></type><maxLength value="0"/><mustSupport value="false"/><isModifier value="false"/><isSummary value="true"/></element><element id="Annotation.author-x-"><path value="Annotation.author[x]"/><name value="Annotation.author-x-"/><min value="1"/><max value="1"/><base><path value="Annotation.author[x]"/><min value="0"/><max value="1"/></base><type><code value="Reference"/><profile value="http://hl7.org/fhir/us/shr/StructureDefinition/shr-core-Practitioner"/><profile value="http://hl7.org/fhir/us/shr/StructureDefinition/shr-core-Patient"/><profile value="http://hl7.org/fhir/us/shr/StructureDefinition/shr-core-RelatedPerson"/></type><type><code value="string"/></type><maxLength value="0"/><mustSupport value="false"/><isModifier value="false"/><isSummary value="false"/></element></differential></StructureDefinition>