<?xml version="1.0" encoding="UTF-8"?><StructureDefinition xmlns="http://hl7.org/fhir"><id value="obf-ResearchSubject"/><text><status value="generated"/><div xmlns="http://www.w3.org/1999/xhtml">
  <p><b>ResearchSubject Profile</b></p>
  <p>Record of a subject&#39;s enrollment and participation in a research study.</p>
  <p><b>Mapping Summary</b></p>
  <p><pre>obf.ResearchSubject maps to Basic:
  Language maps to language
  ImplicitRules maps to implicitRules
  Metadata.VersionId maps to meta.versionId
  Metadata.SourceSystem maps to meta.extension
  Metadata.Profile maps to meta.profile
  Metadata.LastUpdated maps to meta.lastUpdated
  Metadata.SecurityLabel maps to meta.security
  Metadata.Tag maps to meta.tag
  Narrative maps to text
</pre></p>
</div></text><url value="http://mcodeinitiative.org/us/mcode/StructureDefinition/obf-ResearchSubject"/><version value="0.9.1"/><name value="ResearchSubject"/><display value="obf-ResearchSubject"/><status value="draft"/><publisher value="The MITRE Corporation"/><contact><telecom><system value="other"/><value value="http://standardhealthrecord.org"/><rank value="0"/></telecom></contact><date value="2019-10-23T00:00:00-04:00"/><description value="Record of a subject&#39;s enrollment and participation in a research study."/><requirements value="Need some way to safely (without breaking interoperability) allow implementers to exchange content not supported by the initial set of declared resources."/><fhirVersion value="1.0.2"/><mapping><identity value="rim"/><uri value="http://hl7.org/v3"/><name value="RIM"/></mapping><mapping><identity value="w5"/><uri value="http://hl7.org/fhir/w5"/><name value="W5 Mapping"/></mapping><kind value="resource"/><constrainedType value="Basic"/><abstract value="false"/><base value="http://hl7.org/fhir/StructureDefinition/Basic"/><snapshot><element id="Basic"><path value="Basic"/><name value="Basic"/><short value="obf-ResearchSubject"/><definition value="Record of a subject&#39;s enrollment and participation in a research study."/><alias value="Z-resource"/><alias value="Extension-resource"/><alias value="Custom-resource"/><min value="0"/><max value="*"/><type><code value="Basic"/></type><maxLength value="0"/><mustSupport value="false"/><isModifier value="false"/><isSummary value="true"/><mapping><identity value="rim"/><map value="Act, Entity or Role"/></mapping><mapping><identity value="w5"/><map value="infrastructure.structure"/></mapping></element><element id="Basic.id"><path value="Basic.id"/><name value="Basic.id"/><short value="Logical id of this artifact"/><definition value="The logical id of the resource, as used in the URL for the resource. Once assigned, this value never changes."/><comments value="The only time that a resource does not have an id is when it is being submitted to the server using a create operation. Bundles always have an id, though it is usually a generated UUID."/><min value="0"/><max value="1"/><type><code value="id"/></type><maxLength value="0"/><mustSupport value="false"/><isModifier value="false"/><isSummary value="true"/></element><element id="Basic.meta"><path value="Basic.meta"/><name value="Basic.meta"/><short value="Metadata about the resource"/><definition value="The metadata about the resource. This is content that is maintained by the infrastructure. Changes to the content may not always be associated with version changes to the resource."/><min value="0"/><max value="1"/><type><code value="Meta"/></type><maxLength value="0"/><mustSupport value="false"/><isModifier value="false"/><isSummary value="true"/></element><element id="Basic.meta.id"><path value="Basic.meta.id"/><representation value="xmlAttr"/><name value="Basic.meta.id"/><short value="xml:id (or equivalent in JSON)"/><definition value="unique id for the element within a resource (for internal references)."/><min value="0"/><max value="1"/><type><code value="id"/></type><maxLength value="0"/><mustSupport value="false"/><isModifier value="false"/><isSummary value="false"/><mapping><identity value="rim"/><map value="n/a"/></mapping></element><element id="Basic.meta.extension"><path value="Basic.meta.extension"/><name value="Basic.meta.extension"/><slicing id="1"><discriminator value="url"/><ordered value="false"/><rules value="open"/></slicing><short value="Additional Content defined by implementations"/><definition value="May be used to represent additional information that is not part of the basic definition of the element. In order to make the use of extensions safe and manageable, there is a strict set of governance  applied to the definition and use of extensions. Though any implementer is allowed to define an extension, there is a set of requirements that SHALL be met as part of the definition of the extension."/><comments value="There can be no stigma associated with the use of extensions by any application, project, or standard - regardless of the institution or jurisdiction that uses or defines the extensions.  The use of extensions is what allows the FHIR specification to retain a core level of simplicity for everyone."/><alias value="extensions"/><alias value="user content"/><min value="0"/><max value="*"/><type><code value="Extension"/></type><maxLength value="0"/><mustSupport value="false"/><isModifier value="false"/><isSummary value="false"/><mapping><identity value="rim"/><map value="n/a"/></mapping></element><element id="sourcesystem"><path value="Basic.meta.extension"/><name value="sourcesystem"/><definition value="FHIR: This provides a minimal amount of Provenance information that can be used to track or differentiate the source of information in the resource. The source may identify another FHIR server, document, message, database, etc.&#xA;FHIM: Identifies the computer system that created the medical record. This optional field may also be used to indicate that the medical record was originally created by a different organization from the one that is currently storing or utilizing the record in that the assigning authority of the Id could be set to that originating organization. This property is optional, as some systems will assume that all records that it contains originated in that system, however it is anticipated that it will become increasingly commonplace for records from multiple systems and organizations will be comingled in order to provide a complete picture of the patient&#39;s health record."/><min value="0"/><max value="1"/><base><path value="Basic.meta.extension"/><min value="0"/><max value="*"/></base><type><code value="Extension"/><profile value="http://mcodeinitiative.org/us/mcode/StructureDefinition/obf-SourceSystem-extension"/></type><maxLength value="0"/><mustSupport value="false"/><isModifier value="false"/><isSummary value="false"/></element><element id="Basic.meta.versionId"><path value="Basic.meta.versionId"/><name value="Basic.meta.versionId"/><short value="Version specific identifier"/><definition value="The version specific identifier, as it appears in the version portion of the URL. This values changes when the resource is created, updated, or deleted."/><comments value="The server assigns this value, and ignores what the client specifies, except in the case that the server is imposing version integrity on updates/deletes."/><min value="0"/><max value="1"/><type><code value="id"/></type><maxLength value="0"/><mustSupport value="false"/><isModifier value="false"/><isSummary value="true"/></element><element id="Basic.meta.lastUpdated"><path value="Basic.meta.lastUpdated"/><name value="Basic.meta.lastUpdated"/><short value="When the resource version last changed"/><definition value="When the resource last changed - e.g. when the version changed."/><comments value="This value is always populated except when the resource is first being created. The server / resource manager sets this value; what a client provides is irrelevant."/><min value="0"/><max value="1"/><type><code value="instant"/></type><maxLength value="0"/><mustSupport value="false"/><isModifier value="false"/><isSummary value="true"/></element><element id="Basic.meta.profile"><path value="Basic.meta.profile"/><name value="Basic.meta.profile"/><short value="Profiles this resource claims to conform to"/><definition value="A list of profiles [[[StructureDefinition]]]s that this resource claims to conform to. The URL is a reference to [[[StructureDefinition.url]]]."/><comments value="It is up to the server and/or other infrastructure of policy to determine whether/how these claims are verified and/or updated over time.  The list of profile URLs is a set."/><min value="0"/><max value="*"/><type><code value="uri"/></type><maxLength value="0"/><mustSupport value="false"/><isModifier value="false"/><isSummary value="true"/></element><element id="Basic.meta.security"><path value="Basic.meta.security"/><name value="Basic.meta.security"/><short value="Security Labels applied to this resource"/><definition value="Security labels applied to this resource. These tags connect specific resources to the overall security policy and infrastructure."/><comments value="The security labels can be updated without changing the stated version of the resource  The list of security labels is a set. Uniqueness is based the system/code, and version and display are ignored."/><min value="0"/><max value="*"/><type><code value="Coding"/></type><maxLength value="0"/><mustSupport value="false"/><isModifier value="false"/><isSummary value="true"/><binding><strength value="extensible"/><description value="Security Labels from the Healthcare Privacy and Security Classification System."/><valueSetReference><reference value="http://hl7.org/fhir/ValueSet/security-labels"/></valueSetReference></binding></element><element id="Basic.meta.tag"><path value="Basic.meta.tag"/><name value="Basic.meta.tag"/><short value="Tags applied to this resource"/><definition value="Tags applied to this resource. Tags are intended to be used to identify and relate resources to process and workflow, and applications are not required to consider the tags when interpreting the meaning of a resource."/><comments value="The tags can be updated without changing the stated version of the resource.  The list of tags is a set. Uniqueness is based the system/code, and version and display are ignored."/><min value="0"/><max value="*"/><type><code value="Coding"/></type><maxLength value="0"/><mustSupport value="false"/><isModifier value="false"/><isSummary value="true"/><binding><strength value="example"/><description value="Codes that represent various types of tags, commonly workflow-related; e.g. &quot;Needs review by Dr. Jones&quot;"/></binding></element><element id="Basic.implicitRules"><path value="Basic.implicitRules"/><name value="Basic.implicitRules"/><short value="A set of rules under which this content was created"/><definition value="A reference to a set of rules that were followed when the resource was constructed, and which must be understood when processing the content."/><comments value="Asserting this rule set restricts the content to be only understood by a limited set of trading partners. This inherently limits the usefulness of the data in the long term. However, the existing health eco-system is highly fractured, and not yet ready to define, collect, and exchange data in a generally computable sense. Wherever possible, implementers and/or specification writers should avoid using this element as much as possible."/><min value="0"/><max value="1"/><type><code value="uri"/></type><maxLength value="0"/><mustSupport value="false"/><isModifier value="true"/><isSummary value="true"/></element><element id="Basic.language"><path value="Basic.language"/><name value="Basic.language"/><short value="Language of the resource content"/><definition value="The base language in which the resource is written."/><comments value="Language is provided to support indexing and accessibility (typically, services such as text to speech use the language tag). The html language tag in the narrative applies  to the narrative. The language tag on the resource may be used to specify the language of other presentations generated from the data in the resource  Not all the content has to be in the base language. The Resource.language should not be assumed to apply to the narrative automatically. If a language is specified, it should it also be specified on the div element in the html (see rules in HTML5 for information about the relationship between xml:lang and the html lang attribute)."/><min value="0"/><max value="1"/><type><code value="code"/></type><maxLength value="0"/><mustSupport value="false"/><isModifier value="false"/><isSummary value="false"/><binding><strength value="required"/><description value="A human language."/><valueSetReference><reference value="http://tools.ietf.org/html/bcp47"/></valueSetReference></binding></element><element id="Basic.text"><path value="Basic.text"/><name value="Basic.text"/><short value="Text summary of the resource, for human interpretation"/><definition value="A human-readable narrative that contains a summary of the resource, and may be used to represent the content of the resource to a human. The narrative need not encode all the structured data, but is required to contain sufficient detail to make it &quot;clinically safe&quot; for a human to just read the narrative. Resource definitions may define what content should be represented in the narrative to ensure clinical safety."/><comments value="Contained resources do not have narrative. Resources that are not contained SHOULD have a narrative."/><alias value="narrative"/><alias value="html"/><alias value="xhtml"/><alias value="display"/><min value="0"/><max value="1"/><type><code value="Narrative"/></type><maxLength value="0"/><condition value="dom-1"/><mustSupport value="false"/><isModifier value="false"/><isSummary value="false"/><mapping><identity value="rim"/><map value="Act.text?"/></mapping></element><element id="Basic.contained"><path value="Basic.contained"/><name value="Basic.contained"/><short value="Contained, inline Resources"/><definition value="These resources do not have an independent existence apart from the resource that contains them - they cannot be identified independently, and nor can they have their own independent transaction scope."/><comments value="This should never be done when the content can be identified properly, as once identification is lost, it is extremely difficult (and context dependent) to restore it again."/><alias value="inline resources"/><alias value="anonymous resources"/><alias value="contained resources"/><min value="0"/><max value="*"/><type><code value="Resource"/></type><maxLength value="0"/><mustSupport value="false"/><isModifier value="false"/><isSummary value="false"/><mapping><identity value="rim"/><map value="N/A"/></mapping></element><element id="Basic.extension"><path value="Basic.extension"/><name value="Basic.extension"/><slicing id="2"><discriminator value="url"/><ordered value="false"/><rules value="open"/></slicing><short value="Additional Content defined by implementations"/><definition value="May be used to represent additional information that is not part of the basic definition of the resource. In order to make the use of extensions safe and manageable, there is a strict set of governance  applied to the definition and use of extensions. Though any implementer is allowed to define an extension, there is a set of requirements that SHALL be met as part of the definition of the extension."/><comments value="There can be no stigma associated with the use of extensions by any application, project, or standard - regardless of the institution or jurisdiction that uses or defines the extensions.  The use of extensions is what allows the FHIR specification to retain a core level of simplicity for everyone."/><alias value="extensions"/><alias value="user content"/><min value="4"/><max value="*"/><type><code value="Extension"/></type><maxLength value="0"/><mustSupport value="false"/><isModifier value="false"/><isSummary value="false"/><mapping><identity value="rim"/><map value="N/A"/></mapping></element><element id="status"><path value="Basic.extension"/><name value="status"/><definition value="A state that relates to the workflow or interpretation of this resource. Certain status values can modify the meaning of the resource, for example, entered-in-error. When a boolean value is used, Status of true indicates the record is active, false means inactive."/><min value="1"/><max value="1"/><base><path value="Basic.extension"/><min value="0"/><max value="*"/></base><type><code value="Extension"/><profile value="http://mcodeinitiative.org/us/mcode/StructureDefinition/obf-Status-extension"/></type><maxLength value="0"/><mustSupport value="false"/><isModifier value="false"/><isSummary value="false"/></element><element id="Basic.extension-status.id"><path value="Basic.extension.id"/><representation value="xmlAttr"/><name value="Basic.extension-status.id"/><short value="xml:id (or equivalent in JSON)"/><definition value="unique id for the element within a resource (for internal references)."/><min value="0"/><max value="1"/><base><path value="Element.id"/><min value="0"/><max value="1"/></base><type><code value="id"/></type><maxLength value="0"/><mustSupport value="false"/><isModifier value="false"/><isSummary value="false"/><mapping><identity value="rim"/><map value="n/a"/></mapping></element><element id="Basic.extension-status.extension"><path value="Basic.extension.extension"/><name value="Basic.extension-status.extension"/><short value="Additional Content defined by implementations"/><definition value="May be used to represent additional information that is not part of the basic definition of the element. In order to make the use of extensions safe and manageable, there is a strict set of governance  applied to the definition and use of extensions. Though any implementer is allowed to define an extension, there is a set of requirements that SHALL be met as part of the definition of the extension."/><comments value="There can be no stigma associated with the use of extensions by any application, project, or standard - regardless of the institution or jurisdiction that uses or defines the extensions.  The use of extensions is what allows the FHIR specification to retain a core level of simplicity for everyone."/><alias value="extensions"/><alias value="user content"/><min value="0"/><max value="0"/><base><path value="Element.extension"/><min value="0"/><max value="*"/></base><type><code value="Extension"/></type><maxLength value="0"/><mustSupport value="false"/><isModifier value="false"/><isSummary value="false"/><mapping><identity value="rim"/><map value="n/a"/></mapping></element><element id="Basic.extension-status.url"><path value="Basic.extension.url"/><representation value="xmlAttr"/><name value="Basic.extension-status.url"/><short value="identifies the meaning of the extension"/><definition value="Source of the definition for the extension code - a logical name or a URL."/><comments value="The definition may point directly to a computable or human-readable definition of the extensibility codes, or it may be a logical URI as declared in some other specification. The definition should be version specific.  This will ideally be the URI for the Resource Profile defining the extension, with the code for the extension after a #."/><min value="1"/><max value="1"/><base><path value="Extension.url"/><min value="1"/><max value="1"/></base><type><code value="uri"/></type><fixedUri value="http://mcodeinitiative.org/us/mcode/StructureDefinition/obf-Status-extension"/><maxLength value="0"/><mustSupport value="false"/><isModifier value="false"/><isSummary value="false"/><mapping><identity value="rim"/><map value="N/A"/></mapping></element><element id="Basic.extension-status.valueCodeableConcept"><path value="Basic.extension.valueCodeableConcept"/><name value="Basic.extension-status.valueCodeableConcept"/><short value="Value of extension"/><definition value="Value of extension - may be a resource or one of a constrained set of the data types (see Extensibility in the spec for list)."/><min value="1"/><max value="1"/><base><path value="Extension.value[x]"/><min value="0"/><max value="1"/></base><type><code value="CodeableConcept"/></type><maxLength value="0"/><mustSupport value="false"/><isModifier value="false"/><isSummary value="false"/><binding><strength value="required"/><valueSetReference><reference value="http://hl7.org/fhir/ValueSet/research-subject-status"/></valueSetReference></binding><mapping><identity value="rim"/><map value="N/A"/></mapping></element><element id="identifier"><path value="Basic.extension"/><name value="identifier"/><definition value="Business identifier or external id for this resource."/><min value="0"/><max value="1"/><base><path value="Basic.extension"/><min value="0"/><max value="*"/></base><type><code value="Extension"/><profile value="http://mcodeinitiative.org/us/mcode/StructureDefinition/obf-datatype-Identifier-extension"/></type><maxLength value="0"/><mustSupport value="false"/><isModifier value="false"/><isSummary value="false"/></element><element id="participationperiod"><path value="Basic.extension"/><name value="participationperiod"/><definition value="The point in time or span of time the participant is involved."/><min value="1"/><max value="1"/><base><path value="Basic.extension"/><min value="0"/><max value="*"/></base><type><code value="Extension"/><profile value="http://mcodeinitiative.org/us/mcode/StructureDefinition/obf-ParticipationPeriod-extension"/></type><maxLength value="0"/><mustSupport value="false"/><isModifier value="false"/><isSummary value="false"/></element><element id="researchstudy"><path value="Basic.extension"/><name value="researchstudy"/><definition value="A clinical trial or similar research study. Reference: list of FDA data elements describing a research study: prsinfo.clinicaltrials.gov/definitions.html"/><min value="1"/><max value="1"/><base><path value="Basic.extension"/><min value="0"/><max value="*"/></base><type><code value="Extension"/><profile value="http://mcodeinitiative.org/us/mcode/StructureDefinition/obf-ResearchStudy-extension"/></type><maxLength value="0"/><mustSupport value="false"/><isModifier value="false"/><isSummary value="false"/></element><element id="patient"><path value="Basic.extension"/><name value="patient"/><definition value="A person in the role of a patient. Sometimes, the patient is not the subject of information in a clinical statement where the Patient is the SubjectOfRecord.&#xA;&#xA;Compatibility: Lies at the intersection of Argonaut and US Core Patient. MaritalStatus has a required binding in Argonaut, but an extensible binding in US-Core. To be feasible under both DSTU2 Argonaut and STU3 US-Core, the required binding strength is adopted."/><min value="1"/><max value="1"/><base><path value="Basic.extension"/><min value="0"/><max value="*"/></base><type><code value="Extension"/><profile value="http://mcodeinitiative.org/us/mcode/StructureDefinition/obf-Patient-extension"/></type><maxLength value="0"/><mustSupport value="false"/><isModifier value="false"/><isSummary value="false"/></element><element id="assignedarm"><path value="Basic.extension"/><name value="assignedarm"/><definition value="The name of the arm in the study the subject is expected to follow as part of this study."/><min value="0"/><max value="1"/><base><path value="Basic.extension"/><min value="0"/><max value="*"/></base><type><code value="Extension"/><profile value="http://mcodeinitiative.org/us/mcode/StructureDefinition/obf-AssignedArm-extension"/></type><maxLength value="0"/><mustSupport value="false"/><isModifier value="false"/><isSummary value="false"/></element><element id="actualarm"><path value="Basic.extension"/><name value="actualarm"/><definition value="The name of the arm in the study the subject actually followed as part of this study."/><min value="0"/><max value="1"/><base><path value="Basic.extension"/><min value="0"/><max value="*"/></base><type><code value="Extension"/><profile value="http://mcodeinitiative.org/us/mcode/StructureDefinition/obf-ActualArm-extension"/></type><maxLength value="0"/><mustSupport value="false"/><isModifier value="false"/><isSummary value="false"/></element><element id="terminationreason"><path value="Basic.extension"/><name value="terminationreason"/><definition value="A code explaining unplanned or premature termination of a plan of treatment, course of medication, or research study."/><min value="0"/><max value="1"/><base><path value="Basic.extension"/><min value="0"/><max value="*"/></base><type><code value="Extension"/><profile value="http://mcodeinitiative.org/us/mcode/StructureDefinition/obf-TerminationReason-extension"/></type><maxLength value="0"/><mustSupport value="false"/><isModifier value="false"/><isSummary value="false"/></element><element id="Basic.extension-terminationreason.id"><path value="Basic.extension.id"/><representation value="xmlAttr"/><name value="Basic.extension-terminationreason.id"/><short value="xml:id (or equivalent in JSON)"/><definition value="unique id for the element within a resource (for internal references)."/><min value="0"/><max value="1"/><base><path value="Element.id"/><min value="0"/><max value="1"/></base><type><code value="id"/></type><maxLength value="0"/><mustSupport value="false"/><isModifier value="false"/><isSummary value="false"/><mapping><identity value="rim"/><map value="n/a"/></mapping></element><element id="Basic.extension-terminationreason.extension"><path value="Basic.extension.extension"/><name value="Basic.extension-terminationreason.extension"/><short value="Additional Content defined by implementations"/><definition value="May be used to represent additional information that is not part of the basic definition of the element. In order to make the use of extensions safe and manageable, there is a strict set of governance  applied to the definition and use of extensions. Though any implementer is allowed to define an extension, there is a set of requirements that SHALL be met as part of the definition of the extension."/><comments value="There can be no stigma associated with the use of extensions by any application, project, or standard - regardless of the institution or jurisdiction that uses or defines the extensions.  The use of extensions is what allows the FHIR specification to retain a core level of simplicity for everyone."/><alias value="extensions"/><alias value="user content"/><min value="0"/><max value="0"/><base><path value="Element.extension"/><min value="0"/><max value="*"/></base><type><code value="Extension"/></type><maxLength value="0"/><mustSupport value="false"/><isModifier value="false"/><isSummary value="false"/><mapping><identity value="rim"/><map value="n/a"/></mapping></element><element id="Basic.extension-terminationreason.url"><path value="Basic.extension.url"/><representation value="xmlAttr"/><name value="Basic.extension-terminationreason.url"/><short value="identifies the meaning of the extension"/><definition value="Source of the definition for the extension code - a logical name or a URL."/><comments value="The definition may point directly to a computable or human-readable definition of the extensibility codes, or it may be a logical URI as declared in some other specification. The definition should be version specific.  This will ideally be the URI for the Resource Profile defining the extension, with the code for the extension after a #."/><min value="1"/><max value="1"/><base><path value="Extension.url"/><min value="1"/><max value="1"/></base><type><code value="uri"/></type><fixedUri value="http://mcodeinitiative.org/us/mcode/StructureDefinition/obf-TerminationReason-extension"/><maxLength value="0"/><mustSupport value="false"/><isModifier value="false"/><isSummary value="false"/><mapping><identity value="rim"/><map value="N/A"/></mapping></element><element id="Basic.extension-terminationreason.valueCodeableConcept"><path value="Basic.extension.valueCodeableConcept"/><name value="Basic.extension-terminationreason.valueCodeableConcept"/><short value="Value of extension"/><definition value="Value of extension - may be a resource or one of a constrained set of the data types (see Extensibility in the spec for list)."/><min value="1"/><max value="1"/><base><path value="Extension.value[x]"/><min value="0"/><max value="1"/></base><type><code value="CodeableConcept"/></type><maxLength value="0"/><mustSupport value="false"/><isModifier value="false"/><isSummary value="false"/><binding><strength value="required"/><valueSetReference><reference value="http://mcodeinitiative.org/us/mcode/ValueSet/obf-ResearchSubjectTerminationReasonVS"/></valueSetReference></binding><mapping><identity value="rim"/><map value="N/A"/></mapping></element><element id="Basic.modifierExtension"><path value="Basic.modifierExtension"/><name value="Basic.modifierExtension"/><short value="Extensions that cannot be ignored"/><definition value="May be used to represent additional information that is not part of the basic definition of the resource, and that modifies the understanding of the element that contains it. Usually modifier elements provide negation or qualification. In order to make the use of extensions safe and manageable, there is a strict set of governance applied to the definition and use of extensions. Though any implementer is allowed to define an extension, there is a set of requirements that SHALL be met as part of the definition of the extension. Applications processing a resource are required to check for modifier extensions."/><comments value="There can be no stigma associated with the use of extensions by any application, project, or standard - regardless of the institution or jurisdiction that uses or defines the extensions.  The use of extensions is what allows the FHIR specification to retain a core level of simplicity for everyone."/><alias value="extensions"/><alias value="user content"/><min value="0"/><max value="*"/><type><code value="Extension"/></type><maxLength value="0"/><mustSupport value="false"/><isModifier value="true"/><isSummary value="false"/><mapping><identity value="rim"/><map value="N/A"/></mapping></element><element id="Basic.identifier"><path value="Basic.identifier"/><name value="Basic.identifier"/><short value="Business identifier"/><definition value="Identifier assigned to the resource for business purposes, outside the context of FHIR."/><min value="0"/><max value="*"/><type><code value="Identifier"/></type><maxLength value="0"/><mustSupport value="false"/><isModifier value="false"/><isSummary value="true"/><mapping><identity value="rim"/><map value="./identifier"/></mapping><mapping><identity value="w5"/><map value="id"/></mapping></element><element id="Basic.code"><path value="Basic.code"/><name value="Basic.code"/><short value="Kind of Resource"/><definition value="Identifies the &#39;type&#39; of resource - equivalent to the resource name for other resources."/><comments value="Because resource references will only be able to indicate &#39;Basic&#39;, the type of reference will need to be specified in a Profile identified as part of the resource.  Refer to the resource notes section for information on appropriate terminologies for this code."/><requirements value="Must be able to distinguish different types of &quot;basic&quot; resources."/><min value="1"/><max value="1"/><type><code value="CodeableConcept"/></type><patternCodeableConcept><coding><system value="http://mcodeinitiative.org/us/mcode/CodeSystem/mcode-basic-resource-type"/><code value="obf-ResearchSubject"/><userSelected value="false"/></coding></patternCodeableConcept><maxLength value="0"/><mustSupport value="false"/><isModifier value="true"/><isSummary value="true"/><binding><strength value="example"/><description value="Codes for identifying types of resources not yet defined by FHIR"/><valueSetReference><reference value="http://hl7.org/fhir/ValueSet/basic-resource-type"/></valueSetReference></binding><mapping><identity value="rim"/><map value="./code"/></mapping><mapping><identity value="w5"/><map value="what"/></mapping></element><element id="Basic.subject"><path value="Basic.subject"/><name value="Basic.subject"/><short value="Identifies the focus of this resource"/><definition value="Identifies the patient, practitioner, device or any other resource that is the &quot;focus&quot; of this resource."/><comments value="Optional as not all resources potential resources will have subjects.  Resources associated with multiple subjects can handle this via extension."/><requirements value="Needed for partitioning the resource by Patient."/><min value="0"/><max value="1"/><type><code value="Reference"/><profile value="http://hl7.org/fhir/StructureDefinition/Resource"/></type><maxLength value="0"/><mustSupport value="false"/><isModifier value="false"/><isSummary value="true"/><mapping><identity value="rim"/><map value="./participation[typeCode=&#39;SBJ&#39;] (possibly through a ControlAct and Role)"/></mapping><mapping><identity value="w5"/><map value="who.focus"/></mapping></element><element id="Basic.author"><path value="Basic.author"/><name value="Basic.author"/><short value="Who created"/><definition value="Indicates who was responsible for creating the resource instance."/><requirements value="Needed for partitioning the resource."/><min value="0"/><max value="1"/><type><code value="Reference"/><profile value="http://hl7.org/fhir/StructureDefinition/Practitioner"/><profile value="http://hl7.org/fhir/StructureDefinition/Patient"/><profile value="http://hl7.org/fhir/StructureDefinition/RelatedPerson"/></type><maxLength value="0"/><mustSupport value="false"/><isModifier value="false"/><isSummary value="true"/><mapping><identity value="rim"/><map value="./participation[typeCode=&#39;SUB&#39;] (possibly through a ControlAct and Role)"/></mapping><mapping><identity value="w5"/><map value="who.author"/></mapping></element><element id="Basic.created"><path value="Basic.created"/><name value="Basic.created"/><short value="When created"/><definition value="Identifies when the resource was first created."/><requirements value="Allows ordering resource instances by time."/><min value="0"/><max value="1"/><type><code value="date"/></type><maxLength value="0"/><mustSupport value="false"/><isModifier value="false"/><isSummary value="true"/><mapping><identity value="rim"/><map value="./participation[typeCode=&#39;AUT&#39;]/time (possibly through a ControlAct and Role)"/></mapping><mapping><identity value="w5"/><map value="when.recorded"/></mapping></element></snapshot><differential><element id="Basic"><path value="Basic"/><name value="Basic"/><short value="obf-ResearchSubject"/><definition value="Record of a subject&#39;s enrollment and participation in a research study."/><min value="0"/><type><code value="Basic"/></type><maxLength value="0"/><mustSupport value="false"/><isModifier value="false"/><isSummary value="true"/></element><element id="Basic.meta"><path value="Basic.meta"/><name value="Basic.meta"/><min value="0"/><maxLength value="0"/><mustSupport value="false"/><isModifier value="false"/><isSummary value="false"/></element><element id="Basic.meta.extension"><path value="Basic.meta.extension"/><name value="Basic.meta.extension"/><slicing id="1"><discriminator value="url"/><ordered value="false"/><rules value="open"/></slicing><min value="0"/><maxLength value="0"/><mustSupport value="false"/><isModifier value="false"/><isSummary value="false"/></element><element id="sourcesystem"><path value="Basic.meta.extension"/><name value="sourcesystem"/><definition value="FHIR: This provides a minimal amount of Provenance information that can be used to track or differentiate the source of information in the resource. The source may identify another FHIR server, document, message, database, etc.&#xA;FHIM: Identifies the computer system that created the medical record. This optional field may also be used to indicate that the medical record was originally created by a different organization from the one that is currently storing or utilizing the record in that the assigning authority of the Id could be set to that originating organization. This property is optional, as some systems will assume that all records that it contains originated in that system, however it is anticipated that it will become increasingly commonplace for records from multiple systems and organizations will be comingled in order to provide a complete picture of the patient&#39;s health record."/><min value="0"/><max value="1"/><base><path value="Basic.meta.extension"/><min value="0"/><max value="*"/></base><type><code value="Extension"/><profile value="http://mcodeinitiative.org/us/mcode/StructureDefinition/obf-SourceSystem-extension"/></type><maxLength value="0"/><mustSupport value="false"/><isModifier value="false"/><isSummary value="false"/></element><element id="Basic.extension"><path value="Basic.extension"/><name value="Basic.extension"/><slicing id="2"><discriminator value="url"/><ordered value="false"/><rules value="open"/></slicing><min value="4"/><max value="*"/><maxLength value="0"/><mustSupport value="false"/><isModifier value="false"/><isSummary value="false"/></element><element id="status"><path value="Basic.extension"/><name value="status"/><definition value="A state that relates to the workflow or interpretation of this resource. Certain status values can modify the meaning of the resource, for example, entered-in-error. When a boolean value is used, Status of true indicates the record is active, false means inactive."/><min value="1"/><max value="1"/><base><path value="Basic.extension"/><min value="0"/><max value="*"/></base><type><code value="Extension"/><profile value="http://mcodeinitiative.org/us/mcode/StructureDefinition/obf-Status-extension"/></type><maxLength value="0"/><mustSupport value="false"/><isModifier value="false"/><isSummary value="false"/></element><element id="Basic.extension-status.valueCodeableConcept"><path value="Basic.extension.valueCodeableConcept"/><name value="Basic.extension-status.valueCodeableConcept"/><min value="0"/><maxLength value="0"/><mustSupport value="false"/><isModifier value="false"/><isSummary value="false"/><binding><strength value="required"/><valueSetReference><reference value="http://hl7.org/fhir/ValueSet/research-subject-status"/></valueSetReference></binding></element><element id="identifier"><path value="Basic.extension"/><name value="identifier"/><definition value="Business identifier or external id for this resource."/><min value="0"/><max value="1"/><base><path value="Basic.extension"/><min value="0"/><max value="*"/></base><type><code value="Extension"/><profile value="http://mcodeinitiative.org/us/mcode/StructureDefinition/obf-datatype-Identifier-extension"/></type><maxLength value="0"/><mustSupport value="false"/><isModifier value="false"/><isSummary value="false"/></element><element id="participationperiod"><path value="Basic.extension"/><name value="participationperiod"/><definition value="The point in time or span of time the participant is involved."/><min value="1"/><max value="1"/><base><path value="Basic.extension"/><min value="0"/><max value="*"/></base><type><code value="Extension"/><profile value="http://mcodeinitiative.org/us/mcode/StructureDefinition/obf-ParticipationPeriod-extension"/></type><maxLength value="0"/><mustSupport value="false"/><isModifier value="false"/><isSummary value="false"/></element><element id="researchstudy"><path value="Basic.extension"/><name value="researchstudy"/><definition value="A clinical trial or similar research study. Reference: list of FDA data elements describing a research study: prsinfo.clinicaltrials.gov/definitions.html"/><min value="1"/><max value="1"/><base><path value="Basic.extension"/><min value="0"/><max value="*"/></base><type><code value="Extension"/><profile value="http://mcodeinitiative.org/us/mcode/StructureDefinition/obf-ResearchStudy-extension"/></type><maxLength value="0"/><mustSupport value="false"/><isModifier value="false"/><isSummary value="false"/></element><element id="patient"><path value="Basic.extension"/><name value="patient"/><definition value="A person in the role of a patient. Sometimes, the patient is not the subject of information in a clinical statement where the Patient is the SubjectOfRecord.&#xA;&#xA;Compatibility: Lies at the intersection of Argonaut and US Core Patient. MaritalStatus has a required binding in Argonaut, but an extensible binding in US-Core. To be feasible under both DSTU2 Argonaut and STU3 US-Core, the required binding strength is adopted."/><min value="1"/><max value="1"/><base><path value="Basic.extension"/><min value="0"/><max value="*"/></base><type><code value="Extension"/><profile value="http://mcodeinitiative.org/us/mcode/StructureDefinition/obf-Patient-extension"/></type><maxLength value="0"/><mustSupport value="false"/><isModifier value="false"/><isSummary value="false"/></element><element id="assignedarm"><path value="Basic.extension"/><name value="assignedarm"/><definition value="The name of the arm in the study the subject is expected to follow as part of this study."/><min value="0"/><max value="1"/><base><path value="Basic.extension"/><min value="0"/><max value="*"/></base><type><code value="Extension"/><profile value="http://mcodeinitiative.org/us/mcode/StructureDefinition/obf-AssignedArm-extension"/></type><maxLength value="0"/><mustSupport value="false"/><isModifier value="false"/><isSummary value="false"/></element><element id="actualarm"><path value="Basic.extension"/><name value="actualarm"/><definition value="The name of the arm in the study the subject actually followed as part of this study."/><min value="0"/><max value="1"/><base><path value="Basic.extension"/><min value="0"/><max value="*"/></base><type><code value="Extension"/><profile value="http://mcodeinitiative.org/us/mcode/StructureDefinition/obf-ActualArm-extension"/></type><maxLength value="0"/><mustSupport value="false"/><isModifier value="false"/><isSummary value="false"/></element><element id="terminationreason"><path value="Basic.extension"/><name value="terminationreason"/><definition value="A code explaining unplanned or premature termination of a plan of treatment, course of medication, or research study."/><min value="0"/><max value="1"/><base><path value="Basic.extension"/><min value="0"/><max value="*"/></base><type><code value="Extension"/><profile value="http://mcodeinitiative.org/us/mcode/StructureDefinition/obf-TerminationReason-extension"/></type><maxLength value="0"/><mustSupport value="false"/><isModifier value="false"/><isSummary value="false"/></element><element id="Basic.extension-terminationreason.valueCodeableConcept"><path value="Basic.extension.valueCodeableConcept"/><name value="Basic.extension-terminationreason.valueCodeableConcept"/><min value="0"/><maxLength value="0"/><mustSupport value="false"/><isModifier value="false"/><isSummary value="false"/><binding><strength value="required"/><valueSetReference><reference value="http://mcodeinitiative.org/us/mcode/ValueSet/obf-ResearchSubjectTerminationReasonVS"/></valueSetReference></binding></element><element id="Basic.code"><path value="Basic.code"/><name value="Basic.code"/><min value="0"/><patternCodeableConcept><coding><system value="http://mcodeinitiative.org/us/mcode/CodeSystem/mcode-basic-resource-type"/><code value="obf-ResearchSubject"/><userSelected value="false"/></coding></patternCodeableConcept><maxLength value="0"/><mustSupport value="false"/><isModifier value="false"/><isSummary value="false"/></element></differential></StructureDefinition>