<?xml version="1.0" encoding="UTF-8"?><StructureDefinition xmlns="http://hl7.org/fhir"><id value="obf-Participation-extension"/><text><status value="generated"/><div xmlns="http://www.w3.org/1999/xhtml">
  <p><b>Participation Extension</b></p>
  <p>Record of someone or something involvement in an activity or event.</p>
</div></text><url value="http://mcodeinitiative.org/us/mcode/StructureDefinition/obf-Participation-extension"/><version value="0.9.1"/><name value="Participation"/><display value="obf-Participation"/><status value="draft"/><publisher value="The MITRE Corporation"/><contact><telecom><system value="other"/><value value="http://standardhealthrecord.org"/><rank value="0"/></telecom></contact><date value="2019-10-23T00:00:00-04:00"/><description value="Record of someone or something involvement in an activity or event."/><fhirVersion value="1.0.2"/><kind value="datatype"/><constrainedType value="Extension"/><abstract value="false"/><contextType value="resource"/><context value="*"/><base value="http://hl7.org/fhir/StructureDefinition/Extension"/><snapshot><element id="Extension"><path value="Extension"/><name value="Extension"/><short value="Participation"/><definition value="Record of someone or something involvement in an activity or event."/><min value="0"/><max value="*"/><base><path value="Extension"/><min value="0"/><max value="*"/></base><type><code value="Extension"/></type><maxLength value="0"/><mustSupport value="false"/><isModifier value="false"/><isSummary value="false"/><mapping><identity value="rim"/><map value="N/A"/></mapping></element><element id="Extension.id"><path value="Extension.id"/><representation value="xmlAttr"/><name value="Extension.id"/><short value="xml:id (or equivalent in JSON)"/><definition value="unique id for the element within a resource (for internal references)."/><min value="0"/><max value="1"/><base><path value="Element.id"/><min value="0"/><max value="1"/></base><type><code value="id"/></type><maxLength value="0"/><mustSupport value="false"/><isModifier value="false"/><isSummary value="false"/><mapping><identity value="rim"/><map value="n/a"/></mapping></element><element id="Extension.extension"><path value="Extension.extension"/><name value="Extension.extension"/><slicing><discriminator value="url"/><description value="Extensions are always sliced by (at least) url"/><ordered value="false"/><rules value="open"/></slicing><short value="Additional Content defined by implementations"/><definition value="May be used to represent additional information that is not part of the basic definition of the element. In order to make the use of extensions safe and manageable, there is a strict set of governance  applied to the definition and use of extensions. Though any implementer is allowed to define an extension, there is a set of requirements that SHALL be met as part of the definition of the extension."/><comments value="There can be no stigma associated with the use of extensions by any application, project, or standard - regardless of the institution or jurisdiction that uses or defines the extensions.  The use of extensions is what allows the FHIR specification to retain a core level of simplicity for everyone."/><alias value="extensions"/><alias value="user content"/><min value="0"/><max value="*"/><base><path value="Element.extension"/><min value="0"/><max value="*"/></base><type><code value="Extension"/></type><maxLength value="0"/><mustSupport value="false"/><isModifier value="false"/><isSummary value="false"/><mapping><identity value="rim"/><map value="n/a"/></mapping></element><element id="participant"><path value="Extension.extension"/><name value="participant"/><definition value="An entity (usually a Practitioner, Patient, or Organization but potentially a device or other entity) that participates in a healthcare task or activity. The participant is not necessarily the performer, and the role (ParticipationType), the ParticipationPeriod, and other details of the participation are by the Participation structure."/><min value="0"/><max value="1"/><base><path value="Element.extension"/><min value="0"/><max value="*"/></base><type><code value="Extension"/><profile value="http://mcodeinitiative.org/us/mcode/StructureDefinition/obf-Participant-extension"/></type><maxLength value="0"/><mustSupport value="false"/><isModifier value="false"/><isSummary value="false"/><mapping><identity value="rim"/><map value="n/a"/></mapping></element><element id="participationtype"><path value="Extension.extension"/><name value="participationtype"/><definition value="The role played by the participant engaged in the action, for example, as the attending physician, surgical assistant, etc."/><min value="0"/><max value="1"/><base><path value="Element.extension"/><min value="0"/><max value="*"/></base><type><code value="Extension"/><profile value="http://mcodeinitiative.org/us/mcode/StructureDefinition/obf-ParticipationType-extension"/></type><maxLength value="0"/><mustSupport value="false"/><isModifier value="false"/><isSummary value="false"/><mapping><identity value="rim"/><map value="n/a"/></mapping></element><element id="participationperiod"><path value="Extension.extension"/><name value="participationperiod"/><definition value="The point in time or span of time the participant is involved."/><min value="0"/><max value="1"/><base><path value="Element.extension"/><min value="0"/><max value="*"/></base><type><code value="Extension"/><profile value="http://mcodeinitiative.org/us/mcode/StructureDefinition/obf-ParticipationPeriod-extension"/></type><maxLength value="0"/><mustSupport value="false"/><isModifier value="false"/><isSummary value="false"/><mapping><identity value="rim"/><map value="n/a"/></mapping></element><element id="onbehalfof"><path value="Extension.extension"/><name value="onbehalfof"/><definition value="The party represented by the actual participant."/><min value="0"/><max value="1"/><base><path value="Element.extension"/><min value="0"/><max value="*"/></base><type><code value="Extension"/><profile value="http://mcodeinitiative.org/us/mcode/StructureDefinition/obf-OnBehalfOf-extension"/></type><maxLength value="0"/><mustSupport value="false"/><isModifier value="false"/><isSummary value="false"/><mapping><identity value="rim"/><map value="n/a"/></mapping></element><element id="Extension.url"><path value="Extension.url"/><representation value="xmlAttr"/><name value="Extension.url"/><short value="identifies the meaning of the extension"/><definition value="Source of the definition for the extension code - a logical name or a URL."/><comments value="The definition may point directly to a computable or human-readable definition of the extensibility codes, or it may be a logical URI as declared in some other specification. The definition should be version specific.  This will ideally be the URI for the Resource Profile defining the extension, with the code for the extension after a #."/><min value="1"/><max value="1"/><base><path value="Extension.url"/><min value="1"/><max value="1"/></base><type><code value="uri"/></type><fixedUri value="http://mcodeinitiative.org/us/mcode/StructureDefinition/obf-Participation-extension"/><maxLength value="0"/><mustSupport value="false"/><isModifier value="false"/><isSummary value="false"/><mapping><identity value="rim"/><map value="N/A"/></mapping></element><element id="Extension.valuex"><path value="Extension.value[x]"/><name value="Extension.valuex"/><short value="Value of extension"/><definition value="Value of extension - may be a resource or one of a constrained set of the data types (see Extensibility in the spec for list)."/><min value="0"/><max value="0"/><base><path value="Extension.value[x]"/><min value="0"/><max value="1"/></base><type><code value="boolean"/></type><type><code value="integer"/></type><type><code value="decimal"/></type><type><code value="base64Binary"/></type><type><code value="instant"/></type><type><code value="string"/></type><type><code value="uri"/></type><type><code value="date"/></type><type><code value="dateTime"/></type><type><code value="time"/></type><type><code value="code"/></type><type><code value="oid"/></type><type><code value="id"/></type><type><code value="unsignedInt"/></type><type><code value="positiveInt"/></type><type><code value="markdown"/></type><type><code value="Annotation"/></type><type><code value="Attachment"/></type><type><code value="Identifier"/></type><type><code value="CodeableConcept"/></type><type><code value="Coding"/></type><type><code value="Quantity"/></type><type><code value="Range"/></type><type><code value="Period"/></type><type><code value="Ratio"/></type><type><code value="SampledData"/></type><type><code value="Signature"/></type><type><code value="HumanName"/></type><type><code value="Address"/></type><type><code value="ContactPoint"/></type><type><code value="Timing"/></type><type><code value="Reference"/></type><type><code value="Meta"/></type><maxLength value="0"/><mustSupport value="false"/><isModifier value="false"/><isSummary value="false"/><mapping><identity value="rim"/><map value="N/A"/></mapping></element></snapshot><differential><element id="Extension"><path value="Extension"/><name value="Extension"/><short value="Participation"/><definition value="Record of someone or something involvement in an activity or event."/><min value="0"/><max value="*"/><type><code value="Extension"/></type><maxLength value="0"/><mustSupport value="false"/><isModifier value="false"/><isSummary value="false"/></element><element id="Extension.extension"><path value="Extension.extension"/><name value="Extension.extension"/><slicing><discriminator value="url"/><description value="Extensions are always sliced by (at least) url"/><ordered value="false"/><rules value="open"/></slicing><min value="0"/><maxLength value="0"/><mustSupport value="false"/><isModifier value="false"/><isSummary value="false"/></element><element id="participant"><path value="Extension.extension"/><name value="participant"/><definition value="An entity (usually a Practitioner, Patient, or Organization but potentially a device or other entity) that participates in a healthcare task or activity. The participant is not necessarily the performer, and the role (ParticipationType), the ParticipationPeriod, and other details of the participation are by the Participation structure."/><min value="0"/><max value="1"/><base><path value="Element.extension"/><min value="0"/><max value="*"/></base><type><code value="Extension"/><profile value="http://mcodeinitiative.org/us/mcode/StructureDefinition/obf-Participant-extension"/></type><maxLength value="0"/><mustSupport value="false"/><isModifier value="false"/><isSummary value="false"/><mapping><identity value="rim"/><map value="n/a"/></mapping></element><element id="participationtype"><path value="Extension.extension"/><name value="participationtype"/><definition value="The role played by the participant engaged in the action, for example, as the attending physician, surgical assistant, etc."/><min value="0"/><max value="1"/><base><path value="Element.extension"/><min value="0"/><max value="*"/></base><type><code value="Extension"/><profile value="http://mcodeinitiative.org/us/mcode/StructureDefinition/obf-ParticipationType-extension"/></type><maxLength value="0"/><mustSupport value="false"/><isModifier value="false"/><isSummary value="false"/><mapping><identity value="rim"/><map value="n/a"/></mapping></element><element id="participationperiod"><path value="Extension.extension"/><name value="participationperiod"/><definition value="The point in time or span of time the participant is involved."/><min value="0"/><max value="1"/><base><path value="Element.extension"/><min value="0"/><max value="*"/></base><type><code value="Extension"/><profile value="http://mcodeinitiative.org/us/mcode/StructureDefinition/obf-ParticipationPeriod-extension"/></type><maxLength value="0"/><mustSupport value="false"/><isModifier value="false"/><isSummary value="false"/><mapping><identity value="rim"/><map value="n/a"/></mapping></element><element id="onbehalfof"><path value="Extension.extension"/><name value="onbehalfof"/><definition value="The party represented by the actual participant."/><min value="0"/><max value="1"/><base><path value="Element.extension"/><min value="0"/><max value="*"/></base><type><code value="Extension"/><profile value="http://mcodeinitiative.org/us/mcode/StructureDefinition/obf-OnBehalfOf-extension"/></type><maxLength value="0"/><mustSupport value="false"/><isModifier value="false"/><isSummary value="false"/><mapping><identity value="rim"/><map value="n/a"/></mapping></element><element id="Extension.url"><path value="Extension.url"/><name value="Extension.url"/><min value="0"/><fixedUri value="http://mcodeinitiative.org/us/mcode/StructureDefinition/obf-Participation-extension"/><maxLength value="0"/><mustSupport value="false"/><isModifier value="false"/><isSummary value="false"/></element><element id="Extension.valuex"><path value="Extension.value[x]"/><name value="Extension.valuex"/><min value="0"/><max value="0"/><maxLength value="0"/><mustSupport value="false"/><isModifier value="false"/><isSummary value="false"/></element></differential></StructureDefinition>