<?xml version="1.0" encoding="UTF-8"?><StructureDefinition xmlns="http://hl7.org/fhir"><id value="onco-core-SecondaryCancerCondition"/><text><status value="generated"/><div xmlns="http://www.w3.org/1999/xhtml">
  <p><b>SecondaryCancerCondition Profile</b></p>
  <p>Records the history of secondary neoplasms, including location(s) and the date of onset of metastases. A secondary cancer results from the spread (metastasization) of cancer from its original site (reference: https://www.cancer.gov/publications/dictionaries/cancer-terms/def/secondary-tumor).

Conformance note: For the code attribute, to be compliant with [US Core Profiles](http://hl7.org/fhir/us/core/STU3/index.html), SNOMED CT must be used unless there is no suitable code, in which case ICD-10-CM can be used.</p>
  <p><b>Mapping Summary</b></p>
  <p><pre>onco.core.SecondaryCancerCondition maps to http://fhir.org/guides/argonaut/StructureDefinition/argo-condition:
  Language maps to language
  ImplicitRules maps to implicitRules
  Metadata.VersionId maps to meta.versionId
  Metadata.SourceSystem maps to meta.extension
  Metadata.Profile maps to meta.profile
  Metadata.LastUpdated maps to meta.lastUpdated
  Metadata.SecurityLabel maps to meta.security
  Metadata.Tag maps to meta.tag
  Narrative maps to text
  Identifier maps to identifier
  SubjectOfRecord maps to patient
  CareContext maps to encounter
  PractitionerInformationSource maps to asserter
  Author maps to extension
  StatementDateTime maps to dateRecorded
  Code maps to code
  Category maps to category
  ClinicalStatus maps to clinicalStatus
  Status maps to verificationStatus
  Severity maps to severity
  Onset maps to onset[x]
  Abatement maps to abatement[x]
  StageInformation maps to stage
  StageInformation.StageSummary maps to stage.summary
  StageInformation.StageDetail maps to stage.assessment
  StageInformation.Type maps to stage.extension
  Evidence.Manifestation maps to evidence.code
  Evidence.Resource maps to evidence.detail
  BodyLocation.Code maps to bodySite
  BodyLocation.Laterality maps to bodySite.extension
  BodyLocation.AnatomicalOrientation maps to bodySite.extension
  BodyLocation.RelationToLandmark maps to bodySite.extension
  Annotation maps to extension
  DateOfDiagnosis maps to extension
</pre></p>
</div></text><url value="http://mcodeinitiative.org/us/mcode/StructureDefinition/onco-core-SecondaryCancerCondition"/><version value="0.9.1"/><name value="SecondaryCancerCondition"/><display value="onco-core-SecondaryCancerCondition"/><status value="draft"/><publisher value="The MITRE Corporation"/><contact><telecom><system value="other"/><value value="http://standardhealthrecord.org"/><rank value="0"/></telecom></contact><date value="2019-10-23T00:00:00-04:00"/><description value="Records the history of secondary neoplasms, including location(s) and the date of onset of metastases. A secondary cancer results from the spread (metastasization) of cancer from its original site (reference: https://www.cancer.gov/publications/dictionaries/cancer-terms/def/secondary-tumor).&#xA;&#xA;Conformance note: For the code attribute, to be compliant with [US Core Profiles](http://hl7.org/fhir/us/core/STU3/index.html), SNOMED CT must be used unless there is no suitable code, in which case ICD-10-CM can be used."/><fhirVersion value="1.0.2"/><mapping><identity value="us-core-stu3"/><uri value="http://unknown.org/US%20Core%20(STU3)"/><name value="US Core (STU3)"/></mapping><mapping><identity value="v2"/><uri value="http://hl7.org/v2"/><name value="HL7 v2"/></mapping><mapping><identity value="rim"/><uri value="http://hl7.org/v3"/><name value="RIM"/></mapping><mapping><identity value="w5"/><uri value="http://hl7.org/fhir/w5"/><name value="W5 Mapping"/></mapping><kind value="resource"/><constrainedType value="Condition"/><abstract value="false"/><base value="http://fhir.org/guides/argonaut/StructureDefinition/argo-condition"/><snapshot><element id="Condition-argoprofile"><path value="Condition"/><name value="Condition-argoprofile"/><short value="onco-core-SecondaryCancerCondition"/><definition value="Records the history of secondary neoplasms, including location(s) and the date of onset of metastases. A secondary cancer results from the spread (metastasization) of cancer from its original site (reference: https://www.cancer.gov/publications/dictionaries/cancer-terms/def/secondary-tumor).&#xA;&#xA;Conformance note: For the code attribute, to be compliant with [US Core Profiles](http://hl7.org/fhir/us/core/STU3/index.html), SNOMED CT must be used unless there is no suitable code, in which case ICD-10-CM can be used."/><min value="0"/><max value="*"/><base><path value="Condition"/><min value="0"/><max value="*"/></base><type><code value="argo-condition"/></type><maxLength value="0"/><constraint><extension url="http://hl7.org/fhir/StructureDefinition/structuredefinition-expression"><valueString value="clinicalStatus.exists() = (verificationStatus != &#39;entered-in-error&#39;)"/></extension><key value="arg-1"/><severity value="error"/><human value="Condition.clinicalStatus SHALL be present if verificationStatus is not entered-in-error. Condition.clinicalStatus SHALL NOT be present if verification Status is entered-in-error"/><xpath value="exists(f:clinicalStatus)=(f:verificationStatus/@value!=&#39;entered-in-error&#39;)"/></constraint><mustSupport value="false"/><isModifier value="false"/><isSummary value="false"/><mapping><identity value="v2"/><map value="PPR message"/></mapping><mapping><identity value="rim"/><map value="Observation[classCode=OBS, moodCode=EVN, code=ASSERTION, value&lt;Diagnosis]"/></mapping><mapping><identity value="w5"/><map value="clinical.general"/></mapping><mapping><identity value="us-core-stu3"/><map value="Condition"/></mapping></element><element id="Condition-argoprofile.id"><path value="Condition.id"/><name value="Condition-argoprofile.id"/><short value="Logical id of this artifact"/><definition value="The logical id of the resource, as used in the URL for the resource. Once assigned, this value never changes."/><comments value="The only time that a resource does not have an id is when it is being submitted to the server using a create operation. Bundles always have an id, though it is usually a generated UUID."/><min value="0"/><max value="1"/><base><path value="Condition.id"/><min value="0"/><max value="1"/></base><type><code value="id"/></type><maxLength value="0"/><mustSupport value="false"/><isModifier value="false"/><isSummary value="true"/></element><element id="Condition-argoprofile.meta"><path value="Condition.meta"/><name value="Condition-argoprofile.meta"/><short value="Metadata about the resource"/><definition value="The metadata about the resource. This is content that is maintained by the infrastructure. Changes to the content may not always be associated with version changes to the resource."/><min value="0"/><max value="1"/><base><path value="Condition.meta"/><min value="0"/><max value="1"/></base><type><code value="Meta"/></type><maxLength value="0"/><mustSupport value="false"/><isModifier value="false"/><isSummary value="true"/></element><element id="Condition-argoprofile.meta.id"><path value="Condition.meta.id"/><representation value="xmlAttr"/><name value="Condition-argoprofile.meta.id"/><short value="xml:id (or equivalent in JSON)"/><definition value="unique id for the element within a resource (for internal references)."/><min value="0"/><max value="1"/><type><code value="id"/></type><maxLength value="0"/><mustSupport value="false"/><isModifier value="false"/><isSummary value="false"/><mapping><identity value="rim"/><map value="n/a"/></mapping></element><element id="Condition-argoprofile.meta.extension"><path value="Condition.meta.extension"/><name value="Condition-argoprofile.meta.extension"/><slicing id="4"><discriminator value="url"/><ordered value="false"/><rules value="open"/></slicing><short value="Additional Content defined by implementations"/><definition value="May be used to represent additional information that is not part of the basic definition of the element. In order to make the use of extensions safe and manageable, there is a strict set of governance  applied to the definition and use of extensions. Though any implementer is allowed to define an extension, there is a set of requirements that SHALL be met as part of the definition of the extension."/><comments value="There can be no stigma associated with the use of extensions by any application, project, or standard - regardless of the institution or jurisdiction that uses or defines the extensions.  The use of extensions is what allows the FHIR specification to retain a core level of simplicity for everyone."/><alias value="extensions"/><alias value="user content"/><min value="0"/><max value="*"/><type><code value="Extension"/></type><maxLength value="0"/><mustSupport value="false"/><isModifier value="false"/><isSummary value="false"/><mapping><identity value="rim"/><map value="n/a"/></mapping></element><element id="sourcesystem"><path value="Condition.meta.extension"/><name value="sourcesystem"/><definition value="FHIR: This provides a minimal amount of Provenance information that can be used to track or differentiate the source of information in the resource. The source may identify another FHIR server, document, message, database, etc.&#xA;FHIM: Identifies the computer system that created the medical record. This optional field may also be used to indicate that the medical record was originally created by a different organization from the one that is currently storing or utilizing the record in that the assigning authority of the Id could be set to that originating organization. This property is optional, as some systems will assume that all records that it contains originated in that system, however it is anticipated that it will become increasingly commonplace for records from multiple systems and organizations will be comingled in order to provide a complete picture of the patient&#39;s health record."/><min value="0"/><max value="1"/><base><path value="Condition.meta.extension"/><min value="0"/><max value="*"/></base><type><code value="Extension"/><profile value="http://mcodeinitiative.org/us/mcode/StructureDefinition/obf-SourceSystem-extension"/></type><maxLength value="0"/><mustSupport value="false"/><isModifier value="false"/><isSummary value="false"/></element><element id="Condition-argoprofile.meta.versionId"><path value="Condition.meta.versionId"/><name value="Condition-argoprofile.meta.versionId"/><short value="Version specific identifier"/><definition value="The version specific identifier, as it appears in the version portion of the URL. This values changes when the resource is created, updated, or deleted."/><comments value="The server assigns this value, and ignores what the client specifies, except in the case that the server is imposing version integrity on updates/deletes."/><min value="0"/><max value="1"/><type><code value="id"/></type><maxLength value="0"/><mustSupport value="false"/><isModifier value="false"/><isSummary value="true"/></element><element id="Condition-argoprofile.meta.lastUpdated"><path value="Condition.meta.lastUpdated"/><name value="Condition-argoprofile.meta.lastUpdated"/><short value="When the resource version last changed"/><definition value="When the resource last changed - e.g. when the version changed."/><comments value="This value is always populated except when the resource is first being created. The server / resource manager sets this value; what a client provides is irrelevant."/><min value="0"/><max value="1"/><type><code value="instant"/></type><maxLength value="0"/><mustSupport value="false"/><isModifier value="false"/><isSummary value="true"/></element><element id="Condition-argoprofile.meta.profile"><path value="Condition.meta.profile"/><name value="Condition-argoprofile.meta.profile"/><short value="Profiles this resource claims to conform to"/><definition value="A list of profiles [[[StructureDefinition]]]s that this resource claims to conform to. The URL is a reference to [[[StructureDefinition.url]]]."/><comments value="It is up to the server and/or other infrastructure of policy to determine whether/how these claims are verified and/or updated over time.  The list of profile URLs is a set."/><min value="0"/><max value="*"/><type><code value="uri"/></type><maxLength value="0"/><mustSupport value="false"/><isModifier value="false"/><isSummary value="true"/></element><element id="Condition-argoprofile.meta.security"><path value="Condition.meta.security"/><name value="Condition-argoprofile.meta.security"/><short value="Security Labels applied to this resource"/><definition value="Security labels applied to this resource. These tags connect specific resources to the overall security policy and infrastructure."/><comments value="The security labels can be updated without changing the stated version of the resource  The list of security labels is a set. Uniqueness is based the system/code, and version and display are ignored."/><min value="0"/><max value="*"/><type><code value="Coding"/></type><maxLength value="0"/><mustSupport value="false"/><isModifier value="false"/><isSummary value="true"/><binding><strength value="extensible"/><description value="Security Labels from the Healthcare Privacy and Security Classification System."/><valueSetReference><reference value="http://hl7.org/fhir/ValueSet/security-labels"/></valueSetReference></binding></element><element id="Condition-argoprofile.meta.tag"><path value="Condition.meta.tag"/><name value="Condition-argoprofile.meta.tag"/><short value="Tags applied to this resource"/><definition value="Tags applied to this resource. Tags are intended to be used to identify and relate resources to process and workflow, and applications are not required to consider the tags when interpreting the meaning of a resource."/><comments value="The tags can be updated without changing the stated version of the resource.  The list of tags is a set. Uniqueness is based the system/code, and version and display are ignored."/><min value="0"/><max value="*"/><type><code value="Coding"/></type><maxLength value="0"/><mustSupport value="false"/><isModifier value="false"/><isSummary value="true"/><binding><strength value="example"/><description value="Codes that represent various types of tags, commonly workflow-related; e.g. &quot;Needs review by Dr. Jones&quot;"/></binding></element><element id="Condition-argoprofile.implicitRules"><path value="Condition.implicitRules"/><name value="Condition-argoprofile.implicitRules"/><short value="A set of rules under which this content was created"/><definition value="A reference to a set of rules that were followed when the resource was constructed, and which must be understood when processing the content."/><comments value="Asserting this rule set restricts the content to be only understood by a limited set of trading partners. This inherently limits the usefulness of the data in the long term. However, the existing health eco-system is highly fractured, and not yet ready to define, collect, and exchange data in a generally computable sense. Wherever possible, implementers and/or specification writers should avoid using this element as much as possible."/><min value="0"/><max value="1"/><base><path value="Condition.implicitRules"/><min value="0"/><max value="1"/></base><type><code value="uri"/></type><maxLength value="0"/><mustSupport value="false"/><isModifier value="true"/><isSummary value="true"/></element><element id="Condition-argoprofile.language"><path value="Condition.language"/><name value="Condition-argoprofile.language"/><short value="Language of the resource content"/><definition value="The base language in which the resource is written."/><comments value="Language is provided to support indexing and accessibility (typically, services such as text to speech use the language tag). The html language tag in the narrative applies  to the narrative. The language tag on the resource may be used to specify the language of other presentations generated from the data in the resource  Not all the content has to be in the base language. The Resource.language should not be assumed to apply to the narrative automatically. If a language is specified, it should it also be specified on the div element in the html (see rules in HTML5 for information about the relationship between xml:lang and the html lang attribute)."/><min value="0"/><max value="1"/><base><path value="Condition.language"/><min value="0"/><max value="1"/></base><type><code value="code"/></type><maxLength value="0"/><mustSupport value="false"/><isModifier value="false"/><isSummary value="false"/><binding><strength value="required"/><description value="A human language."/><valueSetReference><reference value="http://tools.ietf.org/html/bcp47"/></valueSetReference></binding></element><element id="Condition-argoprofile.text"><path value="Condition.text"/><name value="Condition-argoprofile.text"/><short value="Text summary of the resource, for human interpretation"/><definition value="A human-readable narrative that contains a summary of the resource, and may be used to represent the content of the resource to a human. The narrative need not encode all the structured data, but is required to contain sufficient detail to make it &quot;clinically safe&quot; for a human to just read the narrative. Resource definitions may define what content should be represented in the narrative to ensure clinical safety."/><comments value="Contained resources do not have narrative. Resources that are not contained SHOULD have a narrative."/><alias value="narrative"/><alias value="html"/><alias value="xhtml"/><alias value="display"/><min value="0"/><max value="1"/><base><path value="Condition.text"/><min value="0"/><max value="1"/></base><type><code value="Narrative"/></type><maxLength value="0"/><condition value="dom-1"/><mustSupport value="false"/><isModifier value="false"/><isSummary value="false"/><mapping><identity value="rim"/><map value="Act.text?"/></mapping></element><element id="Condition-argoprofile.contained"><path value="Condition.contained"/><name value="Condition-argoprofile.contained"/><short value="Contained, inline Resources"/><definition value="These resources do not have an independent existence apart from the resource that contains them - they cannot be identified independently, and nor can they have their own independent transaction scope."/><comments value="This should never be done when the content can be identified properly, as once identification is lost, it is extremely difficult (and context dependent) to restore it again."/><alias value="inline resources"/><alias value="anonymous resources"/><alias value="contained resources"/><min value="0"/><max value="*"/><base><path value="Condition.contained"/><min value="0"/><max value="*"/></base><type><code value="Resource"/></type><maxLength value="0"/><mustSupport value="false"/><isModifier value="false"/><isSummary value="false"/><mapping><identity value="rim"/><map value="N/A"/></mapping></element><element id="Condition-argoprofile.extension"><path value="Condition.extension"/><name value="Condition-argoprofile.extension"/><slicing id="3"><discriminator value="url"/><ordered value="false"/><rules value="open"/></slicing><short value="Additional Content defined by implementations"/><definition value="May be used to represent additional information that is not part of the basic definition of the resource. In order to make the use of extensions safe and manageable, there is a strict set of governance  applied to the definition and use of extensions. Though any implementer is allowed to define an extension, there is a set of requirements that SHALL be met as part of the definition of the extension."/><comments value="There can be no stigma associated with the use of extensions by any application, project, or standard - regardless of the institution or jurisdiction that uses or defines the extensions.  The use of extensions is what allows the FHIR specification to retain a core level of simplicity for everyone."/><alias value="extensions"/><alias value="user content"/><min value="0"/><max value="*"/><base><path value="Condition.extension"/><min value="0"/><max value="*"/></base><type><code value="Extension"/></type><maxLength value="0"/><mustSupport value="false"/><isModifier value="false"/><isSummary value="false"/><mapping><identity value="rim"/><map value="N/A"/></mapping></element><element id="author"><path value="Condition.extension"/><name value="author"/><definition value="The actor who created the item and it responsible for the content (regardless of the information source or who recorded it). If only the author is given, it is assumed the author is the information source and the recorder."/><min value="0"/><max value="1"/><base><path value="Condition.extension"/><min value="0"/><max value="*"/></base><type><code value="Extension"/><profile value="http://mcodeinitiative.org/us/mcode/StructureDefinition/obf-Author-extension"/></type><maxLength value="0"/><mustSupport value="false"/><isModifier value="false"/><isSummary value="false"/></element><element id="annotation"><path value="Condition.extension"/><name value="annotation"/><definition value="An added or follow-up note, often after the fact, that contains metadata about who made the statement and when."/><min value="0"/><max value="*"/><base><path value="Condition.extension"/><min value="0"/><max value="*"/></base><type><code value="Extension"/><profile value="http://mcodeinitiative.org/us/mcode/StructureDefinition/obf-Annotation-extension"/></type><maxLength value="0"/><mustSupport value="false"/><isModifier value="false"/><isSummary value="false"/></element><element id="dateofdiagnosis"><path value="Condition.extension"/><name value="dateofdiagnosis"/><definition value="The date the disease was first clinically recognized with sufficient certainty, regardless of whether it was fully characterized at that time."/><min value="0"/><max value="1"/><base><path value="Condition.extension"/><min value="0"/><max value="*"/></base><type><code value="Extension"/><profile value="http://mcodeinitiative.org/us/mcode/StructureDefinition/obf-DateOfDiagnosis-extension"/></type><maxLength value="0"/><mustSupport value="true"/><isModifier value="false"/><isSummary value="false"/></element><element id="histologymorphologybehavior"><path value="Condition.extension"/><name value="histologymorphologybehavior"/><definition value="A description of the morphologic and behavioral characteristics of the cancer."/><min value="0"/><max value="1"/><base><path value="Condition.extension"/><min value="0"/><max value="*"/></base><type><code value="Extension"/><profile value="http://mcodeinitiative.org/us/mcode/StructureDefinition/onco-core-HistologyMorphologyBehavior-extension"/></type><maxLength value="0"/><mustSupport value="true"/><isModifier value="false"/><isSummary value="false"/></element><element id="primarycancercondition"><path value="Condition.extension"/><name value="primarycancercondition"/><definition value="Records the history of the primary cancer condition, the original or first tumor in the body (reference https://www.cancer.gov/publications/dictionaries/cancer-terms/def/primary-tumor). Cancers that are not clearly secondary (i.e., of uncertain origin or behavior) should be documented as primary.&#xA;&#xA;Cancer staging information summarized in this profile should reflect the most recent staging assessment on the patient, and should be updated if and when there is a new staging assessment. Past staging assessments will be preserved in instances of the TNMClinicalStageGroup and/or TNMPathologicalStageGroup, which refer back to PrimaryCancerCondition.&#xA;&#xA;Conformance note: For the code attribute, to be compliant with [US Core Profiles](http://hl7.org/fhir/us/core/STU3/index.html), SNOMED CT must be used unless there is no suitable code, in which case ICD-10-CM can be used."/><min value="0"/><max value="1"/><base><path value="Condition.extension"/><min value="0"/><max value="*"/></base><type><code value="Extension"/><profile value="http://mcodeinitiative.org/us/mcode/StructureDefinition/onco-core-PrimaryCancerCondition-extension"/></type><maxLength value="0"/><mustSupport value="false"/><isModifier value="false"/><isSummary value="false"/></element><element id="Condition-argoprofile.modifierExtension"><path value="Condition.modifierExtension"/><name value="Condition-argoprofile.modifierExtension"/><short value="Extensions that cannot be ignored"/><definition value="May be used to represent additional information that is not part of the basic definition of the resource, and that modifies the understanding of the element that contains it. Usually modifier elements provide negation or qualification. In order to make the use of extensions safe and manageable, there is a strict set of governance applied to the definition and use of extensions. Though any implementer is allowed to define an extension, there is a set of requirements that SHALL be met as part of the definition of the extension. Applications processing a resource are required to check for modifier extensions."/><comments value="There can be no stigma associated with the use of extensions by any application, project, or standard - regardless of the institution or jurisdiction that uses or defines the extensions.  The use of extensions is what allows the FHIR specification to retain a core level of simplicity for everyone."/><alias value="extensions"/><alias value="user content"/><min value="0"/><max value="*"/><base><path value="Condition.modifierExtension"/><min value="0"/><max value="*"/></base><type><code value="Extension"/></type><maxLength value="0"/><mustSupport value="false"/><isModifier value="true"/><isSummary value="false"/><mapping><identity value="rim"/><map value="N/A"/></mapping></element><element id="Condition-argoprofile.identifier"><path value="Condition.identifier"/><name value="Condition-argoprofile.identifier"/><short value="External Ids for this condition"/><definition value="This records identifiers associated with this condition that are defined by business processes and/or used to refer to it when a direct URL reference to the resource itself is not appropriate (e.g. in CDA documents, or in written / printed documentation)."/><requirements value="Need to allow connection to a wider workflow."/><min value="0"/><max value="*"/><base><path value="Condition.identifier"/><min value="0"/><max value="*"/></base><type><code value="Identifier"/></type><maxLength value="0"/><mustSupport value="false"/><isModifier value="false"/><isSummary value="true"/><mapping><identity value="rim"/><map value=".id"/></mapping><mapping><identity value="w5"/><map value="id"/></mapping></element><element id="Condition-argoprofile.patient"><path value="Condition.patient"/><name value="Condition-argoprofile.patient"/><short value="Who has the condition?"/><definition value="Indicates the patient who the condition record is associated with."/><min value="1"/><max value="1"/><base><path value="Condition.patient"/><min value="1"/><max value="1"/></base><type><code value="Reference"/><profile value="http://mcodeinitiative.org/us/mcode/StructureDefinition/obf-Patient"/></type><maxLength value="0"/><mustSupport value="true"/><isModifier value="false"/><isSummary value="false"/><mapping><identity value="v2"/><map value="PID-3"/></mapping><mapping><identity value="rim"/><map value=".participation[typeCode=SBJ].role[classCode=PAT]"/></mapping><mapping><identity value="w5"/><map value="who.focus"/></mapping><mapping><identity value="us-core-stu3"/><map value="Condition.patient"/></mapping></element><element id="Condition-argoprofile.encounter"><path value="Condition.encounter"/><name value="Condition-argoprofile.encounter"/><short value="Encounter when condition first asserted"/><definition value="Encounter during which the condition was first asserted."/><comments value="This record indicates the encounter this particular record is associated with.  In the case of a &quot;new&quot; diagnosis reflecting ongoing/revised information about the condition, this might be distinct from the first encounter in which the underlying condition was first &quot;known&quot;."/><min value="0"/><max value="1"/><base><path value="Condition.encounter"/><min value="0"/><max value="1"/></base><type><code value="Reference"/><profile value="http://hl7.org/fhir/StructureDefinition/Encounter"/></type><maxLength value="0"/><mustSupport value="false"/><isModifier value="false"/><isSummary value="true"/><mapping><identity value="v2"/><map value="PV1-19 (+PV1-54)"/></mapping><mapping><identity value="rim"/><map value=".inboundRelationship[typeCode=COMP].source[classCode=ENC, moodCode=EVN]"/></mapping><mapping><identity value="w5"/><map value="context"/></mapping></element><element id="Condition-argoprofile.asserter"><path value="Condition.asserter"/><name value="Condition-argoprofile.asserter"/><short value="The information comes from a practitioner who asserts the condition"/><definition value="The information comes from a practitioner who asserts the condition."/><min value="0"/><max value="1"/><base><path value="Condition.asserter"/><min value="0"/><max value="1"/></base><type><code value="Reference"/><profile value="http://hl7.org/fhir/StructureDefinition/Practitioner"/></type><maxLength value="0"/><mustSupport value="false"/><isModifier value="false"/><isSummary value="true"/><mapping><identity value="v2"/><map value="REL-7.1 identifier + REL-7.12 type code"/></mapping><mapping><identity value="rim"/><map value=".participation[typeCode=AUT].role"/></mapping><mapping><identity value="w5"/><map value="who.author"/></mapping></element><element id="Condition-argoprofile.dateRecorded"><path value="Condition.dateRecorded"/><name value="Condition-argoprofile.dateRecorded"/><short value="When first entered"/><definition value="A date, when  the Condition statement was documented."/><comments value="The Date Recorded represents the date when this particular Condition record was created in the EHR, not the date of the most recent update in terms of when severity, abatement, etc. were specified. &#xA0;The date of the last record modification can be retrieved from the resource metadata."/><min value="0"/><max value="1"/><base><path value="Condition.dateRecorded"/><min value="0"/><max value="1"/></base><type><code value="date"/></type><maxLength value="0"/><mustSupport value="false"/><isModifier value="false"/><isSummary value="true"/><mapping><identity value="v2"/><map value="REL-11"/></mapping><mapping><identity value="rim"/><map value=".participation[typeCode=AUT].time"/></mapping><mapping><identity value="w5"/><map value="when.recorded"/></mapping></element><element id="Condition-argoprofile.code"><path value="Condition.code"/><name value="Condition-argoprofile.code"/><short value="Identification of the condition, problem or diagnosis"/><definition value="Identification of the condition, problem or diagnosis."/><min value="1"/><max value="1"/><base><path value="Condition.code"/><min value="1"/><max value="1"/></base><type><code value="CodeableConcept"/></type><maxLength value="0"/><mustSupport value="true"/><isModifier value="false"/><isSummary value="false"/><binding><strength value="extensible"/><valueSetReference><reference value="http://mcodeinitiative.org/us/mcode/ValueSet/onco-core-SecondaryCancerDisorderVS"/></valueSetReference></binding><mapping><identity value="v2"/><map value="PRB-3"/></mapping><mapping><identity value="rim"/><map value=".value"/></mapping><mapping><identity value="w5"/><map value="what"/></mapping><mapping><identity value="us-core-stu3"/><map value="Condition.code"/></mapping></element><element id="Condition-argoprofile.category"><path value="Condition.category"/><name value="Condition-argoprofile.category"/><short value="complaint | symptom | finding | diagnosis"/><definition value="A category assigned to the condition."/><comments value="The categorization is often highly contextual and may appear poorly differentiated or not very useful in other contexts."/><min value="1"/><max value="1"/><base><path value="Condition.category"/><min value="0"/><max value="1"/></base><type><code value="CodeableConcept"/></type><maxLength value="0"/><mustSupport value="false"/><isModifier value="false"/><isSummary value="false"/><binding><strength value="preferred"/><description value="Extended category code valueset to support the intent of the separate concepts of problems and health concerns"/><valueSetReference><reference value="http://fhir.org/guides/argonaut/ValueSet/condition-category"/></valueSetReference></binding><mapping><identity value="v2"/><map value="&#39;problem&#39; if from PRB-3. &#39;diagnosis&#39; if from DG1 segment in PV1 message"/></mapping><mapping><identity value="rim"/><map value=".code"/></mapping><mapping><identity value="w5"/><map value="class"/></mapping><mapping><identity value="us-core-stu3"/><map value="Condition.category"/></mapping></element><element id="Condition-argoprofile.category.id"><path value="Condition.category.id"/><representation value="xmlAttr"/><name value="Condition-argoprofile.category.id"/><short value="xml:id (or equivalent in JSON)"/><definition value="unique id for the element within a resource (for internal references)."/><min value="0"/><max value="1"/><type><code value="id"/></type><maxLength value="0"/><mustSupport value="false"/><isModifier value="false"/><isSummary value="false"/><mapping><identity value="rim"/><map value="n/a"/></mapping></element><element id="Condition-argoprofile.category.extension"><path value="Condition.category.extension"/><name value="Condition-argoprofile.category.extension"/><short value="Additional Content defined by implementations"/><definition value="May be used to represent additional information that is not part of the basic definition of the element. In order to make the use of extensions safe and manageable, there is a strict set of governance  applied to the definition and use of extensions. Though any implementer is allowed to define an extension, there is a set of requirements that SHALL be met as part of the definition of the extension."/><comments value="There can be no stigma associated with the use of extensions by any application, project, or standard - regardless of the institution or jurisdiction that uses or defines the extensions.  The use of extensions is what allows the FHIR specification to retain a core level of simplicity for everyone."/><alias value="extensions"/><alias value="user content"/><min value="0"/><max value="*"/><type><code value="Extension"/></type><maxLength value="0"/><mustSupport value="false"/><isModifier value="false"/><isSummary value="false"/><mapping><identity value="rim"/><map value="n/a"/></mapping></element><element id="Condition-argoprofile.category.coding"><path value="Condition.category.coding"/><name value="Condition-argoprofile.category.coding"/><slicing id="2"><discriminator value="code"/><ordered value="false"/><rules value="open"/></slicing><short value="Code defined by a terminology system"/><definition value="A reference to a code defined by a terminology system."/><comments value="Codes may be defined very casually in enumerations, or code lists, up to very formal definitions such as SNOMED CT - see the HL7 v3 Core Principles for more information.  Ordering of codings is undefined and SHALL NOT be used to infer meaning. Generally, at most only one of the coding values will be labelled as UserSelected = true."/><requirements value="Allows for translations and alternate encodings within a code system.  Also supports communication of the same instance to systems requiring different encodings."/><min value="1"/><max value="*"/><type><code value="Coding"/></type><maxLength value="0"/><mustSupport value="false"/><isModifier value="false"/><isSummary value="true"/><mapping><identity value="orim"/><map value="fhir:CodeableConcept.coding rdfs:subPropertyOf dt:CD.coding"/></mapping><mapping><identity value="v2"/><map value="C*E.1-8, C*E.10-22"/></mapping><mapping><identity value="rim"/><map value="union(., ./translation)"/></mapping></element><element id="Fixed_64572001"><path value="Condition.category.coding"/><name value="Fixed_64572001"/><short value="Disease"/><definition value="Disease"/><min value="1"/><max value="1"/><type><code value="Coding"/></type><maxLength value="0"/><mustSupport value="false"/><isModifier value="false"/><isSummary value="true"/></element><element id="Condition-argoprofile.category.coding-Fixed-64572001.id"><path value="Condition.category.coding.id"/><representation value="xmlAttr"/><name value="Condition-argoprofile.category.coding-Fixed-64572001.id"/><short value="xml:id (or equivalent in JSON)"/><definition value="unique id for the element within a resource (for internal references)."/><min value="0"/><max value="1"/><type><code value="id"/></type><maxLength value="0"/><mustSupport value="false"/><isModifier value="false"/><isSummary value="false"/><mapping><identity value="rim"/><map value="n/a"/></mapping></element><element id="Condition-argoprofile.category.coding-Fixed-64572001.extension"><path value="Condition.category.coding.extension"/><name value="Condition-argoprofile.category.coding-Fixed-64572001.extension"/><short value="Additional Content defined by implementations"/><definition value="May be used to represent additional information that is not part of the basic definition of the element. In order to make the use of extensions safe and manageable, there is a strict set of governance  applied to the definition and use of extensions. Though any implementer is allowed to define an extension, there is a set of requirements that SHALL be met as part of the definition of the extension."/><comments value="There can be no stigma associated with the use of extensions by any application, project, or standard - regardless of the institution or jurisdiction that uses or defines the extensions.  The use of extensions is what allows the FHIR specification to retain a core level of simplicity for everyone."/><alias value="extensions"/><alias value="user content"/><min value="0"/><max value="*"/><type><code value="Extension"/></type><maxLength value="0"/><mustSupport value="false"/><isModifier value="false"/><isSummary value="false"/><mapping><identity value="rim"/><map value="n/a"/></mapping></element><element id="Condition-argoprofile.category.coding-Fixed-64572001.system"><path value="Condition.category.coding.system"/><name value="Condition-argoprofile.category.coding-Fixed-64572001.system"/><short value="Identity of the terminology system"/><definition value="The identification of the code system that defines the meaning of the symbol in the code."/><comments value="The URI may be an OID (urn:oid:...) or a UUID (urn:uuid:...).  OIDs and UUIDs SHALL be references to the HL7 OID registry. Otherwise, the URI should come from HL7&#39;s list of FHIR defined special URIs or it should de-reference to some definition that establish the system clearly and unambiguously."/><requirements value="Need to be unambiguous about the source of the definition of the symbol."/><min value="0"/><max value="1"/><type><code value="uri"/></type><fixedUri value="http://snomed.info/sct"/><maxLength value="0"/><mustSupport value="false"/><isModifier value="false"/><isSummary value="true"/><mapping><identity value="orim"/><map value="fhir:Coding.system rdfs:subPropertyOf dt:CDCoding.codeSystem"/></mapping><mapping><identity value="v2"/><map value="C*E.3"/></mapping><mapping><identity value="rim"/><map value="./codeSystem"/></mapping></element><element id="Condition-argoprofile.category.coding-Fixed-64572001.version"><path value="Condition.category.coding.version"/><name value="Condition-argoprofile.category.coding-Fixed-64572001.version"/><short value="Version of the system - if relevant"/><definition value="The version of the code system which was used when choosing this code. Note that a well-maintained code system does not need the version reported, because the meaning of codes is consistent across versions. However this cannot consistently be assured. and when the meaning is not guaranteed to be consistent, the version SHOULD be exchanged."/><comments value="Where the terminology does not clearly define what string should be used to identify code system versions, the recommendation is to use the date (expressed in FHIR date format) on which that version was officially published as the version date."/><min value="0"/><max value="1"/><type><code value="string"/></type><maxLength value="0"/><mustSupport value="false"/><isModifier value="false"/><isSummary value="true"/><mapping><identity value="orim"/><map value="fhir:Coding.version rdfs:subPropertyOf dt:CDCoding.codeSystemVersion"/></mapping><mapping><identity value="v2"/><map value="C*E.7"/></mapping><mapping><identity value="rim"/><map value="./codeSystemVersion"/></mapping></element><element id="Condition-argoprofile.category.coding-Fixed-64572001.code"><path value="Condition.category.coding.code"/><name value="Condition-argoprofile.category.coding-Fixed-64572001.code"/><short value="Symbol in syntax defined by the system"/><definition value="A symbol in syntax defined by the system. The symbol may be a predefined code or an expression in a syntax defined by the coding system (e.g. post-coordination)."/><requirements value="Need to refer to a particular code in the system."/><min value="0"/><max value="1"/><type><code value="code"/></type><fixedCode value="64572001"/><maxLength value="0"/><mustSupport value="false"/><isModifier value="false"/><isSummary value="true"/><mapping><identity value="orim"/><map value="fhir:Coding.code rdfs:subPropertyOf dt:CDCoding.code"/></mapping><mapping><identity value="v2"/><map value="C*E.1"/></mapping><mapping><identity value="rim"/><map value="./code"/></mapping></element><element id="Condition-argoprofile.category.coding-Fixed-64572001.display"><path value="Condition.category.coding.display"/><name value="Condition-argoprofile.category.coding-Fixed-64572001.display"/><short value="Representation defined by the system"/><definition value="A representation of the meaning of the code in the system, following the rules of the system."/><requirements value="Need to be able to carry a human-readable meaning of the code for readers that do not know  the system."/><min value="0"/><max value="1"/><type><code value="string"/></type><maxLength value="0"/><mustSupport value="false"/><isModifier value="false"/><isSummary value="true"/><mapping><identity value="orim"/><map value="fhir:Coding.display rdfs:subPropertyOf dt:CDCoding.displayName"/></mapping><mapping><identity value="v2"/><map value="C*E.2 - but note this is not well followed"/></mapping><mapping><identity value="rim"/><map value="CV.displayName"/></mapping></element><element id="Condition-argoprofile.category.coding-Fixed-64572001.use"><path value="Condition.category.coding.userSelected"/><name value="Condition-argoprofile.category.coding-Fixed-64572001.use"/><short value="If this coding was chosen directly by the user"/><definition value="Indicates that this coding was chosen by a user directly - i.e. off a pick list of available items (codes or displays)."/><comments value="Amongst a set of alternatives, a directly chosen code is the most appropriate starting point for new translations. There is some ambiguity about what exactly &#39;directly chosen&#39; implies, and trading partner agreement may be needed to clarify the use of this element and its consequences more completely."/><requirements value="This has been identified as a clinical safety criterium - that this exact system/code pair was chosen explicitly, rather than inferred by the system based on some rules or language processing."/><min value="0"/><max value="1"/><type><code value="boolean"/></type><maxLength value="0"/><mustSupport value="false"/><isModifier value="false"/><isSummary value="true"/><mapping><identity value="orim"/><map value="fhir:Coding.userSelected fhir:mapsTo dt:CDCoding.codingRationale. fhir:Coding.userSelected fhir:hasMap fhir:Coding.userSelected.map. fhir:Coding.userSelected.map a fhir:Map;   fhir:target dt:CDCoding.codingRationale. fhir:Coding.userSelected\#true a [     fhir:source &quot;true&quot;;     fhir:target dt:CDCoding.codingRationale\#O   ]"/></mapping><mapping><identity value="v2"/><map value="Sometimes implied by being first"/></mapping><mapping><identity value="rim"/><map value="CD.codingRationale"/></mapping></element><element id="Condition-argoprofile.category.text"><path value="Condition.category.text"/><name value="Condition-argoprofile.category.text"/><short value="Plain text representation of the concept"/><definition value="A human language representation of the concept as seen/selected/uttered by the user who entered the data and/or which represents the intended meaning of the user."/><comments value="Very often the text is the same as a displayName of one of the codings."/><requirements value="The codes from the terminologies do not always capture the correct meaning with all the nuances of the human using them, or sometimes there is no appropriate code at all. In these cases, the text is used to capture the full meaning of the source."/><min value="0"/><max value="1"/><type><code value="string"/></type><maxLength value="0"/><mustSupport value="false"/><isModifier value="false"/><isSummary value="true"/><mapping><identity value="orim"/><map value="fhir:CodeableConcept.text rdfs:subPropertyOf dt:CD.originalText"/></mapping><mapping><identity value="v2"/><map value="C*E.9. But note many systems use C*E.2 for this"/></mapping><mapping><identity value="rim"/><map value="./originalText[mediaType/code=&quot;text/plain&quot;]/data"/></mapping></element><element id="Condition-argoprofile.clinicalStatus"><path value="Condition.clinicalStatus"/><name value="Condition-argoprofile.clinicalStatus"/><short value="active | relapse | remission | resolved"/><definition value="The clinical status of the condition."/><min value="0"/><max value="1"/><base><path value="Condition.clinicalStatus"/><min value="0"/><max value="1"/></base><type><code value="code"/></type><maxLength value="0"/><mustSupport value="true"/><isModifier value="true"/><isSummary value="false"/><binding><strength value="required"/><valueSetReference><reference value="http://hl7.org/fhir/ValueSet/condition-clinical"/></valueSetReference></binding><mapping><identity value="v2"/><map value="PRB-14 / DG1-6"/></mapping><mapping><identity value="w5"/><map value="status"/></mapping><mapping><identity value="us-core-stu3"/><map value="Condition.clinicalStatus"/></mapping></element><element id="Condition-argoprofile.verificationStatus"><path value="Condition.verificationStatus"/><name value="Condition-argoprofile.verificationStatus"/><short value="provisional | differential | confirmed | refuted | entered-in-error | unknown"/><definition value="The verification status to support the clinical status of the condition."/><min value="1"/><max value="1"/><base><path value="Condition.verificationStatus"/><min value="1"/><max value="1"/></base><type><code value="code"/></type><maxLength value="0"/><mustSupport value="true"/><isModifier value="true"/><isSummary value="false"/><binding><strength value="required"/><valueSetReference><reference value="http://hl7.org/fhir/ValueSet/condition-ver-status"/></valueSetReference></binding><mapping><identity value="v2"/><map value="PRB-13"/></mapping><mapping><identity value="rim"/><map value=".code (pre or post-coordinated in)  Can use valueNegationInd for refuted"/></mapping><mapping><identity value="w5"/><map value="status"/></mapping><mapping><identity value="us-core-stu3"/><map value="Condition.verificationStatus"/></mapping></element><element id="Condition-argoprofile.severity"><path value="Condition.severity"/><name value="Condition-argoprofile.severity"/><short value="Subjective severity of condition"/><definition value="A subjective assessment of the severity of the condition as evaluated by the clinician."/><comments value="Coding of the severity with a terminology is preferred, where possible."/><min value="0"/><max value="0"/><base><path value="Condition.severity"/><min value="0"/><max value="1"/></base><type><code value="CodeableConcept"/></type><maxLength value="0"/><mustSupport value="false"/><isModifier value="false"/><isSummary value="true"/><binding><strength value="preferred"/><description value="A subjective assessment of the severity of the condition as evaluated by the clinician."/><valueSetReference><reference value="http://hl7.org/fhir/ValueSet/condition-severity"/></valueSetReference></binding><mapping><identity value="v2"/><map value="PRB-26 / ABS-3"/></mapping><mapping><identity value="rim"/><map value="Can be pre/post-coordinated into value.  Or ./inboundRelationship[typeCode=SUBJ].source[classCode=OBS, moodCode=EVN, code=&quot;severity&quot;].value"/></mapping><mapping><identity value="w5"/><map value="grade"/></mapping></element><element id="Condition-argoprofile.onsetx"><path value="Condition.onset[x]"/><name value="Condition-argoprofile.onsetx"/><short value="Estimated or actual date,  date-time, or age"/><definition value="Estimated or actual date or date-time  the condition began, in the opinion of the clinician."/><comments value="Age is generally used when the patient reports an age at which the Condition began to occur."/><min value="0"/><max value="1"/><base><path value="Condition.onset[x]"/><min value="0"/><max value="1"/></base><type><code value="dateTime"/></type><type><code value="Quantity"/><profile value="http://mcodeinitiative.org/us/mcode/StructureDefinition/obf-datatype-Age"/></type><type><code value="Period"/></type><type><code value="Range"/></type><type><code value="string"/></type><maxLength value="0"/><mustSupport value="false"/><isModifier value="false"/><isSummary value="true"/><mapping><identity value="v2"/><map value="PRB-16"/></mapping><mapping><identity value="rim"/><map value=".effectiveTime.low or .inboundRelationship[typeCode=SUBJ].source[classCode=OBS, moodCode=EVN, code=&quot;age at onset&quot;].value"/></mapping><mapping><identity value="w5"/><map value="when.init"/></mapping></element><element id="Condition-argoprofile.abatementx"><path value="Condition.abatement[x]"/><name value="Condition-argoprofile.abatementx"/><short value="If/when in resolution/remission"/><definition value="The date or estimated date that the condition resolved or went into remission. This is called &quot;abatement&quot; because of the many overloaded connotations associated with &quot;remission&quot; or &quot;resolution&quot; - Conditions are never really resolved, but they can abate."/><comments value="There is no explicit distinction between resolution and remission because in many cases the distinction is not clear. Age is generally used when the patient reports an age at which the Condition abated.  If there is no abatement element, it is unknown whether the condition has resolved or entered remission; applications and users should generally assume that the condition is still valid."/><min value="0"/><max value="1"/><base><path value="Condition.abatement[x]"/><min value="0"/><max value="1"/></base><type><code value="dateTime"/></type><type><code value="Quantity"/><profile value="http://mcodeinitiative.org/us/mcode/StructureDefinition/obf-datatype-Age"/></type><type><code value="boolean"/></type><type><code value="Period"/></type><type><code value="Range"/></type><type><code value="string"/></type><maxLength value="0"/><mustSupport value="false"/><isModifier value="false"/><isSummary value="true"/><mapping><identity value="rim"/><map value=".effectiveTime.high or .inboundRelationship[typeCode=SUBJ].source[classCode=OBS, moodCode=EVN, code=&quot;age at remission&quot;].value or .inboundRelationship[typeCode=SUBJ]source[classCode=CONC, moodCode=EVN].status=completed"/></mapping><mapping><identity value="w5"/><map value="when.done"/></mapping></element><element id="Condition-argoprofile.stage"><path value="Condition.stage"/><name value="Condition-argoprofile.stage"/><short value="Stage/grade, usually assessed formally"/><definition value="Clinical stage or grade of a condition. May include formal severity assessments."/><min value="0"/><max value="0"/><base><path value="Condition.stage"/><min value="0"/><max value="1"/></base><type><code value="BackboneElement"/></type><maxLength value="0"/><constraint><key value="con-1"/><severity value="error"/><human value="Stage SHALL have summary or assessment"/><xpath value="exists(f:summary) or exists(f:assessment)"/></constraint><mustSupport value="false"/><isModifier value="false"/><isSummary value="true"/><mapping><identity value="rim"/><map value="./inboundRelationship[typeCode=SUBJ].source[classCode=OBS, moodCode=EVN, code=&quot;stage/grade&quot;]"/></mapping></element><element id="Condition-argoprofile.stage.id"><path value="Condition.stage.id"/><representation value="xmlAttr"/><name value="Condition-argoprofile.stage.id"/><short value="xml:id (or equivalent in JSON)"/><definition value="unique id for the element within a resource (for internal references)."/><min value="0"/><max value="1"/><base><path value="Condition.stage.id"/><min value="0"/><max value="1"/></base><type><code value="id"/></type><maxLength value="0"/><mustSupport value="false"/><isModifier value="false"/><isSummary value="false"/><mapping><identity value="rim"/><map value="n/a"/></mapping></element><element id="Condition-argoprofile.stage.extension"><path value="Condition.stage.extension"/><name value="Condition-argoprofile.stage.extension"/><short value="Additional Content defined by implementations"/><definition value="May be used to represent additional information that is not part of the basic definition of the element. In order to make the use of extensions safe and manageable, there is a strict set of governance  applied to the definition and use of extensions. Though any implementer is allowed to define an extension, there is a set of requirements that SHALL be met as part of the definition of the extension."/><comments value="There can be no stigma associated with the use of extensions by any application, project, or standard - regardless of the institution or jurisdiction that uses or defines the extensions.  The use of extensions is what allows the FHIR specification to retain a core level of simplicity for everyone."/><alias value="extensions"/><alias value="user content"/><min value="0"/><max value="*"/><base><path value="Condition.stage.extension"/><min value="0"/><max value="*"/></base><type><code value="Extension"/></type><maxLength value="0"/><mustSupport value="false"/><isModifier value="false"/><isSummary value="false"/><mapping><identity value="rim"/><map value="n/a"/></mapping></element><element id="Condition-argoprofile.stage.modifierExtension"><path value="Condition.stage.modifierExtension"/><name value="Condition-argoprofile.stage.modifierExtension"/><short value="Extensions that cannot be ignored"/><definition value="May be used to represent additional information that is not part of the basic definition of the element, and that modifies the understanding of the element that contains it. Usually modifier elements provide negation or qualification. In order to make the use of extensions safe and manageable, there is a strict set of governance applied to the definition and use of extensions. Though any implementer is allowed to define an extension, there is a set of requirements that SHALL be met as part of the definition of the extension. Applications processing a resource are required to check for modifier extensions."/><comments value="There can be no stigma associated with the use of extensions by any application, project, or standard - regardless of the institution or jurisdiction that uses or defines the extensions.  The use of extensions is what allows the FHIR specification to retain a core level of simplicity for everyone."/><alias value="extensions"/><alias value="user content"/><alias value="modifiers"/><min value="0"/><max value="*"/><base><path value="Condition.stage.modifierExtension"/><min value="0"/><max value="*"/></base><type><code value="Extension"/></type><maxLength value="0"/><mustSupport value="false"/><isModifier value="true"/><isSummary value="false"/><mapping><identity value="rim"/><map value="N/A"/></mapping></element><element id="Condition-argoprofile.stage.summary"><path value="Condition.stage.summary"/><name value="Condition-argoprofile.stage.summary"/><short value="Simple summary (disease specific)"/><definition value="A simple summary of the stage such as &quot;Stage 3&quot;. The determination of the stage is disease-specific."/><min value="0"/><max value="1"/><base><path value="Condition.stage.summary"/><min value="0"/><max value="1"/></base><type><code value="CodeableConcept"/></type><maxLength value="0"/><condition value="con-1"/><mustSupport value="false"/><isModifier value="false"/><isSummary value="true"/><binding><strength value="example"/><description value="Codes describing condition stages (e.g. Cancer stages)."/><valueSetReference><reference value="http://hl7.org/fhir/ValueSet/condition-stage"/></valueSetReference></binding><mapping><identity value="v2"/><map value="PRB-14"/></mapping><mapping><identity value="rim"/><map value=".value"/></mapping></element><element id="Condition-argoprofile.stage.assessment"><path value="Condition.stage.assessment"/><name value="Condition-argoprofile.stage.assessment"/><short value="Formal record of assessment"/><definition value="Reference to a formal record of the evidence on which the staging assessment is based."/><min value="0"/><max value="*"/><base><path value="Condition.stage.assessment"/><min value="0"/><max value="*"/></base><type><code value="Reference"/><profile value="http://mcodeinitiative.org/us/mcode/StructureDefinition/obf-DiagnosticReport"/><profile value="http://mcodeinitiative.org/us/mcode/StructureDefinition/obf-Observation"/></type><maxLength value="0"/><condition value="con-1"/><mustSupport value="false"/><isModifier value="false"/><isSummary value="true"/><mapping><identity value="rim"/><map value=".self"/></mapping></element><element id="Condition-argoprofile.evidence"><path value="Condition.evidence"/><name value="Condition-argoprofile.evidence"/><short value="Supporting evidence"/><definition value="Supporting Evidence / manifestations that are the basis on which this condition is suspected or confirmed."/><comments value="The evidence may be a simple list of coded symptoms/manifestations, or references to observations or formal assessments, or both."/><min value="0"/><max value="*"/><base><path value="Condition.evidence"/><min value="0"/><max value="*"/></base><type><code value="BackboneElement"/></type><maxLength value="0"/><constraint><key value="con-2"/><severity value="error"/><human value="evidence SHALL have code or details"/><xpath value="exists(f:code) or exists(f:detail)"/></constraint><mustSupport value="false"/><isModifier value="false"/><isSummary value="true"/><mapping><identity value="rim"/><map value=".outboundRelationship[typeCode=SPRT].target[classCode=OBS, moodCode=EVN]"/></mapping></element><element id="Condition-argoprofile.evidence.id"><path value="Condition.evidence.id"/><representation value="xmlAttr"/><name value="Condition-argoprofile.evidence.id"/><short value="xml:id (or equivalent in JSON)"/><definition value="unique id for the element within a resource (for internal references)."/><min value="0"/><max value="1"/><base><path value="Condition.evidence.id"/><min value="0"/><max value="1"/></base><type><code value="id"/></type><maxLength value="0"/><mustSupport value="false"/><isModifier value="false"/><isSummary value="false"/><mapping><identity value="rim"/><map value="n/a"/></mapping></element><element id="Condition-argoprofile.evidence.extension"><path value="Condition.evidence.extension"/><name value="Condition-argoprofile.evidence.extension"/><short value="Additional Content defined by implementations"/><definition value="May be used to represent additional information that is not part of the basic definition of the element. In order to make the use of extensions safe and manageable, there is a strict set of governance  applied to the definition and use of extensions. Though any implementer is allowed to define an extension, there is a set of requirements that SHALL be met as part of the definition of the extension."/><comments value="There can be no stigma associated with the use of extensions by any application, project, or standard - regardless of the institution or jurisdiction that uses or defines the extensions.  The use of extensions is what allows the FHIR specification to retain a core level of simplicity for everyone."/><alias value="extensions"/><alias value="user content"/><min value="0"/><max value="*"/><base><path value="Condition.evidence.extension"/><min value="0"/><max value="*"/></base><type><code value="Extension"/></type><maxLength value="0"/><mustSupport value="false"/><isModifier value="false"/><isSummary value="false"/><mapping><identity value="rim"/><map value="n/a"/></mapping></element><element id="Condition-argoprofile.evidence.modifierExtension"><path value="Condition.evidence.modifierExtension"/><name value="Condition-argoprofile.evidence.modifierExtension"/><short value="Extensions that cannot be ignored"/><definition value="May be used to represent additional information that is not part of the basic definition of the element, and that modifies the understanding of the element that contains it. Usually modifier elements provide negation or qualification. In order to make the use of extensions safe and manageable, there is a strict set of governance applied to the definition and use of extensions. Though any implementer is allowed to define an extension, there is a set of requirements that SHALL be met as part of the definition of the extension. Applications processing a resource are required to check for modifier extensions."/><comments value="There can be no stigma associated with the use of extensions by any application, project, or standard - regardless of the institution or jurisdiction that uses or defines the extensions.  The use of extensions is what allows the FHIR specification to retain a core level of simplicity for everyone."/><alias value="extensions"/><alias value="user content"/><alias value="modifiers"/><min value="0"/><max value="*"/><base><path value="Condition.evidence.modifierExtension"/><min value="0"/><max value="*"/></base><type><code value="Extension"/></type><maxLength value="0"/><mustSupport value="false"/><isModifier value="true"/><isSummary value="false"/><mapping><identity value="rim"/><map value="N/A"/></mapping></element><element id="Condition-argoprofile.evidence.code"><path value="Condition.evidence.code"/><name value="Condition-argoprofile.evidence.code"/><short value="Manifestation/symptom"/><definition value="A manifestation or symptom that led to the recording of this condition."/><min value="0"/><max value="1"/><base><path value="Condition.evidence.code"/><min value="0"/><max value="1"/></base><type><code value="CodeableConcept"/></type><maxLength value="0"/><condition value="con-2"/><mustSupport value="false"/><isModifier value="false"/><isSummary value="true"/><binding><strength value="example"/><valueSetReference><reference value="http://hl7.org/fhir/ValueSet/clinical-findings"/></valueSetReference></binding><mapping><identity value="rim"/><map value="[code=&quot;diagnosis&quot;].value"/></mapping></element><element id="Condition-argoprofile.evidence.detail"><path value="Condition.evidence.detail"/><name value="Condition-argoprofile.evidence.detail"/><short value="Supporting information found elsewhere"/><definition value="Links to other relevant information, including pathology reports."/><min value="0"/><max value="*"/><base><path value="Condition.evidence.detail"/><min value="0"/><max value="*"/></base><type><code value="Reference"/><profile value="http://mcodeinitiative.org/us/mcode/StructureDefinition/obf-Resource"/></type><maxLength value="0"/><condition value="con-2"/><mustSupport value="false"/><isModifier value="false"/><isSummary value="true"/><mapping><identity value="rim"/><map value=".self"/></mapping></element><element id="Condition-argoprofile.bodySite"><path value="Condition.bodySite"/><name value="Condition-argoprofile.bodySite"/><short value="Anatomical location, if relevant"/><definition value="The anatomical location where this condition manifests itself."/><comments value="May be a summary code, or a reference to a very precise definition of the location, or both."/><min value="0"/><max value="*"/><base><path value="Condition.bodySite"/><min value="0"/><max value="*"/></base><type><code value="CodeableConcept"/></type><maxLength value="0"/><mustSupport value="false"/><isModifier value="false"/><isSummary value="true"/><binding><strength value="preferred"/><valueSetReference><reference value="http://mcodeinitiative.org/us/mcode/ValueSet/onco-core-CancerBodyLocationVS"/></valueSetReference></binding><mapping><identity value="rim"/><map value=".targetBodySiteCode"/></mapping></element><element id="Condition-argoprofile.bodySite.id"><path value="Condition.bodySite.id"/><representation value="xmlAttr"/><name value="Condition-argoprofile.bodySite.id"/><short value="xml:id (or equivalent in JSON)"/><definition value="unique id for the element within a resource (for internal references)."/><min value="0"/><max value="1"/><type><code value="id"/></type><maxLength value="0"/><mustSupport value="false"/><isModifier value="false"/><isSummary value="false"/><mapping><identity value="rim"/><map value="n/a"/></mapping></element><element id="Condition-argoprofile.bodySite.extension"><path value="Condition.bodySite.extension"/><name value="Condition-argoprofile.bodySite.extension"/><slicing id="1"><discriminator value="url"/><ordered value="false"/><rules value="open"/></slicing><short value="Additional Content defined by implementations"/><definition value="May be used to represent additional information that is not part of the basic definition of the element. In order to make the use of extensions safe and manageable, there is a strict set of governance  applied to the definition and use of extensions. Though any implementer is allowed to define an extension, there is a set of requirements that SHALL be met as part of the definition of the extension."/><comments value="There can be no stigma associated with the use of extensions by any application, project, or standard - regardless of the institution or jurisdiction that uses or defines the extensions.  The use of extensions is what allows the FHIR specification to retain a core level of simplicity for everyone."/><alias value="extensions"/><alias value="user content"/><min value="0"/><max value="*"/><type><code value="Extension"/></type><maxLength value="0"/><mustSupport value="false"/><isModifier value="false"/><isSummary value="false"/><mapping><identity value="rim"/><map value="n/a"/></mapping></element><element id="laterality"><path value="Condition.bodySite.extension"/><name value="laterality"/><definition value="Body side of the body location, if needed to distinguish from a similar location on the other side of the body.&#xA;&#xA;The laterality element is part of BodyLocation, a flexible structure that allows the location to be determined by a single code, or a code plus laterality and/or orientation. The body location can also be specified in relation to one or more body landmarks. SNOMED CT is used in all cases.&#xA;&#xA;* Code only: The code should include (precoordinate) laterality and/orientation to the degree necessary to completely specify the body location.&#xA;* Code plus laterality and/or orientation: The basic code augmented by codes specifying the body side and/or anatomical orientation.&#xA;* Relation to landmark: The location relative to a landmark is specified by:&#xA;1. Establishing the location and type of landmark using a body site code and optional laterality/orientation, and&#xA;2. Specifying the direction and distance from the landmark to the body location.&#xA;&#xA;Note that BodyLocation is a data type (a reusable structure), not a stand-alone entity. The concept is similar to how a postal address can apply to a person, location, or organization. This contrasts with FHIR&#39;s stand-alone BodySite (aka BodyStructure in r4) which &#39;is not ... intended for describing the type of anatomical location but rather a specific body site on a specific patient&#39; (FHIR 3.5)."/><min value="0"/><max value="*"/><base><path value="Condition.bodySite.extension"/><min value="0"/><max value="*"/></base><type><code value="Extension"/><profile value="http://mcodeinitiative.org/us/mcode/StructureDefinition/obf-datatype-Laterality-extension"/></type><maxLength value="0"/><mustSupport value="false"/><isModifier value="false"/><isSummary value="false"/></element><element id="anatomicalorientation"><path value="Condition.bodySite.extension"/><name value="anatomicalorientation"/><definition value="AnatomicalOrientation of the body location, if needed to distinguish from a similar location in another orientation.&#xA;The orientation element is part of BodyLocation, a flexible structure that allows the location to be determined by a single code, or a code plus laterality and/or orientation. The body location can also be specified in relation to one or more body landmarks. SNOMED CT is used in all cases.&#xA;&#xA;* Code only: The code should include (precoordinate) laterality and/orientation to the degree necessary to completely specify the body location.&#xA;* Code plus laterality and/or orientation: The basic code augmented by codes specifying the body side and/or anatomical orientation.&#xA;* Relation to landmark: The location relative to a landmark is specified by:&#xA;1. Establishing the location and type of landmark using a body site code and optional laterality/orientation, and&#xA;2. Specifying the direction and distance from the landmark to the body location.&#xA;&#xA;Note that BodyLocation is a data type (a reusable structure), not a stand-alone entity. The concept is similar to how a postal address can apply to a person, location, or organization. This contrasts with FHIR&#39;s stand-alone BodySite (aka BodyStructure in r4) which &#39;is not ... intended for describing the type of anatomical location but rather a specific body site on a specific patient&#39; (FHIR 3.5)."/><min value="0"/><max value="*"/><base><path value="Condition.bodySite.extension"/><min value="0"/><max value="*"/></base><type><code value="Extension"/><profile value="http://mcodeinitiative.org/us/mcode/StructureDefinition/obf-datatype-AnatomicalOrientation-extension"/></type><maxLength value="0"/><mustSupport value="false"/><isModifier value="false"/><isSummary value="false"/></element><element id="relationtolandmark"><path value="Condition.bodySite.extension"/><name value="relationtolandmark"/><definition value="The relationship between a landmark that helps determine a body location and the body location itself. The location relative to a landmark is specified by:&#xA;* Specifying the location and type of landmark using a body site code and optional laterality/orientation,&#xA;* Specifying the direction from the landmark to the body location, and&#xA;* Specifying the distance from the landmark to the body location.&#xA;&#xA;The RelationToLandmark element is part of BodyLocation, a flexible structure that allows the location to be determined by a single code, or a code plus laterality and/or orientation. The body location can also be specified in relation to one or more body landmarks. SNOMED CT is used in all cases.&#xA;&#xA;* Code only: The code should include (precoordinate) laterality and/orientation to the degree necessary to completely specify the body location.&#xA;* Code plus laterality and/or orientation: The basic code augmented by codes specifying the body side and/or anatomical orientation.&#xA;* Relation to landmark: The location relative to a landmark is specified by:&#xA;1. Establishing the location and type of landmark using a body site code and optional laterality/orientation, and&#xA;2. Specifying the direction and distance from the landmark to the body location.&#xA;&#xA;Note that BodyLocation is a data type (a reusable structure), not a stand-alone entity. The concept is similar to how a postal address can apply to a person, location, or organization. This contrasts with FHIR&#39;s stand-alone BodySite (aka BodyStructure in r4) which &#39;is not ... intended for describing the type of anatomical location but rather a specific body site on a specific patient&#39; (FHIR 3.5)."/><min value="0"/><max value="*"/><base><path value="Condition.bodySite.extension"/><min value="0"/><max value="*"/></base><type><code value="Extension"/><profile value="http://mcodeinitiative.org/us/mcode/StructureDefinition/obf-datatype-RelationToLandmark-extension"/></type><maxLength value="0"/><mustSupport value="false"/><isModifier value="false"/><isSummary value="false"/></element><element id="Condition-argoprofile.bodySite.coding"><path value="Condition.bodySite.coding"/><name value="Condition-argoprofile.bodySite.coding"/><short value="Code defined by a terminology system"/><definition value="A reference to a code defined by a terminology system."/><comments value="Codes may be defined very casually in enumerations, or code lists, up to very formal definitions such as SNOMED CT - see the HL7 v3 Core Principles for more information.  Ordering of codings is undefined and SHALL NOT be used to infer meaning. Generally, at most only one of the coding values will be labelled as UserSelected = true."/><requirements value="Allows for translations and alternate encodings within a code system.  Also supports communication of the same instance to systems requiring different encodings."/><min value="0"/><max value="*"/><type><code value="Coding"/></type><maxLength value="0"/><mustSupport value="false"/><isModifier value="false"/><isSummary value="true"/><mapping><identity value="orim"/><map value="fhir:CodeableConcept.coding rdfs:subPropertyOf dt:CD.coding"/></mapping><mapping><identity value="v2"/><map value="C*E.1-8, C*E.10-22"/></mapping><mapping><identity value="rim"/><map value="union(., ./translation)"/></mapping></element><element id="Condition-argoprofile.bodySite.text"><path value="Condition.bodySite.text"/><name value="Condition-argoprofile.bodySite.text"/><short value="Plain text representation of the concept"/><definition value="A human language representation of the concept as seen/selected/uttered by the user who entered the data and/or which represents the intended meaning of the user."/><comments value="Very often the text is the same as a displayName of one of the codings."/><requirements value="The codes from the terminologies do not always capture the correct meaning with all the nuances of the human using them, or sometimes there is no appropriate code at all. In these cases, the text is used to capture the full meaning of the source."/><min value="0"/><max value="1"/><type><code value="string"/></type><maxLength value="0"/><mustSupport value="false"/><isModifier value="false"/><isSummary value="true"/><mapping><identity value="orim"/><map value="fhir:CodeableConcept.text rdfs:subPropertyOf dt:CD.originalText"/></mapping><mapping><identity value="v2"/><map value="C*E.9. But note many systems use C*E.2 for this"/></mapping><mapping><identity value="rim"/><map value="./originalText[mediaType/code=&quot;text/plain&quot;]/data"/></mapping></element><element id="Condition-argoprofile.notes"><path value="Condition.notes"/><name value="Condition-argoprofile.notes"/><short value="Additional information about the Condition"/><definition value="Additional information about the Condition. This is a general notes/comments entry  for description of the Condition, its diagnosis and prognosis."/><min value="0"/><max value="1"/><base><path value="Condition.notes"/><min value="0"/><max value="1"/></base><type><code value="string"/></type><maxLength value="0"/><mustSupport value="false"/><isModifier value="false"/><isSummary value="true"/><mapping><identity value="v2"/><map value="NTE child of PRB"/></mapping><mapping><identity value="rim"/><map value=".inboundRelationship[typeCode=SUBJ].source[classCode=OBS, moodCode=EVN, code=&quot;annotation&quot;].value"/></mapping></element></snapshot><differential><element id="Condition-argoprofile"><path value="Condition"/><name value="Condition-argoprofile"/><short value="onco-core-SecondaryCancerCondition"/><definition value="Records the history of secondary neoplasms, including location(s) and the date of onset of metastases. A secondary cancer results from the spread (metastasization) of cancer from its original site (reference: https://www.cancer.gov/publications/dictionaries/cancer-terms/def/secondary-tumor).&#xA;&#xA;Conformance note: For the code attribute, to be compliant with [US Core Profiles](http://hl7.org/fhir/us/core/STU3/index.html), SNOMED CT must be used unless there is no suitable code, in which case ICD-10-CM can be used."/><min value="0"/><type><code value="argo-condition"/></type><maxLength value="0"/><mustSupport value="false"/><isModifier value="false"/><isSummary value="false"/></element><element id="Condition-argoprofile.meta"><path value="Condition.meta"/><name value="Condition-argoprofile.meta"/><min value="0"/><maxLength value="0"/><mustSupport value="false"/><isModifier value="false"/><isSummary value="false"/></element><element id="Condition-argoprofile.meta.extension"><path value="Condition.meta.extension"/><name value="Condition-argoprofile.meta.extension"/><slicing id="4"><discriminator value="url"/><ordered value="false"/><rules value="open"/></slicing><min value="0"/><maxLength value="0"/><mustSupport value="false"/><isModifier value="false"/><isSummary value="false"/></element><element id="sourcesystem"><path value="Condition.meta.extension"/><name value="sourcesystem"/><definition value="FHIR: This provides a minimal amount of Provenance information that can be used to track or differentiate the source of information in the resource. The source may identify another FHIR server, document, message, database, etc.&#xA;FHIM: Identifies the computer system that created the medical record. This optional field may also be used to indicate that the medical record was originally created by a different organization from the one that is currently storing or utilizing the record in that the assigning authority of the Id could be set to that originating organization. This property is optional, as some systems will assume that all records that it contains originated in that system, however it is anticipated that it will become increasingly commonplace for records from multiple systems and organizations will be comingled in order to provide a complete picture of the patient&#39;s health record."/><min value="0"/><max value="1"/><base><path value="Condition.meta.extension"/><min value="0"/><max value="*"/></base><type><code value="Extension"/><profile value="http://mcodeinitiative.org/us/mcode/StructureDefinition/obf-SourceSystem-extension"/></type><maxLength value="0"/><mustSupport value="false"/><isModifier value="false"/><isSummary value="false"/></element><element id="Condition-argoprofile.extension"><path value="Condition.extension"/><name value="Condition-argoprofile.extension"/><slicing id="3"><discriminator value="url"/><ordered value="false"/><rules value="open"/></slicing><min value="0"/><maxLength value="0"/><mustSupport value="false"/><isModifier value="false"/><isSummary value="false"/></element><element id="author"><path value="Condition.extension"/><name value="author"/><definition value="The actor who created the item and it responsible for the content (regardless of the information source or who recorded it). If only the author is given, it is assumed the author is the information source and the recorder."/><min value="0"/><max value="1"/><base><path value="Condition.extension"/><min value="0"/><max value="*"/></base><type><code value="Extension"/><profile value="http://mcodeinitiative.org/us/mcode/StructureDefinition/obf-Author-extension"/></type><maxLength value="0"/><mustSupport value="false"/><isModifier value="false"/><isSummary value="false"/></element><element id="annotation"><path value="Condition.extension"/><name value="annotation"/><definition value="An added or follow-up note, often after the fact, that contains metadata about who made the statement and when."/><min value="0"/><max value="*"/><base><path value="Condition.extension"/><min value="0"/><max value="*"/></base><type><code value="Extension"/><profile value="http://mcodeinitiative.org/us/mcode/StructureDefinition/obf-Annotation-extension"/></type><maxLength value="0"/><mustSupport value="false"/><isModifier value="false"/><isSummary value="false"/></element><element id="dateofdiagnosis"><path value="Condition.extension"/><name value="dateofdiagnosis"/><definition value="The date the disease was first clinically recognized with sufficient certainty, regardless of whether it was fully characterized at that time."/><min value="0"/><max value="1"/><base><path value="Condition.extension"/><min value="0"/><max value="*"/></base><type><code value="Extension"/><profile value="http://mcodeinitiative.org/us/mcode/StructureDefinition/obf-DateOfDiagnosis-extension"/></type><maxLength value="0"/><mustSupport value="true"/><isModifier value="false"/><isSummary value="false"/></element><element id="histologymorphologybehavior"><path value="Condition.extension"/><name value="histologymorphologybehavior"/><definition value="A description of the morphologic and behavioral characteristics of the cancer."/><min value="0"/><max value="1"/><base><path value="Condition.extension"/><min value="0"/><max value="*"/></base><type><code value="Extension"/><profile value="http://mcodeinitiative.org/us/mcode/StructureDefinition/onco-core-HistologyMorphologyBehavior-extension"/></type><maxLength value="0"/><mustSupport value="true"/><isModifier value="false"/><isSummary value="false"/></element><element id="primarycancercondition"><path value="Condition.extension"/><name value="primarycancercondition"/><definition value="Records the history of the primary cancer condition, the original or first tumor in the body (reference https://www.cancer.gov/publications/dictionaries/cancer-terms/def/primary-tumor). Cancers that are not clearly secondary (i.e., of uncertain origin or behavior) should be documented as primary.&#xA;&#xA;Cancer staging information summarized in this profile should reflect the most recent staging assessment on the patient, and should be updated if and when there is a new staging assessment. Past staging assessments will be preserved in instances of the TNMClinicalStageGroup and/or TNMPathologicalStageGroup, which refer back to PrimaryCancerCondition.&#xA;&#xA;Conformance note: For the code attribute, to be compliant with [US Core Profiles](http://hl7.org/fhir/us/core/STU3/index.html), SNOMED CT must be used unless there is no suitable code, in which case ICD-10-CM can be used."/><min value="0"/><max value="1"/><base><path value="Condition.extension"/><min value="0"/><max value="*"/></base><type><code value="Extension"/><profile value="http://mcodeinitiative.org/us/mcode/StructureDefinition/onco-core-PrimaryCancerCondition-extension"/></type><maxLength value="0"/><mustSupport value="false"/><isModifier value="false"/><isSummary value="false"/></element><element id="Condition-argoprofile.patient"><path value="Condition.patient"/><name value="Condition-argoprofile.patient"/><min value="0"/><type><code value="Reference"/><profile value="http://mcodeinitiative.org/us/mcode/StructureDefinition/obf-Patient"/></type><maxLength value="0"/><mustSupport value="false"/><isModifier value="false"/><isSummary value="false"/></element><element id="Condition-argoprofile.asserter"><path value="Condition.asserter"/><name value="Condition-argoprofile.asserter"/><short value="The information comes from a practitioner who asserts the condition"/><definition value="The information comes from a practitioner who asserts the condition."/><min value="0"/><type><code value="Reference"/><profile value="http://hl7.org/fhir/StructureDefinition/Practitioner"/></type><maxLength value="0"/><mustSupport value="false"/><isModifier value="false"/><isSummary value="false"/></element><element id="Condition-argoprofile.code"><path value="Condition.code"/><name value="Condition-argoprofile.code"/><min value="0"/><maxLength value="0"/><mustSupport value="false"/><isModifier value="false"/><isSummary value="false"/><binding><strength value="extensible"/><valueSetReference><reference value="http://mcodeinitiative.org/us/mcode/ValueSet/onco-core-SecondaryCancerDisorderVS"/></valueSetReference></binding></element><element id="Condition-argoprofile.category"><path value="Condition.category"/><name value="Condition-argoprofile.category"/><min value="0"/><maxLength value="0"/><mustSupport value="false"/><isModifier value="false"/><isSummary value="false"/></element><element id="Condition-argoprofile.category.coding"><path value="Condition.category.coding"/><name value="Condition-argoprofile.category.coding"/><slicing id="2"><discriminator value="code"/><ordered value="false"/><rules value="open"/></slicing><min value="1"/><max value="*"/><maxLength value="0"/><mustSupport value="false"/><isModifier value="false"/><isSummary value="false"/></element><element id="Fixed_64572001"><path value="Condition.category.coding"/><name value="Fixed_64572001"/><short value="Disease"/><definition value="Disease"/><min value="1"/><max value="1"/><type><code value="Coding"/></type><maxLength value="0"/><mustSupport value="false"/><isModifier value="false"/><isSummary value="true"/></element><element id="Condition-argoprofile.category.coding-Fixed-64572001.system"><path value="Condition.category.coding.system"/><name value="Condition-argoprofile.category.coding-Fixed-64572001.system"/><min value="0"/><fixedUri value="http://snomed.info/sct"/><maxLength value="0"/><mustSupport value="false"/><isModifier value="false"/><isSummary value="false"/></element><element id="Condition-argoprofile.category.coding-Fixed-64572001.code"><path value="Condition.category.coding.code"/><name value="Condition-argoprofile.category.coding-Fixed-64572001.code"/><min value="0"/><fixedCode value="64572001"/><maxLength value="0"/><mustSupport value="false"/><isModifier value="false"/><isSummary value="false"/></element><element id="Condition-argoprofile.severity"><path value="Condition.severity"/><name value="Condition-argoprofile.severity"/><min value="0"/><max value="0"/><maxLength value="0"/><mustSupport value="false"/><isModifier value="false"/><isSummary value="false"/></element><element id="Condition-argoprofile.onsetx"><path value="Condition.onset[x]"/><name value="Condition-argoprofile.onsetx"/><min value="0"/><type><code value="dateTime"/></type><type><code value="Quantity"/><profile value="http://mcodeinitiative.org/us/mcode/StructureDefinition/obf-datatype-Age"/></type><type><code value="Period"/></type><type><code value="Range"/></type><type><code value="string"/></type><maxLength value="0"/><mustSupport value="false"/><isModifier value="false"/><isSummary value="false"/></element><element id="Condition-argoprofile.abatementx"><path value="Condition.abatement[x]"/><name value="Condition-argoprofile.abatementx"/><min value="0"/><type><code value="dateTime"/></type><type><code value="Quantity"/><profile value="http://mcodeinitiative.org/us/mcode/StructureDefinition/obf-datatype-Age"/></type><type><code value="boolean"/></type><type><code value="Period"/></type><type><code value="Range"/></type><type><code value="string"/></type><maxLength value="0"/><mustSupport value="false"/><isModifier value="false"/><isSummary value="false"/></element><element id="Condition-argoprofile.stage"><path value="Condition.stage"/><name value="Condition-argoprofile.stage"/><min value="0"/><max value="0"/><maxLength value="0"/><mustSupport value="false"/><isModifier value="false"/><isSummary value="false"/></element><element id="Condition-argoprofile.stage.assessment"><path value="Condition.stage.assessment"/><name value="Condition-argoprofile.stage.assessment"/><min value="0"/><type><code value="Reference"/><profile value="http://mcodeinitiative.org/us/mcode/StructureDefinition/obf-DiagnosticReport"/><profile value="http://mcodeinitiative.org/us/mcode/StructureDefinition/obf-Observation"/></type><maxLength value="0"/><mustSupport value="false"/><isModifier value="false"/><isSummary value="false"/></element><element id="Condition-argoprofile.evidence"><path value="Condition.evidence"/><name value="Condition-argoprofile.evidence"/><min value="0"/><maxLength value="0"/><mustSupport value="false"/><isModifier value="false"/><isSummary value="false"/></element><element id="Condition-argoprofile.evidence.code"><path value="Condition.evidence.code"/><name value="Condition-argoprofile.evidence.code"/><min value="0"/><maxLength value="0"/><mustSupport value="false"/><isModifier value="false"/><isSummary value="false"/><binding><strength value="example"/><valueSetReference><reference value="http://hl7.org/fhir/ValueSet/clinical-findings"/></valueSetReference></binding></element><element id="Condition-argoprofile.evidence.detail"><path value="Condition.evidence.detail"/><name value="Condition-argoprofile.evidence.detail"/><min value="0"/><type><code value="Reference"/><profile value="http://mcodeinitiative.org/us/mcode/StructureDefinition/obf-Resource"/></type><maxLength value="0"/><mustSupport value="false"/><isModifier value="false"/><isSummary value="false"/></element><element id="Condition-argoprofile.bodySite"><path value="Condition.bodySite"/><name value="Condition-argoprofile.bodySite"/><min value="0"/><maxLength value="0"/><mustSupport value="false"/><isModifier value="false"/><isSummary value="false"/><binding><strength value="preferred"/><valueSetReference><reference value="http://mcodeinitiative.org/us/mcode/ValueSet/onco-core-CancerBodyLocationVS"/></valueSetReference></binding></element><element id="Condition-argoprofile.bodySite.extension"><path value="Condition.bodySite.extension"/><name value="Condition-argoprofile.bodySite.extension"/><slicing id="1"><discriminator value="url"/><ordered value="false"/><rules value="open"/></slicing><min value="0"/><maxLength value="0"/><mustSupport value="false"/><isModifier value="false"/><isSummary value="false"/></element><element id="laterality"><path value="Condition.bodySite.extension"/><name value="laterality"/><definition value="Body side of the body location, if needed to distinguish from a similar location on the other side of the body.&#xA;&#xA;The laterality element is part of BodyLocation, a flexible structure that allows the location to be determined by a single code, or a code plus laterality and/or orientation. The body location can also be specified in relation to one or more body landmarks. SNOMED CT is used in all cases.&#xA;&#xA;* Code only: The code should include (precoordinate) laterality and/orientation to the degree necessary to completely specify the body location.&#xA;* Code plus laterality and/or orientation: The basic code augmented by codes specifying the body side and/or anatomical orientation.&#xA;* Relation to landmark: The location relative to a landmark is specified by:&#xA;1. Establishing the location and type of landmark using a body site code and optional laterality/orientation, and&#xA;2. Specifying the direction and distance from the landmark to the body location.&#xA;&#xA;Note that BodyLocation is a data type (a reusable structure), not a stand-alone entity. The concept is similar to how a postal address can apply to a person, location, or organization. This contrasts with FHIR&#39;s stand-alone BodySite (aka BodyStructure in r4) which &#39;is not ... intended for describing the type of anatomical location but rather a specific body site on a specific patient&#39; (FHIR 3.5)."/><min value="0"/><max value="*"/><base><path value="Condition.bodySite.extension"/><min value="0"/><max value="*"/></base><type><code value="Extension"/><profile value="http://mcodeinitiative.org/us/mcode/StructureDefinition/obf-datatype-Laterality-extension"/></type><maxLength value="0"/><mustSupport value="false"/><isModifier value="false"/><isSummary value="false"/></element><element id="anatomicalorientation"><path value="Condition.bodySite.extension"/><name value="anatomicalorientation"/><definition value="AnatomicalOrientation of the body location, if needed to distinguish from a similar location in another orientation.&#xA;The orientation element is part of BodyLocation, a flexible structure that allows the location to be determined by a single code, or a code plus laterality and/or orientation. The body location can also be specified in relation to one or more body landmarks. SNOMED CT is used in all cases.&#xA;&#xA;* Code only: The code should include (precoordinate) laterality and/orientation to the degree necessary to completely specify the body location.&#xA;* Code plus laterality and/or orientation: The basic code augmented by codes specifying the body side and/or anatomical orientation.&#xA;* Relation to landmark: The location relative to a landmark is specified by:&#xA;1. Establishing the location and type of landmark using a body site code and optional laterality/orientation, and&#xA;2. Specifying the direction and distance from the landmark to the body location.&#xA;&#xA;Note that BodyLocation is a data type (a reusable structure), not a stand-alone entity. The concept is similar to how a postal address can apply to a person, location, or organization. This contrasts with FHIR&#39;s stand-alone BodySite (aka BodyStructure in r4) which &#39;is not ... intended for describing the type of anatomical location but rather a specific body site on a specific patient&#39; (FHIR 3.5)."/><min value="0"/><max value="*"/><base><path value="Condition.bodySite.extension"/><min value="0"/><max value="*"/></base><type><code value="Extension"/><profile value="http://mcodeinitiative.org/us/mcode/StructureDefinition/obf-datatype-AnatomicalOrientation-extension"/></type><maxLength value="0"/><mustSupport value="false"/><isModifier value="false"/><isSummary value="false"/></element><element id="relationtolandmark"><path value="Condition.bodySite.extension"/><name value="relationtolandmark"/><definition value="The relationship between a landmark that helps determine a body location and the body location itself. The location relative to a landmark is specified by:&#xA;* Specifying the location and type of landmark using a body site code and optional laterality/orientation,&#xA;* Specifying the direction from the landmark to the body location, and&#xA;* Specifying the distance from the landmark to the body location.&#xA;&#xA;The RelationToLandmark element is part of BodyLocation, a flexible structure that allows the location to be determined by a single code, or a code plus laterality and/or orientation. The body location can also be specified in relation to one or more body landmarks. SNOMED CT is used in all cases.&#xA;&#xA;* Code only: The code should include (precoordinate) laterality and/orientation to the degree necessary to completely specify the body location.&#xA;* Code plus laterality and/or orientation: The basic code augmented by codes specifying the body side and/or anatomical orientation.&#xA;* Relation to landmark: The location relative to a landmark is specified by:&#xA;1. Establishing the location and type of landmark using a body site code and optional laterality/orientation, and&#xA;2. Specifying the direction and distance from the landmark to the body location.&#xA;&#xA;Note that BodyLocation is a data type (a reusable structure), not a stand-alone entity. The concept is similar to how a postal address can apply to a person, location, or organization. This contrasts with FHIR&#39;s stand-alone BodySite (aka BodyStructure in r4) which &#39;is not ... intended for describing the type of anatomical location but rather a specific body site on a specific patient&#39; (FHIR 3.5)."/><min value="0"/><max value="*"/><base><path value="Condition.bodySite.extension"/><min value="0"/><max value="*"/></base><type><code value="Extension"/><profile value="http://mcodeinitiative.org/us/mcode/StructureDefinition/obf-datatype-RelationToLandmark-extension"/></type><maxLength value="0"/><mustSupport value="false"/><isModifier value="false"/><isSummary value="false"/></element></differential></StructureDefinition>