<?xml version="1.0" encoding="UTF-8"?><StructureDefinition xmlns="http://hl7.org/fhir"><id value="obf-Dosage-extension"/><text><status value="generated"/><div xmlns="http://www.w3.org/1999/xhtml">
  <p><b>Dosage Extension</b></p>
  <p>The dosage of the medication. The data structure is flexible and can describe a dosage prescribed, administered, or reported.</p>
</div></text><url value="http://mcodeinitiative.org/us/mcode/StructureDefinition/obf-Dosage-extension"/><version value="0.9.1"/><name value="Dosage"/><display value="obf-Dosage"/><status value="draft"/><publisher value="The MITRE Corporation"/><contact><telecom><system value="other"/><value value="http://standardhealthrecord.org"/><rank value="0"/></telecom></contact><date value="2019-10-23T00:00:00-04:00"/><description value="The dosage of the medication. The data structure is flexible and can describe a dosage prescribed, administered, or reported."/><fhirVersion value="1.0.2"/><kind value="datatype"/><constrainedType value="Extension"/><abstract value="false"/><contextType value="resource"/><context value="*"/><base value="http://hl7.org/fhir/StructureDefinition/Extension"/><snapshot><element id="Extension"><path value="Extension"/><name value="Extension"/><short value="Dosage"/><definition value="The dosage of the medication. The data structure is flexible and can describe a dosage prescribed, administered, or reported."/><min value="0"/><max value="*"/><base><path value="Extension"/><min value="0"/><max value="*"/></base><type><code value="Extension"/></type><maxLength value="0"/><mustSupport value="false"/><isModifier value="false"/><isSummary value="false"/><mapping><identity value="rim"/><map value="N/A"/></mapping></element><element id="Extension.id"><path value="Extension.id"/><representation value="xmlAttr"/><name value="Extension.id"/><short value="xml:id (or equivalent in JSON)"/><definition value="unique id for the element within a resource (for internal references)."/><min value="0"/><max value="1"/><base><path value="Element.id"/><min value="0"/><max value="1"/></base><type><code value="id"/></type><maxLength value="0"/><mustSupport value="false"/><isModifier value="false"/><isSummary value="false"/><mapping><identity value="rim"/><map value="n/a"/></mapping></element><element id="Extension.extension"><path value="Extension.extension"/><name value="Extension.extension"/><slicing><discriminator value="url"/><description value="Extensions are always sliced by (at least) url"/><ordered value="false"/><rules value="open"/></slicing><short value="Additional Content defined by implementations"/><definition value="May be used to represent additional information that is not part of the basic definition of the element. In order to make the use of extensions safe and manageable, there is a strict set of governance  applied to the definition and use of extensions. Though any implementer is allowed to define an extension, there is a set of requirements that SHALL be met as part of the definition of the extension."/><comments value="There can be no stigma associated with the use of extensions by any application, project, or standard - regardless of the institution or jurisdiction that uses or defines the extensions.  The use of extensions is what allows the FHIR specification to retain a core level of simplicity for everyone."/><alias value="extensions"/><alias value="user content"/><min value="0"/><max value="*"/><base><path value="Element.extension"/><min value="0"/><max value="*"/></base><type><code value="Extension"/></type><maxLength value="0"/><mustSupport value="false"/><isModifier value="false"/><isSummary value="false"/><mapping><identity value="rim"/><map value="n/a"/></mapping></element><element id="dosesequencenumber"><path value="Extension.extension"/><name value="dosesequencenumber"/><definition value="Dose number within series."/><min value="0"/><max value="1"/><base><path value="Element.extension"/><min value="0"/><max value="*"/></base><type><code value="Extension"/><profile value="http://mcodeinitiative.org/us/mcode/StructureDefinition/obf-DoseSequenceNumber-extension"/></type><maxLength value="0"/><mustSupport value="false"/><isModifier value="false"/><isSummary value="false"/><mapping><identity value="rim"/><map value="n/a"/></mapping></element><element id="instructiontext"><path value="Extension.extension"/><name value="instructiontext"/><definition value="The directions (signetur) on the drug prescription or dispensing record."/><min value="0"/><max value="1"/><base><path value="Element.extension"/><min value="0"/><max value="*"/></base><type><code value="Extension"/><profile value="http://mcodeinitiative.org/us/mcode/StructureDefinition/obf-InstructionText-extension"/></type><maxLength value="0"/><mustSupport value="false"/><isModifier value="false"/><isSummary value="false"/><mapping><identity value="rim"/><map value="n/a"/></mapping></element><element id="instructioncode"><path value="Extension.extension"/><name value="instructioncode"/><definition value="Coded instructions, e.g., &#39;with meals&#39;."/><min value="0"/><max value="*"/><base><path value="Element.extension"/><min value="0"/><max value="*"/></base><type><code value="Extension"/><profile value="http://mcodeinitiative.org/us/mcode/StructureDefinition/obf-InstructionCode-extension"/></type><maxLength value="0"/><mustSupport value="false"/><isModifier value="false"/><isSummary value="false"/><mapping><identity value="rim"/><map value="n/a"/></mapping></element><element id="Extension.extension-instructioncode.id"><path value="Extension.extension.id"/><representation value="xmlAttr"/><name value="Extension.extension-instructioncode.id"/><short value="xml:id (or equivalent in JSON)"/><definition value="unique id for the element within a resource (for internal references)."/><min value="0"/><max value="1"/><base><path value="Element.id"/><min value="0"/><max value="1"/></base><type><code value="id"/></type><maxLength value="0"/><mustSupport value="false"/><isModifier value="false"/><isSummary value="false"/><mapping><identity value="rim"/><map value="n/a"/></mapping></element><element id="Extension.extension-instructioncode.extension"><path value="Extension.extension.extension"/><name value="Extension.extension-instructioncode.extension"/><short value="Additional Content defined by implementations"/><definition value="May be used to represent additional information that is not part of the basic definition of the element. In order to make the use of extensions safe and manageable, there is a strict set of governance  applied to the definition and use of extensions. Though any implementer is allowed to define an extension, there is a set of requirements that SHALL be met as part of the definition of the extension."/><comments value="There can be no stigma associated with the use of extensions by any application, project, or standard - regardless of the institution or jurisdiction that uses or defines the extensions.  The use of extensions is what allows the FHIR specification to retain a core level of simplicity for everyone."/><alias value="extensions"/><alias value="user content"/><min value="0"/><max value="0"/><base><path value="Element.extension"/><min value="0"/><max value="*"/></base><type><code value="Extension"/></type><maxLength value="0"/><mustSupport value="false"/><isModifier value="false"/><isSummary value="false"/><mapping><identity value="rim"/><map value="n/a"/></mapping></element><element id="Extension.extension-instructioncode.url"><path value="Extension.extension.url"/><representation value="xmlAttr"/><name value="Extension.extension-instructioncode.url"/><short value="identifies the meaning of the extension"/><definition value="Source of the definition for the extension code - a logical name or a URL."/><comments value="The definition may point directly to a computable or human-readable definition of the extensibility codes, or it may be a logical URI as declared in some other specification. The definition should be version specific.  This will ideally be the URI for the Resource Profile defining the extension, with the code for the extension after a #."/><min value="1"/><max value="1"/><base><path value="Extension.url"/><min value="1"/><max value="1"/></base><type><code value="uri"/></type><fixedUri value="http://mcodeinitiative.org/us/mcode/StructureDefinition/obf-InstructionCode-extension"/><maxLength value="0"/><mustSupport value="false"/><isModifier value="false"/><isSummary value="false"/><mapping><identity value="rim"/><map value="N/A"/></mapping></element><element id="Extension.extension-instructioncode.valueCodeableConcept"><path value="Extension.extension.valueCodeableConcept"/><name value="Extension.extension-instructioncode.valueCodeableConcept"/><short value="Value of extension"/><definition value="Value of extension - may be a resource or one of a constrained set of the data types (see Extensibility in the spec for list)."/><min value="1"/><max value="1"/><base><path value="Extension.value[x]"/><min value="0"/><max value="1"/></base><type><code value="CodeableConcept"/></type><maxLength value="0"/><mustSupport value="false"/><isModifier value="false"/><isSummary value="false"/><binding><strength value="example"/><valueSetReference><reference value="http://hl7.org/fhir/ValueSet/additional-instruction-codes"/></valueSetReference></binding><mapping><identity value="rim"/><map value="N/A"/></mapping></element><element id="patientinstruction"><path value="Extension.extension"/><name value="patientinstruction"/><definition value="Patient or consumer-oriented instructions."/><min value="0"/><max value="1"/><base><path value="Element.extension"/><min value="0"/><max value="*"/></base><type><code value="Extension"/><profile value="http://mcodeinitiative.org/us/mcode/StructureDefinition/obf-PatientInstruction-extension"/></type><maxLength value="0"/><mustSupport value="false"/><isModifier value="false"/><isSummary value="false"/><mapping><identity value="rim"/><map value="n/a"/></mapping></element><element id="timing"><path value="Extension.extension"/><name value="timing"/><definition value="A timing schedule that specifies an event that may occur multiple times.&#xA;Timing offers a choice of multiple OccurrenceTime (used is used to specify specific times), or recurrence patterns."/><min value="0"/><max value="1"/><base><path value="Element.extension"/><min value="0"/><max value="*"/></base><type><code value="Extension"/><profile value="http://mcodeinitiative.org/us/mcode/StructureDefinition/obf-datatype-Timing-extension"/></type><maxLength value="0"/><mustSupport value="false"/><isModifier value="false"/><isSummary value="false"/><mapping><identity value="rim"/><map value="n/a"/></mapping></element><element id="asneeded"><path value="Extension.extension"/><name value="asneeded"/><definition value="Preconditions for service, either &#39;true&#39; indicating to be performed if needed, or a code indicating the pre-condition for performing the service. For example &#39;pain&#39;, &#39;on flare-up&#39;, etc."/><min value="0"/><max value="1"/><base><path value="Element.extension"/><min value="0"/><max value="*"/></base><type><code value="Extension"/><profile value="http://mcodeinitiative.org/us/mcode/StructureDefinition/obf-AsNeeded-extension"/></type><maxLength value="0"/><mustSupport value="false"/><isModifier value="false"/><isSummary value="false"/><mapping><identity value="rim"/><map value="n/a"/></mapping></element><element id="administrationsite"><path value="Extension.extension"/><name value="administrationsite"/><definition value="The anatomic site at which the medication applied."/><min value="0"/><max value="1"/><base><path value="Element.extension"/><min value="0"/><max value="*"/></base><type><code value="Extension"/><profile value="http://mcodeinitiative.org/us/mcode/StructureDefinition/obf-AdministrationSite-extension"/></type><maxLength value="0"/><mustSupport value="false"/><isModifier value="false"/><isSummary value="false"/><mapping><identity value="rim"/><map value="n/a"/></mapping></element><element id="routeintobody"><path value="Extension.extension"/><name value="routeintobody"/><definition value="The way a substance enters an organism after contact, particularly, the route of drug administration."/><min value="0"/><max value="1"/><base><path value="Element.extension"/><min value="0"/><max value="*"/></base><type><code value="Extension"/><profile value="http://mcodeinitiative.org/us/mcode/StructureDefinition/obf-datatype-RouteIntoBody-extension"/></type><maxLength value="0"/><mustSupport value="false"/><isModifier value="false"/><isSummary value="false"/><mapping><identity value="rim"/><map value="n/a"/></mapping></element><element id="method"><path value="Extension.extension"/><name value="method"/><definition value="The technique used to carry out an action, for example, the specific imaging technical or assessment vehicle."/><min value="0"/><max value="1"/><base><path value="Element.extension"/><min value="0"/><max value="*"/></base><type><code value="Extension"/><profile value="http://mcodeinitiative.org/us/mcode/StructureDefinition/obf-Method-extension"/></type><maxLength value="0"/><mustSupport value="false"/><isModifier value="false"/><isSummary value="false"/><mapping><identity value="rim"/><map value="n/a"/></mapping></element><element id="Extension.extension-method.id"><path value="Extension.extension.id"/><representation value="xmlAttr"/><name value="Extension.extension-method.id"/><short value="xml:id (or equivalent in JSON)"/><definition value="unique id for the element within a resource (for internal references)."/><min value="0"/><max value="1"/><base><path value="Element.id"/><min value="0"/><max value="1"/></base><type><code value="id"/></type><maxLength value="0"/><mustSupport value="false"/><isModifier value="false"/><isSummary value="false"/><mapping><identity value="rim"/><map value="n/a"/></mapping></element><element id="Extension.extension-method.extension"><path value="Extension.extension.extension"/><name value="Extension.extension-method.extension"/><short value="Additional Content defined by implementations"/><definition value="May be used to represent additional information that is not part of the basic definition of the element. In order to make the use of extensions safe and manageable, there is a strict set of governance  applied to the definition and use of extensions. Though any implementer is allowed to define an extension, there is a set of requirements that SHALL be met as part of the definition of the extension."/><comments value="There can be no stigma associated with the use of extensions by any application, project, or standard - regardless of the institution or jurisdiction that uses or defines the extensions.  The use of extensions is what allows the FHIR specification to retain a core level of simplicity for everyone."/><alias value="extensions"/><alias value="user content"/><min value="0"/><max value="0"/><base><path value="Element.extension"/><min value="0"/><max value="*"/></base><type><code value="Extension"/></type><maxLength value="0"/><mustSupport value="false"/><isModifier value="false"/><isSummary value="false"/><mapping><identity value="rim"/><map value="n/a"/></mapping></element><element id="Extension.extension-method.url"><path value="Extension.extension.url"/><representation value="xmlAttr"/><name value="Extension.extension-method.url"/><short value="identifies the meaning of the extension"/><definition value="Source of the definition for the extension code - a logical name or a URL."/><comments value="The definition may point directly to a computable or human-readable definition of the extensibility codes, or it may be a logical URI as declared in some other specification. The definition should be version specific.  This will ideally be the URI for the Resource Profile defining the extension, with the code for the extension after a #."/><min value="1"/><max value="1"/><base><path value="Extension.url"/><min value="1"/><max value="1"/></base><type><code value="uri"/></type><fixedUri value="http://mcodeinitiative.org/us/mcode/StructureDefinition/obf-Method-extension"/><maxLength value="0"/><mustSupport value="false"/><isModifier value="false"/><isSummary value="false"/><mapping><identity value="rim"/><map value="N/A"/></mapping></element><element id="Extension.extension-method.valueCodeableConcept"><path value="Extension.extension.valueCodeableConcept"/><name value="Extension.extension-method.valueCodeableConcept"/><short value="Value of extension"/><definition value="Value of extension - may be a resource or one of a constrained set of the data types (see Extensibility in the spec for list)."/><min value="1"/><max value="1"/><base><path value="Extension.value[x]"/><min value="0"/><max value="1"/></base><type><code value="CodeableConcept"/></type><maxLength value="0"/><mustSupport value="false"/><isModifier value="false"/><isSummary value="false"/><binding><strength value="preferred"/><valueSetReference><reference value="http://hl7.org/fhir/ValueSet/administration-method-codes"/></valueSetReference></binding><mapping><identity value="rim"/><map value="N/A"/></mapping></element><element id="doseandrate"><path value="Extension.extension"/><name value="doseandrate"/><definition value="The amount of medication administered."/><min value="0"/><max value="1"/><base><path value="Element.extension"/><min value="0"/><max value="*"/></base><type><code value="Extension"/><profile value="http://mcodeinitiative.org/us/mcode/StructureDefinition/obf-DoseAndRate-extension"/></type><maxLength value="0"/><mustSupport value="false"/><isModifier value="false"/><isSummary value="false"/><mapping><identity value="rim"/><map value="n/a"/></mapping></element><element id="maxdoseperperiod"><path value="Extension.extension"/><name value="maxdoseperperiod"/><definition value="The maximum amount of a medication to be taken in a given period of time (e.g., no more than x in any 24-hour period)"/><min value="0"/><max value="1"/><base><path value="Element.extension"/><min value="0"/><max value="*"/></base><type><code value="Extension"/><profile value="http://mcodeinitiative.org/us/mcode/StructureDefinition/obf-MaxDosePerPeriod-extension"/></type><maxLength value="0"/><mustSupport value="false"/><isModifier value="false"/><isSummary value="false"/><mapping><identity value="rim"/><map value="n/a"/></mapping></element><element id="maxdoseperadministration"><path value="Extension.extension"/><name value="maxdoseperadministration"/><definition value="Upper limit on medication per administration."/><min value="0"/><max value="1"/><base><path value="Element.extension"/><min value="0"/><max value="*"/></base><type><code value="Extension"/><profile value="http://mcodeinitiative.org/us/mcode/StructureDefinition/obf-MaxDosePerAdministration-extension"/></type><maxLength value="0"/><mustSupport value="false"/><isModifier value="false"/><isSummary value="false"/><mapping><identity value="rim"/><map value="n/a"/></mapping></element><element id="maxdoseperlifetime"><path value="Extension.extension"/><name value="maxdoseperlifetime"/><definition value="Upper limit on medication per lifetime of the patient."/><min value="0"/><max value="1"/><base><path value="Element.extension"/><min value="0"/><max value="*"/></base><type><code value="Extension"/><profile value="http://mcodeinitiative.org/us/mcode/StructureDefinition/obf-MaxDosePerLifetime-extension"/></type><maxLength value="0"/><mustSupport value="false"/><isModifier value="false"/><isSummary value="false"/><mapping><identity value="rim"/><map value="n/a"/></mapping></element><element id="Extension.url"><path value="Extension.url"/><representation value="xmlAttr"/><name value="Extension.url"/><short value="identifies the meaning of the extension"/><definition value="Source of the definition for the extension code - a logical name or a URL."/><comments value="The definition may point directly to a computable or human-readable definition of the extensibility codes, or it may be a logical URI as declared in some other specification. The definition should be version specific.  This will ideally be the URI for the Resource Profile defining the extension, with the code for the extension after a #."/><min value="1"/><max value="1"/><base><path value="Extension.url"/><min value="1"/><max value="1"/></base><type><code value="uri"/></type><fixedUri value="http://mcodeinitiative.org/us/mcode/StructureDefinition/obf-Dosage-extension"/><maxLength value="0"/><mustSupport value="false"/><isModifier value="false"/><isSummary value="false"/><mapping><identity value="rim"/><map value="N/A"/></mapping></element><element id="Extension.valuex"><path value="Extension.value[x]"/><name value="Extension.valuex"/><short value="Value of extension"/><definition value="Value of extension - may be a resource or one of a constrained set of the data types (see Extensibility in the spec for list)."/><min value="0"/><max value="0"/><base><path value="Extension.value[x]"/><min value="0"/><max value="1"/></base><type><code value="boolean"/></type><type><code value="integer"/></type><type><code value="decimal"/></type><type><code value="base64Binary"/></type><type><code value="instant"/></type><type><code value="string"/></type><type><code value="uri"/></type><type><code value="date"/></type><type><code value="dateTime"/></type><type><code value="time"/></type><type><code value="code"/></type><type><code value="oid"/></type><type><code value="id"/></type><type><code value="unsignedInt"/></type><type><code value="positiveInt"/></type><type><code value="markdown"/></type><type><code value="Annotation"/></type><type><code value="Attachment"/></type><type><code value="Identifier"/></type><type><code value="CodeableConcept"/></type><type><code value="Coding"/></type><type><code value="Quantity"/></type><type><code value="Range"/></type><type><code value="Period"/></type><type><code value="Ratio"/></type><type><code value="SampledData"/></type><type><code value="Signature"/></type><type><code value="HumanName"/></type><type><code value="Address"/></type><type><code value="ContactPoint"/></type><type><code value="Timing"/></type><type><code value="Reference"/></type><type><code value="Meta"/></type><maxLength value="0"/><mustSupport value="false"/><isModifier value="false"/><isSummary value="false"/><mapping><identity value="rim"/><map value="N/A"/></mapping></element></snapshot><differential><element id="Extension"><path value="Extension"/><name value="Extension"/><short value="Dosage"/><definition value="The dosage of the medication. The data structure is flexible and can describe a dosage prescribed, administered, or reported."/><min value="0"/><max value="*"/><type><code value="Extension"/></type><maxLength value="0"/><mustSupport value="false"/><isModifier value="false"/><isSummary value="false"/></element><element id="Extension.extension"><path value="Extension.extension"/><name value="Extension.extension"/><slicing><discriminator value="url"/><description value="Extensions are always sliced by (at least) url"/><ordered value="false"/><rules value="open"/></slicing><min value="0"/><maxLength value="0"/><mustSupport value="false"/><isModifier value="false"/><isSummary value="false"/></element><element id="dosesequencenumber"><path value="Extension.extension"/><name value="dosesequencenumber"/><definition value="Dose number within series."/><min value="0"/><max value="1"/><base><path value="Element.extension"/><min value="0"/><max value="*"/></base><type><code value="Extension"/><profile value="http://mcodeinitiative.org/us/mcode/StructureDefinition/obf-DoseSequenceNumber-extension"/></type><maxLength value="0"/><mustSupport value="false"/><isModifier value="false"/><isSummary value="false"/><mapping><identity value="rim"/><map value="n/a"/></mapping></element><element id="instructiontext"><path value="Extension.extension"/><name value="instructiontext"/><definition value="The directions (signetur) on the drug prescription or dispensing record."/><min value="0"/><max value="1"/><base><path value="Element.extension"/><min value="0"/><max value="*"/></base><type><code value="Extension"/><profile value="http://mcodeinitiative.org/us/mcode/StructureDefinition/obf-InstructionText-extension"/></type><maxLength value="0"/><mustSupport value="false"/><isModifier value="false"/><isSummary value="false"/><mapping><identity value="rim"/><map value="n/a"/></mapping></element><element id="instructioncode"><path value="Extension.extension"/><name value="instructioncode"/><definition value="Coded instructions, e.g., &#39;with meals&#39;."/><min value="0"/><max value="*"/><base><path value="Element.extension"/><min value="0"/><max value="*"/></base><type><code value="Extension"/><profile value="http://mcodeinitiative.org/us/mcode/StructureDefinition/obf-InstructionCode-extension"/></type><maxLength value="0"/><mustSupport value="false"/><isModifier value="false"/><isSummary value="false"/><mapping><identity value="rim"/><map value="n/a"/></mapping></element><element id="Extension.extension-instructioncode.valueCodeableConcept"><path value="Extension.extension.valueCodeableConcept"/><name value="Extension.extension-instructioncode.valueCodeableConcept"/><min value="0"/><maxLength value="0"/><mustSupport value="false"/><isModifier value="false"/><isSummary value="false"/><binding><strength value="example"/><valueSetReference><reference value="http://hl7.org/fhir/ValueSet/additional-instruction-codes"/></valueSetReference></binding></element><element id="patientinstruction"><path value="Extension.extension"/><name value="patientinstruction"/><definition value="Patient or consumer-oriented instructions."/><min value="0"/><max value="1"/><base><path value="Element.extension"/><min value="0"/><max value="*"/></base><type><code value="Extension"/><profile value="http://mcodeinitiative.org/us/mcode/StructureDefinition/obf-PatientInstruction-extension"/></type><maxLength value="0"/><mustSupport value="false"/><isModifier value="false"/><isSummary value="false"/><mapping><identity value="rim"/><map value="n/a"/></mapping></element><element id="timing"><path value="Extension.extension"/><name value="timing"/><definition value="A timing schedule that specifies an event that may occur multiple times.&#xA;Timing offers a choice of multiple OccurrenceTime (used is used to specify specific times), or recurrence patterns."/><min value="0"/><max value="1"/><base><path value="Element.extension"/><min value="0"/><max value="*"/></base><type><code value="Extension"/><profile value="http://mcodeinitiative.org/us/mcode/StructureDefinition/obf-datatype-Timing-extension"/></type><maxLength value="0"/><mustSupport value="false"/><isModifier value="false"/><isSummary value="false"/><mapping><identity value="rim"/><map value="n/a"/></mapping></element><element id="asneeded"><path value="Extension.extension"/><name value="asneeded"/><definition value="Preconditions for service, either &#39;true&#39; indicating to be performed if needed, or a code indicating the pre-condition for performing the service. For example &#39;pain&#39;, &#39;on flare-up&#39;, etc."/><min value="0"/><max value="1"/><base><path value="Element.extension"/><min value="0"/><max value="*"/></base><type><code value="Extension"/><profile value="http://mcodeinitiative.org/us/mcode/StructureDefinition/obf-AsNeeded-extension"/></type><maxLength value="0"/><mustSupport value="false"/><isModifier value="false"/><isSummary value="false"/><mapping><identity value="rim"/><map value="n/a"/></mapping></element><element id="administrationsite"><path value="Extension.extension"/><name value="administrationsite"/><definition value="The anatomic site at which the medication applied."/><min value="0"/><max value="1"/><base><path value="Element.extension"/><min value="0"/><max value="*"/></base><type><code value="Extension"/><profile value="http://mcodeinitiative.org/us/mcode/StructureDefinition/obf-AdministrationSite-extension"/></type><maxLength value="0"/><mustSupport value="false"/><isModifier value="false"/><isSummary value="false"/><mapping><identity value="rim"/><map value="n/a"/></mapping></element><element id="routeintobody"><path value="Extension.extension"/><name value="routeintobody"/><definition value="The way a substance enters an organism after contact, particularly, the route of drug administration."/><min value="0"/><max value="1"/><base><path value="Element.extension"/><min value="0"/><max value="*"/></base><type><code value="Extension"/><profile value="http://mcodeinitiative.org/us/mcode/StructureDefinition/obf-datatype-RouteIntoBody-extension"/></type><maxLength value="0"/><mustSupport value="false"/><isModifier value="false"/><isSummary value="false"/><mapping><identity value="rim"/><map value="n/a"/></mapping></element><element id="method"><path value="Extension.extension"/><name value="method"/><definition value="The technique used to carry out an action, for example, the specific imaging technical or assessment vehicle."/><min value="0"/><max value="1"/><base><path value="Element.extension"/><min value="0"/><max value="*"/></base><type><code value="Extension"/><profile value="http://mcodeinitiative.org/us/mcode/StructureDefinition/obf-Method-extension"/></type><maxLength value="0"/><mustSupport value="false"/><isModifier value="false"/><isSummary value="false"/><mapping><identity value="rim"/><map value="n/a"/></mapping></element><element id="Extension.extension-method.valueCodeableConcept"><path value="Extension.extension.valueCodeableConcept"/><name value="Extension.extension-method.valueCodeableConcept"/><min value="0"/><maxLength value="0"/><mustSupport value="false"/><isModifier value="false"/><isSummary value="false"/><binding><strength value="preferred"/><valueSetReference><reference value="http://hl7.org/fhir/ValueSet/administration-method-codes"/></valueSetReference></binding></element><element id="doseandrate"><path value="Extension.extension"/><name value="doseandrate"/><definition value="The amount of medication administered."/><min value="0"/><max value="1"/><base><path value="Element.extension"/><min value="0"/><max value="*"/></base><type><code value="Extension"/><profile value="http://mcodeinitiative.org/us/mcode/StructureDefinition/obf-DoseAndRate-extension"/></type><maxLength value="0"/><mustSupport value="false"/><isModifier value="false"/><isSummary value="false"/><mapping><identity value="rim"/><map value="n/a"/></mapping></element><element id="maxdoseperperiod"><path value="Extension.extension"/><name value="maxdoseperperiod"/><definition value="The maximum amount of a medication to be taken in a given period of time (e.g., no more than x in any 24-hour period)"/><min value="0"/><max value="1"/><base><path value="Element.extension"/><min value="0"/><max value="*"/></base><type><code value="Extension"/><profile value="http://mcodeinitiative.org/us/mcode/StructureDefinition/obf-MaxDosePerPeriod-extension"/></type><maxLength value="0"/><mustSupport value="false"/><isModifier value="false"/><isSummary value="false"/><mapping><identity value="rim"/><map value="n/a"/></mapping></element><element id="maxdoseperadministration"><path value="Extension.extension"/><name value="maxdoseperadministration"/><definition value="Upper limit on medication per administration."/><min value="0"/><max value="1"/><base><path value="Element.extension"/><min value="0"/><max value="*"/></base><type><code value="Extension"/><profile value="http://mcodeinitiative.org/us/mcode/StructureDefinition/obf-MaxDosePerAdministration-extension"/></type><maxLength value="0"/><mustSupport value="false"/><isModifier value="false"/><isSummary value="false"/><mapping><identity value="rim"/><map value="n/a"/></mapping></element><element id="maxdoseperlifetime"><path value="Extension.extension"/><name value="maxdoseperlifetime"/><definition value="Upper limit on medication per lifetime of the patient."/><min value="0"/><max value="1"/><base><path value="Element.extension"/><min value="0"/><max value="*"/></base><type><code value="Extension"/><profile value="http://mcodeinitiative.org/us/mcode/StructureDefinition/obf-MaxDosePerLifetime-extension"/></type><maxLength value="0"/><mustSupport value="false"/><isModifier value="false"/><isSummary value="false"/><mapping><identity value="rim"/><map value="n/a"/></mapping></element><element id="Extension.url"><path value="Extension.url"/><name value="Extension.url"/><min value="0"/><fixedUri value="http://mcodeinitiative.org/us/mcode/StructureDefinition/obf-Dosage-extension"/><maxLength value="0"/><mustSupport value="false"/><isModifier value="false"/><isSummary value="false"/></element><element id="Extension.valuex"><path value="Extension.value[x]"/><name value="Extension.valuex"/><min value="0"/><max value="0"/><maxLength value="0"/><mustSupport value="false"/><isModifier value="false"/><isSummary value="false"/></element></differential></StructureDefinition>