<?xml version="1.0" encoding="UTF-8"?><ValueSet xmlns="http://hl7.org/fhir"><id value="onco-core-CancerBodyLocationVS"/><text><status value="generated"/><div xmlns="http://www.w3.org/1999/xhtml">
<p><b>CancerBodyLocationVS ValueSet</b></p>
<p>Codes describing the location(s) of primary or secondary cancer. The value set includes all codes from the SNOMED CT body structure hierarchy (codes descending from 123037004 &#39;Body Structure&#39;). The cancer body location may also be expressed using ICD-O-3 topography codes, however, those codes are not included here due to intellectual property restrictions. No other code systems are considered conformant.</p>
</div></text><url value="http://mcodeinitiative.org/us/mcode/ValueSet/onco-core-CancerBodyLocationVS"/><version value="0.9.1"/><name value="CancerBodyLocationVS"/><status value="draft"/><publisher value="The MITRE Corporation"/><contact><telecom><system value="other"/><value value="http://standardhealthrecord.org"/><rank value="0"/></telecom></contact><date value="2019-10-23T00:00:00-04:00"/><description value="Codes describing the location(s) of primary or secondary cancer. The value set includes all codes from the SNOMED CT body structure hierarchy (codes descending from 123037004 &#39;Body Structure&#39;). The cancer body location may also be expressed using ICD-O-3 topography codes, however, those codes are not included here due to intellectual property restrictions. No other code systems are considered conformant."/><immutable value="false"/><compose><include><system value="http://snomed.info/sct"/><filter><property value="concept"/><op value="is-a"/><value value="123037004"/></filter></include></compose></ValueSet>