<?xml version="1.0" encoding="UTF-8"?><ValueSet xmlns="http://hl7.org/fhir"><id value="oncocore-CancerHistologicGradeVS"/><text><status value="generated"/><div xmlns="http://www.w3.org/1999/xhtml">
<p><b>CancerHistologicGradeVS ValueSet</b></p>
<p>The classification for the grade of the tumor. This is a subset of the LOINC answer list LL213-0, which represents allowable values for NAACCR data item #440. The original answer list is outdated, as it includes terms pointing to the lineage of hematopoietic/lymphoid neoplasms, which have been retired by NAACCR as of version 18 Data Standards and Data Dictionary.</p>
</div></text><url value="http://hl7.org/fhir/us/mcode/oncocore/vs/CancerHistologicGradeVS"/><identifier><system value="http://hl7.org/fhir/us/mcode"/><value value="oncocore.CancerHistologicGradeVS"/></identifier><version value="0.9.0 draft candidate 1"/><name value="CancerHistologicGradeVS"/><status value="draft"/><publisher value="The MITRE Corporation"/><contact><telecom><system value="other"/><value value="http://standardhealthrecord.org"/><rank value="0"/></telecom></contact><date value="2019-04-08T00:00:00-04:00"/><description value="The classification for the grade of the tumor. This is a subset of the LOINC answer list LL213-0, which represents allowable values for NAACCR data item #440. The original answer list is outdated, as it includes terms pointing to the lineage of hematopoietic/lymphoid neoplasms, which have been retired by NAACCR as of version 18 Data Standards and Data Dictionary."/><immutable value="false"/><compose><include><system value="http://snomed.info/sct"/><concept><code value="54102005"/><display value="G1 grade (finding)"/></concept><concept><code value="1663004"/><display value="G2 grade (finding)"/></concept><concept><code value="61026006"/><display value="G3 grade (finding)"/></concept><concept><code value="258245003"/><display value="G4 grade (finding)"/></concept><concept><code value="60815008"/><display value="Grade not determined (finding)"/></concept></include></compose></ValueSet>