<?xml version="1.0" encoding="UTF-8"?><ValueSet xmlns="http://hl7.org/fhir"><id value="obf-SurgicalProcedureVS"/><text><status value="generated"/><div xmlns="http://www.w3.org/1999/xhtml">
<p><b>SurgicalProcedureVS ValueSet</b></p>
<p>Codes describing surgical procedures. Includes codes from SNOMED CT under the hierarchy of 387713003 &#39;Surgical procedure&#39;. Codes from ICD-10-PCS and CPT are acceptable. CPT codes are not listed here due to intellectual property restrictions. ICD-10-PCS codes are not listed because of a limitation in the FHIR Implementation Guide publisher. For CPT and ICD-10-PCS, only codes representing surgical procedures should be included.

Conformance note: If an ICD-10-PCS code is used, and a semantically equivalent SNOMED CT or CPT code is available, the resulting Procedure instance will not be compliant with [US Core Profiles](http://hl7.org/fhir/us/core/STU3/index.html).</p>
</div></text><url value="http://mcodeinitiative.org/us/mcode/ValueSet/obf-SurgicalProcedureVS"/><version value="0.9.1"/><name value="SurgicalProcedureVS"/><status value="draft"/><publisher value="The MITRE Corporation"/><contact><telecom><system value="other"/><value value="http://standardhealthrecord.org"/><rank value="0"/></telecom></contact><date value="2019-10-23T00:00:00-04:00"/><description value="Codes describing surgical procedures. Includes codes from SNOMED CT under the hierarchy of 387713003 &#39;Surgical procedure&#39;. Codes from ICD-10-PCS and CPT are acceptable. CPT codes are not listed here due to intellectual property restrictions. ICD-10-PCS codes are not listed because of a limitation in the FHIR Implementation Guide publisher. For CPT and ICD-10-PCS, only codes representing surgical procedures should be included.&#xA;&#xA;Conformance note: If an ICD-10-PCS code is used, and a semantically equivalent SNOMED CT or CPT code is available, the resulting Procedure instance will not be compliant with [US Core Profiles](http://hl7.org/fhir/us/core/STU3/index.html)."/><immutable value="false"/><compose><include><system value="http://snomed.info/sct"/><filter><property value="concept"/><op value="is-a"/><value value="387713003"/></filter></include></compose></ValueSet>