<?xml version="1.0" encoding="UTF-8"?><ValueSet xmlns="http://hl7.org/fhir"><id value="oncocore-CancerStagingSystemVS"/><text><status value="generated"/><div xmlns="http://www.w3.org/1999/xhtml">
<p><b>CancerStagingSystemVS ValueSet</b></p>
<p>The system used to identify cancer/tumor stage</p>
</div></text><url value="http://hl7.org/fhir/us/mcode/oncocore/vs/CancerStagingSystemVS"/><identifier><system value="http://hl7.org/fhir/us/mcode"/><value value="oncocore.CancerStagingSystemVS"/></identifier><version value="0.9.0 draft candidate 1"/><name value="CancerStagingSystemVS"/><status value="draft"/><publisher value="The MITRE Corporation"/><contact><telecom><system value="other"/><value value="http://standardhealthrecord.org"/><rank value="0"/></telecom></contact><date value="2019-04-08T00:00:00-04:00"/><description value="The system used to identify cancer/tumor stage"/><immutable value="false"/><compose><include><system value="http://snomed.info/sct"/><filter><property value="concept"/><op value="is-a"/><value value="254292007"/></filter></include></compose></ValueSet>