<?xml version="1.0" encoding="UTF-8"?><ValueSet xmlns="http://hl7.org/fhir"><id value="shr-core-PerformanceGradingScaleVS"/><text><status value="generated"/><div xmlns="http://www.w3.org/1999/xhtml">
<p><b>PerformanceGradingScaleVS ValueSet</b></p>
<p>A simple performance grading scale. Also useful for grading quality and knowledge.</p>
</div></text><url value="http://hl7.org/fhir/us/mcode/shr/core/vs/PerformanceGradingScaleVS"/><identifier><system value="http://hl7.org/fhir/us/mcode"/><value value="shr.core.PerformanceGradingScaleVS"/></identifier><version value="0.9.0 Beta 1"/><name value="PerformanceGradingScaleVS"/><status value="draft"/><publisher value="The MITRE Corporation"/><contact><telecom><system value="other"/><value value="http://standardhealthrecord.org"/><rank value="0"/></telecom></contact><date value="2019-04-10T00:00:00-04:00"/><description value="A simple performance grading scale. Also useful for grading quality and knowledge."/><immutable value="false"/><codeSystem><system value="http://hl7.org/fhir/us/mcode/shr/core/cs/PerformanceGradingScaleCS"/><caseSensitive value="true"/><concept><code value="excellent"/><display value="Excellent"/><definition value="Excellent"/></concept><concept><code value="very_good"/><display value="Very good"/><definition value="Very good"/></concept><concept><code value="good"/><display value="Good"/><definition value="Good"/></concept><concept><code value="fair"/><display value="Fair"/><definition value="Fair"/></concept><concept><code value="poor"/><display value="Poor"/><definition value="Poor"/></concept></codeSystem></ValueSet>