<?xml version="1.0" encoding="UTF-8"?><ValueSet xmlns="http://hl7.org/fhir"><id value="obf-datatype-YesNoUnknownVS"/><text><status value="generated"/><div xmlns="http://www.w3.org/1999/xhtml">
<p><b>YesNoUnknownVS ValueSet</b></p>
<p>A value set containing yes, no, and unknown.</p>
</div></text><url value="http://mcodeinitiative.org/us/mcode/ValueSet/obf-datatype-YesNoUnknownVS"/><version value="0.9.1"/><name value="YesNoUnknownVS"/><status value="draft"/><publisher value="The MITRE Corporation"/><contact><telecom><system value="other"/><value value="http://standardhealthrecord.org"/><rank value="0"/></telecom></contact><date value="2019-10-23T00:00:00-04:00"/><description value="A value set containing yes, no, and unknown."/><immutable value="false"/><compose><include><system value="http://snomed.info/sct"/><concept><code value="373066001"/><display value="Yes"/></concept><concept><code value="373067005"/><display value="No"/></concept><concept><code value="261665006"/><display value="Unknown"/></concept></include></compose></ValueSet>