<?xml version="1.0" encoding="UTF-8"?>

<StructureDefinition xmlns="http://hl7.org/fhir">
  <id value="shr-core-IdentifierString-model"/>
  <text>
    <status value="generated"/><div xmlns="http://www.w3.org/1999/xhtml">
  <p><b>IdentifierString Logical Model</b></p>
  <p>An id for the item expressed as a string.</p>
</div>
  </text>
  <url value="http://hl7.org/fhir/us/odh/StructureDefinition/shr-core-IdentifierString-model"/>
  <identifier>
    <system value="http://hl7.org/fhir/us/odh"/>
    <value value="shr.core.IdentifierString"/>
  </identifier>
  <version value="1.0.0"/>
  <name value="IdentifierString"/>
  <title value="shr-core-IdentifierString"/>
  <status value="draft"/>
  <date value="2019-05-08T00:00:00-04:00"/>
  <publisher value="HL7"/>
  <contact>
    <telecom>
      <system value="url"/>
      <value value="http://standardhealthrecord.org"/>
    </telecom>
  </contact>
  <description value="An id for the item expressed as a string."/>
  <kind value="logical"/>
  <abstract value="false"/>
  <type value="shr-core-IdentifierString-model"/>
  <baseDefinition value="http://hl7.org/fhir/StructureDefinition/Element"/>
  <derivation value="specialization"/>
  <snapshot>
    <element id="shr-core-IdentifierString-model">
      <path value="shr-core-IdentifierString-model"/>
      <definition value="An id for the item expressed as a string."/>
      <min value="0"/>
      <max value="*"/>
      <base>
        <path value="shr-core-IdentifierString-model"/>
        <min value="0"/>
        <max value="*"/>
      </base>
      <mustSupport value="false"/>
      <isModifier value="false"/>
      <isSummary value="false"/>
    </element>
    <element id="shr-core-IdentifierString-model.value">
      <path value="shr-core-IdentifierString-model.value"/>
      <short value="String representing an id for the item expressed as a string."/>
      <definition value="String representing an id for the item expressed as a string."/>
      <min value="1"/>
      <max value="1"/>
      <base>
        <path value="shr-core-IdentifierString-model.value"/>
        <min value="1"/>
        <max value="1"/>
      </base>
      <type>
        <code value="string"/>
      </type>
      <mustSupport value="false"/>
      <isModifier value="false"/>
      <isSummary value="false"/>
    </element>
  </snapshot>
  <differential>
    <element id="shr-core-IdentifierString-model">
      <path value="shr-core-IdentifierString-model"/>
      <definition value="An id for the item expressed as a string."/>
      <min value="0"/>
      <max value="*"/>
      <base>
        <path value="shr-core-IdentifierString-model"/>
        <min value="0"/>
        <max value="*"/>
      </base>
      <mustSupport value="false"/>
      <isModifier value="false"/>
      <isSummary value="false"/>
    </element>
    <element id="shr-core-IdentifierString-model.value">
      <path value="shr-core-IdentifierString-model.value"/>
      <short value="String representing an id for the item expressed as a string."/>
      <definition value="String representing an id for the item expressed as a string."/>
      <min value="1"/>
      <max value="1"/>
      <base>
        <path value="shr-core-IdentifierString-model.value"/>
        <min value="1"/>
        <max value="1"/>
      </base>
      <type>
        <code value="string"/>
      </type>
      <mustSupport value="false"/>
      <isModifier value="false"/>
      <isSummary value="false"/>
    </element>
  </differential>
</StructureDefinition>