<?xml version="1.0" encoding="UTF-8"?>

<StructureDefinition xmlns="http://hl7.org/fhir">
  <id value="shr-core-Patient"/>
  <text>
    <status value="generated"/><div xmlns="http://www.w3.org/1999/xhtml">
  <p><b>Patient Profile</b></p>
  <p>A person in the role of a patient. Sometimes, the patient is not the subject of information in a clinical statement where the Patient is the SubjectOfRecord.

SHR follows Argonaut and makes the value set binding on marital status required. SHR also adds optional extensions on communication ability to more fully characterize language skills.
MaritalStatus has a required binding in Argonaut, but an extensible binding in US-Core. To be feasible under both DSTU2 Argonaut and STU3 US-Core, the required binding strength is adopted.</p>
  <p><b>Mapping Summary</b></p>
  <p><pre>shr.core.Patient maps to http://hl7.org/fhir/us/core/StructureDefinition/us-core-patient:
  Language maps to language
  Narrative maps to text
  ImplicitRules maps to implicitRules
  Metadata.VersionId maps to meta.versionId
  Metadata.Profile maps to meta.profile
  Metadata.LastUpdated maps to meta.lastUpdated
  Metadata.SecurityLabel maps to meta.security
  Metadata.Tag maps to meta.tag
  Identifier maps to identifier
  constrain active to 0..0
  Status maps to extension
  Person.HumanName maps to name
  Person.AdministrativeGender maps to gender
  Person.PhotographicImage maps to photo
  Person.Address maps to address
  Person.ContactPoint maps to telecom
  Person.Communication.Language maps to communication.language
  Person.Communication.Preferred maps to communication.preferred
  Person.Communication.SpokenLanguageProficiency maps to communication.extension
  Person.Communication.WrittenLanguageProficiency maps to communication.extension
  Person.Communication.LanguageQualifier maps to communication.extension
  Person.DateOfBirth maps to birthDate
  Person.MaritalStatus maps to maritalStatus
  Person.MultipleBirth maps to multipleBirth[x]
  Person.BirthSex maps to http://hl7.org/fhir/us/core/StructureDefinition/us-core-birthsex
  Person.Race maps to http://hl7.org/fhir/us/core/StructureDefinition/us-core-race
  Person.Ethnicity maps to http://hl7.org/fhir/us/core/StructureDefinition/us-core-ethnicity
  Person.Deceased maps to deceased[x]
</pre></p>
</div>
  </text>
  <url value="http://hl7.org/fhir/us/shr/StructureDefinition/shr-core-Patient"/>
  <identifier>
    <system value="http://hl7.org/fhir/us/odh"/>
    <value value="shr.core.Patient"/>
  </identifier>
  <version value="1.0.0"/>
  <name value="Patient"/>
  <title value="shr-core-Patient"/>
  <status value="draft"/>
  <date value="2019-04-08T00:00:00-04:00"/>
  <publisher value="HL7"/>
  <contact>
    <telecom>
      <system value="url"/>
      <value value="http://standardhealthrecord.org"/>
    </telecom>
  </contact>
  <description value="A person in the role of a patient. Sometimes, the patient is not the subject of information in a clinical statement where the Patient is the SubjectOfRecord.&#xA;&#xA;SHR follows Argonaut and makes the value set binding on marital status required. SHR also adds optional extensions on communication ability to more fully characterize language skills.&#xA;MaritalStatus has a required binding in Argonaut, but an extensible binding in US-Core. To be feasible under both DSTU2 Argonaut and STU3 US-Core, the required binding strength is adopted."/>
  <jurisdiction>
    <coding>
      <system value="urn:iso:std:iso:3166"/>
      <code value="US"/>
      <display value="United States of America"/>
    </coding>
  </jurisdiction>
  <keyword>
    <system value="http://ncimeta.nci.nih.gov"/>
    <code value="C1299487"/>
  </keyword>
  <fhirVersion value="3.0.1"/>
  <mapping>
    <identity value="argonaut-dq-dstu2"/>
    <uri value="http://unknown.org/Argonaut%20DQ%20DSTU2"/>
    <name value="Argonaut DQ DSTU2"/>
  </mapping>
  <mapping>
    <identity value="rim"/>
    <uri value="http://hl7.org/v3"/>
    <name value="RIM Mapping"/>
  </mapping>
  <mapping>
    <identity value="cda"/>
    <uri value="http://hl7.org/v3/cda"/>
    <name value="CDA (R2)"/>
  </mapping>
  <mapping>
    <identity value="w5"/>
    <uri value="http://hl7.org/fhir/w5"/>
    <name value="W5 Mapping"/>
  </mapping>
  <mapping>
    <identity value="v2"/>
    <uri value="http://hl7.org/v2"/>
    <name value="HL7 v2 Mapping"/>
  </mapping>
  <mapping>
    <identity value="loinc"/>
    <uri value="http://loinc.org"/>
    <name value="LOINC code for the element"/>
  </mapping>
  <kind value="resource"/>
  <abstract value="false"/>
  <type value="Patient"/>
  <baseDefinition value="http://hl7.org/fhir/us/core/StructureDefinition/us-core-patient"/>
  <derivation value="constraint"/>
  <snapshot>
    <element id="Patient:shr-core-Patient">
      <path value="Patient"/>
      <short value="shr-core-Patient"/>
      <definition value="A person in the role of a patient. Sometimes, the patient is not the subject of information in a clinical statement where the Patient is the SubjectOfRecord.&#xA;&#xA;SHR follows Argonaut and makes the value set binding on marital status required. SHR also adds optional extensions on communication ability to more fully characterize language skills.&#xA;MaritalStatus has a required binding in Argonaut, but an extensible binding in US-Core. To be feasible under both DSTU2 Argonaut and STU3 US-Core, the required binding strength is adopted."/>
      <alias value="SubjectOfCare Client Resident"/>
      <min value="0"/>
      <max value="*"/>
      <base>
        <path value="Patient"/>
        <min value="0"/>
        <max value="*"/>
      </base>
      <constraint>
        <key value="dom-2"/>
        <severity value="error"/>
        <human value="If the resource is contained in another resource, it SHALL NOT contain nested Resources"/>
        <expression value="contained.contained.empty()"/>
        <xpath value="not(parent::f:contained and f:contained)"/>
        <source value="DomainResource"/>
      </constraint>
      <constraint>
        <key value="dom-1"/>
        <severity value="error"/>
        <human value="If the resource is contained in another resource, it SHALL NOT contain any narrative"/>
        <expression value="contained.text.empty()"/>
        <xpath value="not(parent::f:contained and f:text)"/>
        <source value="DomainResource"/>
      </constraint>
      <constraint>
        <key value="dom-4"/>
        <severity value="error"/>
        <human value="If a resource is contained in another resource, it SHALL NOT have a meta.versionId or a meta.lastUpdated"/>
        <expression value="contained.meta.versionId.empty() and contained.meta.lastUpdated.empty()"/>
        <xpath value="not(exists(f:contained/*/f:meta/f:versionId)) and not(exists(f:contained/*/f:meta/f:lastUpdated))"/>
        <source value="DomainResource"/>
      </constraint>
      <constraint>
        <key value="dom-3"/>
        <severity value="error"/>
        <human value="If the resource is contained in another resource, it SHALL be referred to from elsewhere in the resource"/>
        <expression value="contained.where((&#39;#&#39;+id in %resource.descendants().reference).not()).empty()"/>
        <xpath value="not(exists(for $id in f:contained/*/@id return $id[not(ancestor::f:contained/parent::*/descendant::f:reference/@value=concat(&#39;#&#39;, $id))]))"/>
        <source value="DomainResource"/>
      </constraint>
      <mustSupport value="false"/>
      <mapping>
        <identity value="rim"/>
        <map value="Entity. Role, or Act"/>
      </mapping>
      <mapping>
        <identity value="rim"/>
        <map value="Patient[classCode=PAT]"/>
      </mapping>
      <mapping>
        <identity value="cda"/>
        <map value="ClinicalDocument.recordTarget.patientRole"/>
      </mapping>
      <mapping>
        <identity value="w5"/>
        <map value="administrative.individual"/>
      </mapping>
      <mapping>
        <identity value="argonaut-dq-dstu2"/>
        <map value="Patient"/>
      </mapping>
    </element>
    <element id="Patient:shr-core-Patient.id">
      <path value="Patient.id"/>
      <short value="Logical id of this artifact"/>
      <definition value="The logical id of the resource, as used in the URL for the resource. Once assigned, this value never changes."/>
      <comment value="The only time that a resource does not have an id is when it is being submitted to the server using a create operation."/>
      <min value="0"/>
      <max value="1"/>
      <base>
        <path value="Resource.id"/>
        <min value="0"/>
        <max value="1"/>
      </base>
      <type>
        <code value="id"/>
      </type>
      <isSummary value="true"/>
    </element>
    <element id="Patient:shr-core-Patient.meta">
      <path value="Patient.meta"/>
      <short value="Metadata about the resource"/>
      <definition value="The metadata about the resource. This is content that is maintained by the infrastructure. Changes to the content may not always be associated with version changes to the resource."/>
      <min value="0"/>
      <max value="1"/>
      <base>
        <path value="Resource.meta"/>
        <min value="0"/>
        <max value="1"/>
      </base>
      <type>
        <code value="Meta"/>
      </type>
      <isSummary value="true"/>
    </element>
    <element id="Patient:shr-core-Patient.implicitRules">
      <path value="Patient.implicitRules"/>
      <short value="A set of rules under which this content was created"/>
      <definition value="A reference to a set of rules that were followed when the resource was constructed, and which must be understood when processing the content."/>
      <comment value="Asserting this rule set restricts the content to be only understood by a limited set of trading partners. This inherently limits the usefulness of the data in the long term. However, the existing health eco-system is highly fractured, and not yet ready to define, collect, and exchange data in a generally computable sense. Wherever possible, implementers and/or specification writers should avoid using this element. &#xA;&#xA;This element is labelled as a modifier because the implicit rules may provide additional knowledge about the resource that modifies it&#39;s meaning or interpretation."/>
      <min value="0"/>
      <max value="1"/>
      <base>
        <path value="Resource.implicitRules"/>
        <min value="0"/>
        <max value="1"/>
      </base>
      <type>
        <code value="uri"/>
      </type>
      <isModifier value="true"/>
      <isSummary value="true"/>
    </element>
    <element id="Patient:shr-core-Patient.language">
      <path value="Patient.language"/>
      <short value="Language of the resource content"/>
      <definition value="The base language in which the resource is written."/>
      <comment value="Language is provided to support indexing and accessibility (typically, services such as text to speech use the language tag). The html language tag in the narrative applies  to the narrative. The language tag on the resource may be used to specify the language of other presentations generated from the data in the resource  Not all the content has to be in the base language. The Resource.language should not be assumed to apply to the narrative automatically. If a language is specified, it should it also be specified on the div element in the html (see rules in HTML5 for information about the relationship between xml:lang and the html lang attribute)."/>
      <min value="0"/>
      <max value="1"/>
      <base>
        <path value="Resource.language"/>
        <min value="0"/>
        <max value="1"/>
      </base>
      <type>
        <code value="code"/>
      </type>
      <binding>
        <extension url="http://hl7.org/fhir/StructureDefinition/elementdefinition-maxValueSet">
          <valueReference>
            <reference value="http://hl7.org/fhir/ValueSet/all-languages"/>
          </valueReference>
        </extension>
        <extension url="http://hl7.org/fhir/StructureDefinition/elementdefinition-bindingName">
          <valueString value="Language"/>
        </extension>
        <extension url="http://hl7.org/fhir/StructureDefinition/elementdefinition-isCommonBinding">
          <valueBoolean value="true"/>
        </extension>
        <strength value="extensible"/>
        <description value="A human language."/>
        <valueSetReference>
          <reference value="http://hl7.org/fhir/ValueSet/languages"/>
        </valueSetReference>
      </binding>
    </element>
    <element id="Patient:shr-core-Patient.text">
      <path value="Patient.text"/>
      <short value="Text summary of the resource, for human interpretation"/>
      <definition value="A human-readable narrative that contains a summary of the resource, and may be used to represent the content of the resource to a human. The narrative need not encode all the structured data, but is required to contain sufficient detail to make it &quot;clinically safe&quot; for a human to just read the narrative. Resource definitions may define what content should be represented in the narrative to ensure clinical safety."/>
      <comment value="Contained resources do not have narrative. Resources that are not contained SHOULD have a narrative. In some cases, a resource may only have text with little or no additional discrete data (as long as all minOccurs=1 elements are satisfied).  This may be necessary for data from legacy systems where information is captured as a &quot;text blob&quot; or where text is additionally entered raw or narrated and encoded in formation is added later."/>
      <alias value="narrative"/>
      <alias value="html"/>
      <alias value="xhtml"/>
      <alias value="display"/>
      <min value="0"/>
      <max value="1"/>
      <base>
        <path value="DomainResource.text"/>
        <min value="0"/>
        <max value="1"/>
      </base>
      <type>
        <code value="Narrative"/>
      </type>
      <condition value="dom-1"/>
      <mapping>
        <identity value="rim"/>
        <map value="Act.text?"/>
      </mapping>
    </element>
    <element id="Patient:shr-core-Patient.contained">
      <path value="Patient.contained"/>
      <short value="Contained, inline Resources"/>
      <definition value="These resources do not have an independent existence apart from the resource that contains them - they cannot be identified independently, and nor can they have their own independent transaction scope."/>
      <comment value="This should never be done when the content can be identified properly, as once identification is lost, it is extremely difficult (and context dependent) to restore it again."/>
      <alias value="inline resources"/>
      <alias value="anonymous resources"/>
      <alias value="contained resources"/>
      <min value="0"/>
      <max value="*"/>
      <base>
        <path value="DomainResource.contained"/>
        <min value="0"/>
        <max value="*"/>
      </base>
      <type>
        <code value="Resource"/>
      </type>
      <mapping>
        <identity value="rim"/>
        <map value="N/A"/>
      </mapping>
    </element>
    <element id="Patient:shr-core-Patient.extension">
      <path value="Patient.extension"/>
      <slicing id="1">
        <discriminator>
          <type value="value"/>
          <path value="url"/>
        </discriminator>
        <ordered value="false"/>
        <rules value="open"/>
      </slicing>
      <short value="Extension"/>
      <definition value="An Extension"/>
      <min value="0"/>
      <max value="*"/>
      <base>
        <path value="DomainResource.extension"/>
        <min value="0"/>
        <max value="*"/>
      </base>
      <type>
        <code value="Extension"/>
      </type>
    </element>
    <element id="Patient:shr-core-Patient.extension:race">
      <path value="Patient.extension"/>
      <sliceName value="race"/>
      <definition value="An Extension"/>
      <min value="0"/>
      <max value="1"/>
      <base>
        <path value="DomainResource.extension"/>
        <min value="0"/>
        <max value="*"/>
      </base>
      <type>
        <code value="Extension"/>
        <profile value="http://hl7.org/fhir/us/core/StructureDefinition/us-core-race"/>
      </type>
      <mustSupport value="true"/>
      <isModifier value="false"/>
      <mapping>
        <identity value="argonaut-dq-dstu2"/>
        <map value="Patient.extension"/>
      </mapping>
    </element>
    <element id="Patient:shr-core-Patient.extension:ethnicity">
      <path value="Patient.extension"/>
      <sliceName value="ethnicity"/>
      <definition value="An Extension"/>
      <min value="0"/>
      <max value="1"/>
      <base>
        <path value="DomainResource.extension"/>
        <min value="0"/>
        <max value="*"/>
      </base>
      <type>
        <code value="Extension"/>
        <profile value="http://hl7.org/fhir/us/core/StructureDefinition/us-core-ethnicity"/>
      </type>
      <mustSupport value="true"/>
      <isModifier value="false"/>
      <mapping>
        <identity value="argonaut-dq-dstu2"/>
        <map value="Patient.extension"/>
      </mapping>
    </element>
    <element id="Patient:shr-core-Patient.extension:birthsex">
      <path value="Patient.extension"/>
      <sliceName value="birthsex"/>
      <definition value="An Extension"/>
      <min value="0"/>
      <max value="1"/>
      <base>
        <path value="DomainResource.extension"/>
        <min value="0"/>
        <max value="*"/>
      </base>
      <type>
        <code value="Extension"/>
        <profile value="http://hl7.org/fhir/us/core/StructureDefinition/us-core-birthsex"/>
      </type>
      <mustSupport value="true"/>
      <isModifier value="false"/>
      <mapping>
        <identity value="argonaut-dq-dstu2"/>
        <map value="Patient.extension"/>
      </mapping>
    </element>
    <element id="Patient:shr-core-Patient.extension:status">
      <path value="Patient.extension"/>
      <sliceName value="status"/>
      <definition value="A state that relates to the workflow or interpretation of this resource. Certain status values can modify the meaning of the resource, for example, entered-in-error. When a boolean value is used, Status of true indicates the record is active, false means inactive."/>
      <min value="0"/>
      <max value="1"/>
      <base>
        <path value="DomainResource.extension"/>
        <min value="0"/>
        <max value="*"/>
      </base>
      <type>
        <code value="Extension"/>
        <profile value="http://hl7.org/fhir/us/shr/StructureDefinition/shr-core-Status-extension"/>
      </type>
    </element>
    <element id="Patient:shr-core-Patient.extension:status.id">
      <path value="Patient.extension.id"/>
      <representation value="xmlAttr"/>
      <short value="xml:id (or equivalent in JSON)"/>
      <definition value="unique id for the element within a resource (for internal references). This may be any string value that does not contain spaces."/>
      <min value="0"/>
      <max value="1"/>
      <base>
        <path value="Element.id"/>
        <min value="0"/>
        <max value="1"/>
      </base>
      <type>
        <code value="string"/>
      </type>
      <mapping>
        <identity value="rim"/>
        <map value="N/A"/>
      </mapping>
    </element>
    <element id="Patient:shr-core-Patient.extension:status.extension:extension">
      <path value="Patient.extension.extension"/>
      <short value="Extension"/>
      <definition value="An Extension"/>
      <min value="0"/>
      <max value="0"/>
      <base>
        <path value="Element.extension"/>
        <min value="0"/>
        <max value="*"/>
      </base>
      <type>
        <code value="Extension"/>
      </type>
    </element>
    <element id="Patient:shr-core-Patient.extension:status.url">
      <path value="Patient.extension.url"/>
      <representation value="xmlAttr"/>
      <short value="identifies the meaning of the extension"/>
      <definition value="Source of the definition for the extension code - a logical name or a URL."/>
      <min value="1"/>
      <max value="1"/>
      <base>
        <path value="Extension.url"/>
        <min value="1"/>
        <max value="1"/>
      </base>
      <type>
        <code value="uri"/>
      </type>
      <fixedUri value="http://hl7.org/fhir/us/shr/StructureDefinition/shr-core-Status-extension"/>
      <mapping>
        <identity value="rim"/>
        <map value="N/A"/>
      </mapping>
    </element>
    <element id="Patient:shr-core-Patient.extension:status.valueCodeableConcept">
      <path value="Patient.extension.valueCodeableConcept"/>
      <short value="Value of extension"/>
      <definition value="Value of extension - may be a resource or one of a constrained set of the data types (see Extensibility in the spec for list)."/>
      <min value="1"/>
      <max value="1"/>
      <base>
        <path value="Extension.value[x]"/>
        <min value="0"/>
        <max value="1"/>
      </base>
      <type>
        <code value="CodeableConcept"/>
      </type>
      <binding>
        <strength value="required"/>
        <valueSetReference>
          <reference value="http://hl7.org/fhir/us/odh/shr/core/vs/ActiveOrInactiveVS"/>
        </valueSetReference>
      </binding>
      <mapping>
        <identity value="rim"/>
        <map value="N/A"/>
      </mapping>
    </element>
    <element id="Patient:shr-core-Patient.modifierExtension">
      <path value="Patient.modifierExtension"/>
      <short value="Extensions that cannot be ignored"/>
      <definition value="May be used to represent additional information that is not part of the basic definition of the resource, and that modifies the understanding of the element that contains it. Usually modifier elements provide negation or qualification. In order to make the use of extensions safe and manageable, there is a strict set of governance applied to the definition and use of extensions. Though any implementer is allowed to define an extension, there is a set of requirements that SHALL be met as part of the definition of the extension. Applications processing a resource are required to check for modifier extensions."/>
      <comment value="There can be no stigma associated with the use of extensions by any application, project, or standard - regardless of the institution or jurisdiction that uses or defines the extensions.  The use of extensions is what allows the FHIR specification to retain a core level of simplicity for everyone."/>
      <alias value="extensions"/>
      <alias value="user content"/>
      <min value="0"/>
      <max value="*"/>
      <base>
        <path value="DomainResource.modifierExtension"/>
        <min value="0"/>
        <max value="*"/>
      </base>
      <type>
        <code value="Extension"/>
      </type>
      <isModifier value="true"/>
      <mapping>
        <identity value="rim"/>
        <map value="N/A"/>
      </mapping>
    </element>
    <element id="Patient:shr-core-Patient.identifier">
      <path value="Patient.identifier"/>
      <short value="An identifier for this patient"/>
      <definition value="An identifier for this patient."/>
      <requirements value="Patients are almost always assigned specific numerical identifiers."/>
      <min value="1"/>
      <max value="*"/>
      <base>
        <path value="Patient.identifier"/>
        <min value="0"/>
        <max value="*"/>
      </base>
      <type>
        <code value="Identifier"/>
      </type>
      <mustSupport value="true"/>
      <isSummary value="true"/>
      <mapping>
        <identity value="v2"/>
        <map value="PID-3"/>
      </mapping>
      <mapping>
        <identity value="rim"/>
        <map value="id"/>
      </mapping>
      <mapping>
        <identity value="cda"/>
        <map value=".id"/>
      </mapping>
      <mapping>
        <identity value="w5"/>
        <map value="id"/>
      </mapping>
      <mapping>
        <identity value="argonaut-dq-dstu2"/>
        <map value="Patient.identifier"/>
      </mapping>
    </element>
    <element id="Patient:shr-core-Patient.active">
      <path value="Patient.active"/>
      <short value="Whether this patient&#39;s record is in active use"/>
      <definition value="Whether this patient record is in active use."/>
      <comment value="Default is true. If a record is inactive, and linked to an active record, then future patient/record updates should occur on the other patient&#xA;&#xA;This element is labeled as a modifier because when the patient record is marked as not active it is not expected to be used/referenced without being changed back to active."/>
      <requirements value="Need to be able to mark a patient record as not to be used because it was created in error."/>
      <min value="0"/>
      <max value="0"/>
      <base>
        <path value="Patient.active"/>
        <min value="0"/>
        <max value="1"/>
      </base>
      <type>
        <code value="boolean"/>
      </type>
      <defaultValueBoolean value="true"/>
      <isModifier value="true"/>
      <isSummary value="true"/>
      <mapping>
        <identity value="rim"/>
        <map value="statusCode"/>
      </mapping>
      <mapping>
        <identity value="cda"/>
        <map value="n/a"/>
      </mapping>
      <mapping>
        <identity value="w5"/>
        <map value="status"/>
      </mapping>
    </element>
    <element id="Patient:shr-core-Patient.name">
      <path value="Patient.name"/>
      <short value="A name associated with the patient"/>
      <definition value="A name associated with the individual."/>
      <comment value="A patient may have multiple names with different uses or applicable periods. For animals, the name is a &quot;HumanName&quot; in the sense that is assigned and used by humans and has the same patterns."/>
      <requirements value="Need to be able to track the patient by multiple names. Examples are your official name and a partner name."/>
      <min value="1"/>
      <max value="*"/>
      <base>
        <path value="Patient.name"/>
        <min value="0"/>
        <max value="*"/>
      </base>
      <type>
        <code value="HumanName"/>
      </type>
      <mustSupport value="true"/>
      <isSummary value="true"/>
      <mapping>
        <identity value="v2"/>
        <map value="PID-5, PID-9"/>
      </mapping>
      <mapping>
        <identity value="rim"/>
        <map value="name"/>
      </mapping>
      <mapping>
        <identity value="cda"/>
        <map value=".patient.name"/>
      </mapping>
      <mapping>
        <identity value="argonaut-dq-dstu2"/>
        <map value="Patient.name"/>
      </mapping>
    </element>
    <element id="Patient:shr-core-Patient.telecom">
      <path value="Patient.telecom"/>
      <short value="A contact detail for the individual"/>
      <definition value="A contact detail (e.g. a telephone number or an email address) by which the individual may be contacted."/>
      <comment value="A Patient may have multiple ways to be contacted with different uses or applicable periods.  May need to have options for contacting the person urgently and also to help with identification. The address may not go directly to the individual, but may reach another party that is able to proxy for the patient (i.e. home phone, or pet owner&#39;s phone)."/>
      <requirements value="People have (primary) ways to contact them in some way such as phone, email."/>
      <min value="0"/>
      <max value="*"/>
      <base>
        <path value="Patient.telecom"/>
        <min value="0"/>
        <max value="*"/>
      </base>
      <type>
        <code value="ContactPoint"/>
      </type>
      <isSummary value="true"/>
      <mapping>
        <identity value="v2"/>
        <map value="PID-13, PID-14, PID-40"/>
      </mapping>
      <mapping>
        <identity value="rim"/>
        <map value="telecom"/>
      </mapping>
      <mapping>
        <identity value="cda"/>
        <map value=".telecom"/>
      </mapping>
    </element>
    <element id="Patient:shr-core-Patient.gender">
      <path value="Patient.gender"/>
      <short value="male | female | other | unknown"/>
      <definition value="Administrative Gender - the gender that the patient is considered to have for administration and record keeping purposes."/>
      <comment value="The gender may not match the biological sex as determined by genetics, or the individual&#39;s preferred identification. Note that for both humans and particularly animals, there are other legitimate possibilities than M and F, though the vast majority of systems and contexts only support M and F.  Systems providing decision support or enforcing business rules should ideally do this on the basis of Observations dealing with the specific gender aspect of interest (anatomical, chromosonal, social, etc.)  However, because these observations are infrequently recorded, defaulting to the administrative gender is common practice.  Where such defaulting occurs, rule enforcement should allow for the variation between administrative and biological, chromosonal and other gender aspects.  For example, an alert about a hysterectomy on a male should be handled as a warning or overrideable error, not a &quot;hard&quot; error."/>
      <requirements value="Needed for identification of the individual, in combination with (at least) name and birth date. Gender of individual drives many clinical processes."/>
      <min value="1"/>
      <max value="1"/>
      <base>
        <path value="Patient.gender"/>
        <min value="0"/>
        <max value="1"/>
      </base>
      <type>
        <code value="code"/>
      </type>
      <mustSupport value="true"/>
      <isSummary value="true"/>
      <binding>
        <strength value="required"/>
        <valueSetReference>
          <reference value="http://hl7.org/fhir/ValueSet/administrative-gender"/>
        </valueSetReference>
      </binding>
      <mapping>
        <identity value="v2"/>
        <map value="PID-8"/>
      </mapping>
      <mapping>
        <identity value="rim"/>
        <map value="player[classCode=PSN|ANM and determinerCode=INSTANCE]/administrativeGender"/>
      </mapping>
      <mapping>
        <identity value="cda"/>
        <map value=".patient.administrativeGenderCode"/>
      </mapping>
      <mapping>
        <identity value="argonaut-dq-dstu2"/>
        <map value="Patient.gender"/>
      </mapping>
    </element>
    <element id="Patient:shr-core-Patient.birthDate">
      <path value="Patient.birthDate"/>
      <short value="The date of birth for the individual"/>
      <definition value="The date of birth for the individual."/>
      <comment value="At least an estimated year should be provided as a guess if the real DOB is unknown  There is a standard extension &quot;patient-birthTime&quot; available that should be used where Time is required (such as in maternaty/infant care systems)."/>
      <requirements value="Age of the individual drives many clinical processes."/>
      <min value="0"/>
      <max value="1"/>
      <base>
        <path value="Patient.birthDate"/>
        <min value="0"/>
        <max value="1"/>
      </base>
      <type>
        <code value="date"/>
      </type>
      <mustSupport value="true"/>
      <isSummary value="true"/>
      <mapping>
        <identity value="v2"/>
        <map value="PID-7"/>
      </mapping>
      <mapping>
        <identity value="rim"/>
        <map value="player[classCode=PSN|ANM and determinerCode=INSTANCE]/birthTime"/>
      </mapping>
      <mapping>
        <identity value="cda"/>
        <map value=".patient.birthTime"/>
      </mapping>
      <mapping>
        <identity value="loinc"/>
        <map value="21112-8"/>
      </mapping>
      <mapping>
        <identity value="argonaut-dq-dstu2"/>
        <map value="Patient.birthDate"/>
      </mapping>
    </element>
    <element id="Patient:shr-core-Patient.deceased[x]">
      <path value="Patient.deceased[x]"/>
      <short value="Indicates if the individual is deceased or not"/>
      <definition value="Indicates if the individual is deceased or not."/>
      <comment value="If there&#39;s no value in the instance it means there is no statement on whether or not the individual is deceased. Most systems will interpret the absence of a value as a sign of the person being alive.&#xA;&#xA;This element is labeled as a modifier because once a patient is marked as deceased, the actions that are appropriate to perform on the patient may be significantly different."/>
      <requirements value="The fact that a patient is deceased influences the clinical process. Also, in human communication and relation management it is necessary to know whether the person is alive."/>
      <min value="0"/>
      <max value="1"/>
      <base>
        <path value="Patient.deceased[x]"/>
        <min value="0"/>
        <max value="1"/>
      </base>
      <type>
        <code value="boolean"/>
      </type>
      <type>
        <code value="dateTime"/>
      </type>
      <isModifier value="true"/>
      <isSummary value="true"/>
      <mapping>
        <identity value="v2"/>
        <map value="PID-30  (bool) and PID-29 (datetime)"/>
      </mapping>
      <mapping>
        <identity value="rim"/>
        <map value="player[classCode=PSN|ANM and determinerCode=INSTANCE]/deceasedInd, player[classCode=PSN|ANM and determinerCode=INSTANCE]/deceasedTime"/>
      </mapping>
      <mapping>
        <identity value="cda"/>
        <map value="n/a"/>
      </mapping>
    </element>
    <element id="Patient:shr-core-Patient.address">
      <path value="Patient.address"/>
      <short value="Addresses for the individual"/>
      <definition value="Addresses for the individual."/>
      <comment value="Patient may have multiple addresses with different uses or applicable periods."/>
      <requirements value="May need to keep track of patient addresses for contacting, billing or reporting requirements and also to help with identification."/>
      <min value="0"/>
      <max value="*"/>
      <base>
        <path value="Patient.address"/>
        <min value="0"/>
        <max value="*"/>
      </base>
      <type>
        <code value="Address"/>
      </type>
      <isSummary value="true"/>
      <mapping>
        <identity value="v2"/>
        <map value="PID-11"/>
      </mapping>
      <mapping>
        <identity value="rim"/>
        <map value="addr"/>
      </mapping>
      <mapping>
        <identity value="cda"/>
        <map value=".addr"/>
      </mapping>
    </element>
    <element id="Patient:shr-core-Patient.maritalStatus">
      <path value="Patient.maritalStatus"/>
      <short value="Marital (civil) status of a patient"/>
      <definition value="This field contains a patient&#39;s most recent marital (civil) status."/>
      <requirements value="Most, if not all systems capture it."/>
      <min value="0"/>
      <max value="1"/>
      <base>
        <path value="Patient.maritalStatus"/>
        <min value="0"/>
        <max value="1"/>
      </base>
      <type>
        <code value="CodeableConcept"/>
      </type>
      <binding>
        <extension url="http://hl7.org/fhir/StructureDefinition/elementdefinition-bindingName">
          <valueString value="MaritalStatus"/>
        </extension>
        <extension url="http://hl7.org/fhir/StructureDefinition/elementdefinition-isCommonBinding">
          <valueBoolean value="true"/>
        </extension>
        <strength value="required"/>
        <description value="The domestic partnership status of a person."/>
        <valueSetReference>
          <reference value="http://hl7.org/fhir/ValueSet/marital-status"/>
        </valueSetReference>
      </binding>
      <mapping>
        <identity value="v2"/>
        <map value="PID-16"/>
      </mapping>
      <mapping>
        <identity value="rim"/>
        <map value="player[classCode=PSN]/maritalStatusCode"/>
      </mapping>
      <mapping>
        <identity value="cda"/>
        <map value=".patient.maritalStatusCode"/>
      </mapping>
    </element>
    <element id="Patient:shr-core-Patient.multipleBirth[x]">
      <path value="Patient.multipleBirth[x]"/>
      <short value="Whether patient is part of a multiple birth"/>
      <definition value="Indicates whether the patient is part of a multiple (bool) or indicates the actual birth order (integer)."/>
      <comment value="Where the valueInteger is provided, the number is the birth number in the sequence.&#xA;E.g. The middle birth in tripplets would be valueInteger=2 and the third born would have valueInteger=3&#xA;If a bool value was provided for this tripplets examle, then all 3 patient records would have valueBool=true (the ordering is not indicated)."/>
      <requirements value="For disambiguation of multiple-birth children, especially relevant where the care provider doesn&#39;t meet the patient, such as labs."/>
      <min value="0"/>
      <max value="1"/>
      <base>
        <path value="Patient.multipleBirth[x]"/>
        <min value="0"/>
        <max value="1"/>
      </base>
      <type>
        <code value="boolean"/>
      </type>
      <type>
        <code value="integer"/>
      </type>
      <mapping>
        <identity value="v2"/>
        <map value="PID-24 (bool), PID-25 (integer)"/>
      </mapping>
      <mapping>
        <identity value="rim"/>
        <map value="player[classCode=PSN|ANM and determinerCode=INSTANCE]/multipleBirthInd,  player[classCode=PSN|ANM and determinerCode=INSTANCE]/multipleBirthOrderNumber"/>
      </mapping>
      <mapping>
        <identity value="cda"/>
        <map value="n/a"/>
      </mapping>
    </element>
    <element id="Patient:shr-core-Patient.photo">
      <path value="Patient.photo"/>
      <short value="Image of the patient"/>
      <definition value="Image of the patient."/>
      <requirements value="Many EHR systems have the capability to capture an image of the patient. Fits with newer social media usage too."/>
      <min value="0"/>
      <max value="*"/>
      <base>
        <path value="Patient.photo"/>
        <min value="0"/>
        <max value="*"/>
      </base>
      <type>
        <code value="Attachment"/>
      </type>
      <mapping>
        <identity value="v2"/>
        <map value="OBX-5 - needs a profile"/>
      </mapping>
      <mapping>
        <identity value="rim"/>
        <map value="player[classCode=PSN|ANM and determinerCode=INSTANCE]/desc"/>
      </mapping>
      <mapping>
        <identity value="cda"/>
        <map value="n/a"/>
      </mapping>
    </element>
    <element id="Patient:shr-core-Patient.contact">
      <extension url="http://hl7.org/fhir/StructureDefinition/structuredefinition-explicit-type-name">
        <valueString value="Contact"/>
      </extension>
      <path value="Patient.contact"/>
      <short value="A contact party (e.g. guardian, partner, friend) for the patient"/>
      <definition value="A contact party (e.g. guardian, partner, friend) for the patient."/>
      <comment value="Contact covers all kinds of contact parties: family members, business contacts, guardians, caregivers. Not applicable to register pedigree and family ties beyond use of having contact."/>
      <requirements value="Need to track people you can contact about the patient."/>
      <min value="0"/>
      <max value="*"/>
      <base>
        <path value="Patient.contact"/>
        <min value="0"/>
        <max value="*"/>
      </base>
      <type>
        <code value="BackboneElement"/>
      </type>
      <constraint>
        <key value="ele-1"/>
        <severity value="error"/>
        <human value="All FHIR elements must have a @value or children"/>
        <expression value="hasValue() | (children().count() &gt; id.count())"/>
        <xpath value="@value|f:*|h:div"/>
        <source value="Element"/>
      </constraint>
      <constraint>
        <key value="pat-1"/>
        <severity value="error"/>
        <human value="SHALL at least contain a contact&#39;s details or a reference to an organization"/>
        <expression value="name.exists() or telecom.exists() or address.exists() or organization.exists()"/>
        <xpath value="exists(f:name) or exists(f:telecom) or exists(f:address) or exists(f:organization)"/>
      </constraint>
      <mapping>
        <identity value="rim"/>
        <map value="player[classCode=PSN|ANM and determinerCode=INSTANCE]/scopedRole[classCode=CON]"/>
      </mapping>
      <mapping>
        <identity value="cda"/>
        <map value="n/a"/>
      </mapping>
    </element>
    <element id="Patient:shr-core-Patient.contact.id">
      <path value="Patient.contact.id"/>
      <representation value="xmlAttr"/>
      <short value="xml:id (or equivalent in JSON)"/>
      <definition value="unique id for the element within a resource (for internal references). This may be any string value that does not contain spaces."/>
      <min value="0"/>
      <max value="1"/>
      <base>
        <path value="Element.id"/>
        <min value="0"/>
        <max value="1"/>
      </base>
      <type>
        <code value="string"/>
      </type>
      <mapping>
        <identity value="rim"/>
        <map value="n/a"/>
      </mapping>
    </element>
    <element id="Patient:shr-core-Patient.contact.extension">
      <path value="Patient.contact.extension"/>
      <short value="Additional Content defined by implementations"/>
      <definition value="May be used to represent additional information that is not part of the basic definition of the element. In order to make the use of extensions safe and manageable, there is a strict set of governance  applied to the definition and use of extensions. Though any implementer is allowed to define an extension, there is a set of requirements that SHALL be met as part of the definition of the extension."/>
      <comment value="There can be no stigma associated with the use of extensions by any application, project, or standard - regardless of the institution or jurisdiction that uses or defines the extensions.  The use of extensions is what allows the FHIR specification to retain a core level of simplicity for everyone."/>
      <alias value="extensions"/>
      <alias value="user content"/>
      <min value="0"/>
      <max value="*"/>
      <base>
        <path value="Element.extension"/>
        <min value="0"/>
        <max value="*"/>
      </base>
      <type>
        <code value="Extension"/>
      </type>
      <mapping>
        <identity value="rim"/>
        <map value="n/a"/>
      </mapping>
    </element>
    <element id="Patient:shr-core-Patient.contact.modifierExtension">
      <path value="Patient.contact.modifierExtension"/>
      <short value="Extensions that cannot be ignored"/>
      <definition value="May be used to represent additional information that is not part of the basic definition of the element, and that modifies the understanding of the element that contains it. Usually modifier elements provide negation or qualification. In order to make the use of extensions safe and manageable, there is a strict set of governance applied to the definition and use of extensions. Though any implementer is allowed to define an extension, there is a set of requirements that SHALL be met as part of the definition of the extension. Applications processing a resource are required to check for modifier extensions."/>
      <comment value="There can be no stigma associated with the use of extensions by any application, project, or standard - regardless of the institution or jurisdiction that uses or defines the extensions.  The use of extensions is what allows the FHIR specification to retain a core level of simplicity for everyone."/>
      <alias value="extensions"/>
      <alias value="user content"/>
      <alias value="modifiers"/>
      <min value="0"/>
      <max value="*"/>
      <base>
        <path value="BackboneElement.modifierExtension"/>
        <min value="0"/>
        <max value="*"/>
      </base>
      <type>
        <code value="Extension"/>
      </type>
      <isModifier value="true"/>
      <isSummary value="true"/>
      <mapping>
        <identity value="rim"/>
        <map value="N/A"/>
      </mapping>
    </element>
    <element id="Patient:shr-core-Patient.contact.relationship">
      <path value="Patient.contact.relationship"/>
      <short value="The kind of relationship"/>
      <definition value="The nature of the relationship between the patient and the contact person."/>
      <requirements value="Used to determine which contact person is the most relevant to approach, depending on circumstances."/>
      <min value="0"/>
      <max value="*"/>
      <base>
        <path value="Patient.contact.relationship"/>
        <min value="0"/>
        <max value="*"/>
      </base>
      <type>
        <code value="CodeableConcept"/>
      </type>
      <binding>
        <extension url="http://hl7.org/fhir/StructureDefinition/elementdefinition-bindingName">
          <valueString value="ContactRelationship"/>
        </extension>
        <strength value="extensible"/>
        <description value="The nature of the relationship between a patient and a contact person for that patient."/>
        <valueSetReference>
          <reference value="http://hl7.org/fhir/ValueSet/v2-0131"/>
        </valueSetReference>
      </binding>
      <mapping>
        <identity value="v2"/>
        <map value="NK1-7, NK1-3"/>
      </mapping>
      <mapping>
        <identity value="rim"/>
        <map value="code"/>
      </mapping>
      <mapping>
        <identity value="cda"/>
        <map value="n/a"/>
      </mapping>
    </element>
    <element id="Patient:shr-core-Patient.contact.name">
      <path value="Patient.contact.name"/>
      <short value="A name associated with the contact person"/>
      <definition value="A name associated with the contact person."/>
      <requirements value="Contact persons need to be identified by name, but it is uncommon to need details about multiple other names for that contact person."/>
      <min value="0"/>
      <max value="1"/>
      <base>
        <path value="Patient.contact.name"/>
        <min value="0"/>
        <max value="1"/>
      </base>
      <type>
        <code value="HumanName"/>
      </type>
      <mapping>
        <identity value="v2"/>
        <map value="NK1-2"/>
      </mapping>
      <mapping>
        <identity value="rim"/>
        <map value="name"/>
      </mapping>
      <mapping>
        <identity value="cda"/>
        <map value="n/a"/>
      </mapping>
    </element>
    <element id="Patient:shr-core-Patient.contact.telecom">
      <path value="Patient.contact.telecom"/>
      <short value="A contact detail for the person"/>
      <definition value="A contact detail for the person, e.g. a telephone number or an email address."/>
      <comment value="Contact may have multiple ways to be contacted with different uses or applicable periods.  May need to have options for contacting the person urgently, and also to help with identification."/>
      <requirements value="People have (primary) ways to contact them in some way such as phone, email."/>
      <min value="0"/>
      <max value="*"/>
      <base>
        <path value="Patient.contact.telecom"/>
        <min value="0"/>
        <max value="*"/>
      </base>
      <type>
        <code value="ContactPoint"/>
      </type>
      <mapping>
        <identity value="v2"/>
        <map value="NK1-5, NK1-6, NK1-40"/>
      </mapping>
      <mapping>
        <identity value="rim"/>
        <map value="telecom"/>
      </mapping>
      <mapping>
        <identity value="cda"/>
        <map value="n/a"/>
      </mapping>
    </element>
    <element id="Patient:shr-core-Patient.contact.address">
      <path value="Patient.contact.address"/>
      <short value="Address for the contact person"/>
      <definition value="Address for the contact person."/>
      <requirements value="Need to keep track where the contact person can be contacted per postal mail or visited."/>
      <min value="0"/>
      <max value="1"/>
      <base>
        <path value="Patient.contact.address"/>
        <min value="0"/>
        <max value="1"/>
      </base>
      <type>
        <code value="Address"/>
      </type>
      <mapping>
        <identity value="v2"/>
        <map value="NK1-4"/>
      </mapping>
      <mapping>
        <identity value="rim"/>
        <map value="addr"/>
      </mapping>
      <mapping>
        <identity value="cda"/>
        <map value="n/a"/>
      </mapping>
    </element>
    <element id="Patient:shr-core-Patient.contact.gender">
      <path value="Patient.contact.gender"/>
      <short value="male | female | other | unknown"/>
      <definition value="Administrative Gender - the gender that the contact person is considered to have for administration and record keeping purposes."/>
      <requirements value="Needed to address the person correctly."/>
      <min value="0"/>
      <max value="1"/>
      <base>
        <path value="Patient.contact.gender"/>
        <min value="0"/>
        <max value="1"/>
      </base>
      <type>
        <code value="code"/>
      </type>
      <binding>
        <extension url="http://hl7.org/fhir/StructureDefinition/elementdefinition-bindingName">
          <valueString value="AdministrativeGender"/>
        </extension>
        <extension url="http://hl7.org/fhir/StructureDefinition/elementdefinition-isCommonBinding">
          <valueBoolean value="true"/>
        </extension>
        <strength value="required"/>
        <description value="The gender of a person used for administrative purposes."/>
        <valueSetReference>
          <reference value="http://hl7.org/fhir/ValueSet/administrative-gender"/>
        </valueSetReference>
      </binding>
      <mapping>
        <identity value="v2"/>
        <map value="NK1-15"/>
      </mapping>
      <mapping>
        <identity value="rim"/>
        <map value="player[classCode=PSN|ANM and determinerCode=INSTANCE]/administrativeGender"/>
      </mapping>
      <mapping>
        <identity value="cda"/>
        <map value="n/a"/>
      </mapping>
    </element>
    <element id="Patient:shr-core-Patient.contact.organization">
      <path value="Patient.contact.organization"/>
      <short value="Organization that is associated with the contact"/>
      <definition value="Organization on behalf of which the contact is acting or for which the contact is working."/>
      <requirements value="For guardians or business related contacts, the organization is relevant."/>
      <min value="0"/>
      <max value="1"/>
      <base>
        <path value="Patient.contact.organization"/>
        <min value="0"/>
        <max value="1"/>
      </base>
      <type>
        <code value="Reference"/>
        <targetProfile value="http://hl7.org/fhir/StructureDefinition/Organization"/>
      </type>
      <condition value="pat-1"/>
      <mapping>
        <identity value="v2"/>
        <map value="NK1-13, NK1-30, NK1-31, NK1-32, NK1-41"/>
      </mapping>
      <mapping>
        <identity value="rim"/>
        <map value="scoper"/>
      </mapping>
      <mapping>
        <identity value="cda"/>
        <map value="n/a"/>
      </mapping>
    </element>
    <element id="Patient:shr-core-Patient.contact.period">
      <path value="Patient.contact.period"/>
      <short value="The period during which this contact person or organization is valid to be contacted relating to this patient"/>
      <definition value="The period during which this contact person or organization is valid to be contacted relating to this patient."/>
      <min value="0"/>
      <max value="1"/>
      <base>
        <path value="Patient.contact.period"/>
        <min value="0"/>
        <max value="1"/>
      </base>
      <type>
        <code value="Period"/>
      </type>
      <mapping>
        <identity value="rim"/>
        <map value="effectiveTime"/>
      </mapping>
      <mapping>
        <identity value="cda"/>
        <map value="n/a"/>
      </mapping>
    </element>
    <element id="Patient:shr-core-Patient.animal">
      <extension url="http://hl7.org/fhir/StructureDefinition/structuredefinition-explicit-type-name">
        <valueString value="Animal"/>
      </extension>
      <path value="Patient.animal"/>
      <short value="This patient is known to be an animal (non-human)"/>
      <definition value="This patient is known to be an animal."/>
      <comment value="The animal element is labeled &quot;Is Modifier&quot; since patients may be non-human. Systems SHALL either handle patient details appropriately (e.g. inform users patient is not human) or reject declared animal records.   The absense of the animal element does not imply that the patient is a human. If a system requires such a positive assertion that the patient is human, an extension will be required.  (Do not use a species of homo-sapiens in animal species, as this would incorrectly infer that the patient is an animal)."/>
      <requirements value="Many clinical systems are extended to care for animal patients as well as human."/>
      <min value="0"/>
      <max value="0"/>
      <base>
        <path value="Patient.animal"/>
        <min value="0"/>
        <max value="1"/>
      </base>
      <type>
        <code value="BackboneElement"/>
      </type>
      <constraint>
        <key value="ele-1"/>
        <severity value="error"/>
        <human value="All FHIR elements must have a @value or children"/>
        <expression value="hasValue() | (children().count() &gt; id.count())"/>
        <xpath value="@value|f:*|h:div"/>
        <source value="Element"/>
      </constraint>
      <mustSupport value="false"/>
      <isModifier value="true"/>
      <isSummary value="true"/>
      <mapping>
        <identity value="rim"/>
        <map value="player[classCode=ANM]"/>
      </mapping>
      <mapping>
        <identity value="cda"/>
        <map value="n/a"/>
      </mapping>
      <mapping>
        <identity value="argonaut-dq-dstu2"/>
        <map value="Patient.animal"/>
      </mapping>
    </element>
    <element id="Patient:shr-core-Patient.animal.id">
      <path value="Patient.animal.id"/>
      <representation value="xmlAttr"/>
      <short value="xml:id (or equivalent in JSON)"/>
      <definition value="unique id for the element within a resource (for internal references). This may be any string value that does not contain spaces."/>
      <min value="0"/>
      <max value="1"/>
      <base>
        <path value="Element.id"/>
        <min value="0"/>
        <max value="1"/>
      </base>
      <type>
        <code value="string"/>
      </type>
      <mapping>
        <identity value="rim"/>
        <map value="n/a"/>
      </mapping>
    </element>
    <element id="Patient:shr-core-Patient.animal.extension">
      <path value="Patient.animal.extension"/>
      <short value="Additional Content defined by implementations"/>
      <definition value="May be used to represent additional information that is not part of the basic definition of the element. In order to make the use of extensions safe and manageable, there is a strict set of governance  applied to the definition and use of extensions. Though any implementer is allowed to define an extension, there is a set of requirements that SHALL be met as part of the definition of the extension."/>
      <comment value="There can be no stigma associated with the use of extensions by any application, project, or standard - regardless of the institution or jurisdiction that uses or defines the extensions.  The use of extensions is what allows the FHIR specification to retain a core level of simplicity for everyone."/>
      <alias value="extensions"/>
      <alias value="user content"/>
      <min value="0"/>
      <max value="*"/>
      <base>
        <path value="Element.extension"/>
        <min value="0"/>
        <max value="*"/>
      </base>
      <type>
        <code value="Extension"/>
      </type>
      <mapping>
        <identity value="rim"/>
        <map value="n/a"/>
      </mapping>
    </element>
    <element id="Patient:shr-core-Patient.animal.modifierExtension">
      <path value="Patient.animal.modifierExtension"/>
      <short value="Extensions that cannot be ignored"/>
      <definition value="May be used to represent additional information that is not part of the basic definition of the element, and that modifies the understanding of the element that contains it. Usually modifier elements provide negation or qualification. In order to make the use of extensions safe and manageable, there is a strict set of governance applied to the definition and use of extensions. Though any implementer is allowed to define an extension, there is a set of requirements that SHALL be met as part of the definition of the extension. Applications processing a resource are required to check for modifier extensions."/>
      <comment value="There can be no stigma associated with the use of extensions by any application, project, or standard - regardless of the institution or jurisdiction that uses or defines the extensions.  The use of extensions is what allows the FHIR specification to retain a core level of simplicity for everyone."/>
      <alias value="extensions"/>
      <alias value="user content"/>
      <alias value="modifiers"/>
      <min value="0"/>
      <max value="*"/>
      <base>
        <path value="BackboneElement.modifierExtension"/>
        <min value="0"/>
        <max value="*"/>
      </base>
      <type>
        <code value="Extension"/>
      </type>
      <isModifier value="true"/>
      <isSummary value="true"/>
      <mapping>
        <identity value="rim"/>
        <map value="N/A"/>
      </mapping>
    </element>
    <element id="Patient:shr-core-Patient.animal.species">
      <path value="Patient.animal.species"/>
      <short value="E.g. Dog, Cow"/>
      <definition value="Identifies the high level taxonomic categorization of the kind of animal."/>
      <comment value="If the patient is non-human, at least a species SHALL be specified. Species SHALL be a widely recognised taxonomic classification.  It may or may not be Linnaean taxonomy and may or may not be at the level of species. If the level is finer than species--such as a breed code--the code system used SHALL allow inference of the species.  (The common example is that the word &quot;Hereford&quot; does not allow inference of the species Bos taurus, because there is a Hereford pig breed, but the SNOMED CT code for &quot;Hereford Cattle Breed&quot; does.)."/>
      <requirements value="Need to know what kind of animal."/>
      <min value="1"/>
      <max value="1"/>
      <base>
        <path value="Patient.animal.species"/>
        <min value="1"/>
        <max value="1"/>
      </base>
      <type>
        <code value="CodeableConcept"/>
      </type>
      <isSummary value="true"/>
      <binding>
        <extension url="http://hl7.org/fhir/StructureDefinition/elementdefinition-bindingName">
          <valueString value="AnimalSpecies"/>
        </extension>
        <strength value="example"/>
        <description value="The species of an animal."/>
        <valueSetReference>
          <reference value="http://hl7.org/fhir/ValueSet/animal-species"/>
        </valueSetReference>
      </binding>
      <mapping>
        <identity value="v2"/>
        <map value="PID-35"/>
      </mapping>
      <mapping>
        <identity value="rim"/>
        <map value="code"/>
      </mapping>
      <mapping>
        <identity value="cda"/>
        <map value="n/a"/>
      </mapping>
    </element>
    <element id="Patient:shr-core-Patient.animal.breed">
      <path value="Patient.animal.breed"/>
      <short value="E.g. Poodle, Angus"/>
      <definition value="Identifies the detailed categorization of the kind of animal."/>
      <comment value="Breed MAY be used to provide further taxonomic or non-taxonomic classification.  It may involve local or proprietary designation--such as commercial strain--and/or additional information such as production type."/>
      <requirements value="May need to know the specific kind within the species."/>
      <min value="0"/>
      <max value="1"/>
      <base>
        <path value="Patient.animal.breed"/>
        <min value="0"/>
        <max value="1"/>
      </base>
      <type>
        <code value="CodeableConcept"/>
      </type>
      <isSummary value="true"/>
      <binding>
        <extension url="http://hl7.org/fhir/StructureDefinition/elementdefinition-bindingName">
          <valueString value="AnimalBreed"/>
        </extension>
        <strength value="example"/>
        <description value="The breed of an animal."/>
        <valueSetReference>
          <reference value="http://hl7.org/fhir/ValueSet/animal-breeds"/>
        </valueSetReference>
      </binding>
      <mapping>
        <identity value="v2"/>
        <map value="PID-37"/>
      </mapping>
      <mapping>
        <identity value="rim"/>
        <map value="playedRole[classCode=GEN]/scoper[classCode=ANM, determinerCode=KIND]/code"/>
      </mapping>
      <mapping>
        <identity value="cda"/>
        <map value="n/a"/>
      </mapping>
    </element>
    <element id="Patient:shr-core-Patient.animal.genderStatus">
      <path value="Patient.animal.genderStatus"/>
      <short value="E.g. Neutered, Intact"/>
      <definition value="Indicates the current state of the animal&#39;s reproductive organs."/>
      <requirements value="Gender status can affect housing and animal behavior."/>
      <min value="0"/>
      <max value="1"/>
      <base>
        <path value="Patient.animal.genderStatus"/>
        <min value="0"/>
        <max value="1"/>
      </base>
      <type>
        <code value="CodeableConcept"/>
      </type>
      <isSummary value="true"/>
      <binding>
        <extension url="http://hl7.org/fhir/StructureDefinition/elementdefinition-bindingName">
          <valueString value="AnimalGenderStatus"/>
        </extension>
        <strength value="example"/>
        <description value="The state of the animal&#39;s reproductive organs."/>
        <valueSetReference>
          <reference value="http://hl7.org/fhir/ValueSet/animal-genderstatus"/>
        </valueSetReference>
      </binding>
      <mapping>
        <identity value="v2"/>
        <map value="N/A"/>
      </mapping>
      <mapping>
        <identity value="rim"/>
        <map value="genderStatusCode"/>
      </mapping>
      <mapping>
        <identity value="cda"/>
        <map value="n/a"/>
      </mapping>
    </element>
    <element id="Patient:shr-core-Patient.communication">
      <path value="Patient.communication"/>
      <short value="A list of Languages which may be used to communicate with the patient about his or her health"/>
      <definition value="Languages which may be used to communicate with the patient about his or her health."/>
      <comment value="If no language is specified, this *implies* that the default local language is spoken.  If you need to convey proficiency for multiple modes then you need multiple Patient.Communication associations.   For animals, language is not a relevant field, and should be absent from the instance. If the Patient does not speak the default local language, then the Interpreter Required Standard can be used to explicitly declare that an interpreter is required."/>
      <requirements value="If a patient does not speak the local language, interpreters may be required, so languages spoken and proficiency is an important things to keep track of both for patient and other persons of interest."/>
      <min value="0"/>
      <max value="*"/>
      <base>
        <path value="Patient.communication"/>
        <min value="0"/>
        <max value="*"/>
      </base>
      <type>
        <code value="BackboneElement"/>
      </type>
      <constraint>
        <key value="ele-1"/>
        <severity value="error"/>
        <human value="All FHIR elements must have a @value or children"/>
        <expression value="hasValue() | (children().count() &gt; id.count())"/>
        <xpath value="@value|f:*|h:div"/>
        <source value="Element"/>
      </constraint>
      <mustSupport value="true"/>
      <mapping>
        <identity value="rim"/>
        <map value="LanguageCommunication"/>
      </mapping>
      <mapping>
        <identity value="cda"/>
        <map value="patient.languageCommunication"/>
      </mapping>
      <mapping>
        <identity value="argonaut-dq-dstu2"/>
        <map value="Patient.communication"/>
      </mapping>
    </element>
    <element id="Patient:shr-core-Patient.communication.id">
      <path value="Patient.communication.id"/>
      <representation value="xmlAttr"/>
      <short value="xml:id (or equivalent in JSON)"/>
      <definition value="unique id for the element within a resource (for internal references). This may be any string value that does not contain spaces."/>
      <min value="0"/>
      <max value="1"/>
      <base>
        <path value="Element.id"/>
        <min value="0"/>
        <max value="1"/>
      </base>
      <type>
        <code value="string"/>
      </type>
      <mapping>
        <identity value="rim"/>
        <map value="n/a"/>
      </mapping>
    </element>
    <element id="Patient:shr-core-Patient.communication.extension">
      <path value="Patient.communication.extension"/>
      <slicing id="1">
        <discriminator>
          <type value="value"/>
          <path value="url"/>
        </discriminator>
        <ordered value="false"/>
        <rules value="open"/>
      </slicing>
      <short value="Additional Content defined by implementations"/>
      <definition value="May be used to represent additional information that is not part of the basic definition of the element. In order to make the use of extensions safe and manageable, there is a strict set of governance  applied to the definition and use of extensions. Though any implementer is allowed to define an extension, there is a set of requirements that SHALL be met as part of the definition of the extension."/>
      <comment value="There can be no stigma associated with the use of extensions by any application, project, or standard - regardless of the institution or jurisdiction that uses or defines the extensions.  The use of extensions is what allows the FHIR specification to retain a core level of simplicity for everyone."/>
      <alias value="extensions"/>
      <alias value="user content"/>
      <min value="0"/>
      <max value="*"/>
      <base>
        <path value="Element.extension"/>
        <min value="0"/>
        <max value="*"/>
      </base>
      <type>
        <code value="Extension"/>
      </type>
      <mapping>
        <identity value="rim"/>
        <map value="n/a"/>
      </mapping>
    </element>
    <element id="Patient:shr-core-Patient.communication.extension:spokenlanguageproficiency">
      <path value="Patient.communication.extension"/>
      <sliceName value="spokenlanguageproficiency"/>
      <definition value="Accuracy and fluency in spoken communication in a language."/>
      <min value="0"/>
      <max value="*"/>
      <base>
        <path value="Element.extension"/>
        <min value="0"/>
        <max value="*"/>
      </base>
      <type>
        <code value="Extension"/>
        <profile value="http://hl7.org/fhir/us/shr/StructureDefinition/shr-core-SpokenLanguageProficiency-extension"/>
      </type>
    </element>
    <element id="Patient:shr-core-Patient.communication.extension:writtenlanguageproficiency">
      <path value="Patient.communication.extension"/>
      <sliceName value="writtenlanguageproficiency"/>
      <definition value="Accuracy and fluency of reading and writing in a language."/>
      <min value="0"/>
      <max value="*"/>
      <base>
        <path value="Element.extension"/>
        <min value="0"/>
        <max value="*"/>
      </base>
      <type>
        <code value="Extension"/>
        <profile value="http://hl7.org/fhir/us/shr/StructureDefinition/shr-core-WrittenLanguageProficiency-extension"/>
      </type>
    </element>
    <element id="Patient:shr-core-Patient.communication.extension:languagequalifier">
      <path value="Patient.communication.extension"/>
      <sliceName value="languagequalifier"/>
      <definition value="Additional information about a person&#39;s use of language."/>
      <min value="0"/>
      <max value="*"/>
      <base>
        <path value="Element.extension"/>
        <min value="0"/>
        <max value="*"/>
      </base>
      <type>
        <code value="Extension"/>
        <profile value="http://hl7.org/fhir/us/shr/StructureDefinition/shr-core-LanguageQualifier-extension"/>
      </type>
    </element>
    <element id="Patient:shr-core-Patient.communication.modifierExtension">
      <path value="Patient.communication.modifierExtension"/>
      <short value="Extensions that cannot be ignored"/>
      <definition value="May be used to represent additional information that is not part of the basic definition of the element, and that modifies the understanding of the element that contains it. Usually modifier elements provide negation or qualification. In order to make the use of extensions safe and manageable, there is a strict set of governance applied to the definition and use of extensions. Though any implementer is allowed to define an extension, there is a set of requirements that SHALL be met as part of the definition of the extension. Applications processing a resource are required to check for modifier extensions."/>
      <comment value="There can be no stigma associated with the use of extensions by any application, project, or standard - regardless of the institution or jurisdiction that uses or defines the extensions.  The use of extensions is what allows the FHIR specification to retain a core level of simplicity for everyone."/>
      <alias value="extensions"/>
      <alias value="user content"/>
      <alias value="modifiers"/>
      <min value="0"/>
      <max value="*"/>
      <base>
        <path value="BackboneElement.modifierExtension"/>
        <min value="0"/>
        <max value="*"/>
      </base>
      <type>
        <code value="Extension"/>
      </type>
      <isModifier value="true"/>
      <isSummary value="true"/>
      <mapping>
        <identity value="rim"/>
        <map value="N/A"/>
      </mapping>
    </element>
    <element id="Patient:shr-core-Patient.communication.language">
      <path value="Patient.communication.language"/>
      <short value="The language which can be used to communicate with the patient about his or her health"/>
      <definition value="The ISO-639-1 alpha 2 code in lower case for the language, optionally followed by a hyphen and the ISO-3166-1 alpha 2 code for the region in upper case; e.g. &quot;en&quot; for English, or &quot;en-US&quot; for American English versus &quot;en-EN&quot; for England English."/>
      <comment value="The structure aa-BB with this exact casing is one the most widely used notations for locale. However not all systems actually code this but instead have it as free text. Hence CodeableConcept instead of code as the data type."/>
      <requirements value="Most systems in multilingual countries will want to convey language. Not all systems actually need the regional dialect."/>
      <min value="1"/>
      <max value="1"/>
      <base>
        <path value="Patient.communication.language"/>
        <min value="1"/>
        <max value="1"/>
      </base>
      <type>
        <code value="CodeableConcept"/>
      </type>
      <mustSupport value="true"/>
      <binding>
        <extension url="http://hl7.org/fhir/StructureDefinition/elementdefinition-maxValueSet">
          <valueReference>
            <reference value="http://hl7.org/fhir/us/core/ValueSet/simple-language"/>
          </valueReference>
        </extension>
        <strength value="extensible"/>
        <valueSetReference>
          <reference value="http://hl7.org/fhir/us/core/ValueSet/simple-language"/>
        </valueSetReference>
      </binding>
      <mapping>
        <identity value="v2"/>
        <map value="PID-15, LAN-2"/>
      </mapping>
      <mapping>
        <identity value="rim"/>
        <map value="player[classCode=PSN|ANM and determinerCode=INSTANCE]/languageCommunication/code"/>
      </mapping>
      <mapping>
        <identity value="cda"/>
        <map value=".languageCode"/>
      </mapping>
      <mapping>
        <identity value="argonaut-dq-dstu2"/>
        <map value="Patient.communication.language"/>
      </mapping>
    </element>
    <element id="Patient:shr-core-Patient.communication.preferred">
      <path value="Patient.communication.preferred"/>
      <short value="Language preference indicator"/>
      <definition value="Indicates whether or not the patient prefers this language (over other languages he masters up a certain level)."/>
      <comment value="This language is specifically identified for communicating healthcare information."/>
      <requirements value="People that master multiple languages up to certain level may prefer one or more, i.e. feel more confident in communicating in a particular language making other languages sort of a fall back method."/>
      <min value="0"/>
      <max value="1"/>
      <base>
        <path value="Patient.communication.preferred"/>
        <min value="0"/>
        <max value="1"/>
      </base>
      <type>
        <code value="boolean"/>
      </type>
      <mapping>
        <identity value="v2"/>
        <map value="PID-15"/>
      </mapping>
      <mapping>
        <identity value="rim"/>
        <map value="preferenceInd"/>
      </mapping>
      <mapping>
        <identity value="cda"/>
        <map value=".preferenceInd"/>
      </mapping>
    </element>
    <element id="Patient:shr-core-Patient.generalPractitioner">
      <path value="Patient.generalPractitioner"/>
      <short value="Patient&#39;s nominated primary care provider"/>
      <definition value="Patient&#39;s nominated care provider."/>
      <comment value="This may be the primary care provider (in a GP context), or it may be a patient nominated care manager in a community/disablity setting, or even organization that will provide people to perform the care provider roles.&#xA;&#xA;It is not to be used to record Care Teams, these should be in a CareTeam resource that may be linked to the CarePlan or EpisodeOfCare resources."/>
      <alias value="careProvider"/>
      <min value="0"/>
      <max value="*"/>
      <base>
        <path value="Patient.generalPractitioner"/>
        <min value="0"/>
        <max value="*"/>
      </base>
      <type>
        <code value="Reference"/>
        <targetProfile value="http://hl7.org/fhir/StructureDefinition/Organization"/>
      </type>
      <type>
        <code value="Reference"/>
        <targetProfile value="http://hl7.org/fhir/StructureDefinition/Practitioner"/>
      </type>
      <mapping>
        <identity value="v2"/>
        <map value="PD1-4"/>
      </mapping>
      <mapping>
        <identity value="rim"/>
        <map value="subjectOf.CareEvent.performer.AssignedEntity"/>
      </mapping>
      <mapping>
        <identity value="cda"/>
        <map value="n/a"/>
      </mapping>
    </element>
    <element id="Patient:shr-core-Patient.managingOrganization">
      <path value="Patient.managingOrganization"/>
      <short value="Organization that is the custodian of the patient record"/>
      <definition value="Organization that is the custodian of the patient record."/>
      <comment value="There is only one managing organization for a specific patient record. Other organizations will have their own Patient record, and may use the Link property to join the records together (or a Person resource which can include confidence ratings for the association)."/>
      <requirements value="Need to know who recognizes this patient record, manages and updates it."/>
      <min value="0"/>
      <max value="1"/>
      <base>
        <path value="Patient.managingOrganization"/>
        <min value="0"/>
        <max value="1"/>
      </base>
      <type>
        <code value="Reference"/>
        <targetProfile value="http://hl7.org/fhir/StructureDefinition/Organization"/>
      </type>
      <isSummary value="true"/>
      <mapping>
        <identity value="rim"/>
        <map value="scoper"/>
      </mapping>
      <mapping>
        <identity value="cda"/>
        <map value=".providerOrganization"/>
      </mapping>
    </element>
    <element id="Patient:shr-core-Patient.link">
      <path value="Patient.link"/>
      <short value="Link to another patient resource that concerns the same actual person"/>
      <definition value="Link to another patient resource that concerns the same actual patient."/>
      <comment value="There is no assumption that linked patient records have mutual links. &#xA;&#xA;This element is labelled as a modifier because it may not be the main Patient resource, and the referenced patient should be used instead of this Patient record. This is when the link.type value is &#39;replaced-by&#39;."/>
      <requirements value="There are multiple usecases: &#xA;&#xA;* Duplicate patient records due to the clerical errors associated with the difficulties of identifying humans consistently, and * Distribution of patient information across multiple servers."/>
      <min value="0"/>
      <max value="*"/>
      <base>
        <path value="Patient.link"/>
        <min value="0"/>
        <max value="*"/>
      </base>
      <type>
        <code value="BackboneElement"/>
      </type>
      <constraint>
        <key value="ele-1"/>
        <severity value="error"/>
        <human value="All FHIR elements must have a @value or children"/>
        <expression value="hasValue() | (children().count() &gt; id.count())"/>
        <xpath value="@value|f:*|h:div"/>
        <source value="Element"/>
      </constraint>
      <isModifier value="true"/>
      <isSummary value="true"/>
      <mapping>
        <identity value="rim"/>
        <map value="outboundLink"/>
      </mapping>
      <mapping>
        <identity value="cda"/>
        <map value="n/a"/>
      </mapping>
    </element>
    <element id="Patient:shr-core-Patient.link.id">
      <path value="Patient.link.id"/>
      <representation value="xmlAttr"/>
      <short value="xml:id (or equivalent in JSON)"/>
      <definition value="unique id for the element within a resource (for internal references). This may be any string value that does not contain spaces."/>
      <min value="0"/>
      <max value="1"/>
      <base>
        <path value="Element.id"/>
        <min value="0"/>
        <max value="1"/>
      </base>
      <type>
        <code value="string"/>
      </type>
      <mapping>
        <identity value="rim"/>
        <map value="n/a"/>
      </mapping>
    </element>
    <element id="Patient:shr-core-Patient.link.extension">
      <path value="Patient.link.extension"/>
      <short value="Additional Content defined by implementations"/>
      <definition value="May be used to represent additional information that is not part of the basic definition of the element. In order to make the use of extensions safe and manageable, there is a strict set of governance  applied to the definition and use of extensions. Though any implementer is allowed to define an extension, there is a set of requirements that SHALL be met as part of the definition of the extension."/>
      <comment value="There can be no stigma associated with the use of extensions by any application, project, or standard - regardless of the institution or jurisdiction that uses or defines the extensions.  The use of extensions is what allows the FHIR specification to retain a core level of simplicity for everyone."/>
      <alias value="extensions"/>
      <alias value="user content"/>
      <min value="0"/>
      <max value="*"/>
      <base>
        <path value="Element.extension"/>
        <min value="0"/>
        <max value="*"/>
      </base>
      <type>
        <code value="Extension"/>
      </type>
      <mapping>
        <identity value="rim"/>
        <map value="n/a"/>
      </mapping>
    </element>
    <element id="Patient:shr-core-Patient.link.modifierExtension">
      <path value="Patient.link.modifierExtension"/>
      <short value="Extensions that cannot be ignored"/>
      <definition value="May be used to represent additional information that is not part of the basic definition of the element, and that modifies the understanding of the element that contains it. Usually modifier elements provide negation or qualification. In order to make the use of extensions safe and manageable, there is a strict set of governance applied to the definition and use of extensions. Though any implementer is allowed to define an extension, there is a set of requirements that SHALL be met as part of the definition of the extension. Applications processing a resource are required to check for modifier extensions."/>
      <comment value="There can be no stigma associated with the use of extensions by any application, project, or standard - regardless of the institution or jurisdiction that uses or defines the extensions.  The use of extensions is what allows the FHIR specification to retain a core level of simplicity for everyone."/>
      <alias value="extensions"/>
      <alias value="user content"/>
      <alias value="modifiers"/>
      <min value="0"/>
      <max value="*"/>
      <base>
        <path value="BackboneElement.modifierExtension"/>
        <min value="0"/>
        <max value="*"/>
      </base>
      <type>
        <code value="Extension"/>
      </type>
      <isModifier value="true"/>
      <isSummary value="true"/>
      <mapping>
        <identity value="rim"/>
        <map value="N/A"/>
      </mapping>
    </element>
    <element id="Patient:shr-core-Patient.link.other">
      <path value="Patient.link.other"/>
      <short value="The other patient or related person resource that the link refers to"/>
      <definition value="The other patient resource that the link refers to."/>
      <comment value="Referencing a RelatedPerson here removes the need to use a Person record to associate a Patient and RelatedPerson as the same individual."/>
      <min value="1"/>
      <max value="1"/>
      <base>
        <path value="Patient.link.other"/>
        <min value="1"/>
        <max value="1"/>
      </base>
      <type>
        <code value="Reference"/>
        <targetProfile value="http://hl7.org/fhir/StructureDefinition/Patient"/>
      </type>
      <type>
        <code value="Reference"/>
        <targetProfile value="http://hl7.org/fhir/StructureDefinition/RelatedPerson"/>
      </type>
      <isSummary value="true"/>
      <mapping>
        <identity value="v2"/>
        <map value="PID-3, MRG-1"/>
      </mapping>
      <mapping>
        <identity value="rim"/>
        <map value="id"/>
      </mapping>
      <mapping>
        <identity value="cda"/>
        <map value="n/a"/>
      </mapping>
    </element>
    <element id="Patient:shr-core-Patient.link.type">
      <path value="Patient.link.type"/>
      <short value="replaced-by | replaces | refer | seealso - type of link"/>
      <definition value="The type of link between this patient resource and another patient resource."/>
      <min value="1"/>
      <max value="1"/>
      <base>
        <path value="Patient.link.type"/>
        <min value="1"/>
        <max value="1"/>
      </base>
      <type>
        <code value="code"/>
      </type>
      <isSummary value="true"/>
      <binding>
        <extension url="http://hl7.org/fhir/StructureDefinition/elementdefinition-bindingName">
          <valueString value="LinkType"/>
        </extension>
        <strength value="required"/>
        <description value="The type of link between this patient resource and another patient resource."/>
        <valueSetReference>
          <reference value="http://hl7.org/fhir/ValueSet/link-type"/>
        </valueSetReference>
      </binding>
      <mapping>
        <identity value="rim"/>
        <map value="typeCode"/>
      </mapping>
      <mapping>
        <identity value="cda"/>
        <map value="n/a"/>
      </mapping>
    </element>
  </snapshot>
  <differential>
    <element id="Patient:shr-core-Patient">
      <path value="Patient"/>
      <short value="shr-core-Patient"/>
      <definition value="A person in the role of a patient. Sometimes, the patient is not the subject of information in a clinical statement where the Patient is the SubjectOfRecord.&#xA;&#xA;SHR follows Argonaut and makes the value set binding on marital status required. SHR also adds optional extensions on communication ability to more fully characterize language skills.&#xA;MaritalStatus has a required binding in Argonaut, but an extensible binding in US-Core. To be feasible under both DSTU2 Argonaut and STU3 US-Core, the required binding strength is adopted."/>
      <mustSupport value="false"/>
    </element>
    <element id="Patient:shr-core-Patient.extension:status">
      <path value="Patient.extension"/>
      <sliceName value="status"/>
      <definition value="A state that relates to the workflow or interpretation of this resource. Certain status values can modify the meaning of the resource, for example, entered-in-error. When a boolean value is used, Status of true indicates the record is active, false means inactive."/>
      <min value="0"/>
      <max value="1"/>
      <base>
        <path value="DomainResource.extension"/>
        <min value="0"/>
        <max value="*"/>
      </base>
      <type>
        <code value="Extension"/>
        <profile value="http://hl7.org/fhir/us/shr/StructureDefinition/shr-core-Status-extension"/>
      </type>
    </element>
    <element id="Patient:shr-core-Patient.extension:status.valueCodeableConcept">
      <path value="Patient.extension.valueCodeableConcept"/>
      <binding>
        <strength value="required"/>
        <valueSetReference>
          <reference value="http://hl7.org/fhir/us/odh/shr/core/vs/ActiveOrInactiveVS"/>
        </valueSetReference>
      </binding>
    </element>
    <element id="Patient:shr-core-Patient.active">
      <path value="Patient.active"/>
      <min value="0"/>
      <max value="0"/>
    </element>
    <element id="Patient:shr-core-Patient.maritalStatus">
      <path value="Patient.maritalStatus"/>
      <binding>
        <extension url="http://hl7.org/fhir/StructureDefinition/elementdefinition-bindingName">
          <valueString value="MaritalStatus"/>
        </extension>
        <extension url="http://hl7.org/fhir/StructureDefinition/elementdefinition-isCommonBinding">
          <valueBoolean value="true"/>
        </extension>
        <strength value="required"/>
        <description value="The domestic partnership status of a person."/>
        <valueSetReference>
          <reference value="http://hl7.org/fhir/ValueSet/marital-status"/>
        </valueSetReference>
      </binding>
    </element>
    <element id="Patient:shr-core-Patient.communication">
      <path value="Patient.communication"/>
    </element>
    <element id="Patient:shr-core-Patient.communication.extension">
      <path value="Patient.communication.extension"/>
      <slicing id="1">
        <discriminator>
          <type value="value"/>
          <path value="url"/>
        </discriminator>
        <ordered value="false"/>
        <rules value="open"/>
      </slicing>
    </element>
    <element id="Patient:shr-core-Patient.communication.extension:spokenlanguageproficiency">
      <path value="Patient.communication.extension"/>
      <sliceName value="spokenlanguageproficiency"/>
      <definition value="Accuracy and fluency in spoken communication in a language."/>
      <min value="0"/>
      <max value="*"/>
      <base>
        <path value="Element.extension"/>
        <min value="0"/>
        <max value="*"/>
      </base>
      <type>
        <code value="Extension"/>
        <profile value="http://hl7.org/fhir/us/shr/StructureDefinition/shr-core-SpokenLanguageProficiency-extension"/>
      </type>
    </element>
    <element id="Patient:shr-core-Patient.communication.extension:writtenlanguageproficiency">
      <path value="Patient.communication.extension"/>
      <sliceName value="writtenlanguageproficiency"/>
      <definition value="Accuracy and fluency of reading and writing in a language."/>
      <min value="0"/>
      <max value="*"/>
      <base>
        <path value="Element.extension"/>
        <min value="0"/>
        <max value="*"/>
      </base>
      <type>
        <code value="Extension"/>
        <profile value="http://hl7.org/fhir/us/shr/StructureDefinition/shr-core-WrittenLanguageProficiency-extension"/>
      </type>
    </element>
    <element id="Patient:shr-core-Patient.communication.extension:languagequalifier">
      <path value="Patient.communication.extension"/>
      <sliceName value="languagequalifier"/>
      <definition value="Additional information about a person&#39;s use of language."/>
      <min value="0"/>
      <max value="*"/>
      <base>
        <path value="Element.extension"/>
        <min value="0"/>
        <max value="*"/>
      </base>
      <type>
        <code value="Extension"/>
        <profile value="http://hl7.org/fhir/us/shr/StructureDefinition/shr-core-LanguageQualifier-extension"/>
      </type>
    </element>
  </differential>
</StructureDefinition>