<?xml version="1.0" encoding="UTF-8"?>

<StructureDefinition xmlns="http://hl7.org/fhir">
  <id value="shr-core-InsurerNetwork-model"/>
  <text>
    <status value="generated"/><div xmlns="http://www.w3.org/1999/xhtml">
  <p><b>InsurerNetwork Logical Model</b></p>
  <p>The insurer-specific identifier for the insurer-defined network of providers to which the beneficiary may seek treatment which will be covered at the 'in-network' rate, otherwise 'out of network' terms and conditions apply.</p>
</div>
  </text>
  <url value="http://hl7.org/fhir/us/odh/StructureDefinition/shr-core-InsurerNetwork-model"/>
  <identifier>
    <system value="http://hl7.org/fhir/us/odh"/>
    <value value="shr.core.InsurerNetwork"/>
  </identifier>
  <version value="1.0.0"/>
  <name value="InsurerNetwork"/>
  <title value="shr-core-InsurerNetwork"/>
  <status value="draft"/>
  <date value="2019-05-08T00:00:00-04:00"/>
  <publisher value="HL7"/>
  <contact>
    <telecom>
      <system value="url"/>
      <value value="http://standardhealthrecord.org"/>
    </telecom>
  </contact>
  <description value="The insurer-specific identifier for the insurer-defined network of providers to which the beneficiary may seek treatment which will be covered at the &#39;in-network&#39; rate, otherwise &#39;out of network&#39; terms and conditions apply."/>
  <kind value="logical"/>
  <abstract value="false"/>
  <type value="shr-core-InsurerNetwork-model"/>
  <baseDefinition value="http://hl7.org/fhir/StructureDefinition/Element"/>
  <derivation value="specialization"/>
  <snapshot>
    <element id="shr-core-InsurerNetwork-model">
      <path value="shr-core-InsurerNetwork-model"/>
      <definition value="The insurer-specific identifier for the insurer-defined network of providers to which the beneficiary may seek treatment which will be covered at the &#39;in-network&#39; rate, otherwise &#39;out of network&#39; terms and conditions apply."/>
      <min value="0"/>
      <max value="*"/>
      <base>
        <path value="shr-core-InsurerNetwork-model"/>
        <min value="0"/>
        <max value="*"/>
      </base>
      <mustSupport value="false"/>
      <isModifier value="false"/>
      <isSummary value="false"/>
    </element>
    <element id="shr-core-InsurerNetwork-model.value">
      <path value="shr-core-InsurerNetwork-model.value"/>
      <short value="String representing the insurer-specific identifier for the insurer-defined network of providers to which the beneficiary may seek treatment which will be covered at the &#39;in-network&#39; rate, otherwise &#39;out of network&#39; terms and conditions apply."/>
      <definition value="String representing the insurer-specific identifier for the insurer-defined network of providers to which the beneficiary may seek treatment which will be covered at the &#39;in-network&#39; rate, otherwise &#39;out of network&#39; terms and conditions apply."/>
      <min value="1"/>
      <max value="1"/>
      <base>
        <path value="shr-core-InsurerNetwork-model.value"/>
        <min value="1"/>
        <max value="1"/>
      </base>
      <type>
        <code value="string"/>
      </type>
      <mustSupport value="false"/>
      <isModifier value="false"/>
      <isSummary value="false"/>
    </element>
  </snapshot>
  <differential>
    <element id="shr-core-InsurerNetwork-model">
      <path value="shr-core-InsurerNetwork-model"/>
      <definition value="The insurer-specific identifier for the insurer-defined network of providers to which the beneficiary may seek treatment which will be covered at the &#39;in-network&#39; rate, otherwise &#39;out of network&#39; terms and conditions apply."/>
      <min value="0"/>
      <max value="*"/>
      <base>
        <path value="shr-core-InsurerNetwork-model"/>
        <min value="0"/>
        <max value="*"/>
      </base>
      <mustSupport value="false"/>
      <isModifier value="false"/>
      <isSummary value="false"/>
    </element>
    <element id="shr-core-InsurerNetwork-model.value">
      <path value="shr-core-InsurerNetwork-model.value"/>
      <short value="String representing the insurer-specific identifier for the insurer-defined network of providers to which the beneficiary may seek treatment which will be covered at the &#39;in-network&#39; rate, otherwise &#39;out of network&#39; terms and conditions apply."/>
      <definition value="String representing the insurer-specific identifier for the insurer-defined network of providers to which the beneficiary may seek treatment which will be covered at the &#39;in-network&#39; rate, otherwise &#39;out of network&#39; terms and conditions apply."/>
      <min value="1"/>
      <max value="1"/>
      <base>
        <path value="shr-core-InsurerNetwork-model.value"/>
        <min value="1"/>
        <max value="1"/>
      </base>
      <type>
        <code value="string"/>
      </type>
      <mustSupport value="false"/>
      <isModifier value="false"/>
      <isSummary value="false"/>
    </element>
  </differential>
</StructureDefinition>