<?xml version="1.0" encoding="UTF-8"?>

<StructureDefinition xmlns="http://hl7.org/fhir">
  <id value="shr-core-TreatmentIntent-model"/>
  <text>
    <status value="generated"/><div xmlns="http://www.w3.org/1999/xhtml">
  <p><b>TreatmentIntent Logical Model</b></p>
  <p>The purpose of a treatment.</p>
</div>
  </text>
  <url value="http://hl7.org/fhir/us/odh/StructureDefinition/shr-core-TreatmentIntent-model"/>
  <identifier>
    <system value="http://hl7.org/fhir/us/odh"/>
    <value value="shr.core.TreatmentIntent"/>
  </identifier>
  <version value="1.0.0"/>
  <name value="TreatmentIntent"/>
  <title value="shr-core-TreatmentIntent"/>
  <status value="draft"/>
  <date value="2019-05-08T00:00:00-04:00"/>
  <publisher value="HL7"/>
  <contact>
    <telecom>
      <system value="url"/>
      <value value="http://standardhealthrecord.org"/>
    </telecom>
  </contact>
  <description value="The purpose of a treatment."/>
  <keyword>
    <system value="http://snomed.info/sct"/>
    <code value="395077000"/>
    <display value="Treatment intent (situation)"/>
  </keyword>
  <kind value="logical"/>
  <abstract value="false"/>
  <type value="shr-core-TreatmentIntent-model"/>
  <baseDefinition value="http://hl7.org/fhir/StructureDefinition/Element"/>
  <derivation value="specialization"/>
  <snapshot>
    <element id="shr-core-TreatmentIntent-model">
      <path value="shr-core-TreatmentIntent-model"/>
      <definition value="The purpose of a treatment."/>
      <min value="0"/>
      <max value="*"/>
      <base>
        <path value="shr-core-TreatmentIntent-model"/>
        <min value="0"/>
        <max value="*"/>
      </base>
      <mustSupport value="false"/>
      <isModifier value="false"/>
      <isSummary value="false"/>
    </element>
    <element id="shr-core-TreatmentIntent-model.value">
      <path value="shr-core-TreatmentIntent-model.value"/>
      <short value="Code representing the purpose of a treatment."/>
      <definition value="Code representing the purpose of a treatment."/>
      <min value="1"/>
      <max value="1"/>
      <base>
        <path value="shr-core-TreatmentIntent-model.value"/>
        <min value="1"/>
        <max value="1"/>
      </base>
      <type>
        <code value="Coding"/>
      </type>
      <mustSupport value="false"/>
      <isModifier value="false"/>
      <isSummary value="false"/>
      <binding>
        <strength value="required"/>
        <valueSetReference>
          <reference value="http://hl7.org/fhir/us/odh/ValueSet/shr-core-TreatmentIntentVS"/>
        </valueSetReference>
      </binding>
    </element>
  </snapshot>
  <differential>
    <element id="shr-core-TreatmentIntent-model">
      <path value="shr-core-TreatmentIntent-model"/>
      <definition value="The purpose of a treatment."/>
      <min value="0"/>
      <max value="*"/>
      <base>
        <path value="shr-core-TreatmentIntent-model"/>
        <min value="0"/>
        <max value="*"/>
      </base>
      <mustSupport value="false"/>
      <isModifier value="false"/>
      <isSummary value="false"/>
    </element>
    <element id="shr-core-TreatmentIntent-model.value">
      <path value="shr-core-TreatmentIntent-model.value"/>
      <short value="Code representing the purpose of a treatment."/>
      <definition value="Code representing the purpose of a treatment."/>
      <min value="1"/>
      <max value="1"/>
      <base>
        <path value="shr-core-TreatmentIntent-model.value"/>
        <min value="1"/>
        <max value="1"/>
      </base>
      <type>
        <code value="Coding"/>
      </type>
      <mustSupport value="false"/>
      <isModifier value="false"/>
      <isSummary value="false"/>
      <binding>
        <strength value="required"/>
        <valueSetReference>
          <reference value="http://hl7.org/fhir/us/odh/ValueSet/shr-core-TreatmentIntentVS"/>
        </valueSetReference>
      </binding>
    </element>
  </differential>
</StructureDefinition>