<?xml version="1.0" encoding="UTF-8"?>

<StructureDefinition xmlns="http://hl7.org/fhir">
  <id value="shr-core-AdministrativeGender-model"/>
  <text>
    <status value="generated"/><div xmlns="http://www.w3.org/1999/xhtml">
  <p><b>AdministrativeGender Logical Model</b></p>
  <p>A gender classification used for administrative purposes. Administrative gender is not necessarily the same as a biological description or a gender identity. This attribute does not include terms related to clinical gender.</p>
</div>
  </text>
  <url value="http://hl7.org/fhir/us/odh/StructureDefinition/shr-core-AdministrativeGender-model"/>
  <identifier>
    <system value="http://hl7.org/fhir/us/odh"/>
    <value value="shr.core.AdministrativeGender"/>
  </identifier>
  <version value="1.0.0"/>
  <name value="AdministrativeGender"/>
  <title value="shr-core-AdministrativeGender"/>
  <status value="draft"/>
  <date value="2019-05-08T00:00:00-04:00"/>
  <publisher value="HL7"/>
  <contact>
    <telecom>
      <system value="url"/>
      <value value="http://standardhealthrecord.org"/>
    </telecom>
  </contact>
  <description value="A gender classification used for administrative purposes. Administrative gender is not necessarily the same as a biological description or a gender identity. This attribute does not include terms related to clinical gender."/>
  <keyword>
    <system value="http://ncimeta.nci.nih.gov"/>
    <code value="C1550327"/>
  </keyword>
  <kind value="logical"/>
  <abstract value="false"/>
  <type value="shr-core-AdministrativeGender-model"/>
  <baseDefinition value="http://hl7.org/fhir/StructureDefinition/Element"/>
  <derivation value="specialization"/>
  <snapshot>
    <element id="shr-core-AdministrativeGender-model">
      <path value="shr-core-AdministrativeGender-model"/>
      <definition value="A gender classification used for administrative purposes. Administrative gender is not necessarily the same as a biological description or a gender identity. This attribute does not include terms related to clinical gender."/>
      <min value="0"/>
      <max value="*"/>
      <base>
        <path value="shr-core-AdministrativeGender-model"/>
        <min value="0"/>
        <max value="*"/>
      </base>
      <mustSupport value="false"/>
      <isModifier value="false"/>
      <isSummary value="false"/>
    </element>
    <element id="shr-core-AdministrativeGender-model.value">
      <path value="shr-core-AdministrativeGender-model.value"/>
      <short value="Code representing a gender classification used for administrative purposes. Administrative gender is not necessarily the same as a biological description or a gender identity. This attribute does not include terms related to clinical gender."/>
      <definition value="Code representing a gender classification used for administrative purposes. Administrative gender is not necessarily the same as a biological description or a gender identity. This attribute does not include terms related to clinical gender."/>
      <min value="1"/>
      <max value="1"/>
      <base>
        <path value="shr-core-AdministrativeGender-model.value"/>
        <min value="1"/>
        <max value="1"/>
      </base>
      <type>
        <code value="Coding"/>
      </type>
      <mustSupport value="false"/>
      <isModifier value="false"/>
      <isSummary value="false"/>
      <binding>
        <strength value="required"/>
        <valueSetReference>
          <reference value="http://hl7.org/fhir/ValueSet/administrative-gender"/>
        </valueSetReference>
      </binding>
    </element>
  </snapshot>
  <differential>
    <element id="shr-core-AdministrativeGender-model">
      <path value="shr-core-AdministrativeGender-model"/>
      <definition value="A gender classification used for administrative purposes. Administrative gender is not necessarily the same as a biological description or a gender identity. This attribute does not include terms related to clinical gender."/>
      <min value="0"/>
      <max value="*"/>
      <base>
        <path value="shr-core-AdministrativeGender-model"/>
        <min value="0"/>
        <max value="*"/>
      </base>
      <mustSupport value="false"/>
      <isModifier value="false"/>
      <isSummary value="false"/>
    </element>
    <element id="shr-core-AdministrativeGender-model.value">
      <path value="shr-core-AdministrativeGender-model.value"/>
      <short value="Code representing a gender classification used for administrative purposes. Administrative gender is not necessarily the same as a biological description or a gender identity. This attribute does not include terms related to clinical gender."/>
      <definition value="Code representing a gender classification used for administrative purposes. Administrative gender is not necessarily the same as a biological description or a gender identity. This attribute does not include terms related to clinical gender."/>
      <min value="1"/>
      <max value="1"/>
      <base>
        <path value="shr-core-AdministrativeGender-model.value"/>
        <min value="1"/>
        <max value="1"/>
      </base>
      <type>
        <code value="Coding"/>
      </type>
      <mustSupport value="false"/>
      <isModifier value="false"/>
      <isSummary value="false"/>
      <binding>
        <strength value="required"/>
        <valueSetReference>
          <reference value="http://hl7.org/fhir/ValueSet/administrative-gender"/>
        </valueSetReference>
      </binding>
    </element>
  </differential>
</StructureDefinition>