<?xml version="1.0" encoding="UTF-8"?>

<StructureDefinition xmlns="http://hl7.org/fhir">
  <id value="shr-core-DomainResource-model"/>
  <text>
    <status value="generated"/><div xmlns="http://www.w3.org/1999/xhtml">
  <p><b>DomainResource Logical Model</b></p>
  <p>Parent class for any item in clinical or administrative health-related system. A DomainResource can belong to a single person's health record, or represent an entity that surfaces in multiple records, such as organizations, providers, payments, decision support artifacts, etc.

Note to FHIR implementers: SHR includes Status and Identifier fields on DomainResource because these two attributes occur in almost every FHIR resource. The most significant exception are 3 or 4 resources that use an 'active' flag instead of coded status value. There is no apparent pattern to this inconsistency. FHIR resources that use a coded status have active and inactive as status values. In the spirit of providing a consistent object-oriented logical model for FHIR, SHR uses status across all domain resources.</p>
</div>
  </text>
  <url value="http://hl7.org/fhir/us/odh/StructureDefinition/shr-core-DomainResource-model"/>
  <identifier>
    <system value="http://hl7.org/fhir/us/odh"/>
    <value value="shr.core.DomainResource"/>
  </identifier>
  <version value="1.0.0"/>
  <name value="DomainResource"/>
  <title value="shr-core-DomainResource"/>
  <status value="draft"/>
  <date value="2019-05-08T00:00:00-04:00"/>
  <publisher value="HL7"/>
  <contact>
    <telecom>
      <system value="url"/>
      <value value="http://standardhealthrecord.org"/>
    </telecom>
  </contact>
  <description value="Parent class for any item in clinical or administrative health-related system. A DomainResource can belong to a single person&#39;s health record, or represent an entity that surfaces in multiple records, such as organizations, providers, payments, decision support artifacts, etc.&#xA;&#xA;Note to FHIR implementers: SHR includes Status and Identifier fields on DomainResource because these two attributes occur in almost every FHIR resource. The most significant exception are 3 or 4 resources that use an &#39;active&#39; flag instead of coded status value. There is no apparent pattern to this inconsistency. FHIR resources that use a coded status have active and inactive as status values. In the spirit of providing a consistent object-oriented logical model for FHIR, SHR uses status across all domain resources."/>
  <kind value="logical"/>
  <abstract value="false"/>
  <type value="shr-core-DomainResource-model"/>
  <baseDefinition value="http://hl7.org/fhir/StructureDefinition/Element"/>
  <derivation value="specialization"/>
  <snapshot>
    <element id="shr-core-DomainResource-model">
      <path value="shr-core-DomainResource-model"/>
      <definition value="Parent class for any item in clinical or administrative health-related system. A DomainResource can belong to a single person&#39;s health record, or represent an entity that surfaces in multiple records, such as organizations, providers, payments, decision support artifacts, etc.&#xA;&#xA;Note to FHIR implementers: SHR includes Status and Identifier fields on DomainResource because these two attributes occur in almost every FHIR resource. The most significant exception are 3 or 4 resources that use an &#39;active&#39; flag instead of coded status value. There is no apparent pattern to this inconsistency. FHIR resources that use a coded status have active and inactive as status values. In the spirit of providing a consistent object-oriented logical model for FHIR, SHR uses status across all domain resources."/>
      <min value="0"/>
      <max value="*"/>
      <base>
        <path value="shr-core-DomainResource-model"/>
        <min value="0"/>
        <max value="*"/>
      </base>
      <mustSupport value="false"/>
      <isModifier value="false"/>
      <isSummary value="false"/>
    </element>
    <element id="shr-core-DomainResource-model.metadata">
      <path value="shr-core-DomainResource-model.metadata"/>
      <short value="Elements that belong to all information items."/>
      <definition value="Elements that belong to all information items."/>
      <min value="0"/>
      <max value="1"/>
      <base>
        <path value="shr-core-DomainResource-model.metadata"/>
        <min value="0"/>
        <max value="1"/>
      </base>
      <type>
        <code value="http://hl7.org/fhir/us/odh/StructureDefinition/shr-core-Metadata-model"/>
      </type>
      <mustSupport value="false"/>
      <isModifier value="false"/>
      <isSummary value="false"/>
    </element>
    <element id="shr-core-DomainResource-model.language">
      <path value="shr-core-DomainResource-model.language"/>
      <short value="A human language, spoken or written."/>
      <definition value="A human language, spoken or written."/>
      <min value="0"/>
      <max value="1"/>
      <base>
        <path value="shr-core-DomainResource-model.language"/>
        <min value="0"/>
        <max value="1"/>
      </base>
      <type>
        <code value="Coding"/>
      </type>
      <mustSupport value="false"/>
      <isModifier value="false"/>
      <isSummary value="false"/>
    </element>
    <element id="shr-core-DomainResource-model.implicitRules">
      <path value="shr-core-DomainResource-model.implicitRules"/>
      <short value="A set of rules under which this content was created"/>
      <definition value="A set of rules under which this content was created"/>
      <min value="0"/>
      <max value="1"/>
      <base>
        <path value="shr-core-DomainResource-model.implicitRules"/>
        <min value="0"/>
        <max value="1"/>
      </base>
      <type>
        <code value="uri"/>
      </type>
      <mustSupport value="false"/>
      <isModifier value="false"/>
      <isSummary value="false"/>
    </element>
    <element id="shr-core-DomainResource-model.narrative">
      <path value="shr-core-DomainResource-model.narrative"/>
      <short value="A human-readable narrative, potentially including images, that contains a summary of the resource, and may be used to represent the content of the resource to a human."/>
      <definition value="A human-readable narrative, potentially including images, that contains a summary of the resource, and may be used to represent the content of the resource to a human."/>
      <min value="0"/>
      <max value="1"/>
      <base>
        <path value="shr-core-DomainResource-model.narrative"/>
        <min value="0"/>
        <max value="1"/>
      </base>
      <type>
        <code value="http://hl7.org/fhir/us/odh/StructureDefinition/shr-core-Narrative-model"/>
      </type>
      <mustSupport value="false"/>
      <isModifier value="false"/>
      <isSummary value="false"/>
    </element>
    <element id="shr-core-DomainResource-model.status">
      <path value="shr-core-DomainResource-model.status"/>
      <short value="A state that relates to the workflow or interpretation of this resource. Certain status values can modify the meaning of the resource, for example, entered-in-error. When a boolean value is used, Status of true indicates the record is active, false means inactive."/>
      <definition value="A state that relates to the workflow or interpretation of this resource. Certain status values can modify the meaning of the resource, for example, entered-in-error. When a boolean value is used, Status of true indicates the record is active, false means inactive."/>
      <min value="0"/>
      <max value="1"/>
      <base>
        <path value="shr-core-DomainResource-model.status"/>
        <min value="0"/>
        <max value="1"/>
      </base>
      <type>
        <code value="Coding"/>
      </type>
      <mustSupport value="false"/>
      <isModifier value="false"/>
      <isSummary value="false"/>
    </element>
    <element id="shr-core-DomainResource-model.identifier">
      <path value="shr-core-DomainResource-model.identifier"/>
      <short value="Business identifier or external id for this resource."/>
      <definition value="Business identifier or external id for this resource."/>
      <min value="0"/>
      <max value="*"/>
      <base>
        <path value="shr-core-DomainResource-model.identifier"/>
        <min value="0"/>
        <max value="*"/>
      </base>
      <type>
        <code value="http://hl7.org/fhir/us/odh/StructureDefinition/shr-core-Identifier-model"/>
      </type>
      <mustSupport value="false"/>
      <isModifier value="false"/>
      <isSummary value="false"/>
    </element>
  </snapshot>
  <differential>
    <element id="shr-core-DomainResource-model">
      <path value="shr-core-DomainResource-model"/>
      <definition value="Parent class for any item in clinical or administrative health-related system. A DomainResource can belong to a single person&#39;s health record, or represent an entity that surfaces in multiple records, such as organizations, providers, payments, decision support artifacts, etc.&#xA;&#xA;Note to FHIR implementers: SHR includes Status and Identifier fields on DomainResource because these two attributes occur in almost every FHIR resource. The most significant exception are 3 or 4 resources that use an &#39;active&#39; flag instead of coded status value. There is no apparent pattern to this inconsistency. FHIR resources that use a coded status have active and inactive as status values. In the spirit of providing a consistent object-oriented logical model for FHIR, SHR uses status across all domain resources."/>
      <min value="0"/>
      <max value="*"/>
      <base>
        <path value="shr-core-DomainResource-model"/>
        <min value="0"/>
        <max value="*"/>
      </base>
      <mustSupport value="false"/>
      <isModifier value="false"/>
      <isSummary value="false"/>
    </element>
    <element id="shr-core-DomainResource-model.metadata">
      <path value="shr-core-DomainResource-model.metadata"/>
      <short value="Elements that belong to all information items."/>
      <definition value="Elements that belong to all information items."/>
      <min value="0"/>
      <max value="1"/>
      <base>
        <path value="shr-core-DomainResource-model.metadata"/>
        <min value="0"/>
        <max value="1"/>
      </base>
      <type>
        <code value="http://hl7.org/fhir/us/odh/StructureDefinition/shr-core-Metadata-model"/>
      </type>
      <mustSupport value="false"/>
      <isModifier value="false"/>
      <isSummary value="false"/>
    </element>
    <element id="shr-core-DomainResource-model.language">
      <path value="shr-core-DomainResource-model.language"/>
      <short value="A human language, spoken or written."/>
      <definition value="A human language, spoken or written."/>
      <min value="0"/>
      <max value="1"/>
      <base>
        <path value="shr-core-DomainResource-model.language"/>
        <min value="0"/>
        <max value="1"/>
      </base>
      <type>
        <code value="Coding"/>
      </type>
      <mustSupport value="false"/>
      <isModifier value="false"/>
      <isSummary value="false"/>
    </element>
    <element id="shr-core-DomainResource-model.implicitRules">
      <path value="shr-core-DomainResource-model.implicitRules"/>
      <short value="A set of rules under which this content was created"/>
      <definition value="A set of rules under which this content was created"/>
      <min value="0"/>
      <max value="1"/>
      <base>
        <path value="shr-core-DomainResource-model.implicitRules"/>
        <min value="0"/>
        <max value="1"/>
      </base>
      <type>
        <code value="uri"/>
      </type>
      <mustSupport value="false"/>
      <isModifier value="false"/>
      <isSummary value="false"/>
    </element>
    <element id="shr-core-DomainResource-model.narrative">
      <path value="shr-core-DomainResource-model.narrative"/>
      <short value="A human-readable narrative, potentially including images, that contains a summary of the resource, and may be used to represent the content of the resource to a human."/>
      <definition value="A human-readable narrative, potentially including images, that contains a summary of the resource, and may be used to represent the content of the resource to a human."/>
      <min value="0"/>
      <max value="1"/>
      <base>
        <path value="shr-core-DomainResource-model.narrative"/>
        <min value="0"/>
        <max value="1"/>
      </base>
      <type>
        <code value="http://hl7.org/fhir/us/odh/StructureDefinition/shr-core-Narrative-model"/>
      </type>
      <mustSupport value="false"/>
      <isModifier value="false"/>
      <isSummary value="false"/>
    </element>
    <element id="shr-core-DomainResource-model.status">
      <path value="shr-core-DomainResource-model.status"/>
      <short value="A state that relates to the workflow or interpretation of this resource. Certain status values can modify the meaning of the resource, for example, entered-in-error. When a boolean value is used, Status of true indicates the record is active, false means inactive."/>
      <definition value="A state that relates to the workflow or interpretation of this resource. Certain status values can modify the meaning of the resource, for example, entered-in-error. When a boolean value is used, Status of true indicates the record is active, false means inactive."/>
      <min value="0"/>
      <max value="1"/>
      <base>
        <path value="shr-core-DomainResource-model.status"/>
        <min value="0"/>
        <max value="1"/>
      </base>
      <type>
        <code value="Coding"/>
      </type>
      <mustSupport value="false"/>
      <isModifier value="false"/>
      <isSummary value="false"/>
    </element>
    <element id="shr-core-DomainResource-model.identifier">
      <path value="shr-core-DomainResource-model.identifier"/>
      <short value="Business identifier or external id for this resource."/>
      <definition value="Business identifier or external id for this resource."/>
      <min value="0"/>
      <max value="*"/>
      <base>
        <path value="shr-core-DomainResource-model.identifier"/>
        <min value="0"/>
        <max value="*"/>
      </base>
      <type>
        <code value="http://hl7.org/fhir/us/odh/StructureDefinition/shr-core-Identifier-model"/>
      </type>
      <mustSupport value="false"/>
      <isModifier value="false"/>
      <isSummary value="false"/>
    </element>
  </differential>
</StructureDefinition>