<?xml version="1.0" encoding="UTF-8"?>

<StructureDefinition xmlns="http://hl7.org/fhir">
  <id value="shr-core-Composition-model"/>
  <text>
    <status value="generated"/><div xmlns="http://www.w3.org/1999/xhtml">
  <p><b>Composition Logical Model</b></p>
  <p>A composition represents a set of Entries sharing common provenance, a document such as an extract from a patient record, a knowledge artifact, or a catalog definition.</p>
</div>
  </text>
  <url value="http://hl7.org/fhir/us/shr/StructureDefinition/shr-core-Composition-model"/>
  <identifier>
    <system value="http://hl7.org/fhir/us/odh"/>
    <value value="shr.core.Composition"/>
  </identifier>
  <version value="1.0.0"/>
  <name value="Composition"/>
  <title value="shr-core-Composition"/>
  <status value="draft"/>
  <date value="2019-03-30T00:00:00-04:00"/>
  <publisher value="HL7"/>
  <contact>
    <telecom>
      <system value="url"/>
      <value value="http://standardhealthrecord.org"/>
    </telecom>
  </contact>
  <description value="A composition represents a set of Entries sharing common provenance, a document such as an extract from a patient record, a knowledge artifact, or a catalog definition."/>
  <kind value="logical"/>
  <abstract value="false"/>
  <type value="shr-core-Composition-model"/>
  <baseDefinition value="http://hl7.org/fhir/StructureDefinition/Element"/>
  <derivation value="specialization"/>
  <snapshot>
    <element id="shr-core-Composition-model">
      <path value="shr-core-Composition-model"/>
      <definition value="A composition represents a set of Entries sharing common provenance, a document such as an extract from a patient record, a knowledge artifact, or a catalog definition."/>
      <min value="0"/>
      <max value="*"/>
      <base>
        <path value="shr-core-Composition-model"/>
        <min value="0"/>
        <max value="*"/>
      </base>
      <mustSupport value="false"/>
      <isModifier value="false"/>
      <isSummary value="false"/>
    </element>
    <element id="shr-core-Composition-model.metadata">
      <path value="shr-core-Composition-model.metadata"/>
      <short value="Elements that belong to all information items."/>
      <definition value="Elements that belong to all information items."/>
      <min value="0"/>
      <max value="1"/>
      <base>
        <path value="shr-core-Composition-model.metadata"/>
        <min value="0"/>
        <max value="1"/>
      </base>
      <type>
        <code value="http://hl7.org/fhir/us/shr/StructureDefinition/shr-core-Metadata-model"/>
      </type>
      <mustSupport value="false"/>
      <isModifier value="false"/>
      <isSummary value="false"/>
    </element>
    <element id="shr-core-Composition-model.language">
      <path value="shr-core-Composition-model.language"/>
      <code>
        <system value="http://ncimeta.nci.nih.gov"/>
        <code value="C0023008"/>
      </code>
      <short value="A human language, spoken or written."/>
      <definition value="A human language, spoken or written."/>
      <min value="0"/>
      <max value="1"/>
      <base>
        <path value="shr-core-Composition-model.language"/>
        <min value="0"/>
        <max value="1"/>
      </base>
      <type>
        <code value="Coding"/>
      </type>
      <mustSupport value="false"/>
      <isModifier value="false"/>
      <isSummary value="false"/>
    </element>
    <element id="shr-core-Composition-model.implicitRules">
      <path value="shr-core-Composition-model.implicitRules"/>
      <short value="A set of rules under which this content was created"/>
      <definition value="A set of rules under which this content was created"/>
      <min value="0"/>
      <max value="1"/>
      <base>
        <path value="shr-core-Composition-model.implicitRules"/>
        <min value="0"/>
        <max value="1"/>
      </base>
      <type>
        <code value="uri"/>
      </type>
      <mustSupport value="false"/>
      <isModifier value="false"/>
      <isSummary value="false"/>
    </element>
    <element id="shr-core-Composition-model.narrative">
      <path value="shr-core-Composition-model.narrative"/>
      <short value="A human-readable narrative, potentially including images, that contains a summary of the resource, and may be used to represent the content of the resource to a human."/>
      <definition value="A human-readable narrative, potentially including images, that contains a summary of the resource, and may be used to represent the content of the resource to a human."/>
      <min value="0"/>
      <max value="1"/>
      <base>
        <path value="shr-core-Composition-model.narrative"/>
        <min value="0"/>
        <max value="1"/>
      </base>
      <type>
        <code value="http://hl7.org/fhir/us/shr/StructureDefinition/shr-core-Narrative-model"/>
      </type>
      <mustSupport value="false"/>
      <isModifier value="false"/>
      <isSummary value="false"/>
    </element>
    <element id="shr-core-Composition-model.status">
      <path value="shr-core-Composition-model.status"/>
      <short value="A state that relates to the workflow or interpretation of this resource. Certain status values can modify the meaning of the resource, for example, entered-in-error. When a boolean value is used, Status of true indicates the record is active, false means inactive."/>
      <definition value="A state that relates to the workflow or interpretation of this resource. Certain status values can modify the meaning of the resource, for example, entered-in-error. When a boolean value is used, Status of true indicates the record is active, false means inactive."/>
      <min value="1"/>
      <max value="1"/>
      <base>
        <path value="shr-core-Composition-model.status"/>
        <min value="1"/>
        <max value="1"/>
      </base>
      <type>
        <code value="Coding"/>
      </type>
      <mustSupport value="false"/>
      <isModifier value="false"/>
      <isSummary value="false"/>
      <binding>
        <strength value="required"/>
        <valueSetReference>
          <reference value="http://hl7.org/fhir/ValueSet/composition-status"/>
        </valueSetReference>
      </binding>
    </element>
    <element id="shr-core-Composition-model.identifier">
      <path value="shr-core-Composition-model.identifier"/>
      <short value="Business identifier or external id for this resource."/>
      <definition value="Business identifier or external id for this resource."/>
      <min value="0"/>
      <max value="1"/>
      <base>
        <path value="shr-core-Composition-model.identifier"/>
        <min value="0"/>
        <max value="1"/>
      </base>
      <type>
        <code value="http://hl7.org/fhir/us/shr/StructureDefinition/shr-core-Identifier-model"/>
      </type>
      <mustSupport value="false"/>
      <isModifier value="false"/>
      <isSummary value="false"/>
    </element>
    <element id="shr-core-Composition-model.type">
      <path value="shr-core-Composition-model.type"/>
      <code>
        <system value="http://ncimeta.nci.nih.gov"/>
        <code value="C0332307"/>
      </code>
      <short value="A code describing the item at a greater level of detail."/>
      <definition value="A code describing the item at a greater level of detail."/>
      <min value="1"/>
      <max value="1"/>
      <base>
        <path value="shr-core-Composition-model.type"/>
        <min value="1"/>
        <max value="1"/>
      </base>
      <type>
        <code value="Coding"/>
      </type>
      <mustSupport value="false"/>
      <isModifier value="false"/>
      <isSummary value="false"/>
      <binding>
        <strength value="preferred"/>
        <valueSetReference>
          <reference value="http://hl7.org/fhir/ValueSet/doc-typecodes"/>
        </valueSetReference>
      </binding>
    </element>
    <element id="shr-core-Composition-model.section">
      <path value="shr-core-Composition-model.section"/>
      <short value="Represents a section containing entries in a composition."/>
      <definition value="Represents a section containing entries in a composition."/>
      <min value="0"/>
      <max value="*"/>
      <base>
        <path value="shr-core-Composition-model.section"/>
        <min value="0"/>
        <max value="*"/>
      </base>
      <type>
        <code value="http://hl7.org/fhir/us/shr/StructureDefinition/shr-core-Section-model"/>
      </type>
      <mustSupport value="false"/>
      <isModifier value="false"/>
      <isSummary value="false"/>
    </element>
  </snapshot>
  <differential>
    <element id="shr-core-Composition-model">
      <path value="shr-core-Composition-model"/>
      <definition value="A composition represents a set of Entries sharing common provenance, a document such as an extract from a patient record, a knowledge artifact, or a catalog definition."/>
      <min value="0"/>
      <max value="*"/>
      <base>
        <path value="shr-core-Composition-model"/>
        <min value="0"/>
        <max value="*"/>
      </base>
      <mustSupport value="false"/>
      <isModifier value="false"/>
      <isSummary value="false"/>
    </element>
    <element id="shr-core-Composition-model.metadata">
      <path value="shr-core-Composition-model.metadata"/>
      <short value="Elements that belong to all information items."/>
      <definition value="Elements that belong to all information items."/>
      <min value="0"/>
      <max value="1"/>
      <base>
        <path value="shr-core-Composition-model.metadata"/>
        <min value="0"/>
        <max value="1"/>
      </base>
      <type>
        <code value="http://hl7.org/fhir/us/shr/StructureDefinition/shr-core-Metadata-model"/>
      </type>
      <mustSupport value="false"/>
      <isModifier value="false"/>
      <isSummary value="false"/>
    </element>
    <element id="shr-core-Composition-model.language">
      <path value="shr-core-Composition-model.language"/>
      <code>
        <system value="http://ncimeta.nci.nih.gov"/>
        <code value="C0023008"/>
      </code>
      <short value="A human language, spoken or written."/>
      <definition value="A human language, spoken or written."/>
      <min value="0"/>
      <max value="1"/>
      <base>
        <path value="shr-core-Composition-model.language"/>
        <min value="0"/>
        <max value="1"/>
      </base>
      <type>
        <code value="Coding"/>
      </type>
      <mustSupport value="false"/>
      <isModifier value="false"/>
      <isSummary value="false"/>
    </element>
    <element id="shr-core-Composition-model.implicitRules">
      <path value="shr-core-Composition-model.implicitRules"/>
      <short value="A set of rules under which this content was created"/>
      <definition value="A set of rules under which this content was created"/>
      <min value="0"/>
      <max value="1"/>
      <base>
        <path value="shr-core-Composition-model.implicitRules"/>
        <min value="0"/>
        <max value="1"/>
      </base>
      <type>
        <code value="uri"/>
      </type>
      <mustSupport value="false"/>
      <isModifier value="false"/>
      <isSummary value="false"/>
    </element>
    <element id="shr-core-Composition-model.narrative">
      <path value="shr-core-Composition-model.narrative"/>
      <short value="A human-readable narrative, potentially including images, that contains a summary of the resource, and may be used to represent the content of the resource to a human."/>
      <definition value="A human-readable narrative, potentially including images, that contains a summary of the resource, and may be used to represent the content of the resource to a human."/>
      <min value="0"/>
      <max value="1"/>
      <base>
        <path value="shr-core-Composition-model.narrative"/>
        <min value="0"/>
        <max value="1"/>
      </base>
      <type>
        <code value="http://hl7.org/fhir/us/shr/StructureDefinition/shr-core-Narrative-model"/>
      </type>
      <mustSupport value="false"/>
      <isModifier value="false"/>
      <isSummary value="false"/>
    </element>
    <element id="shr-core-Composition-model.status">
      <path value="shr-core-Composition-model.status"/>
      <short value="A state that relates to the workflow or interpretation of this resource. Certain status values can modify the meaning of the resource, for example, entered-in-error. When a boolean value is used, Status of true indicates the record is active, false means inactive."/>
      <definition value="A state that relates to the workflow or interpretation of this resource. Certain status values can modify the meaning of the resource, for example, entered-in-error. When a boolean value is used, Status of true indicates the record is active, false means inactive."/>
      <min value="1"/>
      <max value="1"/>
      <base>
        <path value="shr-core-Composition-model.status"/>
        <min value="1"/>
        <max value="1"/>
      </base>
      <type>
        <code value="Coding"/>
      </type>
      <mustSupport value="false"/>
      <isModifier value="false"/>
      <isSummary value="false"/>
      <binding>
        <strength value="required"/>
        <valueSetReference>
          <reference value="http://hl7.org/fhir/ValueSet/composition-status"/>
        </valueSetReference>
      </binding>
    </element>
    <element id="shr-core-Composition-model.identifier">
      <path value="shr-core-Composition-model.identifier"/>
      <short value="Business identifier or external id for this resource."/>
      <definition value="Business identifier or external id for this resource."/>
      <min value="0"/>
      <max value="1"/>
      <base>
        <path value="shr-core-Composition-model.identifier"/>
        <min value="0"/>
        <max value="1"/>
      </base>
      <type>
        <code value="http://hl7.org/fhir/us/shr/StructureDefinition/shr-core-Identifier-model"/>
      </type>
      <mustSupport value="false"/>
      <isModifier value="false"/>
      <isSummary value="false"/>
    </element>
    <element id="shr-core-Composition-model.type">
      <path value="shr-core-Composition-model.type"/>
      <code>
        <system value="http://ncimeta.nci.nih.gov"/>
        <code value="C0332307"/>
      </code>
      <short value="A code describing the item at a greater level of detail."/>
      <definition value="A code describing the item at a greater level of detail."/>
      <min value="1"/>
      <max value="1"/>
      <base>
        <path value="shr-core-Composition-model.type"/>
        <min value="1"/>
        <max value="1"/>
      </base>
      <type>
        <code value="Coding"/>
      </type>
      <mustSupport value="false"/>
      <isModifier value="false"/>
      <isSummary value="false"/>
      <binding>
        <strength value="preferred"/>
        <valueSetReference>
          <reference value="http://hl7.org/fhir/ValueSet/doc-typecodes"/>
        </valueSetReference>
      </binding>
    </element>
    <element id="shr-core-Composition-model.section">
      <path value="shr-core-Composition-model.section"/>
      <short value="Represents a section containing entries in a composition."/>
      <definition value="Represents a section containing entries in a composition."/>
      <min value="0"/>
      <max value="*"/>
      <base>
        <path value="shr-core-Composition-model.section"/>
        <min value="0"/>
        <max value="*"/>
      </base>
      <type>
        <code value="http://hl7.org/fhir/us/shr/StructureDefinition/shr-core-Section-model"/>
      </type>
      <mustSupport value="false"/>
      <isModifier value="false"/>
      <isSummary value="false"/>
    </element>
  </differential>
</StructureDefinition>