<?xml version="1.0" encoding="UTF-8"?>

<StructureDefinition xmlns="http://hl7.org/fhir">
  <id value="shr-core-Patient-model"/>
  <text>
    <status value="generated"/><div xmlns="http://www.w3.org/1999/xhtml">
  <p><b>Patient Logical Model</b></p>
  <p>A person in the role of a patient. Sometimes, the patient is not the subject of information in a clinical statement where the Patient is the SubjectOfRecord.

SHR follows Argonaut and makes the value set binding on marital status required. MaritalStatus has a required binding in Argonaut, but an extensible binding in US-Core. To be feasible under both DSTU2 Argonaut and STU3 US-Core, the required binding strength is adopted.</p>
</div>
  </text>
  <url value="http://hl7.org/fhir/us/odh/StructureDefinition/shr-core-Patient-model"/>
  <identifier>
    <system value="http://hl7.org/fhir/us/odh"/>
    <value value="shr.core.Patient"/>
  </identifier>
  <version value="1.0.0"/>
  <name value="Patient"/>
  <title value="shr-core-Patient"/>
  <status value="draft"/>
  <date value="2019-05-08T00:00:00-04:00"/>
  <publisher value="HL7"/>
  <contact>
    <telecom>
      <system value="url"/>
      <value value="http://standardhealthrecord.org"/>
    </telecom>
  </contact>
  <description value="A person in the role of a patient. Sometimes, the patient is not the subject of information in a clinical statement where the Patient is the SubjectOfRecord.&#xA;&#xA;SHR follows Argonaut and makes the value set binding on marital status required. MaritalStatus has a required binding in Argonaut, but an extensible binding in US-Core. To be feasible under both DSTU2 Argonaut and STU3 US-Core, the required binding strength is adopted."/>
  <keyword>
    <system value="http://ncimeta.nci.nih.gov"/>
    <code value="C1299487"/>
  </keyword>
  <kind value="logical"/>
  <abstract value="false"/>
  <type value="shr-core-Patient-model"/>
  <baseDefinition value="http://hl7.org/fhir/StructureDefinition/Element"/>
  <derivation value="specialization"/>
  <snapshot>
    <element id="shr-core-Patient-model">
      <path value="shr-core-Patient-model"/>
      <definition value="A person in the role of a patient. Sometimes, the patient is not the subject of information in a clinical statement where the Patient is the SubjectOfRecord.&#xA;&#xA;SHR follows Argonaut and makes the value set binding on marital status required. MaritalStatus has a required binding in Argonaut, but an extensible binding in US-Core. To be feasible under both DSTU2 Argonaut and STU3 US-Core, the required binding strength is adopted."/>
      <min value="0"/>
      <max value="*"/>
      <base>
        <path value="shr-core-Patient-model"/>
        <min value="0"/>
        <max value="*"/>
      </base>
      <mustSupport value="false"/>
      <isModifier value="false"/>
      <isSummary value="false"/>
    </element>
    <element id="shr-core-Patient-model.metadata">
      <path value="shr-core-Patient-model.metadata"/>
      <short value="Elements that belong to all information items."/>
      <definition value="Elements that belong to all information items."/>
      <min value="0"/>
      <max value="1"/>
      <base>
        <path value="shr-core-Patient-model.metadata"/>
        <min value="0"/>
        <max value="1"/>
      </base>
      <type>
        <code value="http://hl7.org/fhir/us/odh/StructureDefinition/shr-core-Metadata-model"/>
      </type>
      <mustSupport value="false"/>
      <isModifier value="false"/>
      <isSummary value="false"/>
    </element>
    <element id="shr-core-Patient-model.language">
      <path value="shr-core-Patient-model.language"/>
      <short value="A human language, spoken or written."/>
      <definition value="A human language, spoken or written."/>
      <min value="0"/>
      <max value="1"/>
      <base>
        <path value="shr-core-Patient-model.language"/>
        <min value="0"/>
        <max value="1"/>
      </base>
      <type>
        <code value="Coding"/>
      </type>
      <mustSupport value="false"/>
      <isModifier value="false"/>
      <isSummary value="false"/>
    </element>
    <element id="shr-core-Patient-model.implicitRules">
      <path value="shr-core-Patient-model.implicitRules"/>
      <short value="A set of rules under which this content was created"/>
      <definition value="A set of rules under which this content was created"/>
      <min value="0"/>
      <max value="1"/>
      <base>
        <path value="shr-core-Patient-model.implicitRules"/>
        <min value="0"/>
        <max value="1"/>
      </base>
      <type>
        <code value="uri"/>
      </type>
      <mustSupport value="false"/>
      <isModifier value="false"/>
      <isSummary value="false"/>
    </element>
    <element id="shr-core-Patient-model.narrative">
      <path value="shr-core-Patient-model.narrative"/>
      <short value="A human-readable narrative, potentially including images, that contains a summary of the resource, and may be used to represent the content of the resource to a human."/>
      <definition value="A human-readable narrative, potentially including images, that contains a summary of the resource, and may be used to represent the content of the resource to a human."/>
      <min value="0"/>
      <max value="1"/>
      <base>
        <path value="shr-core-Patient-model.narrative"/>
        <min value="0"/>
        <max value="1"/>
      </base>
      <type>
        <code value="http://hl7.org/fhir/us/odh/StructureDefinition/shr-core-Narrative-model"/>
      </type>
      <mustSupport value="false"/>
      <isModifier value="false"/>
      <isSummary value="false"/>
    </element>
    <element id="shr-core-Patient-model.status">
      <path value="shr-core-Patient-model.status"/>
      <short value="A state that relates to the workflow or interpretation of this resource. Certain status values can modify the meaning of the resource, for example, entered-in-error. When a boolean value is used, Status of true indicates the record is active, false means inactive."/>
      <definition value="A state that relates to the workflow or interpretation of this resource. Certain status values can modify the meaning of the resource, for example, entered-in-error. When a boolean value is used, Status of true indicates the record is active, false means inactive."/>
      <min value="0"/>
      <max value="0"/>
      <base>
        <path value="shr-core-Patient-model.status"/>
        <min value="0"/>
        <max value="0"/>
      </base>
      <type>
        <code value="Coding"/>
      </type>
      <mustSupport value="false"/>
      <isModifier value="false"/>
      <isSummary value="false"/>
    </element>
    <element id="shr-core-Patient-model.identifier">
      <path value="shr-core-Patient-model.identifier"/>
      <short value="Business identifier or external id for this resource."/>
      <definition value="Business identifier or external id for this resource."/>
      <min value="1"/>
      <max value="*"/>
      <base>
        <path value="shr-core-Patient-model.identifier"/>
        <min value="1"/>
        <max value="*"/>
      </base>
      <type>
        <code value="http://hl7.org/fhir/us/odh/StructureDefinition/shr-core-Identifier-model"/>
      </type>
      <mustSupport value="false"/>
      <isModifier value="false"/>
      <isSummary value="false"/>
    </element>
    <element id="shr-core-Patient-model.active">
      <path value="shr-core-Patient-model.active"/>
      <short value="Whether the record is in use (true) or retired (false)."/>
      <definition value="Whether the record is in use (true) or retired (false)."/>
      <min value="0"/>
      <max value="1"/>
      <base>
        <path value="shr-core-Patient-model.active"/>
        <min value="0"/>
        <max value="1"/>
      </base>
      <type>
        <code value="boolean"/>
      </type>
      <mustSupport value="false"/>
      <isModifier value="false"/>
      <isSummary value="false"/>
    </element>
    <element id="shr-core-Patient-model.humanName">
      <path value="shr-core-Patient-model.humanName"/>
      <short value="A name used by a human being, written as it would be typically expressed. May include a breakdown of the various elements of the name (family name, given name, etc.)."/>
      <definition value="A name used by a human being, written as it would be typically expressed. May include a breakdown of the various elements of the name (family name, given name, etc.)."/>
      <min value="1"/>
      <max value="*"/>
      <base>
        <path value="shr-core-Patient-model.humanName"/>
        <min value="1"/>
        <max value="*"/>
      </base>
      <type>
        <code value="http://hl7.org/fhir/us/odh/StructureDefinition/shr-core-HumanName-model"/>
      </type>
      <mustSupport value="false"/>
      <isModifier value="false"/>
      <isSummary value="false"/>
    </element>
    <element id="shr-core-Patient-model.contactPoint">
      <path value="shr-core-Patient-model.contactPoint"/>
      <short value="An electronic means of contacting an organization or individual."/>
      <definition value="An electronic means of contacting an organization or individual."/>
      <min value="0"/>
      <max value="*"/>
      <base>
        <path value="shr-core-Patient-model.contactPoint"/>
        <min value="0"/>
        <max value="*"/>
      </base>
      <type>
        <code value="http://hl7.org/fhir/us/odh/StructureDefinition/shr-core-ContactPoint-model"/>
      </type>
      <mustSupport value="false"/>
      <isModifier value="false"/>
      <isSummary value="false"/>
    </element>
    <element id="shr-core-Patient-model.administrativeGender">
      <path value="shr-core-Patient-model.administrativeGender"/>
      <code>
        <system value="http://ncimeta.nci.nih.gov"/>
        <code value="C1550327"/>
      </code>
      <short value="A gender classification used for administrative purposes. Administrative gender is not necessarily the same as a biological description or a gender identity. This attribute does not include terms related to clinical gender."/>
      <definition value="A gender classification used for administrative purposes. Administrative gender is not necessarily the same as a biological description or a gender identity. This attribute does not include terms related to clinical gender."/>
      <min value="1"/>
      <max value="1"/>
      <base>
        <path value="shr-core-Patient-model.administrativeGender"/>
        <min value="1"/>
        <max value="1"/>
      </base>
      <type>
        <code value="Coding"/>
      </type>
      <mustSupport value="false"/>
      <isModifier value="false"/>
      <isSummary value="false"/>
      <binding>
        <strength value="required"/>
        <valueSetReference>
          <reference value="http://hl7.org/fhir/ValueSet/administrative-gender"/>
        </valueSetReference>
      </binding>
    </element>
    <element id="shr-core-Patient-model.birthDate[x]">
      <path value="shr-core-Patient-model.birthDate[x]"/>
      <code>
        <system value="http://ncimeta.nci.nih.gov"/>
        <code value="C2919018"/>
      </code>
      <code>
        <system value="http://loinc.org"/>
        <code value="21112-8"/>
      </code>
      <short value="A date of birth or approximate year or period (year or date range), if estimated."/>
      <definition value="A date of birth or approximate year or period (year or date range), if estimated."/>
      <min value="0"/>
      <max value="1"/>
      <base>
        <path value="shr-core-Patient-model.birthDate[x]"/>
        <min value="0"/>
        <max value="1"/>
      </base>
      <type>
        <code value="date"/>
      </type>
      <type>
        <code value="http://hl7.org/fhir/us/odh/StructureDefinition/shr-core-TimePeriod-model"/>
      </type>
      <mustSupport value="false"/>
      <isModifier value="false"/>
      <isSummary value="false"/>
    </element>
    <element id="shr-core-Patient-model.deceased[x]">
      <path value="shr-core-Patient-model.deceased[x]"/>
      <short value="An indication that the person is no longer living, given by a date of death, or boolean value. The latter, when true, indicates the person is deceased."/>
      <definition value="An indication that the person is no longer living, given by a date of death, or boolean value. The latter, when true, indicates the person is deceased."/>
      <min value="0"/>
      <max value="1"/>
      <base>
        <path value="shr-core-Patient-model.deceased[x]"/>
        <min value="0"/>
        <max value="1"/>
      </base>
      <type>
        <code value="boolean"/>
      </type>
      <type>
        <code value="dateTime"/>
      </type>
      <mustSupport value="false"/>
      <isModifier value="false"/>
      <isSummary value="false"/>
    </element>
    <element id="shr-core-Patient-model.address">
      <path value="shr-core-Patient-model.address"/>
      <short value="An address expressed using postal conventions (as opposed to GPS or other location definition formats). This data type may be used to convey addresses for use in delivering mail as well as for visiting locations and which might not be valid for mail delivery. There are a variety of postal address formats defined around the world. (Source: HL7 FHIR)."/>
      <definition value="An address expressed using postal conventions (as opposed to GPS or other location definition formats). This data type may be used to convey addresses for use in delivering mail as well as for visiting locations and which might not be valid for mail delivery. There are a variety of postal address formats defined around the world. (Source: HL7 FHIR)."/>
      <min value="0"/>
      <max value="*"/>
      <base>
        <path value="shr-core-Patient-model.address"/>
        <min value="0"/>
        <max value="*"/>
      </base>
      <type>
        <code value="http://hl7.org/fhir/us/odh/StructureDefinition/shr-core-Address-model"/>
      </type>
      <mustSupport value="false"/>
      <isModifier value="false"/>
      <isSummary value="false"/>
    </element>
    <element id="shr-core-Patient-model.maritalStatus">
      <path value="shr-core-Patient-model.maritalStatus"/>
      <code>
        <system value="http://ncimeta.nci.nih.gov"/>
        <code value="C0024819"/>
      </code>
      <short value="The most recent marital status of a person."/>
      <definition value="The most recent marital status of a person."/>
      <min value="0"/>
      <max value="1"/>
      <base>
        <path value="shr-core-Patient-model.maritalStatus"/>
        <min value="0"/>
        <max value="1"/>
      </base>
      <type>
        <code value="Coding"/>
      </type>
      <mustSupport value="false"/>
      <isModifier value="false"/>
      <isSummary value="false"/>
      <binding>
        <strength value="required"/>
        <valueSetReference>
          <reference value="http://hl7.org/fhir/ValueSet/marital-status"/>
        </valueSetReference>
      </binding>
    </element>
    <element id="shr-core-Patient-model.multipleBirth[x]">
      <path value="shr-core-Patient-model.multipleBirth[x]"/>
      <short value="If the person was part of a multiple birth event, and if so in which order."/>
      <definition value="If the person was part of a multiple birth event, and if so in which order."/>
      <min value="0"/>
      <max value="1"/>
      <base>
        <path value="shr-core-Patient-model.multipleBirth[x]"/>
        <min value="0"/>
        <max value="1"/>
      </base>
      <type>
        <code value="boolean"/>
      </type>
      <type>
        <code value="integer"/>
      </type>
      <mustSupport value="false"/>
      <isModifier value="false"/>
      <isSummary value="false"/>
    </element>
    <element id="shr-core-Patient-model.photographicImage">
      <path value="shr-core-Patient-model.photographicImage"/>
      <code>
        <system value="http://loinc.org"/>
        <code value="72170-4"/>
        <display value="Photographic image&#x9;[Attachment]"/>
      </code>
      <short value="An attachment of a photographic type. The mime type should be either bmp, gif, jpeg, png, svg, or tiff."/>
      <definition value="An attachment of a photographic type. The mime type should be either bmp, gif, jpeg, png, svg, or tiff."/>
      <min value="0"/>
      <max value="*"/>
      <base>
        <path value="shr-core-Patient-model.photographicImage"/>
        <min value="0"/>
        <max value="*"/>
      </base>
      <type>
        <code value="http://hl7.org/fhir/us/odh/StructureDefinition/shr-core-PhotographicImage-model"/>
      </type>
      <mustSupport value="false"/>
      <isModifier value="false"/>
      <isSummary value="false"/>
    </element>
    <element id="shr-core-Patient-model.contactPerson">
      <path value="shr-core-Patient-model.contactPerson"/>
      <short value="A contact party (e.g. guardian, partner, friend) for the person"/>
      <definition value="A contact party (e.g. guardian, partner, friend) for the person"/>
      <min value="0"/>
      <max value="*"/>
      <base>
        <path value="shr-core-Patient-model.contactPerson"/>
        <min value="0"/>
        <max value="*"/>
      </base>
      <type>
        <code value="http://hl7.org/fhir/us/odh/StructureDefinition/shr-core-ContactPerson-model"/>
      </type>
      <mustSupport value="false"/>
      <isModifier value="false"/>
      <isSummary value="false"/>
    </element>
    <element id="shr-core-Patient-model.communication">
      <path value="shr-core-Patient-model.communication"/>
      <short value="Language used for communication by a human, either the subject of record, parent, or other involved person."/>
      <definition value="Language used for communication by a human, either the subject of record, parent, or other involved person."/>
      <min value="0"/>
      <max value="*"/>
      <base>
        <path value="shr-core-Patient-model.communication"/>
        <min value="0"/>
        <max value="*"/>
      </base>
      <type>
        <code value="http://hl7.org/fhir/us/odh/StructureDefinition/shr-core-Communication-model"/>
      </type>
      <mustSupport value="false"/>
      <isModifier value="false"/>
      <isSummary value="false"/>
    </element>
    <element id="shr-core-Patient-model.generalPractitioner[x]">
      <path value="shr-core-Patient-model.generalPractitioner[x]"/>
      <short value="Patient&#39;s nominated primary care provider."/>
      <definition value="Patient&#39;s nominated primary care provider."/>
      <min value="0"/>
      <max value="*"/>
      <base>
        <path value="shr-core-Patient-model.generalPractitioner[x]"/>
        <min value="0"/>
        <max value="*"/>
      </base>
      <type>
        <code value="Reference"/>
        <targetProfile value="http://hl7.org/fhir/us/odh/StructureDefinition/shr-core-Organization-model"/>
      </type>
      <type>
        <code value="Reference"/>
        <targetProfile value="http://hl7.org/fhir/us/odh/StructureDefinition/shr-core-Practitioner-model"/>
      </type>
      <mustSupport value="false"/>
      <isModifier value="false"/>
      <isSummary value="false"/>
    </element>
    <element id="shr-core-Patient-model.managingOrganization">
      <path value="shr-core-Patient-model.managingOrganization"/>
      <short value="The organization that manages a patient, activity, facility, document, or service provision."/>
      <definition value="The organization that manages a patient, activity, facility, document, or service provision."/>
      <min value="0"/>
      <max value="1"/>
      <base>
        <path value="shr-core-Patient-model.managingOrganization"/>
        <min value="0"/>
        <max value="1"/>
      </base>
      <type>
        <code value="Reference"/>
        <targetProfile value="http://hl7.org/fhir/us/odh/StructureDefinition/shr-core-Organization-model"/>
      </type>
      <mustSupport value="false"/>
      <isModifier value="false"/>
      <isSummary value="false"/>
    </element>
    <element id="shr-core-Patient-model.samePersonAs">
      <path value="shr-core-Patient-model.samePersonAs"/>
      <short value="Link to another patient resource that concerns the same actual patient."/>
      <definition value="Link to another patient resource that concerns the same actual patient."/>
      <min value="0"/>
      <max value="*"/>
      <base>
        <path value="shr-core-Patient-model.samePersonAs"/>
        <min value="0"/>
        <max value="*"/>
      </base>
      <type>
        <code value="http://hl7.org/fhir/us/odh/StructureDefinition/shr-core-SamePersonAs-model"/>
      </type>
      <mustSupport value="false"/>
      <isModifier value="false"/>
      <isSummary value="false"/>
    </element>
    <element id="shr-core-Patient-model.birthSex">
      <path value="shr-core-Patient-model.birthSex"/>
      <code>
        <system value="http://ncimeta.nci.nih.gov"/>
        <code value="C4086849"/>
      </code>
      <short value="Administrative sex assigned at birth and recorded on birth certificate."/>
      <definition value="Administrative sex assigned at birth and recorded on birth certificate."/>
      <min value="0"/>
      <max value="1"/>
      <base>
        <path value="shr-core-Patient-model.birthSex"/>
        <min value="0"/>
        <max value="1"/>
      </base>
      <type>
        <code value="Coding"/>
      </type>
      <mustSupport value="false"/>
      <isModifier value="false"/>
      <isSummary value="false"/>
      <binding>
        <strength value="required"/>
        <valueSetReference>
          <reference value="http://hl7.org/fhir/us/core/ValueSet/us-core-birthsex"/>
        </valueSetReference>
      </binding>
    </element>
    <element id="shr-core-Patient-model.race">
      <path value="shr-core-Patient-model.race"/>
      <code>
        <system value="http://ncimeta.nci.nih.gov"/>
        <code value="C0034510"/>
      </code>
      <short value="Subjective association of a person with a named category of humans sharing common history, traits, place of family origin, nationality, tribe, or other inherited background."/>
      <definition value="Subjective association of a person with a named category of humans sharing common history, traits, place of family origin, nationality, tribe, or other inherited background."/>
      <min value="0"/>
      <max value="1"/>
      <base>
        <path value="shr-core-Patient-model.race"/>
        <min value="0"/>
        <max value="1"/>
      </base>
      <type>
        <code value="http://hl7.org/fhir/us/odh/StructureDefinition/shr-core-Race-model"/>
      </type>
      <mustSupport value="false"/>
      <isModifier value="false"/>
      <isSummary value="false"/>
    </element>
    <element id="shr-core-Patient-model.ethnicity">
      <path value="shr-core-Patient-model.ethnicity"/>
      <code>
        <system value="http://ncimeta.nci.nih.gov"/>
        <code value="C0015031"/>
      </code>
      <short value="Indicator of Hispanic or Latino origin."/>
      <definition value="Indicator of Hispanic or Latino origin."/>
      <min value="0"/>
      <max value="1"/>
      <base>
        <path value="shr-core-Patient-model.ethnicity"/>
        <min value="0"/>
        <max value="1"/>
      </base>
      <type>
        <code value="http://hl7.org/fhir/us/odh/StructureDefinition/shr-core-Ethnicity-model"/>
      </type>
      <mustSupport value="false"/>
      <isModifier value="false"/>
      <isSummary value="false"/>
    </element>
  </snapshot>
  <differential>
    <element id="shr-core-Patient-model">
      <path value="shr-core-Patient-model"/>
      <definition value="A person in the role of a patient. Sometimes, the patient is not the subject of information in a clinical statement where the Patient is the SubjectOfRecord.&#xA;&#xA;SHR follows Argonaut and makes the value set binding on marital status required. MaritalStatus has a required binding in Argonaut, but an extensible binding in US-Core. To be feasible under both DSTU2 Argonaut and STU3 US-Core, the required binding strength is adopted."/>
      <min value="0"/>
      <max value="*"/>
      <base>
        <path value="shr-core-Patient-model"/>
        <min value="0"/>
        <max value="*"/>
      </base>
      <mustSupport value="false"/>
      <isModifier value="false"/>
      <isSummary value="false"/>
    </element>
    <element id="shr-core-Patient-model.metadata">
      <path value="shr-core-Patient-model.metadata"/>
      <short value="Elements that belong to all information items."/>
      <definition value="Elements that belong to all information items."/>
      <min value="0"/>
      <max value="1"/>
      <base>
        <path value="shr-core-Patient-model.metadata"/>
        <min value="0"/>
        <max value="1"/>
      </base>
      <type>
        <code value="http://hl7.org/fhir/us/odh/StructureDefinition/shr-core-Metadata-model"/>
      </type>
      <mustSupport value="false"/>
      <isModifier value="false"/>
      <isSummary value="false"/>
    </element>
    <element id="shr-core-Patient-model.language">
      <path value="shr-core-Patient-model.language"/>
      <short value="A human language, spoken or written."/>
      <definition value="A human language, spoken or written."/>
      <min value="0"/>
      <max value="1"/>
      <base>
        <path value="shr-core-Patient-model.language"/>
        <min value="0"/>
        <max value="1"/>
      </base>
      <type>
        <code value="Coding"/>
      </type>
      <mustSupport value="false"/>
      <isModifier value="false"/>
      <isSummary value="false"/>
    </element>
    <element id="shr-core-Patient-model.implicitRules">
      <path value="shr-core-Patient-model.implicitRules"/>
      <short value="A set of rules under which this content was created"/>
      <definition value="A set of rules under which this content was created"/>
      <min value="0"/>
      <max value="1"/>
      <base>
        <path value="shr-core-Patient-model.implicitRules"/>
        <min value="0"/>
        <max value="1"/>
      </base>
      <type>
        <code value="uri"/>
      </type>
      <mustSupport value="false"/>
      <isModifier value="false"/>
      <isSummary value="false"/>
    </element>
    <element id="shr-core-Patient-model.narrative">
      <path value="shr-core-Patient-model.narrative"/>
      <short value="A human-readable narrative, potentially including images, that contains a summary of the resource, and may be used to represent the content of the resource to a human."/>
      <definition value="A human-readable narrative, potentially including images, that contains a summary of the resource, and may be used to represent the content of the resource to a human."/>
      <min value="0"/>
      <max value="1"/>
      <base>
        <path value="shr-core-Patient-model.narrative"/>
        <min value="0"/>
        <max value="1"/>
      </base>
      <type>
        <code value="http://hl7.org/fhir/us/odh/StructureDefinition/shr-core-Narrative-model"/>
      </type>
      <mustSupport value="false"/>
      <isModifier value="false"/>
      <isSummary value="false"/>
    </element>
    <element id="shr-core-Patient-model.status">
      <path value="shr-core-Patient-model.status"/>
      <short value="A state that relates to the workflow or interpretation of this resource. Certain status values can modify the meaning of the resource, for example, entered-in-error. When a boolean value is used, Status of true indicates the record is active, false means inactive."/>
      <definition value="A state that relates to the workflow or interpretation of this resource. Certain status values can modify the meaning of the resource, for example, entered-in-error. When a boolean value is used, Status of true indicates the record is active, false means inactive."/>
      <min value="0"/>
      <max value="0"/>
      <base>
        <path value="shr-core-Patient-model.status"/>
        <min value="0"/>
        <max value="0"/>
      </base>
      <type>
        <code value="Coding"/>
      </type>
      <mustSupport value="false"/>
      <isModifier value="false"/>
      <isSummary value="false"/>
    </element>
    <element id="shr-core-Patient-model.identifier">
      <path value="shr-core-Patient-model.identifier"/>
      <short value="Business identifier or external id for this resource."/>
      <definition value="Business identifier or external id for this resource."/>
      <min value="1"/>
      <max value="*"/>
      <base>
        <path value="shr-core-Patient-model.identifier"/>
        <min value="1"/>
        <max value="*"/>
      </base>
      <type>
        <code value="http://hl7.org/fhir/us/odh/StructureDefinition/shr-core-Identifier-model"/>
      </type>
      <mustSupport value="false"/>
      <isModifier value="false"/>
      <isSummary value="false"/>
    </element>
    <element id="shr-core-Patient-model.active">
      <path value="shr-core-Patient-model.active"/>
      <short value="Whether the record is in use (true) or retired (false)."/>
      <definition value="Whether the record is in use (true) or retired (false)."/>
      <min value="0"/>
      <max value="1"/>
      <base>
        <path value="shr-core-Patient-model.active"/>
        <min value="0"/>
        <max value="1"/>
      </base>
      <type>
        <code value="boolean"/>
      </type>
      <mustSupport value="false"/>
      <isModifier value="false"/>
      <isSummary value="false"/>
    </element>
    <element id="shr-core-Patient-model.humanName">
      <path value="shr-core-Patient-model.humanName"/>
      <short value="A name used by a human being, written as it would be typically expressed. May include a breakdown of the various elements of the name (family name, given name, etc.)."/>
      <definition value="A name used by a human being, written as it would be typically expressed. May include a breakdown of the various elements of the name (family name, given name, etc.)."/>
      <min value="1"/>
      <max value="*"/>
      <base>
        <path value="shr-core-Patient-model.humanName"/>
        <min value="1"/>
        <max value="*"/>
      </base>
      <type>
        <code value="http://hl7.org/fhir/us/odh/StructureDefinition/shr-core-HumanName-model"/>
      </type>
      <mustSupport value="false"/>
      <isModifier value="false"/>
      <isSummary value="false"/>
    </element>
    <element id="shr-core-Patient-model.contactPoint">
      <path value="shr-core-Patient-model.contactPoint"/>
      <short value="An electronic means of contacting an organization or individual."/>
      <definition value="An electronic means of contacting an organization or individual."/>
      <min value="0"/>
      <max value="*"/>
      <base>
        <path value="shr-core-Patient-model.contactPoint"/>
        <min value="0"/>
        <max value="*"/>
      </base>
      <type>
        <code value="http://hl7.org/fhir/us/odh/StructureDefinition/shr-core-ContactPoint-model"/>
      </type>
      <mustSupport value="false"/>
      <isModifier value="false"/>
      <isSummary value="false"/>
    </element>
    <element id="shr-core-Patient-model.administrativeGender">
      <path value="shr-core-Patient-model.administrativeGender"/>
      <code>
        <system value="http://ncimeta.nci.nih.gov"/>
        <code value="C1550327"/>
      </code>
      <short value="A gender classification used for administrative purposes. Administrative gender is not necessarily the same as a biological description or a gender identity. This attribute does not include terms related to clinical gender."/>
      <definition value="A gender classification used for administrative purposes. Administrative gender is not necessarily the same as a biological description or a gender identity. This attribute does not include terms related to clinical gender."/>
      <min value="1"/>
      <max value="1"/>
      <base>
        <path value="shr-core-Patient-model.administrativeGender"/>
        <min value="1"/>
        <max value="1"/>
      </base>
      <type>
        <code value="Coding"/>
      </type>
      <mustSupport value="false"/>
      <isModifier value="false"/>
      <isSummary value="false"/>
      <binding>
        <strength value="required"/>
        <valueSetReference>
          <reference value="http://hl7.org/fhir/ValueSet/administrative-gender"/>
        </valueSetReference>
      </binding>
    </element>
    <element id="shr-core-Patient-model.birthDate[x]">
      <path value="shr-core-Patient-model.birthDate[x]"/>
      <code>
        <system value="http://ncimeta.nci.nih.gov"/>
        <code value="C2919018"/>
      </code>
      <code>
        <system value="http://loinc.org"/>
        <code value="21112-8"/>
      </code>
      <short value="A date of birth or approximate year or period (year or date range), if estimated."/>
      <definition value="A date of birth or approximate year or period (year or date range), if estimated."/>
      <min value="0"/>
      <max value="1"/>
      <base>
        <path value="shr-core-Patient-model.birthDate[x]"/>
        <min value="0"/>
        <max value="1"/>
      </base>
      <type>
        <code value="date"/>
      </type>
      <type>
        <code value="http://hl7.org/fhir/us/odh/StructureDefinition/shr-core-TimePeriod-model"/>
      </type>
      <mustSupport value="false"/>
      <isModifier value="false"/>
      <isSummary value="false"/>
    </element>
    <element id="shr-core-Patient-model.deceased[x]">
      <path value="shr-core-Patient-model.deceased[x]"/>
      <short value="An indication that the person is no longer living, given by a date of death, or boolean value. The latter, when true, indicates the person is deceased."/>
      <definition value="An indication that the person is no longer living, given by a date of death, or boolean value. The latter, when true, indicates the person is deceased."/>
      <min value="0"/>
      <max value="1"/>
      <base>
        <path value="shr-core-Patient-model.deceased[x]"/>
        <min value="0"/>
        <max value="1"/>
      </base>
      <type>
        <code value="boolean"/>
      </type>
      <type>
        <code value="dateTime"/>
      </type>
      <mustSupport value="false"/>
      <isModifier value="false"/>
      <isSummary value="false"/>
    </element>
    <element id="shr-core-Patient-model.address">
      <path value="shr-core-Patient-model.address"/>
      <short value="An address expressed using postal conventions (as opposed to GPS or other location definition formats). This data type may be used to convey addresses for use in delivering mail as well as for visiting locations and which might not be valid for mail delivery. There are a variety of postal address formats defined around the world. (Source: HL7 FHIR)."/>
      <definition value="An address expressed using postal conventions (as opposed to GPS or other location definition formats). This data type may be used to convey addresses for use in delivering mail as well as for visiting locations and which might not be valid for mail delivery. There are a variety of postal address formats defined around the world. (Source: HL7 FHIR)."/>
      <min value="0"/>
      <max value="*"/>
      <base>
        <path value="shr-core-Patient-model.address"/>
        <min value="0"/>
        <max value="*"/>
      </base>
      <type>
        <code value="http://hl7.org/fhir/us/odh/StructureDefinition/shr-core-Address-model"/>
      </type>
      <mustSupport value="false"/>
      <isModifier value="false"/>
      <isSummary value="false"/>
    </element>
    <element id="shr-core-Patient-model.maritalStatus">
      <path value="shr-core-Patient-model.maritalStatus"/>
      <code>
        <system value="http://ncimeta.nci.nih.gov"/>
        <code value="C0024819"/>
      </code>
      <short value="The most recent marital status of a person."/>
      <definition value="The most recent marital status of a person."/>
      <min value="0"/>
      <max value="1"/>
      <base>
        <path value="shr-core-Patient-model.maritalStatus"/>
        <min value="0"/>
        <max value="1"/>
      </base>
      <type>
        <code value="Coding"/>
      </type>
      <mustSupport value="false"/>
      <isModifier value="false"/>
      <isSummary value="false"/>
      <binding>
        <strength value="required"/>
        <valueSetReference>
          <reference value="http://hl7.org/fhir/ValueSet/marital-status"/>
        </valueSetReference>
      </binding>
    </element>
    <element id="shr-core-Patient-model.multipleBirth[x]">
      <path value="shr-core-Patient-model.multipleBirth[x]"/>
      <short value="If the person was part of a multiple birth event, and if so in which order."/>
      <definition value="If the person was part of a multiple birth event, and if so in which order."/>
      <min value="0"/>
      <max value="1"/>
      <base>
        <path value="shr-core-Patient-model.multipleBirth[x]"/>
        <min value="0"/>
        <max value="1"/>
      </base>
      <type>
        <code value="boolean"/>
      </type>
      <type>
        <code value="integer"/>
      </type>
      <mustSupport value="false"/>
      <isModifier value="false"/>
      <isSummary value="false"/>
    </element>
    <element id="shr-core-Patient-model.photographicImage">
      <path value="shr-core-Patient-model.photographicImage"/>
      <code>
        <system value="http://loinc.org"/>
        <code value="72170-4"/>
        <display value="Photographic image&#x9;[Attachment]"/>
      </code>
      <short value="An attachment of a photographic type. The mime type should be either bmp, gif, jpeg, png, svg, or tiff."/>
      <definition value="An attachment of a photographic type. The mime type should be either bmp, gif, jpeg, png, svg, or tiff."/>
      <min value="0"/>
      <max value="*"/>
      <base>
        <path value="shr-core-Patient-model.photographicImage"/>
        <min value="0"/>
        <max value="*"/>
      </base>
      <type>
        <code value="http://hl7.org/fhir/us/odh/StructureDefinition/shr-core-PhotographicImage-model"/>
      </type>
      <mustSupport value="false"/>
      <isModifier value="false"/>
      <isSummary value="false"/>
    </element>
    <element id="shr-core-Patient-model.contactPerson">
      <path value="shr-core-Patient-model.contactPerson"/>
      <short value="A contact party (e.g. guardian, partner, friend) for the person"/>
      <definition value="A contact party (e.g. guardian, partner, friend) for the person"/>
      <min value="0"/>
      <max value="*"/>
      <base>
        <path value="shr-core-Patient-model.contactPerson"/>
        <min value="0"/>
        <max value="*"/>
      </base>
      <type>
        <code value="http://hl7.org/fhir/us/odh/StructureDefinition/shr-core-ContactPerson-model"/>
      </type>
      <mustSupport value="false"/>
      <isModifier value="false"/>
      <isSummary value="false"/>
    </element>
    <element id="shr-core-Patient-model.communication">
      <path value="shr-core-Patient-model.communication"/>
      <short value="Language used for communication by a human, either the subject of record, parent, or other involved person."/>
      <definition value="Language used for communication by a human, either the subject of record, parent, or other involved person."/>
      <min value="0"/>
      <max value="*"/>
      <base>
        <path value="shr-core-Patient-model.communication"/>
        <min value="0"/>
        <max value="*"/>
      </base>
      <type>
        <code value="http://hl7.org/fhir/us/odh/StructureDefinition/shr-core-Communication-model"/>
      </type>
      <mustSupport value="false"/>
      <isModifier value="false"/>
      <isSummary value="false"/>
    </element>
    <element id="shr-core-Patient-model.generalPractitioner[x]">
      <path value="shr-core-Patient-model.generalPractitioner[x]"/>
      <short value="Patient&#39;s nominated primary care provider."/>
      <definition value="Patient&#39;s nominated primary care provider."/>
      <min value="0"/>
      <max value="*"/>
      <base>
        <path value="shr-core-Patient-model.generalPractitioner[x]"/>
        <min value="0"/>
        <max value="*"/>
      </base>
      <type>
        <code value="Reference"/>
        <targetProfile value="http://hl7.org/fhir/us/odh/StructureDefinition/shr-core-Organization-model"/>
      </type>
      <type>
        <code value="Reference"/>
        <targetProfile value="http://hl7.org/fhir/us/odh/StructureDefinition/shr-core-Practitioner-model"/>
      </type>
      <mustSupport value="false"/>
      <isModifier value="false"/>
      <isSummary value="false"/>
    </element>
    <element id="shr-core-Patient-model.managingOrganization">
      <path value="shr-core-Patient-model.managingOrganization"/>
      <short value="The organization that manages a patient, activity, facility, document, or service provision."/>
      <definition value="The organization that manages a patient, activity, facility, document, or service provision."/>
      <min value="0"/>
      <max value="1"/>
      <base>
        <path value="shr-core-Patient-model.managingOrganization"/>
        <min value="0"/>
        <max value="1"/>
      </base>
      <type>
        <code value="Reference"/>
        <targetProfile value="http://hl7.org/fhir/us/odh/StructureDefinition/shr-core-Organization-model"/>
      </type>
      <mustSupport value="false"/>
      <isModifier value="false"/>
      <isSummary value="false"/>
    </element>
    <element id="shr-core-Patient-model.samePersonAs">
      <path value="shr-core-Patient-model.samePersonAs"/>
      <short value="Link to another patient resource that concerns the same actual patient."/>
      <definition value="Link to another patient resource that concerns the same actual patient."/>
      <min value="0"/>
      <max value="*"/>
      <base>
        <path value="shr-core-Patient-model.samePersonAs"/>
        <min value="0"/>
        <max value="*"/>
      </base>
      <type>
        <code value="http://hl7.org/fhir/us/odh/StructureDefinition/shr-core-SamePersonAs-model"/>
      </type>
      <mustSupport value="false"/>
      <isModifier value="false"/>
      <isSummary value="false"/>
    </element>
    <element id="shr-core-Patient-model.birthSex">
      <path value="shr-core-Patient-model.birthSex"/>
      <code>
        <system value="http://ncimeta.nci.nih.gov"/>
        <code value="C4086849"/>
      </code>
      <short value="Administrative sex assigned at birth and recorded on birth certificate."/>
      <definition value="Administrative sex assigned at birth and recorded on birth certificate."/>
      <min value="0"/>
      <max value="1"/>
      <base>
        <path value="shr-core-Patient-model.birthSex"/>
        <min value="0"/>
        <max value="1"/>
      </base>
      <type>
        <code value="Coding"/>
      </type>
      <mustSupport value="false"/>
      <isModifier value="false"/>
      <isSummary value="false"/>
      <binding>
        <strength value="required"/>
        <valueSetReference>
          <reference value="http://hl7.org/fhir/us/core/ValueSet/us-core-birthsex"/>
        </valueSetReference>
      </binding>
    </element>
    <element id="shr-core-Patient-model.race">
      <path value="shr-core-Patient-model.race"/>
      <code>
        <system value="http://ncimeta.nci.nih.gov"/>
        <code value="C0034510"/>
      </code>
      <short value="Subjective association of a person with a named category of humans sharing common history, traits, place of family origin, nationality, tribe, or other inherited background."/>
      <definition value="Subjective association of a person with a named category of humans sharing common history, traits, place of family origin, nationality, tribe, or other inherited background."/>
      <min value="0"/>
      <max value="1"/>
      <base>
        <path value="shr-core-Patient-model.race"/>
        <min value="0"/>
        <max value="1"/>
      </base>
      <type>
        <code value="http://hl7.org/fhir/us/odh/StructureDefinition/shr-core-Race-model"/>
      </type>
      <mustSupport value="false"/>
      <isModifier value="false"/>
      <isSummary value="false"/>
    </element>
    <element id="shr-core-Patient-model.ethnicity">
      <path value="shr-core-Patient-model.ethnicity"/>
      <code>
        <system value="http://ncimeta.nci.nih.gov"/>
        <code value="C0015031"/>
      </code>
      <short value="Indicator of Hispanic or Latino origin."/>
      <definition value="Indicator of Hispanic or Latino origin."/>
      <min value="0"/>
      <max value="1"/>
      <base>
        <path value="shr-core-Patient-model.ethnicity"/>
        <min value="0"/>
        <max value="1"/>
      </base>
      <type>
        <code value="http://hl7.org/fhir/us/odh/StructureDefinition/shr-core-Ethnicity-model"/>
      </type>
      <mustSupport value="false"/>
      <isModifier value="false"/>
      <isSummary value="false"/>
    </element>
  </differential>
</StructureDefinition>