<?xml version="1.0" encoding="UTF-8"?>

<StructureDefinition xmlns="http://hl7.org/fhir">
  <id value="shr-core-SupplyDuration-model"/>
  <text>
    <status value="generated"/><div xmlns="http://www.w3.org/1999/xhtml">
  <p><b>SupplyDuration Logical Model</b></p>
  <p>Identifies the period time over which the supplied product is expected to be used, or the length of time the dispense is expected to last.</p>
</div>
  </text>
  <url value="http://hl7.org/fhir/us/odh/StructureDefinition/shr-core-SupplyDuration-model"/>
  <identifier>
    <system value="http://hl7.org/fhir/us/odh"/>
    <value value="shr.core.SupplyDuration"/>
  </identifier>
  <version value="1.0.0"/>
  <name value="SupplyDuration"/>
  <title value="shr-core-SupplyDuration"/>
  <status value="draft"/>
  <date value="2019-05-08T00:00:00-04:00"/>
  <publisher value="HL7"/>
  <contact>
    <telecom>
      <system value="url"/>
      <value value="http://standardhealthrecord.org"/>
    </telecom>
  </contact>
  <description value="Identifies the period time over which the supplied product is expected to be used, or the length of time the dispense is expected to last."/>
  <kind value="logical"/>
  <abstract value="false"/>
  <type value="shr-core-SupplyDuration-model"/>
  <baseDefinition value="http://hl7.org/fhir/StructureDefinition/Element"/>
  <derivation value="specialization"/>
  <snapshot>
    <element id="shr-core-SupplyDuration-model">
      <path value="shr-core-SupplyDuration-model"/>
      <definition value="Identifies the period time over which the supplied product is expected to be used, or the length of time the dispense is expected to last."/>
      <min value="0"/>
      <max value="*"/>
      <base>
        <path value="shr-core-SupplyDuration-model"/>
        <min value="0"/>
        <max value="*"/>
      </base>
      <mustSupport value="false"/>
      <isModifier value="false"/>
      <isSummary value="false"/>
    </element>
    <element id="shr-core-SupplyDuration-model.value">
      <path value="shr-core-SupplyDuration-model.value"/>
      <code>
        <system value="http://ncimeta.nci.nih.gov"/>
        <code value="C0449238"/>
      </code>
      <short value="Duration representing identifies the period time over which the supplied product is expected to be used, or the length of time the dispense is expected to last."/>
      <definition value="Duration representing identifies the period time over which the supplied product is expected to be used, or the length of time the dispense is expected to last."/>
      <min value="1"/>
      <max value="1"/>
      <base>
        <path value="shr-core-SupplyDuration-model.value"/>
        <min value="1"/>
        <max value="1"/>
      </base>
      <type>
        <code value="http://hl7.org/fhir/us/odh/StructureDefinition/shr-core-Duration-model"/>
      </type>
      <mustSupport value="false"/>
      <isModifier value="false"/>
      <isSummary value="false"/>
    </element>
  </snapshot>
  <differential>
    <element id="shr-core-SupplyDuration-model">
      <path value="shr-core-SupplyDuration-model"/>
      <definition value="Identifies the period time over which the supplied product is expected to be used, or the length of time the dispense is expected to last."/>
      <min value="0"/>
      <max value="*"/>
      <base>
        <path value="shr-core-SupplyDuration-model"/>
        <min value="0"/>
        <max value="*"/>
      </base>
      <mustSupport value="false"/>
      <isModifier value="false"/>
      <isSummary value="false"/>
    </element>
    <element id="shr-core-SupplyDuration-model.value">
      <path value="shr-core-SupplyDuration-model.value"/>
      <code>
        <system value="http://ncimeta.nci.nih.gov"/>
        <code value="C0449238"/>
      </code>
      <short value="Duration representing identifies the period time over which the supplied product is expected to be used, or the length of time the dispense is expected to last."/>
      <definition value="Duration representing identifies the period time over which the supplied product is expected to be used, or the length of time the dispense is expected to last."/>
      <min value="1"/>
      <max value="1"/>
      <base>
        <path value="shr-core-SupplyDuration-model.value"/>
        <min value="1"/>
        <max value="1"/>
      </base>
      <type>
        <code value="http://hl7.org/fhir/us/odh/StructureDefinition/shr-core-Duration-model"/>
      </type>
      <mustSupport value="false"/>
      <isModifier value="false"/>
      <isSummary value="false"/>
    </element>
  </differential>
</StructureDefinition>