<?xml version="1.0" encoding="UTF-8"?>

<StructureDefinition xmlns="http://hl7.org/fhir">
  <id value="shr-core-Issuer-model"/>
  <text>
    <status value="generated"/><div xmlns="http://www.w3.org/1999/xhtml">
  <p><b>Issuer Logical Model</b></p>
  <p>An organization who issues a qualification, identifier, or license.</p>
</div>
  </text>
  <url value="http://hl7.org/fhir/us/shr/StructureDefinition/shr-core-Issuer-model"/>
  <identifier>
    <system value="http://hl7.org/fhir/us/odh"/>
    <value value="shr.core.Issuer"/>
  </identifier>
  <version value="1.0.0"/>
  <name value="Issuer"/>
  <title value="shr-core-Issuer"/>
  <status value="draft"/>
  <date value="2019-03-30T00:00:00-04:00"/>
  <publisher value="HL7"/>
  <contact>
    <telecom>
      <system value="url"/>
      <value value="http://standardhealthrecord.org"/>
    </telecom>
  </contact>
  <description value="An organization who issues a qualification, identifier, or license."/>
  <kind value="logical"/>
  <abstract value="false"/>
  <type value="shr-core-Issuer-model"/>
  <baseDefinition value="http://hl7.org/fhir/StructureDefinition/Element"/>
  <derivation value="specialization"/>
  <snapshot>
    <element id="shr-core-Issuer-model">
      <path value="shr-core-Issuer-model"/>
      <definition value="An organization who issues a qualification, identifier, or license."/>
      <min value="0"/>
      <max value="*"/>
      <base>
        <path value="shr-core-Issuer-model"/>
        <min value="0"/>
        <max value="*"/>
      </base>
      <mustSupport value="false"/>
      <isModifier value="false"/>
      <isSummary value="false"/>
    </element>
    <element id="shr-core-Issuer-model.value">
      <path value="shr-core-Issuer-model.value"/>
      <code>
        <system value="http://ncimeta.nci.nih.gov"/>
        <code value="C1561598"/>
      </code>
      <short value="Organization representing an organization who issues a qualification, identifier, or license."/>
      <definition value="Organization representing an organization who issues a qualification, identifier, or license."/>
      <min value="1"/>
      <max value="1"/>
      <base>
        <path value="shr-core-Issuer-model.value"/>
        <min value="1"/>
        <max value="1"/>
      </base>
      <type>
        <code value="Reference"/>
        <targetProfile value="http://hl7.org/fhir/us/shr/StructureDefinition/shr-core-Organization-model"/>
      </type>
      <mustSupport value="false"/>
      <isModifier value="false"/>
      <isSummary value="false"/>
    </element>
  </snapshot>
  <differential>
    <element id="shr-core-Issuer-model">
      <path value="shr-core-Issuer-model"/>
      <definition value="An organization who issues a qualification, identifier, or license."/>
      <min value="0"/>
      <max value="*"/>
      <base>
        <path value="shr-core-Issuer-model"/>
        <min value="0"/>
        <max value="*"/>
      </base>
      <mustSupport value="false"/>
      <isModifier value="false"/>
      <isSummary value="false"/>
    </element>
    <element id="shr-core-Issuer-model.value">
      <path value="shr-core-Issuer-model.value"/>
      <code>
        <system value="http://ncimeta.nci.nih.gov"/>
        <code value="C1561598"/>
      </code>
      <short value="Organization representing an organization who issues a qualification, identifier, or license."/>
      <definition value="Organization representing an organization who issues a qualification, identifier, or license."/>
      <min value="1"/>
      <max value="1"/>
      <base>
        <path value="shr-core-Issuer-model.value"/>
        <min value="1"/>
        <max value="1"/>
      </base>
      <type>
        <code value="Reference"/>
        <targetProfile value="http://hl7.org/fhir/us/shr/StructureDefinition/shr-core-Organization-model"/>
      </type>
      <mustSupport value="false"/>
      <isModifier value="false"/>
      <isSummary value="false"/>
    </element>
  </differential>
</StructureDefinition>