<?xml version="1.0" encoding="UTF-8"?>

<StructureDefinition xmlns="http://hl7.org/fhir">
  <id value="shr-core-Observation-model"/>
  <text>
    <status value="generated"/><div xmlns="http://www.w3.org/1999/xhtml">
  <p><b>Observation Logical Model</b></p>
  <p>Represents the result of evaluations (measurements, tests, or questions) that have been performed.
Observation has a value representing the result (answer), or an DataAbsentReason indicating why the value is not present. Things observed about the subject can include social and behavioral factors, subjective and objective observations, and assessments.
For an Observation, the Code describes the aspect or property of the subject being observed or measured. The Code is the 'question code' that pairs to the 'answer' contained in the Value.</p>
</div>
  </text>
  <url value="http://hl7.org/fhir/us/shr/StructureDefinition/shr-core-Observation-model"/>
  <identifier>
    <system value="http://hl7.org/fhir/us/odh"/>
    <value value="shr.core.Observation"/>
  </identifier>
  <version value="1.0.0"/>
  <name value="Observation"/>
  <title value="shr-core-Observation"/>
  <status value="draft"/>
  <date value="2019-04-08T00:00:00-04:00"/>
  <publisher value="HL7"/>
  <contact>
    <telecom>
      <system value="url"/>
      <value value="http://standardhealthrecord.org"/>
    </telecom>
  </contact>
  <description value="Represents the result of evaluations (measurements, tests, or questions) that have been performed.&#xA;Observation has a value representing the result (answer), or an DataAbsentReason indicating why the value is not present. Things observed about the subject can include social and behavioral factors, subjective and objective observations, and assessments.&#xA;For an Observation, the Code describes the aspect or property of the subject being observed or measured. The Code is the &#39;question code&#39; that pairs to the &#39;answer&#39; contained in the Value."/>
  <kind value="logical"/>
  <abstract value="false"/>
  <type value="shr-core-Observation-model"/>
  <baseDefinition value="http://hl7.org/fhir/StructureDefinition/Element"/>
  <derivation value="specialization"/>
  <snapshot>
    <element id="shr-core-Observation-model">
      <path value="shr-core-Observation-model"/>
      <definition value="Represents the result of evaluations (measurements, tests, or questions) that have been performed.&#xA;Observation has a value representing the result (answer), or an DataAbsentReason indicating why the value is not present. Things observed about the subject can include social and behavioral factors, subjective and objective observations, and assessments.&#xA;For an Observation, the Code describes the aspect or property of the subject being observed or measured. The Code is the &#39;question code&#39; that pairs to the &#39;answer&#39; contained in the Value."/>
      <min value="0"/>
      <max value="*"/>
      <base>
        <path value="shr-core-Observation-model"/>
        <min value="0"/>
        <max value="*"/>
      </base>
      <mustSupport value="false"/>
      <isModifier value="false"/>
      <isSummary value="false"/>
    </element>
    <element id="shr-core-Observation-model.metadata">
      <path value="shr-core-Observation-model.metadata"/>
      <short value="Elements that belong to all information items."/>
      <definition value="Elements that belong to all information items."/>
      <min value="0"/>
      <max value="1"/>
      <base>
        <path value="shr-core-Observation-model.metadata"/>
        <min value="0"/>
        <max value="1"/>
      </base>
      <type>
        <code value="http://hl7.org/fhir/us/shr/StructureDefinition/shr-core-Metadata-model"/>
      </type>
      <mustSupport value="false"/>
      <isModifier value="false"/>
      <isSummary value="false"/>
    </element>
    <element id="shr-core-Observation-model.language">
      <path value="shr-core-Observation-model.language"/>
      <code>
        <system value="http://ncimeta.nci.nih.gov"/>
        <code value="C0023008"/>
      </code>
      <short value="A human language, spoken or written."/>
      <definition value="A human language, spoken or written."/>
      <min value="0"/>
      <max value="1"/>
      <base>
        <path value="shr-core-Observation-model.language"/>
        <min value="0"/>
        <max value="1"/>
      </base>
      <type>
        <code value="Coding"/>
      </type>
      <mustSupport value="false"/>
      <isModifier value="false"/>
      <isSummary value="false"/>
    </element>
    <element id="shr-core-Observation-model.implicitRules">
      <path value="shr-core-Observation-model.implicitRules"/>
      <short value="A set of rules under which this content was created"/>
      <definition value="A set of rules under which this content was created"/>
      <min value="0"/>
      <max value="1"/>
      <base>
        <path value="shr-core-Observation-model.implicitRules"/>
        <min value="0"/>
        <max value="1"/>
      </base>
      <type>
        <code value="uri"/>
      </type>
      <mustSupport value="false"/>
      <isModifier value="false"/>
      <isSummary value="false"/>
    </element>
    <element id="shr-core-Observation-model.narrative">
      <path value="shr-core-Observation-model.narrative"/>
      <short value="A human-readable narrative, potentially including images, that contains a summary of the resource, and may be used to represent the content of the resource to a human."/>
      <definition value="A human-readable narrative, potentially including images, that contains a summary of the resource, and may be used to represent the content of the resource to a human."/>
      <min value="0"/>
      <max value="1"/>
      <base>
        <path value="shr-core-Observation-model.narrative"/>
        <min value="0"/>
        <max value="1"/>
      </base>
      <type>
        <code value="http://hl7.org/fhir/us/shr/StructureDefinition/shr-core-Narrative-model"/>
      </type>
      <mustSupport value="false"/>
      <isModifier value="false"/>
      <isSummary value="false"/>
    </element>
    <element id="shr-core-Observation-model.status">
      <path value="shr-core-Observation-model.status"/>
      <short value="A state that relates to the workflow or interpretation of this resource. Certain status values can modify the meaning of the resource, for example, entered-in-error. When a boolean value is used, Status of true indicates the record is active, false means inactive."/>
      <definition value="A state that relates to the workflow or interpretation of this resource. Certain status values can modify the meaning of the resource, for example, entered-in-error. When a boolean value is used, Status of true indicates the record is active, false means inactive."/>
      <min value="1"/>
      <max value="1"/>
      <base>
        <path value="shr-core-Observation-model.status"/>
        <min value="1"/>
        <max value="1"/>
      </base>
      <type>
        <code value="Coding"/>
      </type>
      <mustSupport value="false"/>
      <isModifier value="false"/>
      <isSummary value="false"/>
      <binding>
        <strength value="required"/>
        <valueSetReference>
          <reference value="http://hl7.org/fhir/ValueSet/observation-status"/>
        </valueSetReference>
      </binding>
    </element>
    <element id="shr-core-Observation-model.identifier">
      <path value="shr-core-Observation-model.identifier"/>
      <short value="Business identifier or external id for this resource."/>
      <definition value="Business identifier or external id for this resource."/>
      <min value="0"/>
      <max value="*"/>
      <base>
        <path value="shr-core-Observation-model.identifier"/>
        <min value="0"/>
        <max value="*"/>
      </base>
      <type>
        <code value="http://hl7.org/fhir/us/shr/StructureDefinition/shr-core-Identifier-model"/>
      </type>
      <mustSupport value="false"/>
      <isModifier value="false"/>
      <isSummary value="false"/>
    </element>
    <element id="shr-core-Observation-model.observationSubjectOfRecord[x]">
      <path value="shr-core-Observation-model.observationSubjectOfRecord[x]"/>
      <short value="A choice of Patient, Group, Device, or Location. These are the potential subjects for an Observation."/>
      <definition value="A choice of Patient, Group, Device, or Location. These are the potential subjects for an Observation."/>
      <min value="1"/>
      <max value="1"/>
      <base>
        <path value="shr-core-Observation-model.observationSubjectOfRecord[x]"/>
        <min value="1"/>
        <max value="1"/>
      </base>
      <type>
        <code value="Reference"/>
        <targetProfile value="http://hl7.org/fhir/us/shr/StructureDefinition/shr-core-Patient-model"/>
      </type>
      <type>
        <code value="Reference"/>
        <targetProfile value="http://hl7.org/fhir/us/shr/StructureDefinition/shr-core-Group-model"/>
      </type>
      <type>
        <code value="Reference"/>
        <targetProfile value="http://hl7.org/fhir/us/shr/StructureDefinition/shr-core-Device-model"/>
      </type>
      <type>
        <code value="Reference"/>
        <targetProfile value="http://hl7.org/fhir/us/shr/StructureDefinition/shr-core-Location-model"/>
      </type>
      <mustSupport value="false"/>
      <isModifier value="false"/>
      <isSummary value="false"/>
    </element>
    <element id="shr-core-Observation-model.careContext">
      <path value="shr-core-Observation-model.careContext"/>
      <short value="The encounter or episode of care"/>
      <definition value="The encounter or episode of care"/>
      <min value="0"/>
      <max value="1"/>
      <base>
        <path value="shr-core-Observation-model.careContext"/>
        <min value="0"/>
        <max value="1"/>
      </base>
      <type>
        <code value="Reference"/>
        <targetProfile value="http://hl7.org/fhir/us/shr/StructureDefinition/shr-core-Encounter-model"/>
      </type>
      <mustSupport value="false"/>
      <isModifier value="false"/>
      <isSummary value="false"/>
    </element>
    <element id="shr-core-Observation-model.statementDateTime">
      <path value="shr-core-Observation-model.statementDateTime"/>
      <code>
        <system value="http://ncimeta.nci.nih.gov"/>
        <code value="C3669169"/>
      </code>
      <short value="The point in time when the statement was created."/>
      <definition value="The point in time when the statement was created."/>
      <min value="0"/>
      <max value="1"/>
      <base>
        <path value="shr-core-Observation-model.statementDateTime"/>
        <min value="0"/>
        <max value="1"/>
      </base>
      <type>
        <code value="dateTime"/>
      </type>
      <mustSupport value="false"/>
      <isModifier value="false"/>
      <isSummary value="false"/>
    </element>
    <element id="shr-core-Observation-model.code">
      <path value="shr-core-Observation-model.code"/>
      <short value="The main type identifier for a lab, procedure, condition, etc., usually drawn from a controlled vocabulary."/>
      <definition value="The main type identifier for a lab, procedure, condition, etc., usually drawn from a controlled vocabulary."/>
      <min value="1"/>
      <max value="1"/>
      <base>
        <path value="shr-core-Observation-model.code"/>
        <min value="1"/>
        <max value="1"/>
      </base>
      <type>
        <code value="Coding"/>
      </type>
      <mustSupport value="false"/>
      <isModifier value="false"/>
      <isSummary value="false"/>
    </element>
    <element id="shr-core-Observation-model.dataValue[x]">
      <path value="shr-core-Observation-model.dataValue[x]"/>
      <short value="The value or result of a test, evaluation, or judgment, for example, a systolic blood pressure, or if a condition or body structure is present or absent."/>
      <definition value="The value or result of a test, evaluation, or judgment, for example, a systolic blood pressure, or if a condition or body structure is present or absent."/>
      <min value="0"/>
      <max value="1"/>
      <base>
        <path value="shr-core-Observation-model.dataValue[x]"/>
        <min value="0"/>
        <max value="1"/>
      </base>
      <type>
        <code value="Coding"/>
      </type>
      <type>
        <code value="http://hl7.org/fhir/us/shr/StructureDefinition/shr-core-Quantity-model"/>
      </type>
      <type>
        <code value="string"/>
      </type>
      <type>
        <code value="http://hl7.org/fhir/us/shr/StructureDefinition/shr-core-Range-model"/>
      </type>
      <type>
        <code value="http://hl7.org/fhir/us/shr/StructureDefinition/shr-core-Ratio-model"/>
      </type>
      <type>
        <code value="time"/>
      </type>
      <type>
        <code value="dateTime"/>
      </type>
      <type>
        <code value="http://hl7.org/fhir/us/shr/StructureDefinition/shr-core-TimePeriod-model"/>
      </type>
      <mustSupport value="false"/>
      <isModifier value="false"/>
      <isSummary value="false"/>
    </element>
    <element id="shr-core-Observation-model.dataAbsentReason">
      <path value="shr-core-Observation-model.dataAbsentReason"/>
      <short value="Reason that a value associated with a test or other finding is missing."/>
      <definition value="Reason that a value associated with a test or other finding is missing."/>
      <min value="0"/>
      <max value="1"/>
      <base>
        <path value="shr-core-Observation-model.dataAbsentReason"/>
        <min value="0"/>
        <max value="1"/>
      </base>
      <type>
        <code value="Coding"/>
      </type>
      <mustSupport value="false"/>
      <isModifier value="false"/>
      <isSummary value="false"/>
      <binding>
        <strength value="extensible"/>
        <valueSetReference>
          <reference value="http://hl7.org/fhir/ValueSet/data-absent-reason"/>
        </valueSetReference>
      </binding>
    </element>
    <element id="shr-core-Observation-model.method">
      <path value="shr-core-Observation-model.method"/>
      <short value="The technique used to carry out an action, for example, the specific imaging technical or assessment vehicle."/>
      <definition value="The technique used to carry out an action, for example, the specific imaging technical or assessment vehicle."/>
      <min value="0"/>
      <max value="1"/>
      <base>
        <path value="shr-core-Observation-model.method"/>
        <min value="0"/>
        <max value="1"/>
      </base>
      <type>
        <code value="Coding"/>
      </type>
      <mustSupport value="false"/>
      <isModifier value="false"/>
      <isSummary value="false"/>
    </element>
    <element id="shr-core-Observation-model.relevantTime[x]">
      <path value="shr-core-Observation-model.relevantTime[x]"/>
      <short value="The time or time period that the statement addresses."/>
      <definition value="The time or time period that the statement addresses.&#xA;The clinically relevant time is not necessarily when the information is gathered or when a test is carried out, but for example, when a specimen was collected, or the time period referred to by the question. Use a TimePeriod for a measurement or specimen collection continued over a significant period of time (e.g. 24 hour Urine Sodium)."/>
      <min value="0"/>
      <max value="1"/>
      <base>
        <path value="shr-core-Observation-model.relevantTime[x]"/>
        <min value="0"/>
        <max value="1"/>
      </base>
      <type>
        <code value="dateTime"/>
      </type>
      <type>
        <code value="http://hl7.org/fhir/us/shr/StructureDefinition/shr-core-TimePeriod-model"/>
      </type>
      <mustSupport value="false"/>
      <isModifier value="false"/>
      <isSummary value="false"/>
    </element>
    <element id="shr-core-Observation-model.category">
      <path value="shr-core-Observation-model.category"/>
      <short value="The type, kind, or class of this item."/>
      <definition value="The type, kind, or class of this item."/>
      <min value="0"/>
      <max value="1"/>
      <base>
        <path value="shr-core-Observation-model.category"/>
        <min value="0"/>
        <max value="1"/>
      </base>
      <type>
        <code value="Coding"/>
      </type>
      <mustSupport value="false"/>
      <isModifier value="false"/>
      <isSummary value="false"/>
      <binding>
        <strength value="extensible"/>
        <valueSetReference>
          <reference value="http://hl7.org/fhir/ValueSet/observation-category"/>
        </valueSetReference>
      </binding>
    </element>
    <element id="shr-core-Observation-model.performer[x]">
      <path value="shr-core-Observation-model.performer[x]"/>
      <short value="The actor that carried out the observation or action."/>
      <definition value="The actor that carried out the observation or action."/>
      <min value="0"/>
      <max value="*"/>
      <base>
        <path value="shr-core-Observation-model.performer[x]"/>
        <min value="0"/>
        <max value="*"/>
      </base>
      <type>
        <code value="Reference"/>
        <targetProfile value="http://hl7.org/fhir/us/shr/StructureDefinition/shr-core-Practitioner-model"/>
      </type>
      <type>
        <code value="Reference"/>
        <targetProfile value="http://hl7.org/fhir/us/shr/StructureDefinition/shr-core-Organization-model"/>
      </type>
      <type>
        <code value="Reference"/>
        <targetProfile value="http://hl7.org/fhir/us/shr/StructureDefinition/shr-core-Patient-model"/>
      </type>
      <type>
        <code value="Reference"/>
        <targetProfile value="http://hl7.org/fhir/us/shr/StructureDefinition/shr-core-RelatedPerson-model"/>
      </type>
      <mustSupport value="false"/>
      <isModifier value="false"/>
      <isSummary value="false"/>
    </element>
    <element id="shr-core-Observation-model.bodyLocation">
      <path value="shr-core-Observation-model.bodyLocation"/>
      <short value="A location or structure in the body, including tissues, regions, cavities, and spaces; for example, right elbow, or left ventricle of the heart."/>
      <definition value="A location or structure in the body, including tissues, regions, cavities, and spaces; for example, right elbow, or left ventricle of the heart.&#xA;The BodyLocation includes code and optional qualifiers of anatomical side or direction. The body location can also be determined from one or more body landmarks.&#xA;If the code for the body location includes laterality and/or anatomical direction, the corresponding attributes might be unnecessary.&#xA;Note that BodyLocation is a data type, a reusable structure, not a stand-alone entity. The concept is similar to how an address structure can apply to a person, location, or organization. This contrasts with FHIR&#39;s stand-alone BodySite (aka BodyStructure in r4) which &#39;is not ... intended for describing the type of anatomical location but rather a specific body site on a specific patient&#39; (FHIR 3.5)."/>
      <min value="0"/>
      <max value="1"/>
      <base>
        <path value="shr-core-Observation-model.bodyLocation"/>
        <min value="0"/>
        <max value="1"/>
      </base>
      <type>
        <code value="http://hl7.org/fhir/us/shr/StructureDefinition/shr-core-BodyLocation-model"/>
      </type>
      <mustSupport value="false"/>
      <isModifier value="false"/>
      <isSummary value="false"/>
    </element>
    <element id="shr-core-Observation-model.commentOrDescription">
      <path value="shr-core-Observation-model.commentOrDescription"/>
      <code>
        <system value="http://ncimeta.nci.nih.gov"/>
        <code value="C0947611"/>
      </code>
      <short value="A text note containing additional details, explanation, description, comment, or summarization."/>
      <definition value="A text note containing additional details, explanation, description, comment, or summarization."/>
      <min value="0"/>
      <max value="1"/>
      <base>
        <path value="shr-core-Observation-model.commentOrDescription"/>
        <min value="0"/>
        <max value="1"/>
      </base>
      <type>
        <code value="string"/>
      </type>
      <mustSupport value="false"/>
      <isModifier value="false"/>
      <isSummary value="false"/>
    </element>
    <element id="shr-core-Observation-model.interpretation">
      <path value="shr-core-Observation-model.interpretation"/>
      <code>
        <system value="http://ncimeta.nci.nih.gov"/>
        <code value="C0420833"/>
      </code>
      <short value="A clinical interpretation of a finding (applies to both assertions and observation)."/>
      <definition value="A clinical interpretation of a finding (applies to both assertions and observation)."/>
      <min value="0"/>
      <max value="1"/>
      <base>
        <path value="shr-core-Observation-model.interpretation"/>
        <min value="0"/>
        <max value="1"/>
      </base>
      <type>
        <code value="Coding"/>
      </type>
      <mustSupport value="false"/>
      <isModifier value="false"/>
      <isSummary value="false"/>
      <binding>
        <strength value="extensible"/>
        <valueSetReference>
          <reference value="http://hl7.org/fhir/ValueSet/observation-interpretation"/>
        </valueSetReference>
      </binding>
    </element>
    <element id="shr-core-Observation-model.device">
      <path value="shr-core-Observation-model.device"/>
      <short value="A specific durable physical device used in diagnosis or treatment. The value is the coding for a type of device, for example, a CPAP machine. The same device might be used on multiple patients."/>
      <definition value="A specific durable physical device used in diagnosis or treatment. The value is the coding for a type of device, for example, a CPAP machine. The same device might be used on multiple patients.&#xA;Device status cannot be reconciled between Argonaut and US-Core, each having different required value sets.&#xA;Device type has extensible mappings to different value sets in Argonaut and US-Core, however both value sets have identical SNOMED content (descendants of 49062001 (Device). We adopt the US-Core value set, which is allowable because the binding is extensible."/>
      <min value="0"/>
      <max value="1"/>
      <base>
        <path value="shr-core-Observation-model.device"/>
        <min value="0"/>
        <max value="1"/>
      </base>
      <type>
        <code value="http://hl7.org/fhir/us/shr/StructureDefinition/shr-core-Device-model"/>
      </type>
      <mustSupport value="false"/>
      <isModifier value="false"/>
      <isSummary value="false"/>
    </element>
    <element id="shr-core-Observation-model.referenceRange">
      <path value="shr-core-Observation-model.referenceRange"/>
      <code>
        <system value="http://ncimeta.nci.nih.gov"/>
        <code value="C0883335"/>
      </code>
      <short value="The usual or acceptable range for a test result."/>
      <definition value="The usual or acceptable range for a test result."/>
      <min value="0"/>
      <max value="1"/>
      <base>
        <path value="shr-core-Observation-model.referenceRange"/>
        <min value="0"/>
        <max value="1"/>
      </base>
      <type>
        <code value="http://hl7.org/fhir/us/shr/StructureDefinition/shr-core-ReferenceRange-model"/>
      </type>
      <mustSupport value="false"/>
      <isModifier value="false"/>
      <isSummary value="false"/>
    </element>
    <element id="shr-core-Observation-model.components">
      <path value="shr-core-Observation-model.components"/>
      <short value="Sub-observations that are part of this observation. A sub-observation contributs to the parent observation and are always treated a part of a single observation (they are not separable). However, the reference range for the primary observation value is not inherited by the component values and is required when appropriate for each component observation."/>
      <definition value="Sub-observations that are part of this observation. A sub-observation contributs to the parent observation and are always treated a part of a single observation (they are not separable). However, the reference range for the primary observation value is not inherited by the component values and is required when appropriate for each component observation."/>
      <min value="0"/>
      <max value="1"/>
      <base>
        <path value="shr-core-Observation-model.components"/>
        <min value="0"/>
        <max value="1"/>
      </base>
      <type>
        <code value="http://hl7.org/fhir/us/shr/StructureDefinition/shr-core-Components-model"/>
      </type>
      <mustSupport value="false"/>
      <isModifier value="false"/>
      <isSummary value="false"/>
    </element>
    <element id="shr-core-Observation-model.panelMembers">
      <path value="shr-core-Observation-model.panelMembers"/>
      <short value="PanelMembers represent the elements of a group of a related but independent evaluations."/>
      <definition value="PanelMembers represent the elements of a group of a related but independent evaluations.&#xA;&#xA;Examples are the measurements that compose a complete blood count (CBC), or the elements of a pathology report. Each member is an independent evaluation, but the grouping reflects a composite lab order, shared specimen, or a single report author. Typically the Category and ReasonCode are not given for individual findings that are part of the panel, but rather given at the level of the panel itself."/>
      <min value="0"/>
      <max value="1"/>
      <base>
        <path value="shr-core-Observation-model.panelMembers"/>
        <min value="0"/>
        <max value="1"/>
      </base>
      <type>
        <code value="http://hl7.org/fhir/us/shr/StructureDefinition/shr-core-PanelMembers-model"/>
      </type>
      <mustSupport value="false"/>
      <isModifier value="false"/>
      <isSummary value="false"/>
    </element>
  </snapshot>
  <differential>
    <element id="shr-core-Observation-model">
      <path value="shr-core-Observation-model"/>
      <definition value="Represents the result of evaluations (measurements, tests, or questions) that have been performed.&#xA;Observation has a value representing the result (answer), or an DataAbsentReason indicating why the value is not present. Things observed about the subject can include social and behavioral factors, subjective and objective observations, and assessments.&#xA;For an Observation, the Code describes the aspect or property of the subject being observed or measured. The Code is the &#39;question code&#39; that pairs to the &#39;answer&#39; contained in the Value."/>
      <min value="0"/>
      <max value="*"/>
      <base>
        <path value="shr-core-Observation-model"/>
        <min value="0"/>
        <max value="*"/>
      </base>
      <mustSupport value="false"/>
      <isModifier value="false"/>
      <isSummary value="false"/>
    </element>
    <element id="shr-core-Observation-model.metadata">
      <path value="shr-core-Observation-model.metadata"/>
      <short value="Elements that belong to all information items."/>
      <definition value="Elements that belong to all information items."/>
      <min value="0"/>
      <max value="1"/>
      <base>
        <path value="shr-core-Observation-model.metadata"/>
        <min value="0"/>
        <max value="1"/>
      </base>
      <type>
        <code value="http://hl7.org/fhir/us/shr/StructureDefinition/shr-core-Metadata-model"/>
      </type>
      <mustSupport value="false"/>
      <isModifier value="false"/>
      <isSummary value="false"/>
    </element>
    <element id="shr-core-Observation-model.language">
      <path value="shr-core-Observation-model.language"/>
      <code>
        <system value="http://ncimeta.nci.nih.gov"/>
        <code value="C0023008"/>
      </code>
      <short value="A human language, spoken or written."/>
      <definition value="A human language, spoken or written."/>
      <min value="0"/>
      <max value="1"/>
      <base>
        <path value="shr-core-Observation-model.language"/>
        <min value="0"/>
        <max value="1"/>
      </base>
      <type>
        <code value="Coding"/>
      </type>
      <mustSupport value="false"/>
      <isModifier value="false"/>
      <isSummary value="false"/>
    </element>
    <element id="shr-core-Observation-model.implicitRules">
      <path value="shr-core-Observation-model.implicitRules"/>
      <short value="A set of rules under which this content was created"/>
      <definition value="A set of rules under which this content was created"/>
      <min value="0"/>
      <max value="1"/>
      <base>
        <path value="shr-core-Observation-model.implicitRules"/>
        <min value="0"/>
        <max value="1"/>
      </base>
      <type>
        <code value="uri"/>
      </type>
      <mustSupport value="false"/>
      <isModifier value="false"/>
      <isSummary value="false"/>
    </element>
    <element id="shr-core-Observation-model.narrative">
      <path value="shr-core-Observation-model.narrative"/>
      <short value="A human-readable narrative, potentially including images, that contains a summary of the resource, and may be used to represent the content of the resource to a human."/>
      <definition value="A human-readable narrative, potentially including images, that contains a summary of the resource, and may be used to represent the content of the resource to a human."/>
      <min value="0"/>
      <max value="1"/>
      <base>
        <path value="shr-core-Observation-model.narrative"/>
        <min value="0"/>
        <max value="1"/>
      </base>
      <type>
        <code value="http://hl7.org/fhir/us/shr/StructureDefinition/shr-core-Narrative-model"/>
      </type>
      <mustSupport value="false"/>
      <isModifier value="false"/>
      <isSummary value="false"/>
    </element>
    <element id="shr-core-Observation-model.status">
      <path value="shr-core-Observation-model.status"/>
      <short value="A state that relates to the workflow or interpretation of this resource. Certain status values can modify the meaning of the resource, for example, entered-in-error. When a boolean value is used, Status of true indicates the record is active, false means inactive."/>
      <definition value="A state that relates to the workflow or interpretation of this resource. Certain status values can modify the meaning of the resource, for example, entered-in-error. When a boolean value is used, Status of true indicates the record is active, false means inactive."/>
      <min value="1"/>
      <max value="1"/>
      <base>
        <path value="shr-core-Observation-model.status"/>
        <min value="1"/>
        <max value="1"/>
      </base>
      <type>
        <code value="Coding"/>
      </type>
      <mustSupport value="false"/>
      <isModifier value="false"/>
      <isSummary value="false"/>
      <binding>
        <strength value="required"/>
        <valueSetReference>
          <reference value="http://hl7.org/fhir/ValueSet/observation-status"/>
        </valueSetReference>
      </binding>
    </element>
    <element id="shr-core-Observation-model.identifier">
      <path value="shr-core-Observation-model.identifier"/>
      <short value="Business identifier or external id for this resource."/>
      <definition value="Business identifier or external id for this resource."/>
      <min value="0"/>
      <max value="*"/>
      <base>
        <path value="shr-core-Observation-model.identifier"/>
        <min value="0"/>
        <max value="*"/>
      </base>
      <type>
        <code value="http://hl7.org/fhir/us/shr/StructureDefinition/shr-core-Identifier-model"/>
      </type>
      <mustSupport value="false"/>
      <isModifier value="false"/>
      <isSummary value="false"/>
    </element>
    <element id="shr-core-Observation-model.observationSubjectOfRecord[x]">
      <path value="shr-core-Observation-model.observationSubjectOfRecord[x]"/>
      <short value="A choice of Patient, Group, Device, or Location. These are the potential subjects for an Observation."/>
      <definition value="A choice of Patient, Group, Device, or Location. These are the potential subjects for an Observation."/>
      <min value="1"/>
      <max value="1"/>
      <base>
        <path value="shr-core-Observation-model.observationSubjectOfRecord[x]"/>
        <min value="1"/>
        <max value="1"/>
      </base>
      <type>
        <code value="Reference"/>
        <targetProfile value="http://hl7.org/fhir/us/shr/StructureDefinition/shr-core-Patient-model"/>
      </type>
      <type>
        <code value="Reference"/>
        <targetProfile value="http://hl7.org/fhir/us/shr/StructureDefinition/shr-core-Group-model"/>
      </type>
      <type>
        <code value="Reference"/>
        <targetProfile value="http://hl7.org/fhir/us/shr/StructureDefinition/shr-core-Device-model"/>
      </type>
      <type>
        <code value="Reference"/>
        <targetProfile value="http://hl7.org/fhir/us/shr/StructureDefinition/shr-core-Location-model"/>
      </type>
      <mustSupport value="false"/>
      <isModifier value="false"/>
      <isSummary value="false"/>
    </element>
    <element id="shr-core-Observation-model.careContext">
      <path value="shr-core-Observation-model.careContext"/>
      <short value="The encounter or episode of care"/>
      <definition value="The encounter or episode of care"/>
      <min value="0"/>
      <max value="1"/>
      <base>
        <path value="shr-core-Observation-model.careContext"/>
        <min value="0"/>
        <max value="1"/>
      </base>
      <type>
        <code value="Reference"/>
        <targetProfile value="http://hl7.org/fhir/us/shr/StructureDefinition/shr-core-Encounter-model"/>
      </type>
      <mustSupport value="false"/>
      <isModifier value="false"/>
      <isSummary value="false"/>
    </element>
    <element id="shr-core-Observation-model.statementDateTime">
      <path value="shr-core-Observation-model.statementDateTime"/>
      <code>
        <system value="http://ncimeta.nci.nih.gov"/>
        <code value="C3669169"/>
      </code>
      <short value="The point in time when the statement was created."/>
      <definition value="The point in time when the statement was created."/>
      <min value="0"/>
      <max value="1"/>
      <base>
        <path value="shr-core-Observation-model.statementDateTime"/>
        <min value="0"/>
        <max value="1"/>
      </base>
      <type>
        <code value="dateTime"/>
      </type>
      <mustSupport value="false"/>
      <isModifier value="false"/>
      <isSummary value="false"/>
    </element>
    <element id="shr-core-Observation-model.code">
      <path value="shr-core-Observation-model.code"/>
      <short value="The main type identifier for a lab, procedure, condition, etc., usually drawn from a controlled vocabulary."/>
      <definition value="The main type identifier for a lab, procedure, condition, etc., usually drawn from a controlled vocabulary."/>
      <min value="1"/>
      <max value="1"/>
      <base>
        <path value="shr-core-Observation-model.code"/>
        <min value="1"/>
        <max value="1"/>
      </base>
      <type>
        <code value="Coding"/>
      </type>
      <mustSupport value="false"/>
      <isModifier value="false"/>
      <isSummary value="false"/>
    </element>
    <element id="shr-core-Observation-model.dataValue[x]">
      <path value="shr-core-Observation-model.dataValue[x]"/>
      <short value="The value or result of a test, evaluation, or judgment, for example, a systolic blood pressure, or if a condition or body structure is present or absent."/>
      <definition value="The value or result of a test, evaluation, or judgment, for example, a systolic blood pressure, or if a condition or body structure is present or absent."/>
      <min value="0"/>
      <max value="1"/>
      <base>
        <path value="shr-core-Observation-model.dataValue[x]"/>
        <min value="0"/>
        <max value="1"/>
      </base>
      <type>
        <code value="Coding"/>
      </type>
      <type>
        <code value="http://hl7.org/fhir/us/shr/StructureDefinition/shr-core-Quantity-model"/>
      </type>
      <type>
        <code value="string"/>
      </type>
      <type>
        <code value="http://hl7.org/fhir/us/shr/StructureDefinition/shr-core-Range-model"/>
      </type>
      <type>
        <code value="http://hl7.org/fhir/us/shr/StructureDefinition/shr-core-Ratio-model"/>
      </type>
      <type>
        <code value="time"/>
      </type>
      <type>
        <code value="dateTime"/>
      </type>
      <type>
        <code value="http://hl7.org/fhir/us/shr/StructureDefinition/shr-core-TimePeriod-model"/>
      </type>
      <mustSupport value="false"/>
      <isModifier value="false"/>
      <isSummary value="false"/>
    </element>
    <element id="shr-core-Observation-model.dataAbsentReason">
      <path value="shr-core-Observation-model.dataAbsentReason"/>
      <short value="Reason that a value associated with a test or other finding is missing."/>
      <definition value="Reason that a value associated with a test or other finding is missing."/>
      <min value="0"/>
      <max value="1"/>
      <base>
        <path value="shr-core-Observation-model.dataAbsentReason"/>
        <min value="0"/>
        <max value="1"/>
      </base>
      <type>
        <code value="Coding"/>
      </type>
      <mustSupport value="false"/>
      <isModifier value="false"/>
      <isSummary value="false"/>
      <binding>
        <strength value="extensible"/>
        <valueSetReference>
          <reference value="http://hl7.org/fhir/ValueSet/data-absent-reason"/>
        </valueSetReference>
      </binding>
    </element>
    <element id="shr-core-Observation-model.method">
      <path value="shr-core-Observation-model.method"/>
      <short value="The technique used to carry out an action, for example, the specific imaging technical or assessment vehicle."/>
      <definition value="The technique used to carry out an action, for example, the specific imaging technical or assessment vehicle."/>
      <min value="0"/>
      <max value="1"/>
      <base>
        <path value="shr-core-Observation-model.method"/>
        <min value="0"/>
        <max value="1"/>
      </base>
      <type>
        <code value="Coding"/>
      </type>
      <mustSupport value="false"/>
      <isModifier value="false"/>
      <isSummary value="false"/>
    </element>
    <element id="shr-core-Observation-model.relevantTime[x]">
      <path value="shr-core-Observation-model.relevantTime[x]"/>
      <short value="The time or time period that the statement addresses."/>
      <definition value="The time or time period that the statement addresses.&#xA;The clinically relevant time is not necessarily when the information is gathered or when a test is carried out, but for example, when a specimen was collected, or the time period referred to by the question. Use a TimePeriod for a measurement or specimen collection continued over a significant period of time (e.g. 24 hour Urine Sodium)."/>
      <min value="0"/>
      <max value="1"/>
      <base>
        <path value="shr-core-Observation-model.relevantTime[x]"/>
        <min value="0"/>
        <max value="1"/>
      </base>
      <type>
        <code value="dateTime"/>
      </type>
      <type>
        <code value="http://hl7.org/fhir/us/shr/StructureDefinition/shr-core-TimePeriod-model"/>
      </type>
      <mustSupport value="false"/>
      <isModifier value="false"/>
      <isSummary value="false"/>
    </element>
    <element id="shr-core-Observation-model.category">
      <path value="shr-core-Observation-model.category"/>
      <short value="The type, kind, or class of this item."/>
      <definition value="The type, kind, or class of this item."/>
      <min value="0"/>
      <max value="1"/>
      <base>
        <path value="shr-core-Observation-model.category"/>
        <min value="0"/>
        <max value="1"/>
      </base>
      <type>
        <code value="Coding"/>
      </type>
      <mustSupport value="false"/>
      <isModifier value="false"/>
      <isSummary value="false"/>
      <binding>
        <strength value="extensible"/>
        <valueSetReference>
          <reference value="http://hl7.org/fhir/ValueSet/observation-category"/>
        </valueSetReference>
      </binding>
    </element>
    <element id="shr-core-Observation-model.performer[x]">
      <path value="shr-core-Observation-model.performer[x]"/>
      <short value="The actor that carried out the observation or action."/>
      <definition value="The actor that carried out the observation or action."/>
      <min value="0"/>
      <max value="*"/>
      <base>
        <path value="shr-core-Observation-model.performer[x]"/>
        <min value="0"/>
        <max value="*"/>
      </base>
      <type>
        <code value="Reference"/>
        <targetProfile value="http://hl7.org/fhir/us/shr/StructureDefinition/shr-core-Practitioner-model"/>
      </type>
      <type>
        <code value="Reference"/>
        <targetProfile value="http://hl7.org/fhir/us/shr/StructureDefinition/shr-core-Organization-model"/>
      </type>
      <type>
        <code value="Reference"/>
        <targetProfile value="http://hl7.org/fhir/us/shr/StructureDefinition/shr-core-Patient-model"/>
      </type>
      <type>
        <code value="Reference"/>
        <targetProfile value="http://hl7.org/fhir/us/shr/StructureDefinition/shr-core-RelatedPerson-model"/>
      </type>
      <mustSupport value="false"/>
      <isModifier value="false"/>
      <isSummary value="false"/>
    </element>
    <element id="shr-core-Observation-model.bodyLocation">
      <path value="shr-core-Observation-model.bodyLocation"/>
      <short value="A location or structure in the body, including tissues, regions, cavities, and spaces; for example, right elbow, or left ventricle of the heart."/>
      <definition value="A location or structure in the body, including tissues, regions, cavities, and spaces; for example, right elbow, or left ventricle of the heart.&#xA;The BodyLocation includes code and optional qualifiers of anatomical side or direction. The body location can also be determined from one or more body landmarks.&#xA;If the code for the body location includes laterality and/or anatomical direction, the corresponding attributes might be unnecessary.&#xA;Note that BodyLocation is a data type, a reusable structure, not a stand-alone entity. The concept is similar to how an address structure can apply to a person, location, or organization. This contrasts with FHIR&#39;s stand-alone BodySite (aka BodyStructure in r4) which &#39;is not ... intended for describing the type of anatomical location but rather a specific body site on a specific patient&#39; (FHIR 3.5)."/>
      <min value="0"/>
      <max value="1"/>
      <base>
        <path value="shr-core-Observation-model.bodyLocation"/>
        <min value="0"/>
        <max value="1"/>
      </base>
      <type>
        <code value="http://hl7.org/fhir/us/shr/StructureDefinition/shr-core-BodyLocation-model"/>
      </type>
      <mustSupport value="false"/>
      <isModifier value="false"/>
      <isSummary value="false"/>
    </element>
    <element id="shr-core-Observation-model.commentOrDescription">
      <path value="shr-core-Observation-model.commentOrDescription"/>
      <code>
        <system value="http://ncimeta.nci.nih.gov"/>
        <code value="C0947611"/>
      </code>
      <short value="A text note containing additional details, explanation, description, comment, or summarization."/>
      <definition value="A text note containing additional details, explanation, description, comment, or summarization."/>
      <min value="0"/>
      <max value="1"/>
      <base>
        <path value="shr-core-Observation-model.commentOrDescription"/>
        <min value="0"/>
        <max value="1"/>
      </base>
      <type>
        <code value="string"/>
      </type>
      <mustSupport value="false"/>
      <isModifier value="false"/>
      <isSummary value="false"/>
    </element>
    <element id="shr-core-Observation-model.interpretation">
      <path value="shr-core-Observation-model.interpretation"/>
      <code>
        <system value="http://ncimeta.nci.nih.gov"/>
        <code value="C0420833"/>
      </code>
      <short value="A clinical interpretation of a finding (applies to both assertions and observation)."/>
      <definition value="A clinical interpretation of a finding (applies to both assertions and observation)."/>
      <min value="0"/>
      <max value="1"/>
      <base>
        <path value="shr-core-Observation-model.interpretation"/>
        <min value="0"/>
        <max value="1"/>
      </base>
      <type>
        <code value="Coding"/>
      </type>
      <mustSupport value="false"/>
      <isModifier value="false"/>
      <isSummary value="false"/>
      <binding>
        <strength value="extensible"/>
        <valueSetReference>
          <reference value="http://hl7.org/fhir/ValueSet/observation-interpretation"/>
        </valueSetReference>
      </binding>
    </element>
    <element id="shr-core-Observation-model.device">
      <path value="shr-core-Observation-model.device"/>
      <short value="A specific durable physical device used in diagnosis or treatment. The value is the coding for a type of device, for example, a CPAP machine. The same device might be used on multiple patients."/>
      <definition value="A specific durable physical device used in diagnosis or treatment. The value is the coding for a type of device, for example, a CPAP machine. The same device might be used on multiple patients.&#xA;Device status cannot be reconciled between Argonaut and US-Core, each having different required value sets.&#xA;Device type has extensible mappings to different value sets in Argonaut and US-Core, however both value sets have identical SNOMED content (descendants of 49062001 (Device). We adopt the US-Core value set, which is allowable because the binding is extensible."/>
      <min value="0"/>
      <max value="1"/>
      <base>
        <path value="shr-core-Observation-model.device"/>
        <min value="0"/>
        <max value="1"/>
      </base>
      <type>
        <code value="http://hl7.org/fhir/us/shr/StructureDefinition/shr-core-Device-model"/>
      </type>
      <mustSupport value="false"/>
      <isModifier value="false"/>
      <isSummary value="false"/>
    </element>
    <element id="shr-core-Observation-model.referenceRange">
      <path value="shr-core-Observation-model.referenceRange"/>
      <code>
        <system value="http://ncimeta.nci.nih.gov"/>
        <code value="C0883335"/>
      </code>
      <short value="The usual or acceptable range for a test result."/>
      <definition value="The usual or acceptable range for a test result."/>
      <min value="0"/>
      <max value="1"/>
      <base>
        <path value="shr-core-Observation-model.referenceRange"/>
        <min value="0"/>
        <max value="1"/>
      </base>
      <type>
        <code value="http://hl7.org/fhir/us/shr/StructureDefinition/shr-core-ReferenceRange-model"/>
      </type>
      <mustSupport value="false"/>
      <isModifier value="false"/>
      <isSummary value="false"/>
    </element>
    <element id="shr-core-Observation-model.components">
      <path value="shr-core-Observation-model.components"/>
      <short value="Sub-observations that are part of this observation. A sub-observation contributs to the parent observation and are always treated a part of a single observation (they are not separable). However, the reference range for the primary observation value is not inherited by the component values and is required when appropriate for each component observation."/>
      <definition value="Sub-observations that are part of this observation. A sub-observation contributs to the parent observation and are always treated a part of a single observation (they are not separable). However, the reference range for the primary observation value is not inherited by the component values and is required when appropriate for each component observation."/>
      <min value="0"/>
      <max value="1"/>
      <base>
        <path value="shr-core-Observation-model.components"/>
        <min value="0"/>
        <max value="1"/>
      </base>
      <type>
        <code value="http://hl7.org/fhir/us/shr/StructureDefinition/shr-core-Components-model"/>
      </type>
      <mustSupport value="false"/>
      <isModifier value="false"/>
      <isSummary value="false"/>
    </element>
    <element id="shr-core-Observation-model.panelMembers">
      <path value="shr-core-Observation-model.panelMembers"/>
      <short value="PanelMembers represent the elements of a group of a related but independent evaluations."/>
      <definition value="PanelMembers represent the elements of a group of a related but independent evaluations.&#xA;&#xA;Examples are the measurements that compose a complete blood count (CBC), or the elements of a pathology report. Each member is an independent evaluation, but the grouping reflects a composite lab order, shared specimen, or a single report author. Typically the Category and ReasonCode are not given for individual findings that are part of the panel, but rather given at the level of the panel itself."/>
      <min value="0"/>
      <max value="1"/>
      <base>
        <path value="shr-core-Observation-model.panelMembers"/>
        <min value="0"/>
        <max value="1"/>
      </base>
      <type>
        <code value="http://hl7.org/fhir/us/shr/StructureDefinition/shr-core-PanelMembers-model"/>
      </type>
      <mustSupport value="false"/>
      <isModifier value="false"/>
      <isSummary value="false"/>
    </element>
  </differential>
</StructureDefinition>