<?xml version="1.0" encoding="UTF-8"?>

<StructureDefinition xmlns="http://hl7.org/fhir">
  <id value="shr-core-ActionPerformed"/>
  <text>
    <status value="generated"/><div xmlns="http://www.w3.org/1999/xhtml">
  <p><b>ActionPerformed Profile</b></p>
  <p>Abstract class representing an event occurrence or performance of any type of action.</p>
  <p><b>Mapping Summary</b></p>
  <p><pre>shr.core.ActionPerformed maps to DomainResource:
  Language maps to language
  Narrative maps to text
  ImplicitRules maps to implicitRules
  Metadata.VersionId maps to meta.versionId
  Metadata.Profile maps to meta.profile
  Metadata.LastUpdated maps to meta.lastUpdated
  Metadata.SecurityLabel maps to meta.security
  Metadata.Tag maps to meta.tag
</pre></p>
</div>
  </text>
  <url value="http://hl7.org/fhir/us/shr/StructureDefinition/shr-core-ActionPerformed"/>
  <identifier>
    <system value="http://hl7.org/fhir/us/odh"/>
    <value value="shr.core.ActionPerformed"/>
  </identifier>
  <version value="1.0.0"/>
  <name value="ActionPerformed"/>
  <title value="shr-core-ActionPerformed"/>
  <status value="draft"/>
  <date value="2019-04-08T00:00:00-04:00"/>
  <publisher value="HL7"/>
  <contact>
    <telecom>
      <system value="url"/>
      <value value="http://standardhealthrecord.org"/>
    </telecom>
  </contact>
  <description value="Abstract class representing an event occurrence or performance of any type of action."/>
  <fhirVersion value="3.0.1"/>
  <mapping>
    <identity value="rim"/>
    <uri value="http://hl7.org/v3"/>
    <name value="RIM Mapping"/>
  </mapping>
  <kind value="resource"/>
  <abstract value="true"/>
  <type value="DomainResource"/>
  <baseDefinition value="http://hl7.org/fhir/StructureDefinition/DomainResource"/>
  <derivation value="constraint"/>
  <snapshot>
    <element id="DomainResource:shr-core-ActionPerformed">
      <path value="DomainResource"/>
      <short value="shr-core-ActionPerformed"/>
      <definition value="Abstract class representing an event occurrence or performance of any type of action."/>
      <min value="0"/>
      <max value="*"/>
      <constraint>
        <key value="dom-2"/>
        <severity value="error"/>
        <human value="If the resource is contained in another resource, it SHALL NOT contain nested Resources"/>
        <expression value="contained.contained.empty()"/>
        <xpath value="not(parent::f:contained and f:contained)"/>
      </constraint>
      <constraint>
        <key value="dom-1"/>
        <severity value="error"/>
        <human value="If the resource is contained in another resource, it SHALL NOT contain any narrative"/>
        <expression value="contained.text.empty()"/>
        <xpath value="not(parent::f:contained and f:text)"/>
      </constraint>
      <constraint>
        <key value="dom-4"/>
        <severity value="error"/>
        <human value="If a resource is contained in another resource, it SHALL NOT have a meta.versionId or a meta.lastUpdated"/>
        <expression value="contained.meta.versionId.empty() and contained.meta.lastUpdated.empty()"/>
        <xpath value="not(exists(f:contained/*/f:meta/f:versionId)) and not(exists(f:contained/*/f:meta/f:lastUpdated))"/>
      </constraint>
      <constraint>
        <key value="dom-3"/>
        <severity value="error"/>
        <human value="If the resource is contained in another resource, it SHALL be referred to from elsewhere in the resource"/>
        <expression value="contained.where((&#39;#&#39;+id in %resource.descendants().reference).not()).empty()"/>
        <xpath value="not(exists(for $id in f:contained/*/@id return $id[not(ancestor::f:contained/parent::*/descendant::f:reference/@value=concat(&#39;#&#39;, $id))]))"/>
      </constraint>
      <mapping>
        <identity value="rim"/>
        <map value="Entity. Role, or Act"/>
      </mapping>
    </element>
    <element id="DomainResource:shr-core-ActionPerformed.id">
      <path value="DomainResource.id"/>
      <short value="Logical id of this artifact"/>
      <definition value="The logical id of the resource, as used in the URL for the resource. Once assigned, this value never changes."/>
      <comment value="The only time that a resource does not have an id is when it is being submitted to the server using a create operation."/>
      <min value="0"/>
      <max value="1"/>
      <base>
        <path value="Resource.id"/>
        <min value="0"/>
        <max value="1"/>
      </base>
      <type>
        <code value="id"/>
      </type>
      <isSummary value="true"/>
    </element>
    <element id="DomainResource:shr-core-ActionPerformed.meta">
      <path value="DomainResource.meta"/>
      <short value="Metadata about the resource"/>
      <definition value="The metadata about the resource. This is content that is maintained by the infrastructure. Changes to the content may not always be associated with version changes to the resource."/>
      <min value="0"/>
      <max value="1"/>
      <base>
        <path value="Resource.meta"/>
        <min value="0"/>
        <max value="1"/>
      </base>
      <type>
        <code value="Meta"/>
      </type>
      <isSummary value="true"/>
    </element>
    <element id="DomainResource:shr-core-ActionPerformed.implicitRules">
      <path value="DomainResource.implicitRules"/>
      <short value="A set of rules under which this content was created"/>
      <definition value="A reference to a set of rules that were followed when the resource was constructed, and which must be understood when processing the content."/>
      <comment value="Asserting this rule set restricts the content to be only understood by a limited set of trading partners. This inherently limits the usefulness of the data in the long term. However, the existing health eco-system is highly fractured, and not yet ready to define, collect, and exchange data in a generally computable sense. Wherever possible, implementers and/or specification writers should avoid using this element. &#xA;&#xA;This element is labelled as a modifier because the implicit rules may provide additional knowledge about the resource that modifies it&#39;s meaning or interpretation."/>
      <min value="0"/>
      <max value="1"/>
      <base>
        <path value="Resource.implicitRules"/>
        <min value="0"/>
        <max value="1"/>
      </base>
      <type>
        <code value="uri"/>
      </type>
      <isModifier value="true"/>
      <isSummary value="true"/>
    </element>
    <element id="DomainResource:shr-core-ActionPerformed.language">
      <path value="DomainResource.language"/>
      <short value="Language of the resource content"/>
      <definition value="The base language in which the resource is written."/>
      <comment value="Language is provided to support indexing and accessibility (typically, services such as text to speech use the language tag). The html language tag in the narrative applies  to the narrative. The language tag on the resource may be used to specify the language of other presentations generated from the data in the resource  Not all the content has to be in the base language. The Resource.language should not be assumed to apply to the narrative automatically. If a language is specified, it should it also be specified on the div element in the html (see rules in HTML5 for information about the relationship between xml:lang and the html lang attribute)."/>
      <min value="0"/>
      <max value="1"/>
      <base>
        <path value="Resource.language"/>
        <min value="0"/>
        <max value="1"/>
      </base>
      <type>
        <code value="code"/>
      </type>
      <binding>
        <extension url="http://hl7.org/fhir/StructureDefinition/elementdefinition-maxValueSet">
          <valueReference>
            <reference value="http://hl7.org/fhir/ValueSet/all-languages"/>
          </valueReference>
        </extension>
        <extension url="http://hl7.org/fhir/StructureDefinition/elementdefinition-bindingName">
          <valueString value="Language"/>
        </extension>
        <extension url="http://hl7.org/fhir/StructureDefinition/elementdefinition-isCommonBinding">
          <valueBoolean value="true"/>
        </extension>
        <strength value="extensible"/>
        <description value="A human language."/>
        <valueSetReference>
          <reference value="http://hl7.org/fhir/ValueSet/languages"/>
        </valueSetReference>
      </binding>
    </element>
    <element id="DomainResource:shr-core-ActionPerformed.text">
      <path value="DomainResource.text"/>
      <short value="Text summary of the resource, for human interpretation"/>
      <definition value="A human-readable narrative that contains a summary of the resource, and may be used to represent the content of the resource to a human. The narrative need not encode all the structured data, but is required to contain sufficient detail to make it &quot;clinically safe&quot; for a human to just read the narrative. Resource definitions may define what content should be represented in the narrative to ensure clinical safety."/>
      <comment value="Contained resources do not have narrative. Resources that are not contained SHOULD have a narrative. In some cases, a resource may only have text with little or no additional discrete data (as long as all minOccurs=1 elements are satisfied).  This may be necessary for data from legacy systems where information is captured as a &quot;text blob&quot; or where text is additionally entered raw or narrated and encoded in formation is added later."/>
      <alias value="narrative"/>
      <alias value="html"/>
      <alias value="xhtml"/>
      <alias value="display"/>
      <min value="0"/>
      <max value="1"/>
      <type>
        <code value="Narrative"/>
      </type>
      <condition value="dom-1"/>
      <mapping>
        <identity value="rim"/>
        <map value="Act.text?"/>
      </mapping>
    </element>
    <element id="DomainResource:shr-core-ActionPerformed.contained">
      <path value="DomainResource.contained"/>
      <short value="Contained, inline Resources"/>
      <definition value="These resources do not have an independent existence apart from the resource that contains them - they cannot be identified independently, and nor can they have their own independent transaction scope."/>
      <comment value="This should never be done when the content can be identified properly, as once identification is lost, it is extremely difficult (and context dependent) to restore it again."/>
      <alias value="inline resources"/>
      <alias value="anonymous resources"/>
      <alias value="contained resources"/>
      <min value="0"/>
      <max value="*"/>
      <type>
        <code value="Resource"/>
      </type>
      <mapping>
        <identity value="rim"/>
        <map value="N/A"/>
      </mapping>
    </element>
    <element id="DomainResource:shr-core-ActionPerformed.extension">
      <path value="DomainResource.extension"/>
      <slicing>
        <discriminator>
          <type value="value"/>
          <path value="url"/>
        </discriminator>
        <description value="Extensions are always sliced by (at least) url"/>
        <rules value="open"/>
      </slicing>
      <short value="Additional Content defined by implementations"/>
      <definition value="May be used to represent additional information that is not part of the basic definition of the resource. In order to make the use of extensions safe and manageable, there is a strict set of governance  applied to the definition and use of extensions. Though any implementer is allowed to define an extension, there is a set of requirements that SHALL be met as part of the definition of the extension."/>
      <comment value="There can be no stigma associated with the use of extensions by any application, project, or standard - regardless of the institution or jurisdiction that uses or defines the extensions.  The use of extensions is what allows the FHIR specification to retain a core level of simplicity for everyone."/>
      <alias value="extensions"/>
      <alias value="user content"/>
      <min value="3"/>
      <max value="*"/>
      <type>
        <code value="Extension"/>
      </type>
      <mapping>
        <identity value="rim"/>
        <map value="N/A"/>
      </mapping>
    </element>
    <element id="DomainResource:shr-core-ActionPerformed.extension:status">
      <path value="DomainResource.extension"/>
      <sliceName value="status"/>
      <definition value="A state that relates to the workflow or interpretation of this resource. Certain status values can modify the meaning of the resource, for example, entered-in-error. When a boolean value is used, Status of true indicates the record is active, false means inactive."/>
      <min value="1"/>
      <max value="1"/>
      <base>
        <path value="DomainResource.extension"/>
        <min value="0"/>
        <max value="*"/>
      </base>
      <type>
        <code value="Extension"/>
        <profile value="http://hl7.org/fhir/us/shr/StructureDefinition/shr-core-Status-extension"/>
      </type>
    </element>
    <element id="DomainResource:shr-core-ActionPerformed.extension:identifier">
      <path value="DomainResource.extension"/>
      <sliceName value="identifier"/>
      <definition value="Business identifier or external id for this resource."/>
      <min value="0"/>
      <max value="*"/>
      <base>
        <path value="DomainResource.extension"/>
        <min value="0"/>
        <max value="*"/>
      </base>
      <type>
        <code value="Extension"/>
        <profile value="http://hl7.org/fhir/us/shr/StructureDefinition/shr-core-Identifier-extension"/>
      </type>
    </element>
    <element id="DomainResource:shr-core-ActionPerformed.extension:subjectofrecord">
      <path value="DomainResource.extension"/>
      <sliceName value="subjectofrecord"/>
      <definition value="The subject of a clinical statement, often called the Patient or the Subject. The SubjectOfRecord typically identifies the clinical record in which this statement is contained. If the statement should be in John Doe&#39;s patient record, then John Doe is the subject of record. When there is no patient, the SubjectOfRecord can also be a location, group, or other entity that statement pertains to. For example, observations concerning a hospital ward would have a Location as the SubjectOfRecord.&#xA;&#xA;Note that the word &#39;Subject&#39; is used here in the sense of a person or entity subjected to observations or actions, not subject as in a conceptual topic, like heart disease."/>
      <min value="1"/>
      <max value="1"/>
      <base>
        <path value="DomainResource.extension"/>
        <min value="0"/>
        <max value="*"/>
      </base>
      <type>
        <code value="Extension"/>
        <profile value="http://hl7.org/fhir/us/shr/StructureDefinition/shr-core-SubjectOfRecord-extension"/>
      </type>
    </element>
    <element id="DomainResource:shr-core-ActionPerformed.extension:carecontext">
      <path value="DomainResource.extension"/>
      <sliceName value="carecontext"/>
      <definition value="The encounter or episode of care"/>
      <min value="0"/>
      <max value="1"/>
      <base>
        <path value="DomainResource.extension"/>
        <min value="0"/>
        <max value="*"/>
      </base>
      <type>
        <code value="Extension"/>
        <profile value="http://hl7.org/fhir/us/shr/StructureDefinition/shr-core-CareContext-extension"/>
      </type>
    </element>
    <element id="DomainResource:shr-core-ActionPerformed.extension:statementdatetime">
      <path value="DomainResource.extension"/>
      <sliceName value="statementdatetime"/>
      <definition value="The point in time when the statement was created."/>
      <min value="0"/>
      <max value="1"/>
      <base>
        <path value="DomainResource.extension"/>
        <min value="0"/>
        <max value="*"/>
      </base>
      <type>
        <code value="Extension"/>
        <profile value="http://hl7.org/fhir/us/shr/StructureDefinition/shr-core-StatementDateTime-extension"/>
      </type>
    </element>
    <element id="DomainResource:shr-core-ActionPerformed.extension:reasoncode">
      <path value="DomainResource.extension"/>
      <sliceName value="reasoncode"/>
      <definition value="The justification, as a code.&#xA;Reason is a string or CodeableConcept in DSTU2 but in later versions only a CodeableConcept, so we are not going to support a string."/>
      <min value="0"/>
      <max value="*"/>
      <base>
        <path value="DomainResource.extension"/>
        <min value="0"/>
        <max value="*"/>
      </base>
      <type>
        <code value="Extension"/>
        <profile value="http://hl7.org/fhir/us/shr/StructureDefinition/shr-core-ReasonCode-extension"/>
      </type>
    </element>
    <element id="DomainResource:shr-core-ActionPerformed.extension:reasonreference">
      <path value="DomainResource.extension"/>
      <sliceName value="reasonreference"/>
      <definition value="The justification, as reference to a condition or observation."/>
      <min value="0"/>
      <max value="*"/>
      <base>
        <path value="DomainResource.extension"/>
        <min value="0"/>
        <max value="*"/>
      </base>
      <type>
        <code value="Extension"/>
        <profile value="http://hl7.org/fhir/us/shr/StructureDefinition/shr-core-ReasonReference-extension"/>
      </type>
    </element>
    <element id="DomainResource:shr-core-ActionPerformed.extension:occurrencetimeorperiod">
      <path value="DomainResource.extension"/>
      <sliceName value="occurrencetimeorperiod"/>
      <definition value="The point in time or span of time in which something happens."/>
      <min value="1"/>
      <max value="1"/>
      <base>
        <path value="DomainResource.extension"/>
        <min value="0"/>
        <max value="*"/>
      </base>
      <type>
        <code value="Extension"/>
        <profile value="http://hl7.org/fhir/us/shr/StructureDefinition/shr-core-OccurrenceTimeOrPeriod-extension"/>
      </type>
    </element>
    <element id="DomainResource:shr-core-ActionPerformed.extension:participation">
      <path value="DomainResource.extension"/>
      <sliceName value="participation"/>
      <definition value="Record of someone or something involvement in an activity or event."/>
      <min value="0"/>
      <max value="*"/>
      <base>
        <path value="DomainResource.extension"/>
        <min value="0"/>
        <max value="*"/>
      </base>
      <type>
        <code value="Extension"/>
        <profile value="http://hl7.org/fhir/us/shr/StructureDefinition/shr-core-Participation-extension"/>
      </type>
    </element>
    <element id="DomainResource:shr-core-ActionPerformed.extension:method">
      <path value="DomainResource.extension"/>
      <sliceName value="method"/>
      <definition value="The technique used to carry out an action, for example, the specific imaging technical or assessment vehicle."/>
      <min value="0"/>
      <max value="1"/>
      <base>
        <path value="DomainResource.extension"/>
        <min value="0"/>
        <max value="*"/>
      </base>
      <type>
        <code value="Extension"/>
        <profile value="http://hl7.org/fhir/us/shr/StructureDefinition/shr-core-Method-extension"/>
      </type>
    </element>
    <element id="DomainResource:shr-core-ActionPerformed.extension:relatedrequest">
      <path value="DomainResource.extension"/>
      <sliceName value="relatedrequest"/>
      <definition value="The proposal, order, or plan that is partly or wholly fulfilled by the performance of this act."/>
      <min value="0"/>
      <max value="1"/>
      <base>
        <path value="DomainResource.extension"/>
        <min value="0"/>
        <max value="*"/>
      </base>
      <type>
        <code value="Extension"/>
        <profile value="http://hl7.org/fhir/us/shr/StructureDefinition/shr-core-RelatedRequest-extension"/>
      </type>
    </element>
    <element id="DomainResource:shr-core-ActionPerformed.modifierExtension">
      <path value="DomainResource.modifierExtension"/>
      <slicing>
        <discriminator>
          <type value="value"/>
          <path value="url"/>
        </discriminator>
        <description value="Extensions are always sliced by (at least) url"/>
        <rules value="open"/>
      </slicing>
      <short value="Extensions that cannot be ignored"/>
      <definition value="May be used to represent additional information that is not part of the basic definition of the resource, and that modifies the understanding of the element that contains it. Usually modifier elements provide negation or qualification. In order to make the use of extensions safe and manageable, there is a strict set of governance applied to the definition and use of extensions. Though any implementer is allowed to define an extension, there is a set of requirements that SHALL be met as part of the definition of the extension. Applications processing a resource are required to check for modifier extensions."/>
      <comment value="There can be no stigma associated with the use of extensions by any application, project, or standard - regardless of the institution or jurisdiction that uses or defines the extensions.  The use of extensions is what allows the FHIR specification to retain a core level of simplicity for everyone."/>
      <alias value="extensions"/>
      <alias value="user content"/>
      <min value="0"/>
      <max value="*"/>
      <type>
        <code value="Extension"/>
      </type>
      <isModifier value="true"/>
      <mapping>
        <identity value="rim"/>
        <map value="N/A"/>
      </mapping>
    </element>
  </snapshot>
  <differential>
    <element id="DomainResource:shr-core-ActionPerformed">
      <path value="DomainResource"/>
      <short value="shr-core-ActionPerformed"/>
      <definition value="Abstract class representing an event occurrence or performance of any type of action."/>
    </element>
    <element id="DomainResource:shr-core-ActionPerformed.extension">
      <path value="DomainResource.extension"/>
      <min value="3"/>
      <max value="*"/>
    </element>
    <element id="DomainResource:shr-core-ActionPerformed.extension:status">
      <path value="DomainResource.extension"/>
      <sliceName value="status"/>
      <definition value="A state that relates to the workflow or interpretation of this resource. Certain status values can modify the meaning of the resource, for example, entered-in-error. When a boolean value is used, Status of true indicates the record is active, false means inactive."/>
      <min value="1"/>
      <max value="1"/>
      <base>
        <path value="DomainResource.extension"/>
        <min value="0"/>
        <max value="*"/>
      </base>
      <type>
        <code value="Extension"/>
        <profile value="http://hl7.org/fhir/us/shr/StructureDefinition/shr-core-Status-extension"/>
      </type>
    </element>
    <element id="DomainResource:shr-core-ActionPerformed.extension:identifier">
      <path value="DomainResource.extension"/>
      <sliceName value="identifier"/>
      <definition value="Business identifier or external id for this resource."/>
      <min value="0"/>
      <max value="*"/>
      <base>
        <path value="DomainResource.extension"/>
        <min value="0"/>
        <max value="*"/>
      </base>
      <type>
        <code value="Extension"/>
        <profile value="http://hl7.org/fhir/us/shr/StructureDefinition/shr-core-Identifier-extension"/>
      </type>
    </element>
    <element id="DomainResource:shr-core-ActionPerformed.extension:subjectofrecord">
      <path value="DomainResource.extension"/>
      <sliceName value="subjectofrecord"/>
      <definition value="The subject of a clinical statement, often called the Patient or the Subject. The SubjectOfRecord typically identifies the clinical record in which this statement is contained. If the statement should be in John Doe&#39;s patient record, then John Doe is the subject of record. When there is no patient, the SubjectOfRecord can also be a location, group, or other entity that statement pertains to. For example, observations concerning a hospital ward would have a Location as the SubjectOfRecord.&#xA;&#xA;Note that the word &#39;Subject&#39; is used here in the sense of a person or entity subjected to observations or actions, not subject as in a conceptual topic, like heart disease."/>
      <min value="1"/>
      <max value="1"/>
      <base>
        <path value="DomainResource.extension"/>
        <min value="0"/>
        <max value="*"/>
      </base>
      <type>
        <code value="Extension"/>
        <profile value="http://hl7.org/fhir/us/shr/StructureDefinition/shr-core-SubjectOfRecord-extension"/>
      </type>
    </element>
    <element id="DomainResource:shr-core-ActionPerformed.extension:carecontext">
      <path value="DomainResource.extension"/>
      <sliceName value="carecontext"/>
      <definition value="The encounter or episode of care"/>
      <min value="0"/>
      <max value="1"/>
      <base>
        <path value="DomainResource.extension"/>
        <min value="0"/>
        <max value="*"/>
      </base>
      <type>
        <code value="Extension"/>
        <profile value="http://hl7.org/fhir/us/shr/StructureDefinition/shr-core-CareContext-extension"/>
      </type>
    </element>
    <element id="DomainResource:shr-core-ActionPerformed.extension:statementdatetime">
      <path value="DomainResource.extension"/>
      <sliceName value="statementdatetime"/>
      <definition value="The point in time when the statement was created."/>
      <min value="0"/>
      <max value="1"/>
      <base>
        <path value="DomainResource.extension"/>
        <min value="0"/>
        <max value="*"/>
      </base>
      <type>
        <code value="Extension"/>
        <profile value="http://hl7.org/fhir/us/shr/StructureDefinition/shr-core-StatementDateTime-extension"/>
      </type>
    </element>
    <element id="DomainResource:shr-core-ActionPerformed.extension:reasoncode">
      <path value="DomainResource.extension"/>
      <sliceName value="reasoncode"/>
      <definition value="The justification, as a code.&#xA;Reason is a string or CodeableConcept in DSTU2 but in later versions only a CodeableConcept, so we are not going to support a string."/>
      <min value="0"/>
      <max value="*"/>
      <base>
        <path value="DomainResource.extension"/>
        <min value="0"/>
        <max value="*"/>
      </base>
      <type>
        <code value="Extension"/>
        <profile value="http://hl7.org/fhir/us/shr/StructureDefinition/shr-core-ReasonCode-extension"/>
      </type>
    </element>
    <element id="DomainResource:shr-core-ActionPerformed.extension:reasonreference">
      <path value="DomainResource.extension"/>
      <sliceName value="reasonreference"/>
      <definition value="The justification, as reference to a condition or observation."/>
      <min value="0"/>
      <max value="*"/>
      <base>
        <path value="DomainResource.extension"/>
        <min value="0"/>
        <max value="*"/>
      </base>
      <type>
        <code value="Extension"/>
        <profile value="http://hl7.org/fhir/us/shr/StructureDefinition/shr-core-ReasonReference-extension"/>
      </type>
    </element>
    <element id="DomainResource:shr-core-ActionPerformed.extension:occurrencetimeorperiod">
      <path value="DomainResource.extension"/>
      <sliceName value="occurrencetimeorperiod"/>
      <definition value="The point in time or span of time in which something happens."/>
      <min value="1"/>
      <max value="1"/>
      <base>
        <path value="DomainResource.extension"/>
        <min value="0"/>
        <max value="*"/>
      </base>
      <type>
        <code value="Extension"/>
        <profile value="http://hl7.org/fhir/us/shr/StructureDefinition/shr-core-OccurrenceTimeOrPeriod-extension"/>
      </type>
    </element>
    <element id="DomainResource:shr-core-ActionPerformed.extension:participation">
      <path value="DomainResource.extension"/>
      <sliceName value="participation"/>
      <definition value="Record of someone or something involvement in an activity or event."/>
      <min value="0"/>
      <max value="*"/>
      <base>
        <path value="DomainResource.extension"/>
        <min value="0"/>
        <max value="*"/>
      </base>
      <type>
        <code value="Extension"/>
        <profile value="http://hl7.org/fhir/us/shr/StructureDefinition/shr-core-Participation-extension"/>
      </type>
    </element>
    <element id="DomainResource:shr-core-ActionPerformed.extension:method">
      <path value="DomainResource.extension"/>
      <sliceName value="method"/>
      <definition value="The technique used to carry out an action, for example, the specific imaging technical or assessment vehicle."/>
      <min value="0"/>
      <max value="1"/>
      <base>
        <path value="DomainResource.extension"/>
        <min value="0"/>
        <max value="*"/>
      </base>
      <type>
        <code value="Extension"/>
        <profile value="http://hl7.org/fhir/us/shr/StructureDefinition/shr-core-Method-extension"/>
      </type>
    </element>
    <element id="DomainResource:shr-core-ActionPerformed.extension:relatedrequest">
      <path value="DomainResource.extension"/>
      <sliceName value="relatedrequest"/>
      <definition value="The proposal, order, or plan that is partly or wholly fulfilled by the performance of this act."/>
      <min value="0"/>
      <max value="1"/>
      <base>
        <path value="DomainResource.extension"/>
        <min value="0"/>
        <max value="*"/>
      </base>
      <type>
        <code value="Extension"/>
        <profile value="http://hl7.org/fhir/us/shr/StructureDefinition/shr-core-RelatedRequest-extension"/>
      </type>
    </element>
  </differential>
</StructureDefinition>