<?xml version="1.0" encoding="UTF-8"?>

<StructureDefinition xmlns="http://hl7.org/fhir">
  <id value="shr-core-LandmarkLocation-model"/>
  <text>
    <status value="generated"/><div xmlns="http://www.w3.org/1999/xhtml">
  <p><b>LandmarkLocation Logical Model</b></p>
  <p>The body location of the landmark.</p>
</div>
  </text>
  <url value="http://hl7.org/fhir/us/shr/StructureDefinition/shr-core-LandmarkLocation-model"/>
  <identifier>
    <system value="http://hl7.org/fhir/us/odh"/>
    <value value="shr.core.LandmarkLocation"/>
  </identifier>
  <version value="1.0.0"/>
  <name value="LandmarkLocation"/>
  <title value="shr-core-LandmarkLocation"/>
  <status value="draft"/>
  <date value="2019-04-08T00:00:00-04:00"/>
  <publisher value="HL7"/>
  <contact>
    <telecom>
      <system value="url"/>
      <value value="http://standardhealthrecord.org"/>
    </telecom>
  </contact>
  <description value="The body location of the landmark."/>
  <kind value="logical"/>
  <abstract value="false"/>
  <type value="shr-core-LandmarkLocation-model"/>
  <baseDefinition value="http://hl7.org/fhir/StructureDefinition/Element"/>
  <derivation value="specialization"/>
  <snapshot>
    <element id="shr-core-LandmarkLocation-model">
      <path value="shr-core-LandmarkLocation-model"/>
      <definition value="The body location of the landmark."/>
      <min value="0"/>
      <max value="*"/>
      <base>
        <path value="shr-core-LandmarkLocation-model"/>
        <min value="0"/>
        <max value="*"/>
      </base>
      <mustSupport value="false"/>
      <isModifier value="false"/>
      <isSummary value="false"/>
    </element>
    <element id="shr-core-LandmarkLocation-model.locationCode">
      <path value="shr-core-LandmarkLocation-model.locationCode"/>
      <short value="Code for the body location, optionally pre-coordinating laterality or direction."/>
      <definition value="Code for the body location, optionally pre-coordinating laterality or direction."/>
      <min value="0"/>
      <max value="1"/>
      <base>
        <path value="shr-core-LandmarkLocation-model.locationCode"/>
        <min value="0"/>
        <max value="1"/>
      </base>
      <type>
        <code value="Coding"/>
      </type>
      <mustSupport value="false"/>
      <isModifier value="false"/>
      <isSummary value="false"/>
      <binding>
        <strength value="preferred"/>
        <valueSetReference>
          <reference value="http://hl7.org/fhir/us/odh/shr/core/vs/BodyLocationVS"/>
        </valueSetReference>
      </binding>
    </element>
    <element id="shr-core-LandmarkLocation-model.laterality">
      <path value="shr-core-LandmarkLocation-model.laterality"/>
      <short value="Body side of the body location, if needed to distinguish from a similar location on the other side of the body."/>
      <definition value="Body side of the body location, if needed to distinguish from a similar location on the other side of the body."/>
      <min value="0"/>
      <max value="1"/>
      <base>
        <path value="shr-core-LandmarkLocation-model.laterality"/>
        <min value="0"/>
        <max value="1"/>
      </base>
      <type>
        <code value="Coding"/>
      </type>
      <mustSupport value="false"/>
      <isModifier value="false"/>
      <isSummary value="false"/>
      <binding>
        <strength value="extensible"/>
        <valueSetReference>
          <reference value="http://hl7.org/fhir/us/odh/shr/core/vs/LateralityVS"/>
        </valueSetReference>
      </binding>
    </element>
    <element id="shr-core-LandmarkLocation-model.orientation">
      <path value="shr-core-LandmarkLocation-model.orientation"/>
      <short value="Orientation of the body location, if needed to distinguish from a similar location in another orientation."/>
      <definition value="Orientation of the body location, if needed to distinguish from a similar location in another orientation."/>
      <min value="0"/>
      <max value="1"/>
      <base>
        <path value="shr-core-LandmarkLocation-model.orientation"/>
        <min value="0"/>
        <max value="1"/>
      </base>
      <type>
        <code value="Coding"/>
      </type>
      <mustSupport value="false"/>
      <isModifier value="false"/>
      <isSummary value="false"/>
      <binding>
        <strength value="extensible"/>
        <valueSetReference>
          <reference value="http://hl7.org/fhir/us/odh/shr/core/vs/OrientationVS"/>
        </valueSetReference>
      </binding>
    </element>
  </snapshot>
  <differential>
    <element id="shr-core-LandmarkLocation-model">
      <path value="shr-core-LandmarkLocation-model"/>
      <definition value="The body location of the landmark."/>
      <min value="0"/>
      <max value="*"/>
      <base>
        <path value="shr-core-LandmarkLocation-model"/>
        <min value="0"/>
        <max value="*"/>
      </base>
      <mustSupport value="false"/>
      <isModifier value="false"/>
      <isSummary value="false"/>
    </element>
    <element id="shr-core-LandmarkLocation-model.locationCode">
      <path value="shr-core-LandmarkLocation-model.locationCode"/>
      <short value="Code for the body location, optionally pre-coordinating laterality or direction."/>
      <definition value="Code for the body location, optionally pre-coordinating laterality or direction."/>
      <min value="0"/>
      <max value="1"/>
      <base>
        <path value="shr-core-LandmarkLocation-model.locationCode"/>
        <min value="0"/>
        <max value="1"/>
      </base>
      <type>
        <code value="Coding"/>
      </type>
      <mustSupport value="false"/>
      <isModifier value="false"/>
      <isSummary value="false"/>
      <binding>
        <strength value="preferred"/>
        <valueSetReference>
          <reference value="http://hl7.org/fhir/us/odh/shr/core/vs/BodyLocationVS"/>
        </valueSetReference>
      </binding>
    </element>
    <element id="shr-core-LandmarkLocation-model.laterality">
      <path value="shr-core-LandmarkLocation-model.laterality"/>
      <short value="Body side of the body location, if needed to distinguish from a similar location on the other side of the body."/>
      <definition value="Body side of the body location, if needed to distinguish from a similar location on the other side of the body."/>
      <min value="0"/>
      <max value="1"/>
      <base>
        <path value="shr-core-LandmarkLocation-model.laterality"/>
        <min value="0"/>
        <max value="1"/>
      </base>
      <type>
        <code value="Coding"/>
      </type>
      <mustSupport value="false"/>
      <isModifier value="false"/>
      <isSummary value="false"/>
      <binding>
        <strength value="extensible"/>
        <valueSetReference>
          <reference value="http://hl7.org/fhir/us/odh/shr/core/vs/LateralityVS"/>
        </valueSetReference>
      </binding>
    </element>
    <element id="shr-core-LandmarkLocation-model.orientation">
      <path value="shr-core-LandmarkLocation-model.orientation"/>
      <short value="Orientation of the body location, if needed to distinguish from a similar location in another orientation."/>
      <definition value="Orientation of the body location, if needed to distinguish from a similar location in another orientation."/>
      <min value="0"/>
      <max value="1"/>
      <base>
        <path value="shr-core-LandmarkLocation-model.orientation"/>
        <min value="0"/>
        <max value="1"/>
      </base>
      <type>
        <code value="Coding"/>
      </type>
      <mustSupport value="false"/>
      <isModifier value="false"/>
      <isSummary value="false"/>
      <binding>
        <strength value="extensible"/>
        <valueSetReference>
          <reference value="http://hl7.org/fhir/us/odh/shr/core/vs/OrientationVS"/>
        </valueSetReference>
      </binding>
    </element>
  </differential>
</StructureDefinition>