<?xml version="1.0" encoding="UTF-8"?>

<StructureDefinition xmlns="http://hl7.org/fhir">
  <id value="shr-core-ReasonCode-model"/>
  <text>
    <status value="generated"/><div xmlns="http://www.w3.org/1999/xhtml">
  <p><b>ReasonCode Logical Model</b></p>
  <p>The explanation or justification for the current item or action, as a code.
Reason is a string or CodeableConcept in DSTU2 but in later versions only a CodeableConcept.</p>
</div>
  </text>
  <url value="http://hl7.org/fhir/us/odh/StructureDefinition/shr-core-ReasonCode-model"/>
  <identifier>
    <system value="http://hl7.org/fhir/us/odh"/>
    <value value="shr.core.ReasonCode"/>
  </identifier>
  <version value="1.0.0"/>
  <name value="ReasonCode"/>
  <title value="shr-core-ReasonCode"/>
  <status value="draft"/>
  <date value="2019-05-08T00:00:00-04:00"/>
  <publisher value="HL7"/>
  <contact>
    <telecom>
      <system value="url"/>
      <value value="http://standardhealthrecord.org"/>
    </telecom>
  </contact>
  <description value="The explanation or justification for the current item or action, as a code.&#xA;Reason is a string or CodeableConcept in DSTU2 but in later versions only a CodeableConcept."/>
  <keyword>
    <system value="http://ncimeta.nci.nih.gov"/>
    <code value="C0566251"/>
  </keyword>
  <kind value="logical"/>
  <abstract value="false"/>
  <type value="shr-core-ReasonCode-model"/>
  <baseDefinition value="http://hl7.org/fhir/StructureDefinition/Element"/>
  <derivation value="specialization"/>
  <snapshot>
    <element id="shr-core-ReasonCode-model">
      <path value="shr-core-ReasonCode-model"/>
      <definition value="The explanation or justification for the current item or action, as a code.&#xA;Reason is a string or CodeableConcept in DSTU2 but in later versions only a CodeableConcept."/>
      <min value="0"/>
      <max value="*"/>
      <base>
        <path value="shr-core-ReasonCode-model"/>
        <min value="0"/>
        <max value="*"/>
      </base>
      <mustSupport value="false"/>
      <isModifier value="false"/>
      <isSummary value="false"/>
    </element>
    <element id="shr-core-ReasonCode-model.value">
      <path value="shr-core-ReasonCode-model.value"/>
      <short value="Code representing the explanation or justification for the current item or action, as a code."/>
      <definition value="Code representing the explanation or justification for the current item or action, as a code.&#xA;Reason is a string or CodeableConcept in DSTU2 but in later versions only a CodeableConcept."/>
      <min value="1"/>
      <max value="1"/>
      <base>
        <path value="shr-core-ReasonCode-model.value"/>
        <min value="1"/>
        <max value="1"/>
      </base>
      <type>
        <code value="Coding"/>
      </type>
      <mustSupport value="false"/>
      <isModifier value="false"/>
      <isSummary value="false"/>
    </element>
  </snapshot>
  <differential>
    <element id="shr-core-ReasonCode-model">
      <path value="shr-core-ReasonCode-model"/>
      <definition value="The explanation or justification for the current item or action, as a code.&#xA;Reason is a string or CodeableConcept in DSTU2 but in later versions only a CodeableConcept."/>
      <min value="0"/>
      <max value="*"/>
      <base>
        <path value="shr-core-ReasonCode-model"/>
        <min value="0"/>
        <max value="*"/>
      </base>
      <mustSupport value="false"/>
      <isModifier value="false"/>
      <isSummary value="false"/>
    </element>
    <element id="shr-core-ReasonCode-model.value">
      <path value="shr-core-ReasonCode-model.value"/>
      <short value="Code representing the explanation or justification for the current item or action, as a code."/>
      <definition value="Code representing the explanation or justification for the current item or action, as a code.&#xA;Reason is a string or CodeableConcept in DSTU2 but in later versions only a CodeableConcept."/>
      <min value="1"/>
      <max value="1"/>
      <base>
        <path value="shr-core-ReasonCode-model.value"/>
        <min value="1"/>
        <max value="1"/>
      </base>
      <type>
        <code value="Coding"/>
      </type>
      <mustSupport value="false"/>
      <isModifier value="false"/>
      <isSummary value="false"/>
    </element>
  </differential>
</StructureDefinition>