<?xml version="1.0" encoding="UTF-8"?>

<StructureDefinition xmlns="http://hl7.org/fhir">
  <id value="shr-core-EpisodeOfCare-model"/>
  <text>
    <status value="generated"/><div xmlns="http://www.w3.org/1999/xhtml">
  <p><b>EpisodeOfCare Logical Model</b></p>
  <p>An association between a patient and an organization / healthcare provider(s) during which time encounters may occur. The managing organization assumes a level of responsibility for the patient during this time.</p>
</div>
  </text>
  <url value="http://hl7.org/fhir/us/odh/StructureDefinition/shr-core-EpisodeOfCare-model"/>
  <identifier>
    <system value="http://hl7.org/fhir/us/odh"/>
    <value value="shr.core.EpisodeOfCare"/>
  </identifier>
  <version value="1.0.0"/>
  <name value="EpisodeOfCare"/>
  <title value="shr-core-EpisodeOfCare"/>
  <status value="draft"/>
  <date value="2019-05-08T00:00:00-04:00"/>
  <publisher value="HL7"/>
  <contact>
    <telecom>
      <system value="url"/>
      <value value="http://standardhealthrecord.org"/>
    </telecom>
  </contact>
  <description value="An association between a patient and an organization / healthcare provider(s) during which time encounters may occur. The managing organization assumes a level of responsibility for the patient during this time."/>
  <kind value="logical"/>
  <abstract value="false"/>
  <type value="shr-core-EpisodeOfCare-model"/>
  <baseDefinition value="http://hl7.org/fhir/StructureDefinition/Element"/>
  <derivation value="specialization"/>
  <snapshot>
    <element id="shr-core-EpisodeOfCare-model">
      <path value="shr-core-EpisodeOfCare-model"/>
      <definition value="An association between a patient and an organization / healthcare provider(s) during which time encounters may occur. The managing organization assumes a level of responsibility for the patient during this time."/>
      <min value="0"/>
      <max value="*"/>
      <base>
        <path value="shr-core-EpisodeOfCare-model"/>
        <min value="0"/>
        <max value="*"/>
      </base>
      <mustSupport value="false"/>
      <isModifier value="false"/>
      <isSummary value="false"/>
    </element>
    <element id="shr-core-EpisodeOfCare-model.metadata">
      <path value="shr-core-EpisodeOfCare-model.metadata"/>
      <short value="Elements that belong to all information items."/>
      <definition value="Elements that belong to all information items."/>
      <min value="0"/>
      <max value="1"/>
      <base>
        <path value="shr-core-EpisodeOfCare-model.metadata"/>
        <min value="0"/>
        <max value="1"/>
      </base>
      <type>
        <code value="http://hl7.org/fhir/us/odh/StructureDefinition/shr-core-Metadata-model"/>
      </type>
      <mustSupport value="false"/>
      <isModifier value="false"/>
      <isSummary value="false"/>
    </element>
    <element id="shr-core-EpisodeOfCare-model.language">
      <path value="shr-core-EpisodeOfCare-model.language"/>
      <short value="A human language, spoken or written."/>
      <definition value="A human language, spoken or written."/>
      <min value="0"/>
      <max value="1"/>
      <base>
        <path value="shr-core-EpisodeOfCare-model.language"/>
        <min value="0"/>
        <max value="1"/>
      </base>
      <type>
        <code value="Coding"/>
      </type>
      <mustSupport value="false"/>
      <isModifier value="false"/>
      <isSummary value="false"/>
    </element>
    <element id="shr-core-EpisodeOfCare-model.implicitRules">
      <path value="shr-core-EpisodeOfCare-model.implicitRules"/>
      <short value="A set of rules under which this content was created"/>
      <definition value="A set of rules under which this content was created"/>
      <min value="0"/>
      <max value="1"/>
      <base>
        <path value="shr-core-EpisodeOfCare-model.implicitRules"/>
        <min value="0"/>
        <max value="1"/>
      </base>
      <type>
        <code value="uri"/>
      </type>
      <mustSupport value="false"/>
      <isModifier value="false"/>
      <isSummary value="false"/>
    </element>
    <element id="shr-core-EpisodeOfCare-model.narrative">
      <path value="shr-core-EpisodeOfCare-model.narrative"/>
      <short value="A human-readable narrative, potentially including images, that contains a summary of the resource, and may be used to represent the content of the resource to a human."/>
      <definition value="A human-readable narrative, potentially including images, that contains a summary of the resource, and may be used to represent the content of the resource to a human."/>
      <min value="0"/>
      <max value="1"/>
      <base>
        <path value="shr-core-EpisodeOfCare-model.narrative"/>
        <min value="0"/>
        <max value="1"/>
      </base>
      <type>
        <code value="http://hl7.org/fhir/us/odh/StructureDefinition/shr-core-Narrative-model"/>
      </type>
      <mustSupport value="false"/>
      <isModifier value="false"/>
      <isSummary value="false"/>
    </element>
    <element id="shr-core-EpisodeOfCare-model.status">
      <path value="shr-core-EpisodeOfCare-model.status"/>
      <short value="A state that relates to the workflow or interpretation of this resource. Certain status values can modify the meaning of the resource, for example, entered-in-error. When a boolean value is used, Status of true indicates the record is active, false means inactive."/>
      <definition value="A state that relates to the workflow or interpretation of this resource. Certain status values can modify the meaning of the resource, for example, entered-in-error. When a boolean value is used, Status of true indicates the record is active, false means inactive."/>
      <min value="1"/>
      <max value="1"/>
      <base>
        <path value="shr-core-EpisodeOfCare-model.status"/>
        <min value="1"/>
        <max value="1"/>
      </base>
      <type>
        <code value="Coding"/>
      </type>
      <mustSupport value="false"/>
      <isModifier value="false"/>
      <isSummary value="false"/>
      <binding>
        <strength value="required"/>
        <valueSetReference>
          <reference value="http://hl7.org/fhir/ValueSet/episode-of-care-status"/>
        </valueSetReference>
      </binding>
    </element>
    <element id="shr-core-EpisodeOfCare-model.statusHistory">
      <path value="shr-core-EpisodeOfCare-model.statusHistory"/>
      <short value="List of past encounter statuses"/>
      <definition value="List of past encounter statuses"/>
      <min value="0"/>
      <max value="*"/>
      <base>
        <path value="shr-core-EpisodeOfCare-model.statusHistory"/>
        <min value="0"/>
        <max value="*"/>
      </base>
      <type>
        <code value="http://hl7.org/fhir/us/odh/StructureDefinition/shr-core-StatusHistory-model"/>
      </type>
      <mustSupport value="false"/>
      <isModifier value="false"/>
      <isSummary value="false"/>
    </element>
    <element id="shr-core-EpisodeOfCare-model.statusHistory.status">
      <path value="shr-core-EpisodeOfCare-model.statusHistory.status"/>
      <short value="A state that relates to the workflow or interpretation of this resource. Certain status values can modify the meaning of the resource, for example, entered-in-error. When a boolean value is used, Status of true indicates the record is active, false means inactive."/>
      <definition value="A state that relates to the workflow or interpretation of this resource. Certain status values can modify the meaning of the resource, for example, entered-in-error. When a boolean value is used, Status of true indicates the record is active, false means inactive."/>
      <min value="1"/>
      <max value="1"/>
      <base>
        <path value="shr-core-EpisodeOfCare-model.statusHistory.status"/>
        <min value="1"/>
        <max value="1"/>
      </base>
      <type>
        <code value="Coding"/>
      </type>
      <mustSupport value="false"/>
      <isModifier value="false"/>
      <isSummary value="false"/>
      <binding>
        <strength value="required"/>
        <valueSetReference>
          <reference value="http://hl7.org/fhir/ValueSet/episode-of-care-status"/>
        </valueSetReference>
      </binding>
    </element>
    <element id="shr-core-EpisodeOfCare-model.statusHistory.timePeriod">
      <path value="shr-core-EpisodeOfCare-model.statusHistory.timePeriod"/>
      <short value="A period of time defined by a start and end time, date, or year."/>
      <definition value="A period of time defined by a start and end time, date, or year.&#xA;If the start date/time is missing, the start of the period is not known. If the end date/time is missing, it means that the period is ongoing."/>
      <min value="1"/>
      <max value="1"/>
      <base>
        <path value="shr-core-EpisodeOfCare-model.statusHistory.timePeriod"/>
        <min value="1"/>
        <max value="1"/>
      </base>
      <type>
        <code value="http://hl7.org/fhir/us/odh/StructureDefinition/shr-core-TimePeriod-model"/>
      </type>
      <mustSupport value="false"/>
      <isModifier value="false"/>
      <isSummary value="false"/>
    </element>
    <element id="shr-core-EpisodeOfCare-model.identifier">
      <path value="shr-core-EpisodeOfCare-model.identifier"/>
      <short value="Business identifier or external id for this resource."/>
      <definition value="Business identifier or external id for this resource."/>
      <min value="0"/>
      <max value="*"/>
      <base>
        <path value="shr-core-EpisodeOfCare-model.identifier"/>
        <min value="0"/>
        <max value="*"/>
      </base>
      <type>
        <code value="http://hl7.org/fhir/us/odh/StructureDefinition/shr-core-Identifier-model"/>
      </type>
      <mustSupport value="false"/>
      <isModifier value="false"/>
      <isSummary value="false"/>
    </element>
    <element id="shr-core-EpisodeOfCare-model.timePeriod">
      <path value="shr-core-EpisodeOfCare-model.timePeriod"/>
      <short value="A period of time defined by a start and end time, date, or year."/>
      <definition value="A period of time defined by a start and end time, date, or year.&#xA;If the start date/time is missing, the start of the period is not known. If the end date/time is missing, it means that the period is ongoing."/>
      <min value="0"/>
      <max value="1"/>
      <base>
        <path value="shr-core-EpisodeOfCare-model.timePeriod"/>
        <min value="0"/>
        <max value="1"/>
      </base>
      <type>
        <code value="http://hl7.org/fhir/us/odh/StructureDefinition/shr-core-TimePeriod-model"/>
      </type>
      <mustSupport value="false"/>
      <isModifier value="false"/>
      <isSummary value="false"/>
    </element>
    <element id="shr-core-EpisodeOfCare-model.encounterDiagnosis">
      <path value="shr-core-EpisodeOfCare-model.encounterDiagnosis"/>
      <short value="A diagnosis, which is a disease or injury determined to be present through evaluation of patient history, examination, and/or review of laboratory data. This element is not a stand-alone representation of the condition that was diagnosed, but is meant to be used as an sub-structure in a resource, such as Encounter."/>
      <definition value="A diagnosis, which is a disease or injury determined to be present through evaluation of patient history, examination, and/or review of laboratory data. This element is not a stand-alone representation of the condition that was diagnosed, but is meant to be used as an sub-structure in a resource, such as Encounter."/>
      <min value="0"/>
      <max value="*"/>
      <base>
        <path value="shr-core-EpisodeOfCare-model.encounterDiagnosis"/>
        <min value="0"/>
        <max value="*"/>
      </base>
      <type>
        <code value="http://hl7.org/fhir/us/odh/StructureDefinition/shr-core-EncounterDiagnosis-model"/>
      </type>
      <mustSupport value="false"/>
      <isModifier value="false"/>
      <isSummary value="false"/>
    </element>
    <element id="shr-core-EpisodeOfCare-model.subjectOfRecord">
      <path value="shr-core-EpisodeOfCare-model.subjectOfRecord"/>
      <code>
        <system value="http://ncimeta.nci.nih.gov"/>
        <code value="C1299487"/>
      </code>
      <short value="The subject of a clinical statement, often called the Patient or the Subject. The SubjectOfRecord typically identifies the clinical record in which this statement is contained. If the statement should be in John Doe&#39;s patient record, then John Doe is the subject of record. When there is no patient, the SubjectOfRecord can also be a location, group, or other entity that statement pertains to. For example, observations concerning a hospital ward would have a Location as the SubjectOfRecord."/>
      <definition value="The subject of a clinical statement, often called the Patient or the Subject. The SubjectOfRecord typically identifies the clinical record in which this statement is contained. If the statement should be in John Doe&#39;s patient record, then John Doe is the subject of record. When there is no patient, the SubjectOfRecord can also be a location, group, or other entity that statement pertains to. For example, observations concerning a hospital ward would have a Location as the SubjectOfRecord.&#xA;&#xA;Note that the word &#39;Subject&#39; is used here in the sense of a person or entity subjected to observations or actions, not subject as in a conceptual topic, like heart disease."/>
      <min value="1"/>
      <max value="1"/>
      <base>
        <path value="shr-core-EpisodeOfCare-model.subjectOfRecord"/>
        <min value="1"/>
        <max value="1"/>
      </base>
      <type>
        <code value="Reference"/>
        <targetProfile value="http://hl7.org/fhir/us/odh/StructureDefinition/shr-core-Patient-model"/>
      </type>
      <mustSupport value="false"/>
      <isModifier value="false"/>
      <isSummary value="false"/>
    </element>
    <element id="shr-core-EpisodeOfCare-model.type">
      <path value="shr-core-EpisodeOfCare-model.type"/>
      <code>
        <system value="http://ncimeta.nci.nih.gov"/>
        <code value="C0332307"/>
      </code>
      <short value="A code describing the item at a greater level of detail."/>
      <definition value="A code describing the item at a greater level of detail."/>
      <min value="0"/>
      <max value="*"/>
      <base>
        <path value="shr-core-EpisodeOfCare-model.type"/>
        <min value="0"/>
        <max value="*"/>
      </base>
      <type>
        <code value="Coding"/>
      </type>
      <mustSupport value="false"/>
      <isModifier value="false"/>
      <isSummary value="false"/>
      <binding>
        <strength value="example"/>
        <valueSetReference>
          <reference value="http://hl7.org/fhir/ValueSet/episodeofcare-type"/>
        </valueSetReference>
      </binding>
    </element>
    <element id="shr-core-EpisodeOfCare-model.organization">
      <path value="shr-core-EpisodeOfCare-model.organization"/>
      <short value="A formally or informally recognized grouping of people or organizations formed for the purpose of achieving some form of collective action. Includes companies, institutions, corporations, departments, community groups, healthcare practice groups, payer/insurer, etc."/>
      <definition value="A formally or informally recognized grouping of people or organizations formed for the purpose of achieving some form of collective action. Includes companies, institutions, corporations, departments, community groups, healthcare practice groups, payer/insurer, etc.&#xA;&#xA;Organization type is restricted to 0..1 in FHIR DSTU2, similarly restricted here. Other required attributes come from STU 3 mapping to us-core-organization."/>
      <min value="0"/>
      <max value="1"/>
      <base>
        <path value="shr-core-EpisodeOfCare-model.organization"/>
        <min value="0"/>
        <max value="1"/>
      </base>
      <type>
        <code value="Reference"/>
        <targetProfile value="http://hl7.org/fhir/us/odh/StructureDefinition/shr-core-Organization-model"/>
      </type>
      <mustSupport value="false"/>
      <isModifier value="false"/>
      <isSummary value="false"/>
    </element>
    <element id="shr-core-EpisodeOfCare-model.referralBasedOn">
      <path value="shr-core-EpisodeOfCare-model.referralBasedOn"/>
      <short value="Indicates any plans, proposals or orders that this request is intended to satisfy - in whole or in part."/>
      <definition value="Indicates any plans, proposals or orders that this request is intended to satisfy - in whole or in part."/>
      <min value="0"/>
      <max value="*"/>
      <base>
        <path value="shr-core-EpisodeOfCare-model.referralBasedOn"/>
        <min value="0"/>
        <max value="*"/>
      </base>
      <type>
        <code value="Reference"/>
        <targetProfile value="http://hl7.org/fhir/us/odh/StructureDefinition/shr-core-ReferralRequest-model"/>
      </type>
      <mustSupport value="false"/>
      <isModifier value="false"/>
      <isSummary value="false"/>
    </element>
    <element id="shr-core-EpisodeOfCare-model.careManager">
      <path value="shr-core-EpisodeOfCare-model.careManager"/>
      <code>
        <system value="http://ncimeta.nci.nih.gov"/>
        <code value="C2220264"/>
      </code>
      <short value="Care manager/care co-ordinator for the patient"/>
      <definition value="Care manager/care co-ordinator for the patient"/>
      <min value="0"/>
      <max value="1"/>
      <base>
        <path value="shr-core-EpisodeOfCare-model.careManager"/>
        <min value="0"/>
        <max value="1"/>
      </base>
      <type>
        <code value="Reference"/>
        <targetProfile value="http://hl7.org/fhir/us/odh/StructureDefinition/shr-core-Practitioner-model"/>
      </type>
      <mustSupport value="false"/>
      <isModifier value="false"/>
      <isSummary value="false"/>
    </element>
  </snapshot>
  <differential>
    <element id="shr-core-EpisodeOfCare-model">
      <path value="shr-core-EpisodeOfCare-model"/>
      <definition value="An association between a patient and an organization / healthcare provider(s) during which time encounters may occur. The managing organization assumes a level of responsibility for the patient during this time."/>
      <min value="0"/>
      <max value="*"/>
      <base>
        <path value="shr-core-EpisodeOfCare-model"/>
        <min value="0"/>
        <max value="*"/>
      </base>
      <mustSupport value="false"/>
      <isModifier value="false"/>
      <isSummary value="false"/>
    </element>
    <element id="shr-core-EpisodeOfCare-model.metadata">
      <path value="shr-core-EpisodeOfCare-model.metadata"/>
      <short value="Elements that belong to all information items."/>
      <definition value="Elements that belong to all information items."/>
      <min value="0"/>
      <max value="1"/>
      <base>
        <path value="shr-core-EpisodeOfCare-model.metadata"/>
        <min value="0"/>
        <max value="1"/>
      </base>
      <type>
        <code value="http://hl7.org/fhir/us/odh/StructureDefinition/shr-core-Metadata-model"/>
      </type>
      <mustSupport value="false"/>
      <isModifier value="false"/>
      <isSummary value="false"/>
    </element>
    <element id="shr-core-EpisodeOfCare-model.language">
      <path value="shr-core-EpisodeOfCare-model.language"/>
      <short value="A human language, spoken or written."/>
      <definition value="A human language, spoken or written."/>
      <min value="0"/>
      <max value="1"/>
      <base>
        <path value="shr-core-EpisodeOfCare-model.language"/>
        <min value="0"/>
        <max value="1"/>
      </base>
      <type>
        <code value="Coding"/>
      </type>
      <mustSupport value="false"/>
      <isModifier value="false"/>
      <isSummary value="false"/>
    </element>
    <element id="shr-core-EpisodeOfCare-model.implicitRules">
      <path value="shr-core-EpisodeOfCare-model.implicitRules"/>
      <short value="A set of rules under which this content was created"/>
      <definition value="A set of rules under which this content was created"/>
      <min value="0"/>
      <max value="1"/>
      <base>
        <path value="shr-core-EpisodeOfCare-model.implicitRules"/>
        <min value="0"/>
        <max value="1"/>
      </base>
      <type>
        <code value="uri"/>
      </type>
      <mustSupport value="false"/>
      <isModifier value="false"/>
      <isSummary value="false"/>
    </element>
    <element id="shr-core-EpisodeOfCare-model.narrative">
      <path value="shr-core-EpisodeOfCare-model.narrative"/>
      <short value="A human-readable narrative, potentially including images, that contains a summary of the resource, and may be used to represent the content of the resource to a human."/>
      <definition value="A human-readable narrative, potentially including images, that contains a summary of the resource, and may be used to represent the content of the resource to a human."/>
      <min value="0"/>
      <max value="1"/>
      <base>
        <path value="shr-core-EpisodeOfCare-model.narrative"/>
        <min value="0"/>
        <max value="1"/>
      </base>
      <type>
        <code value="http://hl7.org/fhir/us/odh/StructureDefinition/shr-core-Narrative-model"/>
      </type>
      <mustSupport value="false"/>
      <isModifier value="false"/>
      <isSummary value="false"/>
    </element>
    <element id="shr-core-EpisodeOfCare-model.status">
      <path value="shr-core-EpisodeOfCare-model.status"/>
      <short value="A state that relates to the workflow or interpretation of this resource. Certain status values can modify the meaning of the resource, for example, entered-in-error. When a boolean value is used, Status of true indicates the record is active, false means inactive."/>
      <definition value="A state that relates to the workflow or interpretation of this resource. Certain status values can modify the meaning of the resource, for example, entered-in-error. When a boolean value is used, Status of true indicates the record is active, false means inactive."/>
      <min value="1"/>
      <max value="1"/>
      <base>
        <path value="shr-core-EpisodeOfCare-model.status"/>
        <min value="1"/>
        <max value="1"/>
      </base>
      <type>
        <code value="Coding"/>
      </type>
      <mustSupport value="false"/>
      <isModifier value="false"/>
      <isSummary value="false"/>
      <binding>
        <strength value="required"/>
        <valueSetReference>
          <reference value="http://hl7.org/fhir/ValueSet/episode-of-care-status"/>
        </valueSetReference>
      </binding>
    </element>
    <element id="shr-core-EpisodeOfCare-model.statusHistory">
      <path value="shr-core-EpisodeOfCare-model.statusHistory"/>
      <short value="List of past encounter statuses"/>
      <definition value="List of past encounter statuses"/>
      <min value="0"/>
      <max value="*"/>
      <base>
        <path value="shr-core-EpisodeOfCare-model.statusHistory"/>
        <min value="0"/>
        <max value="*"/>
      </base>
      <type>
        <code value="http://hl7.org/fhir/us/odh/StructureDefinition/shr-core-StatusHistory-model"/>
      </type>
      <mustSupport value="false"/>
      <isModifier value="false"/>
      <isSummary value="false"/>
    </element>
    <element id="shr-core-EpisodeOfCare-model.statusHistory.status">
      <path value="shr-core-EpisodeOfCare-model.statusHistory.status"/>
      <short value="A state that relates to the workflow or interpretation of this resource. Certain status values can modify the meaning of the resource, for example, entered-in-error. When a boolean value is used, Status of true indicates the record is active, false means inactive."/>
      <definition value="A state that relates to the workflow or interpretation of this resource. Certain status values can modify the meaning of the resource, for example, entered-in-error. When a boolean value is used, Status of true indicates the record is active, false means inactive."/>
      <min value="1"/>
      <max value="1"/>
      <base>
        <path value="shr-core-EpisodeOfCare-model.statusHistory.status"/>
        <min value="1"/>
        <max value="1"/>
      </base>
      <type>
        <code value="Coding"/>
      </type>
      <mustSupport value="false"/>
      <isModifier value="false"/>
      <isSummary value="false"/>
      <binding>
        <strength value="required"/>
        <valueSetReference>
          <reference value="http://hl7.org/fhir/ValueSet/episode-of-care-status"/>
        </valueSetReference>
      </binding>
    </element>
    <element id="shr-core-EpisodeOfCare-model.statusHistory.timePeriod">
      <path value="shr-core-EpisodeOfCare-model.statusHistory.timePeriod"/>
      <short value="A period of time defined by a start and end time, date, or year."/>
      <definition value="A period of time defined by a start and end time, date, or year.&#xA;If the start date/time is missing, the start of the period is not known. If the end date/time is missing, it means that the period is ongoing."/>
      <min value="1"/>
      <max value="1"/>
      <base>
        <path value="shr-core-EpisodeOfCare-model.statusHistory.timePeriod"/>
        <min value="1"/>
        <max value="1"/>
      </base>
      <type>
        <code value="http://hl7.org/fhir/us/odh/StructureDefinition/shr-core-TimePeriod-model"/>
      </type>
      <mustSupport value="false"/>
      <isModifier value="false"/>
      <isSummary value="false"/>
    </element>
    <element id="shr-core-EpisodeOfCare-model.identifier">
      <path value="shr-core-EpisodeOfCare-model.identifier"/>
      <short value="Business identifier or external id for this resource."/>
      <definition value="Business identifier or external id for this resource."/>
      <min value="0"/>
      <max value="*"/>
      <base>
        <path value="shr-core-EpisodeOfCare-model.identifier"/>
        <min value="0"/>
        <max value="*"/>
      </base>
      <type>
        <code value="http://hl7.org/fhir/us/odh/StructureDefinition/shr-core-Identifier-model"/>
      </type>
      <mustSupport value="false"/>
      <isModifier value="false"/>
      <isSummary value="false"/>
    </element>
    <element id="shr-core-EpisodeOfCare-model.timePeriod">
      <path value="shr-core-EpisodeOfCare-model.timePeriod"/>
      <short value="A period of time defined by a start and end time, date, or year."/>
      <definition value="A period of time defined by a start and end time, date, or year.&#xA;If the start date/time is missing, the start of the period is not known. If the end date/time is missing, it means that the period is ongoing."/>
      <min value="0"/>
      <max value="1"/>
      <base>
        <path value="shr-core-EpisodeOfCare-model.timePeriod"/>
        <min value="0"/>
        <max value="1"/>
      </base>
      <type>
        <code value="http://hl7.org/fhir/us/odh/StructureDefinition/shr-core-TimePeriod-model"/>
      </type>
      <mustSupport value="false"/>
      <isModifier value="false"/>
      <isSummary value="false"/>
    </element>
    <element id="shr-core-EpisodeOfCare-model.encounterDiagnosis">
      <path value="shr-core-EpisodeOfCare-model.encounterDiagnosis"/>
      <short value="A diagnosis, which is a disease or injury determined to be present through evaluation of patient history, examination, and/or review of laboratory data. This element is not a stand-alone representation of the condition that was diagnosed, but is meant to be used as an sub-structure in a resource, such as Encounter."/>
      <definition value="A diagnosis, which is a disease or injury determined to be present through evaluation of patient history, examination, and/or review of laboratory data. This element is not a stand-alone representation of the condition that was diagnosed, but is meant to be used as an sub-structure in a resource, such as Encounter."/>
      <min value="0"/>
      <max value="*"/>
      <base>
        <path value="shr-core-EpisodeOfCare-model.encounterDiagnosis"/>
        <min value="0"/>
        <max value="*"/>
      </base>
      <type>
        <code value="http://hl7.org/fhir/us/odh/StructureDefinition/shr-core-EncounterDiagnosis-model"/>
      </type>
      <mustSupport value="false"/>
      <isModifier value="false"/>
      <isSummary value="false"/>
    </element>
    <element id="shr-core-EpisodeOfCare-model.subjectOfRecord">
      <path value="shr-core-EpisodeOfCare-model.subjectOfRecord"/>
      <code>
        <system value="http://ncimeta.nci.nih.gov"/>
        <code value="C1299487"/>
      </code>
      <short value="The subject of a clinical statement, often called the Patient or the Subject. The SubjectOfRecord typically identifies the clinical record in which this statement is contained. If the statement should be in John Doe&#39;s patient record, then John Doe is the subject of record. When there is no patient, the SubjectOfRecord can also be a location, group, or other entity that statement pertains to. For example, observations concerning a hospital ward would have a Location as the SubjectOfRecord."/>
      <definition value="The subject of a clinical statement, often called the Patient or the Subject. The SubjectOfRecord typically identifies the clinical record in which this statement is contained. If the statement should be in John Doe&#39;s patient record, then John Doe is the subject of record. When there is no patient, the SubjectOfRecord can also be a location, group, or other entity that statement pertains to. For example, observations concerning a hospital ward would have a Location as the SubjectOfRecord.&#xA;&#xA;Note that the word &#39;Subject&#39; is used here in the sense of a person or entity subjected to observations or actions, not subject as in a conceptual topic, like heart disease."/>
      <min value="1"/>
      <max value="1"/>
      <base>
        <path value="shr-core-EpisodeOfCare-model.subjectOfRecord"/>
        <min value="1"/>
        <max value="1"/>
      </base>
      <type>
        <code value="Reference"/>
        <targetProfile value="http://hl7.org/fhir/us/odh/StructureDefinition/shr-core-Patient-model"/>
      </type>
      <mustSupport value="false"/>
      <isModifier value="false"/>
      <isSummary value="false"/>
    </element>
    <element id="shr-core-EpisodeOfCare-model.type">
      <path value="shr-core-EpisodeOfCare-model.type"/>
      <code>
        <system value="http://ncimeta.nci.nih.gov"/>
        <code value="C0332307"/>
      </code>
      <short value="A code describing the item at a greater level of detail."/>
      <definition value="A code describing the item at a greater level of detail."/>
      <min value="0"/>
      <max value="*"/>
      <base>
        <path value="shr-core-EpisodeOfCare-model.type"/>
        <min value="0"/>
        <max value="*"/>
      </base>
      <type>
        <code value="Coding"/>
      </type>
      <mustSupport value="false"/>
      <isModifier value="false"/>
      <isSummary value="false"/>
      <binding>
        <strength value="example"/>
        <valueSetReference>
          <reference value="http://hl7.org/fhir/ValueSet/episodeofcare-type"/>
        </valueSetReference>
      </binding>
    </element>
    <element id="shr-core-EpisodeOfCare-model.organization">
      <path value="shr-core-EpisodeOfCare-model.organization"/>
      <short value="A formally or informally recognized grouping of people or organizations formed for the purpose of achieving some form of collective action. Includes companies, institutions, corporations, departments, community groups, healthcare practice groups, payer/insurer, etc."/>
      <definition value="A formally or informally recognized grouping of people or organizations formed for the purpose of achieving some form of collective action. Includes companies, institutions, corporations, departments, community groups, healthcare practice groups, payer/insurer, etc.&#xA;&#xA;Organization type is restricted to 0..1 in FHIR DSTU2, similarly restricted here. Other required attributes come from STU 3 mapping to us-core-organization."/>
      <min value="0"/>
      <max value="1"/>
      <base>
        <path value="shr-core-EpisodeOfCare-model.organization"/>
        <min value="0"/>
        <max value="1"/>
      </base>
      <type>
        <code value="Reference"/>
        <targetProfile value="http://hl7.org/fhir/us/odh/StructureDefinition/shr-core-Organization-model"/>
      </type>
      <mustSupport value="false"/>
      <isModifier value="false"/>
      <isSummary value="false"/>
    </element>
    <element id="shr-core-EpisodeOfCare-model.referralBasedOn">
      <path value="shr-core-EpisodeOfCare-model.referralBasedOn"/>
      <short value="Indicates any plans, proposals or orders that this request is intended to satisfy - in whole or in part."/>
      <definition value="Indicates any plans, proposals or orders that this request is intended to satisfy - in whole or in part."/>
      <min value="0"/>
      <max value="*"/>
      <base>
        <path value="shr-core-EpisodeOfCare-model.referralBasedOn"/>
        <min value="0"/>
        <max value="*"/>
      </base>
      <type>
        <code value="Reference"/>
        <targetProfile value="http://hl7.org/fhir/us/odh/StructureDefinition/shr-core-ReferralRequest-model"/>
      </type>
      <mustSupport value="false"/>
      <isModifier value="false"/>
      <isSummary value="false"/>
    </element>
    <element id="shr-core-EpisodeOfCare-model.careManager">
      <path value="shr-core-EpisodeOfCare-model.careManager"/>
      <code>
        <system value="http://ncimeta.nci.nih.gov"/>
        <code value="C2220264"/>
      </code>
      <short value="Care manager/care co-ordinator for the patient"/>
      <definition value="Care manager/care co-ordinator for the patient"/>
      <min value="0"/>
      <max value="1"/>
      <base>
        <path value="shr-core-EpisodeOfCare-model.careManager"/>
        <min value="0"/>
        <max value="1"/>
      </base>
      <type>
        <code value="Reference"/>
        <targetProfile value="http://hl7.org/fhir/us/odh/StructureDefinition/shr-core-Practitioner-model"/>
      </type>
      <mustSupport value="false"/>
      <isModifier value="false"/>
      <isSummary value="false"/>
    </element>
  </differential>
</StructureDefinition>