<?xml version="1.0" encoding="UTF-8"?>

<StructureDefinition xmlns="http://hl7.org/fhir">
  <id value="shr-core-OnBehalfOf-model"/>
  <text>
    <status value="generated"/><div xmlns="http://www.w3.org/1999/xhtml">
  <p><b>OnBehalfOf Logical Model</b></p>
  <p>The party represented by the actual participant.</p>
</div>
  </text>
  <url value="http://hl7.org/fhir/us/shr/StructureDefinition/shr-core-OnBehalfOf-model"/>
  <identifier>
    <system value="http://hl7.org/fhir/us/odh"/>
    <value value="shr.core.OnBehalfOf"/>
  </identifier>
  <version value="1.0.0"/>
  <name value="OnBehalfOf"/>
  <title value="shr-core-OnBehalfOf"/>
  <status value="draft"/>
  <date value="2019-04-08T00:00:00-04:00"/>
  <publisher value="HL7"/>
  <contact>
    <telecom>
      <system value="url"/>
      <value value="http://standardhealthrecord.org"/>
    </telecom>
  </contact>
  <description value="The party represented by the actual participant."/>
  <kind value="logical"/>
  <abstract value="false"/>
  <type value="shr-core-OnBehalfOf-model"/>
  <baseDefinition value="http://hl7.org/fhir/StructureDefinition/Element"/>
  <derivation value="specialization"/>
  <snapshot>
    <element id="shr-core-OnBehalfOf-model">
      <path value="shr-core-OnBehalfOf-model"/>
      <definition value="The party represented by the actual participant."/>
      <min value="0"/>
      <max value="*"/>
      <base>
        <path value="shr-core-OnBehalfOf-model"/>
        <min value="0"/>
        <max value="*"/>
      </base>
      <mustSupport value="false"/>
      <isModifier value="false"/>
      <isSummary value="false"/>
    </element>
    <element id="shr-core-OnBehalfOf-model.value[x]">
      <path value="shr-core-OnBehalfOf-model.value[x]"/>
      <short value="Uri or Organization representing the party represented by the actual participant."/>
      <definition value="Uri or Organization representing the party represented by the actual participant."/>
      <min value="1"/>
      <max value="1"/>
      <base>
        <path value="shr-core-OnBehalfOf-model.value[x]"/>
        <min value="1"/>
        <max value="1"/>
      </base>
      <type>
        <code value="uri"/>
      </type>
      <type>
        <code value="Reference"/>
        <targetProfile value="http://hl7.org/fhir/us/shr/StructureDefinition/shr-core-Organization-model"/>
      </type>
      <mustSupport value="false"/>
      <isModifier value="false"/>
      <isSummary value="false"/>
    </element>
  </snapshot>
  <differential>
    <element id="shr-core-OnBehalfOf-model">
      <path value="shr-core-OnBehalfOf-model"/>
      <definition value="The party represented by the actual participant."/>
      <min value="0"/>
      <max value="*"/>
      <base>
        <path value="shr-core-OnBehalfOf-model"/>
        <min value="0"/>
        <max value="*"/>
      </base>
      <mustSupport value="false"/>
      <isModifier value="false"/>
      <isSummary value="false"/>
    </element>
    <element id="shr-core-OnBehalfOf-model.value[x]">
      <path value="shr-core-OnBehalfOf-model.value[x]"/>
      <short value="Uri or Organization representing the party represented by the actual participant."/>
      <definition value="Uri or Organization representing the party represented by the actual participant."/>
      <min value="1"/>
      <max value="1"/>
      <base>
        <path value="shr-core-OnBehalfOf-model.value[x]"/>
        <min value="1"/>
        <max value="1"/>
      </base>
      <type>
        <code value="uri"/>
      </type>
      <type>
        <code value="Reference"/>
        <targetProfile value="http://hl7.org/fhir/us/shr/StructureDefinition/shr-core-Organization-model"/>
      </type>
      <mustSupport value="false"/>
      <isModifier value="false"/>
      <isSummary value="false"/>
    </element>
  </differential>
</StructureDefinition>