<?xml version="1.0" encoding="UTF-8"?>

<StructureDefinition xmlns="http://hl7.org/fhir">
  <id value="shr-core-Dimensions-model"/>
  <text>
    <status value="generated"/><div xmlns="http://www.w3.org/1999/xhtml">
  <p><b>Dimensions Logical Model</b></p>
  <p>The number of sample points at each time point. If this value is greater than one, then the dimensions will be interlaced - all the sample points for a point in time will be recorded at once.</p>
</div>
  </text>
  <url value="http://hl7.org/fhir/us/odh/StructureDefinition/shr-core-Dimensions-model"/>
  <identifier>
    <system value="http://hl7.org/fhir/us/odh"/>
    <value value="shr.core.Dimensions"/>
  </identifier>
  <version value="1.0.0"/>
  <name value="Dimensions"/>
  <title value="shr-core-Dimensions"/>
  <status value="draft"/>
  <date value="2019-05-08T00:00:00-04:00"/>
  <publisher value="HL7"/>
  <contact>
    <telecom>
      <system value="url"/>
      <value value="http://standardhealthrecord.org"/>
    </telecom>
  </contact>
  <description value="The number of sample points at each time point. If this value is greater than one, then the dimensions will be interlaced - all the sample points for a point in time will be recorded at once."/>
  <kind value="logical"/>
  <abstract value="false"/>
  <type value="shr-core-Dimensions-model"/>
  <baseDefinition value="http://hl7.org/fhir/StructureDefinition/Element"/>
  <derivation value="specialization"/>
  <snapshot>
    <element id="shr-core-Dimensions-model">
      <path value="shr-core-Dimensions-model"/>
      <definition value="The number of sample points at each time point. If this value is greater than one, then the dimensions will be interlaced - all the sample points for a point in time will be recorded at once."/>
      <min value="0"/>
      <max value="*"/>
      <base>
        <path value="shr-core-Dimensions-model"/>
        <min value="0"/>
        <max value="*"/>
      </base>
      <mustSupport value="false"/>
      <isModifier value="false"/>
      <isSummary value="false"/>
    </element>
    <element id="shr-core-Dimensions-model.value">
      <path value="shr-core-Dimensions-model.value"/>
      <short value="PositiveInt representing the number of sample points at each time point. If this value is greater than one, then the dimensions will be interlaced - all the sample points for a point in time will be recorded at once."/>
      <definition value="PositiveInt representing the number of sample points at each time point. If this value is greater than one, then the dimensions will be interlaced - all the sample points for a point in time will be recorded at once."/>
      <min value="1"/>
      <max value="1"/>
      <base>
        <path value="shr-core-Dimensions-model.value"/>
        <min value="1"/>
        <max value="1"/>
      </base>
      <type>
        <code value="positiveInt"/>
      </type>
      <mustSupport value="false"/>
      <isModifier value="false"/>
      <isSummary value="false"/>
    </element>
  </snapshot>
  <differential>
    <element id="shr-core-Dimensions-model">
      <path value="shr-core-Dimensions-model"/>
      <definition value="The number of sample points at each time point. If this value is greater than one, then the dimensions will be interlaced - all the sample points for a point in time will be recorded at once."/>
      <min value="0"/>
      <max value="*"/>
      <base>
        <path value="shr-core-Dimensions-model"/>
        <min value="0"/>
        <max value="*"/>
      </base>
      <mustSupport value="false"/>
      <isModifier value="false"/>
      <isSummary value="false"/>
    </element>
    <element id="shr-core-Dimensions-model.value">
      <path value="shr-core-Dimensions-model.value"/>
      <short value="PositiveInt representing the number of sample points at each time point. If this value is greater than one, then the dimensions will be interlaced - all the sample points for a point in time will be recorded at once."/>
      <definition value="PositiveInt representing the number of sample points at each time point. If this value is greater than one, then the dimensions will be interlaced - all the sample points for a point in time will be recorded at once."/>
      <min value="1"/>
      <max value="1"/>
      <base>
        <path value="shr-core-Dimensions-model.value"/>
        <min value="1"/>
        <max value="1"/>
      </base>
      <type>
        <code value="positiveInt"/>
      </type>
      <mustSupport value="false"/>
      <isModifier value="false"/>
      <isSummary value="false"/>
    </element>
  </differential>
</StructureDefinition>