<?xml version="1.0" encoding="UTF-8"?>

<StructureDefinition xmlns="http://hl7.org/fhir">
  <id value="shr-core-Brand-model"/>
  <text>
    <status value="generated"/><div xmlns="http://www.w3.org/1999/xhtml">
  <p><b>Brand Logical Model</b></p>
  <p>If the product is branded, and if so, the brand name of a product.</p>
</div>
  </text>
  <url value="http://hl7.org/fhir/us/shr/StructureDefinition/shr-core-Brand-model"/>
  <identifier>
    <system value="http://hl7.org/fhir/us/odh"/>
    <value value="shr.core.Brand"/>
  </identifier>
  <version value="1.0.0"/>
  <name value="Brand"/>
  <title value="shr-core-Brand"/>
  <status value="draft"/>
  <date value="2019-03-30T00:00:00-04:00"/>
  <publisher value="HL7"/>
  <contact>
    <telecom>
      <system value="url"/>
      <value value="http://standardhealthrecord.org"/>
    </telecom>
  </contact>
  <description value="If the product is branded, and if so, the brand name of a product."/>
  <kind value="logical"/>
  <abstract value="false"/>
  <type value="shr-core-Brand-model"/>
  <baseDefinition value="http://hl7.org/fhir/StructureDefinition/Element"/>
  <derivation value="specialization"/>
  <snapshot>
    <element id="shr-core-Brand-model">
      <path value="shr-core-Brand-model"/>
      <definition value="If the product is branded, and if so, the brand name of a product."/>
      <min value="0"/>
      <max value="*"/>
      <base>
        <path value="shr-core-Brand-model"/>
        <min value="0"/>
        <max value="*"/>
      </base>
      <mustSupport value="false"/>
      <isModifier value="false"/>
      <isSummary value="false"/>
    </element>
    <element id="shr-core-Brand-model.isBrand">
      <path value="shr-core-Brand-model.isBrand"/>
      <short value="If the product is branded."/>
      <definition value="If the product is branded."/>
      <min value="1"/>
      <max value="1"/>
      <base>
        <path value="shr-core-Brand-model.isBrand"/>
        <min value="1"/>
        <max value="1"/>
      </base>
      <type>
        <code value="boolean"/>
      </type>
      <mustSupport value="false"/>
      <isModifier value="false"/>
      <isSummary value="false"/>
    </element>
    <element id="shr-core-Brand-model.brandName">
      <path value="shr-core-Brand-model.brandName"/>
      <short value="The marketing name for a brand name product"/>
      <definition value="The marketing name for a brand name product"/>
      <min value="0"/>
      <max value="1"/>
      <base>
        <path value="shr-core-Brand-model.brandName"/>
        <min value="0"/>
        <max value="1"/>
      </base>
      <type>
        <code value="string"/>
      </type>
      <mustSupport value="false"/>
      <isModifier value="false"/>
      <isSummary value="false"/>
    </element>
  </snapshot>
  <differential>
    <element id="shr-core-Brand-model">
      <path value="shr-core-Brand-model"/>
      <definition value="If the product is branded, and if so, the brand name of a product."/>
      <min value="0"/>
      <max value="*"/>
      <base>
        <path value="shr-core-Brand-model"/>
        <min value="0"/>
        <max value="*"/>
      </base>
      <mustSupport value="false"/>
      <isModifier value="false"/>
      <isSummary value="false"/>
    </element>
    <element id="shr-core-Brand-model.isBrand">
      <path value="shr-core-Brand-model.isBrand"/>
      <short value="If the product is branded."/>
      <definition value="If the product is branded."/>
      <min value="1"/>
      <max value="1"/>
      <base>
        <path value="shr-core-Brand-model.isBrand"/>
        <min value="1"/>
        <max value="1"/>
      </base>
      <type>
        <code value="boolean"/>
      </type>
      <mustSupport value="false"/>
      <isModifier value="false"/>
      <isSummary value="false"/>
    </element>
    <element id="shr-core-Brand-model.brandName">
      <path value="shr-core-Brand-model.brandName"/>
      <short value="The marketing name for a brand name product"/>
      <definition value="The marketing name for a brand name product"/>
      <min value="0"/>
      <max value="1"/>
      <base>
        <path value="shr-core-Brand-model.brandName"/>
        <min value="0"/>
        <max value="1"/>
      </base>
      <type>
        <code value="string"/>
      </type>
      <mustSupport value="false"/>
      <isModifier value="false"/>
      <isSummary value="false"/>
    </element>
  </differential>
</StructureDefinition>