<?xml version="1.0" encoding="UTF-8"?>

<StructureDefinition xmlns="http://hl7.org/fhir">
  <id value="shr-core-StatusHistory-model"/>
  <text>
    <status value="generated"/><div xmlns="http://www.w3.org/1999/xhtml">
  <p><b>StatusHistory Logical Model</b></p>
  <p>List of past encounter statuses</p>
</div>
  </text>
  <url value="http://hl7.org/fhir/us/odh/StructureDefinition/shr-core-StatusHistory-model"/>
  <identifier>
    <system value="http://hl7.org/fhir/us/odh"/>
    <value value="shr.core.StatusHistory"/>
  </identifier>
  <version value="1.0.0"/>
  <name value="StatusHistory"/>
  <title value="shr-core-StatusHistory"/>
  <status value="draft"/>
  <date value="2019-05-08T00:00:00-04:00"/>
  <publisher value="HL7"/>
  <contact>
    <telecom>
      <system value="url"/>
      <value value="http://standardhealthrecord.org"/>
    </telecom>
  </contact>
  <description value="List of past encounter statuses"/>
  <kind value="logical"/>
  <abstract value="false"/>
  <type value="shr-core-StatusHistory-model"/>
  <baseDefinition value="http://hl7.org/fhir/StructureDefinition/Element"/>
  <derivation value="specialization"/>
  <snapshot>
    <element id="shr-core-StatusHistory-model">
      <path value="shr-core-StatusHistory-model"/>
      <definition value="List of past encounter statuses"/>
      <min value="0"/>
      <max value="*"/>
      <base>
        <path value="shr-core-StatusHistory-model"/>
        <min value="0"/>
        <max value="*"/>
      </base>
      <mustSupport value="false"/>
      <isModifier value="false"/>
      <isSummary value="false"/>
    </element>
    <element id="shr-core-StatusHistory-model.status">
      <path value="shr-core-StatusHistory-model.status"/>
      <short value="A state that relates to the workflow or interpretation of this resource. Certain status values can modify the meaning of the resource, for example, entered-in-error. When a boolean value is used, Status of true indicates the record is active, false means inactive."/>
      <definition value="A state that relates to the workflow or interpretation of this resource. Certain status values can modify the meaning of the resource, for example, entered-in-error. When a boolean value is used, Status of true indicates the record is active, false means inactive."/>
      <min value="1"/>
      <max value="1"/>
      <base>
        <path value="shr-core-StatusHistory-model.status"/>
        <min value="1"/>
        <max value="1"/>
      </base>
      <type>
        <code value="Coding"/>
      </type>
      <mustSupport value="false"/>
      <isModifier value="false"/>
      <isSummary value="false"/>
    </element>
    <element id="shr-core-StatusHistory-model.timePeriod">
      <path value="shr-core-StatusHistory-model.timePeriod"/>
      <short value="A period of time defined by a start and end time, date, or year."/>
      <definition value="A period of time defined by a start and end time, date, or year.&#xA;If the start date/time is missing, the start of the period is not known. If the end date/time is missing, it means that the period is ongoing."/>
      <min value="1"/>
      <max value="1"/>
      <base>
        <path value="shr-core-StatusHistory-model.timePeriod"/>
        <min value="1"/>
        <max value="1"/>
      </base>
      <type>
        <code value="http://hl7.org/fhir/us/odh/StructureDefinition/shr-core-TimePeriod-model"/>
      </type>
      <mustSupport value="false"/>
      <isModifier value="false"/>
      <isSummary value="false"/>
    </element>
  </snapshot>
  <differential>
    <element id="shr-core-StatusHistory-model">
      <path value="shr-core-StatusHistory-model"/>
      <definition value="List of past encounter statuses"/>
      <min value="0"/>
      <max value="*"/>
      <base>
        <path value="shr-core-StatusHistory-model"/>
        <min value="0"/>
        <max value="*"/>
      </base>
      <mustSupport value="false"/>
      <isModifier value="false"/>
      <isSummary value="false"/>
    </element>
    <element id="shr-core-StatusHistory-model.status">
      <path value="shr-core-StatusHistory-model.status"/>
      <short value="A state that relates to the workflow or interpretation of this resource. Certain status values can modify the meaning of the resource, for example, entered-in-error. When a boolean value is used, Status of true indicates the record is active, false means inactive."/>
      <definition value="A state that relates to the workflow or interpretation of this resource. Certain status values can modify the meaning of the resource, for example, entered-in-error. When a boolean value is used, Status of true indicates the record is active, false means inactive."/>
      <min value="1"/>
      <max value="1"/>
      <base>
        <path value="shr-core-StatusHistory-model.status"/>
        <min value="1"/>
        <max value="1"/>
      </base>
      <type>
        <code value="Coding"/>
      </type>
      <mustSupport value="false"/>
      <isModifier value="false"/>
      <isSummary value="false"/>
    </element>
    <element id="shr-core-StatusHistory-model.timePeriod">
      <path value="shr-core-StatusHistory-model.timePeriod"/>
      <short value="A period of time defined by a start and end time, date, or year."/>
      <definition value="A period of time defined by a start and end time, date, or year.&#xA;If the start date/time is missing, the start of the period is not known. If the end date/time is missing, it means that the period is ongoing."/>
      <min value="1"/>
      <max value="1"/>
      <base>
        <path value="shr-core-StatusHistory-model.timePeriod"/>
        <min value="1"/>
        <max value="1"/>
      </base>
      <type>
        <code value="http://hl7.org/fhir/us/odh/StructureDefinition/shr-core-TimePeriod-model"/>
      </type>
      <mustSupport value="false"/>
      <isModifier value="false"/>
      <isSummary value="false"/>
    </element>
  </differential>
</StructureDefinition>