<?xml version="1.0" encoding="UTF-8"?>

<StructureDefinition xmlns="http://hl7.org/fhir">
  <id value="shr-core-CareManager-model"/>
  <text>
    <status value="generated"/><div xmlns="http://www.w3.org/1999/xhtml">
  <p><b>CareManager Logical Model</b></p>
  <p>Care manager/care co-ordinator for the patient</p>
</div>
  </text>
  <url value="http://hl7.org/fhir/us/odh/StructureDefinition/shr-core-CareManager-model"/>
  <identifier>
    <system value="http://hl7.org/fhir/us/odh"/>
    <value value="shr.core.CareManager"/>
  </identifier>
  <version value="1.0.0"/>
  <name value="CareManager"/>
  <title value="shr-core-CareManager"/>
  <status value="draft"/>
  <date value="2019-05-08T00:00:00-04:00"/>
  <publisher value="HL7"/>
  <contact>
    <telecom>
      <system value="url"/>
      <value value="http://standardhealthrecord.org"/>
    </telecom>
  </contact>
  <description value="Care manager/care co-ordinator for the patient"/>
  <kind value="logical"/>
  <abstract value="false"/>
  <type value="shr-core-CareManager-model"/>
  <baseDefinition value="http://hl7.org/fhir/StructureDefinition/Element"/>
  <derivation value="specialization"/>
  <snapshot>
    <element id="shr-core-CareManager-model">
      <path value="shr-core-CareManager-model"/>
      <definition value="Care manager/care co-ordinator for the patient"/>
      <min value="0"/>
      <max value="*"/>
      <base>
        <path value="shr-core-CareManager-model"/>
        <min value="0"/>
        <max value="*"/>
      </base>
      <mustSupport value="false"/>
      <isModifier value="false"/>
      <isSummary value="false"/>
    </element>
    <element id="shr-core-CareManager-model.value">
      <path value="shr-core-CareManager-model.value"/>
      <code>
        <system value="http://ncimeta.nci.nih.gov"/>
        <code value="C2220264"/>
      </code>
      <short value="Practitioner representing care manager/care co-ordinator for the patient"/>
      <definition value="Practitioner representing care manager/care co-ordinator for the patient"/>
      <min value="1"/>
      <max value="1"/>
      <base>
        <path value="shr-core-CareManager-model.value"/>
        <min value="1"/>
        <max value="1"/>
      </base>
      <type>
        <code value="Reference"/>
        <targetProfile value="http://hl7.org/fhir/us/odh/StructureDefinition/shr-core-Practitioner-model"/>
      </type>
      <mustSupport value="false"/>
      <isModifier value="false"/>
      <isSummary value="false"/>
    </element>
  </snapshot>
  <differential>
    <element id="shr-core-CareManager-model">
      <path value="shr-core-CareManager-model"/>
      <definition value="Care manager/care co-ordinator for the patient"/>
      <min value="0"/>
      <max value="*"/>
      <base>
        <path value="shr-core-CareManager-model"/>
        <min value="0"/>
        <max value="*"/>
      </base>
      <mustSupport value="false"/>
      <isModifier value="false"/>
      <isSummary value="false"/>
    </element>
    <element id="shr-core-CareManager-model.value">
      <path value="shr-core-CareManager-model.value"/>
      <code>
        <system value="http://ncimeta.nci.nih.gov"/>
        <code value="C2220264"/>
      </code>
      <short value="Practitioner representing care manager/care co-ordinator for the patient"/>
      <definition value="Practitioner representing care manager/care co-ordinator for the patient"/>
      <min value="1"/>
      <max value="1"/>
      <base>
        <path value="shr-core-CareManager-model.value"/>
        <min value="1"/>
        <max value="1"/>
      </base>
      <type>
        <code value="Reference"/>
        <targetProfile value="http://hl7.org/fhir/us/odh/StructureDefinition/shr-core-Practitioner-model"/>
      </type>
      <mustSupport value="false"/>
      <isModifier value="false"/>
      <isSummary value="false"/>
    </element>
  </differential>
</StructureDefinition>