<?xml version="1.0" encoding="UTF-8"?>

<StructureDefinition xmlns="http://hl7.org/fhir">
  <id value="shr-core-PhotographicImage-model"/>
  <text>
    <status value="generated"/><div xmlns="http://www.w3.org/1999/xhtml">
  <p><b>PhotographicImage Logical Model</b></p>
  <p>An attachment of a photographic type. The mime type should be either bmp, gif, jpeg, png, svg, or tiff.</p>
</div>
  </text>
  <url value="http://hl7.org/fhir/us/odh/StructureDefinition/shr-core-PhotographicImage-model"/>
  <identifier>
    <system value="http://hl7.org/fhir/us/odh"/>
    <value value="shr.core.PhotographicImage"/>
  </identifier>
  <version value="1.0.0"/>
  <name value="PhotographicImage"/>
  <title value="shr-core-PhotographicImage"/>
  <status value="draft"/>
  <date value="2019-05-08T00:00:00-04:00"/>
  <publisher value="HL7"/>
  <contact>
    <telecom>
      <system value="url"/>
      <value value="http://standardhealthrecord.org"/>
    </telecom>
  </contact>
  <description value="An attachment of a photographic type. The mime type should be either bmp, gif, jpeg, png, svg, or tiff."/>
  <keyword>
    <system value="http://loinc.org"/>
    <code value="72170-4"/>
    <display value="Photographic image&#x9;[Attachment]"/>
  </keyword>
  <kind value="logical"/>
  <abstract value="false"/>
  <type value="shr-core-PhotographicImage-model"/>
  <baseDefinition value="http://hl7.org/fhir/StructureDefinition/Element"/>
  <derivation value="specialization"/>
  <snapshot>
    <element id="shr-core-PhotographicImage-model">
      <path value="shr-core-PhotographicImage-model"/>
      <definition value="An attachment of a photographic type. The mime type should be either bmp, gif, jpeg, png, svg, or tiff."/>
      <min value="0"/>
      <max value="*"/>
      <base>
        <path value="shr-core-PhotographicImage-model"/>
        <min value="0"/>
        <max value="*"/>
      </base>
      <mustSupport value="false"/>
      <isModifier value="false"/>
      <isSummary value="false"/>
    </element>
    <element id="shr-core-PhotographicImage-model.binaryData">
      <path value="shr-core-PhotographicImage-model.binaryData"/>
      <short value="The data itself."/>
      <definition value="The data itself."/>
      <min value="0"/>
      <max value="1"/>
      <base>
        <path value="shr-core-PhotographicImage-model.binaryData"/>
        <min value="0"/>
        <max value="1"/>
      </base>
      <type>
        <code value="base64Binary"/>
      </type>
      <mustSupport value="false"/>
      <isModifier value="false"/>
      <isSummary value="false"/>
    </element>
    <element id="shr-core-PhotographicImage-model.contentType">
      <path value="shr-core-PhotographicImage-model.contentType"/>
      <short value="The mime type of the content, with charset etc."/>
      <definition value="The mime type of the content, with charset etc."/>
      <min value="0"/>
      <max value="1"/>
      <base>
        <path value="shr-core-PhotographicImage-model.contentType"/>
        <min value="0"/>
        <max value="1"/>
      </base>
      <type>
        <code value="Coding"/>
      </type>
      <mustSupport value="false"/>
      <isModifier value="false"/>
      <isSummary value="false"/>
    </element>
    <element id="shr-core-PhotographicImage-model.language">
      <path value="shr-core-PhotographicImage-model.language"/>
      <short value="A human language, spoken or written."/>
      <definition value="A human language, spoken or written."/>
      <min value="0"/>
      <max value="1"/>
      <base>
        <path value="shr-core-PhotographicImage-model.language"/>
        <min value="0"/>
        <max value="1"/>
      </base>
      <type>
        <code value="Coding"/>
      </type>
      <mustSupport value="false"/>
      <isModifier value="false"/>
      <isSummary value="false"/>
    </element>
    <element id="shr-core-PhotographicImage-model.resourceLocation">
      <path value="shr-core-PhotographicImage-model.resourceLocation"/>
      <short value="URL where data can be found."/>
      <definition value="URL where data can be found."/>
      <min value="0"/>
      <max value="1"/>
      <base>
        <path value="shr-core-PhotographicImage-model.resourceLocation"/>
        <min value="0"/>
        <max value="1"/>
      </base>
      <type>
        <code value="uri"/>
      </type>
      <mustSupport value="false"/>
      <isModifier value="false"/>
      <isSummary value="false"/>
    </element>
    <element id="shr-core-PhotographicImage-model.resourceSize">
      <path value="shr-core-PhotographicImage-model.resourceSize"/>
      <short value="Number of bytes of content in the resource (if url provided)"/>
      <definition value="Number of bytes of content in the resource (if url provided)"/>
      <min value="0"/>
      <max value="1"/>
      <base>
        <path value="shr-core-PhotographicImage-model.resourceSize"/>
        <min value="0"/>
        <max value="1"/>
      </base>
      <type>
        <code value="unsignedInt"/>
      </type>
      <mustSupport value="false"/>
      <isModifier value="false"/>
      <isSummary value="false"/>
    </element>
    <element id="shr-core-PhotographicImage-model.hash">
      <path value="shr-core-PhotographicImage-model.hash"/>
      <short value="A hash code of the data (sha-1, base64ed)"/>
      <definition value="A hash code of the data (sha-1, base64ed)"/>
      <min value="0"/>
      <max value="1"/>
      <base>
        <path value="shr-core-PhotographicImage-model.hash"/>
        <min value="0"/>
        <max value="1"/>
      </base>
      <type>
        <code value="base64Binary"/>
      </type>
      <mustSupport value="false"/>
      <isModifier value="false"/>
      <isSummary value="false"/>
    </element>
    <element id="shr-core-PhotographicImage-model.title">
      <path value="shr-core-PhotographicImage-model.title"/>
      <short value="A distinguishing word or group of words naming an item."/>
      <definition value="A distinguishing word or group of words naming an item."/>
      <min value="0"/>
      <max value="1"/>
      <base>
        <path value="shr-core-PhotographicImage-model.title"/>
        <min value="0"/>
        <max value="1"/>
      </base>
      <type>
        <code value="string"/>
      </type>
      <mustSupport value="false"/>
      <isModifier value="false"/>
      <isSummary value="false"/>
    </element>
    <element id="shr-core-PhotographicImage-model.creationDateTime">
      <path value="shr-core-PhotographicImage-model.creationDateTime"/>
      <code>
        <system value="http://ncimeta.nci.nih.gov"/>
        <code value="C3669169"/>
      </code>
      <short value="The point in time when the item was created."/>
      <definition value="The point in time when the item was created."/>
      <min value="0"/>
      <max value="1"/>
      <base>
        <path value="shr-core-PhotographicImage-model.creationDateTime"/>
        <min value="0"/>
        <max value="1"/>
      </base>
      <type>
        <code value="dateTime"/>
      </type>
      <mustSupport value="false"/>
      <isModifier value="false"/>
      <isSummary value="false"/>
    </element>
  </snapshot>
  <differential>
    <element id="shr-core-PhotographicImage-model">
      <path value="shr-core-PhotographicImage-model"/>
      <definition value="An attachment of a photographic type. The mime type should be either bmp, gif, jpeg, png, svg, or tiff."/>
      <min value="0"/>
      <max value="*"/>
      <base>
        <path value="shr-core-PhotographicImage-model"/>
        <min value="0"/>
        <max value="*"/>
      </base>
      <mustSupport value="false"/>
      <isModifier value="false"/>
      <isSummary value="false"/>
    </element>
    <element id="shr-core-PhotographicImage-model.binaryData">
      <path value="shr-core-PhotographicImage-model.binaryData"/>
      <short value="The data itself."/>
      <definition value="The data itself."/>
      <min value="0"/>
      <max value="1"/>
      <base>
        <path value="shr-core-PhotographicImage-model.binaryData"/>
        <min value="0"/>
        <max value="1"/>
      </base>
      <type>
        <code value="base64Binary"/>
      </type>
      <mustSupport value="false"/>
      <isModifier value="false"/>
      <isSummary value="false"/>
    </element>
    <element id="shr-core-PhotographicImage-model.contentType">
      <path value="shr-core-PhotographicImage-model.contentType"/>
      <short value="The mime type of the content, with charset etc."/>
      <definition value="The mime type of the content, with charset etc."/>
      <min value="0"/>
      <max value="1"/>
      <base>
        <path value="shr-core-PhotographicImage-model.contentType"/>
        <min value="0"/>
        <max value="1"/>
      </base>
      <type>
        <code value="Coding"/>
      </type>
      <mustSupport value="false"/>
      <isModifier value="false"/>
      <isSummary value="false"/>
    </element>
    <element id="shr-core-PhotographicImage-model.language">
      <path value="shr-core-PhotographicImage-model.language"/>
      <short value="A human language, spoken or written."/>
      <definition value="A human language, spoken or written."/>
      <min value="0"/>
      <max value="1"/>
      <base>
        <path value="shr-core-PhotographicImage-model.language"/>
        <min value="0"/>
        <max value="1"/>
      </base>
      <type>
        <code value="Coding"/>
      </type>
      <mustSupport value="false"/>
      <isModifier value="false"/>
      <isSummary value="false"/>
    </element>
    <element id="shr-core-PhotographicImage-model.resourceLocation">
      <path value="shr-core-PhotographicImage-model.resourceLocation"/>
      <short value="URL where data can be found."/>
      <definition value="URL where data can be found."/>
      <min value="0"/>
      <max value="1"/>
      <base>
        <path value="shr-core-PhotographicImage-model.resourceLocation"/>
        <min value="0"/>
        <max value="1"/>
      </base>
      <type>
        <code value="uri"/>
      </type>
      <mustSupport value="false"/>
      <isModifier value="false"/>
      <isSummary value="false"/>
    </element>
    <element id="shr-core-PhotographicImage-model.resourceSize">
      <path value="shr-core-PhotographicImage-model.resourceSize"/>
      <short value="Number of bytes of content in the resource (if url provided)"/>
      <definition value="Number of bytes of content in the resource (if url provided)"/>
      <min value="0"/>
      <max value="1"/>
      <base>
        <path value="shr-core-PhotographicImage-model.resourceSize"/>
        <min value="0"/>
        <max value="1"/>
      </base>
      <type>
        <code value="unsignedInt"/>
      </type>
      <mustSupport value="false"/>
      <isModifier value="false"/>
      <isSummary value="false"/>
    </element>
    <element id="shr-core-PhotographicImage-model.hash">
      <path value="shr-core-PhotographicImage-model.hash"/>
      <short value="A hash code of the data (sha-1, base64ed)"/>
      <definition value="A hash code of the data (sha-1, base64ed)"/>
      <min value="0"/>
      <max value="1"/>
      <base>
        <path value="shr-core-PhotographicImage-model.hash"/>
        <min value="0"/>
        <max value="1"/>
      </base>
      <type>
        <code value="base64Binary"/>
      </type>
      <mustSupport value="false"/>
      <isModifier value="false"/>
      <isSummary value="false"/>
    </element>
    <element id="shr-core-PhotographicImage-model.title">
      <path value="shr-core-PhotographicImage-model.title"/>
      <short value="A distinguishing word or group of words naming an item."/>
      <definition value="A distinguishing word or group of words naming an item."/>
      <min value="0"/>
      <max value="1"/>
      <base>
        <path value="shr-core-PhotographicImage-model.title"/>
        <min value="0"/>
        <max value="1"/>
      </base>
      <type>
        <code value="string"/>
      </type>
      <mustSupport value="false"/>
      <isModifier value="false"/>
      <isSummary value="false"/>
    </element>
    <element id="shr-core-PhotographicImage-model.creationDateTime">
      <path value="shr-core-PhotographicImage-model.creationDateTime"/>
      <code>
        <system value="http://ncimeta.nci.nih.gov"/>
        <code value="C3669169"/>
      </code>
      <short value="The point in time when the item was created."/>
      <definition value="The point in time when the item was created."/>
      <min value="0"/>
      <max value="1"/>
      <base>
        <path value="shr-core-PhotographicImage-model.creationDateTime"/>
        <min value="0"/>
        <max value="1"/>
      </base>
      <type>
        <code value="dateTime"/>
      </type>
      <mustSupport value="false"/>
      <isModifier value="false"/>
      <isSummary value="false"/>
    </element>
  </differential>
</StructureDefinition>