<?xml version="1.0" encoding="UTF-8"?>

<StructureDefinition xmlns="http://hl7.org/fhir">
  <id value="shr-core-ManagingOrganization-model"/>
  <text>
    <status value="generated"/><div xmlns="http://www.w3.org/1999/xhtml">
  <p><b>ManagingOrganization Logical Model</b></p>
  <p>The organization that manages an activity, facility, document, or service provision.</p>
</div>
  </text>
  <url value="http://hl7.org/fhir/us/shr/StructureDefinition/shr-core-ManagingOrganization-model"/>
  <identifier>
    <system value="http://hl7.org/fhir/us/odh"/>
    <value value="shr.core.ManagingOrganization"/>
  </identifier>
  <version value="1.0.0"/>
  <name value="ManagingOrganization"/>
  <title value="shr-core-ManagingOrganization"/>
  <status value="draft"/>
  <date value="2019-03-30T00:00:00-04:00"/>
  <publisher value="HL7"/>
  <contact>
    <telecom>
      <system value="url"/>
      <value value="http://standardhealthrecord.org"/>
    </telecom>
  </contact>
  <description value="The organization that manages an activity, facility, document, or service provision."/>
  <keyword>
    <system value="http://ncimeta.nci.nih.gov"/>
    <code value="C0677351"/>
  </keyword>
  <kind value="logical"/>
  <abstract value="false"/>
  <type value="shr-core-ManagingOrganization-model"/>
  <baseDefinition value="http://hl7.org/fhir/StructureDefinition/Element"/>
  <derivation value="specialization"/>
  <snapshot>
    <element id="shr-core-ManagingOrganization-model">
      <path value="shr-core-ManagingOrganization-model"/>
      <definition value="The organization that manages an activity, facility, document, or service provision."/>
      <min value="0"/>
      <max value="*"/>
      <base>
        <path value="shr-core-ManagingOrganization-model"/>
        <min value="0"/>
        <max value="*"/>
      </base>
      <mustSupport value="false"/>
      <isModifier value="false"/>
      <isSummary value="false"/>
    </element>
    <element id="shr-core-ManagingOrganization-model.value">
      <path value="shr-core-ManagingOrganization-model.value"/>
      <code>
        <system value="http://ncimeta.nci.nih.gov"/>
        <code value="C1561598"/>
      </code>
      <short value="Organization representing the organization that manages an activity, facility, document, or service provision."/>
      <definition value="Organization representing the organization that manages an activity, facility, document, or service provision."/>
      <min value="1"/>
      <max value="1"/>
      <base>
        <path value="shr-core-ManagingOrganization-model.value"/>
        <min value="1"/>
        <max value="1"/>
      </base>
      <type>
        <code value="Reference"/>
        <targetProfile value="http://hl7.org/fhir/us/shr/StructureDefinition/shr-core-Organization-model"/>
      </type>
      <mustSupport value="false"/>
      <isModifier value="false"/>
      <isSummary value="false"/>
    </element>
  </snapshot>
  <differential>
    <element id="shr-core-ManagingOrganization-model">
      <path value="shr-core-ManagingOrganization-model"/>
      <definition value="The organization that manages an activity, facility, document, or service provision."/>
      <min value="0"/>
      <max value="*"/>
      <base>
        <path value="shr-core-ManagingOrganization-model"/>
        <min value="0"/>
        <max value="*"/>
      </base>
      <mustSupport value="false"/>
      <isModifier value="false"/>
      <isSummary value="false"/>
    </element>
    <element id="shr-core-ManagingOrganization-model.value">
      <path value="shr-core-ManagingOrganization-model.value"/>
      <code>
        <system value="http://ncimeta.nci.nih.gov"/>
        <code value="C1561598"/>
      </code>
      <short value="Organization representing the organization that manages an activity, facility, document, or service provision."/>
      <definition value="Organization representing the organization that manages an activity, facility, document, or service provision."/>
      <min value="1"/>
      <max value="1"/>
      <base>
        <path value="shr-core-ManagingOrganization-model.value"/>
        <min value="1"/>
        <max value="1"/>
      </base>
      <type>
        <code value="Reference"/>
        <targetProfile value="http://hl7.org/fhir/us/shr/StructureDefinition/shr-core-Organization-model"/>
      </type>
      <mustSupport value="false"/>
      <isModifier value="false"/>
      <isSummary value="false"/>
    </element>
  </differential>
</StructureDefinition>