<?xml version="1.0" encoding="UTF-8"?>

<ValueSet xmlns="http://hl7.org/fhir">
  <id value="shr-core-ResearchSubjectTerminationReasonVS"/>
  <text>
    <status value="generated"/><div xmlns="http://www.w3.org/1999/xhtml">
<p><b>ResearchSubjectTerminationReasonVS ValueSet</b></p>
<p>The reason for a research subject leaving a research study.</p>
</div>
  </text>
  <url value="http://hl7.org/fhir/us/odh/shr/core/vs/ResearchSubjectTerminationReasonVS"/>
  <identifier>
    <system value="http://hl7.org/fhir/us/odh"/>
    <value value="shr.core.ResearchSubjectTerminationReasonVS"/>
  </identifier>
  <version value="1.0.0"/>
  <name value="ResearchSubjectTerminationReasonVS"/>
  <title value="ResearchSubjectTerminationReasonVS"/>
  <status value="draft"/>
  <date value="2019-04-08T00:00:00-04:00"/>
  <publisher value="HL7"/>
  <contact>
    <telecom>
      <system value="url"/>
      <value value="http://standardhealthrecord.org"/>
    </telecom>
  </contact>
  <description value="The reason for a research subject leaving a research study."/>
  <compose>
    <include>
      <system value="http://hl7.org/fhir/us/odh/shr/core/cs/ResearchSubjectTerminationReasonCS"/>
      <concept>
        <code value="moved"/>
        <display value="Subject relocated"/>
      </concept>
      <concept>
        <code value="died"/>
        <display value="Suject passed away"/>
      </concept>
      <concept>
        <code value="ended"/>
        <display value="ResearchStudy ended"/>
      </concept>
      <concept>
        <code value="adverse"/>
        <display value="Subject could not tolerate treatement"/>
      </concept>
      <concept>
        <code value="protocol"/>
        <display value="Subject could not follow protocol, e.g. required appointments, dosing schedule, etc."/>
      </concept>
      <concept>
        <code value="other"/>
        <display value="Other reason"/>
      </concept>
      <concept>
        <code value="unknown"/>
        <display value="Reason not known"/>
      </concept>
    </include>
  </compose>
</ValueSet>