{"resourceType":"StructureDefinition","id":"onco-core-PrimaryCancerCondition-extension","text":{"status":"generated","div":"<div xmlns=\"http://www.w3.org/1999/xhtml\">\n  <p><b>PrimaryCancerCondition Extension</b></p>\n  <p>Records the history of the primary cancer condition, the original or first tumor in the body (reference https://www.cancer.gov/publications/dictionaries/cancer-terms/def/primary-tumor). Cancers that are not clearly secondary (i.e., of uncertain origin or behavior) should be documented as primary.\n\nCancer staging information summarized in this profile should reflect the most recent staging assessment on the patient, and should be updated if and when there is a new staging assessment. Past staging assessments will be preserved in instances of the TNMClinicalStageGroup and/or TNMPathologicalStageGroup, which refer back to PrimaryCancerCondition.\n\nConformance note: For the code attribute, to be compliant with [US Core Profiles](http://hl7.org/fhir/us/core/STU3/index.html), SNOMED CT must be used unless there is no suitable code, in which case ICD-10-CM can be used.</p>\n</div>"},"url":"http://mcodeinitiative.org/us/mcode/StructureDefinition/onco-core-PrimaryCancerCondition-extension","version":"0.9.1","name":"PrimaryCancerCondition","display":"onco-core-PrimaryCancerCondition","status":"draft","publisher":"The MITRE Corporation","contact":[{"telecom":[{"system":"other","value":"http://standardhealthrecord.org","rank":0}]}],"date":"2019-10-23T00:00:00-04:00","description":"Records the history of the primary cancer condition, the original or first tumor in the body (reference https://www.cancer.gov/publications/dictionaries/cancer-terms/def/primary-tumor). Cancers that are not clearly secondary (i.e., of uncertain origin or behavior) should be documented as primary.\n\nCancer staging information summarized in this profile should reflect the most recent staging assessment on the patient, and should be updated if and when there is a new staging assessment. Past staging assessments will be preserved in instances of the TNMClinicalStageGroup and/or TNMPathologicalStageGroup, which refer back to PrimaryCancerCondition.\n\nConformance note: For the code attribute, to be compliant with [US Core Profiles](http://hl7.org/fhir/us/core/STU3/index.html), SNOMED CT must be used unless there is no suitable code, in which case ICD-10-CM can be used.","fhirVersion":"1.0.2","kind":"datatype","constrainedType":"Extension","abstract":false,"contextType":"resource","context":["*"],"base":"http://hl7.org/fhir/StructureDefinition/Extension","snapshot":{"element":[{"id":"Extension","path":"Extension","name":"Extension","short":"PrimaryCancerCondition","definition":"Records the history of the primary cancer condition, the original or first tumor in the body (reference https://www.cancer.gov/publications/dictionaries/cancer-terms/def/primary-tumor). Cancers that are not clearly secondary (i.e., of uncertain origin or behavior) should be documented as primary.\n\nCancer staging information summarized in this profile should reflect the most recent staging assessment on the patient, and should be updated if and when there is a new staging assessment. Past staging assessments will be preserved in instances of the TNMClinicalStageGroup and/or TNMPathologicalStageGroup, which refer back to PrimaryCancerCondition.\n\nConformance note: For the code attribute, to be compliant with [US Core Profiles](http://hl7.org/fhir/us/core/STU3/index.html), SNOMED CT must be used unless there is no suitable code, in which case ICD-10-CM can be used.","min":0,"max":"*","base":{"path":"Extension","min":0,"max":"*"},"type":[{"code":"Extension"}],"maxLength":0,"mustSupport":false,"isModifier":false,"isSummary":false,"mapping":[{"identity":"rim","map":"N/A"}]},{"id":"Extension.id","path":"Extension.id","representation":["xmlAttr"],"name":"Extension.id","short":"xml:id (or equivalent in JSON)","definition":"unique id for the element within a resource (for internal references).","min":0,"max":"1","base":{"path":"Element.id","min":0,"max":"1"},"type":[{"code":"id"}],"maxLength":0,"mustSupport":false,"isModifier":false,"isSummary":false,"mapping":[{"identity":"rim","map":"n/a"}]},{"id":"Extension.extension","path":"Extension.extension","name":"Extension.extension","short":"Additional Content defined by implementations","definition":"May be used to represent additional information that is not part of the basic definition of the element. In order to make the use of extensions safe and manageable, there is a strict set of governance  applied to the definition and use of extensions. Though any implementer is allowed to define an extension, there is a set of requirements that SHALL be met as part of the definition of the extension.","comments":"There can be no stigma associated with the use of extensions by any application, project, or standard - regardless of the institution or jurisdiction that uses or defines the extensions.  The use of extensions is what allows the FHIR specification to retain a core level of simplicity for everyone.","alias":["extensions","user content"],"min":0,"max":"0","base":{"path":"Element.extension","min":0,"max":"*"},"type":[{"code":"Extension"}],"maxLength":0,"mustSupport":false,"isModifier":false,"isSummary":false,"mapping":[{"identity":"rim","map":"n/a"}]},{"id":"Extension.url","path":"Extension.url","representation":["xmlAttr"],"name":"Extension.url","short":"identifies the meaning of the extension","definition":"Source of the definition for the extension code - a logical name or a URL.","comments":"The definition may point directly to a computable or human-readable definition of the extensibility codes, or it may be a logical URI as declared in some other specification. The definition should be version specific.  This will ideally be the URI for the Resource Profile defining the extension, with the code for the extension after a #.","min":1,"max":"1","base":{"path":"Extension.url","min":1,"max":"1"},"type":[{"code":"uri"}],"fixedUri":"http://mcodeinitiative.org/us/mcode/StructureDefinition/onco-core-PrimaryCancerCondition-extension","maxLength":0,"mustSupport":false,"isModifier":false,"isSummary":false,"mapping":[{"identity":"rim","map":"N/A"}]},{"id":"Extension.valueReference","path":"Extension.valueReference","name":"Extension.valueReference","short":"Value of extension","definition":"Value of extension - may be a resource or one of a constrained set of the data types (see Extensibility in the spec for list).","min":1,"max":"1","base":{"path":"Extension.value[x]","min":0,"max":"1"},"type":[{"code":"Reference","profile":["http://mcodeinitiative.org/us/mcode/StructureDefinition/onco-core-PrimaryCancerCondition"]}],"maxLength":0,"mustSupport":false,"isModifier":false,"isSummary":false,"mapping":[{"identity":"rim","map":"N/A"}]}]},"differential":{"element":[{"id":"Extension","path":"Extension","name":"Extension","short":"PrimaryCancerCondition","definition":"Records the history of the primary cancer condition, the original or first tumor in the body (reference https://www.cancer.gov/publications/dictionaries/cancer-terms/def/primary-tumor). Cancers that are not clearly secondary (i.e., of uncertain origin or behavior) should be documented as primary.\n\nCancer staging information summarized in this profile should reflect the most recent staging assessment on the patient, and should be updated if and when there is a new staging assessment. Past staging assessments will be preserved in instances of the TNMClinicalStageGroup and/or TNMPathologicalStageGroup, which refer back to PrimaryCancerCondition.\n\nConformance note: For the code attribute, to be compliant with [US Core Profiles](http://hl7.org/fhir/us/core/STU3/index.html), SNOMED CT must be used unless there is no suitable code, in which case ICD-10-CM can be used.","min":0,"max":"*","type":[{"code":"Extension"}],"maxLength":0,"mustSupport":false,"isModifier":false,"isSummary":false},{"id":"Extension.extension","path":"Extension.extension","name":"Extension.extension","min":0,"max":"0","maxLength":0,"mustSupport":false,"isModifier":false,"isSummary":false},{"id":"Extension.url","path":"Extension.url","name":"Extension.url","min":0,"fixedUri":"http://mcodeinitiative.org/us/mcode/StructureDefinition/onco-core-PrimaryCancerCondition-extension","maxLength":0,"mustSupport":false,"isModifier":false,"isSummary":false},{"id":"Extension.valueReference","path":"Extension.valueReference","name":"Extension.valueReference","min":1,"type":[{"code":"Reference","profile":["http://mcodeinitiative.org/us/mcode/StructureDefinition/onco-core-PrimaryCancerCondition"]}],"maxLength":0,"mustSupport":false,"isModifier":false,"isSummary":false}]}}