{"resourceType":"StructureDefinition","id":"shr-core-Range-extension","text":{"status":"generated","div":"<div xmlns=\"http://www.w3.org/1999/xhtml\">\n  <p><b>Range Extension</b></p>\n  <p>An interval defined by a quantitative upper and/or lower bound. One of the two bounds must be specified, and the lower bound must be less than the upper bound. When Quantities are specified, the units of measure must be the same.</p>\n</div>"},"url":"http://hl7.org/fhir/us/shr/StructureDefinition/shr-core-Range-extension","identifier":[{"system":"http://hl7.org/fhir/us/mcode","value":"shr.core.Range"}],"version":"0.9.0 Beta 1","name":"Range","display":"shr-core-Range","status":"draft","publisher":"The MITRE Corporation","contact":[{"telecom":[{"system":"other","value":"http://standardhealthrecord.org","rank":0}]}],"date":"2019-04-10T00:00:00-04:00","description":"An interval defined by a quantitative upper and/or lower bound. One of the two bounds must be specified, and the lower bound must be less than the upper bound. When Quantities are specified, the units of measure must be the same.","fhirVersion":"1.0.2","kind":"datatype","constrainedType":"Extension","abstract":false,"contextType":"resource","context":["*"],"base":"http://hl7.org/fhir/StructureDefinition/Extension","snapshot":{"element":[{"id":"Extension","path":"Extension","name":"Extension","short":"Range","definition":"An interval defined by a quantitative upper and/or lower bound. One of the two bounds must be specified, and the lower bound must be less than the upper bound. When Quantities are specified, the units of measure must be the same.","min":0,"max":"*","base":{"path":"Extension","min":0,"max":"1"},"type":[{"code":"Extension"}],"maxLength":0,"mustSupport":false,"isModifier":false,"isSummary":false},{"id":"Extension.id","path":"Extension.id","representation":["xmlAttr"],"name":"Extension.id","short":"xml:id (or equivalent in JSON)","definition":"unique id for the element within a resource (for internal references). This may be any string value that does not contain spaces.","min":0,"max":"1","base":{"path":"Element.id","min":0,"max":"1"},"type":[{"code":"string"}],"maxLength":0,"mustSupport":false,"isModifier":false,"isSummary":false,"mapping":[{"identity":"rim","map":"N/A"}]},{"id":"Extension.extension-extension","path":"Extension.extension","name":"Extension.extension-extension","short":"Extension","definition":"An Extension","min":0,"max":"0","base":{"path":"Element.extension","min":0,"max":"*"},"type":[{"code":"Extension"}],"maxLength":0,"mustSupport":false,"isModifier":false,"isSummary":false},{"id":"Extension.url","path":"Extension.url","representation":["xmlAttr"],"name":"Extension.url","short":"identifies the meaning of the extension","definition":"Source of the definition for the extension code - a logical name or a URL.","min":1,"max":"1","base":{"path":"Extension.url","min":1,"max":"1"},"type":[{"code":"uri"}],"fixedUri":"http://hl7.org/fhir/us/shr/StructureDefinition/shr-core-Range-extension","maxLength":0,"mustSupport":false,"isModifier":false,"isSummary":false,"mapping":[{"identity":"rim","map":"N/A"}]},{"id":"Extension.valueRange","path":"Extension.valueRange","name":"Extension.valueRange","short":"Value of extension","definition":"Value of extension - may be a resource or one of a constrained set of the data types (see Extensibility in the spec for list).","min":1,"max":"1","base":{"path":"Extension.value[x]","min":0,"max":"1"},"type":[{"code":"Range"}],"maxLength":0,"mustSupport":false,"isModifier":false,"isSummary":false,"mapping":[{"identity":"rim","map":"N/A"}]}]},"differential":{"element":[{"id":"Extension","path":"Extension","name":"Extension","short":"Range","definition":"An interval defined by a quantitative upper and/or lower bound. One of the two bounds must be specified, and the lower bound must be less than the upper bound. When Quantities are specified, the units of measure must be the same.","min":0,"max":"*","type":[{"code":"Extension"}],"maxLength":0,"mustSupport":false,"isModifier":false,"isSummary":false},{"id":"Extension.extension-extension","path":"Extension.extension","name":"Extension.extension-extension","min":0,"max":"0","maxLength":0,"mustSupport":false,"isModifier":false,"isSummary":false},{"id":"Extension.url","path":"Extension.url","name":"Extension.url","min":0,"type":[{"code":"uri"}],"fixedUri":"http://hl7.org/fhir/us/shr/StructureDefinition/shr-core-Range-extension","maxLength":0,"mustSupport":false,"isModifier":false,"isSummary":false},{"id":"Extension.valueRange","path":"Extension.valueRange","name":"Extension.valueRange","min":1,"type":[{"code":"Range"}],"maxLength":0,"mustSupport":false,"isModifier":false,"isSummary":false}]}}