{"resourceType":"StructureDefinition","id":"onco-core-GeneStudied-extension","text":{"status":"generated","div":"<div xmlns=\"http://www.w3.org/1999/xhtml\">\n  <p><b>GeneStudied Extension</b></p>\n  <p>A gene targeted for mutation analysis, identified in HUGO Gene Nomenclature Committee (HGNC) notation. The required code is HGNC gene ID. Gene IDs are of the format HGNC:n, where n is a unique number. Only the number, n, should be given as the code. For example, the HGNC identifier for the EGFR gene is 3236. The display text associated with the code should be the HGNC official gene symbol. For example, the official gene symbol for epidermal growth factor receptor is EGFR.</p>\n</div>"},"url":"http://mcodeinitiative.org/us/mcode/StructureDefinition/onco-core-GeneStudied-extension","version":"0.9.1","name":"GeneStudied","display":"onco-core-GeneStudied","status":"draft","publisher":"The MITRE Corporation","contact":[{"telecom":[{"system":"other","value":"http://standardhealthrecord.org","rank":0}]}],"date":"2019-10-23T00:00:00-04:00","description":"A gene targeted for mutation analysis, identified in HUGO Gene Nomenclature Committee (HGNC) notation. The required code is HGNC gene ID. Gene IDs are of the format HGNC:n, where n is a unique number. Only the number, n, should be given as the code. For example, the HGNC identifier for the EGFR gene is 3236. The display text associated with the code should be the HGNC official gene symbol. For example, the official gene symbol for epidermal growth factor receptor is EGFR.","fhirVersion":"1.0.2","kind":"datatype","constrainedType":"Extension","abstract":false,"contextType":"resource","context":["*"],"base":"http://hl7.org/fhir/StructureDefinition/Extension","snapshot":{"element":[{"id":"Extension","path":"Extension","name":"Extension","short":"GeneStudied","definition":"A gene targeted for mutation analysis, identified in HUGO Gene Nomenclature Committee (HGNC) notation. The required code is HGNC gene ID. Gene IDs are of the format HGNC:n, where n is a unique number. Only the number, n, should be given as the code. For example, the HGNC identifier for the EGFR gene is 3236. The display text associated with the code should be the HGNC official gene symbol. For example, the official gene symbol for epidermal growth factor receptor is EGFR.","min":0,"max":"*","base":{"path":"Extension","min":0,"max":"*"},"type":[{"code":"Extension"}],"maxLength":0,"mustSupport":false,"isModifier":false,"isSummary":false,"mapping":[{"identity":"rim","map":"N/A"}]},{"id":"Extension.id","path":"Extension.id","representation":["xmlAttr"],"name":"Extension.id","short":"xml:id (or equivalent in JSON)","definition":"unique id for the element within a resource (for internal references).","min":0,"max":"1","base":{"path":"Element.id","min":0,"max":"1"},"type":[{"code":"id"}],"maxLength":0,"mustSupport":false,"isModifier":false,"isSummary":false,"mapping":[{"identity":"rim","map":"n/a"}]},{"id":"Extension.extension","path":"Extension.extension","name":"Extension.extension","short":"Additional Content defined by implementations","definition":"May be used to represent additional information that is not part of the basic definition of the element. In order to make the use of extensions safe and manageable, there is a strict set of governance  applied to the definition and use of extensions. Though any implementer is allowed to define an extension, there is a set of requirements that SHALL be met as part of the definition of the extension.","comments":"There can be no stigma associated with the use of extensions by any application, project, or standard - regardless of the institution or jurisdiction that uses or defines the extensions.  The use of extensions is what allows the FHIR specification to retain a core level of simplicity for everyone.","alias":["extensions","user content"],"min":0,"max":"0","base":{"path":"Element.extension","min":0,"max":"*"},"type":[{"code":"Extension"}],"maxLength":0,"mustSupport":false,"isModifier":false,"isSummary":false,"mapping":[{"identity":"rim","map":"n/a"}]},{"id":"Extension.url","path":"Extension.url","representation":["xmlAttr"],"name":"Extension.url","short":"identifies the meaning of the extension","definition":"Source of the definition for the extension code - a logical name or a URL.","comments":"The definition may point directly to a computable or human-readable definition of the extensibility codes, or it may be a logical URI as declared in some other specification. The definition should be version specific.  This will ideally be the URI for the Resource Profile defining the extension, with the code for the extension after a #.","min":1,"max":"1","base":{"path":"Extension.url","min":1,"max":"1"},"type":[{"code":"uri"}],"fixedUri":"http://mcodeinitiative.org/us/mcode/StructureDefinition/onco-core-GeneStudied-extension","maxLength":0,"mustSupport":false,"isModifier":false,"isSummary":false,"mapping":[{"identity":"rim","map":"N/A"}]},{"id":"Extension.valueCodeableConcept","path":"Extension.valueCodeableConcept","name":"Extension.valueCodeableConcept","short":"Value of extension","definition":"Value of extension - may be a resource or one of a constrained set of the data types (see Extensibility in the spec for list).","min":1,"max":"1","base":{"path":"Extension.value[x]","min":0,"max":"1"},"type":[{"code":"CodeableConcept"}],"maxLength":0,"mustSupport":false,"isModifier":false,"isSummary":false,"binding":{"strength":"extensible","valueSetUri":"http://www.genenames.org"},"mapping":[{"identity":"rim","map":"N/A"}]}]},"differential":{"element":[{"id":"Extension","path":"Extension","name":"Extension","short":"GeneStudied","definition":"A gene targeted for mutation analysis, identified in HUGO Gene Nomenclature Committee (HGNC) notation. The required code is HGNC gene ID. Gene IDs are of the format HGNC:n, where n is a unique number. Only the number, n, should be given as the code. For example, the HGNC identifier for the EGFR gene is 3236. The display text associated with the code should be the HGNC official gene symbol. For example, the official gene symbol for epidermal growth factor receptor is EGFR.","min":0,"max":"*","type":[{"code":"Extension"}],"maxLength":0,"mustSupport":false,"isModifier":false,"isSummary":false},{"id":"Extension.extension","path":"Extension.extension","name":"Extension.extension","min":0,"max":"0","maxLength":0,"mustSupport":false,"isModifier":false,"isSummary":false},{"id":"Extension.url","path":"Extension.url","name":"Extension.url","min":0,"fixedUri":"http://mcodeinitiative.org/us/mcode/StructureDefinition/onco-core-GeneStudied-extension","maxLength":0,"mustSupport":false,"isModifier":false,"isSummary":false},{"id":"Extension.valueCodeableConcept","path":"Extension.valueCodeableConcept","name":"Extension.valueCodeableConcept","min":1,"type":[{"code":"CodeableConcept"}],"maxLength":0,"mustSupport":false,"isModifier":false,"isSummary":false,"binding":{"strength":"extensible","valueSetUri":"http://www.genenames.org"}}]}}