{"resourceType":"StructureDefinition","id":"shr-core-EpisodeOfCare","text":{"status":"generated","div":"<div xmlns=\"http://www.w3.org/1999/xhtml\">\n  <p><b>EpisodeOfCare Profile</b></p>\n  <p>An association between a patient and an organization / healthcare provider(s) during which time encounters may occur. The managing organization assumes a level of responsibility for the patient during this time.</p>\n  <p><b>Mapping Summary</b></p>\n  <p><pre>shr.core.EpisodeOfCare maps to EpisodeOfCare:\n  _Entry.EntryId maps to id\n  Language maps to language\n  Narrative maps to text\n  ImplicitRules maps to implicitRules\n  Metadata.VersionId maps to meta.versionId\n  Metadata.Profile maps to meta.profile\n  Metadata.LastUpdated maps to meta.lastUpdated\n  Metadata.SecurityLabel maps to meta.security\n  Metadata.Tag maps to meta.tag\n  Identifier maps to identifier\n  Status maps to status\n  StatusHistory maps to statusHistory\n  StatusHistory.Status maps to statusHistory.status\n  StatusHistory.TimePeriod maps to statusHistory.period\n  Type maps to type\n  PatientSubjectOfRecord maps to patient\n  EncounterDiagnosis.DiagnosisCode maps to extension\n  EncounterDiagnosis.Condition maps to condition\n  EncounterDiagnosis.Type maps to extension\n  EncounterDiagnosis.PriorityRank maps to extension\n  Organization maps to managingOrganization\n  TimePeriod maps to period\n  ReferralRequest maps to referralRequest\n  CareManager maps to careManager\n</pre></p>\n</div>"},"url":"http://hl7.org/fhir/us/shr/StructureDefinition/shr-core-EpisodeOfCare","identifier":[{"system":"http://hl7.org/fhir/us/mcode","value":"shr.core.EpisodeOfCare"}],"version":"0.9.0","name":"EpisodeOfCare","display":"shr-core-EpisodeOfCare","status":"draft","publisher":"The MITRE Corporation","contact":[{"telecom":[{"system":"other","value":"http://standardhealthrecord.org","rank":0}]}],"date":"2019-04-17T00:00:00-04:00","description":"An association between a patient and an organization / healthcare provider(s) during which time encounters may occur. The managing organization assumes a level of responsibility for the patient during this time.","fhirVersion":"1.0.2","mapping":[{"identity":"w5","uri":"http://hl7.org/fhir/w5","name":"W5 Mapping"},{"identity":"rim","uri":"http://hl7.org/v3","name":"RIM"}],"kind":"resource","constrainedType":"EpisodeOfCare","abstract":false,"base":"http://hl7.org/fhir/StructureDefinition/EpisodeOfCare","snapshot":{"element":[{"id":"EpisodeOfCare-EpisodeOfCare","path":"EpisodeOfCare","name":"EpisodeOfCare-EpisodeOfCare","short":"shr-core-EpisodeOfCare","definition":"An association between a patient and an organization / healthcare provider(s) during which time encounters may occur. The managing organization assumes a level of responsibility for the patient during this time.","alias":["Case Program Problem"],"min":0,"max":"*","type":[{"code":"EpisodeOfCare"}],"maxLength":0,"mustSupport":false,"isModifier":false,"isSummary":false,"mapping":[{"identity":"w5","map":"workflow.encounter"}]},{"id":"EpisodeOfCare-EpisodeOfCare.id","path":"EpisodeOfCare.id","name":"EpisodeOfCare-EpisodeOfCare.id","short":"Logical id of this artifact","definition":"The logical id of the resource, as used in the URL for the resource. Once assigned, this value never changes.","comments":"The only time that a resource does not have an id is when it is being submitted to the server using a create operation. Bundles always have an id, though it is usually a generated UUID.","min":0,"max":"1","type":[{"code":"id"}],"maxLength":0,"mustSupport":false,"isModifier":false,"isSummary":true},{"id":"EpisodeOfCare-EpisodeOfCare.meta","path":"EpisodeOfCare.meta","name":"EpisodeOfCare-EpisodeOfCare.meta","short":"Metadata about the resource","definition":"The metadata about the resource. This is content that is maintained by the infrastructure. Changes to the content may not always be associated with version changes to the resource.","min":0,"max":"1","type":[{"code":"Meta"}],"maxLength":0,"mustSupport":false,"isModifier":false,"isSummary":true},{"id":"EpisodeOfCare-EpisodeOfCare.implicitRules","path":"EpisodeOfCare.implicitRules","name":"EpisodeOfCare-EpisodeOfCare.implicitRules","short":"A set of rules under which this content was created","definition":"A reference to a set of rules that were followed when the resource was constructed, and which must be understood when processing the content.","comments":"Asserting this rule set restricts the content to be only understood by a limited set of trading partners. This inherently limits the usefulness of the data in the long term. However, the existing health eco-system is highly fractured, and not yet ready to define, collect, and exchange data in a generally computable sense. Wherever possible, implementers and/or specification writers should avoid using this element as much as possible.","min":0,"max":"1","type":[{"code":"uri"}],"maxLength":0,"mustSupport":false,"isModifier":true,"isSummary":true},{"id":"EpisodeOfCare-EpisodeOfCare.language","path":"EpisodeOfCare.language","name":"EpisodeOfCare-EpisodeOfCare.language","short":"Language of the resource content","definition":"The base language in which the resource is written.","comments":"Language is provided to support indexing and accessibility (typically, services such as text to speech use the language tag). The html language tag in the narrative applies  to the narrative. The language tag on the resource may be used to specify the language of other presentations generated from the data in the resource  Not all the content has to be in the base language. The Resource.language should not be assumed to apply to the narrative automatically. If a language is specified, it should it also be specified on the div element in the html (see rules in HTML5 for information about the relationship between xml:lang and the html lang attribute).","min":0,"max":"1","type":[{"code":"code"}],"maxLength":0,"mustSupport":false,"isModifier":false,"isSummary":false,"binding":{"strength":"required","description":"A human language.","valueSetReference":{"reference":"http://tools.ietf.org/html/bcp47"}}},{"id":"EpisodeOfCare-EpisodeOfCare.text","path":"EpisodeOfCare.text","name":"EpisodeOfCare-EpisodeOfCare.text","short":"Text summary of the resource, for human interpretation","definition":"A human-readable narrative that contains a summary of the resource, and may be used to represent the content of the resource to a human. The narrative need not encode all the structured data, but is required to contain sufficient detail to make it \"clinically safe\" for a human to just read the narrative. Resource definitions may define what content should be represented in the narrative to ensure clinical safety.","comments":"Contained resources do not have narrative. Resources that are not contained SHOULD have a narrative.","alias":["narrative","html","xhtml","display"],"min":0,"max":"1","type":[{"code":"Narrative"}],"maxLength":0,"condition":["dom-1"],"mustSupport":false,"isModifier":false,"isSummary":false,"mapping":[{"identity":"rim","map":"Act.text?"}]},{"id":"EpisodeOfCare-EpisodeOfCare.contained","path":"EpisodeOfCare.contained","name":"EpisodeOfCare-EpisodeOfCare.contained","short":"Contained, inline Resources","definition":"These resources do not have an independent existence apart from the resource that contains them - they cannot be identified independently, and nor can they have their own independent transaction scope.","comments":"This should never be done when the content can be identified properly, as once identification is lost, it is extremely difficult (and context dependent) to restore it again.","alias":["inline resources","anonymous resources","contained resources"],"min":0,"max":"*","type":[{"code":"Resource"}],"maxLength":0,"mustSupport":false,"isModifier":false,"isSummary":false,"mapping":[{"identity":"rim","map":"N/A"}]},{"id":"EpisodeOfCare-EpisodeOfCare.extension","path":"EpisodeOfCare.extension","name":"EpisodeOfCare-EpisodeOfCare.extension","slicing":{"id":"1","discriminator":["url"],"ordered":false,"rules":"open"},"short":"Additional Content defined by implementations","definition":"May be used to represent additional information that is not part of the basic definition of the resource. In order to make the use of extensions safe and manageable, there is a strict set of governance  applied to the definition and use of extensions. Though any implementer is allowed to define an extension, there is a set of requirements that SHALL be met as part of the definition of the extension.","comments":"There can be no stigma associated with the use of extensions by any application, project, or standard - regardless of the institution or jurisdiction that uses or defines the extensions.  The use of extensions is what allows the FHIR specification to retain a core level of simplicity for everyone.","alias":["extensions","user content"],"min":0,"max":"*","type":[{"code":"Extension"}],"maxLength":0,"mustSupport":false,"isModifier":false,"isSummary":false,"mapping":[{"identity":"rim","map":"N/A"}]},{"id":"diagnosiscode","path":"EpisodeOfCare.extension","name":"diagnosiscode","definition":"Codes for a diagnosis.","min":0,"max":"*","base":{"path":"EpisodeOfCare.extension","min":0,"max":"*"},"type":[{"code":"Extension","profile":["http://hl7.org/fhir/us/shr/StructureDefinition/shr-core-DiagnosisCode-extension"]}],"maxLength":0,"mustSupport":false,"isModifier":false,"isSummary":false},{"id":"type","path":"EpisodeOfCare.extension","name":"type","definition":"A code describing the item at a greater level of detail.","min":0,"max":"*","base":{"path":"EpisodeOfCare.extension","min":0,"max":"*"},"type":[{"code":"Extension","profile":["http://hl7.org/fhir/us/shr/StructureDefinition/shr-core-Type-extension"]}],"maxLength":0,"mustSupport":false,"isModifier":false,"isSummary":false},{"id":"EpisodeOfCare-EpisodeOfCare.extension-type.id","path":"EpisodeOfCare.extension.id","representation":["xmlAttr"],"name":"EpisodeOfCare-EpisodeOfCare.extension-type.id","short":"xml:id (or equivalent in JSON)","definition":"unique id for the element within a resource (for internal references). This may be any string value that does not contain spaces.","min":0,"max":"1","base":{"path":"Element.id","min":0,"max":"1"},"type":[{"code":"string"}],"maxLength":0,"mustSupport":false,"isModifier":false,"isSummary":false,"mapping":[{"identity":"rim","map":"N/A"}]},{"id":"EpisodeOfCare-EpisodeOfCare.extension-type.extension-extension","path":"EpisodeOfCare.extension.extension","name":"EpisodeOfCare-EpisodeOfCare.extension-type.extension-extension","short":"Extension","definition":"An Extension","min":0,"max":"0","base":{"path":"Element.extension","min":0,"max":"*"},"type":[{"code":"Extension"}],"maxLength":0,"mustSupport":false,"isModifier":false,"isSummary":false},{"id":"EpisodeOfCare-EpisodeOfCare.extension-type.url","path":"EpisodeOfCare.extension.url","representation":["xmlAttr"],"name":"EpisodeOfCare-EpisodeOfCare.extension-type.url","short":"identifies the meaning of the extension","definition":"Source of the definition for the extension code - a logical name or a URL.","min":1,"max":"1","base":{"path":"Extension.url","min":1,"max":"1"},"type":[{"code":"uri"}],"fixedUri":"http://hl7.org/fhir/us/shr/StructureDefinition/shr-core-Type-extension","maxLength":0,"mustSupport":false,"isModifier":false,"isSummary":false,"mapping":[{"identity":"rim","map":"N/A"}]},{"id":"EpisodeOfCare-EpisodeOfCare.extension-type.valueCodeableConcept","path":"EpisodeOfCare.extension.valueCodeableConcept","name":"EpisodeOfCare-EpisodeOfCare.extension-type.valueCodeableConcept","short":"Value of extension","definition":"Value of extension - may be a resource or one of a constrained set of the data types (see Extensibility in the spec for list).","min":1,"max":"1","base":{"path":"Extension.value[x]","min":0,"max":"1"},"type":[{"code":"CodeableConcept"}],"maxLength":0,"mustSupport":false,"isModifier":false,"isSummary":false,"binding":{"strength":"preferred","valueSetReference":{"reference":"http://hl7.org/fhir/ValueSet/diagnosis-role"}},"mapping":[{"identity":"rim","map":"N/A"}]},{"id":"priorityrank","path":"EpisodeOfCare.extension","name":"priorityrank","definition":"The priority of the procedure, as a number (1 being the highest priority)","min":0,"max":"*","base":{"path":"EpisodeOfCare.extension","min":0,"max":"*"},"type":[{"code":"Extension","profile":["http://hl7.org/fhir/us/shr/StructureDefinition/shr-core-PriorityRank-extension"]}],"maxLength":0,"mustSupport":false,"isModifier":false,"isSummary":false},{"id":"EpisodeOfCare-EpisodeOfCare.modifierExtension","path":"EpisodeOfCare.modifierExtension","name":"EpisodeOfCare-EpisodeOfCare.modifierExtension","short":"Extensions that cannot be ignored","definition":"May be used to represent additional information that is not part of the basic definition of the resource, and that modifies the understanding of the element that contains it. Usually modifier elements provide negation or qualification. In order to make the use of extensions safe and manageable, there is a strict set of governance applied to the definition and use of extensions. Though any implementer is allowed to define an extension, there is a set of requirements that SHALL be met as part of the definition of the extension. Applications processing a resource are required to check for modifier extensions.","comments":"There can be no stigma associated with the use of extensions by any application, project, or standard - regardless of the institution or jurisdiction that uses or defines the extensions.  The use of extensions is what allows the FHIR specification to retain a core level of simplicity for everyone.","alias":["extensions","user content"],"min":0,"max":"*","type":[{"code":"Extension"}],"maxLength":0,"mustSupport":false,"isModifier":true,"isSummary":false,"mapping":[{"identity":"rim","map":"N/A"}]},{"id":"EpisodeOfCare-EpisodeOfCare.identifier","path":"EpisodeOfCare.identifier","name":"EpisodeOfCare-EpisodeOfCare.identifier","short":"Identifier(s) for the EpisodeOfCare","definition":"Identifier(s) by which this EpisodeOfCare is known.","min":0,"max":"*","type":[{"code":"Identifier"}],"maxLength":0,"mustSupport":false,"isModifier":false,"isSummary":false,"mapping":[{"identity":"w5","map":"id"}]},{"id":"EpisodeOfCare-EpisodeOfCare.status","path":"EpisodeOfCare.status","name":"EpisodeOfCare-EpisodeOfCare.status","short":"planned | waitlist | active | onhold | finished | cancelled","definition":"planned | waitlist | active | onhold | finished | cancelled.","min":1,"max":"1","type":[{"code":"code"}],"maxLength":0,"mustSupport":false,"isModifier":true,"isSummary":true,"binding":{"strength":"required","description":"The status of the encounter.","valueSetReference":{"reference":"http://hl7.org/fhir/ValueSet/episode-of-care-status"}},"mapping":[{"identity":"w5","map":"status"}]},{"id":"EpisodeOfCare-EpisodeOfCare.statusHistory","path":"EpisodeOfCare.statusHistory","name":"EpisodeOfCare-EpisodeOfCare.statusHistory","short":"Past list of status codes","definition":"The history of statuses that the EpisodeOfCare has been through (without requiring processing the history of the resource).","min":0,"max":"*","type":[{"code":"BackboneElement"}],"maxLength":0,"mustSupport":false,"isModifier":false,"isSummary":false},{"id":"EpisodeOfCare-EpisodeOfCare.statusHistory.id","path":"EpisodeOfCare.statusHistory.id","representation":["xmlAttr"],"name":"EpisodeOfCare-EpisodeOfCare.statusHistory.id","short":"xml:id (or equivalent in JSON)","definition":"unique id for the element within a resource (for internal references).","min":0,"max":"1","type":[{"code":"id"}],"maxLength":0,"mustSupport":false,"isModifier":false,"isSummary":false,"mapping":[{"identity":"rim","map":"n/a"}]},{"id":"EpisodeOfCare-EpisodeOfCare.statusHistory.extension","path":"EpisodeOfCare.statusHistory.extension","name":"EpisodeOfCare-EpisodeOfCare.statusHistory.extension","short":"Additional Content defined by implementations","definition":"May be used to represent additional information that is not part of the basic definition of the element. In order to make the use of extensions safe and manageable, there is a strict set of governance  applied to the definition and use of extensions. Though any implementer is allowed to define an extension, there is a set of requirements that SHALL be met as part of the definition of the extension.","comments":"There can be no stigma associated with the use of extensions by any application, project, or standard - regardless of the institution or jurisdiction that uses or defines the extensions.  The use of extensions is what allows the FHIR specification to retain a core level of simplicity for everyone.","alias":["extensions","user content"],"min":0,"max":"*","type":[{"code":"Extension"}],"maxLength":0,"mustSupport":false,"isModifier":false,"isSummary":false,"mapping":[{"identity":"rim","map":"n/a"}]},{"id":"EpisodeOfCare-EpisodeOfCare.statusHistory.modifierExtension","path":"EpisodeOfCare.statusHistory.modifierExtension","name":"EpisodeOfCare-EpisodeOfCare.statusHistory.modifierExtension","short":"Extensions that cannot be ignored","definition":"May be used to represent additional information that is not part of the basic definition of the element, and that modifies the understanding of the element that contains it. Usually modifier elements provide negation or qualification. In order to make the use of extensions safe and manageable, there is a strict set of governance applied to the definition and use of extensions. Though any implementer is allowed to define an extension, there is a set of requirements that SHALL be met as part of the definition of the extension. Applications processing a resource are required to check for modifier extensions.","comments":"There can be no stigma associated with the use of extensions by any application, project, or standard - regardless of the institution or jurisdiction that uses or defines the extensions.  The use of extensions is what allows the FHIR specification to retain a core level of simplicity for everyone.","alias":["extensions","user content","modifiers"],"min":0,"max":"*","type":[{"code":"Extension"}],"maxLength":0,"mustSupport":false,"isModifier":true,"isSummary":false,"mapping":[{"identity":"rim","map":"N/A"}]},{"id":"EpisodeOfCare-EpisodeOfCare.statusHistory.status","path":"EpisodeOfCare.statusHistory.status","name":"EpisodeOfCare-EpisodeOfCare.statusHistory.status","short":"planned | waitlist | active | onhold | finished | cancelled","definition":"planned | waitlist | active | onhold | finished | cancelled.","min":1,"max":"1","type":[{"code":"code"}],"maxLength":0,"mustSupport":false,"isModifier":false,"isSummary":false,"binding":{"strength":"required","description":"The status of the encounter.","valueSetReference":{"reference":"http://hl7.org/fhir/ValueSet/episode-of-care-status"}}},{"id":"EpisodeOfCare-EpisodeOfCare.statusHistory.period","path":"EpisodeOfCare.statusHistory.period","name":"EpisodeOfCare-EpisodeOfCare.statusHistory.period","short":"Period for the status","definition":"The period during this EpisodeOfCare that the specific status applied.","min":1,"max":"1","type":[{"code":"Period"}],"maxLength":0,"mustSupport":false,"isModifier":false,"isSummary":false},{"id":"EpisodeOfCare-EpisodeOfCare.type","path":"EpisodeOfCare.type","name":"EpisodeOfCare-EpisodeOfCare.type","short":"Type/class  - e.g. specialist referral, disease management","definition":"A classification of the type of encounter; e.g. specialist referral, disease management, type of funded care.","comments":"The type can be very important in processing as this could be used in determining if the EpisodeOfCare is relevant to specific government reporting, or other types of classifications.","min":0,"max":"*","type":[{"code":"CodeableConcept"}],"maxLength":0,"mustSupport":false,"isModifier":false,"isSummary":true,"binding":{"strength":"example","valueSetReference":{"reference":"http://hl7.org/fhir/ValueSet/episodeofcare-type"}},"mapping":[{"identity":"w5","map":"class"}]},{"id":"EpisodeOfCare-EpisodeOfCare.condition","path":"EpisodeOfCare.condition","name":"EpisodeOfCare-EpisodeOfCare.condition","short":"Conditions/problems/diagnoses this episode of care is for","definition":"A list of conditions/problems/diagnoses that this episode of care is intended to be providing care for.","min":0,"max":"*","type":[{"code":"Reference","profile":["http://hl7.org/fhir/us/shr/StructureDefinition/shr-core-Condition"]}],"maxLength":0,"mustSupport":false,"isModifier":false,"isSummary":false,"mapping":[{"identity":"w5","map":"what"}]},{"id":"EpisodeOfCare-EpisodeOfCare.patient","path":"EpisodeOfCare.patient","name":"EpisodeOfCare-EpisodeOfCare.patient","short":"Patient for this episode of care","definition":"The patient that this EpisodeOfCare applies to.","min":1,"max":"1","type":[{"code":"Reference","profile":["http://hl7.org/fhir/us/shr/StructureDefinition/shr-core-Patient"]}],"maxLength":0,"mustSupport":false,"isModifier":false,"isSummary":true,"mapping":[{"identity":"w5","map":"who.focus"}]},{"id":"EpisodeOfCare-EpisodeOfCare.managingOrganization","path":"EpisodeOfCare.managingOrganization","name":"EpisodeOfCare-EpisodeOfCare.managingOrganization","short":"Organization that assumes care","definition":"The organization that has assumed the specific responsibilities for the specified duration.","min":0,"max":"1","type":[{"code":"Reference","profile":["http://hl7.org/fhir/us/shr/StructureDefinition/shr-core-Organization"]}],"maxLength":0,"mustSupport":false,"isModifier":false,"isSummary":true},{"id":"EpisodeOfCare-EpisodeOfCare.period","path":"EpisodeOfCare.period","name":"EpisodeOfCare-EpisodeOfCare.period","short":"Interval during responsibility is assumed","definition":"The interval during which the managing organization assumes the defined responsibility.","min":0,"max":"1","type":[{"code":"Period"}],"maxLength":0,"mustSupport":false,"isModifier":false,"isSummary":true,"mapping":[{"identity":"w5","map":"when.init"}]},{"id":"EpisodeOfCare-EpisodeOfCare.referralRequest","path":"EpisodeOfCare.referralRequest","name":"EpisodeOfCare-EpisodeOfCare.referralRequest","short":"Originating Referral Request(s)","definition":"Referral Request(s) that are fulfilled by this EpisodeOfCare, incoming referrals.","min":0,"max":"*","type":[{"code":"Reference","profile":["http://hl7.org/fhir/us/shr/StructureDefinition/shr-core-ReferralRequest"]}],"maxLength":0,"mustSupport":false,"isModifier":false,"isSummary":false},{"id":"EpisodeOfCare-EpisodeOfCare.careManager","path":"EpisodeOfCare.careManager","name":"EpisodeOfCare-EpisodeOfCare.careManager","short":"Care manager/care co-ordinator for the patient","definition":"The practitioner that is the care manager/care co-ordinator for this patient.","min":0,"max":"1","type":[{"code":"Reference","profile":["http://hl7.org/fhir/us/shr/StructureDefinition/shr-core-Practitioner"]}],"maxLength":0,"mustSupport":false,"isModifier":false,"isSummary":false},{"id":"EpisodeOfCare-EpisodeOfCare.careTeam","path":"EpisodeOfCare.careTeam","name":"EpisodeOfCare-EpisodeOfCare.careTeam","short":"Other practitioners facilitating this episode of care","definition":"The list of practitioners that may be facilitating this episode of care for specific purposes.","min":0,"max":"*","type":[{"code":"BackboneElement"}],"maxLength":0,"mustSupport":false,"isModifier":false,"isSummary":false},{"id":"EpisodeOfCare-EpisodeOfCare.careTeam.id","path":"EpisodeOfCare.careTeam.id","representation":["xmlAttr"],"name":"EpisodeOfCare-EpisodeOfCare.careTeam.id","short":"xml:id (or equivalent in JSON)","definition":"unique id for the element within a resource (for internal references).","min":0,"max":"1","type":[{"code":"id"}],"maxLength":0,"mustSupport":false,"isModifier":false,"isSummary":false,"mapping":[{"identity":"rim","map":"n/a"}]},{"id":"EpisodeOfCare-EpisodeOfCare.careTeam.extension","path":"EpisodeOfCare.careTeam.extension","name":"EpisodeOfCare-EpisodeOfCare.careTeam.extension","short":"Additional Content defined by implementations","definition":"May be used to represent additional information that is not part of the basic definition of the element. In order to make the use of extensions safe and manageable, there is a strict set of governance  applied to the definition and use of extensions. Though any implementer is allowed to define an extension, there is a set of requirements that SHALL be met as part of the definition of the extension.","comments":"There can be no stigma associated with the use of extensions by any application, project, or standard - regardless of the institution or jurisdiction that uses or defines the extensions.  The use of extensions is what allows the FHIR specification to retain a core level of simplicity for everyone.","alias":["extensions","user content"],"min":0,"max":"*","type":[{"code":"Extension"}],"maxLength":0,"mustSupport":false,"isModifier":false,"isSummary":false,"mapping":[{"identity":"rim","map":"n/a"}]},{"id":"EpisodeOfCare-EpisodeOfCare.careTeam.modifierExtension","path":"EpisodeOfCare.careTeam.modifierExtension","name":"EpisodeOfCare-EpisodeOfCare.careTeam.modifierExtension","short":"Extensions that cannot be ignored","definition":"May be used to represent additional information that is not part of the basic definition of the element, and that modifies the understanding of the element that contains it. Usually modifier elements provide negation or qualification. In order to make the use of extensions safe and manageable, there is a strict set of governance applied to the definition and use of extensions. Though any implementer is allowed to define an extension, there is a set of requirements that SHALL be met as part of the definition of the extension. Applications processing a resource are required to check for modifier extensions.","comments":"There can be no stigma associated with the use of extensions by any application, project, or standard - regardless of the institution or jurisdiction that uses or defines the extensions.  The use of extensions is what allows the FHIR specification to retain a core level of simplicity for everyone.","alias":["extensions","user content","modifiers"],"min":0,"max":"*","type":[{"code":"Extension"}],"maxLength":0,"mustSupport":false,"isModifier":true,"isSummary":false,"mapping":[{"identity":"rim","map":"N/A"}]},{"id":"EpisodeOfCare-EpisodeOfCare.careTeam.role","path":"EpisodeOfCare.careTeam.role","name":"EpisodeOfCare-EpisodeOfCare.careTeam.role","short":"Role taken by this team member","definition":"The role this team member is taking within this episode of care.","min":0,"max":"*","type":[{"code":"CodeableConcept"}],"maxLength":0,"mustSupport":false,"isModifier":false,"isSummary":false,"binding":{"strength":"example","description":"Type of participation expected by a team member.","valueSetReference":{"reference":"http://hl7.org/fhir/ValueSet/participant-role"}}},{"id":"EpisodeOfCare-EpisodeOfCare.careTeam.period","path":"EpisodeOfCare.careTeam.period","name":"EpisodeOfCare-EpisodeOfCare.careTeam.period","short":"Period of time for this role","definition":"The period of time this practitioner is performing some role within the episode of care.","min":0,"max":"1","type":[{"code":"Period"}],"maxLength":0,"mustSupport":false,"isModifier":false,"isSummary":false},{"id":"EpisodeOfCare-EpisodeOfCare.careTeam.member","path":"EpisodeOfCare.careTeam.member","name":"EpisodeOfCare-EpisodeOfCare.careTeam.member","short":"The practitioner (or Organization) within the team","definition":"The practitioner (or Organization) within the team.","comments":"Where an Organization is included in the CareTeam, it is really providing some form of services to the EpisodeOfCare (e.g. Jim's Mowing Services) the details of the services would be included on a CarePlan.","min":0,"max":"1","type":[{"code":"Reference","profile":["http://hl7.org/fhir/StructureDefinition/Practitioner","http://hl7.org/fhir/StructureDefinition/Organization"]}],"maxLength":0,"mustSupport":false,"isModifier":false,"isSummary":false,"mapping":[{"identity":"w5","map":"who"}]}]},"differential":{"element":[{"id":"EpisodeOfCare-EpisodeOfCare","path":"EpisodeOfCare","name":"EpisodeOfCare-EpisodeOfCare","short":"shr-core-EpisodeOfCare","definition":"An association between a patient and an organization / healthcare provider(s) during which time encounters may occur. The managing organization assumes a level of responsibility for the patient during this time.","min":0,"type":[{"code":"EpisodeOfCare"}],"maxLength":0,"mustSupport":false,"isModifier":false,"isSummary":false},{"id":"EpisodeOfCare-EpisodeOfCare.extension","path":"EpisodeOfCare.extension","name":"EpisodeOfCare-EpisodeOfCare.extension","slicing":{"id":"1","discriminator":["url"],"ordered":false,"rules":"open"},"min":0,"maxLength":0,"mustSupport":false,"isModifier":false,"isSummary":false},{"id":"diagnosiscode","path":"EpisodeOfCare.extension","name":"diagnosiscode","definition":"Codes for a diagnosis.","min":0,"max":"*","base":{"path":"EpisodeOfCare.extension","min":0,"max":"*"},"type":[{"code":"Extension","profile":["http://hl7.org/fhir/us/shr/StructureDefinition/shr-core-DiagnosisCode-extension"]}],"maxLength":0,"mustSupport":false,"isModifier":false,"isSummary":false},{"id":"type","path":"EpisodeOfCare.extension","name":"type","definition":"A code describing the item at a greater level of detail.","min":0,"max":"*","base":{"path":"EpisodeOfCare.extension","min":0,"max":"*"},"type":[{"code":"Extension","profile":["http://hl7.org/fhir/us/shr/StructureDefinition/shr-core-Type-extension"]}],"maxLength":0,"mustSupport":false,"isModifier":false,"isSummary":false},{"id":"EpisodeOfCare-EpisodeOfCare.extension-type.valueCodeableConcept","path":"EpisodeOfCare.extension.valueCodeableConcept","name":"EpisodeOfCare-EpisodeOfCare.extension-type.valueCodeableConcept","min":0,"maxLength":0,"mustSupport":false,"isModifier":false,"isSummary":false,"binding":{"strength":"preferred","valueSetReference":{"reference":"http://hl7.org/fhir/ValueSet/diagnosis-role"}}},{"id":"priorityrank","path":"EpisodeOfCare.extension","name":"priorityrank","definition":"The priority of the procedure, as a number (1 being the highest priority)","min":0,"max":"*","base":{"path":"EpisodeOfCare.extension","min":0,"max":"*"},"type":[{"code":"Extension","profile":["http://hl7.org/fhir/us/shr/StructureDefinition/shr-core-PriorityRank-extension"]}],"maxLength":0,"mustSupport":false,"isModifier":false,"isSummary":false},{"id":"EpisodeOfCare-EpisodeOfCare.type","path":"EpisodeOfCare.type","name":"EpisodeOfCare-EpisodeOfCare.type","min":0,"maxLength":0,"mustSupport":false,"isModifier":false,"isSummary":false,"binding":{"strength":"example","valueSetReference":{"reference":"http://hl7.org/fhir/ValueSet/episodeofcare-type"}}},{"id":"EpisodeOfCare-EpisodeOfCare.condition","path":"EpisodeOfCare.condition","name":"EpisodeOfCare-EpisodeOfCare.condition","min":0,"type":[{"code":"Reference","profile":["http://hl7.org/fhir/us/shr/StructureDefinition/shr-core-Condition"]}],"maxLength":0,"mustSupport":false,"isModifier":false,"isSummary":false},{"id":"EpisodeOfCare-EpisodeOfCare.patient","path":"EpisodeOfCare.patient","name":"EpisodeOfCare-EpisodeOfCare.patient","min":0,"type":[{"code":"Reference","profile":["http://hl7.org/fhir/us/shr/StructureDefinition/shr-core-Patient"]}],"maxLength":0,"mustSupport":false,"isModifier":false,"isSummary":false},{"id":"EpisodeOfCare-EpisodeOfCare.managingOrganization","path":"EpisodeOfCare.managingOrganization","name":"EpisodeOfCare-EpisodeOfCare.managingOrganization","min":0,"type":[{"code":"Reference","profile":["http://hl7.org/fhir/us/shr/StructureDefinition/shr-core-Organization"]}],"maxLength":0,"mustSupport":false,"isModifier":false,"isSummary":false},{"id":"EpisodeOfCare-EpisodeOfCare.referralRequest","path":"EpisodeOfCare.referralRequest","name":"EpisodeOfCare-EpisodeOfCare.referralRequest","min":0,"type":[{"code":"Reference","profile":["http://hl7.org/fhir/us/shr/StructureDefinition/shr-core-ReferralRequest"]}],"maxLength":0,"mustSupport":false,"isModifier":false,"isSummary":false},{"id":"EpisodeOfCare-EpisodeOfCare.careManager","path":"EpisodeOfCare.careManager","name":"EpisodeOfCare-EpisodeOfCare.careManager","min":0,"type":[{"code":"Reference","profile":["http://hl7.org/fhir/us/shr/StructureDefinition/shr-core-Practitioner"]}],"maxLength":0,"mustSupport":false,"isModifier":false,"isSummary":false}]}}