{"resourceType":"StructureDefinition","id":"shr-core-Media","text":{"status":"generated","div":"<div xmlns=\"http://www.w3.org/1999/xhtml\">\n  <p><b>Media Profile</b></p>\n  <p>A photo, video, or audio recording acquired or used in healthcare. The actual content may be inline or provided by direct reference.</p>\n  <p><b>Mapping Summary</b></p>\n  <p><pre>shr.core.Media maps to Media:\n  _Entry.EntryId maps to id\n  Language maps to language\n  Narrative maps to text\n  ImplicitRules maps to implicitRules\n  Metadata.VersionId maps to meta.versionId\n  Metadata.Profile maps to meta.profile\n  Metadata.LastUpdated maps to meta.lastUpdated\n  Metadata.SecurityLabel maps to meta.security\n  Metadata.Tag maps to meta.tag\n  Type maps to type\n  Subtype maps to subtype\n  Identifier maps to identifier\n  MediaSubjectOfRecord maps to subject\n  Practitioner maps to operator\n  View maps to view\n  Device.ManufacturerName maps to deviceName\n  PixelHeight maps to height\n  PixelWidth maps to width\n  Frames maps to frames\n  NumberOfSecondsDuration maps to duration\n  Attachment maps to content\n  RelatedRequest maps to extension\n  CareContext maps to extension\n  RelevantTime maps to extension\n  ReasonCode maps to extension\n  Annotation maps to extension\n  BodyLocation maps to extension\n</pre></p>\n</div>"},"url":"http://hl7.org/fhir/us/shr/StructureDefinition/shr-core-Media","identifier":[{"system":"http://hl7.org/fhir/us/mcode","value":"shr.core.Media"}],"version":"0.9.0 Beta 1","name":"Media","display":"shr-core-Media","status":"draft","publisher":"The MITRE Corporation","contact":[{"telecom":[{"system":"other","value":"http://standardhealthrecord.org","rank":0}]}],"date":"2019-04-10T00:00:00-04:00","description":"A photo, video, or audio recording acquired or used in healthcare. The actual content may be inline or provided by direct reference.","fhirVersion":"1.0.2","mapping":[{"identity":"rim","uri":"http://hl7.org/v3","name":"RIM"},{"identity":"w5","uri":"http://hl7.org/fhir/w5","name":"W5 Mapping"},{"identity":"dicom","uri":"http://nema.org/dicom","name":"DICOM"}],"kind":"resource","constrainedType":"Media","abstract":false,"base":"http://hl7.org/fhir/StructureDefinition/Media","snapshot":{"element":[{"id":"Media","path":"Media","name":"Media","short":"shr-core-Media","definition":"A photo, video, or audio recording acquired or used in healthcare. The actual content may be inline or provided by direct reference.","min":0,"max":"*","type":[{"code":"Media"}],"maxLength":0,"constraint":[{"key":"mda-1","severity":"error","human":"Height can only be used for a photo or video","xpath":"not(f:type/@value='audio') or not(f:height)"},{"key":"mda-2","severity":"error","human":"Width can only be used for a photo or video","xpath":"not(f:type/@value='audio') or not(f:width)"},{"key":"mda-4","severity":"error","human":"Duration can only be used for an audio or a video","xpath":"not(f:type/@value='photo') or not(f:duration)"},{"key":"mda-3","severity":"error","human":"Frames can only be used for a photo","xpath":"(f:type/@value='photo') or not(f:frames)"}],"mustSupport":false,"isModifier":false,"isSummary":false,"mapping":[{"identity":"rim","map":"Act[classCode=\"DGIMG\", moodCode=\"EVN\"]"},{"identity":"w5","map":"infrastructure.structure"}]},{"id":"Media.id","path":"Media.id","name":"Media.id","short":"Logical id of this artifact","definition":"The logical id of the resource, as used in the URL for the resource. Once assigned, this value never changes.","comments":"The only time that a resource does not have an id is when it is being submitted to the server using a create operation. Bundles always have an id, though it is usually a generated UUID.","min":0,"max":"1","type":[{"code":"id"}],"maxLength":0,"mustSupport":false,"isModifier":false,"isSummary":true},{"id":"Media.meta","path":"Media.meta","name":"Media.meta","short":"Metadata about the resource","definition":"The metadata about the resource. This is content that is maintained by the infrastructure. Changes to the content may not always be associated with version changes to the resource.","min":0,"max":"1","type":[{"code":"Meta"}],"maxLength":0,"mustSupport":false,"isModifier":false,"isSummary":true},{"id":"Media.implicitRules","path":"Media.implicitRules","name":"Media.implicitRules","short":"A set of rules under which this content was created","definition":"A reference to a set of rules that were followed when the resource was constructed, and which must be understood when processing the content.","comments":"Asserting this rule set restricts the content to be only understood by a limited set of trading partners. This inherently limits the usefulness of the data in the long term. However, the existing health eco-system is highly fractured, and not yet ready to define, collect, and exchange data in a generally computable sense. Wherever possible, implementers and/or specification writers should avoid using this element as much as possible.","min":0,"max":"1","type":[{"code":"uri"}],"maxLength":0,"mustSupport":false,"isModifier":true,"isSummary":true},{"id":"Media.language","path":"Media.language","name":"Media.language","short":"Language of the resource content","definition":"The base language in which the resource is written.","comments":"Language is provided to support indexing and accessibility (typically, services such as text to speech use the language tag). The html language tag in the narrative applies  to the narrative. The language tag on the resource may be used to specify the language of other presentations generated from the data in the resource  Not all the content has to be in the base language. The Resource.language should not be assumed to apply to the narrative automatically. If a language is specified, it should it also be specified on the div element in the html (see rules in HTML5 for information about the relationship between xml:lang and the html lang attribute).","min":0,"max":"1","type":[{"code":"code"}],"maxLength":0,"mustSupport":false,"isModifier":false,"isSummary":false,"binding":{"strength":"required","description":"A human language.","valueSetReference":{"reference":"http://tools.ietf.org/html/bcp47"}}},{"id":"Media.text","path":"Media.text","name":"Media.text","short":"Text summary of the resource, for human interpretation","definition":"A human-readable narrative that contains a summary of the resource, and may be used to represent the content of the resource to a human. The narrative need not encode all the structured data, but is required to contain sufficient detail to make it \"clinically safe\" for a human to just read the narrative. Resource definitions may define what content should be represented in the narrative to ensure clinical safety.","comments":"Contained resources do not have narrative. Resources that are not contained SHOULD have a narrative.","alias":["narrative","html","xhtml","display"],"min":0,"max":"1","type":[{"code":"Narrative"}],"maxLength":0,"condition":["dom-1"],"mustSupport":false,"isModifier":false,"isSummary":false,"mapping":[{"identity":"rim","map":"Act.text?"}]},{"id":"Media.contained","path":"Media.contained","name":"Media.contained","short":"Contained, inline Resources","definition":"These resources do not have an independent existence apart from the resource that contains them - they cannot be identified independently, and nor can they have their own independent transaction scope.","comments":"This should never be done when the content can be identified properly, as once identification is lost, it is extremely difficult (and context dependent) to restore it again.","alias":["inline resources","anonymous resources","contained resources"],"min":0,"max":"*","type":[{"code":"Resource"}],"maxLength":0,"mustSupport":false,"isModifier":false,"isSummary":false,"mapping":[{"identity":"rim","map":"N/A"}]},{"id":"Media.extension","path":"Media.extension","name":"Media.extension","slicing":{"id":"1","discriminator":["url"],"ordered":false,"rules":"open"},"short":"Additional Content defined by implementations","definition":"May be used to represent additional information that is not part of the basic definition of the resource. In order to make the use of extensions safe and manageable, there is a strict set of governance  applied to the definition and use of extensions. Though any implementer is allowed to define an extension, there is a set of requirements that SHALL be met as part of the definition of the extension.","comments":"There can be no stigma associated with the use of extensions by any application, project, or standard - regardless of the institution or jurisdiction that uses or defines the extensions.  The use of extensions is what allows the FHIR specification to retain a core level of simplicity for everyone.","alias":["extensions","user content"],"min":0,"max":"*","type":[{"code":"Extension"}],"maxLength":0,"mustSupport":false,"isModifier":false,"isSummary":false,"mapping":[{"identity":"rim","map":"N/A"}]},{"id":"relatedrequest","path":"Media.extension","name":"relatedrequest","definition":"The proposal, order, or plan that is partly or wholly fulfilled by the performance of this act.","min":0,"max":"*","base":{"path":"Media.extension","min":0,"max":"*"},"type":[{"code":"Extension","profile":["http://hl7.org/fhir/us/shr/StructureDefinition/shr-core-RelatedRequest-extension"]}],"maxLength":0,"mustSupport":false,"isModifier":false,"isSummary":false},{"id":"Media.extension-relatedrequest.id","path":"Media.extension.id","representation":["xmlAttr"],"name":"Media.extension-relatedrequest.id","short":"xml:id (or equivalent in JSON)","definition":"unique id for the element within a resource (for internal references). This may be any string value that does not contain spaces.","min":0,"max":"1","base":{"path":"Element.id","min":0,"max":"1"},"type":[{"code":"string"}],"maxLength":0,"mustSupport":false,"isModifier":false,"isSummary":false,"mapping":[{"identity":"rim","map":"N/A"}]},{"id":"Media.extension-relatedrequest.extension-extension","path":"Media.extension.extension","name":"Media.extension-relatedrequest.extension-extension","short":"Extension","definition":"An Extension","min":0,"max":"0","base":{"path":"Element.extension","min":0,"max":"*"},"type":[{"code":"Extension"}],"maxLength":0,"mustSupport":false,"isModifier":false,"isSummary":false},{"id":"Media.extension-relatedrequest.url","path":"Media.extension.url","representation":["xmlAttr"],"name":"Media.extension-relatedrequest.url","short":"identifies the meaning of the extension","definition":"Source of the definition for the extension code - a logical name or a URL.","min":1,"max":"1","base":{"path":"Extension.url","min":1,"max":"1"},"type":[{"code":"uri"}],"fixedUri":"http://hl7.org/fhir/us/shr/StructureDefinition/shr-core-RelatedRequest-extension","maxLength":0,"mustSupport":false,"isModifier":false,"isSummary":false,"mapping":[{"identity":"rim","map":"N/A"}]},{"id":"Media.extension-relatedrequest.valueReference","path":"Media.extension.valueReference","name":"Media.extension-relatedrequest.valueReference","short":"ProcedureRequest","definition":"A request for a procedure to be performed. May be a proposal or an order.","min":1,"max":"1","base":{"path":"Extension.value[x]","min":0,"max":"1"},"type":[{"code":"Reference","profile":["http://hl7.org/fhir/us/shr/StructureDefinition/shr-core-ProcedureRequest"]}],"maxLength":0,"mustSupport":false,"isModifier":false,"isSummary":false,"mapping":[{"identity":"rim","map":"N/A"}]},{"id":"carecontext","path":"Media.extension","name":"carecontext","definition":"The encounter or episode of care","min":0,"max":"1","base":{"path":"Media.extension","min":0,"max":"*"},"type":[{"code":"Extension","profile":["http://hl7.org/fhir/us/shr/StructureDefinition/shr-core-CareContext-extension"]}],"maxLength":0,"mustSupport":false,"isModifier":false,"isSummary":false},{"id":"relevanttime","path":"Media.extension","name":"relevanttime","definition":"The time or time period that the statement addresses.\nThe clinically relevant time is not necessarily when the information is gathered or when a test is carried out, but for example, when a specimen was collected, or the time period referred to by the question. Use a TimePeriod for a measurement or specimen collection continued over a significant period of time (e.g. 24 hour Urine Sodium).","min":0,"max":"1","base":{"path":"Media.extension","min":0,"max":"*"},"type":[{"code":"Extension","profile":["http://hl7.org/fhir/us/shr/StructureDefinition/shr-core-RelevantTime-extension"]}],"maxLength":0,"mustSupport":false,"isModifier":false,"isSummary":false},{"id":"reasoncode","path":"Media.extension","name":"reasoncode","definition":"The justification, as a code.\nReason is a string or CodeableConcept in DSTU2 but in later versions only a CodeableConcept, so we are not going to support a string.","min":0,"max":"*","base":{"path":"Media.extension","min":0,"max":"*"},"type":[{"code":"Extension","profile":["http://hl7.org/fhir/us/shr/StructureDefinition/shr-core-ReasonCode-extension"]}],"maxLength":0,"mustSupport":false,"isModifier":false,"isSummary":false},{"id":"Media.extension-reasoncode.id","path":"Media.extension.id","representation":["xmlAttr"],"name":"Media.extension-reasoncode.id","short":"xml:id (or equivalent in JSON)","definition":"unique id for the element within a resource (for internal references). This may be any string value that does not contain spaces.","min":0,"max":"1","base":{"path":"Element.id","min":0,"max":"1"},"type":[{"code":"string"}],"maxLength":0,"mustSupport":false,"isModifier":false,"isSummary":false,"mapping":[{"identity":"rim","map":"N/A"}]},{"id":"Media.extension-reasoncode.extension-extension","path":"Media.extension.extension","name":"Media.extension-reasoncode.extension-extension","short":"Extension","definition":"An Extension","min":0,"max":"0","base":{"path":"Element.extension","min":0,"max":"*"},"type":[{"code":"Extension"}],"maxLength":0,"mustSupport":false,"isModifier":false,"isSummary":false},{"id":"Media.extension-reasoncode.url","path":"Media.extension.url","representation":["xmlAttr"],"name":"Media.extension-reasoncode.url","short":"identifies the meaning of the extension","definition":"Source of the definition for the extension code - a logical name or a URL.","min":1,"max":"1","base":{"path":"Extension.url","min":1,"max":"1"},"type":[{"code":"uri"}],"fixedUri":"http://hl7.org/fhir/us/shr/StructureDefinition/shr-core-ReasonCode-extension","maxLength":0,"mustSupport":false,"isModifier":false,"isSummary":false,"mapping":[{"identity":"rim","map":"N/A"}]},{"id":"Media.extension-reasoncode.valueCodeableConcept","path":"Media.extension.valueCodeableConcept","name":"Media.extension-reasoncode.valueCodeableConcept","short":"Value of extension","definition":"Value of extension - may be a resource or one of a constrained set of the data types (see Extensibility in the spec for list).","min":1,"max":"1","base":{"path":"Extension.value[x]","min":0,"max":"1"},"type":[{"code":"CodeableConcept"}],"maxLength":0,"mustSupport":false,"isModifier":false,"isSummary":false,"binding":{"strength":"example","valueSetReference":{"reference":"http://hl7.org/fhir/ValueSet/procedure-reason"}},"mapping":[{"identity":"rim","map":"N/A"}]},{"id":"annotation","path":"Media.extension","name":"annotation","definition":"An added or follow-up note, often after the fact, that contains metadata about who made the statement and when.","min":0,"max":"*","base":{"path":"Media.extension","min":0,"max":"*"},"type":[{"code":"Extension","profile":["http://hl7.org/fhir/us/shr/StructureDefinition/shr-core-Annotation-extension"]}],"maxLength":0,"mustSupport":false,"isModifier":false,"isSummary":false},{"id":"bodylocation","path":"Media.extension","name":"bodylocation","definition":"A location or structure in the body, including tissues, regions, cavities, and spaces; for example, right elbow, or left ventricle of the heart. Body location is a flexible structure that allows the location to be determined by a single code, or a code plus laterality and/or orientation. The body location can also be specified in relation to one or more body landmarks. SNOMED CT is used in all cases.\n+ Code only: The code should include (precoordinate) laterality and/orientation to the degree necessary to completely specify the body location.\n+ Code plus laterality and/or orientation: The basic code augmented by codes specifying the body side and/or anatomical orientation.\n+ Relation to landmark: The location relative to a landmark is specified by:\n- Establishing the location and type of landmark using a body site code and optional laterality/orientation, and\n- Specifying the direction and distance from the landmark to the body location.\nNote that BodyLocation is a data type, a reusable structure, not a stand-alone entity. The concept is similar to how a postal address can apply to a person, location, or organization. This contrasts with FHIR's stand-alone BodySite (aka BodyStructure in r4) which 'is not ... intended for describing the type of anatomical location but rather a specific body site on a specific patient' (FHIR 3.5).","min":0,"max":"1","base":{"path":"Media.extension","min":0,"max":"*"},"type":[{"code":"Extension","profile":["http://hl7.org/fhir/us/shr/StructureDefinition/shr-core-BodyLocation-extension"]}],"maxLength":0,"mustSupport":false,"isModifier":false,"isSummary":false},{"id":"status","path":"Media.extension","name":"status","definition":"A state that relates to the workflow or interpretation of this resource. Certain status values can modify the meaning of the resource, for example, entered-in-error. When a boolean value is used, Status of true indicates the record is active, false means inactive.","min":0,"max":"1","base":{"path":"Media.extension","min":0,"max":"*"},"type":[{"code":"Extension","profile":["http://hl7.org/fhir/us/shr/StructureDefinition/shr-core-Status-extension"]}],"maxLength":0,"mustSupport":false,"isModifier":false,"isSummary":false},{"id":"partof","path":"Media.extension","name":"partof","definition":"The larger entity that the asserted item is a portion of. For example, an organization part of a larger organization, or an encounter with a hospitalist might be part of a larger hospitalization encounter.","min":0,"max":"1","base":{"path":"Media.extension","min":0,"max":"*"},"type":[{"code":"Extension","profile":["http://hl7.org/fhir/us/shr/StructureDefinition/shr-core-PartOf-extension"]}],"maxLength":0,"mustSupport":false,"isModifier":false,"isSummary":false},{"id":"Media.modifierExtension","path":"Media.modifierExtension","name":"Media.modifierExtension","short":"Extensions that cannot be ignored","definition":"May be used to represent additional information that is not part of the basic definition of the resource, and that modifies the understanding of the element that contains it. Usually modifier elements provide negation or qualification. In order to make the use of extensions safe and manageable, there is a strict set of governance applied to the definition and use of extensions. Though any implementer is allowed to define an extension, there is a set of requirements that SHALL be met as part of the definition of the extension. Applications processing a resource are required to check for modifier extensions.","comments":"There can be no stigma associated with the use of extensions by any application, project, or standard - regardless of the institution or jurisdiction that uses or defines the extensions.  The use of extensions is what allows the FHIR specification to retain a core level of simplicity for everyone.","alias":["extensions","user content"],"min":0,"max":"*","type":[{"code":"Extension"}],"maxLength":0,"mustSupport":false,"isModifier":true,"isSummary":false,"mapping":[{"identity":"rim","map":"N/A"}]},{"id":"Media.type","path":"Media.type","name":"Media.type","short":"photo | video | audio","definition":"Whether the media is a photo (still image), an audio recording, or a video recording.","min":1,"max":"1","type":[{"code":"code"}],"maxLength":0,"mustSupport":false,"isModifier":false,"isSummary":true,"binding":{"strength":"required","description":"Whether the Media is a photo, video, or audio","valueSetReference":{"reference":"http://hl7.org/fhir/ValueSet/digital-media-type"}},"mapping":[{"identity":"rim","map":".code"},{"identity":"w5","map":"class"}]},{"id":"Media.subtype","path":"Media.subtype","name":"Media.subtype","short":"The type of acquisition equipment/process","definition":"Details of the type of the media - usually, how it was acquired (what type of device). If images sourced from a DICOM system, are wrapped in a Media resource, then this is the modality.","min":0,"max":"1","type":[{"code":"CodeableConcept"}],"maxLength":0,"mustSupport":false,"isModifier":false,"isSummary":true,"binding":{"strength":"example","description":"Detailed information about the type of the image - its kind, purpose, or the kind of equipment used to generate it","valueSetReference":{"reference":"http://hl7.org/fhir/ValueSet/digital-media-subtype"}},"mapping":[{"identity":"dicom","map":"0008,0060 | 0008,1032"},{"identity":"rim","map":".outboundRelationship[typeCode=\"COMP].target[classCode=\"LIST\", moodCode=\"EVN\"].code"},{"identity":"w5","map":"class"}]},{"id":"Media.identifier","path":"Media.identifier","name":"Media.identifier","short":"Identifier(s) for the image","definition":"Identifiers associated with the image - these may include identifiers for the image itself, identifiers for the context of its collection (e.g. series ids) and context ids such as accession numbers or other workflow identifiers.","comments":"The identifier label and use can be used to determine what kind of identifier it is.","min":0,"max":"*","type":[{"code":"Identifier"}],"maxLength":0,"mustSupport":false,"isModifier":false,"isSummary":true,"mapping":[{"identity":"dicom","map":"0008,0018 | ~0008,0050 | 0020,000D | 0020,000E"},{"identity":"rim","map":".id"},{"identity":"w5","map":"id"}]},{"id":"Media.subject","path":"Media.subject","name":"Media.subject","short":"Who/What this Media is a record of","definition":"Who/What this Media is a record of.","min":0,"max":"1","type":[{"code":"Reference","profile":["http://hl7.org/fhir/us/shr/StructureDefinition/shr-core-Patient","http://hl7.org/fhir/us/shr/StructureDefinition/shr-core-Practitioner","http://hl7.org/fhir/us/shr/StructureDefinition/shr-core-Group","http://hl7.org/fhir/us/shr/StructureDefinition/shr-core-Device","http://hl7.org/fhir/us/shr/StructureDefinition/shr-core-Specimen"]}],"maxLength":0,"mustSupport":false,"isModifier":false,"isSummary":true,"mapping":[{"identity":"dicom","map":"~0010,0020"},{"identity":"rim","map":".participation[typeCode=\"SUBJ\"]???"},{"identity":"w5","map":"who.focus"}]},{"id":"Media.operator","path":"Media.operator","name":"Media.operator","short":"The person who generated the image","definition":"The person who administered the collection of the image.","min":0,"max":"1","type":[{"code":"Reference","profile":["http://hl7.org/fhir/us/shr/StructureDefinition/shr-core-Practitioner"]}],"maxLength":0,"mustSupport":false,"isModifier":false,"isSummary":true,"mapping":[{"identity":"dicom","map":"0008,1060?"},{"identity":"rim","map":".participation[typeCode=\"PERF\"]???"},{"identity":"w5","map":"who.actor"}]},{"id":"Media.view","path":"Media.view","name":"Media.view","short":"Imaging view, e.g. Lateral or Antero-posterior","definition":"The name of the imaging view e.g. Lateral or Antero-posterior (AP).","min":0,"max":"1","type":[{"code":"CodeableConcept"}],"maxLength":0,"mustSupport":false,"isModifier":false,"isSummary":true,"binding":{"strength":"example","description":"Imaging view (projection) used when collecting an image","valueSetReference":{"reference":"http://hl7.org/fhir/ValueSet/media-view"}},"mapping":[{"identity":"rim","map":"DiagnosticImage.subjectOrientationCode"},{"identity":"w5","map":"class"}]},{"id":"Media.deviceName","path":"Media.deviceName","name":"Media.deviceName","short":"Name of the device/manufacturer","definition":"The name of the device / manufacturer of the device  that was used to make the recording.","min":0,"max":"1","type":[{"code":"string"}],"maxLength":0,"mustSupport":false,"isModifier":false,"isSummary":true,"mapping":[{"identity":"dicom","map":"0008,0070"},{"identity":"rim","map":".participation[typeCode=\"DEV\"].role.player.Entity[classCode=\"DEV\"].name"}]},{"id":"Media.height","path":"Media.height","name":"Media.height","short":"Height of the image in pixels (photo/video)","definition":"Height of the image in pixels (photo/video).","min":0,"max":"1","type":[{"code":"positiveInt"}],"maxLength":0,"condition":["mda-1"],"mustSupport":false,"isModifier":false,"isSummary":true,"mapping":[{"identity":"dicom","map":"0028,0010"},{"identity":"rim","map":".outboundRelationship[typeCode=\"COMP].target[classCode=\"OBS\", moodCode=\"EVN\",code=\"<CODE>\"].value"}]},{"id":"Media.width","path":"Media.width","name":"Media.width","short":"Width of the image in pixels (photo/video)","definition":"Width of the image in pixels (photo/video).","min":0,"max":"1","type":[{"code":"positiveInt"}],"maxLength":0,"condition":["mda-2"],"mustSupport":false,"isModifier":false,"isSummary":true,"mapping":[{"identity":"dicom","map":"0028,0011"},{"identity":"rim","map":".outboundRelationship[typeCode=\"COMP].target[classCode=\"OBS\", moodCode=\"EVN\",code=\"<CODE>\"].value"}]},{"id":"Media.frames","path":"Media.frames","name":"Media.frames","short":"Number of frames if > 1 (photo)","definition":"The number of frames in a photo. This is used with a multi-page fax, or an imaging acquisition context that takes multiple slices in a single image, or an animated gif. If there is more than one frame, this SHALL have a value in order to alert interface software that a multi-frame capable rendering widget is required.","min":0,"max":"1","type":[{"code":"positiveInt"}],"defaultValueInteger":1,"maxLength":0,"condition":["mda-3"],"mustSupport":false,"isModifier":false,"isSummary":true,"mapping":[{"identity":"rim","map":".outboundRelationship[typeCode=\"COMP].target[classCode=\"OBS\", moodCode=\"EVN\",code=\"<CODE>\"].value"}]},{"id":"Media.duration","path":"Media.duration","name":"Media.duration","short":"Length in seconds (audio / video)","definition":"The duration of the recording in seconds - for audio and video.","min":0,"max":"1","type":[{"code":"unsignedInt"}],"maxLength":0,"condition":["mda-4"],"mustSupport":false,"isModifier":false,"isSummary":true,"mapping":[{"identity":"dicom","map":"~0028,0002"},{"identity":"rim","map":".outboundRelationship[typeCode=\"COMP].target[classCode=\"OBS\", moodCode=\"EVN\",code=\"<CODE>\"].value"}]},{"id":"Media.content","path":"Media.content","name":"Media.content","short":"Actual Media - reference or data","definition":"The actual content of the media - inline or by direct reference to the media source file.","comments":"Recommended content types: image/jpeg, image/png, image/tiff, video/mpeg, audio/mp4, application/dicom. Application/dicom can contain the transfer syntax as a parameter.  For an media that covers a period of time (video/sound), the content.creationTime is the end time. Creation time is used for tracking, organizing versions and searching.","min":1,"max":"1","type":[{"code":"Attachment"}],"maxLength":0,"mustSupport":false,"isModifier":false,"isSummary":false,"mapping":[{"identity":"rim","map":".text"}]}]},"differential":{"element":[{"id":"Media","path":"Media","name":"Media","short":"shr-core-Media","definition":"A photo, video, or audio recording acquired or used in healthcare. The actual content may be inline or provided by direct reference.","min":0,"type":[{"code":"Media"}],"maxLength":0,"mustSupport":false,"isModifier":false,"isSummary":false},{"id":"Media.extension","path":"Media.extension","name":"Media.extension","slicing":{"id":"1","discriminator":["url"],"ordered":false,"rules":"open"},"min":0,"maxLength":0,"mustSupport":false,"isModifier":false,"isSummary":false},{"id":"relatedrequest","path":"Media.extension","name":"relatedrequest","definition":"The proposal, order, or plan that is partly or wholly fulfilled by the performance of this act.","min":0,"max":"*","base":{"path":"Media.extension","min":0,"max":"*"},"type":[{"code":"Extension","profile":["http://hl7.org/fhir/us/shr/StructureDefinition/shr-core-RelatedRequest-extension"]}],"maxLength":0,"mustSupport":false,"isModifier":false,"isSummary":false},{"id":"Media.extension-relatedrequest.valueReference","path":"Media.extension.valueReference","name":"Media.extension-relatedrequest.valueReference","short":"ProcedureRequest","definition":"A request for a procedure to be performed. May be a proposal or an order.","min":0,"type":[{"code":"Reference","profile":["http://hl7.org/fhir/us/shr/StructureDefinition/shr-core-ProcedureRequest"]}],"maxLength":0,"mustSupport":false,"isModifier":false,"isSummary":false},{"id":"carecontext","path":"Media.extension","name":"carecontext","definition":"The encounter or episode of care","min":0,"max":"1","base":{"path":"Media.extension","min":0,"max":"*"},"type":[{"code":"Extension","profile":["http://hl7.org/fhir/us/shr/StructureDefinition/shr-core-CareContext-extension"]}],"maxLength":0,"mustSupport":false,"isModifier":false,"isSummary":false},{"id":"relevanttime","path":"Media.extension","name":"relevanttime","definition":"The time or time period that the statement addresses.\nThe clinically relevant time is not necessarily when the information is gathered or when a test is carried out, but for example, when a specimen was collected, or the time period referred to by the question. Use a TimePeriod for a measurement or specimen collection continued over a significant period of time (e.g. 24 hour Urine Sodium).","min":0,"max":"1","base":{"path":"Media.extension","min":0,"max":"*"},"type":[{"code":"Extension","profile":["http://hl7.org/fhir/us/shr/StructureDefinition/shr-core-RelevantTime-extension"]}],"maxLength":0,"mustSupport":false,"isModifier":false,"isSummary":false},{"id":"reasoncode","path":"Media.extension","name":"reasoncode","definition":"The justification, as a code.\nReason is a string or CodeableConcept in DSTU2 but in later versions only a CodeableConcept, so we are not going to support a string.","min":0,"max":"*","base":{"path":"Media.extension","min":0,"max":"*"},"type":[{"code":"Extension","profile":["http://hl7.org/fhir/us/shr/StructureDefinition/shr-core-ReasonCode-extension"]}],"maxLength":0,"mustSupport":false,"isModifier":false,"isSummary":false},{"id":"Media.extension-reasoncode.valueCodeableConcept","path":"Media.extension.valueCodeableConcept","name":"Media.extension-reasoncode.valueCodeableConcept","min":0,"maxLength":0,"mustSupport":false,"isModifier":false,"isSummary":false,"binding":{"strength":"example","valueSetReference":{"reference":"http://hl7.org/fhir/ValueSet/procedure-reason"}}},{"id":"annotation","path":"Media.extension","name":"annotation","definition":"An added or follow-up note, often after the fact, that contains metadata about who made the statement and when.","min":0,"max":"*","base":{"path":"Media.extension","min":0,"max":"*"},"type":[{"code":"Extension","profile":["http://hl7.org/fhir/us/shr/StructureDefinition/shr-core-Annotation-extension"]}],"maxLength":0,"mustSupport":false,"isModifier":false,"isSummary":false},{"id":"bodylocation","path":"Media.extension","name":"bodylocation","definition":"A location or structure in the body, including tissues, regions, cavities, and spaces; for example, right elbow, or left ventricle of the heart. Body location is a flexible structure that allows the location to be determined by a single code, or a code plus laterality and/or orientation. The body location can also be specified in relation to one or more body landmarks. SNOMED CT is used in all cases.\n+ Code only: The code should include (precoordinate) laterality and/orientation to the degree necessary to completely specify the body location.\n+ Code plus laterality and/or orientation: The basic code augmented by codes specifying the body side and/or anatomical orientation.\n+ Relation to landmark: The location relative to a landmark is specified by:\n- Establishing the location and type of landmark using a body site code and optional laterality/orientation, and\n- Specifying the direction and distance from the landmark to the body location.\nNote that BodyLocation is a data type, a reusable structure, not a stand-alone entity. The concept is similar to how a postal address can apply to a person, location, or organization. This contrasts with FHIR's stand-alone BodySite (aka BodyStructure in r4) which 'is not ... intended for describing the type of anatomical location but rather a specific body site on a specific patient' (FHIR 3.5).","min":0,"max":"1","base":{"path":"Media.extension","min":0,"max":"*"},"type":[{"code":"Extension","profile":["http://hl7.org/fhir/us/shr/StructureDefinition/shr-core-BodyLocation-extension"]}],"maxLength":0,"mustSupport":false,"isModifier":false,"isSummary":false},{"id":"status","path":"Media.extension","name":"status","definition":"A state that relates to the workflow or interpretation of this resource. Certain status values can modify the meaning of the resource, for example, entered-in-error. When a boolean value is used, Status of true indicates the record is active, false means inactive.","min":0,"max":"1","base":{"path":"Media.extension","min":0,"max":"*"},"type":[{"code":"Extension","profile":["http://hl7.org/fhir/us/shr/StructureDefinition/shr-core-Status-extension"]}],"maxLength":0,"mustSupport":false,"isModifier":false,"isSummary":false},{"id":"partof","path":"Media.extension","name":"partof","definition":"The larger entity that the asserted item is a portion of. For example, an organization part of a larger organization, or an encounter with a hospitalist might be part of a larger hospitalization encounter.","min":0,"max":"1","base":{"path":"Media.extension","min":0,"max":"*"},"type":[{"code":"Extension","profile":["http://hl7.org/fhir/us/shr/StructureDefinition/shr-core-PartOf-extension"]}],"maxLength":0,"mustSupport":false,"isModifier":false,"isSummary":false},{"id":"Media.subject","path":"Media.subject","name":"Media.subject","min":0,"type":[{"code":"Reference","profile":["http://hl7.org/fhir/us/shr/StructureDefinition/shr-core-Patient","http://hl7.org/fhir/us/shr/StructureDefinition/shr-core-Practitioner","http://hl7.org/fhir/us/shr/StructureDefinition/shr-core-Group","http://hl7.org/fhir/us/shr/StructureDefinition/shr-core-Device","http://hl7.org/fhir/us/shr/StructureDefinition/shr-core-Specimen"]}],"maxLength":0,"mustSupport":false,"isModifier":false,"isSummary":false},{"id":"Media.operator","path":"Media.operator","name":"Media.operator","min":0,"type":[{"code":"Reference","profile":["http://hl7.org/fhir/us/shr/StructureDefinition/shr-core-Practitioner"]}],"maxLength":0,"mustSupport":false,"isModifier":false,"isSummary":false}]}}