{"resourceType":"StructureDefinition","id":"vital-VitalSign","text":{"status":"generated","div":"<div xmlns=\"http://www.w3.org/1999/xhtml\">\n  <p><b>VitalSign Profile</b></p>\n  <p>Abstract class parent for all vital sign profiles.</p>\n  <p><b>Mapping Summary</b></p>\n  <p><pre>vital.VitalSign maps to Observation:\n  Language maps to language\n  ImplicitRules maps to implicitRules\n  Metadata.VersionId maps to meta.versionId\n  Metadata.SourceSystem maps to meta.extension\n  Metadata.Profile maps to meta.profile\n  Metadata.LastUpdated maps to meta.lastUpdated\n  Metadata.SecurityLabel maps to meta.security\n  Metadata.Tag maps to meta.tag\n  Narrative maps to text\n  Identifier maps to identifier\n  ObservationBasedOn maps to extension\n  ObservationPartOf maps to extension\n  Status maps to status\n  Category maps to category\n  Code maps to code\n  ObservationSubjectOfRecord maps to subject\n  FocalSubject maps to modifierExtension\n  CareContext maps to encounter\n  RelevantTime maps to effective[x]\n  StatementDateTime maps to issued\n  Performer maps to performer\n  DataValue maps to value[x]\n  DataAbsentReason maps to dataAbsentReason\n  Interpretation maps to interpretation\n  Annotation maps to extension\n  BodyLocation.Code maps to bodySite\n  BodyLocation.Laterality maps to bodySite.extension\n  BodyLocation.AnatomicalOrientation maps to bodySite.extension\n  BodyLocation.RelationToLandmark maps to bodySite.extension\n  Method maps to method\n  Specimen maps to specimen\n  Device maps to device\n  ReferenceRange maps to referenceRange\n  ReferenceRange.LowerBound maps to referenceRange.low\n  ReferenceRange.UpperBound maps to referenceRange.high\n  ReferenceRange.Type maps to referenceRange.meaning\n  ReferenceRange.ApplicableSubpopulation maps to referenceRange.extension\n  ReferenceRange.ApplicableAgeRange maps to referenceRange.age\n  ReferenceRange.Text maps to referenceRange.text\n  fix related.type to #has-member\r\n  PanelMembers maps to related\n  PanelMembers.Observation maps to related.target (slice at = related; slice on = target.reference.resolve(); slice on type = profile; slice strategy = includes)\n  ObservationDerivedFrom maps to extension\n  Components.ObservationComponent maps to component (slice on = code.coding.code; slice strategy = includes)\n  Components.ObservationComponent.Code maps to component.code\n  Components.ObservationComponent.DataValue maps to component.value[x]\n  Components.ObservationComponent.DataAbsentReason maps to component.dataAbsentReason\n  Components.ObservationComponent.ReferenceRange maps to component.referenceRange\n  Components.ObservationComponent.ReferenceRange.LowerBound maps to component.referenceRange.low\n  Components.ObservationComponent.ReferenceRange.UpperBound maps to component.referenceRange.high\n  Components.ObservationComponent.ReferenceRange.Type maps to component.referenceRange.meaning\n  Components.ObservationComponent.ReferenceRange.ApplicableAgeRange maps to component.referenceRange.age\n  Components.ObservationComponent.ReferenceRange.Text maps to component.referenceRange.text\n</pre></p>\n</div>"},"url":"http://mcodeinitiative.org/us/mcode/StructureDefinition/vital-VitalSign","version":"0.9.1","name":"VitalSign","display":"vital-VitalSign","status":"draft","publisher":"The MITRE Corporation","contact":[{"telecom":[{"system":"other","value":"http://standardhealthrecord.org","rank":0}]}],"date":"2019-10-23T00:00:00-04:00","description":"Abstract class parent for all vital sign profiles.","requirements":"Observations are a key aspect of healthcare.  This resource is used to capture those that do not require more sophisticated mechanisms.","fhirVersion":"1.0.2","mapping":[{"identity":"v2","uri":"http://hl7.org/v2","name":"HL7 v2"},{"identity":"rim","uri":"http://hl7.org/v3","name":"RIM"},{"identity":"w5","uri":"http://hl7.org/fhir/w5","name":"W5 Mapping"}],"kind":"resource","constrainedType":"Observation","abstract":false,"base":"http://hl7.org/fhir/StructureDefinition/Observation","snapshot":{"element":[{"id":"Observation","path":"Observation","name":"Observation","short":"vital-VitalSign","definition":"Abstract class parent for all vital sign profiles.","comments":"Used for simple observations such as device measurements, laboratory atomic results, vital signs, height, weight, smoking status, comments, etc.  Other resources are used to provide context for observations such as lab reports, etc.","alias":["Vital Signs","Measurement","Results","Tests"],"min":0,"max":"*","type":[{"code":"Observation"}],"maxLength":0,"constraint":[{"key":"obs-6","severity":"error","human":"SHALL only be present if Observation.value[x] is not present","xpath":"not(exists(f:dataAbsentReason)) or (not(exists(*[starts-with(local-name(.), 'value')])))"},{"key":"obs-7","severity":"error","human":"Component code SHALL not be same as observation code","xpath":"not(exists(f:component/f:code)) or count(for $coding in f:code/f:coding return parent::*/f:component/f:code/f:coding[f:code/@value=$coding/f:code/@value and f:system/@value=$coding/f:system/@value])=0"}],"mustSupport":false,"isModifier":false,"isSummary":false,"mapping":[{"identity":"v2","map":"OBX"},{"identity":"rim","map":"Observation[classCode=OBS, moodCode=EVN]"},{"identity":"w5","map":"clinical.diagnostics"}]},{"id":"Observation.id","path":"Observation.id","name":"Observation.id","short":"Logical id of this artifact","definition":"The logical id of the resource, as used in the URL for the resource. Once assigned, this value never changes.","comments":"The only time that a resource does not have an id is when it is being submitted to the server using a create operation. Bundles always have an id, though it is usually a generated UUID.","min":0,"max":"1","type":[{"code":"id"}],"maxLength":0,"mustSupport":false,"isModifier":false,"isSummary":true},{"id":"Observation.meta","path":"Observation.meta","name":"Observation.meta","short":"Metadata about the resource","definition":"The metadata about the resource. This is content that is maintained by the infrastructure. Changes to the content may not always be associated with version changes to the resource.","min":0,"max":"1","type":[{"code":"Meta"}],"maxLength":0,"mustSupport":false,"isModifier":false,"isSummary":true},{"id":"Observation.meta.id","path":"Observation.meta.id","representation":["xmlAttr"],"name":"Observation.meta.id","short":"xml:id (or equivalent in JSON)","definition":"unique id for the element within a resource (for internal references).","min":0,"max":"1","type":[{"code":"id"}],"maxLength":0,"mustSupport":false,"isModifier":false,"isSummary":false,"mapping":[{"identity":"rim","map":"n/a"}]},{"id":"Observation.meta.extension","path":"Observation.meta.extension","name":"Observation.meta.extension","slicing":{"id":"2","discriminator":["url"],"ordered":false,"rules":"open"},"short":"Additional Content defined by implementations","definition":"May be used to represent additional information that is not part of the basic definition of the element. In order to make the use of extensions safe and manageable, there is a strict set of governance  applied to the definition and use of extensions. Though any implementer is allowed to define an extension, there is a set of requirements that SHALL be met as part of the definition of the extension.","comments":"There can be no stigma associated with the use of extensions by any application, project, or standard - regardless of the institution or jurisdiction that uses or defines the extensions.  The use of extensions is what allows the FHIR specification to retain a core level of simplicity for everyone.","alias":["extensions","user content"],"min":0,"max":"*","type":[{"code":"Extension"}],"maxLength":0,"mustSupport":false,"isModifier":false,"isSummary":false,"mapping":[{"identity":"rim","map":"n/a"}]},{"id":"sourcesystem","path":"Observation.meta.extension","name":"sourcesystem","definition":"FHIR: This provides a minimal amount of Provenance information that can be used to track or differentiate the source of information in the resource. The source may identify another FHIR server, document, message, database, etc.\nFHIM: Identifies the computer system that created the medical record. This optional field may also be used to indicate that the medical record was originally created by a different organization from the one that is currently storing or utilizing the record in that the assigning authority of the Id could be set to that originating organization. This property is optional, as some systems will assume that all records that it contains originated in that system, however it is anticipated that it will become increasingly commonplace for records from multiple systems and organizations will be comingled in order to provide a complete picture of the patient's health record.","min":0,"max":"1","base":{"path":"Observation.meta.extension","min":0,"max":"*"},"type":[{"code":"Extension","profile":["http://mcodeinitiative.org/us/mcode/StructureDefinition/obf-SourceSystem-extension"]}],"maxLength":0,"mustSupport":false,"isModifier":false,"isSummary":false},{"id":"Observation.meta.versionId","path":"Observation.meta.versionId","name":"Observation.meta.versionId","short":"Version specific identifier","definition":"The version specific identifier, as it appears in the version portion of the URL. This values changes when the resource is created, updated, or deleted.","comments":"The server assigns this value, and ignores what the client specifies, except in the case that the server is imposing version integrity on updates/deletes.","min":0,"max":"1","type":[{"code":"id"}],"maxLength":0,"mustSupport":false,"isModifier":false,"isSummary":true},{"id":"Observation.meta.lastUpdated","path":"Observation.meta.lastUpdated","name":"Observation.meta.lastUpdated","short":"When the resource version last changed","definition":"When the resource last changed - e.g. when the version changed.","comments":"This value is always populated except when the resource is first being created. The server / resource manager sets this value; what a client provides is irrelevant.","min":0,"max":"1","type":[{"code":"instant"}],"maxLength":0,"mustSupport":false,"isModifier":false,"isSummary":true},{"id":"Observation.meta.profile","path":"Observation.meta.profile","name":"Observation.meta.profile","short":"Profiles this resource claims to conform to","definition":"A list of profiles [[[StructureDefinition]]]s that this resource claims to conform to. The URL is a reference to [[[StructureDefinition.url]]].","comments":"It is up to the server and/or other infrastructure of policy to determine whether/how these claims are verified and/or updated over time.  The list of profile URLs is a set.","min":0,"max":"*","type":[{"code":"uri"}],"maxLength":0,"mustSupport":false,"isModifier":false,"isSummary":true},{"id":"Observation.meta.security","path":"Observation.meta.security","name":"Observation.meta.security","short":"Security Labels applied to this resource","definition":"Security labels applied to this resource. These tags connect specific resources to the overall security policy and infrastructure.","comments":"The security labels can be updated without changing the stated version of the resource  The list of security labels is a set. Uniqueness is based the system/code, and version and display are ignored.","min":0,"max":"*","type":[{"code":"Coding"}],"maxLength":0,"mustSupport":false,"isModifier":false,"isSummary":true,"binding":{"strength":"extensible","description":"Security Labels from the Healthcare Privacy and Security Classification System.","valueSetReference":{"reference":"http://hl7.org/fhir/ValueSet/security-labels"}}},{"id":"Observation.meta.tag","path":"Observation.meta.tag","name":"Observation.meta.tag","short":"Tags applied to this resource","definition":"Tags applied to this resource. Tags are intended to be used to identify and relate resources to process and workflow, and applications are not required to consider the tags when interpreting the meaning of a resource.","comments":"The tags can be updated without changing the stated version of the resource.  The list of tags is a set. Uniqueness is based the system/code, and version and display are ignored.","min":0,"max":"*","type":[{"code":"Coding"}],"maxLength":0,"mustSupport":false,"isModifier":false,"isSummary":true,"binding":{"strength":"example","description":"Codes that represent various types of tags, commonly workflow-related; e.g. \"Needs review by Dr. Jones\""}},{"id":"Observation.implicitRules","path":"Observation.implicitRules","name":"Observation.implicitRules","short":"A set of rules under which this content was created","definition":"A reference to a set of rules that were followed when the resource was constructed, and which must be understood when processing the content.","comments":"Asserting this rule set restricts the content to be only understood by a limited set of trading partners. This inherently limits the usefulness of the data in the long term. However, the existing health eco-system is highly fractured, and not yet ready to define, collect, and exchange data in a generally computable sense. Wherever possible, implementers and/or specification writers should avoid using this element as much as possible.","min":0,"max":"1","type":[{"code":"uri"}],"maxLength":0,"mustSupport":false,"isModifier":true,"isSummary":true},{"id":"Observation.language","path":"Observation.language","name":"Observation.language","short":"Language of the resource content","definition":"The base language in which the resource is written.","comments":"Language is provided to support indexing and accessibility (typically, services such as text to speech use the language tag). The html language tag in the narrative applies  to the narrative. The language tag on the resource may be used to specify the language of other presentations generated from the data in the resource  Not all the content has to be in the base language. The Resource.language should not be assumed to apply to the narrative automatically. If a language is specified, it should it also be specified on the div element in the html (see rules in HTML5 for information about the relationship between xml:lang and the html lang attribute).","min":0,"max":"1","type":[{"code":"code"}],"maxLength":0,"mustSupport":false,"isModifier":false,"isSummary":false,"binding":{"strength":"required","description":"A human language.","valueSetReference":{"reference":"http://tools.ietf.org/html/bcp47"}}},{"id":"Observation.text","path":"Observation.text","name":"Observation.text","short":"Text summary of the resource, for human interpretation","definition":"A human-readable narrative that contains a summary of the resource, and may be used to represent the content of the resource to a human. The narrative need not encode all the structured data, but is required to contain sufficient detail to make it \"clinically safe\" for a human to just read the narrative. Resource definitions may define what content should be represented in the narrative to ensure clinical safety.","comments":"Contained resources do not have narrative. Resources that are not contained SHOULD have a narrative.","alias":["narrative","html","xhtml","display"],"min":0,"max":"1","type":[{"code":"Narrative"}],"maxLength":0,"condition":["dom-1"],"mustSupport":false,"isModifier":false,"isSummary":false,"mapping":[{"identity":"rim","map":"Act.text?"}]},{"id":"Observation.contained","path":"Observation.contained","name":"Observation.contained","short":"Contained, inline Resources","definition":"These resources do not have an independent existence apart from the resource that contains them - they cannot be identified independently, and nor can they have their own independent transaction scope.","comments":"This should never be done when the content can be identified properly, as once identification is lost, it is extremely difficult (and context dependent) to restore it again.","alias":["inline resources","anonymous resources","contained resources"],"min":0,"max":"*","type":[{"code":"Resource"}],"maxLength":0,"mustSupport":false,"isModifier":false,"isSummary":false,"mapping":[{"identity":"rim","map":"N/A"}]},{"id":"Observation.extension","path":"Observation.extension","name":"Observation.extension","slicing":{"id":"1","discriminator":["url"],"ordered":false,"rules":"open"},"short":"Additional Content defined by implementations","definition":"May be used to represent additional information that is not part of the basic definition of the resource. In order to make the use of extensions safe and manageable, there is a strict set of governance  applied to the definition and use of extensions. Though any implementer is allowed to define an extension, there is a set of requirements that SHALL be met as part of the definition of the extension.","comments":"There can be no stigma associated with the use of extensions by any application, project, or standard - regardless of the institution or jurisdiction that uses or defines the extensions.  The use of extensions is what allows the FHIR specification to retain a core level of simplicity for everyone.","alias":["extensions","user content"],"min":0,"max":"*","type":[{"code":"Extension"}],"maxLength":0,"mustSupport":false,"isModifier":false,"isSummary":false,"mapping":[{"identity":"rim","map":"N/A"}]},{"id":"observationbasedon","path":"Observation.extension","name":"observationbasedon","definition":"The plan, proposal or order that is fulfilled in whole or in part by this event. For example, a MedicationRequest may require a patient to have laboratory test performed before it is dispensed.","min":0,"max":"*","base":{"path":"Observation.extension","min":0,"max":"*"},"type":[{"code":"Extension","profile":["http://mcodeinitiative.org/us/mcode/StructureDefinition/obf-ObservationBasedOn-extension"]}],"maxLength":0,"mustSupport":false,"isModifier":false,"isSummary":false},{"id":"observationpartof","path":"Observation.extension","name":"observationpartof","definition":"A larger event of which this particular Observation is a component or step. For example, an observation as part of a procedure.","min":0,"max":"*","base":{"path":"Observation.extension","min":0,"max":"*"},"type":[{"code":"Extension","profile":["http://mcodeinitiative.org/us/mcode/StructureDefinition/obf-ObservationPartOf-extension"]}],"maxLength":0,"mustSupport":false,"isModifier":false,"isSummary":false},{"id":"annotation","path":"Observation.extension","name":"annotation","definition":"An added or follow-up note, often after the fact, that contains metadata about who made the statement and when.","min":0,"max":"*","base":{"path":"Observation.extension","min":0,"max":"*"},"type":[{"code":"Extension","profile":["http://mcodeinitiative.org/us/mcode/StructureDefinition/obf-Annotation-extension"]}],"maxLength":0,"mustSupport":false,"isModifier":false,"isSummary":false},{"id":"observationderivedfrom","path":"Observation.extension","name":"observationderivedfrom","definition":"The target resource that represents a measurement from which this observation value is derived. For example, a calculated anion gap or a fetal measurement based on an ultrasound image.","min":0,"max":"*","base":{"path":"Observation.extension","min":0,"max":"*"},"type":[{"code":"Extension","profile":["http://mcodeinitiative.org/us/mcode/StructureDefinition/obf-ObservationDerivedFrom-extension"]}],"maxLength":0,"mustSupport":false,"isModifier":false,"isSummary":false},{"id":"preconditioncode","path":"Observation.extension","name":"preconditioncode","definition":"A coded description of the conditions or context of an observation, for example, under sedation, fasting or post-exercise. A qualifier cannot modify the measurement type; for example, a fasting blood sugar is still a blood sugar.","min":0,"max":"*","base":{"path":"Observation.extension","min":0,"max":"*"},"type":[{"code":"Extension","profile":["http://mcodeinitiative.org/us/mcode/StructureDefinition/vital-PreconditionCode-extension"]}],"maxLength":0,"mustSupport":false,"isModifier":false,"isSummary":false},{"id":"Observation.modifierExtension","path":"Observation.modifierExtension","name":"Observation.modifierExtension","slicing":{"id":"3","discriminator":["url"],"ordered":false,"rules":"open"},"short":"Extensions that cannot be ignored","definition":"May be used to represent additional information that is not part of the basic definition of the resource, and that modifies the understanding of the element that contains it. Usually modifier elements provide negation or qualification. In order to make the use of extensions safe and manageable, there is a strict set of governance applied to the definition and use of extensions. Though any implementer is allowed to define an extension, there is a set of requirements that SHALL be met as part of the definition of the extension. Applications processing a resource are required to check for modifier extensions.","comments":"There can be no stigma associated with the use of extensions by any application, project, or standard - regardless of the institution or jurisdiction that uses or defines the extensions.  The use of extensions is what allows the FHIR specification to retain a core level of simplicity for everyone.","alias":["extensions","user content"],"min":0,"max":"*","type":[{"code":"Extension"}],"maxLength":0,"mustSupport":false,"isModifier":true,"isSummary":false,"mapping":[{"identity":"rim","map":"N/A"}]},{"id":"focalsubject","path":"Observation.modifierExtension","name":"focalsubject","definition":"The person or entity that the information in this resource relates to, if different than the person of record. The subject of information can be a reference or a code, the latter when the subject is described generically, for example, in terms of a relationship to the subject of record (e.g., wife).","min":0,"max":"*","base":{"path":"Observation.modifierExtension","min":0,"max":"*"},"type":[{"code":"Extension","profile":["http://mcodeinitiative.org/us/mcode/StructureDefinition/obf-FocalSubject-extension"]}],"maxLength":0,"mustSupport":true,"isModifier":true,"isSummary":false},{"id":"Observation.modifierExtension-focalsubject.id","path":"Observation.modifierExtension.id","representation":["xmlAttr"],"name":"Observation.modifierExtension-focalsubject.id","short":"xml:id (or equivalent in JSON)","definition":"unique id for the element within a resource (for internal references).","min":0,"max":"1","base":{"path":"Element.id","min":0,"max":"1"},"type":[{"code":"id"}],"maxLength":0,"mustSupport":false,"isModifier":false,"isSummary":false,"mapping":[{"identity":"rim","map":"n/a"}]},{"id":"Observation.modifierExtension-focalsubject.extension","path":"Observation.modifierExtension.extension","name":"Observation.modifierExtension-focalsubject.extension","short":"Additional Content defined by implementations","definition":"May be used to represent additional information that is not part of the basic definition of the element. In order to make the use of extensions safe and manageable, there is a strict set of governance  applied to the definition and use of extensions. Though any implementer is allowed to define an extension, there is a set of requirements that SHALL be met as part of the definition of the extension.","comments":"There can be no stigma associated with the use of extensions by any application, project, or standard - regardless of the institution or jurisdiction that uses or defines the extensions.  The use of extensions is what allows the FHIR specification to retain a core level of simplicity for everyone.","alias":["extensions","user content"],"min":0,"max":"0","base":{"path":"Element.extension","min":0,"max":"*"},"type":[{"code":"Extension"}],"maxLength":0,"mustSupport":false,"isModifier":false,"isSummary":false,"mapping":[{"identity":"rim","map":"n/a"}]},{"id":"Observation.modifierExtension-focalsubject.url","path":"Observation.modifierExtension.url","representation":["xmlAttr"],"name":"Observation.modifierExtension-focalsubject.url","short":"identifies the meaning of the extension","definition":"Source of the definition for the extension code - a logical name or a URL.","comments":"The definition may point directly to a computable or human-readable definition of the extensibility codes, or it may be a logical URI as declared in some other specification. The definition should be version specific.  This will ideally be the URI for the Resource Profile defining the extension, with the code for the extension after a #.","min":1,"max":"1","base":{"path":"Extension.url","min":1,"max":"1"},"type":[{"code":"uri"}],"fixedUri":"http://mcodeinitiative.org/us/mcode/StructureDefinition/obf-FocalSubject-extension","maxLength":0,"mustSupport":false,"isModifier":false,"isSummary":false,"mapping":[{"identity":"rim","map":"N/A"}]},{"id":"Observation.modifierExtension-focalsubject.valueReference","path":"Observation.modifierExtension.valueReference","name":"Observation.modifierExtension-focalsubject.valueReference","short":"Resource: Parent class for any item in clinical or administrative health-related system","definition":"Parent class for any item in clinical or administrative health-related system. Contains metadata attributes that apply to any item represented in the standard health record. An DomainResource can belong to a single person's health record, or represent an entity that surfaces in multiple records, such as organizations, providers, payments, decision support artifacts, etc.","min":1,"max":"1","base":{"path":"Extension.value[x]","min":0,"max":"1"},"type":[{"code":"Reference","profile":["http://mcodeinitiative.org/us/mcode/StructureDefinition/obf-Resource"]}],"maxLength":0,"mustSupport":false,"isModifier":false,"isSummary":false,"mapping":[{"identity":"rim","map":"N/A"}]},{"id":"Observation.identifier","path":"Observation.identifier","name":"Observation.identifier","short":"Unique Id for this particular observation","definition":"A unique identifier for the simple observation instance.","requirements":"Allows observations to be distinguished and referenced.","min":0,"max":"*","type":[{"code":"Identifier"}],"maxLength":0,"mustSupport":false,"isModifier":false,"isSummary":false,"mapping":[{"identity":"v2","map":"OBX.21"},{"identity":"rim","map":"id"},{"identity":"w5","map":"id"}]},{"id":"Observation.status","extension":[{"url":"http://hl7.org/fhir/StructureDefinition/structuredefinition-display-hint","valueString":"default: final"}],"path":"Observation.status","name":"Observation.status","short":"registered | preliminary | final | amended +","definition":"The status of the result value.","requirements":"Need to track the status of individual results. Some results are finalized before the whole report is finalized.","min":1,"max":"1","type":[{"code":"code"}],"maxLength":0,"mustSupport":false,"isModifier":true,"isSummary":true,"binding":{"strength":"required","description":"Codes providing the status of an observation.","valueSetReference":{"reference":"http://hl7.org/fhir/ValueSet/observation-status"}},"mapping":[{"identity":"v2","map":"OBX-11"},{"identity":"rim","map":"status  Amended & Final are differentiated by whether it is the subject of a ControlAct event with a type of \"revise\""},{"identity":"w5","map":"status"}]},{"id":"Observation.category","path":"Observation.category","name":"Observation.category","short":"Classification of  type of observation","definition":"A code that classifies the general type of observation being made.  This is used  for searching, sorting and display purposes.","comments":"The level of granularity is defined by the category concepts in the value set.   More fine-grained filtering can be performed using the metadata and/or terminology hierarchy in Observation.code.","min":1,"max":"1","base":{"path":"Observation.category","min":0,"max":"1"},"type":[{"code":"CodeableConcept"}],"maxLength":0,"mustSupport":false,"isModifier":false,"isSummary":false,"binding":{"strength":"extensible","description":"Codes for high level observation categories .","valueSetReference":{"reference":"http://hl7.org/fhir/ValueSet/observation-category"}},"mapping":[{"identity":"rim","map":".outboundRelationship[typeCode=\"COMP].target[classCode=\"LIST\", moodCode=\"EVN\"].code"},{"identity":"w5","map":"class"}]},{"id":"Observation.code","path":"Observation.code","name":"Observation.code","short":"Type of observation (code / type)","definition":"Describes what was observed. Sometimes this is called the observation \"name\".","requirements":"Knowing what kind of observation is being made is essential to understanding the observation.","min":1,"max":"1","type":[{"code":"CodeableConcept"}],"maxLength":0,"mustSupport":false,"isModifier":false,"isSummary":true,"binding":{"strength":"example","description":"Codes identifying names of simple observations.","valueSetReference":{"reference":"http://hl7.org/fhir/ValueSet/observation-codes"}},"mapping":[{"identity":"v2","map":"OBX-3"},{"identity":"rim","map":"code"},{"identity":"w5","map":"what"}]},{"id":"Observation.subject","path":"Observation.subject","name":"Observation.subject","short":"The subject of an observation","definition":"The subject of an observation.","comments":"One would expect this element to be a cardinality  of 1..1.  The only circumstance in which the subject can be missing is when the observation is made by a device that does not know the patient. In this case, the observation SHALL be matched to a patient through some context/channel matching technique, and at this point, the observation should be updated.\r\rIf the target of the observation is different than the subject, the general extension [observation-focal-subject](extension-observation-focal-subject.html).  may be used.  However, the distinction between the patient's own value for an observation versus that of the fetus, or the donor or blood product unit, etc., are often specified in the observation code.","requirements":"Observations have no value if you don't know who or what they're about.","min":1,"max":"1","base":{"path":"Observation.subject","min":0,"max":"1"},"type":[{"code":"Reference","profile":["http://mcodeinitiative.org/us/mcode/StructureDefinition/obf-Patient"]}],"maxLength":0,"mustSupport":false,"isModifier":false,"isSummary":true,"mapping":[{"identity":"v2","map":"PID-3"},{"identity":"rim","map":"participation[typeCode=SBJ]"},{"identity":"w5","map":"who.focus"}]},{"id":"Observation.encounter","path":"Observation.encounter","name":"Observation.encounter","short":"Healthcare event during which this observation is made","definition":"The healthcare event  (e.g. a patient and healthcare provider interaction) during which this observation is made.","requirements":"For some observations it may be important to know the link between an observation and a particular encounter.","min":0,"max":"1","type":[{"code":"Reference","profile":["http://hl7.org/fhir/StructureDefinition/Encounter"]}],"maxLength":0,"mustSupport":false,"isModifier":false,"isSummary":false,"mapping":[{"identity":"v2","map":"PV1"},{"identity":"rim","map":"inboundRelationship[typeCode=COMP].source[classCode=ENC, moodCode=EVN]"},{"identity":"w5","map":"context"}]},{"id":"Observation.effectivex","path":"Observation.effective[x]","name":"Observation.effectivex","short":"Clinically relevant time/time-period for observation","definition":"The time or time-period the observed value is asserted as being true. For biological subjects - e.g. human patients - this is usually called the \"physiologically relevant time\". This is usually either the time of the procedure or of specimen collection, but very often the source of the date/time is not known, only the date/time itself.","comments":"At least a date should be present unless this observation is a historical report.","requirements":"Knowing when an observation was deemed true is important to its relevance as well as determining trends.","min":0,"max":"1","type":[{"code":"dateTime"},{"code":"Period"}],"maxLength":0,"mustSupport":false,"isModifier":false,"isSummary":true,"mapping":[{"identity":"v2","map":"OBX-14, and/or OBX-19 after v2.4  (depends on who observation made)"},{"identity":"rim","map":"effectiveTime"},{"identity":"w5","map":"when.done"}]},{"id":"Observation.issued","path":"Observation.issued","name":"Observation.issued","short":"Date/Time this was made available","definition":"The date and time this observation was made available to providers, typically after the results have been reviewed and verified.","comments":"Updated when the result is updated.","min":0,"max":"1","type":[{"code":"instant"}],"maxLength":0,"mustSupport":false,"isModifier":false,"isSummary":true,"mapping":[{"identity":"v2","map":"OBR.22 (or MSH.7), or perhaps OBX-19 (depends on who observation made)"},{"identity":"rim","map":"participation[typeCode=AUT].time"},{"identity":"w5","map":"when.recorded"}]},{"id":"Observation.performer","path":"Observation.performer","name":"Observation.performer","short":"Who is responsible for the observation","definition":"Who was responsible for asserting the observed value as \"true\".","requirements":"May give a degree of confidence in the observation and also indicates where follow-up questions should be directed.","min":0,"max":"*","type":[{"code":"Reference","profile":["http://hl7.org/fhir/StructureDefinition/Practitioner","http://hl7.org/fhir/StructureDefinition/Organization","http://mcodeinitiative.org/us/mcode/StructureDefinition/obf-Patient","http://hl7.org/fhir/StructureDefinition/RelatedPerson"]}],"maxLength":0,"mustSupport":false,"isModifier":false,"isSummary":true,"mapping":[{"identity":"v2","map":"OBX.15 / (Practitioner)  OBX-16,  PRT-5:PRT-4='RO' /  (Device)  OBX-18 , PRT-10:PRT-4='EQUIP' / (Organization)  OBX-23,  PRT-8:PRT-4='PO'"},{"identity":"rim","map":"participation[typeCode=PRF]"},{"identity":"w5","map":"who.actor"}]},{"id":"Observation.valueQuantity","path":"Observation.valueQuantity","name":"Observation.valueQuantity","short":"Actual result","definition":"The information determined as a result of making the observation, if the information has a simple value.","comments":"Normally, an observation will have either a value or a set of related observations. A few observations (e.g. Apgar score) may have both a value and related observations (for an Apgar score, the observations from which the measure is derived). If a value is present, the datatype for this element should be determined by Observation.code. This element has a variable name depending on the type as follows: valueQuantity, valueCodeableConcept, valueString, valueRange, valueRatio, valueSampledData, valueAttachment, valueTime, valueDateTime, or valuePeriod. (The name format is \"'value' + the type name\" with a capital on the first letter of the type).\r\r\rIf the data element is usually coded or if the type associated with the Observation.value defines a coded value, use CodeableConcept instead of string datatype even if the value is uncoded text.  A value set is bound to the ValueCodeableConcept element.  For boolean values use valueCodeableConcept and select codes from [HL7 Version 2 Table 0136](v2/0136/index.html). These \"yes/no\" concepts can be mapped to the display name \"true/false\" or other mutually exclusive terms that may be needed.   For further discussion and examples see the  [notes section](observation.html#4.20.4) below.","requirements":"An observation exists to have a value, though it may not if it is in error, or it represents a group of observations.","min":0,"max":"1","type":[{"code":"Quantity"}],"maxLength":0,"mustSupport":false,"isModifier":false,"isSummary":true,"mapping":[{"identity":"v2","map":"OBX.2, OBX.5, OBX.6"},{"identity":"rim","map":"value"}]},{"id":"Observation.dataAbsentReason","path":"Observation.dataAbsentReason","name":"Observation.dataAbsentReason","short":"Why the result is missing","definition":"Provides a reason why the expected value in the element Observation.value[x] is missing.","comments":"Null or exceptional values can be represented two ways in FHIR Observations.  One way is to simply include them in the value set and represent the exceptions in the value.  For example, measurement values for a serology test could be  \"detected\", \"not detected\", \"inconclusive\", or  \"specimen unsatisfactory\".   The alternate way is to use the value element for actual observations and use the explicit dataAbsentReason element to record exceptional values.  For example, the dataAbsentReason code \"error\" could be used when the measurement was not completed.  Because of these options, use-case agreements are required to interpret general observations for exceptional values.","requirements":"For many results it is necessary to handle exceptional values in measurements.","min":0,"max":"1","type":[{"code":"CodeableConcept"}],"maxLength":0,"condition":["obs-6"],"mustSupport":false,"isModifier":false,"isSummary":false,"binding":{"strength":"extensible","description":"Codes specifying why the result (Observation.value[x]) is missing.","valueSetReference":{"reference":"http://hl7.org/fhir/ValueSet/observation-valueabsentreason"}},"mapping":[{"identity":"v2","map":"N/A"},{"identity":"rim","map":"value.nullFlavor"}]},{"id":"Observation.interpretation","path":"Observation.interpretation","name":"Observation.interpretation","short":"High, low, normal, etc.","definition":"The assessment made based on the result of the observation.  Intended as a simple compact code often placed adjacent to the result value in reports and flow sheets to signal the meaning/normalcy status of the result. Otherwise known as abnormal flag.","requirements":"For some results, particularly numeric results, an interpretation is necessary to fully understand the significance of a result.","alias":["Abnormal Flag"],"min":0,"max":"1","type":[{"code":"CodeableConcept"}],"maxLength":0,"mustSupport":false,"isModifier":false,"isSummary":false,"binding":{"strength":"extensible","valueSetReference":{"reference":"http://mcodeinitiative.org/us/mcode/ValueSet/obf-QuantitativeResultInterpretationVS"}},"mapping":[{"identity":"v2","map":"OBX-8"},{"identity":"rim","map":"interpretationCode"}]},{"id":"Observation.comments","path":"Observation.comments","name":"Observation.comments","short":"Comments about result","definition":"May include statements about significant, unexpected or unreliable values, or information about the source of the value where this may be relevant to the interpretation of the result.","requirements":"Need to be able to provide free text additional information.","min":0,"max":"1","type":[{"code":"string"}],"maxLength":0,"mustSupport":false,"isModifier":false,"isSummary":false,"mapping":[{"identity":"v2","map":"NTE.3 (partner NTE to OBX, or sometimes another (child?) OBX)"},{"identity":"rim","map":"subjectOf.observationEvent[code=\"annotation\"].value"}]},{"id":"Observation.bodySite","path":"Observation.bodySite","name":"Observation.bodySite","short":"Observed body part","definition":"Indicates the site on the subject's body where the observation was made (i.e. the target site).","comments":"Only used if not implicit in code found in Observation.code.  If the use case requires BodySite to be handled as a separate resource instead of an inline coded element (e.g. to identify and track separately) then use the standard extension[ body-site-instance](extension-body-site-instance.html).","requirements":"Knowing where the observation is made is important for tracking if multiple sites are possible.","min":0,"max":"1","type":[{"code":"CodeableConcept"}],"maxLength":0,"mustSupport":false,"isModifier":false,"isSummary":false,"binding":{"strength":"preferred","description":"Codes describing anatomical locations. May include laterality.","valueSetReference":{"reference":"http://hl7.org/fhir/ValueSet/body-site"}},"mapping":[{"identity":"v2","map":"OBX-20"},{"identity":"rim","map":"targetSiteCode"}]},{"id":"Observation.method","path":"Observation.method","name":"Observation.method","short":"How it was done","definition":"Indicates the mechanism used to perform the observation.","comments":"Only used if not implicit in code for Observation.code.","requirements":"In some cases, method can impact results and is thus used for determining whether results can be compared or determining significance of results.","min":0,"max":"1","type":[{"code":"CodeableConcept"}],"maxLength":0,"mustSupport":false,"isModifier":false,"isSummary":false,"binding":{"strength":"example","description":"Methods for simple observations.","valueSetReference":{"reference":"http://hl7.org/fhir/ValueSet/observation-methods"}},"mapping":[{"identity":"v2","map":"OBX-17"},{"identity":"rim","map":"methodCode"}]},{"id":"Observation.specimen","path":"Observation.specimen","name":"Observation.specimen","short":"Specimen used for this observation","definition":"The specimen that was used when this observation was made.","comments":"Observations are not made on specimens themselves; they are made on a subject, but usually by the means of a specimen. Note that although specimens are often involved, they are not always tracked and reported explicitly. Also note that observation resources may be used in contexts that track the specimen explicitly (e.g. Diagnostic Report).","min":0,"max":"0","base":{"path":"Observation.specimen","min":0,"max":"1"},"type":[{"code":"Reference","profile":["http://hl7.org/fhir/StructureDefinition/Specimen"]}],"maxLength":0,"mustSupport":false,"isModifier":false,"isSummary":false,"mapping":[{"identity":"v2","map":"SPM segment"},{"identity":"rim","map":"participation[typeCode=SPC].specimen"}]},{"id":"Observation.device","path":"Observation.device","name":"Observation.device","short":"(Measurement) Device","definition":"The device used to generate the observation data.","comments":"An extension should be used if further typing of the device is needed.  Devices used to support obtaining an observation can be represented using either extension or through the Observation.related element.","min":0,"max":"0","base":{"path":"Observation.device","min":0,"max":"1"},"type":[{"code":"Reference","profile":["http://fhir.org/guides/argonaut/StructureDefinition/argo-device"]}],"maxLength":0,"mustSupport":false,"isModifier":false,"isSummary":false,"mapping":[{"identity":"v2","map":"OBX-17 / PRT -10"},{"identity":"rim","map":"participation[typeCode=DEV]"}]},{"id":"Observation.referenceRange","path":"Observation.referenceRange","name":"Observation.referenceRange","short":"Provides guide for interpretation","definition":"Guidance on how to interpret the value by comparison to a normal or recommended range.","comments":"Most observations only have one generic reference range. Systems MAY choose to restrict to only supplying the relevant reference range based on knowledge about the patient (e.g. specific to the patient's age, gender, weight and other factors), but this may not be possible or appropriate. Whenever more than one reference range is supplied, the differences between them SHOULD be provided in the reference range and/or age properties.","requirements":"Knowing what values are considered \"normal\" can help evaluate the significance of a particular result. Need to be able to provide multiple reference ranges for different contexts.","min":0,"max":"1","base":{"path":"Observation.referenceRange","min":0,"max":"*"},"type":[{"code":"BackboneElement"}],"maxLength":0,"constraint":[{"key":"obs-3","severity":"error","human":"Must have at least a low or a high or text","xpath":"(exists(f:low) or exists(f:high)or exists(f:text))"}],"mustSupport":false,"isModifier":false,"isSummary":false,"mapping":[{"identity":"v2","map":"OBX.7"},{"identity":"rim","map":"outboundRelationship[typeCode=REFV]/target[classCode=OBS, moodCode=EVN]"}]},{"id":"Observation.referenceRange.id","path":"Observation.referenceRange.id","representation":["xmlAttr"],"name":"Observation.referenceRange.id","short":"xml:id (or equivalent in JSON)","definition":"unique id for the element within a resource (for internal references).","min":0,"max":"1","type":[{"code":"id"}],"maxLength":0,"mustSupport":false,"isModifier":false,"isSummary":false,"mapping":[{"identity":"rim","map":"n/a"}]},{"id":"Observation.referenceRange.extension","path":"Observation.referenceRange.extension","name":"Observation.referenceRange.extension","slicing":{"id":"4","discriminator":["url"],"ordered":false,"rules":"open"},"short":"Additional Content defined by implementations","definition":"May be used to represent additional information that is not part of the basic definition of the element. In order to make the use of extensions safe and manageable, there is a strict set of governance  applied to the definition and use of extensions. Though any implementer is allowed to define an extension, there is a set of requirements that SHALL be met as part of the definition of the extension.","comments":"There can be no stigma associated with the use of extensions by any application, project, or standard - regardless of the institution or jurisdiction that uses or defines the extensions.  The use of extensions is what allows the FHIR specification to retain a core level of simplicity for everyone.","alias":["extensions","user content"],"min":0,"max":"*","type":[{"code":"Extension"}],"maxLength":0,"mustSupport":false,"isModifier":false,"isSummary":false,"mapping":[{"identity":"rim","map":"n/a"}]},{"id":"applicablesubpopulation","path":"Observation.referenceRange.extension","name":"applicablesubpopulation","definition":"Codes to indicate the target population this reference range applies to. For example, a reference range may be based on the normal population or a particular sex or race.","min":0,"max":"1","base":{"path":"Observation.referenceRange.extension","min":0,"max":"*"},"type":[{"code":"Extension","profile":["http://mcodeinitiative.org/us/mcode/StructureDefinition/obf-ApplicableSubpopulation-extension"]}],"maxLength":0,"mustSupport":false,"isModifier":false,"isSummary":false},{"id":"Observation.referenceRange.modifierExtension","path":"Observation.referenceRange.modifierExtension","name":"Observation.referenceRange.modifierExtension","short":"Extensions that cannot be ignored","definition":"May be used to represent additional information that is not part of the basic definition of the element, and that modifies the understanding of the element that contains it. Usually modifier elements provide negation or qualification. In order to make the use of extensions safe and manageable, there is a strict set of governance applied to the definition and use of extensions. Though any implementer is allowed to define an extension, there is a set of requirements that SHALL be met as part of the definition of the extension. Applications processing a resource are required to check for modifier extensions.","comments":"There can be no stigma associated with the use of extensions by any application, project, or standard - regardless of the institution or jurisdiction that uses or defines the extensions.  The use of extensions is what allows the FHIR specification to retain a core level of simplicity for everyone.","alias":["extensions","user content","modifiers"],"min":0,"max":"*","type":[{"code":"Extension"}],"maxLength":0,"mustSupport":false,"isModifier":true,"isSummary":false,"mapping":[{"identity":"rim","map":"N/A"}]},{"id":"Observation.referenceRange.low","path":"Observation.referenceRange.low","name":"Observation.referenceRange.low","short":"Low Range, if relevant","definition":"The value of the low bound of the reference range.  The low bound of the reference range endpoint is inclusive of the value (e.g.  reference range is >=5 - <=9).   If the low bound is omitted,  it is assumed to be meaningless (e.g. reference range is <=2.3).","min":0,"max":"1","type":[{"code":"Quantity","profile":["http://hl7.org/fhir/StructureDefinition/SimpleQuantity"]}],"maxLength":0,"condition":["obs-3"],"mustSupport":false,"isModifier":false,"isSummary":false,"mapping":[{"identity":"v2","map":"OBX-7"},{"identity":"rim","map":"value:IVL_PQ.low"}]},{"id":"Observation.referenceRange.high","path":"Observation.referenceRange.high","name":"Observation.referenceRange.high","short":"High Range, if relevant","definition":"The value of the high bound of the reference range.  The high bound of the reference range endpoint is inclusive of the value (e.g.  reference range is >=5 - <=9).   If the high bound is omitted,  it is assumed to be meaningless (e.g. reference range is >= 2.3).","min":0,"max":"1","type":[{"code":"Quantity","profile":["http://hl7.org/fhir/StructureDefinition/SimpleQuantity"]}],"maxLength":0,"condition":["obs-3"],"mustSupport":false,"isModifier":false,"isSummary":false,"mapping":[{"identity":"v2","map":"OBX-7"},{"identity":"rim","map":"value:IVL_PQ.high"}]},{"id":"Observation.referenceRange.meaning","path":"Observation.referenceRange.meaning","name":"Observation.referenceRange.meaning","short":"Indicates the meaning/use of this range of this range","definition":"Code for the meaning of the reference range.","comments":"This SHOULD be populated if there is more than one range.","requirements":"Need to be able to say what kind of reference range this is - normal, recommended, therapeutic, or perhaps what state this reference range applies to (i.e. age, hormonal cycles, etc.).","min":0,"max":"1","type":[{"code":"CodeableConcept"}],"maxLength":0,"mustSupport":false,"isModifier":false,"isSummary":false,"binding":{"strength":"extensible","description":"Code for the meaning of a reference range.","valueSetReference":{"reference":"http://hl7.org/fhir/ValueSet/referencerange-meaning"}},"mapping":[{"identity":"v2","map":"OBX-10?"},{"identity":"rim","map":"interpretationCode"}]},{"id":"Observation.referenceRange.age","path":"Observation.referenceRange.age","name":"Observation.referenceRange.age","short":"Applicable age range, if relevant","definition":"The age at which this reference range is applicable. This is a neonatal age (e.g. number of weeks at term) if the meaning says so.","requirements":"Some analytes vary greatly over age.","min":0,"max":"1","type":[{"code":"Range"}],"maxLength":0,"mustSupport":false,"isModifier":false,"isSummary":false,"mapping":[{"identity":"rim","map":"outboundRelationship[typeCode=PRCN].targetObservationCriterion[code=\"age\"].value"}]},{"id":"Observation.referenceRange.text","path":"Observation.referenceRange.text","name":"Observation.referenceRange.text","short":"Text based reference range in an observation","definition":"Text based reference range in an observation which may be used when a quantitative range is not appropriate for an observation.  An example would be a reference value of \"Negative\" or a list or table of 'normals'.","min":0,"max":"1","type":[{"code":"string"}],"maxLength":0,"mustSupport":false,"isModifier":false,"isSummary":false,"mapping":[{"identity":"v2","map":"OBX-7"},{"identity":"rim","map":"value:ST"}]},{"id":"Observation.related","path":"Observation.related","name":"Observation.related","short":"Resource related to this observation","definition":"A  reference to another resource (usually another Observation but could  also be a QuestionnaireAnswer) whose relationship is defined by the relationship type code.","comments":"For a discussion on the ways Observations can assembled in groups together see [Notes below](observation.html#4.20.4).","requirements":"Normally, an observation will have either a value or a set of related observations. A few observations (e.g. Apgar score) may have both a value and a set of related observations or sometimes QuestionnaireResponse  from which the measure is derived.","min":0,"max":"0","base":{"path":"Observation.related","min":0,"max":"*"},"type":[{"code":"BackboneElement"}],"maxLength":0,"mustSupport":false,"isModifier":false,"isSummary":true,"mapping":[{"identity":"v2","map":"Relationships established by OBX-4 usage"},{"identity":"rim","map":"outBoundRelationship"}]},{"id":"Observation.related.id","path":"Observation.related.id","representation":["xmlAttr"],"name":"Observation.related.id","short":"xml:id (or equivalent in JSON)","definition":"unique id for the element within a resource (for internal references).","min":0,"max":"1","type":[{"code":"id"}],"maxLength":0,"mustSupport":false,"isModifier":false,"isSummary":false,"mapping":[{"identity":"rim","map":"n/a"}]},{"id":"Observation.related.extension","path":"Observation.related.extension","name":"Observation.related.extension","short":"Additional Content defined by implementations","definition":"May be used to represent additional information that is not part of the basic definition of the element. In order to make the use of extensions safe and manageable, there is a strict set of governance  applied to the definition and use of extensions. Though any implementer is allowed to define an extension, there is a set of requirements that SHALL be met as part of the definition of the extension.","comments":"There can be no stigma associated with the use of extensions by any application, project, or standard - regardless of the institution or jurisdiction that uses or defines the extensions.  The use of extensions is what allows the FHIR specification to retain a core level of simplicity for everyone.","alias":["extensions","user content"],"min":0,"max":"*","type":[{"code":"Extension"}],"maxLength":0,"mustSupport":false,"isModifier":false,"isSummary":false,"mapping":[{"identity":"rim","map":"n/a"}]},{"id":"Observation.related.modifierExtension","path":"Observation.related.modifierExtension","name":"Observation.related.modifierExtension","short":"Extensions that cannot be ignored","definition":"May be used to represent additional information that is not part of the basic definition of the element, and that modifies the understanding of the element that contains it. Usually modifier elements provide negation or qualification. In order to make the use of extensions safe and manageable, there is a strict set of governance applied to the definition and use of extensions. Though any implementer is allowed to define an extension, there is a set of requirements that SHALL be met as part of the definition of the extension. Applications processing a resource are required to check for modifier extensions.","comments":"There can be no stigma associated with the use of extensions by any application, project, or standard - regardless of the institution or jurisdiction that uses or defines the extensions.  The use of extensions is what allows the FHIR specification to retain a core level of simplicity for everyone.","alias":["extensions","user content","modifiers"],"min":0,"max":"*","type":[{"code":"Extension"}],"maxLength":0,"mustSupport":false,"isModifier":true,"isSummary":false,"mapping":[{"identity":"rim","map":"N/A"}]},{"id":"Observation.related.type","path":"Observation.related.type","name":"Observation.related.type","short":"has-member | derived-from | sequel-to | replaces | qualified-by | interfered-by","definition":"A code specifying the kind of relationship that exists with the target resource.","comments":"\"derived-from\" is only logical choice when referencing QuestionnaireAnswer resource.","requirements":"A relationship type SHOULD be provided.","min":0,"max":"1","type":[{"code":"code"}],"fixedCode":"has-member","maxLength":0,"mustSupport":false,"isModifier":false,"isSummary":false,"binding":{"strength":"required","description":"Codes specifying how two observations are related.","valueSetReference":{"reference":"http://hl7.org/fhir/ValueSet/observation-relationshiptypes"}},"mapping":[{"identity":"v2","map":"N/A"},{"identity":"rim","map":".typeCode"}]},{"id":"Observation.related.target","path":"Observation.related.target","name":"Observation.related.target","short":"Resource that is related to this one","definition":"A reference to the observation or [[[QuestionnaireResponse]]] resource that is related to this observation.","min":1,"max":"1","type":[{"code":"Reference","profile":["http://mcodeinitiative.org/us/mcode/StructureDefinition/obf-Observation"]}],"maxLength":0,"mustSupport":false,"isModifier":false,"isSummary":false,"mapping":[{"identity":"rim","map":".targetObservation"}]},{"id":"Observation.component","path":"Observation.component","name":"Observation.component","short":"Component results","definition":"Some observations have multiple component observations.  These component observations are expressed as separate code value pairs that share the same attributes.  Examples include systolic and diastolic component observations for blood pressure measurement and multiple component observations for genetics observations.","comments":"For a discussion on the ways Observations can assembled in groups together see [Notes below](observation.html#4.20.4).","requirements":"Component observations share the same attributes in the Observation resource as the primary observation and are always treated a part of a single observation (they are not separable).   However, the reference range for the primary observation value is not inherited by the component values and is required when appropriate for each component observation.","min":0,"max":"*","type":[{"code":"BackboneElement"}],"maxLength":0,"mustSupport":false,"isModifier":false,"isSummary":true,"mapping":[{"identity":"v2","map":"containment by OBX-4?"},{"identity":"rim","map":"outBoundRelationship[typeCode=COMP]"}]},{"id":"Observation.component.id","path":"Observation.component.id","representation":["xmlAttr"],"name":"Observation.component.id","short":"xml:id (or equivalent in JSON)","definition":"unique id for the element within a resource (for internal references).","min":0,"max":"1","type":[{"code":"id"}],"maxLength":0,"mustSupport":false,"isModifier":false,"isSummary":false,"mapping":[{"identity":"rim","map":"n/a"}]},{"id":"Observation.component.extension","path":"Observation.component.extension","name":"Observation.component.extension","short":"Additional Content defined by implementations","definition":"May be used to represent additional information that is not part of the basic definition of the element. In order to make the use of extensions safe and manageable, there is a strict set of governance  applied to the definition and use of extensions. Though any implementer is allowed to define an extension, there is a set of requirements that SHALL be met as part of the definition of the extension.","comments":"There can be no stigma associated with the use of extensions by any application, project, or standard - regardless of the institution or jurisdiction that uses or defines the extensions.  The use of extensions is what allows the FHIR specification to retain a core level of simplicity for everyone.","alias":["extensions","user content"],"min":0,"max":"*","type":[{"code":"Extension"}],"maxLength":0,"mustSupport":false,"isModifier":false,"isSummary":false,"mapping":[{"identity":"rim","map":"n/a"}]},{"id":"Observation.component.modifierExtension","path":"Observation.component.modifierExtension","name":"Observation.component.modifierExtension","short":"Extensions that cannot be ignored","definition":"May be used to represent additional information that is not part of the basic definition of the element, and that modifies the understanding of the element that contains it. Usually modifier elements provide negation or qualification. In order to make the use of extensions safe and manageable, there is a strict set of governance applied to the definition and use of extensions. Though any implementer is allowed to define an extension, there is a set of requirements that SHALL be met as part of the definition of the extension. Applications processing a resource are required to check for modifier extensions.","comments":"There can be no stigma associated with the use of extensions by any application, project, or standard - regardless of the institution or jurisdiction that uses or defines the extensions.  The use of extensions is what allows the FHIR specification to retain a core level of simplicity for everyone.","alias":["extensions","user content","modifiers"],"min":0,"max":"*","type":[{"code":"Extension"}],"maxLength":0,"mustSupport":false,"isModifier":true,"isSummary":false,"mapping":[{"identity":"rim","map":"N/A"}]},{"id":"Observation.component.code","path":"Observation.component.code","name":"Observation.component.code","short":"Type of component observation (code / type)","definition":"Describes what was observed. Sometimes this is called the observation \"code\".","requirements":"Knowing what kind of observation is being made is essential to understanding the observation.","min":1,"max":"1","type":[{"code":"CodeableConcept"}],"maxLength":0,"condition":["obs-7"],"mustSupport":false,"isModifier":false,"isSummary":true,"binding":{"strength":"example","description":"Codes identifying names of simple observations.","valueSetReference":{"reference":"http://hl7.org/fhir/ValueSet/observation-codes"}},"mapping":[{"identity":"v2","map":"OBX-3"},{"identity":"rim","map":"code"},{"identity":"w5","map":"what"}]},{"id":"Observation.component.valuex","path":"Observation.component.value[x]","name":"Observation.component.valuex","short":"Actual component result","definition":"The information determined as a result of making the observation, if the information has a simple value.","comments":"Normally, an observation will have either a value or a set of related observations. A few observations (e.g. Apgar score) may have both a value and related observations (for an Apgar score, the observations from which the measure is derived). If a value is present, the datatype for this element should be determined by Observation.code. A CodeableConcept with just a text would be used instead of a string if the field was usually coded, or if the type associated with the Observation.code defines a coded value.   For boolean values use valueCodeableConcept and select codes from <http://hl7.org/fhir/ValueSet/v2-0136> (These \"yes/no\" concepts can be mapped to the display name \"true/false\" or other mutually exclusive terms that may be needed\").  The element, Observation.value[x], has a variable name depending on the type as follows: valueQuantity, valueCodeableConcept, valueRatio, valueChoice, valuePeriod, valueSampleData, or valueString (The name format is \"'value' + the type name\" with a capital on the first letter of the type).","requirements":"An observation exists to have a value, though it may not if it is in error, or it represents a group of observations.","min":0,"max":"1","type":[{"code":"Quantity"},{"code":"CodeableConcept"},{"code":"string"},{"code":"Range"},{"code":"Ratio"},{"code":"SampledData"},{"code":"time"},{"code":"dateTime"},{"code":"Period"}],"maxLength":0,"mustSupport":false,"isModifier":false,"isSummary":true,"mapping":[{"identity":"v2","map":"OBX.2, OBX.5, OBX.6"},{"identity":"rim","map":"value"}]},{"id":"Observation.component.dataAbsentReason","path":"Observation.component.dataAbsentReason","name":"Observation.component.dataAbsentReason","short":"Why the component result is missing","definition":"Provides a reason why the expected value in the element Observation.value[x] is missing.","comments":"\"Null\" or exceptional values can be represented two ways in FHIR Observations.  One way is to simply include them in the value set and represent the exceptions in the value.  For example, measurement values for a serology test could be  \"detected\", \"not detected\", \"inconclusive\", or  \"test not done\".   The alternate way is to use the value element for actual observations and use the explicit dataAbsentReason element to record exceptional values.  For example, the dataAbsentReason code \"error\" could be used when the measurement was not completed.  Because of these options, use-case agreements are required to interpret general observations for exceptional values.","requirements":"For many results it is necessary to handle exceptional values in measurements.","min":0,"max":"1","type":[{"code":"CodeableConcept"}],"maxLength":0,"condition":["obs-6"],"mustSupport":false,"isModifier":false,"isSummary":false,"binding":{"strength":"extensible","description":"Codes specifying why the result (Observation.value[x]) is missing.","valueSetReference":{"reference":"http://hl7.org/fhir/ValueSet/observation-valueabsentreason"}},"mapping":[{"identity":"v2","map":"N/A"},{"identity":"rim","map":"value.nullFlavor"}]},{"id":"Observation.component.referenceRange","path":"Observation.component.referenceRange","name":"Observation.component.referenceRange","short":"Provides guide for interpretation of component result","definition":"Guidance on how to interpret the value by comparison to a normal or recommended range.","comments":"Most observations only have one generic reference range. Systems MAY choose to restrict to only supplying the relevant reference range based on knowledge about the patient (e.g. specific to the patient's age, gender, weight and other factors), but this may not be possible or appropriate. Whenever more than one reference range is supplied, the differences between them SHOULD be provided in the reference range and/or age properties.","requirements":"Knowing what values are considered \"normal\" can help evaluate the significance of a particular result. Need to be able to provide multiple reference ranges for different contexts.","min":0,"max":"*","type":[{"code":"BackboneElement"}],"maxLength":0,"mustSupport":false,"isModifier":false,"isSummary":false,"mapping":[{"identity":"v2","map":"OBX.7"},{"identity":"rim","map":"outboundRelationship[typeCode=REFV]/target[classCode=OBS, moodCode=EVN]"}]},{"id":"Observation.component.referenceRange.id","path":"Observation.component.referenceRange.id","representation":["xmlAttr"],"name":"Observation.component.referenceRange.id","short":"xml:id (or equivalent in JSON)","definition":"unique id for the element within a resource (for internal references).","min":0,"max":"1","type":[{"code":"id"}],"maxLength":0,"mustSupport":false,"isModifier":false,"isSummary":false,"mapping":[{"identity":"rim","map":"n/a"}]},{"id":"Observation.component.referenceRange.extension","path":"Observation.component.referenceRange.extension","name":"Observation.component.referenceRange.extension","short":"Additional Content defined by implementations","definition":"May be used to represent additional information that is not part of the basic definition of the element. In order to make the use of extensions safe and manageable, there is a strict set of governance  applied to the definition and use of extensions. Though any implementer is allowed to define an extension, there is a set of requirements that SHALL be met as part of the definition of the extension.","comments":"There can be no stigma associated with the use of extensions by any application, project, or standard - regardless of the institution or jurisdiction that uses or defines the extensions.  The use of extensions is what allows the FHIR specification to retain a core level of simplicity for everyone.","alias":["extensions","user content"],"min":0,"max":"*","type":[{"code":"Extension"}],"maxLength":0,"mustSupport":false,"isModifier":false,"isSummary":false,"mapping":[{"identity":"rim","map":"n/a"}]},{"id":"Observation.component.referenceRange.modifierExtension","path":"Observation.component.referenceRange.modifierExtension","name":"Observation.component.referenceRange.modifierExtension","short":"Extensions that cannot be ignored","definition":"May be used to represent additional information that is not part of the basic definition of the element, and that modifies the understanding of the element that contains it. Usually modifier elements provide negation or qualification. In order to make the use of extensions safe and manageable, there is a strict set of governance applied to the definition and use of extensions. Though any implementer is allowed to define an extension, there is a set of requirements that SHALL be met as part of the definition of the extension. Applications processing a resource are required to check for modifier extensions.","comments":"There can be no stigma associated with the use of extensions by any application, project, or standard - regardless of the institution or jurisdiction that uses or defines the extensions.  The use of extensions is what allows the FHIR specification to retain a core level of simplicity for everyone.","alias":["extensions","user content","modifiers"],"min":0,"max":"*","type":[{"code":"Extension"}],"maxLength":0,"mustSupport":false,"isModifier":true,"isSummary":false,"mapping":[{"identity":"rim","map":"N/A"}]},{"id":"Observation.component.referenceRange.low","path":"Observation.component.referenceRange.low","name":"Observation.component.referenceRange.low","short":"Low Range, if relevant","definition":"The value of the low bound of the reference range.  The low bound of the reference range endpoint is inclusive of the value (e.g.  reference range is >=5 - <=9).   If the low bound is omitted,  it is assumed to be meaningless (e.g. reference range is <=2.3).","min":0,"max":"1","type":[{"code":"Quantity","profile":["http://hl7.org/fhir/StructureDefinition/SimpleQuantity"]}],"maxLength":0,"condition":["obs-3"],"mustSupport":false,"isModifier":false,"isSummary":false,"mapping":[{"identity":"v2","map":"OBX-7"},{"identity":"rim","map":"value:IVL_PQ.low"}]},{"id":"Observation.component.referenceRange.high","path":"Observation.component.referenceRange.high","name":"Observation.component.referenceRange.high","short":"High Range, if relevant","definition":"The value of the high bound of the reference range.  The high bound of the reference range endpoint is inclusive of the value (e.g.  reference range is >=5 - <=9).   If the high bound is omitted,  it is assumed to be meaningless (e.g. reference range is >= 2.3).","min":0,"max":"1","type":[{"code":"Quantity","profile":["http://hl7.org/fhir/StructureDefinition/SimpleQuantity"]}],"maxLength":0,"condition":["obs-3"],"mustSupport":false,"isModifier":false,"isSummary":false,"mapping":[{"identity":"v2","map":"OBX-7"},{"identity":"rim","map":"value:IVL_PQ.high"}]},{"id":"Observation.component.referenceRange.meaning","path":"Observation.component.referenceRange.meaning","name":"Observation.component.referenceRange.meaning","short":"Indicates the meaning/use of this range of this range","definition":"Code for the meaning of the reference range.","comments":"This SHOULD be populated if there is more than one range.","requirements":"Need to be able to say what kind of reference range this is - normal, recommended, therapeutic, or perhaps what state this reference range applies to (i.e. age, hormonal cycles, etc.).","min":0,"max":"1","type":[{"code":"CodeableConcept"}],"maxLength":0,"mustSupport":false,"isModifier":false,"isSummary":false,"binding":{"strength":"extensible","description":"Code for the meaning of a reference range.","valueSetReference":{"reference":"http://hl7.org/fhir/ValueSet/referencerange-meaning"}},"mapping":[{"identity":"v2","map":"OBX-10?"},{"identity":"rim","map":"interpretationCode"}]},{"id":"Observation.component.referenceRange.age","path":"Observation.component.referenceRange.age","name":"Observation.component.referenceRange.age","short":"Applicable age range, if relevant","definition":"The age at which this reference range is applicable. This is a neonatal age (e.g. number of weeks at term) if the meaning says so.","requirements":"Some analytes vary greatly over age.","min":0,"max":"1","type":[{"code":"Range"}],"maxLength":0,"mustSupport":false,"isModifier":false,"isSummary":false,"mapping":[{"identity":"rim","map":"outboundRelationship[typeCode=PRCN].targetObservationCriterion[code=\"age\"].value"}]},{"id":"Observation.component.referenceRange.text","path":"Observation.component.referenceRange.text","name":"Observation.component.referenceRange.text","short":"Text based reference range in an observation","definition":"Text based reference range in an observation which may be used when a quantitative range is not appropriate for an observation.  An example would be a reference value of \"Negative\" or a list or table of 'normals'.","min":0,"max":"1","type":[{"code":"string"}],"maxLength":0,"mustSupport":false,"isModifier":false,"isSummary":false,"mapping":[{"identity":"v2","map":"OBX-7"},{"identity":"rim","map":"value:ST"}]}]},"differential":{"element":[{"id":"Observation","path":"Observation","name":"Observation","short":"vital-VitalSign","definition":"Abstract class parent for all vital sign profiles.","min":0,"type":[{"code":"Observation"}],"maxLength":0,"mustSupport":false,"isModifier":false,"isSummary":false},{"id":"Observation.meta","path":"Observation.meta","name":"Observation.meta","min":0,"maxLength":0,"mustSupport":false,"isModifier":false,"isSummary":false},{"id":"Observation.meta.extension","path":"Observation.meta.extension","name":"Observation.meta.extension","slicing":{"id":"2","discriminator":["url"],"ordered":false,"rules":"open"},"min":0,"maxLength":0,"mustSupport":false,"isModifier":false,"isSummary":false},{"id":"sourcesystem","path":"Observation.meta.extension","name":"sourcesystem","definition":"FHIR: This provides a minimal amount of Provenance information that can be used to track or differentiate the source of information in the resource. The source may identify another FHIR server, document, message, database, etc.\nFHIM: Identifies the computer system that created the medical record. This optional field may also be used to indicate that the medical record was originally created by a different organization from the one that is currently storing or utilizing the record in that the assigning authority of the Id could be set to that originating organization. This property is optional, as some systems will assume that all records that it contains originated in that system, however it is anticipated that it will become increasingly commonplace for records from multiple systems and organizations will be comingled in order to provide a complete picture of the patient's health record.","min":0,"max":"1","base":{"path":"Observation.meta.extension","min":0,"max":"*"},"type":[{"code":"Extension","profile":["http://mcodeinitiative.org/us/mcode/StructureDefinition/obf-SourceSystem-extension"]}],"maxLength":0,"mustSupport":false,"isModifier":false,"isSummary":false},{"id":"Observation.extension","path":"Observation.extension","name":"Observation.extension","slicing":{"id":"1","discriminator":["url"],"ordered":false,"rules":"open"},"min":0,"maxLength":0,"mustSupport":false,"isModifier":false,"isSummary":false},{"id":"observationbasedon","path":"Observation.extension","name":"observationbasedon","definition":"The plan, proposal or order that is fulfilled in whole or in part by this event. For example, a MedicationRequest may require a patient to have laboratory test performed before it is dispensed.","min":0,"max":"*","base":{"path":"Observation.extension","min":0,"max":"*"},"type":[{"code":"Extension","profile":["http://mcodeinitiative.org/us/mcode/StructureDefinition/obf-ObservationBasedOn-extension"]}],"maxLength":0,"mustSupport":false,"isModifier":false,"isSummary":false},{"id":"observationpartof","path":"Observation.extension","name":"observationpartof","definition":"A larger event of which this particular Observation is a component or step. For example, an observation as part of a procedure.","min":0,"max":"*","base":{"path":"Observation.extension","min":0,"max":"*"},"type":[{"code":"Extension","profile":["http://mcodeinitiative.org/us/mcode/StructureDefinition/obf-ObservationPartOf-extension"]}],"maxLength":0,"mustSupport":false,"isModifier":false,"isSummary":false},{"id":"annotation","path":"Observation.extension","name":"annotation","definition":"An added or follow-up note, often after the fact, that contains metadata about who made the statement and when.","min":0,"max":"*","base":{"path":"Observation.extension","min":0,"max":"*"},"type":[{"code":"Extension","profile":["http://mcodeinitiative.org/us/mcode/StructureDefinition/obf-Annotation-extension"]}],"maxLength":0,"mustSupport":false,"isModifier":false,"isSummary":false},{"id":"observationderivedfrom","path":"Observation.extension","name":"observationderivedfrom","definition":"The target resource that represents a measurement from which this observation value is derived. For example, a calculated anion gap or a fetal measurement based on an ultrasound image.","min":0,"max":"*","base":{"path":"Observation.extension","min":0,"max":"*"},"type":[{"code":"Extension","profile":["http://mcodeinitiative.org/us/mcode/StructureDefinition/obf-ObservationDerivedFrom-extension"]}],"maxLength":0,"mustSupport":false,"isModifier":false,"isSummary":false},{"id":"preconditioncode","path":"Observation.extension","name":"preconditioncode","definition":"A coded description of the conditions or context of an observation, for example, under sedation, fasting or post-exercise. A qualifier cannot modify the measurement type; for example, a fasting blood sugar is still a blood sugar.","min":0,"max":"*","base":{"path":"Observation.extension","min":0,"max":"*"},"type":[{"code":"Extension","profile":["http://mcodeinitiative.org/us/mcode/StructureDefinition/vital-PreconditionCode-extension"]}],"maxLength":0,"mustSupport":false,"isModifier":false,"isSummary":false},{"id":"Observation.modifierExtension","path":"Observation.modifierExtension","name":"Observation.modifierExtension","slicing":{"id":"3","discriminator":["url"],"ordered":false,"rules":"open"},"min":0,"maxLength":0,"mustSupport":false,"isModifier":false,"isSummary":false},{"id":"focalsubject","path":"Observation.modifierExtension","name":"focalsubject","definition":"The person or entity that the information in this resource relates to, if different than the person of record. The subject of information can be a reference or a code, the latter when the subject is described generically, for example, in terms of a relationship to the subject of record (e.g., wife).","min":0,"max":"*","base":{"path":"Observation.modifierExtension","min":0,"max":"*"},"type":[{"code":"Extension","profile":["http://mcodeinitiative.org/us/mcode/StructureDefinition/obf-FocalSubject-extension"]}],"maxLength":0,"mustSupport":true,"isModifier":true,"isSummary":false},{"id":"Observation.modifierExtension-focalsubject.valueReference","path":"Observation.modifierExtension.valueReference","name":"Observation.modifierExtension-focalsubject.valueReference","short":"Resource: Parent class for any item in clinical or administrative health-related system","definition":"Parent class for any item in clinical or administrative health-related system. Contains metadata attributes that apply to any item represented in the standard health record. An DomainResource can belong to a single person's health record, or represent an entity that surfaces in multiple records, such as organizations, providers, payments, decision support artifacts, etc.","min":0,"type":[{"code":"Reference","profile":["http://mcodeinitiative.org/us/mcode/StructureDefinition/obf-Resource"]}],"maxLength":0,"mustSupport":false,"isModifier":false,"isSummary":false},{"id":"Observation.category","path":"Observation.category","name":"Observation.category","min":1,"max":"1","base":{"path":"Observation.category","min":0,"max":"1"},"maxLength":0,"mustSupport":false,"isModifier":false,"isSummary":false,"binding":{"strength":"extensible","description":"Codes for high level observation categories .","valueSetReference":{"reference":"http://hl7.org/fhir/ValueSet/observation-category"}}},{"id":"Observation.subject","path":"Observation.subject","name":"Observation.subject","short":"The subject of an observation","definition":"The subject of an observation.","min":1,"max":"1","base":{"path":"Observation.subject","min":0,"max":"1"},"type":[{"code":"Reference","profile":["http://mcodeinitiative.org/us/mcode/StructureDefinition/obf-Patient"]}],"maxLength":0,"mustSupport":false,"isModifier":false,"isSummary":false},{"id":"Observation.performer","path":"Observation.performer","name":"Observation.performer","min":0,"type":[{"code":"Reference","profile":["http://hl7.org/fhir/StructureDefinition/Practitioner","http://hl7.org/fhir/StructureDefinition/Organization","http://mcodeinitiative.org/us/mcode/StructureDefinition/obf-Patient","http://hl7.org/fhir/StructureDefinition/RelatedPerson"]}],"maxLength":0,"mustSupport":false,"isModifier":false,"isSummary":false},{"id":"Observation.valueQuantity","path":"Observation.valueQuantity","name":"Observation.valueQuantity","min":0,"type":[{"code":"Quantity"}],"maxLength":0,"mustSupport":false,"isModifier":false,"isSummary":false},{"id":"Observation.interpretation","path":"Observation.interpretation","name":"Observation.interpretation","min":0,"maxLength":0,"mustSupport":false,"isModifier":false,"isSummary":false,"binding":{"strength":"extensible","valueSetReference":{"reference":"http://mcodeinitiative.org/us/mcode/ValueSet/obf-QuantitativeResultInterpretationVS"}}},{"id":"Observation.bodySite","path":"Observation.bodySite","name":"Observation.bodySite","min":0,"maxLength":0,"mustSupport":false,"isModifier":false,"isSummary":false,"binding":{"strength":"preferred","description":"Codes describing anatomical locations. May include laterality.","valueSetReference":{"reference":"http://hl7.org/fhir/ValueSet/body-site"}}},{"id":"Observation.specimen","path":"Observation.specimen","name":"Observation.specimen","min":0,"max":"0","base":{"path":"Observation.specimen","min":0,"max":"1"},"maxLength":0,"mustSupport":false,"isModifier":false,"isSummary":false},{"id":"Observation.device","path":"Observation.device","name":"Observation.device","min":0,"max":"0","base":{"path":"Observation.device","min":0,"max":"1"},"type":[{"code":"Reference","profile":["http://fhir.org/guides/argonaut/StructureDefinition/argo-device"]}],"maxLength":0,"mustSupport":false,"isModifier":false,"isSummary":false},{"id":"Observation.referenceRange","path":"Observation.referenceRange","name":"Observation.referenceRange","min":0,"max":"1","base":{"path":"Observation.referenceRange","min":0,"max":"*"},"maxLength":0,"mustSupport":false,"isModifier":false,"isSummary":false},{"id":"Observation.referenceRange.extension","path":"Observation.referenceRange.extension","name":"Observation.referenceRange.extension","slicing":{"id":"4","discriminator":["url"],"ordered":false,"rules":"open"},"min":0,"maxLength":0,"mustSupport":false,"isModifier":false,"isSummary":false},{"id":"applicablesubpopulation","path":"Observation.referenceRange.extension","name":"applicablesubpopulation","definition":"Codes to indicate the target population this reference range applies to. For example, a reference range may be based on the normal population or a particular sex or race.","min":0,"max":"1","base":{"path":"Observation.referenceRange.extension","min":0,"max":"*"},"type":[{"code":"Extension","profile":["http://mcodeinitiative.org/us/mcode/StructureDefinition/obf-ApplicableSubpopulation-extension"]}],"maxLength":0,"mustSupport":false,"isModifier":false,"isSummary":false},{"id":"Observation.referenceRange.meaning","path":"Observation.referenceRange.meaning","name":"Observation.referenceRange.meaning","min":0,"maxLength":0,"mustSupport":false,"isModifier":false,"isSummary":false,"binding":{"strength":"extensible","description":"Code for the meaning of a reference range.","valueSetReference":{"reference":"http://hl7.org/fhir/ValueSet/referencerange-meaning"}}},{"id":"Observation.related","path":"Observation.related","name":"Observation.related","min":0,"max":"0","base":{"path":"Observation.related","min":0,"max":"*"},"maxLength":0,"mustSupport":false,"isModifier":false,"isSummary":false},{"id":"Observation.related.type","path":"Observation.related.type","name":"Observation.related.type","min":0,"fixedCode":"has-member","maxLength":0,"mustSupport":false,"isModifier":false,"isSummary":false},{"id":"Observation.related.target","path":"Observation.related.target","name":"Observation.related.target","min":0,"type":[{"code":"Reference","profile":["http://mcodeinitiative.org/us/mcode/StructureDefinition/obf-Observation"]}],"maxLength":0,"mustSupport":false,"isModifier":false,"isSummary":false},{"id":"Observation.component","path":"Observation.component","name":"Observation.component","min":0,"maxLength":0,"mustSupport":false,"isModifier":false,"isSummary":false},{"id":"Observation.component.valuex","path":"Observation.component.value[x]","name":"Observation.component.valuex","min":0,"type":[{"code":"Quantity"},{"code":"CodeableConcept"},{"code":"string"},{"code":"Range"},{"code":"Ratio"},{"code":"SampledData"},{"code":"time"},{"code":"dateTime"},{"code":"Period"}],"maxLength":0,"mustSupport":false,"isModifier":false,"isSummary":false},{"id":"Observation.component.referenceRange","path":"Observation.component.referenceRange","name":"Observation.component.referenceRange","min":0,"maxLength":0,"mustSupport":false,"isModifier":false,"isSummary":false},{"id":"Observation.component.referenceRange.meaning","path":"Observation.component.referenceRange.meaning","name":"Observation.component.referenceRange.meaning","min":0,"maxLength":0,"mustSupport":false,"isModifier":false,"isSummary":false,"binding":{"strength":"extensible","description":"Code for the meaning of a reference range.","valueSetReference":{"reference":"http://hl7.org/fhir/ValueSet/referencerange-meaning"}}}]}}