{"resourceType":"StructureDefinition","id":"shr-core-EntityOrRole","text":{"status":"generated","div":"<div xmlns=\"http://www.w3.org/1999/xhtml\">\n  <p><b>EntityOrRole Profile</b></p>\n  <p>Abstract parent class for both Entity and Role.</p>\n  <p><b>Mapping Summary</b></p>\n  <p><pre>shr.core.EntityOrRole maps to DomainResource:\n  _Entry.EntryId maps to id\n  Language maps to language\n  Narrative maps to text\n  ImplicitRules maps to implicitRules\n  Metadata.VersionId maps to meta.versionId\n  Metadata.Profile maps to meta.profile\n  Metadata.LastUpdated maps to meta.lastUpdated\n  Metadata.SecurityLabel maps to meta.security\n  Metadata.Tag maps to meta.tag\n</pre></p>\n</div>"},"url":"http://hl7.org/fhir/us/shr/StructureDefinition/shr-core-EntityOrRole","identifier":[{"system":"http://hl7.org/fhir/us/mcode","value":"shr.core.EntityOrRole"}],"version":"0.9.0","name":"EntityOrRole","display":"shr-core-EntityOrRole","status":"draft","publisher":"The MITRE Corporation","contact":[{"telecom":[{"system":"other","value":"http://standardhealthrecord.org","rank":0}]}],"date":"2019-04-17T00:00:00-04:00","description":"Abstract parent class for both Entity and Role.","fhirVersion":"1.0.2","mapping":[{"identity":"rim","uri":"http://hl7.org/v3","name":"RIM"}],"kind":"resource","constrainedType":"DomainResource","abstract":true,"base":"http://hl7.org/fhir/StructureDefinition/DomainResource","snapshot":{"element":[{"id":"DomainResource-EntityOrRole","path":"DomainResource","name":"DomainResource-EntityOrRole","short":"shr-core-EntityOrRole","definition":"Abstract parent class for both Entity and Role.","min":0,"max":"*","type":[{"code":"DomainResource"}],"maxLength":0,"constraint":[{"key":"dom-4","severity":"error","human":"If a resource is contained in another resource, it SHALL NOT have a meta.versionId or a meta.lastUpdated","xpath":"not(exists(f:contained/*/f:meta/f:versionId)) and not(exists(f:contained/*/f:meta/f:lastUpdated))"},{"key":"dom-3","severity":"error","human":"If the resource is contained in another resource, it SHALL be referred to from elsewhere in the resource","xpath":"not(exists(for $id in f:contained/*/@id return $id[not(ancestor::f:contained/parent::*/descendant::f:reference/@value=concat('#', $id))]))"},{"key":"dom-2","severity":"error","human":"If the resource is contained in another resource, it SHALL NOT contain nested Resources","xpath":"not(parent::f:contained and f:contained)"},{"key":"dom-1","severity":"error","human":"If the resource is contained in another resource, it SHALL NOT contain any narrative","xpath":"not(parent::f:contained and f:text)"}],"mustSupport":false,"isModifier":false,"isSummary":false,"mapping":[{"identity":"rim","map":"Entity. Role, or Act"}]},{"id":"DomainResource-EntityOrRole.id","path":"DomainResource.id","name":"DomainResource-EntityOrRole.id","short":"Logical id of this artifact","definition":"The logical id of the resource, as used in the URL for the resource. Once assigned, this value never changes.","comments":"The only time that a resource does not have an id is when it is being submitted to the server using a create operation. Bundles always have an id, though it is usually a generated UUID.","min":0,"max":"1","type":[{"code":"id"}],"maxLength":0,"mustSupport":false,"isModifier":false,"isSummary":true},{"id":"DomainResource-EntityOrRole.meta","path":"DomainResource.meta","name":"DomainResource-EntityOrRole.meta","short":"Metadata about the resource","definition":"The metadata about the resource. This is content that is maintained by the infrastructure. Changes to the content may not always be associated with version changes to the resource.","min":0,"max":"1","type":[{"code":"Meta"}],"maxLength":0,"mustSupport":false,"isModifier":false,"isSummary":true},{"id":"DomainResource-EntityOrRole.implicitRules","path":"DomainResource.implicitRules","name":"DomainResource-EntityOrRole.implicitRules","short":"A set of rules under which this content was created","definition":"A reference to a set of rules that were followed when the resource was constructed, and which must be understood when processing the content.","comments":"Asserting this rule set restricts the content to be only understood by a limited set of trading partners. This inherently limits the usefulness of the data in the long term. However, the existing health eco-system is highly fractured, and not yet ready to define, collect, and exchange data in a generally computable sense. Wherever possible, implementers and/or specification writers should avoid using this element as much as possible.","min":0,"max":"1","type":[{"code":"uri"}],"maxLength":0,"mustSupport":false,"isModifier":true,"isSummary":true},{"id":"DomainResource-EntityOrRole.language","path":"DomainResource.language","name":"DomainResource-EntityOrRole.language","short":"Language of the resource content","definition":"The base language in which the resource is written.","comments":"Language is provided to support indexing and accessibility (typically, services such as text to speech use the language tag). The html language tag in the narrative applies  to the narrative. The language tag on the resource may be used to specify the language of other presentations generated from the data in the resource  Not all the content has to be in the base language. The Resource.language should not be assumed to apply to the narrative automatically. If a language is specified, it should it also be specified on the div element in the html (see rules in HTML5 for information about the relationship between xml:lang and the html lang attribute).","min":0,"max":"1","type":[{"code":"code"}],"maxLength":0,"mustSupport":false,"isModifier":false,"isSummary":false,"binding":{"strength":"required","description":"A human language.","valueSetReference":{"reference":"http://tools.ietf.org/html/bcp47"}}},{"id":"DomainResource-EntityOrRole.text","path":"DomainResource.text","name":"DomainResource-EntityOrRole.text","short":"Text summary of the resource, for human interpretation","definition":"A human-readable narrative that contains a summary of the resource, and may be used to represent the content of the resource to a human. The narrative need not encode all the structured data, but is required to contain sufficient detail to make it \"clinically safe\" for a human to just read the narrative. Resource definitions may define what content should be represented in the narrative to ensure clinical safety.","comments":"Contained resources do not have narrative. Resources that are not contained SHOULD have a narrative.","alias":["narrative","html","xhtml","display"],"min":0,"max":"1","type":[{"code":"Narrative"}],"maxLength":0,"condition":["dom-1"],"mustSupport":false,"isModifier":false,"isSummary":false,"mapping":[{"identity":"rim","map":"Act.text?"}]},{"id":"DomainResource-EntityOrRole.contained","path":"DomainResource.contained","name":"DomainResource-EntityOrRole.contained","short":"Contained, inline Resources","definition":"These resources do not have an independent existence apart from the resource that contains them - they cannot be identified independently, and nor can they have their own independent transaction scope.","comments":"This should never be done when the content can be identified properly, as once identification is lost, it is extremely difficult (and context dependent) to restore it again.","alias":["inline resources","anonymous resources","contained resources"],"min":0,"max":"*","type":[{"code":"Resource"}],"maxLength":0,"mustSupport":false,"isModifier":false,"isSummary":false,"mapping":[{"identity":"rim","map":"N/A"}]},{"id":"DomainResource-EntityOrRole.extension","path":"DomainResource.extension","name":"DomainResource-EntityOrRole.extension","slicing":{"id":"1","discriminator":["url"],"ordered":false,"rules":"open"},"short":"Additional Content defined by implementations","definition":"May be used to represent additional information that is not part of the basic definition of the resource. In order to make the use of extensions safe and manageable, there is a strict set of governance  applied to the definition and use of extensions. Though any implementer is allowed to define an extension, there is a set of requirements that SHALL be met as part of the definition of the extension.","comments":"There can be no stigma associated with the use of extensions by any application, project, or standard - regardless of the institution or jurisdiction that uses or defines the extensions.  The use of extensions is what allows the FHIR specification to retain a core level of simplicity for everyone.","alias":["extensions","user content"],"min":0,"max":"*","type":[{"code":"Extension"}],"maxLength":0,"mustSupport":false,"isModifier":false,"isSummary":false,"mapping":[{"identity":"rim","map":"N/A"}]},{"id":"status","path":"DomainResource.extension","name":"status","definition":"A state that relates to the workflow or interpretation of this resource. Certain status values can modify the meaning of the resource, for example, entered-in-error. When a boolean value is used, Status of true indicates the record is active, false means inactive.","min":0,"max":"1","base":{"path":"DomainResource.extension","min":0,"max":"*"},"type":[{"code":"Extension","profile":["http://hl7.org/fhir/us/shr/StructureDefinition/shr-core-Status-extension"]}],"maxLength":0,"mustSupport":false,"isModifier":false,"isSummary":false},{"id":"identifier","path":"DomainResource.extension","name":"identifier","definition":"Business identifier or external id for this resource.","min":0,"max":"*","base":{"path":"DomainResource.extension","min":0,"max":"*"},"type":[{"code":"Extension","profile":["http://hl7.org/fhir/us/shr/StructureDefinition/shr-core-Identifier-extension"]}],"maxLength":0,"mustSupport":false,"isModifier":false,"isSummary":false},{"id":"DomainResource-EntityOrRole.modifierExtension","path":"DomainResource.modifierExtension","name":"DomainResource-EntityOrRole.modifierExtension","short":"Extensions that cannot be ignored","definition":"May be used to represent additional information that is not part of the basic definition of the resource, and that modifies the understanding of the element that contains it. Usually modifier elements provide negation or qualification. In order to make the use of extensions safe and manageable, there is a strict set of governance applied to the definition and use of extensions. Though any implementer is allowed to define an extension, there is a set of requirements that SHALL be met as part of the definition of the extension. Applications processing a resource are required to check for modifier extensions.","comments":"There can be no stigma associated with the use of extensions by any application, project, or standard - regardless of the institution or jurisdiction that uses or defines the extensions.  The use of extensions is what allows the FHIR specification to retain a core level of simplicity for everyone.","alias":["extensions","user content"],"min":0,"max":"*","type":[{"code":"Extension"}],"maxLength":0,"mustSupport":false,"isModifier":true,"isSummary":false,"mapping":[{"identity":"rim","map":"N/A"}]}]},"differential":{"element":[{"id":"DomainResource-EntityOrRole","path":"DomainResource","name":"DomainResource-EntityOrRole","short":"shr-core-EntityOrRole","definition":"Abstract parent class for both Entity and Role.","min":0,"type":[{"code":"DomainResource"}],"maxLength":0,"mustSupport":false,"isModifier":false,"isSummary":false},{"id":"DomainResource-EntityOrRole.extension","path":"DomainResource.extension","name":"DomainResource-EntityOrRole.extension","slicing":{"id":"1","discriminator":["url"],"ordered":false,"rules":"open"},"min":0,"maxLength":0,"mustSupport":false,"isModifier":false,"isSummary":false},{"id":"status","path":"DomainResource.extension","name":"status","definition":"A state that relates to the workflow or interpretation of this resource. Certain status values can modify the meaning of the resource, for example, entered-in-error. When a boolean value is used, Status of true indicates the record is active, false means inactive.","min":0,"max":"1","base":{"path":"DomainResource.extension","min":0,"max":"*"},"type":[{"code":"Extension","profile":["http://hl7.org/fhir/us/shr/StructureDefinition/shr-core-Status-extension"]}],"maxLength":0,"mustSupport":false,"isModifier":false,"isSummary":false},{"id":"identifier","path":"DomainResource.extension","name":"identifier","definition":"Business identifier or external id for this resource.","min":0,"max":"*","base":{"path":"DomainResource.extension","min":0,"max":"*"},"type":[{"code":"Extension","profile":["http://hl7.org/fhir/us/shr/StructureDefinition/shr-core-Identifier-extension"]}],"maxLength":0,"mustSupport":false,"isModifier":false,"isSummary":false}]}}