{"resourceType":"StructureDefinition","id":"obf-datatype-Duration","text":{"status":"generated","div":"<div xmlns=\"http://www.w3.org/1999/xhtml\">\n  <p><b>Duration Profile</b></p>\n  <p>The length of time that something continues.</p>\n  <p><b>Mapping Summary</b></p>\n  <p><pre>obf.datatype.Duration maps to Duration:\n</pre></p>\n</div>"},"url":"http://mcodeinitiative.org/us/mcode/StructureDefinition/obf-datatype-Duration","version":"0.9.1","name":"Duration","display":"obf-datatype-Duration","status":"draft","publisher":"The MITRE Corporation","contact":[{"telecom":[{"system":"other","value":"http://standardhealthrecord.org","rank":0}]}],"date":"2019-10-23T00:00:00-04:00","description":"The length of time that something continues.","fhirVersion":"1.0.2","kind":"datatype","constrainedType":"Quantity","abstract":false,"base":"http://hl7.org/fhir/StructureDefinition/Duration","snapshot":{"element":[{"id":"Quantity","path":"Quantity","name":"Quantity","short":"obf-datatype-Duration","definition":"The length of time that something continues.","comments":"The context of use may frequently define what kind of quantity this is and therefore what kind of units can be used. The context of use may also restrict the values for the comparator.","min":0,"max":"*","base":{"path":"Quantity","min":0,"max":"*"},"type":[{"code":"Duration"}],"maxLength":0,"constraint":[{"key":"qty-3","severity":"error","human":"If a code for the unit is present, the system SHALL also be present","xpath":"not(exists(f:code)) or exists(f:system)"},{"key":"drt-1","severity":"error","human":"There SHALL be a code if there is a value and it SHALL be an expression of time.  If system is present, it SHALL be UCUM.","xpath":"(f:code or not(f:value)) and (not(exists(f:system)) or f:system/@value='http://unitsofmeasure.org')"}],"mustSupport":false,"isModifier":false,"isSummary":true,"mapping":[{"identity":"v2","map":"SN (see also Range) or CQ"},{"identity":"rim","map":"PQ, IVL<PQ>, MO, CO, depending on the values"}]},{"id":"Quantity.id","path":"Quantity.id","representation":["xmlAttr"],"name":"Quantity.id","short":"xml:id (or equivalent in JSON)","definition":"unique id for the element within a resource (for internal references).","min":0,"max":"1","base":{"path":"Quantity.id","min":0,"max":"1"},"type":[{"code":"id"}],"maxLength":0,"mustSupport":false,"isModifier":false,"isSummary":false,"mapping":[{"identity":"rim","map":"n/a"}]},{"id":"Quantity.extension","path":"Quantity.extension","name":"Quantity.extension","slicing":{"id":"1","discriminator":["url"],"ordered":false,"rules":"open"},"short":"Additional Content defined by implementations","definition":"May be used to represent additional information that is not part of the basic definition of the element. In order to make the use of extensions safe and manageable, there is a strict set of governance  applied to the definition and use of extensions. Though any implementer is allowed to define an extension, there is a set of requirements that SHALL be met as part of the definition of the extension.","comments":"There can be no stigma associated with the use of extensions by any application, project, or standard - regardless of the institution or jurisdiction that uses or defines the extensions.  The use of extensions is what allows the FHIR specification to retain a core level of simplicity for everyone.","alias":["extensions","user content"],"min":0,"max":"*","base":{"path":"Quantity.extension","min":0,"max":"*"},"type":[{"code":"Extension"}],"maxLength":0,"mustSupport":false,"isModifier":false,"isSummary":false,"mapping":[{"identity":"rim","map":"n/a"}]},{"id":"number","path":"Quantity.extension","name":"number","definition":"A decimal value.","min":0,"max":"1","base":{"path":"Quantity.extension","min":0,"max":"*"},"type":[{"code":"Extension","profile":["http://mcodeinitiative.org/us/mcode/StructureDefinition/obf-datatype-Number-extension"]}],"maxLength":0,"mustSupport":false,"isModifier":false,"isSummary":false},{"id":"units","path":"Quantity.extension","name":"units","definition":"The unit of measure of the quantity.","min":0,"max":"1","base":{"path":"Quantity.extension","min":0,"max":"*"},"type":[{"code":"Extension","profile":["http://mcodeinitiative.org/us/mcode/StructureDefinition/obf-datatype-Units-extension"]}],"maxLength":0,"mustSupport":false,"isModifier":false,"isSummary":false},{"id":"Quantity.extension-units.id","path":"Quantity.extension.id","representation":["xmlAttr"],"name":"Quantity.extension-units.id","short":"xml:id (or equivalent in JSON)","definition":"unique id for the element within a resource (for internal references).","min":0,"max":"1","base":{"path":"Element.id","min":0,"max":"1"},"type":[{"code":"id"}],"maxLength":0,"mustSupport":false,"isModifier":false,"isSummary":false,"mapping":[{"identity":"rim","map":"n/a"}]},{"id":"Quantity.extension-units.extension","path":"Quantity.extension.extension","name":"Quantity.extension-units.extension","short":"Additional Content defined by implementations","definition":"May be used to represent additional information that is not part of the basic definition of the element. In order to make the use of extensions safe and manageable, there is a strict set of governance  applied to the definition and use of extensions. Though any implementer is allowed to define an extension, there is a set of requirements that SHALL be met as part of the definition of the extension.","comments":"There can be no stigma associated with the use of extensions by any application, project, or standard - regardless of the institution or jurisdiction that uses or defines the extensions.  The use of extensions is what allows the FHIR specification to retain a core level of simplicity for everyone.","alias":["extensions","user content"],"min":0,"max":"0","base":{"path":"Element.extension","min":0,"max":"*"},"type":[{"code":"Extension"}],"maxLength":0,"mustSupport":false,"isModifier":false,"isSummary":false,"mapping":[{"identity":"rim","map":"n/a"}]},{"id":"Quantity.extension-units.url","path":"Quantity.extension.url","representation":["xmlAttr"],"name":"Quantity.extension-units.url","short":"identifies the meaning of the extension","definition":"Source of the definition for the extension code - a logical name or a URL.","comments":"The definition may point directly to a computable or human-readable definition of the extensibility codes, or it may be a logical URI as declared in some other specification. The definition should be version specific.  This will ideally be the URI for the Resource Profile defining the extension, with the code for the extension after a #.","min":1,"max":"1","base":{"path":"Extension.url","min":1,"max":"1"},"type":[{"code":"uri"}],"fixedUri":"http://mcodeinitiative.org/us/mcode/StructureDefinition/obf-datatype-Units-extension","maxLength":0,"mustSupport":false,"isModifier":false,"isSummary":false,"mapping":[{"identity":"rim","map":"N/A"}]},{"id":"Quantity.extension-units.valueCodeableConcept","path":"Quantity.extension.valueCodeableConcept","name":"Quantity.extension-units.valueCodeableConcept","short":"Value of extension","definition":"Value of extension - may be a resource or one of a constrained set of the data types (see Extensibility in the spec for list).","min":1,"max":"1","base":{"path":"Extension.value[x]","min":0,"max":"1"},"type":[{"code":"CodeableConcept"}],"maxLength":0,"mustSupport":false,"isModifier":false,"isSummary":false,"binding":{"strength":"extensible","valueSetReference":{"reference":"http://hl7.org/fhir/ValueSet/duration-units"}},"mapping":[{"identity":"rim","map":"N/A"}]},{"id":"Quantity.value","path":"Quantity.value","name":"Quantity.value","short":"Numerical value (with implicit precision)","definition":"The value of the measured amount. The value includes an implicit precision in the presentation of the value.","comments":"The implicit precision in the value should always be honored. Monetary values have their own rules for handling precision (refer to standard accounting text books).","requirements":"Precision is handled implicitly in almost all cases of measurement.","min":0,"max":"1","base":{"path":"Quantity.value","min":0,"max":"1"},"type":[{"code":"decimal"}],"maxLength":0,"mustSupport":false,"isModifier":false,"isSummary":true,"mapping":[{"identity":"v2","map":"SN.2  / CQ - N/A"},{"identity":"rim","map":"PQ.value, CO.value, MO.value, IVL.high or IVL.low depending on the value"}]},{"id":"Quantity.comparator","path":"Quantity.comparator","name":"Quantity.comparator","short":"< | <= | >= | > - how to understand the value","definition":"How the value should be understood and represented - whether the actual value is greater or less than the stated value due to measurement issues; e.g. if the comparator is \"<\" , then the real value is < stated value.","comments":"This is labeled as \"Is Modifier\" because the comparator modifies the interpretation of the value significantly. If there is no comparator, then there is no modification of the value.","requirements":"Need a framework for handling measures where the value is <5ug/L or >400mg/L due to the limitations of measuring methodology.","min":0,"max":"1","base":{"path":"Quantity.comparator","min":0,"max":"1"},"type":[{"code":"code"}],"meaningWhenMissing":"If there is no comparator, then there is no modification of the value","maxLength":0,"mustSupport":false,"isModifier":true,"isSummary":true,"binding":{"strength":"required","description":"How the Quantity should be understood and represented.","valueSetReference":{"reference":"http://hl7.org/fhir/ValueSet/quantity-comparator"}},"mapping":[{"identity":"v2","map":"SN.1  / CQ.1"},{"identity":"rim","map":"IVL properties"}]},{"id":"Quantity.unit","path":"Quantity.unit","name":"Quantity.unit","short":"Unit representation","definition":"A human-readable form of the unit.","requirements":"There are many representations for units of measure and in many contexts, particular representations are fixed and required. I.e. mcg for micrograms.","min":0,"max":"1","base":{"path":"Quantity.unit","min":0,"max":"1"},"type":[{"code":"string"}],"maxLength":0,"mustSupport":false,"isModifier":false,"isSummary":true,"mapping":[{"identity":"v2","map":"(see OBX.6 etc.) / CQ.2"},{"identity":"rim","map":"PQ.unit"}]},{"id":"Quantity.system","path":"Quantity.system","name":"Quantity.system","short":"System that defines coded unit form","definition":"The identification of the system that provides the coded form of the unit.","requirements":"Need to know the system that defines the coded form of the unit.","min":0,"max":"1","base":{"path":"Quantity.system","min":0,"max":"1"},"type":[{"code":"uri"}],"maxLength":0,"condition":["qty-3"],"mustSupport":false,"isModifier":false,"isSummary":true,"mapping":[{"identity":"v2","map":"(see OBX.6 etc.) / CQ.2"},{"identity":"rim","map":"CO.codeSystem, PQ.translation.codeSystem"}]},{"id":"Quantity.code","path":"Quantity.code","name":"Quantity.code","short":"Coded form of the unit","definition":"A computer processable form of the unit in some unit representation system.","comments":"The preferred system is UCUM, but SNOMED CT can also be used (for customary units) or ISO 4217 for currency.  The context of use may additionally require a code from a particular system.","requirements":"Need a computable form of the unit that is fixed across all forms. UCUM provides this for quantities, but SNOMED CT provides many units of interest.","min":0,"max":"1","base":{"path":"Quantity.code","min":0,"max":"1"},"type":[{"code":"code"}],"maxLength":0,"mustSupport":false,"isModifier":false,"isSummary":true,"mapping":[{"identity":"v2","map":"(see OBX.6 etc.) / CQ.2"},{"identity":"rim","map":"PQ.code, MO.currency, PQ.translation.code"}]}]},"differential":{"element":[{"id":"Quantity","path":"Quantity","name":"Quantity","short":"obf-datatype-Duration","definition":"The length of time that something continues.","min":0,"type":[{"code":"Duration"}],"maxLength":0,"mustSupport":false,"isModifier":false,"isSummary":true},{"id":"Quantity.extension","path":"Quantity.extension","name":"Quantity.extension","slicing":{"id":"1","discriminator":["url"],"ordered":false,"rules":"open"},"min":0,"maxLength":0,"mustSupport":false,"isModifier":false,"isSummary":false},{"id":"number","path":"Quantity.extension","name":"number","definition":"A decimal value.","min":0,"max":"1","base":{"path":"Quantity.extension","min":0,"max":"*"},"type":[{"code":"Extension","profile":["http://mcodeinitiative.org/us/mcode/StructureDefinition/obf-datatype-Number-extension"]}],"maxLength":0,"mustSupport":false,"isModifier":false,"isSummary":false},{"id":"units","path":"Quantity.extension","name":"units","definition":"The unit of measure of the quantity.","min":0,"max":"1","base":{"path":"Quantity.extension","min":0,"max":"*"},"type":[{"code":"Extension","profile":["http://mcodeinitiative.org/us/mcode/StructureDefinition/obf-datatype-Units-extension"]}],"maxLength":0,"mustSupport":false,"isModifier":false,"isSummary":false},{"id":"Quantity.extension-units.valueCodeableConcept","path":"Quantity.extension.valueCodeableConcept","name":"Quantity.extension-units.valueCodeableConcept","min":0,"maxLength":0,"mustSupport":false,"isModifier":false,"isSummary":false,"binding":{"strength":"extensible","valueSetReference":{"reference":"http://hl7.org/fhir/ValueSet/duration-units"}}}]}}