{"resourceType":"ValueSet","id":"shr-core-LateralityVS","text":{"status":"generated","div":"<div xmlns=\"http://www.w3.org/1999/xhtml\">\n<p><b>LateralityVS ValueSet</b></p>\n<p>Terms that specify the side of the body.</p>\n</div>"},"url":"http://hl7.org/fhir/us/mcode/shr/core/vs/LateralityVS","identifier":{"system":"http://hl7.org/fhir/us/mcode","value":"shr.core.LateralityVS"},"version":"0.9.0 draft candidate 1","name":"LateralityVS","status":"draft","publisher":"The MITRE Corporation","contact":[{"telecom":[{"system":"other","value":"http://standardhealthrecord.org","rank":0}]}],"date":"2019-04-08T00:00:00-04:00","description":"Terms that specify the side of the body.","immutable":false,"compose":{"include":[{"system":"http://snomed.info/sct","concept":[{"code":"419161000","display":"Unilateral left"},{"code":"419465000","display":"Unilateral right"},{"code":"51440002","display":"Bilateral"}]}]}}