{"resourceType":"ValueSet","id":"shr-lab-EquivalentUnitsVS-thousand-per-uL","text":{"status":"generated","div":"<div xmlns=\"http://www.w3.org/1999/xhtml\">\n<p><b>EquivalentUnitsVS-thousand-per-uL ValueSet</b></p>\n<p>Units equivalent to 10*3/uL</p>\n</div>"},"url":"http://hl7.org/fhir/us/mcode/shr/lab/vs/EquivalentUnitsVS-thousand-per-uL","identifier":{"system":"http://hl7.org/fhir/us/mcode","value":"shr.lab.EquivalentUnitsVS-thousand-per-uL"},"version":"0.9.0 draft candidate 1","name":"EquivalentUnitsVS-thousand-per-uL","status":"draft","publisher":"The MITRE Corporation","contact":[{"telecom":[{"system":"other","value":"http://standardhealthrecord.org","rank":0}]}],"date":"2019-04-08T00:00:00-04:00","description":"Units equivalent to 10*3/uL","immutable":false,"compose":{"include":[{"system":"http://unitsofmeasure.org","concept":[{"code":"10*3/uL","display":"Thousand per microliter"},{"code":"10*6/mL","display":"Million per milliliter"},{"code":"10*9/L","display":"Billion per liter"},{"code":"10*3/mm3","display":"Thousand per cubic millimeter"}]}]}}