{"resourceType":"ValueSet","id":"shr-core-BodyHeightPreconditionVS","text":{"status":"generated","div":"<div xmlns=\"http://www.w3.org/1999/xhtml\">\n<p><b>BodyHeightPreconditionVS ValueSet</b></p>\n<p>Circumstance for measuring body height.</p>\n</div>"},"url":"http://hl7.org/fhir/us/mcode/shr/core/vs/BodyHeightPreconditionVS","identifier":{"system":"http://hl7.org/fhir/us/mcode","value":"shr.core.BodyHeightPreconditionVS"},"version":"0.9.0 draft candidate 1","name":"BodyHeightPreconditionVS","status":"draft","publisher":"The MITRE Corporation","contact":[{"telecom":[{"system":"other","value":"http://standardhealthrecord.org","rank":0}]}],"date":"2019-04-08T00:00:00-04:00","description":"Circumstance for measuring body height.","immutable":false,"compose":{"include":[{"system":"http://snomed.info/sct","concept":[{"code":"971000205103","display":"With shoes"},{"code":"961000205106","display":"No shoes"}]}]}}