{"resourceType":"ValueSet","id":"onco-core-SecondaryCancerDisorderVS","text":{"status":"generated","div":"<div xmlns=\"http://www.w3.org/1999/xhtml\">\n<p><b>SecondaryCancerDisorderVS ValueSet</b></p>\n<p>Types of secondary malignant neoplastic disease, coded in SNOMED CT or ICD-10-CM.\n\nConformance note: To be compliant with [US Core Profiles](http://hl7.org/fhir/us/core/STU3/index.html), SNOMED CT must be used unless there is no suitable code, in which case ICD-10-CM can be used.\n\n* SNOMED CT coding: Use a code from the disorder hierarchy under secondary malignant neoplastic disease (SNOMED CT 128462008).\n* ICD-10-CM coding: Use one of the codes given in this value set representing secondary malignant neoplasms and neoplasms of uncertain or unspecified behavior. If body site is not precoordinated (implied by the code), it should be specified separately using the body location.\n\nNote that ICD-O-3 specifies morphology and topography, not disorder; in this case that the disorder code must be SNOMED CT 128462008 (Secondary malignant neoplastic disease). The ICD-O-3 morphology and topography codes should be entered in the HistologyMorphologyBehavior and bodySite fields, respectively.</p>\n</div>"},"url":"http://mcodeinitiative.org/us/mcode/ValueSet/onco-core-SecondaryCancerDisorderVS","version":"0.9.1","name":"SecondaryCancerDisorderVS","status":"draft","publisher":"The MITRE Corporation","contact":[{"telecom":[{"system":"other","value":"http://standardhealthrecord.org","rank":0}]}],"date":"2019-10-23T00:00:00-04:00","description":"Types of secondary malignant neoplastic disease, coded in SNOMED CT or ICD-10-CM.\n\nConformance note: To be compliant with [US Core Profiles](http://hl7.org/fhir/us/core/STU3/index.html), SNOMED CT must be used unless there is no suitable code, in which case ICD-10-CM can be used.\n\n* SNOMED CT coding: Use a code from the disorder hierarchy under secondary malignant neoplastic disease (SNOMED CT 128462008).\n* ICD-10-CM coding: Use one of the codes given in this value set representing secondary malignant neoplasms and neoplasms of uncertain or unspecified behavior. If body site is not precoordinated (implied by the code), it should be specified separately using the body location.\n\nNote that ICD-O-3 specifies morphology and topography, not disorder; in this case that the disorder code must be SNOMED CT 128462008 (Secondary malignant neoplastic disease). The ICD-O-3 morphology and topography codes should be entered in the HistologyMorphologyBehavior and bodySite fields, respectively.","immutable":false,"compose":{"include":[{"system":"http://snomed.info/sct","filter":[{"property":"concept","op":"is-a","value":"128462008"}]},{"system":"http://snomed.info/sct","concept":[{"code":"128462008","display":"Secondary malignant neoplastic disease (disorder)"}]},{"system":"http://hl7.org/fhir/sid/icd-10-cm","concept":[{"code":"C7B00","display":"Secondary carcinoid tumors, unspecified site"},{"code":"C7B01","display":"Secondary carcinoid tumors of distant lymph nodes"},{"code":"C7B02","display":"Secondary carcinoid tumors of liver"},{"code":"C7B03","display":"Secondary carcinoid tumors of bone"},{"code":"C7B04","display":"Secondary carcinoid tumors of peritoneum"},{"code":"C7B09","display":"Secondary carcinoid tumors of other sites"},{"code":"C7B1","display":"Secondary Merkel cell carcinoma"},{"code":"C7B8","display":"Other secondary neuroendocrine tumors"},{"code":"C770","display":"Secondary and unspecified malignant neoplasm of lymph nodes of head, face and neck"},{"code":"C771","display":"Secondary and unspecified malignant neoplasm of intrathoracic lymph nodes"},{"code":"C772","display":"Secondary and unspecified malignant neoplasm of intra-abdominal lymph nodes"},{"code":"C773","display":"Secondary and unspecified malignant neoplasm of axilla and upper limb lymph nodes"},{"code":"C774","display":"Secondary and unspecified malignant neoplasm of inguinal and lower limb lymph nodes"},{"code":"C775","display":"Secondary and unspecified malignant neoplasm of intrapelvic lymph nodes"},{"code":"C778","display":"Secondary and unspecified malignant neoplasm of lymph nodes of multiple regions"},{"code":"C779","display":"Secondary and unspecified malignant neoplasm of lymph node, unspecified"},{"code":"C7800","display":"Secondary malignant neoplasm of unspecified lung"},{"code":"C7801","display":"Secondary malignant neoplasm of right lung"},{"code":"C7802","display":"Secondary malignant neoplasm of left lung"},{"code":"C781","display":"Secondary malignant neoplasm of mediastinum"},{"code":"C782","display":"Secondary malignant neoplasm of pleura"},{"code":"C7830","display":"Secondary malignant neoplasm of unspecified respiratory organ"},{"code":"C7839","display":"Secondary malignant neoplasm of other respiratory organs"},{"code":"C784","display":"Secondary malignant neoplasm of small intestine"},{"code":"C785","display":"Secondary malignant neoplasm of large intestine and rectum"},{"code":"C786","display":"Secondary malignant neoplasm of retroperitoneum and peritoneum"},{"code":"C787","display":"Secondary malignant neoplasm of liver and intrahepatic bile duct"},{"code":"C7880","display":"Secondary malignant neoplasm of unspecified digestive organ"},{"code":"C7889","display":"Secondary malignant neoplasm of other digestive organs"},{"code":"C7900","display":"Secondary malignant neoplasm of unspecified kidney and renal pelvis"},{"code":"C7901","display":"Secondary malignant neoplasm of right kidney and renal pelvis"},{"code":"C7902","display":"Secondary malignant neoplasm of left kidney and renal pelvis"},{"code":"C7910","display":"Secondary malignant neoplasm of unspecified urinary organs"},{"code":"C7911","display":"Secondary malignant neoplasm of bladder"},{"code":"C7919","display":"Secondary malignant neoplasm of other urinary organs"},{"code":"C792","display":"Secondary malignant neoplasm of skin"},{"code":"C7931","display":"Secondary malignant neoplasm of brain"},{"code":"C7932","display":"Secondary malignant neoplasm of cerebral meninges"},{"code":"C7940","display":"Secondary malignant neoplasm of unspecified part of nervous system"},{"code":"C7949","display":"Secondary malignant neoplasm of other parts of nervous system"},{"code":"C7951","display":"Secondary malignant neoplasm of bone"},{"code":"C7952","display":"Secondary malignant neoplasm of bone marrow"},{"code":"C7960","display":"Secondary malignant neoplasm of unspecified ovary"},{"code":"C7961","display":"Secondary malignant neoplasm of right ovary"},{"code":"C7962","display":"Secondary malignant neoplasm of left ovary"},{"code":"C7970","display":"Secondary malignant neoplasm of unspecified adrenal gland"},{"code":"C7971","display":"Secondary malignant neoplasm of right adrenal gland"},{"code":"C7972","display":"Secondary malignant neoplasm of left adrenal gland"},{"code":"C7981","display":"Secondary malignant neoplasm of breast"},{"code":"C7982","display":"Secondary malignant neoplasm of genital organs"},{"code":"C7989","display":"Secondary malignant neoplasm of other specified sites"},{"code":"C799","display":"Secondary malignant neoplasm of unspecified site"},{"code":"C800","display":"Disseminated malignant neoplasm, unspecified"}]}]}}