{"resourceType":"ValueSet","id":"shr-core-DetectedNotDetectedVS","text":{"status":"generated","div":"<div xmlns=\"http://www.w3.org/1999/xhtml\">\n<p><b>DetectedNotDetectedVS ValueSet</b></p>\n<p>Value set consisting of the answers Detected (Present) and NotDetected (Absent). The terms detected and not detected are preferred because they reflect outcomes of experimental observation, while present and absent suggest ground truth. This value set reconciles or combines LOINC answer lists LL956-4, LL750-1, LL744-4,  LL955-6, LL3950-4, LL3250-9, LL2872-1, LL2410-0, LL2355-7.</p>\n</div>"},"url":"http://hl7.org/fhir/us/mcode/shr/core/vs/DetectedNotDetectedVS","identifier":{"system":"http://hl7.org/fhir/us/mcode","value":"shr.core.DetectedNotDetectedVS"},"version":"0.9.0 draft candidate 1","name":"DetectedNotDetectedVS","status":"draft","publisher":"The MITRE Corporation","contact":[{"telecom":[{"system":"other","value":"http://standardhealthrecord.org","rank":0}]}],"date":"2019-04-08T00:00:00-04:00","description":"Value set consisting of the answers Detected (Present) and NotDetected (Absent). The terms detected and not detected are preferred because they reflect outcomes of experimental observation, while present and absent suggest ground truth. This value set reconciles or combines LOINC answer lists LL956-4, LL750-1, LL744-4,  LL955-6, LL3950-4, LL3250-9, LL2872-1, LL2410-0, LL2355-7.","immutable":false,"compose":{"include":[{"system":"http://snomed.info/sct","concept":[{"code":"260373001","display":"Detected"},{"code":"260415000","display":"Not detected"},{"code":"42425007","display":"Equivocal. Equivocal represents a borderline value, too close to call; for example, a value very close to a cut-off between positive and negative."},{"code":"82334004","display":"Indeterminate. Indeterminate means the results were uninterpretable, or cannot be determined; technical issues prevented obtaining a valid result."}]}]}}