{"resourceType":"ValueSet","id":"shr-lab-EquivalentUnitsVS-million-per-uL","text":{"status":"generated","div":"<div xmlns=\"http://www.w3.org/1999/xhtml\">\n<p><b>EquivalentUnitsVS-million-per-uL ValueSet</b></p>\n<p>Units equivalent to 10*6/uL</p>\n</div>"},"url":"http://hl7.org/fhir/us/mcode/shr/lab/vs/EquivalentUnitsVS-million-per-uL","identifier":{"system":"http://hl7.org/fhir/us/mcode","value":"shr.lab.EquivalentUnitsVS-million-per-uL"},"version":"0.9.0","name":"EquivalentUnitsVS-million-per-uL","status":"draft","publisher":"The MITRE Corporation","contact":[{"telecom":[{"system":"other","value":"http://standardhealthrecord.org","rank":0}]}],"date":"2019-04-17T00:00:00-04:00","description":"Units equivalent to 10*6/uL","immutable":false,"compose":{"include":[{"system":"http://unitsofmeasure.org","concept":[{"code":"10*6/uL","display":"Million per microliter"},{"code":"10*12/L","display":"Trillion per liter"},{"code":"10*6/mm3","display":"Million per cubic millimeter"}]}]}}