{"resourceType":"ValueSet","id":"shr-core-ConditionStatusTrendVS","text":{"status":"generated","div":"<div xmlns=\"http://www.w3.org/1999/xhtml\">\n<p><b>ConditionStatusTrendVS ValueSet</b></p>\n<p>Standardized value set that describes the trend or status of a disease, condition, or ability. Based on LL2751-7, LL4721-8.</p>\n</div>"},"url":"http://hl7.org/fhir/us/mcode/shr/core/vs/ConditionStatusTrendVS","identifier":{"system":"http://hl7.org/fhir/us/mcode","value":"shr.core.ConditionStatusTrendVS"},"version":"0.9.0 Beta 1","name":"ConditionStatusTrendVS","status":"draft","publisher":"The MITRE Corporation","contact":[{"telecom":[{"system":"other","value":"http://standardhealthrecord.org","rank":0}]}],"date":"2019-04-10T00:00:00-04:00","description":"Standardized value set that describes the trend or status of a disease, condition, or ability. Based on LL2751-7, LL4721-8.","immutable":false,"compose":{"include":[{"system":"http://snomed.info/sct","concept":[{"code":"260415000","display":"Not detected. Use this term for expressing NED (no evidence of disease), condition resolved, or full remission."},{"code":"385633008","display":"Improving."},{"code":"58158008","display":"Stable"},{"code":"230993007","display":"Worsening"},{"code":"42425007","display":"Equivocal. Equivocal represents a borderline value, too close to call; for example, a value very close to a cut-off between positive and negative."},{"code":"82334004","display":"Indeterminate. Indeterminate means the results were uninterpretable, or cannot be determined; technical issues prevented obtaining a valid result."}]}]}}