{"resourceType":"StructureDefinition","id":"shr-core-DisplayText-model","text":{"status":"generated","div":"<div xmlns=\"http://www.w3.org/1999/xhtml\">\n  <p><b>DisplayText Logical Model</b></p>\n  <p>A string meant for reading by a person, for example, accompanying a code.</p>\n</div>"},"url":"http://hl7.org/fhir/us/shr/StructureDefinition/shr-core-DisplayText-model","identifier":[{"system":"http://hl7.org/fhir/us/shrcore","value":"shr.core.DisplayText"}],"version":"0.5.0","name":"DisplayText","title":"shr-core-DisplayText","status":"draft","date":"2019-05-01T00:00:00-04:00","publisher":"The MITRE Corporation","contact":[{"telecom":[{"system":"url","value":"http://www.standardhealthrecord.org"}]}],"description":"A string meant for reading by a person, for example, accompanying a code.","fhirVersion":"3.0.1","kind":"logical","abstract":false,"type":"shr-core-DisplayText-model","baseDefinition":"http://hl7.org/fhir/StructureDefinition/Element","derivation":"specialization","snapshot":{"element":[{"id":"shr-core-DisplayText-model","path":"shr-core-DisplayText-model","definition":"A string meant for reading by a person, for example, accompanying a code.","min":0,"max":"*","base":{"path":"shr-core-DisplayText-model","min":0,"max":"*"},"mustSupport":false,"isModifier":false,"isSummary":false},{"id":"shr-core-DisplayText-model.value","path":"shr-core-DisplayText-model.value","short":"String representing a string meant for reading by a person, for example, accompanying a code.","definition":"String representing a string meant for reading by a person, for example, accompanying a code.","min":1,"max":"1","base":{"path":"shr-core-DisplayText-model.value","min":1,"max":"1"},"type":[{"code":"string"}],"mustSupport":false,"isModifier":false,"isSummary":false}]},"differential":{"element":[{"id":"shr-core-DisplayText-model","path":"shr-core-DisplayText-model","definition":"A string meant for reading by a person, for example, accompanying a code.","min":0,"max":"*","base":{"path":"shr-core-DisplayText-model","min":0,"max":"*"},"mustSupport":false,"isModifier":false,"isSummary":false},{"id":"shr-core-DisplayText-model.value","path":"shr-core-DisplayText-model.value","short":"String representing a string meant for reading by a person, for example, accompanying a code.","definition":"String representing a string meant for reading by a person, for example, accompanying a code.","min":1,"max":"1","base":{"path":"shr-core-DisplayText-model.value","min":1,"max":"1"},"type":[{"code":"string"}],"mustSupport":false,"isModifier":false,"isSummary":false}]}}