{"resourceType":"StructureDefinition","id":"shr-core-DetailsUri-model","text":{"status":"generated","div":"<div xmlns=\"http://www.w3.org/1999/xhtml\">\n  <p><b>DetailsUri Logical Model</b></p>\n  <p>A URI that refers to an ElementDefinition that provides information about this item, including information that might otherwise be included in the instance of the Questionnaire resource.</p>\n</div>"},"url":"http://hl7.org/fhir/us/shr/StructureDefinition/shr-core-DetailsUri-model","identifier":[{"system":"http://hl7.org/fhir/us/shrcore","value":"shr.core.DetailsUri"}],"version":"0.5.0","name":"DetailsUri","title":"shr-core-DetailsUri","status":"draft","date":"2019-05-01T00:00:00-04:00","publisher":"The MITRE Corporation","contact":[{"telecom":[{"system":"url","value":"http://www.standardhealthrecord.org"}]}],"description":"A URI that refers to an ElementDefinition that provides information about this item, including information that might otherwise be included in the instance of the Questionnaire resource.","fhirVersion":"3.0.1","kind":"logical","abstract":false,"type":"shr-core-DetailsUri-model","baseDefinition":"http://hl7.org/fhir/StructureDefinition/Element","derivation":"specialization","snapshot":{"element":[{"id":"shr-core-DetailsUri-model","path":"shr-core-DetailsUri-model","definition":"A URI that refers to an ElementDefinition that provides information about this item, including information that might otherwise be included in the instance of the Questionnaire resource.","min":0,"max":"*","base":{"path":"shr-core-DetailsUri-model","min":0,"max":"*"},"mustSupport":false,"isModifier":false,"isSummary":false},{"id":"shr-core-DetailsUri-model.value","path":"shr-core-DetailsUri-model.value","short":"Uri representing a URI that refers to an ElementDefinition that provides information about this item, including information that might otherwise be included in the instance of the Questionnaire resource.","definition":"Uri representing a URI that refers to an ElementDefinition that provides information about this item, including information that might otherwise be included in the instance of the Questionnaire resource.","min":1,"max":"1","base":{"path":"shr-core-DetailsUri-model.value","min":1,"max":"1"},"type":[{"code":"uri"}],"mustSupport":false,"isModifier":false,"isSummary":false}]},"differential":{"element":[{"id":"shr-core-DetailsUri-model","path":"shr-core-DetailsUri-model","definition":"A URI that refers to an ElementDefinition that provides information about this item, including information that might otherwise be included in the instance of the Questionnaire resource.","min":0,"max":"*","base":{"path":"shr-core-DetailsUri-model","min":0,"max":"*"},"mustSupport":false,"isModifier":false,"isSummary":false},{"id":"shr-core-DetailsUri-model.value","path":"shr-core-DetailsUri-model.value","short":"Uri representing a URI that refers to an ElementDefinition that provides information about this item, including information that might otherwise be included in the instance of the Questionnaire resource.","definition":"Uri representing a URI that refers to an ElementDefinition that provides information about this item, including information that might otherwise be included in the instance of the Questionnaire resource.","min":1,"max":"1","base":{"path":"shr-core-DetailsUri-model.value","min":1,"max":"1"},"type":[{"code":"uri"}],"mustSupport":false,"isModifier":false,"isSummary":false}]}}