{"resourceType":"StructureDefinition","id":"shr-core-QuestionnaireResponse","text":{"status":"generated","div":"<div xmlns=\"http://www.w3.org/1999/xhtml\">\n  <p><b>QuestionnaireResponse Profile</b></p>\n  <p>A structured set of questions and their answers. The questions are ordered and grouped into coherent subsets, corresponding to the structure of the grouping of the questionnaire being responded to.</p>\n  <p><b>Mapping Summary</b></p>\n  <p><pre>shr.core.QuestionnaireResponse maps to QuestionnaireResponse:\n  Language maps to language\n  Narrative maps to text\n  ImplicitRules maps to implicitRules\n  Metadata.VersionId maps to meta.versionId\n  Metadata.SourceSystem maps to meta.extension\n  Metadata.Profile maps to meta.profile\n  Metadata.LastUpdated maps to meta.lastUpdated\n  Metadata.SecurityLabel maps to meta.security\n  Metadata.Tag maps to meta.tag\n  Identifier maps to identifier\n  QuestionnaireResponseBasedOn maps to basedOn\n  QuestionnaireResponsePartOf maps to parent\n  QuestionnaireCanonical maps to extension\n  Status maps to status\n  FocalSubject maps to subject\n  CareContext maps to context\n  StatementDateTime maps to authored // authored = authoredOn\n  QuestionnaireResponseRecorder maps to author\n  PersonInformationSource maps to source\n  QuestionnaireResponseItem maps to item\n  QuestionnaireResponseItem.IdentifierString maps to item.linkId\n  QuestionnaireResponseItem.DetailsUri maps to item.definition\n  QuestionnaireResponseItem.Question maps to item.text\n  QuestionnaireResponseItem.Answer maps to item.answer\n  QuestionnaireResponseItem.QuestionnaireResponseItem maps to item.item\n  QuestionnaireResponseItem.Answer.AnswerValue maps to item.answer.value[x]\n  QuestionnaireResponseItem.Answer.QuestionnaireResponseItem maps to item.answer.item\n</pre></p>\n</div>"},"url":"http://hl7.org/fhir/us/shr/StructureDefinition/shr-core-QuestionnaireResponse","identifier":[{"system":"http://hl7.org/fhir/us/shrcore","value":"shr.core.QuestionnaireResponse"}],"version":"0.5.0","name":"QuestionnaireResponse","title":"shr-core-QuestionnaireResponse","status":"draft","date":"2019-05-01T00:00:00-04:00","publisher":"The MITRE Corporation","contact":[{"telecom":[{"system":"url","value":"http://www.standardhealthrecord.org"}]}],"description":"A structured set of questions and their answers. The questions are ordered and grouped into coherent subsets, corresponding to the structure of the grouping of the questionnaire being responded to.","purpose":"To support structured, hierarchical reporting of data gathered using digital forms and other questionnaires.","fhirVersion":"3.0.1","mapping":[{"identity":"rim","uri":"http://hl7.org/v3","name":"RIM Mapping"},{"identity":"w5","uri":"http://hl7.org/fhir/w5","name":"W5 Mapping"}],"kind":"resource","abstract":false,"type":"QuestionnaireResponse","baseDefinition":"http://hl7.org/fhir/StructureDefinition/QuestionnaireResponse","derivation":"constraint","snapshot":{"element":[{"id":"QuestionnaireResponse:shr-core-QuestionnaireResponse","path":"QuestionnaireResponse","short":"shr-core-QuestionnaireResponse","definition":"A structured set of questions and their answers. The questions are ordered and grouped into coherent subsets, corresponding to the structure of the grouping of the questionnaire being responded to.","comment":"The QuestionnaireResponse contains enough information about the questions asked and their organization that it can be interpreted somewhat independently from the Questionnaire it is based on.  I.e. You don't need access to the Questionnaire in order to extract basic information from a QuestionnaireResponse.","alias":["Form","QuestionnaireAnswers"],"min":0,"max":"*","constraint":[{"key":"dom-2","severity":"error","human":"If the resource is contained in another resource, it SHALL NOT contain nested Resources","expression":"contained.contained.empty()","xpath":"not(parent::f:contained and f:contained)","source":"DomainResource"},{"key":"dom-1","severity":"error","human":"If the resource is contained in another resource, it SHALL NOT contain any narrative","expression":"contained.text.empty()","xpath":"not(parent::f:contained and f:text)","source":"DomainResource"},{"key":"dom-4","severity":"error","human":"If a resource is contained in another resource, it SHALL NOT have a meta.versionId or a meta.lastUpdated","expression":"contained.meta.versionId.empty() and contained.meta.lastUpdated.empty()","xpath":"not(exists(f:contained/*/f:meta/f:versionId)) and not(exists(f:contained/*/f:meta/f:lastUpdated))","source":"DomainResource"},{"key":"dom-3","severity":"error","human":"If the resource is contained in another resource, it SHALL be referred to from elsewhere in the resource","expression":"contained.where(('#'+id in %resource.descendants().reference).not()).empty()","xpath":"not(exists(for $id in f:contained/*/@id return $id[not(ancestor::f:contained/parent::*/descendant::f:reference/@value=concat('#', $id))]))","source":"DomainResource"}],"mapping":[{"identity":"rim","map":"Entity. Role, or Act"},{"identity":"rim","map":"Observation[moodCode=EVN]"},{"identity":"w5","map":"infrastructure.information"}]},{"id":"QuestionnaireResponse:shr-core-QuestionnaireResponse.id","path":"QuestionnaireResponse.id","short":"Logical id of this artifact","definition":"The logical id of the resource, as used in the URL for the resource. Once assigned, this value never changes.","comment":"The only time that a resource does not have an id is when it is being submitted to the server using a create operation.","min":0,"max":"1","base":{"path":"Resource.id","min":0,"max":"1"},"type":[{"code":"id"}],"isSummary":true},{"id":"QuestionnaireResponse:shr-core-QuestionnaireResponse.meta","path":"QuestionnaireResponse.meta","short":"Metadata about the resource","definition":"The metadata about the resource. This is content that is maintained by the infrastructure. Changes to the content may not always be associated with version changes to the resource.","min":0,"max":"1","base":{"path":"Resource.meta","min":0,"max":"1"},"type":[{"code":"Meta"}],"isSummary":true},{"id":"QuestionnaireResponse:shr-core-QuestionnaireResponse.meta.id","path":"QuestionnaireResponse.meta.id","representation":["xmlAttr"],"short":"xml:id (or equivalent in JSON)","definition":"unique id for the element within a resource (for internal references). This may be any string value that does not contain spaces.","min":0,"max":"1","base":{"path":"Element.id","min":0,"max":"1"},"type":[{"code":"string"}],"mapping":[{"identity":"rim","map":"n/a"}]},{"id":"QuestionnaireResponse:shr-core-QuestionnaireResponse.meta.extension","path":"QuestionnaireResponse.meta.extension","slicing":{"discriminator":[{"type":"value","path":"url"}],"description":"Extensions are always sliced by (at least) url","rules":"open"},"short":"Additional Content defined by implementations","definition":"May be used to represent additional information that is not part of the basic definition of the element. In order to make the use of extensions safe and manageable, there is a strict set of governance  applied to the definition and use of extensions. Though any implementer is allowed to define an extension, there is a set of requirements that SHALL be met as part of the definition of the extension.","comment":"There can be no stigma associated with the use of extensions by any application, project, or standard - regardless of the institution or jurisdiction that uses or defines the extensions.  The use of extensions is what allows the FHIR specification to retain a core level of simplicity for everyone.","alias":["extensions","user content"],"min":0,"max":"*","base":{"path":"Element.extension","min":0,"max":"*"},"type":[{"code":"Extension"}],"mapping":[{"identity":"rim","map":"n/a"}]},{"id":"QuestionnaireResponse:shr-core-QuestionnaireResponse.meta.extension:sourcesystem","path":"QuestionnaireResponse.meta.extension","sliceName":"sourcesystem","definition":"FHIR: This provides a minimal amount of Provenance information that can be used to track or differentiate the source of information in the resource. The source may identify another FHIR server, document, message, database, etc.\nFHIM: Identifies the computer system that created the medical record. This optional field may also be used to indicate that the medical record was originally created by a different organization from the one that is currently storing or utilizing the record in that the assigning authority of the Id could be set to that originating organization. This property is optional, as some systems will assume that all records that it contains originated in that system, however it is anticipated that it will become increasingly commonplace for records from multiple systems and organizations will be comingled in order to provide a complete picture of the patient's health record.","min":0,"max":"1","base":{"path":"Element.extension","min":0,"max":"*"},"type":[{"code":"Extension","profile":"http://hl7.org/fhir/us/shr/StructureDefinition/shr-core-SourceSystem-extension"}]},{"id":"QuestionnaireResponse:shr-core-QuestionnaireResponse.meta.versionId","path":"QuestionnaireResponse.meta.versionId","short":"Version specific identifier","definition":"The version specific identifier, as it appears in the version portion of the URL. This values changes when the resource is created, updated, or deleted.","comment":"The server assigns this value, and ignores what the client specifies, except in the case that the server is imposing version integrity on updates/deletes.","min":0,"max":"1","type":[{"code":"id"}],"isSummary":true},{"id":"QuestionnaireResponse:shr-core-QuestionnaireResponse.meta.lastUpdated","path":"QuestionnaireResponse.meta.lastUpdated","short":"When the resource version last changed","definition":"When the resource last changed - e.g. when the version changed.","comment":"This value is always populated except when the resource is first being created. The server / resource manager sets this value; what a client provides is irrelevant.","min":0,"max":"1","type":[{"code":"instant"}],"isSummary":true},{"id":"QuestionnaireResponse:shr-core-QuestionnaireResponse.meta.profile","path":"QuestionnaireResponse.meta.profile","short":"Profiles this resource claims to conform to","definition":"A list of profiles (references to [StructureDefinition](structuredefinition.html#) resources) that this resource claims to conform to. The URL is a reference to [StructureDefinition.url]().","comment":"It is up to the server and/or other infrastructure of policy to determine whether/how these claims are verified and/or updated over time.  The list of profile URLs is a set.","min":0,"max":"*","type":[{"code":"uri"}],"isSummary":true},{"id":"QuestionnaireResponse:shr-core-QuestionnaireResponse.meta.security","path":"QuestionnaireResponse.meta.security","short":"Security Labels applied to this resource","definition":"Security labels applied to this resource. These tags connect specific resources to the overall security policy and infrastructure.","comment":"The security labels can be updated without changing the stated version of the resource  The list of security labels is a set. Uniqueness is based the system/code, and version and display are ignored.","min":0,"max":"*","type":[{"code":"Coding"}],"isSummary":true,"binding":{"extension":[{"url":"http://hl7.org/fhir/StructureDefinition/elementdefinition-bindingName","valueString":"SecurityLabels"},{"url":"http://hl7.org/fhir/StructureDefinition/elementdefinition-isCommonBinding","valueBoolean":true}],"strength":"extensible","description":"Security Labels from the Healthcare Privacy and Security Classification System.","valueSetReference":{"reference":"http://hl7.org/fhir/ValueSet/security-labels"}}},{"id":"QuestionnaireResponse:shr-core-QuestionnaireResponse.meta.tag","path":"QuestionnaireResponse.meta.tag","short":"Tags applied to this resource","definition":"Tags applied to this resource. Tags are intended to be used to identify and relate resources to process and workflow, and applications are not required to consider the tags when interpreting the meaning of a resource.","comment":"The tags can be updated without changing the stated version of the resource.  The list of tags is a set. Uniqueness is based the system/code, and version and display are ignored.","min":0,"max":"*","type":[{"code":"Coding"}],"isSummary":true,"binding":{"extension":[{"url":"http://hl7.org/fhir/StructureDefinition/elementdefinition-bindingName","valueString":"Tags"}],"strength":"example","description":"Codes that represent various types of tags, commonly workflow-related; e.g. \"Needs review by Dr. Jones\"","valueSetReference":{"reference":"http://hl7.org/fhir/ValueSet/common-tags"}}},{"id":"QuestionnaireResponse:shr-core-QuestionnaireResponse.implicitRules","path":"QuestionnaireResponse.implicitRules","short":"A set of rules under which this content was created","definition":"A reference to a set of rules that were followed when the resource was constructed, and which must be understood when processing the content.","comment":"Asserting this rule set restricts the content to be only understood by a limited set of trading partners. This inherently limits the usefulness of the data in the long term. However, the existing health eco-system is highly fractured, and not yet ready to define, collect, and exchange data in a generally computable sense. Wherever possible, implementers and/or specification writers should avoid using this element. \n\nThis element is labelled as a modifier because the implicit rules may provide additional knowledge about the resource that modifies it's meaning or interpretation.","min":0,"max":"1","base":{"path":"Resource.implicitRules","min":0,"max":"1"},"type":[{"code":"uri"}],"isModifier":true,"isSummary":true},{"id":"QuestionnaireResponse:shr-core-QuestionnaireResponse.language","path":"QuestionnaireResponse.language","short":"Language of the resource content","definition":"The base language in which the resource is written.","comment":"Language is provided to support indexing and accessibility (typically, services such as text to speech use the language tag). The html language tag in the narrative applies  to the narrative. The language tag on the resource may be used to specify the language of other presentations generated from the data in the resource  Not all the content has to be in the base language. The Resource.language should not be assumed to apply to the narrative automatically. If a language is specified, it should it also be specified on the div element in the html (see rules in HTML5 for information about the relationship between xml:lang and the html lang attribute).","min":0,"max":"1","base":{"path":"Resource.language","min":0,"max":"1"},"type":[{"code":"code"}],"binding":{"extension":[{"url":"http://hl7.org/fhir/StructureDefinition/elementdefinition-maxValueSet","valueReference":{"reference":"http://hl7.org/fhir/ValueSet/all-languages"}},{"url":"http://hl7.org/fhir/StructureDefinition/elementdefinition-bindingName","valueString":"Language"},{"url":"http://hl7.org/fhir/StructureDefinition/elementdefinition-isCommonBinding","valueBoolean":true}],"strength":"extensible","description":"A human language.","valueSetReference":{"reference":"http://hl7.org/fhir/ValueSet/languages"}}},{"id":"QuestionnaireResponse:shr-core-QuestionnaireResponse.text","path":"QuestionnaireResponse.text","short":"Text summary of the resource, for human interpretation","definition":"A human-readable narrative that contains a summary of the resource, and may be used to represent the content of the resource to a human. The narrative need not encode all the structured data, but is required to contain sufficient detail to make it \"clinically safe\" for a human to just read the narrative. Resource definitions may define what content should be represented in the narrative to ensure clinical safety.","comment":"Contained resources do not have narrative. Resources that are not contained SHOULD have a narrative. In some cases, a resource may only have text with little or no additional discrete data (as long as all minOccurs=1 elements are satisfied).  This may be necessary for data from legacy systems where information is captured as a \"text blob\" or where text is additionally entered raw or narrated and encoded in formation is added later.","alias":["narrative","html","xhtml","display"],"min":0,"max":"1","base":{"path":"DomainResource.text","min":0,"max":"1"},"type":[{"code":"Narrative"}],"condition":["dom-1"],"mapping":[{"identity":"rim","map":"Act.text?"}]},{"id":"QuestionnaireResponse:shr-core-QuestionnaireResponse.contained","path":"QuestionnaireResponse.contained","short":"Contained, inline Resources","definition":"These resources do not have an independent existence apart from the resource that contains them - they cannot be identified independently, and nor can they have their own independent transaction scope.","comment":"This should never be done when the content can be identified properly, as once identification is lost, it is extremely difficult (and context dependent) to restore it again.","alias":["inline resources","anonymous resources","contained resources"],"min":0,"max":"*","base":{"path":"DomainResource.contained","min":0,"max":"*"},"type":[{"code":"Resource"}],"mapping":[{"identity":"rim","map":"N/A"}]},{"id":"QuestionnaireResponse:shr-core-QuestionnaireResponse.extension","path":"QuestionnaireResponse.extension","slicing":{"id":"1","discriminator":[{"type":"value","path":"url"}],"ordered":false,"rules":"open"},"short":"Additional Content defined by implementations","definition":"May be used to represent additional information that is not part of the basic definition of the resource. In order to make the use of extensions safe and manageable, there is a strict set of governance  applied to the definition and use of extensions. Though any implementer is allowed to define an extension, there is a set of requirements that SHALL be met as part of the definition of the extension.","comment":"There can be no stigma associated with the use of extensions by any application, project, or standard - regardless of the institution or jurisdiction that uses or defines the extensions.  The use of extensions is what allows the FHIR specification to retain a core level of simplicity for everyone.","alias":["extensions","user content"],"min":0,"max":"*","base":{"path":"DomainResource.extension","min":0,"max":"*"},"type":[{"code":"Extension"}],"mapping":[{"identity":"rim","map":"N/A"}]},{"id":"QuestionnaireResponse:shr-core-QuestionnaireResponse.extension:questionnairecanonical","path":"QuestionnaireResponse.extension","sliceName":"questionnairecanonical","definition":"The Questionnaire that defines and organizes the questions for which answers are being provided.","min":0,"max":"1","base":{"path":"DomainResource.extension","min":0,"max":"*"},"type":[{"code":"Extension","profile":"http://hl7.org/fhir/us/shr/StructureDefinition/shr-core-QuestionnaireCanonical-extension"}]},{"id":"QuestionnaireResponse:shr-core-QuestionnaireResponse.modifierExtension","path":"QuestionnaireResponse.modifierExtension","short":"Extensions that cannot be ignored","definition":"May be used to represent additional information that is not part of the basic definition of the resource, and that modifies the understanding of the element that contains it. Usually modifier elements provide negation or qualification. In order to make the use of extensions safe and manageable, there is a strict set of governance applied to the definition and use of extensions. Though any implementer is allowed to define an extension, there is a set of requirements that SHALL be met as part of the definition of the extension. Applications processing a resource are required to check for modifier extensions.","comment":"There can be no stigma associated with the use of extensions by any application, project, or standard - regardless of the institution or jurisdiction that uses or defines the extensions.  The use of extensions is what allows the FHIR specification to retain a core level of simplicity for everyone.","alias":["extensions","user content"],"min":0,"max":"*","base":{"path":"DomainResource.modifierExtension","min":0,"max":"*"},"type":[{"code":"Extension"}],"isModifier":true,"mapping":[{"identity":"rim","map":"N/A"}]},{"id":"QuestionnaireResponse:shr-core-QuestionnaireResponse.identifier","path":"QuestionnaireResponse.identifier","short":"Unique id for this set of answers","definition":"A business identifier assigned to a particular completed (or partially completed) questionnaire.","requirements":"Used for tracking, registration and other business purposes.","min":0,"max":"1","type":[{"code":"Identifier"}],"isSummary":true,"mapping":[{"identity":"rim","map":".id"},{"identity":"w5","map":"id"}]},{"id":"QuestionnaireResponse:shr-core-QuestionnaireResponse.basedOn","path":"QuestionnaireResponse.basedOn","short":"Request fulfilled by this QuestionnaireResponse","definition":"The order, proposal or plan that is fulfilled in whole or in part by this QuestionnaireResponse.  For example, a ProcedureRequest seeking an intake assessment or a decision support recommendation to assess for post-partum depression.","requirements":"Supports traceability of responsibility for the action and allows linkage of an action to the recommendations acted upon.","alias":["order"],"min":0,"max":"*","type":[{"code":"Reference","targetProfile":"http://hl7.org/fhir/us/shr/StructureDefinition/shr-core-ReferralRequest"},{"code":"Reference","targetProfile":"http://hl7.org/fhir/us/shr/StructureDefinition/shr-core-ServiceRequest"},{"code":"Reference","targetProfile":"http://hl7.org/fhir/us/shr/StructureDefinition/shr-core-ProcedureRequest"}],"isSummary":true,"mapping":[{"identity":"rim","map":".outboundRelationship[typeCode=FLFS].target"}]},{"id":"QuestionnaireResponse:shr-core-QuestionnaireResponse.parent","path":"QuestionnaireResponse.parent","short":"Part of this action","definition":"A procedure or observation that this questionnaire was performed as part of the execution of.  For example, the surgery a checklist was executed as part of.","comment":"Composition of questionnaire responses will be handled by the parent questionnaire having answers that reference the child questionnaire.  For relationships to referrals, and other types of requests, use basedOn.","min":0,"max":"*","type":[{"code":"Reference","targetProfile":"http://hl7.org/fhir/us/shr/StructureDefinition/shr-core-Observation"},{"code":"Reference","targetProfile":"http://hl7.org/fhir/us/shr/StructureDefinition/shr-core-Procedure"}],"isSummary":true,"mapping":[{"identity":"rim","map":".inboundRelationship[typeCode=COMP].source[moodCode=EVN]"}]},{"id":"QuestionnaireResponse:shr-core-QuestionnaireResponse.questionnaire","path":"QuestionnaireResponse.questionnaire","short":"Form being answered","definition":"The Questionnaire that defines and organizes the questions for which answers are being provided.","comment":"If a QuestionnaireResponse references a Questionnaire, then the QuestionnaireResponse structure must be consistent with the Questionnaire (i.e. questions must be organized into the same groups, nested questions must still be nested, etc.).","requirements":"Needed to allow editing of the questionnaire response in a manner that enforces the constraints of the original form.","alias":["Form"],"min":0,"max":"1","type":[{"code":"Reference","targetProfile":"http://hl7.org/fhir/StructureDefinition/Questionnaire"}],"isSummary":true,"mapping":[{"identity":"rim","map":"./outboundRelationship[typeCode=INST]/target[classCode=OBS, moodCode=DEFN]"}]},{"id":"QuestionnaireResponse:shr-core-QuestionnaireResponse.status","path":"QuestionnaireResponse.status","short":"in-progress | completed | amended | entered-in-error | stopped","definition":"The position of the questionnaire response within its overall lifecycle.","comment":"This element is labeled as a modifier because the status contains codes that mark the resource as not currently valid.","requirements":"The information on Questionnaire resources  may possibly be gathered during multiple sessions and altered after considered being finished.","min":1,"max":"1","type":[{"code":"code"}],"isModifier":true,"isSummary":true,"binding":{"extension":[{"url":"http://hl7.org/fhir/StructureDefinition/elementdefinition-bindingName","valueString":"QuestionnaireResponseStatus"}],"strength":"required","description":"Lifecycle status of the questionnaire response.","valueSetReference":{"reference":"http://hl7.org/fhir/ValueSet/questionnaire-answers-status"}},"mapping":[{"identity":"rim","map":".statusCode (also whether there's a revisionControlAct - and possibly mood to distinguish \"in-progress\" from \"published)"},{"identity":"w5","map":"status"}]},{"id":"QuestionnaireResponse:shr-core-QuestionnaireResponse.subject","path":"QuestionnaireResponse.subject","short":"The subject of the questions","definition":"The subject of the questionnaire response.  This could be a patient, organization, practitioner, device, etc.  This is who/what the answers apply to, but is not necessarily the source of information.","comment":"If the Questionnaire declared a subjectType, the resource pointed to by this element must be an instance of one of the listed types.","requirements":"Allows linking the answers to the individual the answers describe.  May also affect access control.","alias":["Patient","Focus"],"min":0,"max":"1","type":[{"code":"Reference","targetProfile":"http://hl7.org/fhir/us/shr/StructureDefinition/shr-core-DomainResource"}],"isSummary":true,"mapping":[{"identity":"rim","map":".participation[typeCode=SBJ].role"},{"identity":"w5","map":"who.focus"}]},{"id":"QuestionnaireResponse:shr-core-QuestionnaireResponse.context","path":"QuestionnaireResponse.context","short":"Encounter or Episode during which questionnaire was completed","definition":"The encounter or episode of care with primary association to the questionnaire response.","comment":"A questionnaire that was initiated during an encounter but not fully completed during the encounter would still generally be associated with the encounter.","requirements":"Provides context for the information that was captured.  May also affect access control.","min":0,"max":"1","type":[{"code":"Reference","targetProfile":"http://hl7.org/fhir/us/shr/StructureDefinition/shr-core-Encounter"}],"isSummary":true,"mapping":[{"identity":"rim","map":".inboundRelationship(typeCode=COMP].source[classCode<=PCPR, moodCode=EVN]"},{"identity":"w5","map":"context"}]},{"id":"QuestionnaireResponse:shr-core-QuestionnaireResponse.authored","path":"QuestionnaireResponse.authored","short":"Date the answers were gathered","definition":"The date and/or time that this set of answers were last changed.","comment":"May be different from the lastUpdateTime of the resource itself, because that reflects when the data was known to the server, not when the data was captured.\n\nThis element is optional to allow for systems that may not know the value, however it SHOULD be populated if possible.","requirements":"Clinicians need to be able to check the date that the information in the questionnaire was collected, to derive the context of the answers.","alias":["Date Created","Date published","Date Issued","Date updated"],"min":0,"max":"1","type":[{"code":"dateTime"}],"isSummary":true,"mapping":[{"identity":"rim","map":".participation[typeCode=AUT].time"},{"identity":"w5","map":"when.recorded"}]},{"id":"QuestionnaireResponse:shr-core-QuestionnaireResponse.author","path":"QuestionnaireResponse.author","short":"Person who received and recorded the answers","definition":"Person who received the answers to the questions in the QuestionnaireResponse and recorded them in the system.","comment":"Mapping a subject's answers to multiple choice options and determining what to put in the textual answer is a matter of interpretation.  Authoring by device would indicate that some portion of the questionnaire had been auto-populated.","requirements":"Need to know who interpreted the subject's answers to the questions in the questionnaire, and selected the appropriate options for answers.","alias":["Laboratory","Service","Practitioner","Department","Company","Performer"],"min":0,"max":"1","type":[{"code":"Reference","targetProfile":"http://hl7.org/fhir/us/shr/StructureDefinition/shr-core-Device"},{"code":"Reference","targetProfile":"http://hl7.org/fhir/us/shr/StructureDefinition/shr-core-Practitioner"},{"code":"Reference","targetProfile":"http://hl7.org/fhir/us/shr/StructureDefinition/shr-core-Patient"},{"code":"Reference","targetProfile":"http://hl7.org/fhir/us/shr/StructureDefinition/shr-core-RelatedPerson"}],"isSummary":true,"mapping":[{"identity":"rim","map":".participation[typeCode=AUT].role"},{"identity":"w5","map":"who.author"}]},{"id":"QuestionnaireResponse:shr-core-QuestionnaireResponse.source","path":"QuestionnaireResponse.source","short":"The person who answered the questions","definition":"The person who answered the questions about the subject.","comment":"If not specified, no inference can be made about who provided the data.","requirements":"When answering questions about a subject that is minor, incapable of answering or an animal, another human source may answer the questions.","min":0,"max":"1","type":[{"code":"Reference","targetProfile":"http://hl7.org/fhir/us/shr/StructureDefinition/shr-core-Patient"},{"code":"Reference","targetProfile":"http://hl7.org/fhir/us/shr/StructureDefinition/shr-core-Practitioner"},{"code":"Reference","targetProfile":"http://hl7.org/fhir/us/shr/StructureDefinition/shr-core-RelatedPerson"}],"isSummary":true,"mapping":[{"identity":"rim","map":".participation[typeCode=INF].role"},{"identity":"w5","map":"who.source"}]},{"id":"QuestionnaireResponse:shr-core-QuestionnaireResponse.item","path":"QuestionnaireResponse.item","short":"Groups and questions","definition":"A group or question item from the original questionnaire for which answers are provided.","comment":"Groups cannot have answers and therefore must nest directly within item. When dealing with questions, nesting must occur within each answer because some questions may have multiple answers (and the nesting occurs for each answer).","min":0,"max":"*","type":[{"code":"BackboneElement"}],"constraint":[{"key":"ele-1","severity":"error","human":"All FHIR elements must have a @value or children","expression":"hasValue() | (children().count() > id.count())","xpath":"@value|f:*|h:div","source":"Element"},{"key":"qrs-1","severity":"error","human":"Nested item can't be beneath both item and answer","expression":"(answer.exists() and item.exists()).not()","xpath":"not(exists(f:answer) and exists(f:item))"}],"mapping":[{"identity":"rim","map":".outboundRelationship[typeCode=COMP].target[classCode=OBS, moodCode=EVN]"}]},{"id":"QuestionnaireResponse:shr-core-QuestionnaireResponse.item.id","path":"QuestionnaireResponse.item.id","representation":["xmlAttr"],"short":"xml:id (or equivalent in JSON)","definition":"unique id for the element within a resource (for internal references). This may be any string value that does not contain spaces.","min":0,"max":"1","base":{"path":"Element.id","min":0,"max":"1"},"type":[{"code":"string"}],"mapping":[{"identity":"rim","map":"n/a"}]},{"id":"QuestionnaireResponse:shr-core-QuestionnaireResponse.item.extension","path":"QuestionnaireResponse.item.extension","short":"Additional Content defined by implementations","definition":"May be used to represent additional information that is not part of the basic definition of the element. In order to make the use of extensions safe and manageable, there is a strict set of governance  applied to the definition and use of extensions. Though any implementer is allowed to define an extension, there is a set of requirements that SHALL be met as part of the definition of the extension.","comment":"There can be no stigma associated with the use of extensions by any application, project, or standard - regardless of the institution or jurisdiction that uses or defines the extensions.  The use of extensions is what allows the FHIR specification to retain a core level of simplicity for everyone.","alias":["extensions","user content"],"min":0,"max":"*","base":{"path":"Element.extension","min":0,"max":"*"},"type":[{"code":"Extension"}],"mapping":[{"identity":"rim","map":"n/a"}]},{"id":"QuestionnaireResponse:shr-core-QuestionnaireResponse.item.modifierExtension","path":"QuestionnaireResponse.item.modifierExtension","short":"Extensions that cannot be ignored","definition":"May be used to represent additional information that is not part of the basic definition of the element, and that modifies the understanding of the element that contains it. Usually modifier elements provide negation or qualification. In order to make the use of extensions safe and manageable, there is a strict set of governance applied to the definition and use of extensions. Though any implementer is allowed to define an extension, there is a set of requirements that SHALL be met as part of the definition of the extension. Applications processing a resource are required to check for modifier extensions.","comment":"There can be no stigma associated with the use of extensions by any application, project, or standard - regardless of the institution or jurisdiction that uses or defines the extensions.  The use of extensions is what allows the FHIR specification to retain a core level of simplicity for everyone.","alias":["extensions","user content","modifiers"],"min":0,"max":"*","base":{"path":"BackboneElement.modifierExtension","min":0,"max":"*"},"type":[{"code":"Extension"}],"isModifier":true,"isSummary":true,"mapping":[{"identity":"rim","map":"N/A"}]},{"id":"QuestionnaireResponse:shr-core-QuestionnaireResponse.item.linkId","path":"QuestionnaireResponse.item.linkId","short":"Pointer to specific item from Questionnaire","definition":"The item from the Questionnaire that corresponds to this item in the QuestionnaireResponse resource.","requirements":"Items can repeat in the answers, so a direct 1..1 correspondence by position may not exist - requiring correspondence by identifier.","min":1,"max":"1","type":[{"code":"string"}],"mapping":[{"identity":"rim","map":".outboundRelationship[typeCode=DEFN].target[classCode=OBS, moodCode=DEFN].id"}]},{"id":"QuestionnaireResponse:shr-core-QuestionnaireResponse.item.definition","path":"QuestionnaireResponse.item.definition","short":"ElementDefinition - details for the item","definition":"A reference to an [ElementDefinition](elementdefinition.html) that provides the details for the item.","comment":"The ElementDefinition must be in a [StructureDefinition](structuredefinition.html) or a [DataElement](dataelement.html), and must have a fragment identifier that identifies the specific data element by its id (Element.id). E.g. http://hl7.org/fhir/StructureDefinition/Observation#Observation.value[x].\n\nThere is no need for this element if the item pointed to by the linkId has a definition listed.","requirements":"A common pattern is to define a set of data elements, and then build multiple different questionnaires for different circumstances to gather the data. This element provides traceability to the common definition.","min":0,"max":"1","type":[{"code":"uri"}],"mapping":[{"identity":"rim","map":".outboundRelationship[typeCode=DEFN].target[classCode=OBS, moodCode=DEFN].code"}]},{"id":"QuestionnaireResponse:shr-core-QuestionnaireResponse.item.text","path":"QuestionnaireResponse.item.text","short":"Name for group or question text","definition":"Text that is displayed above the contents of the group or as the text of the question being answered.","requirements":"Allows the questionnaire response to be read without access to the questionnaire.","min":0,"max":"1","type":[{"code":"string"}],"mapping":[{"identity":"rim","map":".text"}]},{"id":"QuestionnaireResponse:shr-core-QuestionnaireResponse.item.subject","path":"QuestionnaireResponse.item.subject","short":"The subject this group's answers are about","definition":"More specific subject this section's answers are about, details the subject given in QuestionnaireResponse.","requirements":"Sometimes a group of answers is about a specific participant, artifact or piece of information in the patient's care or record, e.g. a specific Problem, RelatedPerson, Allergy etc.","min":0,"max":"1","type":[{"code":"Reference","targetProfile":"http://hl7.org/fhir/StructureDefinition/Resource"}],"mapping":[{"identity":"rim","map":".participation[typeCode=SBJ].role or .outboundRelationship[typeCode=SUBJ].target"}]},{"id":"QuestionnaireResponse:shr-core-QuestionnaireResponse.item.answer","path":"QuestionnaireResponse.item.answer","short":"The response(s) to the question","definition":"The respondent's answer(s) to the question.","comment":"The value is nested because we cannot have a repeating structure that has variable type.","min":0,"max":"*","type":[{"code":"BackboneElement"}],"constraint":[{"key":"ele-1","severity":"error","human":"All FHIR elements must have a @value or children","expression":"hasValue() | (children().count() > id.count())","xpath":"@value|f:*|h:div","source":"Element"}],"mapping":[{"identity":"rim","map":".value[type=LIST_ANY]"}]},{"id":"QuestionnaireResponse:shr-core-QuestionnaireResponse.item.answer.id","path":"QuestionnaireResponse.item.answer.id","representation":["xmlAttr"],"short":"xml:id (or equivalent in JSON)","definition":"unique id for the element within a resource (for internal references). This may be any string value that does not contain spaces.","min":0,"max":"1","base":{"path":"Element.id","min":0,"max":"1"},"type":[{"code":"string"}],"mapping":[{"identity":"rim","map":"n/a"}]},{"id":"QuestionnaireResponse:shr-core-QuestionnaireResponse.item.answer.extension","path":"QuestionnaireResponse.item.answer.extension","short":"Additional Content defined by implementations","definition":"May be used to represent additional information that is not part of the basic definition of the element. In order to make the use of extensions safe and manageable, there is a strict set of governance  applied to the definition and use of extensions. Though any implementer is allowed to define an extension, there is a set of requirements that SHALL be met as part of the definition of the extension.","comment":"There can be no stigma associated with the use of extensions by any application, project, or standard - regardless of the institution or jurisdiction that uses or defines the extensions.  The use of extensions is what allows the FHIR specification to retain a core level of simplicity for everyone.","alias":["extensions","user content"],"min":0,"max":"*","base":{"path":"Element.extension","min":0,"max":"*"},"type":[{"code":"Extension"}],"mapping":[{"identity":"rim","map":"n/a"}]},{"id":"QuestionnaireResponse:shr-core-QuestionnaireResponse.item.answer.modifierExtension","path":"QuestionnaireResponse.item.answer.modifierExtension","short":"Extensions that cannot be ignored","definition":"May be used to represent additional information that is not part of the basic definition of the element, and that modifies the understanding of the element that contains it. Usually modifier elements provide negation or qualification. In order to make the use of extensions safe and manageable, there is a strict set of governance applied to the definition and use of extensions. Though any implementer is allowed to define an extension, there is a set of requirements that SHALL be met as part of the definition of the extension. Applications processing a resource are required to check for modifier extensions.","comment":"There can be no stigma associated with the use of extensions by any application, project, or standard - regardless of the institution or jurisdiction that uses or defines the extensions.  The use of extensions is what allows the FHIR specification to retain a core level of simplicity for everyone.","alias":["extensions","user content","modifiers"],"min":0,"max":"*","base":{"path":"BackboneElement.modifierExtension","min":0,"max":"*"},"type":[{"code":"Extension"}],"isModifier":true,"isSummary":true,"mapping":[{"identity":"rim","map":"N/A"}]},{"id":"QuestionnaireResponse:shr-core-QuestionnaireResponse.item.answer.value[x]","path":"QuestionnaireResponse.item.answer.value[x]","short":"Single-valued answer to the question","definition":"The answer (or one of the answers) provided by the respondent to the question.","comment":"More complex structures (Attachment, Resource and Quantity) will typically be limited to electronic forms that can expose an appropriate user interface to capture the components and enforce the constraints of a complex data type.  Additional complex types can be introduced through extensions.","requirements":"Ability to retain a single-valued answer to a question.","min":0,"max":"1","type":[{"code":"boolean"},{"code":"decimal"},{"code":"integer"},{"code":"date"},{"code":"dateTime"},{"code":"time"},{"code":"string"},{"code":"uri"},{"code":"Coding"},{"code":"Quantity"},{"code":"Reference","targetProfile":"http://hl7.org/fhir/us/shr/StructureDefinition/shr-core-DomainResource"}],"binding":{"extension":[{"url":"http://hl7.org/fhir/StructureDefinition/elementdefinition-bindingName","valueString":"QuestionnaireAnswer"}],"strength":"example","description":"Code indicating the response provided for a question.","valueSetReference":{"reference":"http://hl7.org/fhir/ValueSet/questionnaire-answers"}},"mapping":[{"identity":"rim","map":".item"}]},{"id":"QuestionnaireResponse:shr-core-QuestionnaireResponse.item.answer.item","path":"QuestionnaireResponse.item.answer.item","short":"Nested groups and questions","definition":"Nested groups and/or questions found within this particular answer.","requirements":"It is useful to have \"sub-questions\", questions which normally appear when certain answers are given and which collect additional details.","min":0,"max":"*","type":[{"code":"BackboneElement"}],"mapping":[{"identity":"rim","map":".outboundRelationship[typeCode=COMP].target[classCode=OBS, moodCode=EVN]"}]},{"id":"QuestionnaireResponse:shr-core-QuestionnaireResponse.item.answer.item.id","path":"QuestionnaireResponse.item.answer.item.id","representation":["xmlAttr"],"short":"xml:id (or equivalent in JSON)","definition":"unique id for the element within a resource (for internal references). This may be any string value that does not contain spaces.","min":0,"max":"1","base":{"path":"Element.id","min":0,"max":"1"},"type":[{"code":"string"}],"mapping":[{"identity":"rim","map":"n/a"}]},{"id":"QuestionnaireResponse:shr-core-QuestionnaireResponse.item.answer.item.extension","path":"QuestionnaireResponse.item.answer.item.extension","short":"Additional Content defined by implementations","definition":"May be used to represent additional information that is not part of the basic definition of the element. In order to make the use of extensions safe and manageable, there is a strict set of governance  applied to the definition and use of extensions. Though any implementer is allowed to define an extension, there is a set of requirements that SHALL be met as part of the definition of the extension.","comment":"There can be no stigma associated with the use of extensions by any application, project, or standard - regardless of the institution or jurisdiction that uses or defines the extensions.  The use of extensions is what allows the FHIR specification to retain a core level of simplicity for everyone.","alias":["extensions","user content"],"min":0,"max":"*","base":{"path":"Element.extension","min":0,"max":"*"},"type":[{"code":"Extension"}],"mapping":[{"identity":"rim","map":"n/a"}]},{"id":"QuestionnaireResponse:shr-core-QuestionnaireResponse.item.answer.item.modifierExtension","path":"QuestionnaireResponse.item.answer.item.modifierExtension","short":"Extensions that cannot be ignored","definition":"May be used to represent additional information that is not part of the basic definition of the element, and that modifies the understanding of the element that contains it. Usually modifier elements provide negation or qualification. In order to make the use of extensions safe and manageable, there is a strict set of governance applied to the definition and use of extensions. Though any implementer is allowed to define an extension, there is a set of requirements that SHALL be met as part of the definition of the extension. Applications processing a resource are required to check for modifier extensions.","comment":"There can be no stigma associated with the use of extensions by any application, project, or standard - regardless of the institution or jurisdiction that uses or defines the extensions.  The use of extensions is what allows the FHIR specification to retain a core level of simplicity for everyone.","alias":["extensions","user content","modifiers"],"min":0,"max":"*","base":{"path":"BackboneElement.modifierExtension","min":0,"max":"*"},"type":[{"code":"Extension"}],"isModifier":true,"isSummary":true,"mapping":[{"identity":"rim","map":"N/A"}]},{"id":"QuestionnaireResponse:shr-core-QuestionnaireResponse.item.answer.item.linkId","path":"QuestionnaireResponse.item.answer.item.linkId","short":"Pointer to specific item from Questionnaire","definition":"The item from the Questionnaire that corresponds to this item in the QuestionnaireResponse resource.","requirements":"Items can repeat in the answers, so a direct 1..1 correspondence by position may not exist - requiring correspondence by identifier.","min":1,"max":"1","type":[{"code":"string"}],"mapping":[{"identity":"rim","map":".outboundRelationship[typeCode=DEFN].target[classCode=OBS, moodCode=DEFN].id"}]},{"id":"QuestionnaireResponse:shr-core-QuestionnaireResponse.item.answer.item.definition","path":"QuestionnaireResponse.item.answer.item.definition","short":"ElementDefinition - details for the item","definition":"A reference to an [ElementDefinition](elementdefinition.html) that provides the details for the item.","comment":"The ElementDefinition must be in a [StructureDefinition](structuredefinition.html) or a [DataElement](dataelement.html), and must have a fragment identifier that identifies the specific data element by its id (Element.id). E.g. http://hl7.org/fhir/StructureDefinition/Observation#Observation.value[x].\n\nThere is no need for this element if the item pointed to by the linkId has a definition listed.","requirements":"A common pattern is to define a set of data elements, and then build multiple different questionnaires for different circumstances to gather the data. This element provides traceability to the common definition.","min":0,"max":"1","type":[{"code":"uri"}],"mapping":[{"identity":"rim","map":".outboundRelationship[typeCode=DEFN].target[classCode=OBS, moodCode=DEFN].code"}]},{"id":"QuestionnaireResponse:shr-core-QuestionnaireResponse.item.answer.item.text","path":"QuestionnaireResponse.item.answer.item.text","short":"Name for group or question text","definition":"Text that is displayed above the contents of the group or as the text of the question being answered.","requirements":"Allows the questionnaire response to be read without access to the questionnaire.","min":0,"max":"1","type":[{"code":"string"}],"mapping":[{"identity":"rim","map":".text"}]},{"id":"QuestionnaireResponse:shr-core-QuestionnaireResponse.item.answer.item.subject","path":"QuestionnaireResponse.item.answer.item.subject","short":"The subject this group's answers are about","definition":"More specific subject this section's answers are about, details the subject given in QuestionnaireResponse.","requirements":"Sometimes a group of answers is about a specific participant, artifact or piece of information in the patient's care or record, e.g. a specific Problem, RelatedPerson, Allergy etc.","min":0,"max":"1","type":[{"code":"Reference","targetProfile":"http://hl7.org/fhir/StructureDefinition/Resource"}],"mapping":[{"identity":"rim","map":".participation[typeCode=SBJ].role or .outboundRelationship[typeCode=SUBJ].target"}]},{"id":"QuestionnaireResponse:shr-core-QuestionnaireResponse.item.answer.item.answer","path":"QuestionnaireResponse.item.answer.item.answer","short":"The response(s) to the question","definition":"The respondent's answer(s) to the question.","comment":"The value is nested because we cannot have a repeating structure that has variable type.","min":0,"max":"*","type":[{"code":"BackboneElement"}],"constraint":[{"key":"ele-1","severity":"error","human":"All FHIR elements must have a @value or children","expression":"hasValue() | (children().count() > id.count())","xpath":"@value|f:*|h:div","source":"Element"}],"mapping":[{"identity":"rim","map":".value[type=LIST_ANY]"}]},{"id":"QuestionnaireResponse:shr-core-QuestionnaireResponse.item.answer.item.answer.id","path":"QuestionnaireResponse.item.answer.item.answer.id","representation":["xmlAttr"],"short":"xml:id (or equivalent in JSON)","definition":"unique id for the element within a resource (for internal references). This may be any string value that does not contain spaces.","min":0,"max":"1","base":{"path":"Element.id","min":0,"max":"1"},"type":[{"code":"string"}],"mapping":[{"identity":"rim","map":"n/a"}]},{"id":"QuestionnaireResponse:shr-core-QuestionnaireResponse.item.answer.item.answer.extension","path":"QuestionnaireResponse.item.answer.item.answer.extension","short":"Additional Content defined by implementations","definition":"May be used to represent additional information that is not part of the basic definition of the element. In order to make the use of extensions safe and manageable, there is a strict set of governance  applied to the definition and use of extensions. Though any implementer is allowed to define an extension, there is a set of requirements that SHALL be met as part of the definition of the extension.","comment":"There can be no stigma associated with the use of extensions by any application, project, or standard - regardless of the institution or jurisdiction that uses or defines the extensions.  The use of extensions is what allows the FHIR specification to retain a core level of simplicity for everyone.","alias":["extensions","user content"],"min":0,"max":"*","base":{"path":"Element.extension","min":0,"max":"*"},"type":[{"code":"Extension"}],"mapping":[{"identity":"rim","map":"n/a"}]},{"id":"QuestionnaireResponse:shr-core-QuestionnaireResponse.item.answer.item.answer.modifierExtension","path":"QuestionnaireResponse.item.answer.item.answer.modifierExtension","short":"Extensions that cannot be ignored","definition":"May be used to represent additional information that is not part of the basic definition of the element, and that modifies the understanding of the element that contains it. Usually modifier elements provide negation or qualification. In order to make the use of extensions safe and manageable, there is a strict set of governance applied to the definition and use of extensions. Though any implementer is allowed to define an extension, there is a set of requirements that SHALL be met as part of the definition of the extension. Applications processing a resource are required to check for modifier extensions.","comment":"There can be no stigma associated with the use of extensions by any application, project, or standard - regardless of the institution or jurisdiction that uses or defines the extensions.  The use of extensions is what allows the FHIR specification to retain a core level of simplicity for everyone.","alias":["extensions","user content","modifiers"],"min":0,"max":"*","base":{"path":"BackboneElement.modifierExtension","min":0,"max":"*"},"type":[{"code":"Extension"}],"isModifier":true,"isSummary":true,"mapping":[{"identity":"rim","map":"N/A"}]},{"id":"QuestionnaireResponse:shr-core-QuestionnaireResponse.item.answer.item.answer.value[x]","path":"QuestionnaireResponse.item.answer.item.answer.value[x]","short":"Single-valued answer to the question","definition":"The answer (or one of the answers) provided by the respondent to the question.","comment":"More complex structures (Attachment, Resource and Quantity) will typically be limited to electronic forms that can expose an appropriate user interface to capture the components and enforce the constraints of a complex data type.  Additional complex types can be introduced through extensions.","requirements":"Ability to retain a single-valued answer to a question.","min":0,"max":"1","type":[{"code":"boolean"},{"code":"decimal"},{"code":"integer"},{"code":"date"},{"code":"dateTime"},{"code":"time"},{"code":"string"},{"code":"uri"},{"code":"Attachment"},{"code":"Coding"},{"code":"Quantity"},{"code":"Reference","targetProfile":"http://hl7.org/fhir/StructureDefinition/Resource"}],"binding":{"extension":[{"url":"http://hl7.org/fhir/StructureDefinition/elementdefinition-bindingName","valueString":"QuestionnaireAnswer"}],"strength":"example","description":"Code indicating the response provided for a question.","valueSetReference":{"reference":"http://hl7.org/fhir/ValueSet/questionnaire-answers"}},"mapping":[{"identity":"rim","map":".item"}]},{"id":"QuestionnaireResponse:shr-core-QuestionnaireResponse.item.answer.item.answer.item","path":"QuestionnaireResponse.item.answer.item.answer.item","short":"Nested groups and questions","definition":"Nested groups and/or questions found within this particular answer.","requirements":"It is useful to have \"sub-questions\", questions which normally appear when certain answers are given and which collect additional details.","min":0,"max":"*","contentReference":"#QuestionnaireResponse.item","mapping":[{"identity":"rim","map":".outboundRelationship[typeCode=COMP].target[classCode=OBS, moodCode=EVN]"}]},{"id":"QuestionnaireResponse:shr-core-QuestionnaireResponse.item.answer.item.item","path":"QuestionnaireResponse.item.answer.item.item","short":"Nested questionnaire response items","definition":"Questions or sub-groups nested beneath a question or group.","requirements":"Reports can consist of complex nested groups.","min":0,"max":"*","contentReference":"#QuestionnaireResponse.item","mapping":[{"identity":"rim","map":".outboundRelationship[typeCode=COMP].target[classCode=OBS, moodCode=EVN]"}]},{"id":"QuestionnaireResponse:shr-core-QuestionnaireResponse.item.item","path":"QuestionnaireResponse.item.item","short":"Nested questionnaire response items","definition":"Questions or sub-groups nested beneath a question or group.","requirements":"Reports can consist of complex nested groups.","min":0,"max":"*","type":[{"code":"BackboneElement"}],"mapping":[{"identity":"rim","map":".outboundRelationship[typeCode=COMP].target[classCode=OBS, moodCode=EVN]"}]},{"id":"QuestionnaireResponse:shr-core-QuestionnaireResponse.item.item.id","path":"QuestionnaireResponse.item.item.id","representation":["xmlAttr"],"short":"xml:id (or equivalent in JSON)","definition":"unique id for the element within a resource (for internal references). This may be any string value that does not contain spaces.","min":0,"max":"1","base":{"path":"Element.id","min":0,"max":"1"},"type":[{"code":"string"}],"mapping":[{"identity":"rim","map":"n/a"}]},{"id":"QuestionnaireResponse:shr-core-QuestionnaireResponse.item.item.extension","path":"QuestionnaireResponse.item.item.extension","short":"Additional Content defined by implementations","definition":"May be used to represent additional information that is not part of the basic definition of the element. In order to make the use of extensions safe and manageable, there is a strict set of governance  applied to the definition and use of extensions. Though any implementer is allowed to define an extension, there is a set of requirements that SHALL be met as part of the definition of the extension.","comment":"There can be no stigma associated with the use of extensions by any application, project, or standard - regardless of the institution or jurisdiction that uses or defines the extensions.  The use of extensions is what allows the FHIR specification to retain a core level of simplicity for everyone.","alias":["extensions","user content"],"min":0,"max":"*","base":{"path":"Element.extension","min":0,"max":"*"},"type":[{"code":"Extension"}],"mapping":[{"identity":"rim","map":"n/a"}]},{"id":"QuestionnaireResponse:shr-core-QuestionnaireResponse.item.item.modifierExtension","path":"QuestionnaireResponse.item.item.modifierExtension","short":"Extensions that cannot be ignored","definition":"May be used to represent additional information that is not part of the basic definition of the element, and that modifies the understanding of the element that contains it. Usually modifier elements provide negation or qualification. In order to make the use of extensions safe and manageable, there is a strict set of governance applied to the definition and use of extensions. Though any implementer is allowed to define an extension, there is a set of requirements that SHALL be met as part of the definition of the extension. Applications processing a resource are required to check for modifier extensions.","comment":"There can be no stigma associated with the use of extensions by any application, project, or standard - regardless of the institution or jurisdiction that uses or defines the extensions.  The use of extensions is what allows the FHIR specification to retain a core level of simplicity for everyone.","alias":["extensions","user content","modifiers"],"min":0,"max":"*","base":{"path":"BackboneElement.modifierExtension","min":0,"max":"*"},"type":[{"code":"Extension"}],"isModifier":true,"isSummary":true,"mapping":[{"identity":"rim","map":"N/A"}]},{"id":"QuestionnaireResponse:shr-core-QuestionnaireResponse.item.item.linkId","path":"QuestionnaireResponse.item.item.linkId","short":"Pointer to specific item from Questionnaire","definition":"The item from the Questionnaire that corresponds to this item in the QuestionnaireResponse resource.","requirements":"Items can repeat in the answers, so a direct 1..1 correspondence by position may not exist - requiring correspondence by identifier.","min":1,"max":"1","type":[{"code":"string"}],"mapping":[{"identity":"rim","map":".outboundRelationship[typeCode=DEFN].target[classCode=OBS, moodCode=DEFN].id"}]},{"id":"QuestionnaireResponse:shr-core-QuestionnaireResponse.item.item.definition","path":"QuestionnaireResponse.item.item.definition","short":"ElementDefinition - details for the item","definition":"A reference to an [ElementDefinition](elementdefinition.html) that provides the details for the item.","comment":"The ElementDefinition must be in a [StructureDefinition](structuredefinition.html) or a [DataElement](dataelement.html), and must have a fragment identifier that identifies the specific data element by its id (Element.id). E.g. http://hl7.org/fhir/StructureDefinition/Observation#Observation.value[x].\n\nThere is no need for this element if the item pointed to by the linkId has a definition listed.","requirements":"A common pattern is to define a set of data elements, and then build multiple different questionnaires for different circumstances to gather the data. This element provides traceability to the common definition.","min":0,"max":"1","type":[{"code":"uri"}],"mapping":[{"identity":"rim","map":".outboundRelationship[typeCode=DEFN].target[classCode=OBS, moodCode=DEFN].code"}]},{"id":"QuestionnaireResponse:shr-core-QuestionnaireResponse.item.item.text","path":"QuestionnaireResponse.item.item.text","short":"Name for group or question text","definition":"Text that is displayed above the contents of the group or as the text of the question being answered.","requirements":"Allows the questionnaire response to be read without access to the questionnaire.","min":0,"max":"1","type":[{"code":"string"}],"mapping":[{"identity":"rim","map":".text"}]},{"id":"QuestionnaireResponse:shr-core-QuestionnaireResponse.item.item.subject","path":"QuestionnaireResponse.item.item.subject","short":"The subject this group's answers are about","definition":"More specific subject this section's answers are about, details the subject given in QuestionnaireResponse.","requirements":"Sometimes a group of answers is about a specific participant, artifact or piece of information in the patient's care or record, e.g. a specific Problem, RelatedPerson, Allergy etc.","min":0,"max":"1","type":[{"code":"Reference","targetProfile":"http://hl7.org/fhir/StructureDefinition/Resource"}],"mapping":[{"identity":"rim","map":".participation[typeCode=SBJ].role or .outboundRelationship[typeCode=SUBJ].target"}]},{"id":"QuestionnaireResponse:shr-core-QuestionnaireResponse.item.item.answer","path":"QuestionnaireResponse.item.item.answer","short":"The response(s) to the question","definition":"The respondent's answer(s) to the question.","comment":"The value is nested because we cannot have a repeating structure that has variable type.","min":0,"max":"*","type":[{"code":"BackboneElement"}],"constraint":[{"key":"ele-1","severity":"error","human":"All FHIR elements must have a @value or children","expression":"hasValue() | (children().count() > id.count())","xpath":"@value|f:*|h:div","source":"Element"}],"mapping":[{"identity":"rim","map":".value[type=LIST_ANY]"}]},{"id":"QuestionnaireResponse:shr-core-QuestionnaireResponse.item.item.answer.id","path":"QuestionnaireResponse.item.item.answer.id","representation":["xmlAttr"],"short":"xml:id (or equivalent in JSON)","definition":"unique id for the element within a resource (for internal references). This may be any string value that does not contain spaces.","min":0,"max":"1","base":{"path":"Element.id","min":0,"max":"1"},"type":[{"code":"string"}],"mapping":[{"identity":"rim","map":"n/a"}]},{"id":"QuestionnaireResponse:shr-core-QuestionnaireResponse.item.item.answer.extension","path":"QuestionnaireResponse.item.item.answer.extension","short":"Additional Content defined by implementations","definition":"May be used to represent additional information that is not part of the basic definition of the element. In order to make the use of extensions safe and manageable, there is a strict set of governance  applied to the definition and use of extensions. Though any implementer is allowed to define an extension, there is a set of requirements that SHALL be met as part of the definition of the extension.","comment":"There can be no stigma associated with the use of extensions by any application, project, or standard - regardless of the institution or jurisdiction that uses or defines the extensions.  The use of extensions is what allows the FHIR specification to retain a core level of simplicity for everyone.","alias":["extensions","user content"],"min":0,"max":"*","base":{"path":"Element.extension","min":0,"max":"*"},"type":[{"code":"Extension"}],"mapping":[{"identity":"rim","map":"n/a"}]},{"id":"QuestionnaireResponse:shr-core-QuestionnaireResponse.item.item.answer.modifierExtension","path":"QuestionnaireResponse.item.item.answer.modifierExtension","short":"Extensions that cannot be ignored","definition":"May be used to represent additional information that is not part of the basic definition of the element, and that modifies the understanding of the element that contains it. Usually modifier elements provide negation or qualification. In order to make the use of extensions safe and manageable, there is a strict set of governance applied to the definition and use of extensions. Though any implementer is allowed to define an extension, there is a set of requirements that SHALL be met as part of the definition of the extension. Applications processing a resource are required to check for modifier extensions.","comment":"There can be no stigma associated with the use of extensions by any application, project, or standard - regardless of the institution or jurisdiction that uses or defines the extensions.  The use of extensions is what allows the FHIR specification to retain a core level of simplicity for everyone.","alias":["extensions","user content","modifiers"],"min":0,"max":"*","base":{"path":"BackboneElement.modifierExtension","min":0,"max":"*"},"type":[{"code":"Extension"}],"isModifier":true,"isSummary":true,"mapping":[{"identity":"rim","map":"N/A"}]},{"id":"QuestionnaireResponse:shr-core-QuestionnaireResponse.item.item.answer.value[x]","path":"QuestionnaireResponse.item.item.answer.value[x]","short":"Single-valued answer to the question","definition":"The answer (or one of the answers) provided by the respondent to the question.","comment":"More complex structures (Attachment, Resource and Quantity) will typically be limited to electronic forms that can expose an appropriate user interface to capture the components and enforce the constraints of a complex data type.  Additional complex types can be introduced through extensions.","requirements":"Ability to retain a single-valued answer to a question.","min":0,"max":"1","type":[{"code":"boolean"},{"code":"decimal"},{"code":"integer"},{"code":"date"},{"code":"dateTime"},{"code":"time"},{"code":"string"},{"code":"uri"},{"code":"Attachment"},{"code":"Coding"},{"code":"Quantity"},{"code":"Reference","targetProfile":"http://hl7.org/fhir/StructureDefinition/Resource"}],"binding":{"extension":[{"url":"http://hl7.org/fhir/StructureDefinition/elementdefinition-bindingName","valueString":"QuestionnaireAnswer"}],"strength":"example","description":"Code indicating the response provided for a question.","valueSetReference":{"reference":"http://hl7.org/fhir/ValueSet/questionnaire-answers"}},"mapping":[{"identity":"rim","map":".item"}]},{"id":"QuestionnaireResponse:shr-core-QuestionnaireResponse.item.item.answer.item","path":"QuestionnaireResponse.item.item.answer.item","short":"Nested groups and questions","definition":"Nested groups and/or questions found within this particular answer.","requirements":"It is useful to have \"sub-questions\", questions which normally appear when certain answers are given and which collect additional details.","min":0,"max":"*","contentReference":"#QuestionnaireResponse.item","mapping":[{"identity":"rim","map":".outboundRelationship[typeCode=COMP].target[classCode=OBS, moodCode=EVN]"}]},{"id":"QuestionnaireResponse:shr-core-QuestionnaireResponse.item.item.item","path":"QuestionnaireResponse.item.item.item","short":"Nested questionnaire response items","definition":"Questions or sub-groups nested beneath a question or group.","requirements":"Reports can consist of complex nested groups.","min":0,"max":"*","contentReference":"#QuestionnaireResponse.item","mapping":[{"identity":"rim","map":".outboundRelationship[typeCode=COMP].target[classCode=OBS, moodCode=EVN]"}]}]},"differential":{"element":[{"id":"QuestionnaireResponse:shr-core-QuestionnaireResponse","path":"QuestionnaireResponse","short":"shr-core-QuestionnaireResponse","definition":"A structured set of questions and their answers. The questions are ordered and grouped into coherent subsets, corresponding to the structure of the grouping of the questionnaire being responded to."},{"id":"QuestionnaireResponse:shr-core-QuestionnaireResponse.meta","path":"QuestionnaireResponse.meta"},{"id":"QuestionnaireResponse:shr-core-QuestionnaireResponse.meta.extension:sourcesystem","path":"QuestionnaireResponse.meta.extension","sliceName":"sourcesystem","definition":"FHIR: This provides a minimal amount of Provenance information that can be used to track or differentiate the source of information in the resource. The source may identify another FHIR server, document, message, database, etc.\nFHIM: Identifies the computer system that created the medical record. This optional field may also be used to indicate that the medical record was originally created by a different organization from the one that is currently storing or utilizing the record in that the assigning authority of the Id could be set to that originating organization. This property is optional, as some systems will assume that all records that it contains originated in that system, however it is anticipated that it will become increasingly commonplace for records from multiple systems and organizations will be comingled in order to provide a complete picture of the patient's health record.","min":0,"max":"1","base":{"path":"Element.extension","min":0,"max":"*"},"type":[{"code":"Extension","profile":"http://hl7.org/fhir/us/shr/StructureDefinition/shr-core-SourceSystem-extension"}]},{"id":"QuestionnaireResponse:shr-core-QuestionnaireResponse.extension","path":"QuestionnaireResponse.extension","slicing":{"id":"1","discriminator":[{"type":"value","path":"url"}],"ordered":false,"rules":"open"}},{"id":"QuestionnaireResponse:shr-core-QuestionnaireResponse.extension:questionnairecanonical","path":"QuestionnaireResponse.extension","sliceName":"questionnairecanonical","definition":"The Questionnaire that defines and organizes the questions for which answers are being provided.","min":0,"max":"1","base":{"path":"DomainResource.extension","min":0,"max":"*"},"type":[{"code":"Extension","profile":"http://hl7.org/fhir/us/shr/StructureDefinition/shr-core-QuestionnaireCanonical-extension"}]},{"id":"QuestionnaireResponse:shr-core-QuestionnaireResponse.basedOn","path":"QuestionnaireResponse.basedOn","type":[{"code":"Reference","targetProfile":"http://hl7.org/fhir/us/shr/StructureDefinition/shr-core-ReferralRequest"},{"code":"Reference","targetProfile":"http://hl7.org/fhir/us/shr/StructureDefinition/shr-core-ServiceRequest"},{"code":"Reference","targetProfile":"http://hl7.org/fhir/us/shr/StructureDefinition/shr-core-ProcedureRequest"}]},{"id":"QuestionnaireResponse:shr-core-QuestionnaireResponse.parent","path":"QuestionnaireResponse.parent","type":[{"code":"Reference","targetProfile":"http://hl7.org/fhir/us/shr/StructureDefinition/shr-core-Observation"},{"code":"Reference","targetProfile":"http://hl7.org/fhir/us/shr/StructureDefinition/shr-core-Procedure"}]},{"id":"QuestionnaireResponse:shr-core-QuestionnaireResponse.subject","path":"QuestionnaireResponse.subject","type":[{"code":"Reference","targetProfile":"http://hl7.org/fhir/us/shr/StructureDefinition/shr-core-DomainResource"}]},{"id":"QuestionnaireResponse:shr-core-QuestionnaireResponse.context","path":"QuestionnaireResponse.context","type":[{"code":"Reference","targetProfile":"http://hl7.org/fhir/us/shr/StructureDefinition/shr-core-Encounter"}]},{"id":"QuestionnaireResponse:shr-core-QuestionnaireResponse.author","path":"QuestionnaireResponse.author","type":[{"code":"Reference","targetProfile":"http://hl7.org/fhir/us/shr/StructureDefinition/shr-core-Device"},{"code":"Reference","targetProfile":"http://hl7.org/fhir/us/shr/StructureDefinition/shr-core-Practitioner"},{"code":"Reference","targetProfile":"http://hl7.org/fhir/us/shr/StructureDefinition/shr-core-Patient"},{"code":"Reference","targetProfile":"http://hl7.org/fhir/us/shr/StructureDefinition/shr-core-RelatedPerson"}]},{"id":"QuestionnaireResponse:shr-core-QuestionnaireResponse.source","path":"QuestionnaireResponse.source","type":[{"code":"Reference","targetProfile":"http://hl7.org/fhir/us/shr/StructureDefinition/shr-core-Patient"},{"code":"Reference","targetProfile":"http://hl7.org/fhir/us/shr/StructureDefinition/shr-core-Practitioner"},{"code":"Reference","targetProfile":"http://hl7.org/fhir/us/shr/StructureDefinition/shr-core-RelatedPerson"}]},{"id":"QuestionnaireResponse:shr-core-QuestionnaireResponse.item","path":"QuestionnaireResponse.item"},{"id":"QuestionnaireResponse:shr-core-QuestionnaireResponse.item.answer","path":"QuestionnaireResponse.item.answer"},{"id":"QuestionnaireResponse:shr-core-QuestionnaireResponse.item.answer.value[x]","path":"QuestionnaireResponse.item.answer.value[x]","type":[{"code":"boolean"},{"code":"decimal"},{"code":"integer"},{"code":"date"},{"code":"dateTime"},{"code":"time"},{"code":"string"},{"code":"uri"},{"code":"Coding"},{"code":"Quantity"},{"code":"Reference","targetProfile":"http://hl7.org/fhir/us/shr/StructureDefinition/shr-core-DomainResource"}]}]}}