{"resourceType":"StructureDefinition","id":"shr-core-CauseCategory-extension","text":{"status":"generated","div":"<div xmlns=\"http://www.w3.org/1999/xhtml\">\n  <p><b>CauseCategory Extension</b></p>\n  <p>Whether the adverse event is attributed to a treatment, course of the disease, unrelated to either, or unknown.</p>\n</div>"},"url":"http://hl7.org/fhir/us/shr/StructureDefinition/shr-core-CauseCategory-extension","identifier":[{"system":"http://hl7.org/fhir/us/shrcore","value":"shr.core.CauseCategory"}],"version":"0.5.0","name":"CauseCategory","title":"shr-core-CauseCategory","status":"draft","date":"2019-05-01T00:00:00-04:00","publisher":"The MITRE Corporation","contact":[{"telecom":[{"system":"url","value":"http://www.standardhealthrecord.org"}]}],"description":"Whether the adverse event is attributed to a treatment, course of the disease, unrelated to either, or unknown.","fhirVersion":"3.0.1","kind":"complex-type","abstract":false,"contextType":"resource","context":["*"],"type":"Extension","baseDefinition":"http://hl7.org/fhir/StructureDefinition/Extension","derivation":"constraint","snapshot":{"element":[{"id":"Extension:causecategory","path":"Extension","short":"CauseCategory","definition":"Whether the adverse event is attributed to a treatment, course of the disease, unrelated to either, or unknown.","min":0,"max":"*","base":{"path":"Extension","min":0,"max":"1"},"condition":["ele-1"],"constraint":[{"key":"ele-1","severity":"error","human":"All FHIR elements must have a @value or children","expression":"children().count() > id.count()","xpath":"@value|f:*|h:div","source":"Element"},{"key":"ext-1","severity":"error","human":"Must have either extensions or value[x], not both","expression":"extension.exists() != value.exists()","xpath":"exists(f:extension)!=exists(f:*[starts-with(local-name(.), 'value')])","source":"Extension"}]},{"id":"Extension:causecategory.id","path":"Extension.id","representation":["xmlAttr"],"short":"xml:id (or equivalent in JSON)","definition":"unique id for the element within a resource (for internal references). This may be any string value that does not contain spaces.","min":0,"max":"1","base":{"path":"Element.id","min":0,"max":"1"},"type":[{"code":"string"}],"mapping":[{"identity":"rim","map":"N/A"}]},{"id":"Extension:causecategory.extension:extension","path":"Extension.extension","short":"Extension","definition":"An Extension","min":0,"max":"0","base":{"path":"Element.extension","min":0,"max":"*"},"type":[{"code":"Extension"}]},{"id":"Extension:causecategory.url","path":"Extension.url","representation":["xmlAttr"],"short":"identifies the meaning of the extension","definition":"Source of the definition for the extension code - a logical name or a URL.","min":1,"max":"1","base":{"path":"Extension.url","min":1,"max":"1"},"type":[{"code":"uri"}],"fixedUri":"http://hl7.org/fhir/us/shr/StructureDefinition/shr-core-CauseCategory-extension","mapping":[{"identity":"rim","map":"N/A"}]},{"id":"Extension:causecategory.valueCodeableConcept","path":"Extension.valueCodeableConcept","short":"Value of extension","definition":"Value of extension - may be a resource or one of a constrained set of the data types (see Extensibility in the spec for list).","min":1,"max":"1","base":{"path":"Extension.value[x]","min":0,"max":"1"},"type":[{"code":"CodeableConcept"}],"binding":{"strength":"required","valueSetReference":{"reference":"http://hl7.org/fhir/us/shrcore/shr/core/vs/AttributionCategoryVS"}},"mapping":[{"identity":"rim","map":"N/A"}]}]},"differential":{"element":[{"id":"Extension:causecategory","path":"Extension","short":"CauseCategory","definition":"Whether the adverse event is attributed to a treatment, course of the disease, unrelated to either, or unknown.","min":0,"max":"*"},{"id":"Extension:causecategory.extension:extension","path":"Extension.extension","max":"0"},{"id":"Extension:causecategory.url","path":"Extension.url","type":[{"code":"uri"}],"fixedUri":"http://hl7.org/fhir/us/shr/StructureDefinition/shr-core-CauseCategory-extension"},{"id":"Extension:causecategory.valueCodeableConcept","path":"Extension.valueCodeableConcept","min":1,"type":[{"code":"CodeableConcept"}],"binding":{"strength":"required","valueSetReference":{"reference":"http://hl7.org/fhir/us/shrcore/shr/core/vs/AttributionCategoryVS"}}}]}}