{"resourceType":"StructureDefinition","id":"shr-core-TaxIdentificationNumber","text":{"status":"generated","div":"<div xmlns=\"http://www.w3.org/1999/xhtml\">\n  <p><b>TaxIdentificationNumber Profile</b></p>\n  <p>Tax identification number for the practitioner.</p>\n  <p><b>Mapping Summary</b></p>\n  <p><pre>shr.core.TaxIdentificationNumber maps to Identifier:\n  IdentifierString maps to value\n  Purpose maps to use\n  Type maps to type\n  CodeSystem maps to system\n  EffectiveTimePeriod maps to period\n</pre></p>\n</div>"},"url":"http://hl7.org/fhir/us/shr/StructureDefinition/shr-core-TaxIdentificationNumber","identifier":[{"system":"http://hl7.org/fhir/us/shrcore","value":"shr.core.TaxIdentificationNumber"}],"version":"0.6.0","name":"TaxIdentificationNumber","title":"shr-core-TaxIdentificationNumber","status":"draft","date":"2019-05-07T00:00:00-04:00","publisher":"The MITRE Corporation","contact":[{"telecom":[{"system":"url","value":"http://www.standardhealthrecord.org"}]}],"description":"Tax identification number for the practitioner.","purpose":"Need to be able to identify things with confidence and be sure that the identification is not subject to misinterpretation.","fhirVersion":"3.0.1","mapping":[{"identity":"v2","uri":"http://hl7.org/v2","name":"HL7 v2 Mapping"},{"identity":"rim","uri":"http://hl7.org/v3","name":"RIM Mapping"},{"identity":"servd","uri":"http://www.omg.org/spec/ServD/1.0/","name":"ServD"}],"kind":"complex-type","abstract":false,"type":"Identifier","baseDefinition":"http://hl7.org/fhir/StructureDefinition/Identifier","derivation":"constraint","snapshot":{"element":[{"id":"Identifier:shr-core-TaxIdentificationNumber","path":"Identifier","short":"shr-core-TaxIdentificationNumber","definition":"Tax identification number for the practitioner.","min":0,"max":"*","condition":["ele-1"],"constraint":[{"key":"ele-1","severity":"error","human":"All FHIR elements must have a @value or children","expression":"hasValue() | (children().count() > id.count())","xpath":"@value|f:*|h:div","source":"Element"}],"mapping":[{"identity":"rim","map":"n/a"},{"identity":"v2","map":"CX / EI (occasionally, more often EI maps to a resource id or a URL)"},{"identity":"rim","map":"II - see see identifier pattern at http://wiki.hl7.org/index.php?title=Common_Design_Patterns#Identifier_Pattern for relevant discussion. The Identifier class is a little looser than the v3 type II because it allows URIs as well as registered OIDs or GUIDs.  Also maps to Role[classCode=IDENT]"},{"identity":"servd","map":"Identifier"}]},{"id":"Identifier:shr-core-TaxIdentificationNumber.id","path":"Identifier.id","representation":["xmlAttr"],"short":"xml:id (or equivalent in JSON)","definition":"unique id for the element within a resource (for internal references). This may be any string value that does not contain spaces.","min":0,"max":"1","base":{"path":"Element.id","min":0,"max":"1"},"type":[{"code":"string"}],"mapping":[{"identity":"rim","map":"n/a"}]},{"id":"Identifier:shr-core-TaxIdentificationNumber.extension","path":"Identifier.extension","slicing":{"discriminator":[{"type":"value","path":"url"}],"description":"Extensions are always sliced by (at least) url","rules":"open"},"short":"Additional Content defined by implementations","definition":"May be used to represent additional information that is not part of the basic definition of the element. In order to make the use of extensions safe and manageable, there is a strict set of governance  applied to the definition and use of extensions. Though any implementer is allowed to define an extension, there is a set of requirements that SHALL be met as part of the definition of the extension.","comment":"There can be no stigma associated with the use of extensions by any application, project, or standard - regardless of the institution or jurisdiction that uses or defines the extensions.  The use of extensions is what allows the FHIR specification to retain a core level of simplicity for everyone.","alias":["extensions","user content"],"min":0,"max":"*","base":{"path":"Element.extension","min":0,"max":"*"},"type":[{"code":"Extension"}],"mapping":[{"identity":"rim","map":"n/a"}]},{"id":"Identifier:shr-core-TaxIdentificationNumber.use","path":"Identifier.use","short":"usual | official | temp | secondary (If known)","definition":"The purpose of this identifier.","comment":"This is labeled as \"Is Modifier\" because applications should not mistake a temporary id for a permanent one. Applications can assume that an identifier is permanent unless it explicitly says that it is temporary.","requirements":"Allows the appropriate identifier for a particular context of use to be selected from among a set of identifiers.","min":0,"max":"1","type":[{"code":"code"}],"isModifier":true,"isSummary":true,"binding":{"extension":[{"url":"http://hl7.org/fhir/StructureDefinition/elementdefinition-bindingName","valueString":"IdentifierUse"}],"strength":"required","description":"Identifies the purpose for this identifier, if known .","valueSetReference":{"reference":"http://hl7.org/fhir/ValueSet/identifier-use"}},"mapping":[{"identity":"v2","map":"N/A"},{"identity":"rim","map":"Role.code or implied by context"}]},{"id":"Identifier:shr-core-TaxIdentificationNumber.type","path":"Identifier.type","short":"Description of identifier","definition":"A coded type for the identifier that can be used to determine which identifier to use for a specific purpose.","comment":"This element deals only with general categories of identifiers.  It SHOULD not be used for codes that correspond 1..1 with the Identifier.system. Some identifiers may fall into multiple categories due to common usage. \n\nWhere the system is known, a type is unnecessary because the type is always part of the system definition. However systems often need to handle identifiers where the system is not known. There is not a 1:1 relationship between type and system, since many different systems have the same type.","requirements":"Allows users to make use of identifiers when the identifier system is not known.","min":1,"max":"1","base":{"path":"Identifier.type","min":0,"max":"1"},"type":[{"code":"CodeableConcept"}],"isSummary":true,"binding":{"extension":[{"url":"http://hl7.org/fhir/StructureDefinition/elementdefinition-bindingName","valueString":"IdentifierType"},{"url":"http://hl7.org/fhir/StructureDefinition/elementdefinition-isCommonBinding","valueBoolean":true}],"strength":"extensible","description":"A coded type for an identifier that can be used to determine which identifier to use for a specific purpose.","valueSetReference":{"reference":"http://hl7.org/fhir/ValueSet/identifier-type"}},"mapping":[{"identity":"v2","map":"CX.5"},{"identity":"rim","map":"Role.code or implied by context"}]},{"id":"Identifier:shr-core-TaxIdentificationNumber.type.id","path":"Identifier.type.id","representation":["xmlAttr"],"short":"xml:id (or equivalent in JSON)","definition":"unique id for the element within a resource (for internal references). This may be any string value that does not contain spaces.","min":0,"max":"1","base":{"path":"Element.id","min":0,"max":"1"},"type":[{"code":"string"}],"mapping":[{"identity":"rim","map":"n/a"}]},{"id":"Identifier:shr-core-TaxIdentificationNumber.type.extension","path":"Identifier.type.extension","slicing":{"discriminator":[{"type":"value","path":"url"}],"description":"Extensions are always sliced by (at least) url","rules":"open"},"short":"Additional Content defined by implementations","definition":"May be used to represent additional information that is not part of the basic definition of the element. In order to make the use of extensions safe and manageable, there is a strict set of governance  applied to the definition and use of extensions. Though any implementer is allowed to define an extension, there is a set of requirements that SHALL be met as part of the definition of the extension.","comment":"There can be no stigma associated with the use of extensions by any application, project, or standard - regardless of the institution or jurisdiction that uses or defines the extensions.  The use of extensions is what allows the FHIR specification to retain a core level of simplicity for everyone.","alias":["extensions","user content"],"min":0,"max":"*","base":{"path":"Element.extension","min":0,"max":"*"},"type":[{"code":"Extension"}],"mapping":[{"identity":"rim","map":"n/a"}]},{"id":"Identifier:shr-core-TaxIdentificationNumber.type.coding","path":"Identifier.type.coding","slicing":{"id":"1","discriminator":[{"type":"value","path":"code"}],"ordered":false,"rules":"open"},"short":"Code defined by a terminology system","definition":"A reference to a code defined by a terminology system.","comment":"Codes may be defined very casually in enumerations, or code lists, up to very formal definitions such as SNOMED CT - see the HL7 v3 Core Principles for more information.  Ordering of codings is undefined and SHALL NOT be used to infer meaning. Generally, at most only one of the coding values will be labeled as UserSelected = true.","requirements":"Allows for translations and alternate encodings within a code system.  Also supports communication of the same instance to systems requiring different encodings.","min":1,"max":"*","type":[{"code":"Coding"}],"isSummary":true,"mapping":[{"identity":"v2","map":"C*E.1-8, C*E.10-22"},{"identity":"rim","map":"union(., ./translation)"},{"identity":"orim","map":"fhir:CodeableConcept.coding rdfs:subPropertyOf dt:CD.coding"}]},{"id":"Identifier:shr-core-TaxIdentificationNumber.type.coding:Fixed_TAX","path":"Identifier.type.coding","sliceName":"Fixed_TAX","definition":"A reference to a code defined by a terminology system.","min":1,"max":"1","type":[{"code":"Coding"}],"isSummary":true},{"id":"Identifier:shr-core-TaxIdentificationNumber.type.coding:Fixed_TAX.id","path":"Identifier.type.coding.id","representation":["xmlAttr"],"short":"xml:id (or equivalent in JSON)","definition":"unique id for the element within a resource (for internal references). This may be any string value that does not contain spaces.","min":0,"max":"1","base":{"path":"Element.id","min":0,"max":"1"},"type":[{"code":"string"}],"mapping":[{"identity":"rim","map":"n/a"}]},{"id":"Identifier:shr-core-TaxIdentificationNumber.type.coding:Fixed_TAX.extension","path":"Identifier.type.coding.extension","slicing":{"discriminator":[{"type":"value","path":"url"}],"description":"Extensions are always sliced by (at least) url","rules":"open"},"short":"Additional Content defined by implementations","definition":"May be used to represent additional information that is not part of the basic definition of the element. In order to make the use of extensions safe and manageable, there is a strict set of governance  applied to the definition and use of extensions. Though any implementer is allowed to define an extension, there is a set of requirements that SHALL be met as part of the definition of the extension.","comment":"There can be no stigma associated with the use of extensions by any application, project, or standard - regardless of the institution or jurisdiction that uses or defines the extensions.  The use of extensions is what allows the FHIR specification to retain a core level of simplicity for everyone.","alias":["extensions","user content"],"min":0,"max":"*","base":{"path":"Element.extension","min":0,"max":"*"},"type":[{"code":"Extension"}],"mapping":[{"identity":"rim","map":"n/a"}]},{"id":"Identifier:shr-core-TaxIdentificationNumber.type.coding:Fixed_TAX.system","path":"Identifier.type.coding.system","short":"Identity of the terminology system","definition":"The identification of the code system that defines the meaning of the symbol in the code.","comment":"The URI may be an OID (urn:oid:...) or a UUID (urn:uuid:...).  OIDs and UUIDs SHALL be references to the HL7 OID registry. Otherwise, the URI should come from HL7's list of FHIR defined special URIs or it should de-reference to some definition that establish the system clearly and unambiguously.","requirements":"Need to be unambiguous about the source of the definition of the symbol.","min":0,"max":"1","type":[{"code":"uri"}],"fixedUri":"http://terminology.hl7.org/CodeSystem/v2-0203","isSummary":true,"mapping":[{"identity":"v2","map":"C*E.3"},{"identity":"rim","map":"./codeSystem"},{"identity":"orim","map":"fhir:Coding.system rdfs:subPropertyOf dt:CDCoding.codeSystem"}]},{"id":"Identifier:shr-core-TaxIdentificationNumber.type.coding:Fixed_TAX.version","path":"Identifier.type.coding.version","short":"Version of the system - if relevant","definition":"The version of the code system which was used when choosing this code. Note that a well-maintained code system does not need the version reported, because the meaning of codes is consistent across versions. However this cannot consistently be assured. and when the meaning is not guaranteed to be consistent, the version SHOULD be exchanged.","comment":"Where the terminology does not clearly define what string should be used to identify code system versions, the recommendation is to use the date (expressed in FHIR date format) on which that version was officially published as the version date.","min":0,"max":"1","type":[{"code":"string"}],"isSummary":true,"mapping":[{"identity":"v2","map":"C*E.7"},{"identity":"rim","map":"./codeSystemVersion"},{"identity":"orim","map":"fhir:Coding.version rdfs:subPropertyOf dt:CDCoding.codeSystemVersion"}]},{"id":"Identifier:shr-core-TaxIdentificationNumber.type.coding:Fixed_TAX.code","path":"Identifier.type.coding.code","short":"Symbol in syntax defined by the system","definition":"A symbol in syntax defined by the system. The symbol may be a predefined code or an expression in a syntax defined by the coding system (e.g. post-coordination).","requirements":"Need to refer to a particular code in the system.","min":0,"max":"1","type":[{"code":"code"}],"fixedCode":"TAX","isSummary":true,"mapping":[{"identity":"v2","map":"C*E.1"},{"identity":"rim","map":"./code"},{"identity":"orim","map":"fhir:Coding.code rdfs:subPropertyOf dt:CDCoding.code"}]},{"id":"Identifier:shr-core-TaxIdentificationNumber.type.coding:Fixed_TAX.display","extension":[{"url":"http://hl7.org/fhir/StructureDefinition/elementdefinition-translatable","valueBoolean":true}],"path":"Identifier.type.coding.display","short":"Representation defined by the system","definition":"A representation of the meaning of the code in the system, following the rules of the system.","requirements":"Need to be able to carry a human-readable meaning of the code for readers that do not know  the system.","min":0,"max":"1","type":[{"code":"string"}],"isSummary":true,"mapping":[{"identity":"v2","map":"C*E.2 - but note this is not well followed"},{"identity":"rim","map":"CV.displayName"},{"identity":"orim","map":"fhir:Coding.display rdfs:subPropertyOf dt:CDCoding.displayName"}]},{"id":"Identifier:shr-core-TaxIdentificationNumber.type.coding:Fixed_TAX.userSelected","path":"Identifier.type.coding.userSelected","short":"If this coding was chosen directly by the user","definition":"Indicates that this coding was chosen by a user directly - i.e. off a pick list of available items (codes or displays).","comment":"Amongst a set of alternatives, a directly chosen code is the most appropriate starting point for new translations. There is some ambiguity about what exactly 'directly chosen' implies, and trading partner agreement may be needed to clarify the use of this element and its consequences more completely.","requirements":"This has been identified as a clinical safety criterium - that this exact system/code pair was chosen explicitly, rather than inferred by the system based on some rules or language processing.","min":0,"max":"1","type":[{"code":"boolean"}],"isSummary":true,"mapping":[{"identity":"v2","map":"Sometimes implied by being first"},{"identity":"rim","map":"CD.codingRationale"},{"identity":"orim","map":"fhir:Coding.userSelected fhir:mapsTo dt:CDCoding.codingRationale. fhir:Coding.userSelected fhir:hasMap fhir:Coding.userSelected.map. fhir:Coding.userSelected.map a fhir:Map;   fhir:target dt:CDCoding.codingRationale. fhir:Coding.userSelected\\#true a [     fhir:source \"true\";     fhir:target dt:CDCoding.codingRationale\\#O   ]"}]},{"id":"Identifier:shr-core-TaxIdentificationNumber.type.text","extension":[{"url":"http://hl7.org/fhir/StructureDefinition/elementdefinition-translatable","valueBoolean":true}],"path":"Identifier.type.text","short":"Plain text representation of the concept","definition":"A human language representation of the concept as seen/selected/uttered by the user who entered the data and/or which represents the intended meaning of the user.","comment":"Very often the text is the same as a displayName of one of the codings.","requirements":"The codes from the terminologies do not always capture the correct meaning with all the nuances of the human using them, or sometimes there is no appropriate code at all. In these cases, the text is used to capture the full meaning of the source.","min":0,"max":"1","type":[{"code":"string"}],"isSummary":true,"mapping":[{"identity":"v2","map":"C*E.9. But note many systems use C*E.2 for this"},{"identity":"rim","map":"./originalText[mediaType/code=\"text/plain\"]/data"},{"identity":"orim","map":"fhir:CodeableConcept.text rdfs:subPropertyOf dt:CD.originalText"}]},{"id":"Identifier:shr-core-TaxIdentificationNumber.system","path":"Identifier.system","short":"The namespace for the identifier value","definition":"Establishes the namespace for the value - that is, a URL that describes a set values that are unique.","requirements":"There are many sets  of identifiers.  To perform matching of two identifiers, we need to know what set we're dealing with. The system identifies a particular set of unique identifiers.","min":0,"max":"1","type":[{"code":"uri"}],"isSummary":true,"mapping":[{"identity":"v2","map":"CX.4 / EI-2-4"},{"identity":"rim","map":"II.root or Role.id.root"},{"identity":"servd","map":"./IdentifierType"}]},{"id":"Identifier:shr-core-TaxIdentificationNumber.value","path":"Identifier.value","short":"The value that is unique","definition":"The portion of the identifier typically relevant to the user and which is unique within the context of the system.","comment":"If the value is a full URI, then the system SHALL be urn:ietf:rfc:3986.  The value's primary purpose is computational mapping.  As a result, it may be normalized for comparison purposes (e.g. removing non-significant whitespace, dashes, etc.)  A value formatted for human display can be conveyed using the [Rendered Value extension](extension-rendered-value.html).","min":0,"max":"1","type":[{"code":"string"}],"isSummary":true,"mapping":[{"identity":"v2","map":"CX.1 / EI.1"},{"identity":"rim","map":"II.extension or II.root if system indicates OID or GUID (Or Role.id.extension or root)"},{"identity":"servd","map":"./Value"}]},{"id":"Identifier:shr-core-TaxIdentificationNumber.period","path":"Identifier.period","short":"Time period when id is/was valid for use","definition":"Time period during which identifier is/was valid for use.","min":0,"max":"1","type":[{"code":"Period"}],"isSummary":true,"mapping":[{"identity":"v2","map":"CX.7 + CX.8"},{"identity":"rim","map":"Role.effectiveTime or implied by context"},{"identity":"servd","map":"./StartDate and ./EndDate"}]},{"id":"Identifier:shr-core-TaxIdentificationNumber.assigner","path":"Identifier.assigner","short":"Organization that issued id (may be just text)","definition":"Organization that issued/manages the identifier.","comment":"The Identifier.assigner may omit the .reference element and only contain a .display element reflecting the name or other textual information about the assigning organization.","min":0,"max":"1","type":[{"code":"Reference","targetProfile":"http://hl7.org/fhir/StructureDefinition/Organization"}],"isSummary":true,"mapping":[{"identity":"v2","map":"CX.4 / (CX.4,CX.9,CX.10)"},{"identity":"rim","map":"II.assigningAuthorityName but note that this is an improper use by the definition of the field.  Also Role.scoper"},{"identity":"servd","map":"./IdentifierIssuingAuthority"}]}]},"differential":{"element":[{"id":"Identifier:shr-core-TaxIdentificationNumber","path":"Identifier","short":"shr-core-TaxIdentificationNumber","definition":"Tax identification number for the practitioner."},{"id":"Identifier:shr-core-TaxIdentificationNumber.type","path":"Identifier.type","min":1,"max":"1","base":{"path":"Identifier.type","min":0,"max":"1"}},{"id":"Identifier:shr-core-TaxIdentificationNumber.type.coding","path":"Identifier.type.coding","slicing":{"id":"1","discriminator":[{"type":"value","path":"code"}],"ordered":false,"rules":"open"},"min":1,"max":"*"},{"id":"Identifier:shr-core-TaxIdentificationNumber.type.coding:Fixed_TAX","path":"Identifier.type.coding","sliceName":"Fixed_TAX","definition":"A reference to a code defined by a terminology system.","min":1,"max":"1","type":[{"code":"Coding"}],"isSummary":true},{"id":"Identifier:shr-core-TaxIdentificationNumber.type.coding:Fixed_TAX.system","path":"Identifier.type.coding.system","fixedUri":"http://terminology.hl7.org/CodeSystem/v2-0203"},{"id":"Identifier:shr-core-TaxIdentificationNumber.type.coding:Fixed_TAX.code","path":"Identifier.type.coding.code","fixedCode":"TAX"}]}}