{"resourceType":"ValueSet","id":"obf-ECOGPerformanceStatusVS","text":{"status":"generated","div":"<div xmlns=\"http://www.w3.org/1999/xhtml\">\n<p><b>ECOGPerformanceStatusVS ValueSet</b></p>\n<p>Value set for Eastern Cooperative Oncology Group performance status. Values range from grade 0 (Asymptomatic) to grade 5 (Dead).</p>\n</div>"},"url":"http://hl7.org/fhir/us/obf/ValueSet/obf-ECOGPerformanceStatusVS","identifier":[{"system":"http://hl7.org/fhir/us/obf","value":"obf.ECOGPerformanceStatusVS"}],"version":"0.8.0","name":"ECOGPerformanceStatusVS","title":"ECOGPerformanceStatusVS","status":"draft","date":"2019-06-10T00:00:00-04:00","publisher":"The MITRE Corporation","contact":[{"telecom":[{"system":"url","value":"http://www.standardhealthrecord.org"}]}],"description":"Value set for Eastern Cooperative Oncology Group performance status. Values range from grade 0 (Asymptomatic) to grade 5 (Dead).","compose":{"include":[{"system":"http://snomed.info/sct","concept":[{"code":"425389002","display":"ECOG Grade 0: Asymptomatic"},{"code":"422512005","display":"ECOG Grade 1: Symptomatic but completely ambulatory"},{"code":"422894000","display":"ECOG Grade 2: Symptomatic, <50% in bed during the day"},{"code":"423053003","display":"ECOG Grade 3: Symptomatic, >50% in bed, but not bedbound"},{"code":"423237006","display":"ECOG Grade 4: Bedbound"},{"code":"423409001","display":"ECOG Grade 5: Death"}]}]}}