{"resourceType":"StructureDefinition","id":"shr-core-OpeningTime-model","text":{"status":"generated","div":"<div xmlns=\"http://www.w3.org/1999/xhtml\">\n  <p><b>OpeningTime Logical Model</b></p>\n  <p>Time that the Location opens.</p>\n</div>"},"url":"http://hl7.org/fhir/us/shr/StructureDefinition/shr-core-OpeningTime-model","identifier":[{"system":"http://hl7.org/fhir/us/shrcore","value":"shr.core.OpeningTime"}],"version":"0.5.0","name":"OpeningTime","title":"shr-core-OpeningTime","status":"draft","date":"2019-05-01T00:00:00-04:00","publisher":"The MITRE Corporation","contact":[{"telecom":[{"system":"url","value":"http://www.standardhealthrecord.org"}]}],"description":"Time that the Location opens.","fhirVersion":"3.0.1","kind":"logical","abstract":false,"type":"shr-core-OpeningTime-model","baseDefinition":"http://hl7.org/fhir/StructureDefinition/Element","derivation":"specialization","snapshot":{"element":[{"id":"shr-core-OpeningTime-model","path":"shr-core-OpeningTime-model","definition":"Time that the Location opens.","min":0,"max":"*","base":{"path":"shr-core-OpeningTime-model","min":0,"max":"*"},"mustSupport":false,"isModifier":false,"isSummary":false},{"id":"shr-core-OpeningTime-model.value","path":"shr-core-OpeningTime-model.value","short":"Time representing time that the Location opens.","definition":"Time representing time that the Location opens.","min":1,"max":"1","base":{"path":"shr-core-OpeningTime-model.value","min":1,"max":"1"},"type":[{"code":"time"}],"mustSupport":false,"isModifier":false,"isSummary":false}]},"differential":{"element":[{"id":"shr-core-OpeningTime-model","path":"shr-core-OpeningTime-model","definition":"Time that the Location opens.","min":0,"max":"*","base":{"path":"shr-core-OpeningTime-model","min":0,"max":"*"},"mustSupport":false,"isModifier":false,"isSummary":false},{"id":"shr-core-OpeningTime-model.value","path":"shr-core-OpeningTime-model.value","short":"Time representing time that the Location opens.","definition":"Time representing time that the Location opens.","min":1,"max":"1","base":{"path":"shr-core-OpeningTime-model.value","min":1,"max":"1"},"type":[{"code":"time"}],"mustSupport":false,"isModifier":false,"isSummary":false}]}}