{"resourceType":"StructureDefinition","id":"shr-core-Quantity-model","text":{"status":"generated","div":"<div xmlns=\"http://www.w3.org/1999/xhtml\">\n  <p><b>Quantity Logical Model</b></p>\n  <p>A quantity with units, whose value may be bounded from above or below, as defined in FHIR</p>\n</div>"},"url":"http://hl7.org/fhir/us/shr/StructureDefinition/shr-core-Quantity-model","identifier":[{"system":"http://hl7.org/fhir/us/shrcore","value":"shr.core.Quantity"}],"version":"0.5.0","name":"Quantity","title":"shr-core-Quantity","status":"draft","date":"2019-05-01T00:00:00-04:00","publisher":"The MITRE Corporation","contact":[{"telecom":[{"system":"url","value":"http://www.standardhealthrecord.org"}]}],"description":"A quantity with units, whose value may be bounded from above or below, as defined in FHIR","fhirVersion":"3.0.1","kind":"logical","abstract":false,"type":"shr-core-Quantity-model","baseDefinition":"http://hl7.org/fhir/StructureDefinition/Element","derivation":"specialization","snapshot":{"element":[{"id":"shr-core-Quantity-model","path":"shr-core-Quantity-model","definition":"A quantity with units, whose value may be bounded from above or below, as defined in FHIR","min":0,"max":"*","base":{"path":"shr-core-Quantity-model","min":0,"max":"*"},"mustSupport":false,"isModifier":false,"isSummary":false},{"id":"shr-core-Quantity-model.number","path":"shr-core-Quantity-model.number","short":"A decimal value.","definition":"A decimal value.","min":0,"max":"1","base":{"path":"shr-core-Quantity-model.number","min":0,"max":"1"},"type":[{"code":"decimal"}],"mustSupport":false,"isModifier":false,"isSummary":false},{"id":"shr-core-Quantity-model.comparator","path":"shr-core-Quantity-model.comparator","short":"A code indicated if the value represents an upper or lower bound","definition":"A code indicated if the value represents an upper or lower bound","min":0,"max":"1","base":{"path":"shr-core-Quantity-model.comparator","min":0,"max":"1"},"type":[{"code":"Coding"}],"mustSupport":false,"isModifier":false,"isSummary":false,"binding":{"strength":"required","valueSetReference":{"reference":"http://hl7.org/fhir/ValueSet/quantity-comparator"}}},{"id":"shr-core-Quantity-model.units","path":"shr-core-Quantity-model.units","code":[{"system":"http://ncimeta.nci.nih.gov","code":"C0805701"}],"short":"The unit of measure of the quantity.","definition":"The unit of measure of the quantity.","min":0,"max":"1","base":{"path":"shr-core-Quantity-model.units","min":0,"max":"1"},"type":[{"code":"Coding"}],"mustSupport":false,"isModifier":false,"isSummary":false}]},"differential":{"element":[{"id":"shr-core-Quantity-model","path":"shr-core-Quantity-model","definition":"A quantity with units, whose value may be bounded from above or below, as defined in FHIR","min":0,"max":"*","base":{"path":"shr-core-Quantity-model","min":0,"max":"*"},"mustSupport":false,"isModifier":false,"isSummary":false},{"id":"shr-core-Quantity-model.number","path":"shr-core-Quantity-model.number","short":"A decimal value.","definition":"A decimal value.","min":0,"max":"1","base":{"path":"shr-core-Quantity-model.number","min":0,"max":"1"},"type":[{"code":"decimal"}],"mustSupport":false,"isModifier":false,"isSummary":false},{"id":"shr-core-Quantity-model.comparator","path":"shr-core-Quantity-model.comparator","short":"A code indicated if the value represents an upper or lower bound","definition":"A code indicated if the value represents an upper or lower bound","min":0,"max":"1","base":{"path":"shr-core-Quantity-model.comparator","min":0,"max":"1"},"type":[{"code":"Coding"}],"mustSupport":false,"isModifier":false,"isSummary":false,"binding":{"strength":"required","valueSetReference":{"reference":"http://hl7.org/fhir/ValueSet/quantity-comparator"}}},{"id":"shr-core-Quantity-model.units","path":"shr-core-Quantity-model.units","code":[{"system":"http://ncimeta.nci.nih.gov","code":"C0805701"}],"short":"The unit of measure of the quantity.","definition":"The unit of measure of the quantity.","min":0,"max":"1","base":{"path":"shr-core-Quantity-model.units","min":0,"max":"1"},"type":[{"code":"Coding"}],"mustSupport":false,"isModifier":false,"isSummary":false}]}}