{"resourceType":"StructureDefinition","id":"shr-core-MedicalInterpreter-model","text":{"status":"generated","div":"<div xmlns=\"http://www.w3.org/1999/xhtml\">\n  <p><b>MedicalInterpreter Logical Model</b></p>\n  <p>Whether the subject requires an interpreter to communicate with an English-speaking provider.</p>\n</div>"},"url":"http://hl7.org/fhir/us/shr/StructureDefinition/shr-core-MedicalInterpreter-model","identifier":[{"system":"http://hl7.org/fhir/us/shrcore","value":"shr.core.MedicalInterpreter"}],"version":"0.5.0","name":"MedicalInterpreter","title":"shr-core-MedicalInterpreter","status":"draft","date":"2019-05-01T00:00:00-04:00","publisher":"The MITRE Corporation","contact":[{"telecom":[{"system":"url","value":"http://www.standardhealthrecord.org"}]}],"description":"Whether the subject requires an interpreter to communicate with an English-speaking provider.","keyword":[{"system":"http://ncimeta.nci.nih.gov","code":"C1442531"}],"fhirVersion":"3.0.1","kind":"logical","abstract":false,"type":"shr-core-MedicalInterpreter-model","baseDefinition":"http://hl7.org/fhir/StructureDefinition/Element","derivation":"specialization","snapshot":{"element":[{"id":"shr-core-MedicalInterpreter-model","path":"shr-core-MedicalInterpreter-model","definition":"Whether the subject requires an interpreter to communicate with an English-speaking provider.","min":0,"max":"*","base":{"path":"shr-core-MedicalInterpreter-model","min":0,"max":"*"},"mustSupport":false,"isModifier":false,"isSummary":false},{"id":"shr-core-MedicalInterpreter-model.medicalInterpreterNeeded","path":"shr-core-MedicalInterpreter-model.medicalInterpreterNeeded","code":[{"system":"http://ncimeta.nci.nih.gov","code":"C1442531"}],"short":"Whether the subject requires an interpreter to communicate with an English-speaking provider.","definition":"Whether the subject requires an interpreter to communicate with an English-speaking provider.","min":1,"max":"1","base":{"path":"shr-core-MedicalInterpreter-model.medicalInterpreterNeeded","min":1,"max":"1"},"type":[{"code":"Coding"}],"mustSupport":false,"isModifier":false,"isSummary":false,"binding":{"strength":"required","valueSetReference":{"reference":"http://hl7.org/fhir/us/shrcore/shr/core/vs/YesNoUnknownVS"}}},{"id":"shr-core-MedicalInterpreter-model.language","path":"shr-core-MedicalInterpreter-model.language","short":"A human language, spoken or written.","definition":"A human language, spoken or written.","min":1,"max":"1","base":{"path":"shr-core-MedicalInterpreter-model.language","min":1,"max":"1"},"type":[{"code":"Coding"}],"mustSupport":false,"isModifier":false,"isSummary":false}]},"differential":{"element":[{"id":"shr-core-MedicalInterpreter-model","path":"shr-core-MedicalInterpreter-model","definition":"Whether the subject requires an interpreter to communicate with an English-speaking provider.","min":0,"max":"*","base":{"path":"shr-core-MedicalInterpreter-model","min":0,"max":"*"},"mustSupport":false,"isModifier":false,"isSummary":false},{"id":"shr-core-MedicalInterpreter-model.medicalInterpreterNeeded","path":"shr-core-MedicalInterpreter-model.medicalInterpreterNeeded","code":[{"system":"http://ncimeta.nci.nih.gov","code":"C1442531"}],"short":"Whether the subject requires an interpreter to communicate with an English-speaking provider.","definition":"Whether the subject requires an interpreter to communicate with an English-speaking provider.","min":1,"max":"1","base":{"path":"shr-core-MedicalInterpreter-model.medicalInterpreterNeeded","min":1,"max":"1"},"type":[{"code":"Coding"}],"mustSupport":false,"isModifier":false,"isSummary":false,"binding":{"strength":"required","valueSetReference":{"reference":"http://hl7.org/fhir/us/shrcore/shr/core/vs/YesNoUnknownVS"}}},{"id":"shr-core-MedicalInterpreter-model.language","path":"shr-core-MedicalInterpreter-model.language","short":"A human language, spoken or written.","definition":"A human language, spoken or written.","min":1,"max":"1","base":{"path":"shr-core-MedicalInterpreter-model.language","min":1,"max":"1"},"type":[{"code":"Coding"}],"mustSupport":false,"isModifier":false,"isSummary":false}]}}