{"resourceType":"StructureDefinition","id":"shr-core-HoursOfOperation-extension","text":{"status":"generated","div":"<div xmlns=\"http://www.w3.org/1999/xhtml\">\n  <p><b>HoursOfOperation Extension</b></p>\n  <p>What days/times during a week is this location usually open.</p>\n</div>"},"url":"http://hl7.org/fhir/us/shr/StructureDefinition/shr-core-HoursOfOperation-extension","identifier":[{"system":"http://hl7.org/fhir/us/shrcore","value":"shr.core.HoursOfOperation"}],"version":"0.6.0","name":"HoursOfOperation","title":"shr-core-HoursOfOperation","status":"draft","date":"2019-05-07T00:00:00-04:00","publisher":"The MITRE Corporation","contact":[{"telecom":[{"system":"url","value":"http://www.standardhealthrecord.org"}]}],"description":"What days/times during a week is this location usually open.","fhirVersion":"3.0.1","kind":"complex-type","abstract":false,"contextType":"resource","context":["*"],"type":"Extension","baseDefinition":"http://hl7.org/fhir/StructureDefinition/Extension","derivation":"constraint","snapshot":{"element":[{"id":"Extension:hoursofoperation","path":"Extension","short":"HoursOfOperation","definition":"What days/times during a week is this location usually open.","min":0,"max":"*","base":{"path":"Extension","min":0,"max":"1"},"condition":["ele-1"],"constraint":[{"key":"ele-1","severity":"error","human":"All FHIR elements must have a @value or children","expression":"children().count() > id.count()","xpath":"@value|f:*|h:div","source":"Element"},{"key":"ext-1","severity":"error","human":"Must have either extensions or value[x], not both","expression":"extension.exists() != value.exists()","xpath":"exists(f:extension)!=exists(f:*[starts-with(local-name(.), 'value')])","source":"Extension"}]},{"id":"Extension:hoursofoperation.id","path":"Extension.id","representation":["xmlAttr"],"short":"xml:id (or equivalent in JSON)","definition":"unique id for the element within a resource (for internal references). This may be any string value that does not contain spaces.","min":0,"max":"1","base":{"path":"Element.id","min":0,"max":"1"},"type":[{"code":"string"}],"mapping":[{"identity":"rim","map":"N/A"}]},{"id":"Extension:hoursofoperation.extension","path":"Extension.extension","slicing":{"id":"1","discriminator":[{"type":"value","path":"url"}],"ordered":false,"rules":"open"},"short":"Extension","definition":"An Extension","min":0,"max":"*","base":{"path":"Element.extension","min":0,"max":"*"},"type":[{"code":"Extension"}]},{"id":"Extension:hoursofoperation.extension:dayofweek","path":"Extension.extension","sliceName":"dayofweek","definition":"If one or more days of week is provided, then the action happens only on the specified day(s).","min":0,"max":"*","base":{"path":"Extension.extension","min":0,"max":"1"},"type":[{"code":"Extension","profile":"http://hl7.org/fhir/us/shr/StructureDefinition/shr-core-DayOfWeek-extension"}],"isModifier":false,"mapping":[{"identity":"rim","map":"N/A"}]},{"id":"Extension:hoursofoperation.extension:allday","path":"Extension.extension","sliceName":"allday","definition":"The Location is open all day.","min":0,"max":"1","base":{"path":"Extension.extension","min":0,"max":"1"},"type":[{"code":"Extension","profile":"http://hl7.org/fhir/us/shr/StructureDefinition/shr-core-AllDay-extension"}],"isModifier":false,"mapping":[{"identity":"rim","map":"N/A"}]},{"id":"Extension:hoursofoperation.extension:openingtime","path":"Extension.extension","sliceName":"openingtime","definition":"Time that the Location opens.","min":0,"max":"1","base":{"path":"Extension.extension","min":0,"max":"1"},"type":[{"code":"Extension","profile":"http://hl7.org/fhir/us/shr/StructureDefinition/shr-core-OpeningTime-extension"}],"isModifier":false,"mapping":[{"identity":"rim","map":"N/A"}]},{"id":"Extension:hoursofoperation.extension:closingtime","path":"Extension.extension","sliceName":"closingtime","definition":"Time that the Location closes.","min":0,"max":"1","base":{"path":"Extension.extension","min":0,"max":"1"},"type":[{"code":"Extension","profile":"http://hl7.org/fhir/us/shr/StructureDefinition/shr-core-ClosingTime-extension"}],"isModifier":false,"mapping":[{"identity":"rim","map":"N/A"}]},{"id":"Extension:hoursofoperation.url","path":"Extension.url","representation":["xmlAttr"],"short":"identifies the meaning of the extension","definition":"Source of the definition for the extension code - a logical name or a URL.","min":1,"max":"1","base":{"path":"Extension.url","min":1,"max":"1"},"type":[{"code":"uri"}],"fixedUri":"http://hl7.org/fhir/us/shr/StructureDefinition/shr-core-HoursOfOperation-extension","mapping":[{"identity":"rim","map":"N/A"}]},{"id":"Extension:hoursofoperation.value[x]","path":"Extension.value[x]","short":"Value of extension","definition":"Value of extension - may be a resource or one of a constrained set of the data types (see Extensibility in the spec for list).","min":0,"max":"0","base":{"path":"Extension.value[x]","min":0,"max":"1"},"type":[{"code":"base64Binary"},{"code":"boolean"},{"code":"code"},{"code":"date"},{"code":"dateTime"},{"code":"decimal"},{"code":"id"},{"code":"instant"},{"code":"integer"},{"code":"markdown"},{"code":"oid"},{"code":"positiveInt"},{"code":"string"},{"code":"time"},{"code":"unsignedInt"},{"code":"uri"},{"code":"Address"},{"code":"Age"},{"code":"Annotation"},{"code":"Attachment"},{"code":"CodeableConcept"},{"code":"Coding"},{"code":"ContactPoint"},{"code":"Count"},{"code":"Distance"},{"code":"Duration"},{"code":"HumanName"},{"code":"Identifier"},{"code":"Money"},{"code":"Period"},{"code":"Quantity"},{"code":"Range"},{"code":"Ratio"},{"code":"Reference"},{"code":"SampledData"},{"code":"Signature"},{"code":"Timing"},{"code":"Meta"}],"mapping":[{"identity":"rim","map":"N/A"}]}]},"differential":{"element":[{"id":"Extension:hoursofoperation","path":"Extension","short":"HoursOfOperation","definition":"What days/times during a week is this location usually open.","min":0,"max":"*"},{"id":"Extension:hoursofoperation.extension:dayofweek","path":"Extension.extension","sliceName":"dayofweek","definition":"If one or more days of week is provided, then the action happens only on the specified day(s).","min":0,"max":"*","type":[{"code":"Extension","profile":"http://hl7.org/fhir/us/shr/StructureDefinition/shr-core-DayOfWeek-extension"}]},{"id":"Extension:hoursofoperation.extension:allday","path":"Extension.extension","sliceName":"allday","definition":"The Location is open all day.","min":0,"max":"1","type":[{"code":"Extension","profile":"http://hl7.org/fhir/us/shr/StructureDefinition/shr-core-AllDay-extension"}]},{"id":"Extension:hoursofoperation.extension:openingtime","path":"Extension.extension","sliceName":"openingtime","definition":"Time that the Location opens.","min":0,"max":"1","type":[{"code":"Extension","profile":"http://hl7.org/fhir/us/shr/StructureDefinition/shr-core-OpeningTime-extension"}]},{"id":"Extension:hoursofoperation.extension:closingtime","path":"Extension.extension","sliceName":"closingtime","definition":"Time that the Location closes.","min":0,"max":"1","type":[{"code":"Extension","profile":"http://hl7.org/fhir/us/shr/StructureDefinition/shr-core-ClosingTime-extension"}]},{"id":"Extension:hoursofoperation.url","path":"Extension.url","type":[{"code":"uri"}],"fixedUri":"http://hl7.org/fhir/us/shr/StructureDefinition/shr-core-HoursOfOperation-extension"},{"id":"Extension:hoursofoperation.value[x]","path":"Extension.value[x]","min":0,"max":"0"}]}}