{"resourceType":"StructureDefinition","id":"shr-core-SortOrder-model","text":{"status":"generated","div":"<div xmlns=\"http://www.w3.org/1999/xhtml\">\n  <p><b>SortOrder Logical Model</b></p>\n  <p>Specifies the sorting criterion applied to the items in a list.</p>\n</div>"},"url":"http://hl7.org/fhir/us/shr/StructureDefinition/shr-core-SortOrder-model","identifier":[{"system":"http://hl7.org/fhir/us/shrcore","value":"shr.core.SortOrder"}],"version":"0.6.0","name":"SortOrder","title":"shr-core-SortOrder","status":"draft","date":"2019-05-07T00:00:00-04:00","publisher":"The MITRE Corporation","contact":[{"telecom":[{"system":"url","value":"http://www.standardhealthrecord.org"}]}],"description":"Specifies the sorting criterion applied to the items in a list.","fhirVersion":"3.0.1","kind":"logical","abstract":false,"type":"shr-core-SortOrder-model","baseDefinition":"http://hl7.org/fhir/StructureDefinition/Element","derivation":"specialization","snapshot":{"element":[{"id":"shr-core-SortOrder-model","path":"shr-core-SortOrder-model","definition":"Specifies the sorting criterion applied to the items in a list.","min":0,"max":"*","base":{"path":"shr-core-SortOrder-model","min":0,"max":"*"},"mustSupport":false,"isModifier":false,"isSummary":false},{"id":"shr-core-SortOrder-model.value","path":"shr-core-SortOrder-model.value","short":"Code representing specifies the sorting criterion applied to the items in a list.","definition":"Code representing specifies the sorting criterion applied to the items in a list.","min":1,"max":"1","base":{"path":"shr-core-SortOrder-model.value","min":1,"max":"1"},"type":[{"code":"Coding"}],"mustSupport":false,"isModifier":false,"isSummary":false,"binding":{"strength":"preferred","valueSetReference":{"reference":"http://hl7.org/fhir/ValueSet/list-order"}}}]},"differential":{"element":[{"id":"shr-core-SortOrder-model","path":"shr-core-SortOrder-model","definition":"Specifies the sorting criterion applied to the items in a list.","min":0,"max":"*","base":{"path":"shr-core-SortOrder-model","min":0,"max":"*"},"mustSupport":false,"isModifier":false,"isSummary":false},{"id":"shr-core-SortOrder-model.value","path":"shr-core-SortOrder-model.value","short":"Code representing specifies the sorting criterion applied to the items in a list.","definition":"Code representing specifies the sorting criterion applied to the items in a list.","min":1,"max":"1","base":{"path":"shr-core-SortOrder-model.value","min":1,"max":"1"},"type":[{"code":"Coding"}],"mustSupport":false,"isModifier":false,"isSummary":false,"binding":{"strength":"preferred","valueSetReference":{"reference":"http://hl7.org/fhir/ValueSet/list-order"}}}]}}