{"resourceType":"StructureDefinition","id":"shr-core-EmbeddedContent-model","text":{"status":"generated","div":"<div xmlns=\"http://www.w3.org/1999/xhtml\">\n  <p><b>EmbeddedContent Logical Model</b></p>\n  <p>Abstract class defining the common metadata of all types of encapsulated data, such as images.</p>\n</div>"},"url":"http://hl7.org/fhir/us/shr/StructureDefinition/shr-core-EmbeddedContent-model","identifier":[{"system":"http://hl7.org/fhir/us/shrcore","value":"shr.core.EmbeddedContent"}],"version":"0.6.0","name":"EmbeddedContent","title":"shr-core-EmbeddedContent","status":"draft","date":"2019-05-07T00:00:00-04:00","publisher":"The MITRE Corporation","contact":[{"telecom":[{"system":"url","value":"http://www.standardhealthrecord.org"}]}],"description":"Abstract class defining the common metadata of all types of encapsulated data, such as images.","fhirVersion":"3.0.1","kind":"logical","abstract":false,"type":"shr-core-EmbeddedContent-model","baseDefinition":"http://hl7.org/fhir/StructureDefinition/Element","derivation":"specialization","snapshot":{"element":[{"id":"shr-core-EmbeddedContent-model","path":"shr-core-EmbeddedContent-model","definition":"Abstract class defining the common metadata of all types of encapsulated data, such as images.","min":0,"max":"*","base":{"path":"shr-core-EmbeddedContent-model","min":0,"max":"*"},"mustSupport":false,"isModifier":false,"isSummary":false}]},"differential":{"element":[{"id":"shr-core-EmbeddedContent-model","path":"shr-core-EmbeddedContent-model","definition":"Abstract class defining the common metadata of all types of encapsulated data, such as images.","min":0,"max":"*","base":{"path":"shr-core-EmbeddedContent-model","min":0,"max":"*"},"mustSupport":false,"isModifier":false,"isSummary":false}]}}