{"resourceType":"StructureDefinition","id":"shr-core-ConfidentialityCode-model","text":{"status":"generated","div":"<div xmlns=\"http://www.w3.org/1999/xhtml\">\n  <p><b>ConfidentialityCode Logical Model</b></p>\n  <p>The code specifying the level of confidentiality.</p>\n</div>"},"url":"http://hl7.org/fhir/us/shr/StructureDefinition/shr-core-ConfidentialityCode-model","identifier":[{"system":"http://hl7.org/fhir/us/shrcore","value":"shr.core.ConfidentialityCode"}],"version":"0.6.0","name":"ConfidentialityCode","title":"shr-core-ConfidentialityCode","status":"draft","date":"2019-05-07T00:00:00-04:00","publisher":"The MITRE Corporation","contact":[{"telecom":[{"system":"url","value":"http://www.standardhealthrecord.org"}]}],"description":"The code specifying the level of confidentiality.","fhirVersion":"3.0.1","kind":"logical","abstract":false,"type":"shr-core-ConfidentialityCode-model","baseDefinition":"http://hl7.org/fhir/StructureDefinition/Element","derivation":"specialization","snapshot":{"element":[{"id":"shr-core-ConfidentialityCode-model","path":"shr-core-ConfidentialityCode-model","definition":"The code specifying the level of confidentiality.","min":0,"max":"*","base":{"path":"shr-core-ConfidentialityCode-model","min":0,"max":"*"},"mustSupport":false,"isModifier":false,"isSummary":false},{"id":"shr-core-ConfidentialityCode-model.value","path":"shr-core-ConfidentialityCode-model.value","short":"Code representing the code specifying the level of confidentiality.","definition":"Code representing the code specifying the level of confidentiality.","min":1,"max":"1","base":{"path":"shr-core-ConfidentialityCode-model.value","min":1,"max":"1"},"type":[{"code":"Coding"}],"mustSupport":false,"isModifier":false,"isSummary":false}]},"differential":{"element":[{"id":"shr-core-ConfidentialityCode-model","path":"shr-core-ConfidentialityCode-model","definition":"The code specifying the level of confidentiality.","min":0,"max":"*","base":{"path":"shr-core-ConfidentialityCode-model","min":0,"max":"*"},"mustSupport":false,"isModifier":false,"isSummary":false},{"id":"shr-core-ConfidentialityCode-model.value","path":"shr-core-ConfidentialityCode-model.value","short":"Code representing the code specifying the level of confidentiality.","definition":"Code representing the code specifying the level of confidentiality.","min":1,"max":"1","base":{"path":"shr-core-ConfidentialityCode-model.value","min":1,"max":"1"},"type":[{"code":"Coding"}],"mustSupport":false,"isModifier":false,"isSummary":false}]}}