{"resourceType":"StructureDefinition","id":"shr-core-IsReadOnly-model","text":{"status":"generated","div":"<div xmlns=\"http://www.w3.org/1999/xhtml\">\n  <p><b>IsReadOnly Logical Model</b></p>\n  <p>An indication, when true, that the value cannot be changed by a human respondent to the Questionnaire.</p>\n</div>"},"url":"http://hl7.org/fhir/us/shr/StructureDefinition/shr-core-IsReadOnly-model","identifier":[{"system":"http://hl7.org/fhir/us/shrcore","value":"shr.core.IsReadOnly"}],"version":"0.6.0","name":"IsReadOnly","title":"shr-core-IsReadOnly","status":"draft","date":"2019-05-07T00:00:00-04:00","publisher":"The MITRE Corporation","contact":[{"telecom":[{"system":"url","value":"http://www.standardhealthrecord.org"}]}],"description":"An indication, when true, that the value cannot be changed by a human respondent to the Questionnaire.","fhirVersion":"3.0.1","kind":"logical","abstract":false,"type":"shr-core-IsReadOnly-model","baseDefinition":"http://hl7.org/fhir/StructureDefinition/Element","derivation":"specialization","snapshot":{"element":[{"id":"shr-core-IsReadOnly-model","path":"shr-core-IsReadOnly-model","definition":"An indication, when true, that the value cannot be changed by a human respondent to the Questionnaire.","min":0,"max":"*","base":{"path":"shr-core-IsReadOnly-model","min":0,"max":"*"},"mustSupport":false,"isModifier":false,"isSummary":false},{"id":"shr-core-IsReadOnly-model.value","path":"shr-core-IsReadOnly-model.value","short":"Boolean representing an indication, when true, that the value cannot be changed by a human respondent to the Questionnaire.","definition":"Boolean representing an indication, when true, that the value cannot be changed by a human respondent to the Questionnaire.","min":1,"max":"1","base":{"path":"shr-core-IsReadOnly-model.value","min":1,"max":"1"},"type":[{"code":"boolean"}],"mustSupport":false,"isModifier":false,"isSummary":false}]},"differential":{"element":[{"id":"shr-core-IsReadOnly-model","path":"shr-core-IsReadOnly-model","definition":"An indication, when true, that the value cannot be changed by a human respondent to the Questionnaire.","min":0,"max":"*","base":{"path":"shr-core-IsReadOnly-model","min":0,"max":"*"},"mustSupport":false,"isModifier":false,"isSummary":false},{"id":"shr-core-IsReadOnly-model.value","path":"shr-core-IsReadOnly-model.value","short":"Boolean representing an indication, when true, that the value cannot be changed by a human respondent to the Questionnaire.","definition":"Boolean representing an indication, when true, that the value cannot be changed by a human respondent to the Questionnaire.","min":1,"max":"1","base":{"path":"shr-core-IsReadOnly-model.value","min":1,"max":"1"},"type":[{"code":"boolean"}],"mustSupport":false,"isModifier":false,"isSummary":false}]}}