{"resourceType":"StructureDefinition","id":"shr-core-RepeatPeriodMax-model","text":{"status":"generated","div":"<div xmlns=\"http://www.w3.org/1999/xhtml\">\n  <p><b>RepeatPeriodMax Logical Model</b></p>\n  <p>If present, indicates that the period is a range from [period] to [periodMax], allowing expressing concepts such as 'do this once every 3-5 days.'</p>\n</div>"},"url":"http://hl7.org/fhir/us/shr/StructureDefinition/shr-core-RepeatPeriodMax-model","identifier":[{"system":"http://hl7.org/fhir/us/shrcore","value":"shr.core.RepeatPeriodMax"}],"version":"0.5.0","name":"RepeatPeriodMax","title":"shr-core-RepeatPeriodMax","status":"draft","date":"2019-05-01T00:00:00-04:00","publisher":"The MITRE Corporation","contact":[{"telecom":[{"system":"url","value":"http://www.standardhealthrecord.org"}]}],"description":"If present, indicates that the period is a range from [period] to [periodMax], allowing expressing concepts such as 'do this once every 3-5 days.'","fhirVersion":"3.0.1","kind":"logical","abstract":false,"type":"shr-core-RepeatPeriodMax-model","baseDefinition":"http://hl7.org/fhir/StructureDefinition/Element","derivation":"specialization","snapshot":{"element":[{"id":"shr-core-RepeatPeriodMax-model","path":"shr-core-RepeatPeriodMax-model","definition":"If present, indicates that the period is a range from [period] to [periodMax], allowing expressing concepts such as 'do this once every 3-5 days.'","min":0,"max":"*","base":{"path":"shr-core-RepeatPeriodMax-model","min":0,"max":"*"},"mustSupport":false,"isModifier":false,"isSummary":false},{"id":"shr-core-RepeatPeriodMax-model.value","path":"shr-core-RepeatPeriodMax-model.value","short":"Decimal representing if present, indicates that the period is a range from [period] to [periodMax], allowing expressing concepts such as 'do this once every 3-5 days.'","definition":"Decimal representing if present, indicates that the period is a range from [period] to [periodMax], allowing expressing concepts such as 'do this once every 3-5 days.'","min":1,"max":"1","base":{"path":"shr-core-RepeatPeriodMax-model.value","min":1,"max":"1"},"type":[{"code":"decimal"}],"mustSupport":false,"isModifier":false,"isSummary":false}]},"differential":{"element":[{"id":"shr-core-RepeatPeriodMax-model","path":"shr-core-RepeatPeriodMax-model","definition":"If present, indicates that the period is a range from [period] to [periodMax], allowing expressing concepts such as 'do this once every 3-5 days.'","min":0,"max":"*","base":{"path":"shr-core-RepeatPeriodMax-model","min":0,"max":"*"},"mustSupport":false,"isModifier":false,"isSummary":false},{"id":"shr-core-RepeatPeriodMax-model.value","path":"shr-core-RepeatPeriodMax-model.value","short":"Decimal representing if present, indicates that the period is a range from [period] to [periodMax], allowing expressing concepts such as 'do this once every 3-5 days.'","definition":"Decimal representing if present, indicates that the period is a range from [period] to [periodMax], allowing expressing concepts such as 'do this once every 3-5 days.'","min":1,"max":"1","base":{"path":"shr-core-RepeatPeriodMax-model.value","min":1,"max":"1"},"type":[{"code":"decimal"}],"mustSupport":false,"isModifier":false,"isSummary":false}]}}