{"resourceType":"StructureDefinition","id":"shr-core-LastUpdated-model","text":{"status":"generated","div":"<div xmlns=\"http://www.w3.org/1999/xhtml\">\n  <p><b>LastUpdated Logical Model</b></p>\n  <p>The most recent date the information item was changed.</p>\n</div>"},"url":"http://hl7.org/fhir/us/shr/StructureDefinition/shr-core-LastUpdated-model","identifier":[{"system":"http://hl7.org/fhir/us/shrcore","value":"shr.core.LastUpdated"}],"version":"0.5.0","name":"LastUpdated","title":"shr-core-LastUpdated","status":"draft","date":"2019-05-01T00:00:00-04:00","publisher":"The MITRE Corporation","contact":[{"telecom":[{"system":"url","value":"http://www.standardhealthrecord.org"}]}],"description":"The most recent date the information item was changed.","fhirVersion":"3.0.1","kind":"logical","abstract":false,"type":"shr-core-LastUpdated-model","baseDefinition":"http://hl7.org/fhir/StructureDefinition/Element","derivation":"specialization","snapshot":{"element":[{"id":"shr-core-LastUpdated-model","path":"shr-core-LastUpdated-model","definition":"The most recent date the information item was changed.","min":0,"max":"*","base":{"path":"shr-core-LastUpdated-model","min":0,"max":"*"},"mustSupport":false,"isModifier":false,"isSummary":false},{"id":"shr-core-LastUpdated-model.value","path":"shr-core-LastUpdated-model.value","short":"DateTime representing the most recent date the information item was changed.","definition":"DateTime representing the most recent date the information item was changed.","min":1,"max":"1","base":{"path":"shr-core-LastUpdated-model.value","min":1,"max":"1"},"type":[{"code":"dateTime"}],"mustSupport":false,"isModifier":false,"isSummary":false}]},"differential":{"element":[{"id":"shr-core-LastUpdated-model","path":"shr-core-LastUpdated-model","definition":"The most recent date the information item was changed.","min":0,"max":"*","base":{"path":"shr-core-LastUpdated-model","min":0,"max":"*"},"mustSupport":false,"isModifier":false,"isSummary":false},{"id":"shr-core-LastUpdated-model.value","path":"shr-core-LastUpdated-model.value","short":"DateTime representing the most recent date the information item was changed.","definition":"DateTime representing the most recent date the information item was changed.","min":1,"max":"1","base":{"path":"shr-core-LastUpdated-model.value","min":1,"max":"1"},"type":[{"code":"dateTime"}],"mustSupport":false,"isModifier":false,"isSummary":false}]}}