{"resourceType":"StructureDefinition","id":"shr-core-MedicationStatement-model","text":{"status":"generated","div":"<div xmlns=\"http://www.w3.org/1999/xhtml\">\n  <p><b>MedicationStatement Logical Model</b></p>\n  <p>A record of the use of a medication. The use may be reported by the patient or clinician and adminstration does not have to be directly observed.\n\nFHIR Notes:\n\nAlthough FHIR supports the asserter (information source) and date asserted, it does not have a place for the author (who created and is responsible for the statement) and recorder (who entered the statement). Extensions are provided.\n\nThe treatment of 'not taken' has changed from DSTU2 and STU3 to R4. In R4, status and statusReason are used to indicate medications not taken. For upward compatibility, the 'not taken' attributes are profiled out.\nReasonCode is a choice of CodeableConcept or ref(Condition) in DSTU2, and limited to one reason (pick a type). In STU3 and R4, there can be multiple reason codes, and multiple reason references, simultaneously.\n\nPreference is given to using the National Library of Medicine (NLM) RxNorm terminology for medications. RxNorm is a coding standard established by the Office of the National Coordinator (ONC). However, RxNorm is restricted to FDA-approved drugs and does not include clinical trial drugs. MedicationStatement allows for the inclusion of other coding systems like the NCI Thesaurus (NCIT) to represent clinical trial oncology drugs.</p>\n</div>"},"url":"http://hl7.org/fhir/us/shr/StructureDefinition/shr-core-MedicationStatement-model","identifier":[{"system":"http://hl7.org/fhir/us/shrcore","value":"shr.core.MedicationStatement"}],"version":"0.6.0","name":"MedicationStatement","title":"shr-core-MedicationStatement","status":"draft","date":"2019-05-07T00:00:00-04:00","publisher":"The MITRE Corporation","contact":[{"telecom":[{"system":"url","value":"http://www.standardhealthrecord.org"}]}],"description":"A record of the use of a medication. The use may be reported by the patient or clinician and adminstration does not have to be directly observed.\n\nFHIR Notes:\n\nAlthough FHIR supports the asserter (information source) and date asserted, it does not have a place for the author (who created and is responsible for the statement) and recorder (who entered the statement). Extensions are provided.\n\nThe treatment of 'not taken' has changed from DSTU2 and STU3 to R4. In R4, status and statusReason are used to indicate medications not taken. For upward compatibility, the 'not taken' attributes are profiled out.\nReasonCode is a choice of CodeableConcept or ref(Condition) in DSTU2, and limited to one reason (pick a type). In STU3 and R4, there can be multiple reason codes, and multiple reason references, simultaneously.\n\nPreference is given to using the National Library of Medicine (NLM) RxNorm terminology for medications. RxNorm is a coding standard established by the Office of the National Coordinator (ONC). However, RxNorm is restricted to FDA-approved drugs and does not include clinical trial drugs. MedicationStatement allows for the inclusion of other coding systems like the NCI Thesaurus (NCIT) to represent clinical trial oncology drugs.","keyword":[{"system":"http://snomed.info/sct","code":"416608005","display":"Drug therapy (procedure)"}],"fhirVersion":"3.0.1","kind":"logical","abstract":false,"type":"shr-core-MedicationStatement-model","baseDefinition":"http://hl7.org/fhir/StructureDefinition/Element","derivation":"specialization","snapshot":{"element":[{"id":"shr-core-MedicationStatement-model","path":"shr-core-MedicationStatement-model","definition":"A record of the use of a medication. The use may be reported by the patient or clinician and adminstration does not have to be directly observed.\n\nFHIR Notes:\n\nAlthough FHIR supports the asserter (information source) and date asserted, it does not have a place for the author (who created and is responsible for the statement) and recorder (who entered the statement). Extensions are provided.\n\nThe treatment of 'not taken' has changed from DSTU2 and STU3 to R4. In R4, status and statusReason are used to indicate medications not taken. For upward compatibility, the 'not taken' attributes are profiled out.\nReasonCode is a choice of CodeableConcept or ref(Condition) in DSTU2, and limited to one reason (pick a type). In STU3 and R4, there can be multiple reason codes, and multiple reason references, simultaneously.\n\nPreference is given to using the National Library of Medicine (NLM) RxNorm terminology for medications. RxNorm is a coding standard established by the Office of the National Coordinator (ONC). However, RxNorm is restricted to FDA-approved drugs and does not include clinical trial drugs. MedicationStatement allows for the inclusion of other coding systems like the NCI Thesaurus (NCIT) to represent clinical trial oncology drugs.","min":0,"max":"*","base":{"path":"shr-core-MedicationStatement-model","min":0,"max":"*"},"mustSupport":false,"isModifier":false,"isSummary":false},{"id":"shr-core-MedicationStatement-model.metadata","path":"shr-core-MedicationStatement-model.metadata","short":"Elements that belong to all information items.","definition":"Elements that belong to all information items.","min":0,"max":"1","base":{"path":"shr-core-MedicationStatement-model.metadata","min":0,"max":"1"},"type":[{"code":"http://hl7.org/fhir/us/shr/StructureDefinition/shr-core-Metadata-model"}],"mustSupport":false,"isModifier":false,"isSummary":false},{"id":"shr-core-MedicationStatement-model.language","path":"shr-core-MedicationStatement-model.language","short":"A human language, spoken or written.","definition":"A human language, spoken or written.","min":0,"max":"1","base":{"path":"shr-core-MedicationStatement-model.language","min":0,"max":"1"},"type":[{"code":"Coding"}],"mustSupport":false,"isModifier":false,"isSummary":false},{"id":"shr-core-MedicationStatement-model.implicitRules","path":"shr-core-MedicationStatement-model.implicitRules","short":"A set of rules under which this content was created","definition":"A set of rules under which this content was created","min":0,"max":"1","base":{"path":"shr-core-MedicationStatement-model.implicitRules","min":0,"max":"1"},"type":[{"code":"uri"}],"mustSupport":false,"isModifier":false,"isSummary":false},{"id":"shr-core-MedicationStatement-model.narrative","path":"shr-core-MedicationStatement-model.narrative","short":"A human-readable narrative, potentially including images, that contains a summary of the resource, and may be used to represent the content of the resource to a human.","definition":"A human-readable narrative, potentially including images, that contains a summary of the resource, and may be used to represent the content of the resource to a human.","min":0,"max":"1","base":{"path":"shr-core-MedicationStatement-model.narrative","min":0,"max":"1"},"type":[{"code":"http://hl7.org/fhir/us/shr/StructureDefinition/shr-core-Narrative-model"}],"mustSupport":false,"isModifier":false,"isSummary":false},{"id":"shr-core-MedicationStatement-model.status","path":"shr-core-MedicationStatement-model.status","short":"A state that relates to the workflow or interpretation of this resource. Certain status values can modify the meaning of the resource, for example, entered-in-error. When a boolean value is used, Status of true indicates the record is active, false means inactive.","definition":"A state that relates to the workflow or interpretation of this resource. Certain status values can modify the meaning of the resource, for example, entered-in-error. When a boolean value is used, Status of true indicates the record is active, false means inactive.","min":1,"max":"1","base":{"path":"shr-core-MedicationStatement-model.status","min":1,"max":"1"},"type":[{"code":"Coding"}],"mustSupport":false,"isModifier":false,"isSummary":false,"binding":{"strength":"required","valueSetReference":{"reference":"http://hl7.org/fhir/ValueSet/medication-statement-status"}}},{"id":"shr-core-MedicationStatement-model.statusReason","path":"shr-core-MedicationStatement-model.statusReason","short":"Captures the reason for the current state of the procedure.","definition":"Captures the reason for the current state of the procedure.","min":0,"max":"*","base":{"path":"shr-core-MedicationStatement-model.statusReason","min":0,"max":"*"},"type":[{"code":"Coding"}],"mustSupport":false,"isModifier":false,"isSummary":false},{"id":"shr-core-MedicationStatement-model.identifier","path":"shr-core-MedicationStatement-model.identifier","short":"Business identifier or external id for this resource.","definition":"Business identifier or external id for this resource.","min":0,"max":"*","base":{"path":"shr-core-MedicationStatement-model.identifier","min":0,"max":"*"},"type":[{"code":"http://hl7.org/fhir/us/shr/StructureDefinition/shr-core-Identifier-model"}],"mustSupport":false,"isModifier":false,"isSummary":false},{"id":"shr-core-MedicationStatement-model.subjectOfRecord","path":"shr-core-MedicationStatement-model.subjectOfRecord","code":[{"system":"http://ncimeta.nci.nih.gov","code":"C1299487"}],"short":"The subject of a clinical statement, often called the Patient or the Subject. The SubjectOfRecord typically identifies the clinical record in which this statement is contained. If the statement should be in John Doe's patient record, then John Doe is the subject of record. When there is no patient, the SubjectOfRecord can also be a location, group, or other entity that statement pertains to. For example, observations concerning a hospital ward would have a Location as the SubjectOfRecord.","definition":"The subject of a clinical statement, often called the Patient or the Subject. The SubjectOfRecord typically identifies the clinical record in which this statement is contained. If the statement should be in John Doe's patient record, then John Doe is the subject of record. When there is no patient, the SubjectOfRecord can also be a location, group, or other entity that statement pertains to. For example, observations concerning a hospital ward would have a Location as the SubjectOfRecord.\n\nNote that the word 'Subject' is used here in the sense of a person or entity subjected to observations or actions, not subject as in a conceptual topic, like heart disease.","min":1,"max":"1","base":{"path":"shr-core-MedicationStatement-model.subjectOfRecord","min":1,"max":"1"},"type":[{"code":"Reference","targetProfile":"http://hl7.org/fhir/us/shr/StructureDefinition/shr-core-Patient-model"}],"mustSupport":false,"isModifier":false,"isSummary":false},{"id":"shr-core-MedicationStatement-model.careContext[x]","path":"shr-core-MedicationStatement-model.careContext[x]","short":"The encounter or episode of care","definition":"The encounter or episode of care","min":0,"max":"1","base":{"path":"shr-core-MedicationStatement-model.careContext[x]","min":0,"max":"1"},"type":[{"code":"Reference","targetProfile":"http://hl7.org/fhir/us/shr/StructureDefinition/shr-core-Encounter-model"},{"code":"Reference","targetProfile":"http://hl7.org/fhir/us/shr/StructureDefinition/shr-core-EpisodeOfCare-model"}],"mustSupport":false,"isModifier":false,"isSummary":false},{"id":"shr-core-MedicationStatement-model.statementDateTime","path":"shr-core-MedicationStatement-model.statementDateTime","code":[{"system":"http://ncimeta.nci.nih.gov","code":"C3669169"}],"short":"The point in time when the statement was created.","definition":"The point in time when the statement was created.","min":1,"max":"1","base":{"path":"shr-core-MedicationStatement-model.statementDateTime","min":1,"max":"1"},"type":[{"code":"dateTime"}],"mustSupport":false,"isModifier":false,"isSummary":false},{"id":"shr-core-MedicationStatement-model.reasonCode","path":"shr-core-MedicationStatement-model.reasonCode","code":[{"system":"http://ncimeta.nci.nih.gov","code":"C0566251"}],"short":"The explanation or justification for the current item or action, as a code.","definition":"The explanation or justification for the current item or action, as a code.\nReason is a string or CodeableConcept in DSTU2 but in later versions only a CodeableConcept.","min":0,"max":"1","base":{"path":"shr-core-MedicationStatement-model.reasonCode","min":0,"max":"1"},"type":[{"code":"Coding"}],"mustSupport":false,"isModifier":false,"isSummary":false},{"id":"shr-core-MedicationStatement-model.medicationReasonReference[x]","path":"shr-core-MedicationStatement-model.medicationReasonReference[x]","slicing":{"discriminator":[{"type":"type","path":"$this"}],"ordered":false,"rules":"open"},"short":"Condition or observation that supports why the medication is being/was taken","definition":"Condition or observation that supports why the medication is being/was taken","min":0,"max":"1","base":{"path":"shr-core-MedicationStatement-model.medicationReasonReference[x]","min":0,"max":"1"},"type":[{"code":"Reference","targetProfile":"http://hl7.org/fhir/us/shr/StructureDefinition/shr-core-Condition-model"},{"code":"Reference","targetProfile":"http://hl7.org/fhir/us/shr/StructureDefinition/shr-core-Observation-model"},{"code":"Reference","targetProfile":"http://hl7.org/fhir/us/shr/StructureDefinition/shr-core-DiagnosticReport-model"}],"mustSupport":false,"isModifier":false,"isSummary":false},{"id":"shr-core-MedicationStatement-model.medicationReasonReferenceShr-core-Condition-model:Condition","path":"shr-core-MedicationStatement-model.medicationReasonReferenceShr-core-Condition-model","sliceName":"Condition","short":"A condition that is or may be present in a subject. 'Condition' is interpreted broadly and could be a disorder, abnormality, problem, injury, complaint, functionality, illness, disease, ailment, sickness, affliction, upset, difficulty, disorder, symptom, worry, or trouble.","definition":"A condition that is or may be present in a subject. 'Condition' is interpreted broadly and could be a disorder, abnormality, problem, injury, complaint, functionality, illness, disease, ailment, sickness, affliction, upset, difficulty, disorder, symptom, worry, or trouble.\nThe Observation-based class, ConditionAbsent, should be used to describe conditions that are not present or negative findings.\nSHR Condition uses the SHR BodyLocation structure that includes not only a code, but optional laterality, direction, clock direction, and distance. If included, the distance is measured from the location specified by the code, laterality, and direction.","min":1,"max":"1","base":{"path":"shr-core-MedicationStatement-model.medicationReasonReference[x]","min":0,"max":"1"},"type":[{"code":"Reference","targetProfile":"http://hl7.org/fhir/us/shr/StructureDefinition/shr-core-Condition-model"}],"mustSupport":false,"isModifier":false,"isSummary":false},{"id":"shr-core-MedicationStatement-model.medicationReasonReferenceShr-core-Observation-model:Observation","path":"shr-core-MedicationStatement-model.medicationReasonReferenceShr-core-Observation-model","sliceName":"Observation","short":"Represents the result of evaluations (measurements, tests, or questions) that have been performed.","definition":"Represents the result of evaluations (measurements, tests, or questions) that have been performed.\nObservation has a value representing the result (answer), or an DataAbsentReason indicating why the value is not present. Things observed about the subject can include social and behavioral factors, subjective and objective observations, and assessments.\nFor an Observation, the Code describes the aspect or property of the subject being observed or measured. The Code is the 'question code' that pairs to the 'answer' contained in the Value.","min":1,"max":"1","base":{"path":"shr-core-MedicationStatement-model.medicationReasonReference[x]","min":0,"max":"1"},"type":[{"code":"Reference","targetProfile":"http://hl7.org/fhir/us/shr/StructureDefinition/shr-core-Observation-model"}],"mustSupport":false,"isModifier":false,"isSummary":false},{"id":"shr-core-MedicationStatement-model.medicationReasonReferenceShr-core-DiagnosticReport-model:DiagnosticReport","path":"shr-core-MedicationStatement-model.medicationReasonReferenceShr-core-DiagnosticReport-model","sliceName":"DiagnosticReport","short":"DiagnosticReport","definition":"DiagnosticReport","min":1,"max":"1","base":{"path":"shr-core-MedicationStatement-model.medicationReasonReference[x]","min":0,"max":"1"},"type":[{"code":"Reference","targetProfile":"http://hl7.org/fhir/us/shr/StructureDefinition/shr-core-DiagnosticReport-model"}],"mustSupport":false,"isModifier":false,"isSummary":false},{"id":"shr-core-MedicationStatement-model.medicationBasedOn[x]","path":"shr-core-MedicationStatement-model.medicationBasedOn[x]","slicing":{"discriminator":[{"type":"type","path":"$this"}],"ordered":false,"rules":"open"},"short":"MedicationBasedOn","definition":"MedicationBasedOn","min":0,"max":"*","base":{"path":"shr-core-MedicationStatement-model.medicationBasedOn[x]","min":0,"max":"*"},"type":[{"code":"Reference","targetProfile":"http://hl7.org/fhir/us/shr/StructureDefinition/shr-core-ServiceRequest-model"},{"code":"Reference","targetProfile":"http://hl7.org/fhir/us/shr/StructureDefinition/shr-core-MedicationRequest-model"},{"code":"Reference","targetProfile":"http://hl7.org/fhir/us/shr/StructureDefinition/shr-core-ReferralRequest-model"},{"code":"Reference","targetProfile":"http://hl7.org/fhir/us/shr/StructureDefinition/shr-core-ProcedureRequest-model"}],"mustSupport":false,"isModifier":false,"isSummary":false},{"id":"shr-core-MedicationStatement-model.medicationBasedOnShr-core-ServiceRequest-model:ServiceRequest","path":"shr-core-MedicationStatement-model.medicationBasedOnShr-core-ServiceRequest-model","sliceName":"ServiceRequest","short":"A record of a request for service such as diagnostic investigations, treatments, or operations to be performed.","definition":"A record of a request for service such as diagnostic investigations, treatments, or operations to be performed.","min":1,"max":"1","base":{"path":"shr-core-MedicationStatement-model.medicationBasedOn[x]","min":0,"max":"*"},"type":[{"code":"Reference","targetProfile":"http://hl7.org/fhir/us/shr/StructureDefinition/shr-core-ServiceRequest-model"}],"mustSupport":false,"isModifier":false,"isSummary":false},{"id":"shr-core-MedicationStatement-model.medicationBasedOnShr-core-MedicationRequest-model:MedicationRequest","path":"shr-core-MedicationStatement-model.medicationBasedOnShr-core-MedicationRequest-model","sliceName":"MedicationRequest","short":"An order for a medication to be dispensed and instructions for use.","definition":"An order for a medication to be dispensed and instructions for use.\nValue sets for status are in direct conflict between DSTU2 Argonaut and STU3 US-Core.\nCategory does not exist in DSTU2 and is provided as an extension.\nIntent was added in STU3 and is provided as an extension with required binding.","min":1,"max":"1","base":{"path":"shr-core-MedicationStatement-model.medicationBasedOn[x]","min":0,"max":"*"},"type":[{"code":"Reference","targetProfile":"http://hl7.org/fhir/us/shr/StructureDefinition/shr-core-MedicationRequest-model"}],"mustSupport":false,"isModifier":false,"isSummary":false},{"id":"shr-core-MedicationStatement-model.medicationBasedOnShr-core-ReferralRequest-model:ReferralRequest","path":"shr-core-MedicationStatement-model.medicationBasedOnShr-core-ReferralRequest-model","sliceName":"ReferralRequest","short":"Used to record and send details about a request for referral service or transfer of a patient to the care of another provider or provider organization.","definition":"Used to record and send details about a request for referral service or transfer of a patient to the care of another provider or provider organization.","min":1,"max":"1","base":{"path":"shr-core-MedicationStatement-model.medicationBasedOn[x]","min":0,"max":"*"},"type":[{"code":"Reference","targetProfile":"http://hl7.org/fhir/us/shr/StructureDefinition/shr-core-ReferralRequest-model"}],"mustSupport":false,"isModifier":false,"isSummary":false},{"id":"shr-core-MedicationStatement-model.medicationBasedOnShr-core-ProcedureRequest-model:ProcedureRequest","path":"shr-core-MedicationStatement-model.medicationBasedOnShr-core-ProcedureRequest-model","sliceName":"ProcedureRequest","short":"A request for a procedure to be performed. May be a proposal or an order.","definition":"A request for a procedure to be performed. May be a proposal or an order.","min":1,"max":"1","base":{"path":"shr-core-MedicationStatement-model.medicationBasedOn[x]","min":0,"max":"*"},"type":[{"code":"Reference","targetProfile":"http://hl7.org/fhir/us/shr/StructureDefinition/shr-core-ProcedureRequest-model"}],"mustSupport":false,"isModifier":false,"isSummary":false},{"id":"shr-core-MedicationStatement-model.occurrenceTimeOrPeriod[x]","path":"shr-core-MedicationStatement-model.occurrenceTimeOrPeriod[x]","short":"The point or period of time when the event takes place. Times can be precise (dateTime) or approximate (date). If a time period is used, and the start date or dateTime is missing, the start of the period is not known. If the end date or dateTime is missing, it means that the period is ongoing.","definition":"The point or period of time when the event takes place. Times can be precise (dateTime) or approximate (date). If a time period is used, and the start date or dateTime is missing, the start of the period is not known. If the end date or dateTime is missing, it means that the period is ongoing.","min":1,"max":"1","base":{"path":"shr-core-MedicationStatement-model.occurrenceTimeOrPeriod[x]","min":1,"max":"1"},"type":[{"code":"date"},{"code":"dateTime"},{"code":"http://hl7.org/fhir/us/shr/StructureDefinition/shr-core-TimePeriod-model"}],"mustSupport":false,"isModifier":false,"isSummary":false},{"id":"shr-core-MedicationStatement-model.participation","path":"shr-core-MedicationStatement-model.participation","short":"Record of someone or something involvement in an activity or event.","definition":"Record of someone or something involvement in an activity or event.","min":0,"max":"0","base":{"path":"shr-core-MedicationStatement-model.participation","min":0,"max":"0"},"type":[{"code":"http://hl7.org/fhir/us/shr/StructureDefinition/shr-core-Participation-model"}],"mustSupport":false,"isModifier":false,"isSummary":false},{"id":"shr-core-MedicationStatement-model.method","path":"shr-core-MedicationStatement-model.method","short":"The technique used to carry out an action, for example, the specific imaging technical or assessment vehicle.","definition":"The technique used to carry out an action, for example, the specific imaging technical or assessment vehicle.","min":0,"max":"0","base":{"path":"shr-core-MedicationStatement-model.method","min":0,"max":"0"},"type":[{"code":"Coding"}],"mustSupport":false,"isModifier":false,"isSummary":false},{"id":"shr-core-MedicationStatement-model.medicationCodeOrReference[x]","path":"shr-core-MedicationStatement-model.medicationCodeOrReference[x]","slicing":{"discriminator":[{"type":"type","path":"$this"}],"ordered":false,"rules":"open"},"short":"A choice of a medication code or reference.","definition":"A choice of a medication code or reference.","min":1,"max":"1","base":{"path":"shr-core-MedicationStatement-model.medicationCodeOrReference[x]","min":1,"max":"1"},"type":[{"code":"Coding"},{"code":"Reference","targetProfile":"http://hl7.org/fhir/us/shr/StructureDefinition/shr-core-Medication-model"}],"mustSupport":false,"isModifier":false,"isSummary":false},{"id":"shr-core-MedicationStatement-model.medicationCodeOrReferenceCoding:CodeableConcept","path":"shr-core-MedicationStatement-model.medicationCodeOrReferenceCoding","sliceName":"CodeableConcept","short":"A set of codes drawn from different coding systems, representing the same concept.","definition":"A set of codes drawn from different coding systems, representing the same concept.","min":1,"max":"1","base":{"path":"shr-core-MedicationStatement-model.medicationCodeOrReference[x]","min":1,"max":"1"},"type":[{"code":"Coding"}],"mustSupport":false,"isModifier":false,"isSummary":false,"binding":{"strength":"extensible","valueSetReference":{"reference":"http://h7.org/fhir/us/core/ValueSet/us-core-medication-codes"}}},{"id":"shr-core-MedicationStatement-model.dosage","path":"shr-core-MedicationStatement-model.dosage","short":"The dosage of the medication. The data structure is flexible and can describe a dosage prescribed, administered, or reported.","definition":"The dosage of the medication. The data structure is flexible and can describe a dosage prescribed, administered, or reported.","min":0,"max":"1","base":{"path":"shr-core-MedicationStatement-model.dosage","min":0,"max":"1"},"type":[{"code":"http://hl7.org/fhir/us/shr/StructureDefinition/shr-core-Dosage-model"}],"mustSupport":false,"isModifier":false,"isSummary":false},{"id":"shr-core-MedicationStatement-model.medicationStatementPartOf[x]","path":"shr-core-MedicationStatement-model.medicationStatementPartOf[x]","slicing":{"discriminator":[{"type":"type","path":"$this"}],"ordered":false,"rules":"open"},"short":"A larger event of which this particular event is a component or step.","definition":"A larger event of which this particular event is a component or step.","min":0,"max":"*","base":{"path":"shr-core-MedicationStatement-model.medicationStatementPartOf[x]","min":0,"max":"*"},"type":[{"code":"Reference","targetProfile":"http://hl7.org/fhir/us/shr/StructureDefinition/shr-core-MedicationAdministration-model"},{"code":"Reference","targetProfile":"http://hl7.org/fhir/us/shr/StructureDefinition/shr-core-MedicationDispense-model"},{"code":"Reference","targetProfile":"http://hl7.org/fhir/us/shr/StructureDefinition/shr-core-MedicationStatement-model"},{"code":"Reference","targetProfile":"http://hl7.org/fhir/us/shr/StructureDefinition/shr-core-Procedure-model"},{"code":"Reference","targetProfile":"http://hl7.org/fhir/us/shr/StructureDefinition/shr-core-Observation-model"}],"mustSupport":false,"isModifier":false,"isSummary":false},{"id":"shr-core-MedicationStatement-model.medicationStatementPartOfShr-core-MedicationAdministration-model:MedicationAdministration","path":"shr-core-MedicationStatement-model.medicationStatementPartOfShr-core-MedicationAdministration-model","sliceName":"MedicationAdministration","short":"A record of the use of a medication. If the medication is given as part of a course of treatment, the PartOf attribute should refer to the CourseOfTreatment.","definition":"A record of the use of a medication. If the medication is given as part of a course of treatment, the PartOf attribute should refer to the CourseOfTreatment.\nAlthough FHIR MedicationAdministration supports date of administration, information source, performer, it lacks common provenance elements, statement creation date, author, and recorder. These are supported as optional extensions.\nFHIR DSTU2 lacks a category attribute, which is provided as an extension in that version.\nSHR does not allow the 'not given' attributes from DSTU2 and STU3, since they are dropped in R4. The status element is used to document medications not given.","min":1,"max":"1","base":{"path":"shr-core-MedicationStatement-model.medicationStatementPartOf[x]","min":0,"max":"*"},"type":[{"code":"Reference","targetProfile":"http://hl7.org/fhir/us/shr/StructureDefinition/shr-core-MedicationAdministration-model"}],"mustSupport":false,"isModifier":false,"isSummary":false},{"id":"shr-core-MedicationStatement-model.medicationStatementPartOfShr-core-MedicationDispense-model:MedicationDispense","path":"shr-core-MedicationStatement-model.medicationStatementPartOfShr-core-MedicationDispense-model","sliceName":"MedicationDispense","short":"Indicates that a medication product has been dispensed for a named person/patient. This includes a description of the medication product (supply) provided and the instructions for administering the medication. The medication dispense is the result of a pharmacy system responding to a medication order.","definition":"Indicates that a medication product has been dispensed for a named person/patient. This includes a description of the medication product (supply) provided and the instructions for administering the medication. The medication dispense is the result of a pharmacy system responding to a medication order.","min":1,"max":"1","base":{"path":"shr-core-MedicationStatement-model.medicationStatementPartOf[x]","min":0,"max":"*"},"type":[{"code":"Reference","targetProfile":"http://hl7.org/fhir/us/shr/StructureDefinition/shr-core-MedicationDispense-model"}],"mustSupport":false,"isModifier":false,"isSummary":false},{"id":"shr-core-MedicationStatement-model.medicationStatementPartOfShr-core-MedicationStatement-model:MedicationStatement","path":"shr-core-MedicationStatement-model.medicationStatementPartOfShr-core-MedicationStatement-model","sliceName":"MedicationStatement","short":"A record of the use of a medication. The use may be reported by the patient or clinician and adminstration does not have to be directly observed.","definition":"A record of the use of a medication. The use may be reported by the patient or clinician and adminstration does not have to be directly observed.\n\nFHIR Notes:\n\nAlthough FHIR supports the asserter (information source) and date asserted, it does not have a place for the author (who created and is responsible for the statement) and recorder (who entered the statement). Extensions are provided.\n\nThe treatment of 'not taken' has changed from DSTU2 and STU3 to R4. In R4, status and statusReason are used to indicate medications not taken. For upward compatibility, the 'not taken' attributes are profiled out.\nReasonCode is a choice of CodeableConcept or ref(Condition) in DSTU2, and limited to one reason (pick a type). In STU3 and R4, there can be multiple reason codes, and multiple reason references, simultaneously.\n\nPreference is given to using the National Library of Medicine (NLM) RxNorm terminology for medications. RxNorm is a coding standard established by the Office of the National Coordinator (ONC). However, RxNorm is restricted to FDA-approved drugs and does not include clinical trial drugs. MedicationStatement allows for the inclusion of other coding systems like the NCI Thesaurus (NCIT) to represent clinical trial oncology drugs.","min":1,"max":"1","base":{"path":"shr-core-MedicationStatement-model.medicationStatementPartOf[x]","min":0,"max":"*"},"type":[{"code":"Reference","targetProfile":"http://hl7.org/fhir/us/shr/StructureDefinition/shr-core-MedicationStatement-model"}],"mustSupport":false,"isModifier":false,"isSummary":false},{"id":"shr-core-MedicationStatement-model.medicationStatementPartOfShr-core-Procedure-model:Procedure","path":"shr-core-MedicationStatement-model.medicationStatementPartOfShr-core-Procedure-model","sliceName":"Procedure","short":"An action that is or was performed on or for a patient. This can be a physical intervention like an operation, or less invasive like long term services, counseling, or hypnotherapy.","definition":"An action that is or was performed on or for a patient. This can be a physical intervention like an operation, or less invasive like long term services, counseling, or hypnotherapy.","min":1,"max":"1","base":{"path":"shr-core-MedicationStatement-model.medicationStatementPartOf[x]","min":0,"max":"*"},"type":[{"code":"Reference","targetProfile":"http://hl7.org/fhir/us/shr/StructureDefinition/shr-core-Procedure-model"}],"mustSupport":false,"isModifier":false,"isSummary":false},{"id":"shr-core-MedicationStatement-model.medicationStatementPartOfShr-core-Observation-model:Observation","path":"shr-core-MedicationStatement-model.medicationStatementPartOfShr-core-Observation-model","sliceName":"Observation","short":"Represents the result of evaluations (measurements, tests, or questions) that have been performed.","definition":"Represents the result of evaluations (measurements, tests, or questions) that have been performed.\nObservation has a value representing the result (answer), or an DataAbsentReason indicating why the value is not present. Things observed about the subject can include social and behavioral factors, subjective and objective observations, and assessments.\nFor an Observation, the Code describes the aspect or property of the subject being observed or measured. The Code is the 'question code' that pairs to the 'answer' contained in the Value.","min":1,"max":"1","base":{"path":"shr-core-MedicationStatement-model.medicationStatementPartOf[x]","min":0,"max":"*"},"type":[{"code":"Reference","targetProfile":"http://hl7.org/fhir/us/shr/StructureDefinition/shr-core-Observation-model"}],"mustSupport":false,"isModifier":false,"isSummary":false},{"id":"shr-core-MedicationStatement-model.category","path":"shr-core-MedicationStatement-model.category","short":"The general type or class of this item.","definition":"The general type or class of this item.","min":0,"max":"1","base":{"path":"shr-core-MedicationStatement-model.category","min":0,"max":"1"},"type":[{"code":"Coding"}],"mustSupport":false,"isModifier":false,"isSummary":false,"binding":{"strength":"preferred","valueSetReference":{"reference":"http://hl7.org/fhir/ValueSet/medication-statement-category"}}},{"id":"shr-core-MedicationStatement-model.medicationInformationSource[x]","path":"shr-core-MedicationStatement-model.medicationInformationSource[x]","short":"The informant for this medication statement.","definition":"The informant for this medication statement.","min":0,"max":"1","base":{"path":"shr-core-MedicationStatement-model.medicationInformationSource[x]","min":0,"max":"1"},"type":[{"code":"Reference","targetProfile":"http://hl7.org/fhir/us/shr/StructureDefinition/shr-core-Patient-model"},{"code":"Reference","targetProfile":"http://hl7.org/fhir/us/shr/StructureDefinition/shr-core-Practitioner-model"},{"code":"Reference","targetProfile":"http://hl7.org/fhir/us/shr/StructureDefinition/shr-core-RelatedPerson-model"},{"code":"Reference","targetProfile":"http://hl7.org/fhir/us/shr/StructureDefinition/shr-core-Organization-model"}],"mustSupport":false,"isModifier":false,"isSummary":false},{"id":"shr-core-MedicationStatement-model.derivedFrom","path":"shr-core-MedicationStatement-model.derivedFrom","short":"Indicates the source of information in the case the Entry has been created by logical extension or modification of one or more source entries.","definition":"Indicates the source of information in the case the Entry has been created by logical extension or modification of one or more source entries.","min":0,"max":"*","base":{"path":"shr-core-MedicationStatement-model.derivedFrom","min":0,"max":"*"},"type":[{"code":"Reference","targetProfile":"http://hl7.org/fhir/us/shr/StructureDefinition/shr-core-DomainResource-model"}],"mustSupport":false,"isModifier":false,"isSummary":false},{"id":"shr-core-MedicationStatement-model.annotation","path":"shr-core-MedicationStatement-model.annotation","short":"An added or follow-up note, often after the fact, that contains metadata about who made the statement and when.","definition":"An added or follow-up note, often after the fact, that contains metadata about who made the statement and when.","min":0,"max":"*","base":{"path":"shr-core-MedicationStatement-model.annotation","min":0,"max":"*"},"type":[{"code":"http://hl7.org/fhir/us/shr/StructureDefinition/shr-core-Annotation-model"}],"mustSupport":false,"isModifier":false,"isSummary":false},{"id":"shr-core-MedicationStatement-model.treatmentIntent","path":"shr-core-MedicationStatement-model.treatmentIntent","code":[{"system":"http://snomed.info/sct","code":"395077000","display":"Treatment intent (situation)"}],"short":"The purpose of a treatment.","definition":"The purpose of a treatment.","min":0,"max":"1","base":{"path":"shr-core-MedicationStatement-model.treatmentIntent","min":0,"max":"1"},"type":[{"code":"Coding"}],"mustSupport":false,"isModifier":false,"isSummary":false,"binding":{"strength":"required","valueSetReference":{"reference":"http://hl7.org/fhir/us/shrcore/shr/core/vs/TreatmentIntentVS"}}},{"id":"shr-core-MedicationStatement-model.terminationReason","path":"shr-core-MedicationStatement-model.terminationReason","short":"A code explaining unplanned or premature termination of a plan of treatment, course of medication, or research study.","definition":"A code explaining unplanned or premature termination of a plan of treatment, course of medication, or research study.","min":0,"max":"*","base":{"path":"shr-core-MedicationStatement-model.terminationReason","min":0,"max":"*"},"type":[{"code":"Coding"}],"mustSupport":false,"isModifier":false,"isSummary":false,"binding":{"strength":"required","valueSetReference":{"reference":"http://hl7.org/fhir/us/shrcore/shr/core/vs/TreatmentTerminationReasonVS"}}}]},"differential":{"element":[{"id":"shr-core-MedicationStatement-model","path":"shr-core-MedicationStatement-model","definition":"A record of the use of a medication. The use may be reported by the patient or clinician and adminstration does not have to be directly observed.\n\nFHIR Notes:\n\nAlthough FHIR supports the asserter (information source) and date asserted, it does not have a place for the author (who created and is responsible for the statement) and recorder (who entered the statement). Extensions are provided.\n\nThe treatment of 'not taken' has changed from DSTU2 and STU3 to R4. In R4, status and statusReason are used to indicate medications not taken. For upward compatibility, the 'not taken' attributes are profiled out.\nReasonCode is a choice of CodeableConcept or ref(Condition) in DSTU2, and limited to one reason (pick a type). In STU3 and R4, there can be multiple reason codes, and multiple reason references, simultaneously.\n\nPreference is given to using the National Library of Medicine (NLM) RxNorm terminology for medications. RxNorm is a coding standard established by the Office of the National Coordinator (ONC). However, RxNorm is restricted to FDA-approved drugs and does not include clinical trial drugs. MedicationStatement allows for the inclusion of other coding systems like the NCI Thesaurus (NCIT) to represent clinical trial oncology drugs.","min":0,"max":"*","base":{"path":"shr-core-MedicationStatement-model","min":0,"max":"*"},"mustSupport":false,"isModifier":false,"isSummary":false},{"id":"shr-core-MedicationStatement-model.metadata","path":"shr-core-MedicationStatement-model.metadata","short":"Elements that belong to all information items.","definition":"Elements that belong to all information items.","min":0,"max":"1","base":{"path":"shr-core-MedicationStatement-model.metadata","min":0,"max":"1"},"type":[{"code":"http://hl7.org/fhir/us/shr/StructureDefinition/shr-core-Metadata-model"}],"mustSupport":false,"isModifier":false,"isSummary":false},{"id":"shr-core-MedicationStatement-model.language","path":"shr-core-MedicationStatement-model.language","short":"A human language, spoken or written.","definition":"A human language, spoken or written.","min":0,"max":"1","base":{"path":"shr-core-MedicationStatement-model.language","min":0,"max":"1"},"type":[{"code":"Coding"}],"mustSupport":false,"isModifier":false,"isSummary":false},{"id":"shr-core-MedicationStatement-model.implicitRules","path":"shr-core-MedicationStatement-model.implicitRules","short":"A set of rules under which this content was created","definition":"A set of rules under which this content was created","min":0,"max":"1","base":{"path":"shr-core-MedicationStatement-model.implicitRules","min":0,"max":"1"},"type":[{"code":"uri"}],"mustSupport":false,"isModifier":false,"isSummary":false},{"id":"shr-core-MedicationStatement-model.narrative","path":"shr-core-MedicationStatement-model.narrative","short":"A human-readable narrative, potentially including images, that contains a summary of the resource, and may be used to represent the content of the resource to a human.","definition":"A human-readable narrative, potentially including images, that contains a summary of the resource, and may be used to represent the content of the resource to a human.","min":0,"max":"1","base":{"path":"shr-core-MedicationStatement-model.narrative","min":0,"max":"1"},"type":[{"code":"http://hl7.org/fhir/us/shr/StructureDefinition/shr-core-Narrative-model"}],"mustSupport":false,"isModifier":false,"isSummary":false},{"id":"shr-core-MedicationStatement-model.status","path":"shr-core-MedicationStatement-model.status","short":"A state that relates to the workflow or interpretation of this resource. Certain status values can modify the meaning of the resource, for example, entered-in-error. When a boolean value is used, Status of true indicates the record is active, false means inactive.","definition":"A state that relates to the workflow or interpretation of this resource. Certain status values can modify the meaning of the resource, for example, entered-in-error. When a boolean value is used, Status of true indicates the record is active, false means inactive.","min":1,"max":"1","base":{"path":"shr-core-MedicationStatement-model.status","min":1,"max":"1"},"type":[{"code":"Coding"}],"mustSupport":false,"isModifier":false,"isSummary":false,"binding":{"strength":"required","valueSetReference":{"reference":"http://hl7.org/fhir/ValueSet/medication-statement-status"}}},{"id":"shr-core-MedicationStatement-model.statusReason","path":"shr-core-MedicationStatement-model.statusReason","short":"Captures the reason for the current state of the procedure.","definition":"Captures the reason for the current state of the procedure.","min":0,"max":"*","base":{"path":"shr-core-MedicationStatement-model.statusReason","min":0,"max":"*"},"type":[{"code":"Coding"}],"mustSupport":false,"isModifier":false,"isSummary":false},{"id":"shr-core-MedicationStatement-model.identifier","path":"shr-core-MedicationStatement-model.identifier","short":"Business identifier or external id for this resource.","definition":"Business identifier or external id for this resource.","min":0,"max":"*","base":{"path":"shr-core-MedicationStatement-model.identifier","min":0,"max":"*"},"type":[{"code":"http://hl7.org/fhir/us/shr/StructureDefinition/shr-core-Identifier-model"}],"mustSupport":false,"isModifier":false,"isSummary":false},{"id":"shr-core-MedicationStatement-model.subjectOfRecord","path":"shr-core-MedicationStatement-model.subjectOfRecord","code":[{"system":"http://ncimeta.nci.nih.gov","code":"C1299487"}],"short":"The subject of a clinical statement, often called the Patient or the Subject. The SubjectOfRecord typically identifies the clinical record in which this statement is contained. If the statement should be in John Doe's patient record, then John Doe is the subject of record. When there is no patient, the SubjectOfRecord can also be a location, group, or other entity that statement pertains to. For example, observations concerning a hospital ward would have a Location as the SubjectOfRecord.","definition":"The subject of a clinical statement, often called the Patient or the Subject. The SubjectOfRecord typically identifies the clinical record in which this statement is contained. If the statement should be in John Doe's patient record, then John Doe is the subject of record. When there is no patient, the SubjectOfRecord can also be a location, group, or other entity that statement pertains to. For example, observations concerning a hospital ward would have a Location as the SubjectOfRecord.\n\nNote that the word 'Subject' is used here in the sense of a person or entity subjected to observations or actions, not subject as in a conceptual topic, like heart disease.","min":1,"max":"1","base":{"path":"shr-core-MedicationStatement-model.subjectOfRecord","min":1,"max":"1"},"type":[{"code":"Reference","targetProfile":"http://hl7.org/fhir/us/shr/StructureDefinition/shr-core-Patient-model"}],"mustSupport":false,"isModifier":false,"isSummary":false},{"id":"shr-core-MedicationStatement-model.careContext[x]","path":"shr-core-MedicationStatement-model.careContext[x]","short":"The encounter or episode of care","definition":"The encounter or episode of care","min":0,"max":"1","base":{"path":"shr-core-MedicationStatement-model.careContext[x]","min":0,"max":"1"},"type":[{"code":"Reference","targetProfile":"http://hl7.org/fhir/us/shr/StructureDefinition/shr-core-Encounter-model"},{"code":"Reference","targetProfile":"http://hl7.org/fhir/us/shr/StructureDefinition/shr-core-EpisodeOfCare-model"}],"mustSupport":false,"isModifier":false,"isSummary":false},{"id":"shr-core-MedicationStatement-model.statementDateTime","path":"shr-core-MedicationStatement-model.statementDateTime","code":[{"system":"http://ncimeta.nci.nih.gov","code":"C3669169"}],"short":"The point in time when the statement was created.","definition":"The point in time when the statement was created.","min":1,"max":"1","base":{"path":"shr-core-MedicationStatement-model.statementDateTime","min":1,"max":"1"},"type":[{"code":"dateTime"}],"mustSupport":false,"isModifier":false,"isSummary":false},{"id":"shr-core-MedicationStatement-model.reasonCode","path":"shr-core-MedicationStatement-model.reasonCode","code":[{"system":"http://ncimeta.nci.nih.gov","code":"C0566251"}],"short":"The explanation or justification for the current item or action, as a code.","definition":"The explanation or justification for the current item or action, as a code.\nReason is a string or CodeableConcept in DSTU2 but in later versions only a CodeableConcept.","min":0,"max":"1","base":{"path":"shr-core-MedicationStatement-model.reasonCode","min":0,"max":"1"},"type":[{"code":"Coding"}],"mustSupport":false,"isModifier":false,"isSummary":false},{"id":"shr-core-MedicationStatement-model.medicationReasonReference[x]","path":"shr-core-MedicationStatement-model.medicationReasonReference[x]","slicing":{"discriminator":[{"type":"type","path":"$this"}],"ordered":false,"rules":"open"},"short":"Condition or observation that supports why the medication is being/was taken","definition":"Condition or observation that supports why the medication is being/was taken","min":0,"max":"1","base":{"path":"shr-core-MedicationStatement-model.medicationReasonReference[x]","min":0,"max":"1"},"type":[{"code":"Reference","targetProfile":"http://hl7.org/fhir/us/shr/StructureDefinition/shr-core-Condition-model"},{"code":"Reference","targetProfile":"http://hl7.org/fhir/us/shr/StructureDefinition/shr-core-Observation-model"},{"code":"Reference","targetProfile":"http://hl7.org/fhir/us/shr/StructureDefinition/shr-core-DiagnosticReport-model"}],"mustSupport":false,"isModifier":false,"isSummary":false},{"id":"shr-core-MedicationStatement-model.medicationReasonReferenceShr-core-Condition-model:Condition","path":"shr-core-MedicationStatement-model.medicationReasonReferenceShr-core-Condition-model","sliceName":"Condition","short":"A condition that is or may be present in a subject. 'Condition' is interpreted broadly and could be a disorder, abnormality, problem, injury, complaint, functionality, illness, disease, ailment, sickness, affliction, upset, difficulty, disorder, symptom, worry, or trouble.","definition":"A condition that is or may be present in a subject. 'Condition' is interpreted broadly and could be a disorder, abnormality, problem, injury, complaint, functionality, illness, disease, ailment, sickness, affliction, upset, difficulty, disorder, symptom, worry, or trouble.\nThe Observation-based class, ConditionAbsent, should be used to describe conditions that are not present or negative findings.\nSHR Condition uses the SHR BodyLocation structure that includes not only a code, but optional laterality, direction, clock direction, and distance. If included, the distance is measured from the location specified by the code, laterality, and direction.","min":1,"max":"1","base":{"path":"shr-core-MedicationStatement-model.medicationReasonReference[x]","min":0,"max":"1"},"type":[{"code":"Reference","targetProfile":"http://hl7.org/fhir/us/shr/StructureDefinition/shr-core-Condition-model"}],"mustSupport":false,"isModifier":false,"isSummary":false},{"id":"shr-core-MedicationStatement-model.medicationReasonReferenceShr-core-Observation-model:Observation","path":"shr-core-MedicationStatement-model.medicationReasonReferenceShr-core-Observation-model","sliceName":"Observation","short":"Represents the result of evaluations (measurements, tests, or questions) that have been performed.","definition":"Represents the result of evaluations (measurements, tests, or questions) that have been performed.\nObservation has a value representing the result (answer), or an DataAbsentReason indicating why the value is not present. Things observed about the subject can include social and behavioral factors, subjective and objective observations, and assessments.\nFor an Observation, the Code describes the aspect or property of the subject being observed or measured. The Code is the 'question code' that pairs to the 'answer' contained in the Value.","min":1,"max":"1","base":{"path":"shr-core-MedicationStatement-model.medicationReasonReference[x]","min":0,"max":"1"},"type":[{"code":"Reference","targetProfile":"http://hl7.org/fhir/us/shr/StructureDefinition/shr-core-Observation-model"}],"mustSupport":false,"isModifier":false,"isSummary":false},{"id":"shr-core-MedicationStatement-model.medicationReasonReferenceShr-core-DiagnosticReport-model:DiagnosticReport","path":"shr-core-MedicationStatement-model.medicationReasonReferenceShr-core-DiagnosticReport-model","sliceName":"DiagnosticReport","short":"DiagnosticReport","definition":"DiagnosticReport","min":1,"max":"1","base":{"path":"shr-core-MedicationStatement-model.medicationReasonReference[x]","min":0,"max":"1"},"type":[{"code":"Reference","targetProfile":"http://hl7.org/fhir/us/shr/StructureDefinition/shr-core-DiagnosticReport-model"}],"mustSupport":false,"isModifier":false,"isSummary":false},{"id":"shr-core-MedicationStatement-model.medicationBasedOn[x]","path":"shr-core-MedicationStatement-model.medicationBasedOn[x]","slicing":{"discriminator":[{"type":"type","path":"$this"}],"ordered":false,"rules":"open"},"short":"MedicationBasedOn","definition":"MedicationBasedOn","min":0,"max":"*","base":{"path":"shr-core-MedicationStatement-model.medicationBasedOn[x]","min":0,"max":"*"},"type":[{"code":"Reference","targetProfile":"http://hl7.org/fhir/us/shr/StructureDefinition/shr-core-ServiceRequest-model"},{"code":"Reference","targetProfile":"http://hl7.org/fhir/us/shr/StructureDefinition/shr-core-MedicationRequest-model"},{"code":"Reference","targetProfile":"http://hl7.org/fhir/us/shr/StructureDefinition/shr-core-ReferralRequest-model"},{"code":"Reference","targetProfile":"http://hl7.org/fhir/us/shr/StructureDefinition/shr-core-ProcedureRequest-model"}],"mustSupport":false,"isModifier":false,"isSummary":false},{"id":"shr-core-MedicationStatement-model.medicationBasedOnShr-core-ServiceRequest-model:ServiceRequest","path":"shr-core-MedicationStatement-model.medicationBasedOnShr-core-ServiceRequest-model","sliceName":"ServiceRequest","short":"A record of a request for service such as diagnostic investigations, treatments, or operations to be performed.","definition":"A record of a request for service such as diagnostic investigations, treatments, or operations to be performed.","min":1,"max":"1","base":{"path":"shr-core-MedicationStatement-model.medicationBasedOn[x]","min":0,"max":"*"},"type":[{"code":"Reference","targetProfile":"http://hl7.org/fhir/us/shr/StructureDefinition/shr-core-ServiceRequest-model"}],"mustSupport":false,"isModifier":false,"isSummary":false},{"id":"shr-core-MedicationStatement-model.medicationBasedOnShr-core-MedicationRequest-model:MedicationRequest","path":"shr-core-MedicationStatement-model.medicationBasedOnShr-core-MedicationRequest-model","sliceName":"MedicationRequest","short":"An order for a medication to be dispensed and instructions for use.","definition":"An order for a medication to be dispensed and instructions for use.\nValue sets for status are in direct conflict between DSTU2 Argonaut and STU3 US-Core.\nCategory does not exist in DSTU2 and is provided as an extension.\nIntent was added in STU3 and is provided as an extension with required binding.","min":1,"max":"1","base":{"path":"shr-core-MedicationStatement-model.medicationBasedOn[x]","min":0,"max":"*"},"type":[{"code":"Reference","targetProfile":"http://hl7.org/fhir/us/shr/StructureDefinition/shr-core-MedicationRequest-model"}],"mustSupport":false,"isModifier":false,"isSummary":false},{"id":"shr-core-MedicationStatement-model.medicationBasedOnShr-core-ReferralRequest-model:ReferralRequest","path":"shr-core-MedicationStatement-model.medicationBasedOnShr-core-ReferralRequest-model","sliceName":"ReferralRequest","short":"Used to record and send details about a request for referral service or transfer of a patient to the care of another provider or provider organization.","definition":"Used to record and send details about a request for referral service or transfer of a patient to the care of another provider or provider organization.","min":1,"max":"1","base":{"path":"shr-core-MedicationStatement-model.medicationBasedOn[x]","min":0,"max":"*"},"type":[{"code":"Reference","targetProfile":"http://hl7.org/fhir/us/shr/StructureDefinition/shr-core-ReferralRequest-model"}],"mustSupport":false,"isModifier":false,"isSummary":false},{"id":"shr-core-MedicationStatement-model.medicationBasedOnShr-core-ProcedureRequest-model:ProcedureRequest","path":"shr-core-MedicationStatement-model.medicationBasedOnShr-core-ProcedureRequest-model","sliceName":"ProcedureRequest","short":"A request for a procedure to be performed. May be a proposal or an order.","definition":"A request for a procedure to be performed. May be a proposal or an order.","min":1,"max":"1","base":{"path":"shr-core-MedicationStatement-model.medicationBasedOn[x]","min":0,"max":"*"},"type":[{"code":"Reference","targetProfile":"http://hl7.org/fhir/us/shr/StructureDefinition/shr-core-ProcedureRequest-model"}],"mustSupport":false,"isModifier":false,"isSummary":false},{"id":"shr-core-MedicationStatement-model.occurrenceTimeOrPeriod[x]","path":"shr-core-MedicationStatement-model.occurrenceTimeOrPeriod[x]","short":"The point or period of time when the event takes place. Times can be precise (dateTime) or approximate (date). If a time period is used, and the start date or dateTime is missing, the start of the period is not known. If the end date or dateTime is missing, it means that the period is ongoing.","definition":"The point or period of time when the event takes place. Times can be precise (dateTime) or approximate (date). If a time period is used, and the start date or dateTime is missing, the start of the period is not known. If the end date or dateTime is missing, it means that the period is ongoing.","min":1,"max":"1","base":{"path":"shr-core-MedicationStatement-model.occurrenceTimeOrPeriod[x]","min":1,"max":"1"},"type":[{"code":"date"},{"code":"dateTime"},{"code":"http://hl7.org/fhir/us/shr/StructureDefinition/shr-core-TimePeriod-model"}],"mustSupport":false,"isModifier":false,"isSummary":false},{"id":"shr-core-MedicationStatement-model.participation","path":"shr-core-MedicationStatement-model.participation","short":"Record of someone or something involvement in an activity or event.","definition":"Record of someone or something involvement in an activity or event.","min":0,"max":"0","base":{"path":"shr-core-MedicationStatement-model.participation","min":0,"max":"0"},"type":[{"code":"http://hl7.org/fhir/us/shr/StructureDefinition/shr-core-Participation-model"}],"mustSupport":false,"isModifier":false,"isSummary":false},{"id":"shr-core-MedicationStatement-model.method","path":"shr-core-MedicationStatement-model.method","short":"The technique used to carry out an action, for example, the specific imaging technical or assessment vehicle.","definition":"The technique used to carry out an action, for example, the specific imaging technical or assessment vehicle.","min":0,"max":"0","base":{"path":"shr-core-MedicationStatement-model.method","min":0,"max":"0"},"type":[{"code":"Coding"}],"mustSupport":false,"isModifier":false,"isSummary":false},{"id":"shr-core-MedicationStatement-model.medicationCodeOrReference[x]","path":"shr-core-MedicationStatement-model.medicationCodeOrReference[x]","slicing":{"discriminator":[{"type":"type","path":"$this"}],"ordered":false,"rules":"open"},"short":"A choice of a medication code or reference.","definition":"A choice of a medication code or reference.","min":1,"max":"1","base":{"path":"shr-core-MedicationStatement-model.medicationCodeOrReference[x]","min":1,"max":"1"},"type":[{"code":"Coding"},{"code":"Reference","targetProfile":"http://hl7.org/fhir/us/shr/StructureDefinition/shr-core-Medication-model"}],"mustSupport":false,"isModifier":false,"isSummary":false},{"id":"shr-core-MedicationStatement-model.medicationCodeOrReferenceCoding:CodeableConcept","path":"shr-core-MedicationStatement-model.medicationCodeOrReferenceCoding","sliceName":"CodeableConcept","short":"A set of codes drawn from different coding systems, representing the same concept.","definition":"A set of codes drawn from different coding systems, representing the same concept.","min":1,"max":"1","base":{"path":"shr-core-MedicationStatement-model.medicationCodeOrReference[x]","min":1,"max":"1"},"type":[{"code":"Coding"}],"mustSupport":false,"isModifier":false,"isSummary":false,"binding":{"strength":"extensible","valueSetReference":{"reference":"http://h7.org/fhir/us/core/ValueSet/us-core-medication-codes"}}},{"id":"shr-core-MedicationStatement-model.dosage","path":"shr-core-MedicationStatement-model.dosage","short":"The dosage of the medication. The data structure is flexible and can describe a dosage prescribed, administered, or reported.","definition":"The dosage of the medication. The data structure is flexible and can describe a dosage prescribed, administered, or reported.","min":0,"max":"1","base":{"path":"shr-core-MedicationStatement-model.dosage","min":0,"max":"1"},"type":[{"code":"http://hl7.org/fhir/us/shr/StructureDefinition/shr-core-Dosage-model"}],"mustSupport":false,"isModifier":false,"isSummary":false},{"id":"shr-core-MedicationStatement-model.medicationStatementPartOf[x]","path":"shr-core-MedicationStatement-model.medicationStatementPartOf[x]","slicing":{"discriminator":[{"type":"type","path":"$this"}],"ordered":false,"rules":"open"},"short":"A larger event of which this particular event is a component or step.","definition":"A larger event of which this particular event is a component or step.","min":0,"max":"*","base":{"path":"shr-core-MedicationStatement-model.medicationStatementPartOf[x]","min":0,"max":"*"},"type":[{"code":"Reference","targetProfile":"http://hl7.org/fhir/us/shr/StructureDefinition/shr-core-MedicationAdministration-model"},{"code":"Reference","targetProfile":"http://hl7.org/fhir/us/shr/StructureDefinition/shr-core-MedicationDispense-model"},{"code":"Reference","targetProfile":"http://hl7.org/fhir/us/shr/StructureDefinition/shr-core-MedicationStatement-model"},{"code":"Reference","targetProfile":"http://hl7.org/fhir/us/shr/StructureDefinition/shr-core-Procedure-model"},{"code":"Reference","targetProfile":"http://hl7.org/fhir/us/shr/StructureDefinition/shr-core-Observation-model"}],"mustSupport":false,"isModifier":false,"isSummary":false},{"id":"shr-core-MedicationStatement-model.medicationStatementPartOfShr-core-MedicationAdministration-model:MedicationAdministration","path":"shr-core-MedicationStatement-model.medicationStatementPartOfShr-core-MedicationAdministration-model","sliceName":"MedicationAdministration","short":"A record of the use of a medication. If the medication is given as part of a course of treatment, the PartOf attribute should refer to the CourseOfTreatment.","definition":"A record of the use of a medication. If the medication is given as part of a course of treatment, the PartOf attribute should refer to the CourseOfTreatment.\nAlthough FHIR MedicationAdministration supports date of administration, information source, performer, it lacks common provenance elements, statement creation date, author, and recorder. These are supported as optional extensions.\nFHIR DSTU2 lacks a category attribute, which is provided as an extension in that version.\nSHR does not allow the 'not given' attributes from DSTU2 and STU3, since they are dropped in R4. The status element is used to document medications not given.","min":1,"max":"1","base":{"path":"shr-core-MedicationStatement-model.medicationStatementPartOf[x]","min":0,"max":"*"},"type":[{"code":"Reference","targetProfile":"http://hl7.org/fhir/us/shr/StructureDefinition/shr-core-MedicationAdministration-model"}],"mustSupport":false,"isModifier":false,"isSummary":false},{"id":"shr-core-MedicationStatement-model.medicationStatementPartOfShr-core-MedicationDispense-model:MedicationDispense","path":"shr-core-MedicationStatement-model.medicationStatementPartOfShr-core-MedicationDispense-model","sliceName":"MedicationDispense","short":"Indicates that a medication product has been dispensed for a named person/patient. This includes a description of the medication product (supply) provided and the instructions for administering the medication. The medication dispense is the result of a pharmacy system responding to a medication order.","definition":"Indicates that a medication product has been dispensed for a named person/patient. This includes a description of the medication product (supply) provided and the instructions for administering the medication. The medication dispense is the result of a pharmacy system responding to a medication order.","min":1,"max":"1","base":{"path":"shr-core-MedicationStatement-model.medicationStatementPartOf[x]","min":0,"max":"*"},"type":[{"code":"Reference","targetProfile":"http://hl7.org/fhir/us/shr/StructureDefinition/shr-core-MedicationDispense-model"}],"mustSupport":false,"isModifier":false,"isSummary":false},{"id":"shr-core-MedicationStatement-model.medicationStatementPartOfShr-core-MedicationStatement-model:MedicationStatement","path":"shr-core-MedicationStatement-model.medicationStatementPartOfShr-core-MedicationStatement-model","sliceName":"MedicationStatement","short":"A record of the use of a medication. The use may be reported by the patient or clinician and adminstration does not have to be directly observed.","definition":"A record of the use of a medication. The use may be reported by the patient or clinician and adminstration does not have to be directly observed.\n\nFHIR Notes:\n\nAlthough FHIR supports the asserter (information source) and date asserted, it does not have a place for the author (who created and is responsible for the statement) and recorder (who entered the statement). Extensions are provided.\n\nThe treatment of 'not taken' has changed from DSTU2 and STU3 to R4. In R4, status and statusReason are used to indicate medications not taken. For upward compatibility, the 'not taken' attributes are profiled out.\nReasonCode is a choice of CodeableConcept or ref(Condition) in DSTU2, and limited to one reason (pick a type). In STU3 and R4, there can be multiple reason codes, and multiple reason references, simultaneously.\n\nPreference is given to using the National Library of Medicine (NLM) RxNorm terminology for medications. RxNorm is a coding standard established by the Office of the National Coordinator (ONC). However, RxNorm is restricted to FDA-approved drugs and does not include clinical trial drugs. MedicationStatement allows for the inclusion of other coding systems like the NCI Thesaurus (NCIT) to represent clinical trial oncology drugs.","min":1,"max":"1","base":{"path":"shr-core-MedicationStatement-model.medicationStatementPartOf[x]","min":0,"max":"*"},"type":[{"code":"Reference","targetProfile":"http://hl7.org/fhir/us/shr/StructureDefinition/shr-core-MedicationStatement-model"}],"mustSupport":false,"isModifier":false,"isSummary":false},{"id":"shr-core-MedicationStatement-model.medicationStatementPartOfShr-core-Procedure-model:Procedure","path":"shr-core-MedicationStatement-model.medicationStatementPartOfShr-core-Procedure-model","sliceName":"Procedure","short":"An action that is or was performed on or for a patient. This can be a physical intervention like an operation, or less invasive like long term services, counseling, or hypnotherapy.","definition":"An action that is or was performed on or for a patient. This can be a physical intervention like an operation, or less invasive like long term services, counseling, or hypnotherapy.","min":1,"max":"1","base":{"path":"shr-core-MedicationStatement-model.medicationStatementPartOf[x]","min":0,"max":"*"},"type":[{"code":"Reference","targetProfile":"http://hl7.org/fhir/us/shr/StructureDefinition/shr-core-Procedure-model"}],"mustSupport":false,"isModifier":false,"isSummary":false},{"id":"shr-core-MedicationStatement-model.medicationStatementPartOfShr-core-Observation-model:Observation","path":"shr-core-MedicationStatement-model.medicationStatementPartOfShr-core-Observation-model","sliceName":"Observation","short":"Represents the result of evaluations (measurements, tests, or questions) that have been performed.","definition":"Represents the result of evaluations (measurements, tests, or questions) that have been performed.\nObservation has a value representing the result (answer), or an DataAbsentReason indicating why the value is not present. Things observed about the subject can include social and behavioral factors, subjective and objective observations, and assessments.\nFor an Observation, the Code describes the aspect or property of the subject being observed or measured. The Code is the 'question code' that pairs to the 'answer' contained in the Value.","min":1,"max":"1","base":{"path":"shr-core-MedicationStatement-model.medicationStatementPartOf[x]","min":0,"max":"*"},"type":[{"code":"Reference","targetProfile":"http://hl7.org/fhir/us/shr/StructureDefinition/shr-core-Observation-model"}],"mustSupport":false,"isModifier":false,"isSummary":false},{"id":"shr-core-MedicationStatement-model.category","path":"shr-core-MedicationStatement-model.category","short":"The general type or class of this item.","definition":"The general type or class of this item.","min":0,"max":"1","base":{"path":"shr-core-MedicationStatement-model.category","min":0,"max":"1"},"type":[{"code":"Coding"}],"mustSupport":false,"isModifier":false,"isSummary":false,"binding":{"strength":"preferred","valueSetReference":{"reference":"http://hl7.org/fhir/ValueSet/medication-statement-category"}}},{"id":"shr-core-MedicationStatement-model.medicationInformationSource[x]","path":"shr-core-MedicationStatement-model.medicationInformationSource[x]","short":"The informant for this medication statement.","definition":"The informant for this medication statement.","min":0,"max":"1","base":{"path":"shr-core-MedicationStatement-model.medicationInformationSource[x]","min":0,"max":"1"},"type":[{"code":"Reference","targetProfile":"http://hl7.org/fhir/us/shr/StructureDefinition/shr-core-Patient-model"},{"code":"Reference","targetProfile":"http://hl7.org/fhir/us/shr/StructureDefinition/shr-core-Practitioner-model"},{"code":"Reference","targetProfile":"http://hl7.org/fhir/us/shr/StructureDefinition/shr-core-RelatedPerson-model"},{"code":"Reference","targetProfile":"http://hl7.org/fhir/us/shr/StructureDefinition/shr-core-Organization-model"}],"mustSupport":false,"isModifier":false,"isSummary":false},{"id":"shr-core-MedicationStatement-model.derivedFrom","path":"shr-core-MedicationStatement-model.derivedFrom","short":"Indicates the source of information in the case the Entry has been created by logical extension or modification of one or more source entries.","definition":"Indicates the source of information in the case the Entry has been created by logical extension or modification of one or more source entries.","min":0,"max":"*","base":{"path":"shr-core-MedicationStatement-model.derivedFrom","min":0,"max":"*"},"type":[{"code":"Reference","targetProfile":"http://hl7.org/fhir/us/shr/StructureDefinition/shr-core-DomainResource-model"}],"mustSupport":false,"isModifier":false,"isSummary":false},{"id":"shr-core-MedicationStatement-model.annotation","path":"shr-core-MedicationStatement-model.annotation","short":"An added or follow-up note, often after the fact, that contains metadata about who made the statement and when.","definition":"An added or follow-up note, often after the fact, that contains metadata about who made the statement and when.","min":0,"max":"*","base":{"path":"shr-core-MedicationStatement-model.annotation","min":0,"max":"*"},"type":[{"code":"http://hl7.org/fhir/us/shr/StructureDefinition/shr-core-Annotation-model"}],"mustSupport":false,"isModifier":false,"isSummary":false},{"id":"shr-core-MedicationStatement-model.treatmentIntent","path":"shr-core-MedicationStatement-model.treatmentIntent","code":[{"system":"http://snomed.info/sct","code":"395077000","display":"Treatment intent (situation)"}],"short":"The purpose of a treatment.","definition":"The purpose of a treatment.","min":0,"max":"1","base":{"path":"shr-core-MedicationStatement-model.treatmentIntent","min":0,"max":"1"},"type":[{"code":"Coding"}],"mustSupport":false,"isModifier":false,"isSummary":false,"binding":{"strength":"required","valueSetReference":{"reference":"http://hl7.org/fhir/us/shrcore/shr/core/vs/TreatmentIntentVS"}}},{"id":"shr-core-MedicationStatement-model.terminationReason","path":"shr-core-MedicationStatement-model.terminationReason","short":"A code explaining unplanned or premature termination of a plan of treatment, course of medication, or research study.","definition":"A code explaining unplanned or premature termination of a plan of treatment, course of medication, or research study.","min":0,"max":"*","base":{"path":"shr-core-MedicationStatement-model.terminationReason","min":0,"max":"*"},"type":[{"code":"Coding"}],"mustSupport":false,"isModifier":false,"isSummary":false,"binding":{"strength":"required","valueSetReference":{"reference":"http://hl7.org/fhir/us/shrcore/shr/core/vs/TreatmentTerminationReasonVS"}}}]}}