{"resourceType":"StructureDefinition","id":"shr-core-EncounterClass-model","text":{"status":"generated","div":"<div xmlns=\"http://www.w3.org/1999/xhtml\">\n  <p><b>EncounterClass Logical Model</b></p>\n  <p>Concepts representing classification of patient encounter such as ambulatory (outpatient), inpatient, emergency, home health or others due to local variations.</p>\n</div>"},"url":"http://hl7.org/fhir/us/shr/StructureDefinition/shr-core-EncounterClass-model","identifier":[{"system":"http://hl7.org/fhir/us/shrcore","value":"shr.core.EncounterClass"}],"version":"0.5.0","name":"EncounterClass","title":"shr-core-EncounterClass","status":"draft","date":"2019-05-01T00:00:00-04:00","publisher":"The MITRE Corporation","contact":[{"telecom":[{"system":"url","value":"http://www.standardhealthrecord.org"}]}],"description":"Concepts representing classification of patient encounter such as ambulatory (outpatient), inpatient, emergency, home health or others due to local variations.","fhirVersion":"3.0.1","kind":"logical","abstract":false,"type":"shr-core-EncounterClass-model","baseDefinition":"http://hl7.org/fhir/StructureDefinition/Element","derivation":"specialization","snapshot":{"element":[{"id":"shr-core-EncounterClass-model","path":"shr-core-EncounterClass-model","definition":"Concepts representing classification of patient encounter such as ambulatory (outpatient), inpatient, emergency, home health or others due to local variations.","min":0,"max":"*","base":{"path":"shr-core-EncounterClass-model","min":0,"max":"*"},"mustSupport":false,"isModifier":false,"isSummary":false},{"id":"shr-core-EncounterClass-model.value","path":"shr-core-EncounterClass-model.value","short":"Code representing concepts representing classification of patient encounter such as ambulatory (outpatient), inpatient, emergency, home health or others due to local variations.","definition":"Code representing concepts representing classification of patient encounter such as ambulatory (outpatient), inpatient, emergency, home health or others due to local variations.","min":1,"max":"1","base":{"path":"shr-core-EncounterClass-model.value","min":1,"max":"1"},"type":[{"code":"Coding"}],"mustSupport":false,"isModifier":false,"isSummary":false}]},"differential":{"element":[{"id":"shr-core-EncounterClass-model","path":"shr-core-EncounterClass-model","definition":"Concepts representing classification of patient encounter such as ambulatory (outpatient), inpatient, emergency, home health or others due to local variations.","min":0,"max":"*","base":{"path":"shr-core-EncounterClass-model","min":0,"max":"*"},"mustSupport":false,"isModifier":false,"isSummary":false},{"id":"shr-core-EncounterClass-model.value","path":"shr-core-EncounterClass-model.value","short":"Code representing concepts representing classification of patient encounter such as ambulatory (outpatient), inpatient, emergency, home health or others due to local variations.","definition":"Code representing concepts representing classification of patient encounter such as ambulatory (outpatient), inpatient, emergency, home health or others due to local variations.","min":1,"max":"1","base":{"path":"shr-core-EncounterClass-model.value","min":1,"max":"1"},"type":[{"code":"Coding"}],"mustSupport":false,"isModifier":false,"isSummary":false}]}}