{"resourceType":"StructureDefinition","id":"shr-core-ExcludeCodes-model","text":{"status":"generated","div":"<div xmlns=\"http://www.w3.org/1999/xhtml\">\n  <p><b>ExcludeCodes Logical Model</b></p>\n  <p>Exclude one or more codes from the value set based on code system filters and/or other value sets.</p>\n</div>"},"url":"http://hl7.org/fhir/us/shr/StructureDefinition/shr-core-ExcludeCodes-model","identifier":[{"system":"http://hl7.org/fhir/us/shrcore","value":"shr.core.ExcludeCodes"}],"version":"0.6.0","name":"ExcludeCodes","title":"shr-core-ExcludeCodes","status":"draft","date":"2019-05-07T00:00:00-04:00","publisher":"The MITRE Corporation","contact":[{"telecom":[{"system":"url","value":"http://www.standardhealthrecord.org"}]}],"description":"Exclude one or more codes from the value set based on code system filters and/or other value sets.","fhirVersion":"3.0.1","kind":"logical","abstract":false,"type":"shr-core-ExcludeCodes-model","baseDefinition":"http://hl7.org/fhir/StructureDefinition/Element","derivation":"specialization","snapshot":{"element":[{"id":"shr-core-ExcludeCodes-model","path":"shr-core-ExcludeCodes-model","definition":"Exclude one or more codes from the value set based on code system filters and/or other value sets.","min":0,"max":"*","base":{"path":"shr-core-ExcludeCodes-model","min":0,"max":"*"},"mustSupport":false,"isModifier":false,"isSummary":false},{"id":"shr-core-ExcludeCodes-model.value","path":"shr-core-ExcludeCodes-model.value","short":"CodeSet representing exclude one or more codes from the value set based on code system filters and/or other value sets.","definition":"CodeSet representing exclude one or more codes from the value set based on code system filters and/or other value sets.","min":1,"max":"1","base":{"path":"shr-core-ExcludeCodes-model.value","min":1,"max":"1"},"type":[{"code":"http://hl7.org/fhir/us/shr/StructureDefinition/shr-core-CodeSet-model"}],"mustSupport":false,"isModifier":false,"isSummary":false}]},"differential":{"element":[{"id":"shr-core-ExcludeCodes-model","path":"shr-core-ExcludeCodes-model","definition":"Exclude one or more codes from the value set based on code system filters and/or other value sets.","min":0,"max":"*","base":{"path":"shr-core-ExcludeCodes-model","min":0,"max":"*"},"mustSupport":false,"isModifier":false,"isSummary":false},{"id":"shr-core-ExcludeCodes-model.value","path":"shr-core-ExcludeCodes-model.value","short":"CodeSet representing exclude one or more codes from the value set based on code system filters and/or other value sets.","definition":"CodeSet representing exclude one or more codes from the value set based on code system filters and/or other value sets.","min":1,"max":"1","base":{"path":"shr-core-ExcludeCodes-model.value","min":1,"max":"1"},"type":[{"code":"http://hl7.org/fhir/us/shr/StructureDefinition/shr-core-CodeSet-model"}],"mustSupport":false,"isModifier":false,"isSummary":false}]}}