{"resourceType":"StructureDefinition","id":"shr-core-Denominator-model","text":{"status":"generated","div":"<div xmlns=\"http://www.w3.org/1999/xhtml\">\n  <p><b>Denominator Logical Model</b></p>\n  <p>The divisor of a fraction.</p>\n</div>"},"url":"http://hl7.org/fhir/us/shr/StructureDefinition/shr-core-Denominator-model","identifier":[{"system":"http://hl7.org/fhir/us/shrcore","value":"shr.core.Denominator"}],"version":"0.5.0","name":"Denominator","title":"shr-core-Denominator","status":"draft","date":"2019-05-01T00:00:00-04:00","publisher":"The MITRE Corporation","contact":[{"telecom":[{"system":"url","value":"http://www.standardhealthrecord.org"}]}],"description":"The divisor of a fraction.","fhirVersion":"3.0.1","kind":"logical","abstract":false,"type":"shr-core-Denominator-model","baseDefinition":"http://hl7.org/fhir/StructureDefinition/Element","derivation":"specialization","snapshot":{"element":[{"id":"shr-core-Denominator-model","path":"shr-core-Denominator-model","definition":"The divisor of a fraction.","min":0,"max":"*","base":{"path":"shr-core-Denominator-model","min":0,"max":"*"},"mustSupport":false,"isModifier":false,"isSummary":false},{"id":"shr-core-Denominator-model.value","path":"shr-core-Denominator-model.value","short":"Quantity representing the divisor of a fraction.","definition":"Quantity representing the divisor of a fraction.","min":1,"max":"1","base":{"path":"shr-core-Denominator-model.value","min":1,"max":"1"},"type":[{"code":"http://hl7.org/fhir/us/shr/StructureDefinition/shr-core-Quantity-model"}],"mustSupport":false,"isModifier":false,"isSummary":false}]},"differential":{"element":[{"id":"shr-core-Denominator-model","path":"shr-core-Denominator-model","definition":"The divisor of a fraction.","min":0,"max":"*","base":{"path":"shr-core-Denominator-model","min":0,"max":"*"},"mustSupport":false,"isModifier":false,"isSummary":false},{"id":"shr-core-Denominator-model.value","path":"shr-core-Denominator-model.value","short":"Quantity representing the divisor of a fraction.","definition":"Quantity representing the divisor of a fraction.","min":1,"max":"1","base":{"path":"shr-core-Denominator-model.value","min":1,"max":"1"},"type":[{"code":"http://hl7.org/fhir/us/shr/StructureDefinition/shr-core-Quantity-model"}],"mustSupport":false,"isModifier":false,"isSummary":false}]}}