{"resourceType":"StructureDefinition","id":"shr-core-OccurrencePeriod-model","text":{"status":"generated","div":"<div xmlns=\"http://www.w3.org/1999/xhtml\">\n  <p><b>OccurrencePeriod Logical Model</b></p>\n  <p>The point in time or span of time in which something happens.</p>\n</div>"},"url":"http://hl7.org/fhir/us/shr/StructureDefinition/shr-core-OccurrencePeriod-model","identifier":[{"system":"http://hl7.org/fhir/us/shrcore","value":"shr.core.OccurrencePeriod"}],"version":"0.5.0","name":"OccurrencePeriod","title":"shr-core-OccurrencePeriod","status":"draft","date":"2019-05-01T00:00:00-04:00","publisher":"The MITRE Corporation","contact":[{"telecom":[{"system":"url","value":"http://www.standardhealthrecord.org"}]}],"description":"The point in time or span of time in which something happens.","fhirVersion":"3.0.1","kind":"logical","abstract":false,"type":"shr-core-OccurrencePeriod-model","baseDefinition":"http://hl7.org/fhir/StructureDefinition/Element","derivation":"specialization","snapshot":{"element":[{"id":"shr-core-OccurrencePeriod-model","path":"shr-core-OccurrencePeriod-model","definition":"The point in time or span of time in which something happens.","min":0,"max":"*","base":{"path":"shr-core-OccurrencePeriod-model","min":0,"max":"*"},"mustSupport":false,"isModifier":false,"isSummary":false},{"id":"shr-core-OccurrencePeriod-model.value","path":"shr-core-OccurrencePeriod-model.value","short":"TimePeriod representing the point in time or span of time in which something happens.","definition":"TimePeriod representing the point in time or span of time in which something happens.","min":1,"max":"1","base":{"path":"shr-core-OccurrencePeriod-model.value","min":1,"max":"1"},"type":[{"code":"http://hl7.org/fhir/us/shr/StructureDefinition/shr-core-TimePeriod-model"}],"mustSupport":false,"isModifier":false,"isSummary":false}]},"differential":{"element":[{"id":"shr-core-OccurrencePeriod-model","path":"shr-core-OccurrencePeriod-model","definition":"The point in time or span of time in which something happens.","min":0,"max":"*","base":{"path":"shr-core-OccurrencePeriod-model","min":0,"max":"*"},"mustSupport":false,"isModifier":false,"isSummary":false},{"id":"shr-core-OccurrencePeriod-model.value","path":"shr-core-OccurrencePeriod-model.value","short":"TimePeriod representing the point in time or span of time in which something happens.","definition":"TimePeriod representing the point in time or span of time in which something happens.","min":1,"max":"1","base":{"path":"shr-core-OccurrencePeriod-model.value","min":1,"max":"1"},"type":[{"code":"http://hl7.org/fhir/us/shr/StructureDefinition/shr-core-TimePeriod-model"}],"mustSupport":false,"isModifier":false,"isSummary":false}]}}