{"resourceType":"StructureDefinition","id":"shr-core-MedicationCodeOrReference-model","text":{"status":"generated","div":"<div xmlns=\"http://www.w3.org/1999/xhtml\">\n  <p><b>MedicationCodeOrReference Logical Model</b></p>\n  <p>A choice of a medication code or reference.</p>\n</div>"},"url":"http://hl7.org/fhir/us/shr/StructureDefinition/shr-core-MedicationCodeOrReference-model","identifier":[{"system":"http://hl7.org/fhir/us/shrcore","value":"shr.core.MedicationCodeOrReference"}],"version":"0.5.0","name":"MedicationCodeOrReference","title":"shr-core-MedicationCodeOrReference","status":"draft","date":"2019-05-01T00:00:00-04:00","publisher":"The MITRE Corporation","contact":[{"telecom":[{"system":"url","value":"http://www.standardhealthrecord.org"}]}],"description":"A choice of a medication code or reference.","fhirVersion":"3.0.1","kind":"logical","abstract":false,"type":"shr-core-MedicationCodeOrReference-model","baseDefinition":"http://hl7.org/fhir/StructureDefinition/Element","derivation":"specialization","snapshot":{"element":[{"id":"shr-core-MedicationCodeOrReference-model","path":"shr-core-MedicationCodeOrReference-model","definition":"A choice of a medication code or reference.","min":0,"max":"*","base":{"path":"shr-core-MedicationCodeOrReference-model","min":0,"max":"*"},"mustSupport":false,"isModifier":false,"isSummary":false},{"id":"shr-core-MedicationCodeOrReference-model.value[x]","path":"shr-core-MedicationCodeOrReference-model.value[x]","slicing":{"discriminator":[{"type":"type","path":"$this"}],"ordered":false,"rules":"open"},"short":"Code or Medication representing a choice of a medication code or reference.","definition":"Code or Medication representing a choice of a medication code or reference.","min":1,"max":"1","base":{"path":"shr-core-MedicationCodeOrReference-model.value[x]","min":1,"max":"1"},"type":[{"code":"Coding"},{"code":"Reference","targetProfile":"http://hl7.org/fhir/us/shr/StructureDefinition/shr-core-Medication-model"}],"mustSupport":false,"isModifier":false,"isSummary":false},{"id":"shr-core-MedicationCodeOrReference-model.valueCoding:CodeableConcept","path":"shr-core-MedicationCodeOrReference-model.valueCoding","sliceName":"CodeableConcept","short":"A set of codes drawn from different coding systems, representing the same concept.","definition":"A set of codes drawn from different coding systems, representing the same concept.","min":1,"max":"1","base":{"path":"shr-core-MedicationCodeOrReference-model.value[x]","min":1,"max":"1"},"type":[{"code":"Coding"}],"mustSupport":false,"isModifier":false,"isSummary":false,"binding":{"strength":"extensible","valueSetReference":{"reference":"http://h7.org/fhir/us/core/ValueSet/us-core-medication-codes"}}}]},"differential":{"element":[{"id":"shr-core-MedicationCodeOrReference-model","path":"shr-core-MedicationCodeOrReference-model","definition":"A choice of a medication code or reference.","min":0,"max":"*","base":{"path":"shr-core-MedicationCodeOrReference-model","min":0,"max":"*"},"mustSupport":false,"isModifier":false,"isSummary":false},{"id":"shr-core-MedicationCodeOrReference-model.value[x]","path":"shr-core-MedicationCodeOrReference-model.value[x]","slicing":{"discriminator":[{"type":"type","path":"$this"}],"ordered":false,"rules":"open"},"short":"Code or Medication representing a choice of a medication code or reference.","definition":"Code or Medication representing a choice of a medication code or reference.","min":1,"max":"1","base":{"path":"shr-core-MedicationCodeOrReference-model.value[x]","min":1,"max":"1"},"type":[{"code":"Coding"},{"code":"Reference","targetProfile":"http://hl7.org/fhir/us/shr/StructureDefinition/shr-core-Medication-model"}],"mustSupport":false,"isModifier":false,"isSummary":false},{"id":"shr-core-MedicationCodeOrReference-model.valueCoding:CodeableConcept","path":"shr-core-MedicationCodeOrReference-model.valueCoding","sliceName":"CodeableConcept","short":"A set of codes drawn from different coding systems, representing the same concept.","definition":"A set of codes drawn from different coding systems, representing the same concept.","min":1,"max":"1","base":{"path":"shr-core-MedicationCodeOrReference-model.value[x]","min":1,"max":"1"},"type":[{"code":"Coding"}],"mustSupport":false,"isModifier":false,"isSummary":false,"binding":{"strength":"extensible","valueSetReference":{"reference":"http://h7.org/fhir/us/core/ValueSet/us-core-medication-codes"}}}]}}