{"resourceType":"StructureDefinition","id":"shr-core-SpokenLanguageProficiency-model","text":{"status":"generated","div":"<div xmlns=\"http://www.w3.org/1999/xhtml\">\n  <p><b>SpokenLanguageProficiency Logical Model</b></p>\n  <p>Accuracy and fluency in spoken communication in a language.</p>\n</div>"},"url":"http://hl7.org/fhir/us/shr/StructureDefinition/shr-core-SpokenLanguageProficiency-model","identifier":[{"system":"http://hl7.org/fhir/us/shrcore","value":"shr.core.SpokenLanguageProficiency"}],"version":"0.5.0","name":"SpokenLanguageProficiency","title":"shr-core-SpokenLanguageProficiency","status":"draft","date":"2019-05-01T00:00:00-04:00","publisher":"The MITRE Corporation","contact":[{"telecom":[{"system":"url","value":"http://www.standardhealthrecord.org"}]}],"description":"Accuracy and fluency in spoken communication in a language.","keyword":[{"system":"http://ncimeta.nci.nih.gov","code":"C0678997"}],"fhirVersion":"3.0.1","kind":"logical","abstract":false,"type":"shr-core-SpokenLanguageProficiency-model","baseDefinition":"http://hl7.org/fhir/StructureDefinition/Element","derivation":"specialization","snapshot":{"element":[{"id":"shr-core-SpokenLanguageProficiency-model","path":"shr-core-SpokenLanguageProficiency-model","definition":"Accuracy and fluency in spoken communication in a language.","min":0,"max":"*","base":{"path":"shr-core-SpokenLanguageProficiency-model","min":0,"max":"*"},"mustSupport":false,"isModifier":false,"isSummary":false},{"id":"shr-core-SpokenLanguageProficiency-model.value","path":"shr-core-SpokenLanguageProficiency-model.value","short":"Code representing accuracy and fluency in spoken communication in a language.","definition":"Code representing accuracy and fluency in spoken communication in a language.","min":1,"max":"1","base":{"path":"shr-core-SpokenLanguageProficiency-model.value","min":1,"max":"1"},"type":[{"code":"Coding"}],"mustSupport":false,"isModifier":false,"isSummary":false,"binding":{"strength":"required","valueSetReference":{"reference":"http://hl7.org/fhir/us/shrcore/shr/core/vs/PerformanceGradingScaleVS"}}}]},"differential":{"element":[{"id":"shr-core-SpokenLanguageProficiency-model","path":"shr-core-SpokenLanguageProficiency-model","definition":"Accuracy and fluency in spoken communication in a language.","min":0,"max":"*","base":{"path":"shr-core-SpokenLanguageProficiency-model","min":0,"max":"*"},"mustSupport":false,"isModifier":false,"isSummary":false},{"id":"shr-core-SpokenLanguageProficiency-model.value","path":"shr-core-SpokenLanguageProficiency-model.value","short":"Code representing accuracy and fluency in spoken communication in a language.","definition":"Code representing accuracy and fluency in spoken communication in a language.","min":1,"max":"1","base":{"path":"shr-core-SpokenLanguageProficiency-model.value","min":1,"max":"1"},"type":[{"code":"Coding"}],"mustSupport":false,"isModifier":false,"isSummary":false,"binding":{"strength":"required","valueSetReference":{"reference":"http://hl7.org/fhir/us/shrcore/shr/core/vs/PerformanceGradingScaleVS"}}}]}}