<?xml version="1.0" encoding="UTF-8"?>

<StructureDefinition xmlns="http://hl7.org/fhir">
  <id value="shr-core-Money"/>
  <text>
    <status value="generated"/><div xmlns="http://www.w3.org/1999/xhtml">
  <p><b>Money Profile</b></p>
  <p>Representation of an amount of currency or monetary value.</p>
  <p><b>Mapping Summary</b></p>
  <p><pre>shr.core.Money maps to Money:
  MoneyAmount maps to value
  Currency maps to currency
</pre></p>
</div>
  </text>
  <url value="http://hl7.org/fhir/us/mcode/StructureDefinition/shr-core-Money"/>
  <version value="0.9.1"/>
  <name value="Money"/>
  <title value="shr-core-Money"/>
  <status value="active"/>
  <date value="2019-07-19T00:00:00-04:00"/>
  <publisher value="The MITRE Corporation"/>
  <contact>
    <telecom>
      <system value="url"/>
      <value value="http://standardhealthrecord.org"/>
    </telecom>
  </contact>
  <description value="Representation of an amount of currency or monetary value."/>
  <fhirVersion value="4.0.0"/>
  <mapping>
    <identity value="rim"/>
    <uri value="http://hl7.org/v3"/>
    <name value="RIM Mapping"/>
  </mapping>
  <mapping>
    <identity value="v2"/>
    <uri value="http://hl7.org/v2"/>
    <name value="HL7 v2 Mapping"/>
  </mapping>
  <kind value="complex-type"/>
  <abstract value="false"/>
  <type value="Money"/>
  <baseDefinition value="http://hl7.org/fhir/StructureDefinition/Money"/>
  <derivation value="constraint"/>
  <snapshot>
    <element id="Money:shr-core-Money">
      <extension url="http://hl7.org/fhir/StructureDefinition/structuredefinition-standards-status">
        <valueCode value="normative"/>
      </extension>
      <extension url="http://hl7.org/fhir/StructureDefinition/structuredefinition-normative-version">
        <valueCode value="4.0.0"/>
      </extension>
      <path value="Money"/>
      <short value="shr-core-Money"/>
      <definition value="Representation of an amount of currency or monetary value."/>
      <min value="0"/>
      <max value="*"/>
      <base>
        <path value="Money"/>
        <min value="0"/>
        <max value="*"/>
      </base>
      <condition value="ele-1"/>
      <constraint>
        <key value="ele-1"/>
        <severity value="error"/>
        <human value="All FHIR elements must have a @value or children"/>
        <expression value="hasValue() or (children().count() &gt; id.count())"/>
        <xpath value="@value|f:*|h:div"/>
        <source value="Element"/>
      </constraint>
      <isModifier value="false"/>
      <mapping>
        <identity value="rim"/>
        <map value="n/a"/>
      </mapping>
      <mapping>
        <identity value="rim"/>
        <map value="MO"/>
      </mapping>
    </element>
    <element id="Money:shr-core-Money.id">
      <path value="Money.id"/>
      <representation value="xmlAttr"/>
      <short value="Unique id for inter-element referencing"/>
      <definition value="Unique id for the element within a resource (for internal references). This may be any string value that does not contain spaces."/>
      <min value="0"/>
      <max value="1"/>
      <base>
        <path value="Element.id"/>
        <min value="0"/>
        <max value="1"/>
      </base>
      <type>
        <code value="string"/>
      </type>
      <isModifier value="false"/>
      <isSummary value="false"/>
      <mapping>
        <identity value="rim"/>
        <map value="n/a"/>
      </mapping>
    </element>
    <element id="Money:shr-core-Money.extension">
      <path value="Money.extension"/>
      <slicing>
        <discriminator>
          <type value="value"/>
          <path value="url"/>
        </discriminator>
        <description value="Extensions are always sliced by (at least) url"/>
        <rules value="open"/>
      </slicing>
      <short value="Additional content defined by implementations"/>
      <definition value="May be used to represent additional information that is not part of the basic definition of the element. To make the use of extensions safe and manageable, there is a strict set of governance  applied to the definition and use of extensions. Though any implementer can define an extension, there is a set of requirements that SHALL be met as part of the definition of the extension."/>
      <comment value="There can be no stigma associated with the use of extensions by any application, project, or standard - regardless of the institution or jurisdiction that uses or defines the extensions.  The use of extensions is what allows the FHIR specification to retain a core level of simplicity for everyone."/>
      <alias value="extensions"/>
      <alias value="user content"/>
      <min value="0"/>
      <max value="*"/>
      <base>
        <path value="Element.extension"/>
        <min value="0"/>
        <max value="*"/>
      </base>
      <type>
        <code value="Extension"/>
      </type>
      <isModifier value="false"/>
      <isSummary value="false"/>
      <mapping>
        <identity value="rim"/>
        <map value="n/a"/>
      </mapping>
    </element>
    <element id="Money:shr-core-Money.extension:number">
      <path value="Money.extension"/>
      <sliceName value="number"/>
      <definition value="A decimal value."/>
      <min value="0"/>
      <max value="1"/>
      <base>
        <path value="Element.extension"/>
        <min value="0"/>
        <max value="*"/>
      </base>
      <type>
        <code value="Extension"/>
        <profile value="http://hl7.org/fhir/us/mcode/StructureDefinition/shr-core-Number-extension"/>
      </type>
      <isModifier value="false"/>
      <isSummary value="false"/>
    </element>
    <element id="Money:shr-core-Money.extension:comparator">
      <path value="Money.extension"/>
      <sliceName value="comparator"/>
      <definition value="A code indicated if the value represents an upper or lower bound"/>
      <min value="0"/>
      <max value="1"/>
      <base>
        <path value="Element.extension"/>
        <min value="0"/>
        <max value="*"/>
      </base>
      <type>
        <code value="Extension"/>
        <profile value="http://hl7.org/fhir/us/mcode/StructureDefinition/shr-core-Comparator-extension"/>
      </type>
      <isModifier value="false"/>
      <isSummary value="false"/>
    </element>
    <element id="Money:shr-core-Money.extension:units">
      <path value="Money.extension"/>
      <sliceName value="units"/>
      <definition value="The unit of measure of the quantity."/>
      <min value="0"/>
      <max value="1"/>
      <base>
        <path value="Element.extension"/>
        <min value="0"/>
        <max value="*"/>
      </base>
      <type>
        <code value="Extension"/>
        <profile value="http://hl7.org/fhir/us/mcode/StructureDefinition/shr-core-Units-extension"/>
      </type>
      <isModifier value="false"/>
      <isSummary value="false"/>
    </element>
    <element id="Money:shr-core-Money.value">
      <path value="Money.value"/>
      <short value="Numerical value (with implicit precision)"/>
      <definition value="Numerical value (with implicit precision)."/>
      <comment value="Monetary values have their own rules for handling precision (refer to standard accounting text books)."/>
      <requirements value="The amount of the currency. The value includes an implicit precision in the presentation of the value."/>
      <min value="0"/>
      <max value="1"/>
      <base>
        <path value="Money.value"/>
        <min value="0"/>
        <max value="1"/>
      </base>
      <type>
        <code value="decimal"/>
      </type>
      <isModifier value="false"/>
      <isSummary value="true"/>
      <mapping>
        <identity value="v2"/>
        <map value="MO.Value"/>
      </mapping>
    </element>
    <element id="Money:shr-core-Money.currency">
      <path value="Money.currency"/>
      <short value="ISO 4217 Currency Code"/>
      <definition value="ISO 4217 Currency Code."/>
      <requirements value="A code indicating the currency, taken from ISO 4217."/>
      <min value="0"/>
      <max value="1"/>
      <base>
        <path value="Money.currency"/>
        <min value="0"/>
        <max value="1"/>
      </base>
      <type>
        <code value="code"/>
      </type>
      <isModifier value="false"/>
      <isSummary value="true"/>
      <binding>
        <extension url="http://hl7.org/fhir/StructureDefinition/elementdefinition-bindingName">
          <valueString value="CurrencyCode"/>
        </extension>
        <extension url="http://hl7.org/fhir/StructureDefinition/elementdefinition-isCommonBinding">
          <valueBoolean value="true"/>
        </extension>
        <strength value="required"/>
        <description value="A code indicating the currency, taken from ISO 4217."/>
        <valueSet value="http://hl7.org/fhir/ValueSet/currencies|4.0.0"/>
      </binding>
      <mapping>
        <identity value="v2"/>
        <map value="MO.Currency"/>
      </mapping>
    </element>
  </snapshot>
  <differential>
    <element id="Money:shr-core-Money">
      <path value="Money"/>
      <short value="shr-core-Money"/>
      <definition value="Representation of an amount of currency or monetary value."/>
      <isModifier value="false"/>
    </element>
    <element id="Money:shr-core-Money.extension:number">
      <path value="Money.extension"/>
      <sliceName value="number"/>
      <definition value="A decimal value."/>
      <min value="0"/>
      <max value="1"/>
      <base>
        <path value="Element.extension"/>
        <min value="0"/>
        <max value="*"/>
      </base>
      <type>
        <code value="Extension"/>
        <profile value="http://hl7.org/fhir/us/mcode/StructureDefinition/shr-core-Number-extension"/>
      </type>
      <isModifier value="false"/>
      <isSummary value="false"/>
    </element>
    <element id="Money:shr-core-Money.extension:comparator">
      <path value="Money.extension"/>
      <sliceName value="comparator"/>
      <definition value="A code indicated if the value represents an upper or lower bound"/>
      <min value="0"/>
      <max value="1"/>
      <base>
        <path value="Element.extension"/>
        <min value="0"/>
        <max value="*"/>
      </base>
      <type>
        <code value="Extension"/>
        <profile value="http://hl7.org/fhir/us/mcode/StructureDefinition/shr-core-Comparator-extension"/>
      </type>
      <isModifier value="false"/>
      <isSummary value="false"/>
    </element>
    <element id="Money:shr-core-Money.extension:units">
      <path value="Money.extension"/>
      <sliceName value="units"/>
      <definition value="The unit of measure of the quantity."/>
      <min value="0"/>
      <max value="1"/>
      <base>
        <path value="Element.extension"/>
        <min value="0"/>
        <max value="*"/>
      </base>
      <type>
        <code value="Extension"/>
        <profile value="http://hl7.org/fhir/us/mcode/StructureDefinition/shr-core-Units-extension"/>
      </type>
      <isModifier value="false"/>
      <isSummary value="false"/>
    </element>
  </differential>
</StructureDefinition>