<?xml version="1.0" encoding="UTF-8"?>

<ValueSet xmlns="http://hl7.org/fhir">
  <id value="vital-BloodPressureCuffSizeVS"/>
  <text>
    <status value="generated"/><div xmlns="http://www.w3.org/1999/xhtml">
<p><b>BloodPressureCuffSizeVS ValueSet</b></p>
<p>Sizes of blood pressure cuffs.</p>
</div>
  </text>
  <url value="http://hl7.org/fhir/us/mcode/ValueSet/vital-BloodPressureCuffSizeVS"/>
  <identifier>
    <system value="http://hl7.org/fhir/us/mcode"/>
    <value value="vital.BloodPressureCuffSizeVS"/>
  </identifier>
  <version value="0.9.1"/>
  <name value="BloodPressureCuffSizeVS"/>
  <title value="BloodPressureCuffSizeVS"/>
  <status value="draft"/>
  <date value="2019-07-13T00:00:00-04:00"/>
  <publisher value="The MITRE Corporation"/>
  <contact>
    <telecom>
      <system value="url"/>
      <value value="http://standardhealthrecord.org"/>
    </telecom>
  </contact>
  <description value="Sizes of blood pressure cuffs."/>
  <compose>
    <include>
      <system value="http://snomed.info/sct"/>
      <concept>
        <code value="720740000"/>
        <display value="Blood pressure cuff, adult thigh type"/>
      </concept>
      <concept>
        <code value="720737000"/>
        <display value="Blood pressure cuff, adult size"/>
      </concept>
      <concept>
        <code value="720736009"/>
        <display value="Blood pressure cuff, pediatric size"/>
      </concept>
      <concept>
        <code value="720739002"/>
        <display value="Blood pressure cuff, adult size small"/>
      </concept>
      <concept>
        <code value="720738005"/>
        <display value="Blood pressure cuff, adult size large"/>
      </concept>
      <concept>
        <code value="8741000205104"/>
        <display value="Blood pressure cuff, ankle type"/>
      </concept>
      <concept>
        <code value="8731000205109"/>
        <display value="Blood pressure cuff, extra large adult thigh cuff"/>
      </concept>
      <concept>
        <code value="8861000205108"/>
        <display value="Blood pressure cuff, infant size"/>
      </concept>
      <concept>
        <code value="8841000205107"/>
        <display value="Blood pressure cuff, neonatal size 1"/>
      </concept>
      <concept>
        <code value="8851000205105"/>
        <display value="Blood pressure cuff, neonatal size 2"/>
      </concept>
      <concept>
        <code value="8821000205104"/>
        <display value="Blood pressure cuff, neonatal size 3"/>
      </concept>
      <concept>
        <code value="8811000205106"/>
        <display value="Blood pressure cuff, neonatal size 4"/>
      </concept>
      <concept>
        <code value="8801000205109"/>
        <display value="Blood pressure cuff, neonatal size 5"/>
      </concept>
    </include>
  </compose>
</ValueSet>