<?xml version="1.0" encoding="UTF-8"?>

<ValueSet xmlns="http://hl7.org/fhir">
  <id value="obf-datatype-AnatomicalDirectionVS"/>
  <text>
    <status value="generated"/><div xmlns="http://www.w3.org/1999/xhtml">
<p><b>AnatomicalDirectionVS ValueSet</b></p>
<p>Terms that specify anatomical direction.</p>
</div>
  </text>
  <url value="http://hl7.org/fhir/us/mcode/ValueSet/obf-datatype-AnatomicalDirectionVS"/>
  <version value="0.9.1"/>
  <name value="AnatomicalDirectionVS"/>
  <title value="AnatomicalDirectionVS"/>
  <status value="draft"/>
  <date value="2019-08-01T00:00:00-04:00"/>
  <publisher value="HL7 International Clinical Interoperability Council"/>
  <contact>
    <telecom>
      <system value="url"/>
      <value value="http://www.hl7.org/Special/committees/cic"/>
    </telecom>
  </contact>
  <description value="Terms that specify anatomical direction."/>
  <compose>
    <include>
      <system value="http://snomed.info/sct"/>
      <filter>
        <property value="concept"/>
        <op value="is-a"/>
        <value value="272424004"/>
      </filter>
    </include>
  </compose>
</ValueSet>