<?xml version="1.0" encoding="UTF-8"?>

<ValueSet xmlns="http://hl7.org/fhir">
  <id value="obf-RadiationProcedureVS"/>
  <text>
    <status value="generated"/><div xmlns="http://www.w3.org/1999/xhtml">
<p><b>RadiationProcedureVS ValueSet</b></p>
<p>Codes describing radiation therapy procedures. The value set includes a limited set of radiation modality codes from SNOMED CT, however, ICD-10-PCS code from Section D (Radiation Therapy) and appropriate CPT radiation procedure codes are also considered compliant. CPT codes are not explicitly included due to licensing restrictions. ICD-10-PCS codes are not included explicitly because they are not currently supported by the FHIR IG Publishing tool.

Conformance note: If an ICD-10-PCS code is used, and a semantically equivalent SNOMED CT or CPT code is available, the resulting Procedure instance will not be compliant with [US Core Profiles](http://hl7.org/fhir/us/core/STU3/index.html).</p>
</div>
  </text>
  <url value="http://hl7.org/fhir/us/mcode/ValueSet/obf-RadiationProcedureVS"/>
  <version value="0.9.1"/>
  <name value="RadiationProcedureVS"/>
  <title value="RadiationProcedureVS"/>
  <status value="draft"/>
  <date value="2019-08-01T00:00:00-04:00"/>
  <publisher value="HL7 International Clinical Interoperability Council"/>
  <contact>
    <telecom>
      <system value="url"/>
      <value value="http://www.hl7.org/Special/committees/cic"/>
    </telecom>
  </contact>
  <description value="Codes describing radiation therapy procedures. The value set includes a limited set of radiation modality codes from SNOMED CT, however, ICD-10-PCS code from Section D (Radiation Therapy) and appropriate CPT radiation procedure codes are also considered compliant. CPT codes are not explicitly included due to licensing restrictions. ICD-10-PCS codes are not included explicitly because they are not currently supported by the FHIR IG Publishing tool.&#xA;&#xA;Conformance note: If an ICD-10-PCS code is used, and a semantically equivalent SNOMED CT or CPT code is available, the resulting Procedure instance will not be compliant with [US Core Profiles](http://hl7.org/fhir/us/core/STU3/index.html)."/>
  <compose>
    <include>
      <system value="http://snomed.info/sct"/>
      <concept>
        <code value="448385000"/>
        <display value="Megavoltage radiation therapy using photons (procedure)"/>
      </concept>
      <concept>
        <code value="45643008"/>
        <display value="Teleradiotherapy using electrons (procedure)"/>
      </concept>
      <concept>
        <code value="10611004"/>
        <display value="Teleradiotherapy protons (procedure)"/>
      </concept>
      <concept>
        <code value="80347004"/>
        <display value="Teleradiotherapy neutrons (procedure)"/>
      </concept>
      <concept>
        <code value="152198000"/>
        <display value="Brachytherapy (procedure)"/>
      </concept>
    </include>
  </compose>
</ValueSet>