<?xml version="1.0" encoding="UTF-8"?>

<ValueSet xmlns="http://hl7.org/fhir">
  <id value="onco-core-SecondaryCancerDisorderVS"/>
  <text>
    <status value="generated"/><div xmlns="http://www.w3.org/1999/xhtml">
<p><b>SecondaryCancerDisorderVS ValueSet</b></p>
<p>Types of secondary malignant neoplastic disease, coded in SNOMED CT or ICD-10-CM.

* SNOMED CT coding: Use a code from the disorder hierarchy under secondary malignant neoplastic disease (SNOMED-CT 128462008).
* ICD-10-CM coding: Use one of the codes given in this value set representing secondary malignant neoplasms and neoplasms of uncertain or unspecified behavior. If body site is not precoordinated (implied by the code), it should be specified separately using the body location.

Note that ICD-O-3 specifies morphology and topography, not disorder; in this case that the disorder code must be SNOMED-CT 128462008 (Secondary malignant neoplastic disease). The ICD-O-3 morphology and topography codes should be entered in the HistologyMorphologyBehavior and bodySite fields, respectively.</p>
</div>
  </text>
  <url value="http://hl7.org/fhir/us/mcode/ValueSet/onco-core-SecondaryCancerDisorderVS"/>
  <identifier>
    <system value="http://hl7.org/fhir/us/mcode"/>
    <value value="onco.core.SecondaryCancerDisorderVS"/>
  </identifier>
  <version value="0.9.1"/>
  <name value="SecondaryCancerDisorderVS"/>
  <title value="SecondaryCancerDisorderVS"/>
  <status value="draft"/>
  <date value="2019-07-13T00:00:00-04:00"/>
  <publisher value="The MITRE Corporation"/>
  <contact>
    <telecom>
      <system value="url"/>
      <value value="http://standardhealthrecord.org"/>
    </telecom>
  </contact>
  <description value="Types of secondary malignant neoplastic disease, coded in SNOMED CT or ICD-10-CM.&#xA;&#xA;* SNOMED CT coding: Use a code from the disorder hierarchy under secondary malignant neoplastic disease (SNOMED-CT 128462008).&#xA;* ICD-10-CM coding: Use one of the codes given in this value set representing secondary malignant neoplasms and neoplasms of uncertain or unspecified behavior. If body site is not precoordinated (implied by the code), it should be specified separately using the body location.&#xA;&#xA;Note that ICD-O-3 specifies morphology and topography, not disorder; in this case that the disorder code must be SNOMED-CT 128462008 (Secondary malignant neoplastic disease).&#xA0;The ICD-O-3 morphology and topography codes should be entered in the HistologyMorphologyBehavior and bodySite fields, respectively."/>
  <compose>
    <include>
      <system value="http://snomed.info/sct"/>
      <filter>
        <property value="concept"/>
        <op value="is-a"/>
        <value value="128462008"/>
      </filter>
    </include>
    <include>
      <system value="http://snomed.info/sct"/>
      <concept>
        <code value="128462008"/>
        <display value="Secondary malignant neoplastic disease (disorder)"/>
      </concept>
    </include>
    <include>
      <system value="http://hl7.org/fhir/sid/icd-10-cm"/>
      <concept>
        <code value="C7B00"/>
        <display value="Secondary carcinoid tumors, unspecified site"/>
      </concept>
      <concept>
        <code value="C7B01"/>
        <display value="Secondary carcinoid tumors of distant lymph nodes"/>
      </concept>
      <concept>
        <code value="C7B02"/>
        <display value="Secondary carcinoid tumors of liver"/>
      </concept>
      <concept>
        <code value="C7B03"/>
        <display value="Secondary carcinoid tumors of bone"/>
      </concept>
      <concept>
        <code value="C7B04"/>
        <display value="Secondary carcinoid tumors of peritoneum"/>
      </concept>
      <concept>
        <code value="C7B09"/>
        <display value="Secondary carcinoid tumors of other sites"/>
      </concept>
      <concept>
        <code value="C7B1"/>
        <display value="Secondary Merkel cell carcinoma"/>
      </concept>
      <concept>
        <code value="C7B8"/>
        <display value="Other secondary neuroendocrine tumors"/>
      </concept>
      <concept>
        <code value="C770"/>
        <display value="Secondary and unspecified malignant neoplasm of lymph nodes of head, face and neck"/>
      </concept>
      <concept>
        <code value="C771"/>
        <display value="Secondary and unspecified malignant neoplasm of intrathoracic lymph nodes"/>
      </concept>
      <concept>
        <code value="C772"/>
        <display value="Secondary and unspecified malignant neoplasm of intra-abdominal lymph nodes"/>
      </concept>
      <concept>
        <code value="C773"/>
        <display value="Secondary and unspecified malignant neoplasm of axilla and upper limb lymph nodes"/>
      </concept>
      <concept>
        <code value="C774"/>
        <display value="Secondary and unspecified malignant neoplasm of inguinal and lower limb lymph nodes"/>
      </concept>
      <concept>
        <code value="C775"/>
        <display value="Secondary and unspecified malignant neoplasm of intrapelvic lymph nodes"/>
      </concept>
      <concept>
        <code value="C778"/>
        <display value="Secondary and unspecified malignant neoplasm of lymph nodes of multiple regions"/>
      </concept>
      <concept>
        <code value="C779"/>
        <display value="Secondary and unspecified malignant neoplasm of lymph node, unspecified"/>
      </concept>
      <concept>
        <code value="C7800"/>
        <display value="Secondary malignant neoplasm of unspecified lung"/>
      </concept>
      <concept>
        <code value="C7801"/>
        <display value="Secondary malignant neoplasm of right lung"/>
      </concept>
      <concept>
        <code value="C7802"/>
        <display value="Secondary malignant neoplasm of left lung"/>
      </concept>
      <concept>
        <code value="C781"/>
        <display value="Secondary malignant neoplasm of mediastinum"/>
      </concept>
      <concept>
        <code value="C782"/>
        <display value="Secondary malignant neoplasm of pleura"/>
      </concept>
      <concept>
        <code value="C7830"/>
        <display value="Secondary malignant neoplasm of unspecified respiratory organ"/>
      </concept>
      <concept>
        <code value="C7839"/>
        <display value="Secondary malignant neoplasm of other respiratory organs"/>
      </concept>
      <concept>
        <code value="C784"/>
        <display value="Secondary malignant neoplasm of small intestine"/>
      </concept>
      <concept>
        <code value="C785"/>
        <display value="Secondary malignant neoplasm of large intestine and rectum"/>
      </concept>
      <concept>
        <code value="C786"/>
        <display value="Secondary malignant neoplasm of retroperitoneum and peritoneum"/>
      </concept>
      <concept>
        <code value="C787"/>
        <display value="Secondary malignant neoplasm of liver and intrahepatic bile duct"/>
      </concept>
      <concept>
        <code value="C7880"/>
        <display value="Secondary malignant neoplasm of unspecified digestive organ"/>
      </concept>
      <concept>
        <code value="C7889"/>
        <display value="Secondary malignant neoplasm of other digestive organs"/>
      </concept>
      <concept>
        <code value="C7900"/>
        <display value="Secondary malignant neoplasm of unspecified kidney and renal pelvis"/>
      </concept>
      <concept>
        <code value="C7901"/>
        <display value="Secondary malignant neoplasm of right kidney and renal pelvis"/>
      </concept>
      <concept>
        <code value="C7902"/>
        <display value="Secondary malignant neoplasm of left kidney and renal pelvis"/>
      </concept>
      <concept>
        <code value="C7910"/>
        <display value="Secondary malignant neoplasm of unspecified urinary organs"/>
      </concept>
      <concept>
        <code value="C7911"/>
        <display value="Secondary malignant neoplasm of bladder"/>
      </concept>
      <concept>
        <code value="C7919"/>
        <display value="Secondary malignant neoplasm of other urinary organs"/>
      </concept>
      <concept>
        <code value="C792"/>
        <display value="Secondary malignant neoplasm of skin"/>
      </concept>
      <concept>
        <code value="C7931"/>
        <display value="Secondary malignant neoplasm of brain"/>
      </concept>
      <concept>
        <code value="C7932"/>
        <display value="Secondary malignant neoplasm of cerebral meninges"/>
      </concept>
      <concept>
        <code value="C7940"/>
        <display value="Secondary malignant neoplasm of unspecified part of nervous system"/>
      </concept>
      <concept>
        <code value="C7949"/>
        <display value="Secondary malignant neoplasm of other parts of nervous system"/>
      </concept>
      <concept>
        <code value="C7951"/>
        <display value="Secondary malignant neoplasm of bone"/>
      </concept>
      <concept>
        <code value="C7952"/>
        <display value="Secondary malignant neoplasm of bone marrow"/>
      </concept>
      <concept>
        <code value="C7960"/>
        <display value="Secondary malignant neoplasm of unspecified ovary"/>
      </concept>
      <concept>
        <code value="C7961"/>
        <display value="Secondary malignant neoplasm of right ovary"/>
      </concept>
      <concept>
        <code value="C7962"/>
        <display value="Secondary malignant neoplasm of left ovary"/>
      </concept>
      <concept>
        <code value="C7970"/>
        <display value="Secondary malignant neoplasm of unspecified adrenal gland"/>
      </concept>
      <concept>
        <code value="C7971"/>
        <display value="Secondary malignant neoplasm of right adrenal gland"/>
      </concept>
      <concept>
        <code value="C7972"/>
        <display value="Secondary malignant neoplasm of left adrenal gland"/>
      </concept>
      <concept>
        <code value="C7981"/>
        <display value="Secondary malignant neoplasm of breast"/>
      </concept>
      <concept>
        <code value="C7982"/>
        <display value="Secondary malignant neoplasm of genital organs"/>
      </concept>
      <concept>
        <code value="C7989"/>
        <display value="Secondary malignant neoplasm of other specified sites"/>
      </concept>
      <concept>
        <code value="C799"/>
        <display value="Secondary malignant neoplasm of unspecified site"/>
      </concept>
      <concept>
        <code value="C800"/>
        <display value="Disseminated malignant neoplasm, unspecified"/>
      </concept>
    </include>
  </compose>
</ValueSet>