<?xml version="1.0" encoding="UTF-8"?>

<ValueSet xmlns="http://hl7.org/fhir">
  <id value="onco-core-ClinVarVS"/>
  <text>
    <status value="generated"/><div xmlns="http://www.w3.org/1999/xhtml">
<p><b>ClinVarVS ValueSet</b></p>
<p>Value set of human genetic variants, drawn from [ClinVar](https://www.ncbi.nlm.nih.gov/clinvar/).</p>
</div>
  </text>
  <url value="http://hl7.org/fhir/us/mcode/ValueSet/onco-core-ClinVarVS"/>
  <version value="0.9.1"/>
  <name value="ClinVarVS"/>
  <title value="ClinVarVS"/>
  <status value="draft"/>
  <date value="2019-07-18T00:00:00-04:00"/>
  <publisher value="The MITRE Corporation"/>
  <contact>
    <telecom>
      <system value="url"/>
      <value value="http://standardhealthrecord.org"/>
    </telecom>
  </contact>
  <description value="Value set of human genetic variants, drawn from [ClinVar](https://www.ncbi.nlm.nih.gov/clinvar/)."/>
  <compose>
    <include>
      <system value="http://www.ncbi.nlm.nih.gov/clinvar/"/>
    </include>
  </compose>
</ValueSet>