<?xml version="1.0" encoding="UTF-8"?>

<ValueSet xmlns="http://hl7.org/fhir">
  <id value="obf-lab-EquivalentUnitsVS-per-100-WBC"/>
  <text>
    <status value="generated"/><div xmlns="http://www.w3.org/1999/xhtml">
<p><b>EquivalentUnitsVS-per-100-WBC ValueSet</b></p>
<p>Units equivalent to /100{WBCs}</p>
</div>
  </text>
  <url value="http://hl7.org/fhir/us/mcode/ValueSet/obf-lab-EquivalentUnitsVS-per-100-WBC"/>
  <identifier>
    <system value="http://hl7.org/fhir/us/mcode"/>
    <value value="obf.lab.EquivalentUnitsVS-per-100-WBC"/>
  </identifier>
  <version value="0.9.1"/>
  <name value="EquivalentUnitsVS_per_100_WBC"/>
  <title value="EquivalentUnitsVS-per-100-WBC"/>
  <status value="draft"/>
  <date value="2019-07-13T00:00:00-04:00"/>
  <publisher value="The MITRE Corporation"/>
  <contact>
    <telecom>
      <system value="url"/>
      <value value="http://standardhealthrecord.org"/>
    </telecom>
  </contact>
  <description value="Units equivalent to /100{WBCs}"/>
  <compose>
    <include>
      <system value="http://unitsofmeasure.org"/>
      <concept>
        <code value="/100{WBCs}"/>
        <display value="Per 100 white blood cells"/>
      </concept>
      <concept>
        <code value="%"/>
        <display value="Percent"/>
      </concept>
      <concept>
        <code value="/100"/>
        <display value="Per 100"/>
      </concept>
    </include>
  </compose>
</ValueSet>