<?xml version="1.0" encoding="UTF-8"?>

<ValueSet xmlns="http://hl7.org/fhir">
  <id value="obf-lab-EquivalentUnitsVS-volume-fraction"/>
  <text>
    <status value="generated"/><div xmlns="http://www.w3.org/1999/xhtml">
<p><b>EquivalentUnitsVS-volume-fraction ValueSet</b></p>
<p>Units equivalently representing volume fraction</p>
</div>
  </text>
  <url value="http://hl7.org/fhir/us/mcode/ValueSet/obf-lab-EquivalentUnitsVS-volume-fraction"/>
  <version value="0.9.1"/>
  <name value="EquivalentUnitsVS_volume_fraction"/>
  <title value="EquivalentUnitsVS-volume-fraction"/>
  <status value="draft"/>
  <date value="2019-08-01T00:00:00-04:00"/>
  <publisher value="HL7 International Clinical Interoperability Council"/>
  <contact>
    <telecom>
      <system value="url"/>
      <value value="http://www.hl7.org/Special/committees/cic"/>
    </telecom>
  </contact>
  <description value="Units equivalently representing volume fraction"/>
  <compose>
    <include>
      <system value="http://unitsofmeasure.org"/>
      <concept>
        <code value="%"/>
        <display value="Percent"/>
      </concept>
      <concept>
        <code value="L/L"/>
        <display value="Liter per liter"/>
      </concept>
      <concept>
        <code value="mL/mL"/>
        <display value="Milliliter per milliliter"/>
      </concept>
    </include>
  </compose>
</ValueSet>