<?xml version="1.0" encoding="UTF-8"?>

<ValueSet xmlns="http://hl7.org/fhir">
  <id value="onco-core-GeneticTestVS"/>
  <text>
    <status value="generated"/><div xmlns="http://www.w3.org/1999/xhtml">
<p><b>GeneticTestVS ValueSet</b></p>
<p>Value set containing codes representing genetic tests. Currently the best source of codes is the [Genetic Test Registry](http://www.ncbi.nlm.nih.gov/gtr). The user should be aware that the GTR cannot be a sole reliable source since the test data is voluntarily updated and there is no overarching data steward. This value set contains all codes from GTR.</p>
</div>
  </text>
  <url value="http://hl7.org/fhir/us/mcode/ValueSet/onco-core-GeneticTestVS"/>
  <version value="0.9.1"/>
  <name value="GeneticTestVS"/>
  <title value="GeneticTestVS"/>
  <status value="draft"/>
  <date value="2019-07-18T00:00:00-04:00"/>
  <publisher value="The MITRE Corporation"/>
  <contact>
    <telecom>
      <system value="url"/>
      <value value="http://standardhealthrecord.org"/>
    </telecom>
  </contact>
  <description value="Value set containing codes representing genetic tests. Currently the best source of codes is the [Genetic Test Registry](http://www.ncbi.nlm.nih.gov/gtr). The user should be aware that the GTR cannot be a sole reliable source since the test data is voluntarily updated and there is no overarching data steward. This value set contains all codes from GTR."/>
  <compose>
    <include>
      <system value="http://www.ncbi.nlm.nih.gov/gtr"/>
    </include>
  </compose>
</ValueSet>