<?xml version="1.0" encoding="UTF-8"?>

<ValueSet xmlns="http://hl7.org/fhir">
  <id value="obf-ConditionCategoryVS"/>
  <text>
    <status value="generated"/><div xmlns="http://www.w3.org/1999/xhtml">
<p><b>ConditionCategoryVS ValueSet</b></p>
<p>A category assigned to the condition, for example, a disease, concern, symptom, functional impairment, or structural abnormality. Extends http://hl7.org/fhir/ValueSet/condition-category by including all codes from the corresponding code system, namely, http://terminology.hl7.org/CodeSystem/condition-category. Extensions are based on http://fhir.org/guides/argonaut/ValueSet/condition-category, but substituting SNOMED CT codes.</p>
</div>
  </text>
  <url value="http://hl7.org/fhir/us/mcode/ValueSet/obf-ConditionCategoryVS"/>
  <identifier>
    <system value="http://hl7.org/fhir/us/mcode"/>
    <value value="obf.ConditionCategoryVS"/>
  </identifier>
  <version value="0.9.1"/>
  <name value="ConditionCategoryVS"/>
  <title value="ConditionCategoryVS"/>
  <status value="draft"/>
  <date value="2019-07-13T00:00:00-04:00"/>
  <publisher value="The MITRE Corporation"/>
  <contact>
    <telecom>
      <system value="url"/>
      <value value="http://standardhealthrecord.org"/>
    </telecom>
  </contact>
  <description value="A category assigned to the condition, for example, a disease, concern, symptom, functional impairment, or structural abnormality. Extends http://hl7.org/fhir/ValueSet/condition-category by including all codes from the corresponding code system, namely, http://terminology.hl7.org/CodeSystem/condition-category. Extensions are based on http://fhir.org/guides/argonaut/ValueSet/condition-category, but substituting SNOMED CT codes."/>
  <compose>
    <include>
      <system value="http://terminology.hl7.org/CodeSystem/condition-category"/>
    </include>
    <include>
      <system value="http://snomed.info/sct"/>
      <concept>
        <code value="64572001"/>
        <display value="Disease"/>
      </concept>
      <concept>
        <code value="40226000"/>
        <display value="Impairment"/>
      </concept>
      <concept>
        <code value="49755003"/>
        <display value="Morphologic abnormality"/>
      </concept>
      <concept>
        <code value="48694002"/>
        <display value="Anxiety (a concern about something that may or may not have yet been manifested)."/>
      </concept>
      <concept>
        <code value="55607006"/>
        <display value="Problem (a difficulty the patient has or is experiencing)"/>
      </concept>
      <concept>
        <code value="409586006"/>
        <display value="Complaint (a symptom or condition the patient considers an issue to be addressed)"/>
      </concept>
      <concept>
        <code value="439401001"/>
        <display value="Diagnosis"/>
      </concept>
    </include>
  </compose>
</ValueSet>