<?xml version="1.0" encoding="UTF-8"?>

<ValueSet xmlns="http://hl7.org/fhir">
  <id value="shr-core-LateralityVS"/>
  <text>
    <status value="generated"/><div xmlns="http://www.w3.org/1999/xhtml">
<p><b>LateralityVS ValueSet</b></p>
<p>Terms that specify the side of the body. The laterality value set is part of BodyLocation, a flexible structure that allows the location to be determined by a single code, or a code plus laterality and/or orientation. The body location can also be specified in relation to one or more body landmarks. SNOMED CT is used in all cases.

+ Code only: The code should include (precoordinate) laterality and/orientation to the degree necessary to completely specify the body location.
+ Code plus laterality and/or orientation: The basic code augmented by codes specifying the body side and/or anatomical orientation.
+ Relation to landmark: The location relative to a landmark is specified by:
- Establishing the location and type of landmark using a body site code and optional laterality/orientation, and
- Specifying the direction and distance from the landmark to the body location.

Note that BodyLocation is a data type (a reusable structure), not a stand-alone entity. The concept is similar to how a postal address can apply to a person, location, or organization. This contrasts with FHIR's stand-alone BodySite (aka BodyStructure in r4) which 'is not ... intended for describing the type of anatomical location but rather a specific body site on a specific patient' (FHIR 3.5).</p>
</div>
  </text>
  <url value="http://hl7.org/fhir/us/mcode/ValueSet/shr-core-LateralityVS"/>
  <identifier>
    <system value="http://hl7.org/fhir/us/mcode"/>
    <value value="shr.core.LateralityVS"/>
  </identifier>
  <version value="0.9.1"/>
  <name value="LateralityVS"/>
  <title value="LateralityVS"/>
  <status value="draft"/>
  <date value="2019-07-03T00:00:00-04:00"/>
  <publisher value="The MITRE Corporation"/>
  <contact>
    <telecom>
      <system value="url"/>
      <value value="http://standardhealthrecord.org"/>
    </telecom>
  </contact>
  <description value="Terms that specify the side of the body. The laterality value set is part of BodyLocation, a flexible structure that allows the location to be determined by a single code, or a code plus laterality and/or orientation. The body location can also be specified in relation to one or more body landmarks. SNOMED CT is used in all cases.&#xA;&#xA;+ Code only: The code should include (precoordinate) laterality and/orientation to the degree necessary to completely specify the body location.&#xA;+ Code plus laterality and/or orientation: The basic code augmented by codes specifying the body side and/or anatomical orientation.&#xA;+ Relation to landmark: The location relative to a landmark is specified by:&#xA;- Establishing the location and type of landmark using a body site code and optional laterality/orientation, and&#xA;- Specifying the direction and distance from the landmark to the body location.&#xA;&#xA;Note that BodyLocation is a data type (a reusable structure), not a stand-alone entity. The concept is similar to how a postal address can apply to a person, location, or organization. This contrasts with FHIR&#39;s stand-alone BodySite (aka BodyStructure in r4) which &#39;is not ... intended for describing the type of anatomical location but rather a specific body site on a specific patient&#39; (FHIR 3.5)."/>
  <compose>
    <include>
      <system value="http://snomed.info/sct"/>
      <concept>
        <code value="419161000"/>
        <display value="Unilateral left"/>
      </concept>
      <concept>
        <code value="419465000"/>
        <display value="Unilateral right"/>
      </concept>
      <concept>
        <code value="51440002"/>
        <display value="Bilateral"/>
      </concept>
    </include>
  </compose>
</ValueSet>