<?xml version="1.0" encoding="UTF-8"?>

<ValueSet xmlns="http://hl7.org/fhir">
  <id value="onco-core-TNMPrimaryTumorCategoryVS"/>
  <text>
    <status value="generated"/><div xmlns="http://www.w3.org/1999/xhtml">
<p><b>TNMPrimaryTumorCategoryVS ValueSet</b></p>
<p>This value set is intended to contain allowable values for the T category, according to TNM staging rules. SNOMED CT codes or AJCC codes (preferrably, version 8 for current cancers) are allowed, but are not listed here due to AJCC intellectual property restrictions.

* AJCC terminology: examples of T categories include 'cTX', used when the tumor primary tumor cannot be evaluated, 'pT0', denoting there is no evidence of a primary tumor, and 'pTis', referencing carcinoma in situ (with some cancer-specific exceptions). Other T categories refer to increasing size of the primary tumor. Please note allowable T categories may vary between clinical and pathologic classifications. The full set of allowable clinical and pathologic T categories, along with its current descriptions, can be accessed through the AJCC Staging Manual and any applicable updates and corrections, as well as the AJCC API.

* SNOMED CT has content related to the T category under the hierarchy of 385356007 'Tumor stage finding', such as 23351008 'T1 category' and 261650005 'Tumor stage T1c'. If using SNOMED-CT to store T category findings, the use of codes that do not contain descriptions of the categories, such as the examples provided, is encouraged, as stage finding codes in SNOMED CT may not be up-to-date with current AJCC guidance. Note that SNOMED CT codes do not always make a distinction between clinical and pathological classifications (e.g. cT1 and pT1 may be represented by the same SNOMED CT code 23351008 'T1 category'). In addition, SNOMED CT may not have complete TNM staging terminology and may require supplementation with codes from another controlled vocabulary (e.g. NCI Thesaurus).</p>
</div>
  </text>
  <url value="http://hl7.org/fhir/us/mcode/ValueSet/onco-core-TNMPrimaryTumorCategoryVS"/>
  <version value="0.9.1"/>
  <name value="TNMPrimaryTumorCategoryVS"/>
  <title value="TNMPrimaryTumorCategoryVS"/>
  <status value="draft"/>
  <date value="2019-07-18T00:00:00-04:00"/>
  <publisher value="The MITRE Corporation"/>
  <contact>
    <telecom>
      <system value="url"/>
      <value value="http://standardhealthrecord.org"/>
    </telecom>
  </contact>
  <description value="This value set is intended to contain allowable values for the T category, according to TNM staging rules. SNOMED CT codes or AJCC codes (preferrably, version 8 for current cancers) are allowed, but are not listed here due to AJCC intellectual property restrictions.&#xA;&#xA;* AJCC terminology: examples of T categories include &#39;cTX&#39;, used when the tumor primary tumor cannot be evaluated, &#39;pT0&#39;, denoting there is no evidence of a primary tumor, and &#39;pTis&#39;, referencing carcinoma in situ (with some cancer-specific exceptions). Other T categories refer to increasing size of the primary tumor. Please note allowable T categories may vary between clinical&#xA0;and pathologic classifications. The full set of allowable clinical and pathologic T categories, along with its current descriptions, can be accessed through the AJCC Staging Manual and any applicable updates and corrections, as well as the AJCC API.&#xA;&#xA;* SNOMED CT has content related to the T category under the hierarchy of 385356007 &#39;Tumor stage finding&#39;, such as 23351008 &#39;T1 category&#39; and 261650005 &#39;Tumor stage T1c&#39;. If using SNOMED-CT to store T category findings, the use of codes that do not contain descriptions of the categories, such as the examples provided, is encouraged, as stage finding codes in SNOMED CT may not be up-to-date with current AJCC guidance. Note that SNOMED CT codes do not always make a distinction between clinical and pathological classifications (e.g. cT1 and pT1 may be represented by the same SNOMED CT code 23351008 &#39;T1 category&#39;). In addition, SNOMED CT may not have complete TNM staging terminology and may require supplementation with codes from another controlled vocabulary (e.g. NCI Thesaurus)."/>
  <compose>
    <include>
      <system value="http://cancerstaging.org"/>
    </include>
  </compose>
</ValueSet>