<?xml version="1.0" encoding="UTF-8"?>

<ValueSet xmlns="http://hl7.org/fhir">
  <id value="onco-core-CancerStagingSystemVS"/>
  <text>
    <status value="generated"/><div xmlns="http://www.w3.org/1999/xhtml">
<p><b>CancerStagingSystemVS ValueSet</b></p>
<p>System used for staging. Because SNOMED CT does not currently have a code representing AJCC Version 8, specify the exact text 'AJCC Version 8' in the text sub-field of the code structure, and omit the code.</p>
</div>
  </text>
  <url value="http://hl7.org/fhir/us/mcode/ValueSet/onco-core-CancerStagingSystemVS"/>
  <version value="0.9.1"/>
  <name value="CancerStagingSystemVS"/>
  <title value="CancerStagingSystemVS"/>
  <status value="draft"/>
  <date value="2019-07-18T00:00:00-04:00"/>
  <publisher value="The MITRE Corporation"/>
  <contact>
    <telecom>
      <system value="url"/>
      <value value="http://standardhealthrecord.org"/>
    </telecom>
  </contact>
  <description value="System used for staging. Because SNOMED CT does not currently have a code representing AJCC Version 8, specify the exact text &#39;AJCC Version 8&#39; in the text sub-field of the code structure, and omit the code."/>
  <compose>
    <include>
      <system value="http://snomed.info/sct"/>
      <concept>
        <code value="444256004"/>
        <display value="American Joint Commission on Cancer, Cancer Staging Manual, 6th edition neoplasm staging system (tumor staging)"/>
      </concept>
      <concept>
        <code value="443830009"/>
        <display value="American Joint Commission on Cancer, Cancer Staging Manual, 7th edition neoplasm staging system (tumor staging)"/>
      </concept>
      <concept>
        <code value="258235000"/>
        <display value="International Union Against Cancer (tumor staging)"/>
      </concept>
    </include>
  </compose>
</ValueSet>