"Path","Slice Name","Alias(s)","Label","Min","Max","Must Support?","Is Modifier?","Is Summary?","Type(s)","Short","Definition","Comments","Requirements","Default Value","Meaning When Missing","Fixed Value","Pattern","Example","Minimum Value","Maximum Value","Maximum Length","Binding Strength","Binding Description","Binding Value Set","Code","Slicing Discriminator","Slicing Description","Slicing Ordered","Slicing Rules","Base Path","Base Min","Base Max","Condition(s)","Constraint(s)","Mapping: RIM","Mapping: W5 Mapping","Mapping: HL7 v2"
"Medication","","","",0,*,"","","","","shr-entity-Medication","A type of prescription drug or over-the-counter drug that is used to prevent, treat, or relieve symptoms of a disease or abnormal condition, but excluding vaccines.","","","","","","","","","",0,,,,"",,,,"Medication",0,*,"","","ManufacturedProduct[classCode=ADMM]","clinical.medication"
"Medication.id","","","",0,1,"","","Y","id {[]} {[]}
","Logical id of this artifact","The logical id of the resource, as used in the URL for the resource. Once assigned, this value never changes.","The only time that a resource does not have an id is when it is being submitted to the server using a create operation. Bundles always have an id, though it is usually a generated UUID.","","","","","","","","",0,,,,"",,,,"Medication.id",0,1,"",""
"Medication.meta","","","",0,1,"","","Y","Meta {[]} {[]}
","Metadata about the resource","The metadata about the resource. This is content that is maintained by the infrastructure. Changes to the content may not always be associated with version changes to the resource.","","","","","","","","","",0,,,,"",,,,"Medication.meta",0,1,"",""
"Medication.meta.id","","","",0,1,"","","","id {[]} {[]}
","xml:id (or equivalent in JSON)","unique id for the element within a resource (for internal references).","","","","","","","","","",,,,,"",,,,"",0,null,"","","n/a"
"Medication.meta.extension","","extensions
user content","",0,*,"","","","Extension {[]} {[]}
","Additional Content defined by implementations","May be used to represent additional information that is not part of the basic definition of the element. In order to make the use of extensions safe and manageable, there is a strict set of governance  applied to the definition and use of extensions. Though any implementer is allowed to define an extension, there is a set of requirements that SHALL be met as part of the definition of the extension.","There can be no stigma associated with the use of extensions by any application, project, or standard - regardless of the institution or jurisdiction that uses or defines the extensions.  The use of extensions is what allows the FHIR specification to retain a core level of simplicity for everyone.","","","","","","","","",,,,,"",,,,"",0,null,"","","n/a"
"Medication.meta.versionId","","","",0,1,"","","Y","id {[]} {[]}
","Version specific identifier","The version specific identifier, as it appears in the version portion of the URL. This values changes when the resource is created, updated, or deleted.","The server assigns this value, and ignores what the client specifies, except in the case that the server is imposing version integrity on updates/deletes.","","","","","","","","",,,,,"",,,,"",0,null,"",""
"Medication.meta.lastUpdated","","","",0,1,"","","Y","instant {[]} {[]}
","When the resource version last changed","When the resource last changed - e.g. when the version changed.","This value is always populated except when the resource is first being created. The server / resource manager sets this value; what a client provides is irrelevant.","","","","","","","","",,,,,"",,,,"",0,null,"",""
"Medication.meta.profile","","","",0,*,"","","Y","uri {[]} {[]}
","Profiles this resource claims to conform to","A list of profiles [[[StructureDefinition]]]s that this resource claims to conform to. The URL is a reference to [[[StructureDefinition.url]]].","It is up to the server and/or other infrastructure of policy to determine whether/how these claims are verified and/or updated over time.  The list of profile URLs is a set.","","","","","","","","",,,,,"",,,,"",0,null,"",""
"Medication.meta.security","","","",0,*,"","","Y","Coding {[]} {[]}
","Security Labels applied to this resource","Security labels applied to this resource. These tags connect specific resources to the overall security policy and infrastructure.","The security labels can be updated without changing the stated version of the resource  The list of security labels is a set. Uniqueness is based the system/code, and version and display are ignored.","","","","","","","","",,"extensible","Security Labels from the Healthcare Privacy and Security Classification System.","http://hl7.org/fhir/ValueSet/security-labels","",,,,"",0,null,"",""
"Medication.meta.tag","","","",0,*,"","","Y","Coding {[]} {[]}
","Tags applied to this resource","Tags applied to this resource. Tags are intended to be used to identify and relate resources to process and workflow, and applications are not required to consider the tags when interpreting the meaning of a resource.","The tags can be updated without changing the stated version of the resource.  The list of tags is a set. Uniqueness is based the system/code, and version and display are ignored.","","","","","","","","",,"example","Codes that represent various types of tags, commonly workflow-related; e.g. ""Needs review by Dr. Jones""","","",,,,"",0,null,"",""
"Medication.implicitRules","","","",0,1,"","Y","Y","uri {[]} {[]}
","A set of rules under which this content was created","A reference to a set of rules that were followed when the resource was constructed, and which must be understood when processing the content.","Asserting this rule set restricts the content to be only understood by a limited set of trading partners. This inherently limits the usefulness of the data in the long term. However, the existing health eco-system is highly fractured, and not yet ready to define, collect, and exchange data in a generally computable sense. Wherever possible, implementers and/or specification writers should avoid using this element as much as possible.","","","","","","","","",0,,,,"",,,,"Medication.implicitRules",0,1,"",""
"Medication.language","","","",0,1,"","","","code {[]} {[]}
","Language of the resource content","The base language in which the resource is written.","Language is provided to support indexing and accessibility (typically, services such as text to speech use the language tag). The html language tag in the narrative applies  to the narrative. The language tag on the resource may be used to specify the language of other presentations generated from the data in the resource  Not all the content has to be in the base language. The Resource.language should not be assumed to apply to the narrative automatically. If a language is specified, it should it also be specified on the div element in the html (see rules in HTML5 for information about the relationship between xml:lang and the html lang attribute).","","","","","","","","",0,"required","A human language.","http://tools.ietf.org/html/bcp47","",,,,"Medication.language",0,1,"",""
"Medication.text","","narrative
htmlxhtmldisplay","",0,1,"","","","Narrative {[]} {[]}
","Text summary of the resource, for human interpretation","A human-readable narrative that contains a summary of the resource, and may be used to represent the content of the resource to a human. The narrative need not encode all the structured data, but is required to contain sufficient detail to make it ""clinically safe"" for a human to just read the narrative. Resource definitions may define what content should be represented in the narrative to ensure clinical safety.","Contained resources do not have narrative. Resources that are not contained SHOULD have a narrative.","","","","","","","","",0,,,,"",,,,"Medication.text",0,1,"dom-1
","","Act.text?"
"Medication.contained","","inline resources
anonymous resourcescontained resources","",0,*,"","","","Resource {[]} {[]}
","Contained, inline Resources","These resources do not have an independent existence apart from the resource that contains them - they cannot be identified independently, and nor can they have their own independent transaction scope.","This should never be done when the content can be identified properly, as once identification is lost, it is extremely difficult (and context dependent) to restore it again.","","","","","","","","",0,,,,"",,,,"Medication.contained",0,*,"","","N/A"
"Medication.extension","Medication:argoprofile.extension","extensions
user content","",0,*,"","","","Extension {[]} {[]}
","Additional Content defined by implementations","May be used to represent additional information that is not part of the basic definition of the resource. In order to make the use of extensions safe and manageable, there is a strict set of governance  applied to the definition and use of extensions. Though any implementer is allowed to define an extension, there is a set of requirements that SHALL be met as part of the definition of the extension.","There can be no stigma associated with the use of extensions by any application, project, or standard - regardless of the institution or jurisdiction that uses or defines the extensions.  The use of extensions is what allows the FHIR specification to retain a core level of simplicity for everyone.","","","","","","","","",0,,,,"","value:url}
","",,"open","Medication.extension",0,*,"","","N/A"
"Medication.extension","identifier","","",0,*,"","","","Extension {[CanonicalType[http://hl7.org/fhir/us/fhirURL/StructureDefinition/shr-core-Identifier-extension]]} {[]}
","","Business identifier or external id for this resource.","","","","","","","","","",0,,,,"",,,,"Medication.extension",0,*,"",""
"Medication.extension","status","","",0,1,"","","","Extension {[CanonicalType[http://hl7.org/fhir/us/fhirURL/StructureDefinition/shr-base-Status-extension]]} {[]}
","","A state that relates to the workflow or interpretation of this resource. Certain status values can modify the meaning of the resource, for example, entered-in-error. When a boolean value is used, Status of true indicates the record is active, false means inactive.","","","","","","","","","",0,,,,"",,,,"Medication.extension",0,*,"",""
"Medication.extension","partof","","",0,1,"","","","Extension {[CanonicalType[http://hl7.org/fhir/us/fhirURL/StructureDefinition/shr-entity-PartOf-extension]]} {[]}
","","The larger entity that the asserted item is a portion of. For example, an organization part of a larger organization, or an encounter with a hospitalist might be part of a larger hospitalization encounter.","","","","","","","","","",0,,,,"",,,,"Medication.extension",0,*,"",""
"Medication.extension","overthecounter","","",0,1,"","","","Extension {[CanonicalType[http://hl7.org/fhir/us/fhirURL/StructureDefinition/shr-entity-OverTheCounter-extension]]} {[]}
","","True if the medication is available to consumers without a prescription.","","","","","","","","","",0,,,,"",,,,"Medication.extension",0,*,"",""
"Medication.modifierExtension","","extensions
user content","",0,*,"","Y","","Extension {[]} {[]}
","Extensions that cannot be ignored","May be used to represent additional information that is not part of the basic definition of the resource, and that modifies the understanding of the element that contains it. Usually modifier elements provide negation or qualification. In order to make the use of extensions safe and manageable, there is a strict set of governance applied to the definition and use of extensions. Though any implementer is allowed to define an extension, there is a set of requirements that SHALL be met as part of the definition of the extension. Applications processing a resource are required to check for modifier extensions.","There can be no stigma associated with the use of extensions by any application, project, or standard - regardless of the institution or jurisdiction that uses or defines the extensions.  The use of extensions is what allows the FHIR specification to retain a core level of simplicity for everyone.","","","","","","","","",0,,,,"",,,,"Medication.modifierExtension",0,*,"","","N/A"
"Medication.code","","","",1,1,"Y","","","CodeableConcept {[]} {[]}
","Codes that identify this medication","Used for identification and definition of a medication.","Depending on the context of use, the code that was actually selected by the user (prescriber, dispenser, etc.) should be marked as ""primary"". Other codes can only be literal translations to alternative code systems, or codes at a lower level of granularity (e.g. a generic code for a vendor-specific primary one).","","","","","","","","",0,"extensible","","http://hl7.org/fhir/us/core/ValueSet/us-core-medication-codes","",,,,"Medication.code",0,1,"","",".code","class","RXO-1.1-Requested Give Code.code / RXE-2.1-Give Code.code / RXD-2.1-Dispense/Give Code.code / RXG-4.1-Give Code.code /RXA-5.1-Administered Code.code / RXC-2.1 Component Code"
"Medication.isBrand","","","",0,1,"","","Y","boolean {[]} {[]}
","True if a brand","Set to true if the item is attributable to a specific manufacturer.","","","","","","","","","",0,,,,"",,,,"Medication.isBrand",0,1,"","","true if .player.scopingRole[typeCode=MANU] exists","class"
"Medication.manufacturer","","","",0,1,"","","Y","Reference {[]} {[CanonicalType[http://hl7.org/fhir/us/fhirURL/StructureDefinition/shr-entity-Organization]]}
","Manufacturer of the item","Describes the details of the manufacturer.","","","","","","","","","",0,,,,"",,,,"Medication.manufacturer",0,1,"","",".player.scopingRole[typeCode=MANU].scoper","who.actor","RXD-20-Substance Manufacturer Name / RXG-21-Substance Manufacturer Name / RXA-17-Substance Manufacturer Name"
"Medication.product","","","",0,1,"","","","BackboneElement {[]} {[]}
","Administrable medication details","Information that only applies to products (not packages).","","","","","","","","","",0,,,,"",,,,"Medication.product",0,1,"","",".player [classCode != CONT]"
"Medication.product.id","","","",0,1,"","","","id {[]} {[]}
","xml:id (or equivalent in JSON)","unique id for the element within a resource (for internal references).","","","","","","","","","",0,,,,"",,,,"Medication.product.id",0,1,"","","n/a"
"Medication.product.extension","","extensions
user content","",0,*,"","","","Extension {[]} {[]}
","Additional Content defined by implementations","May be used to represent additional information that is not part of the basic definition of the element. In order to make the use of extensions safe and manageable, there is a strict set of governance  applied to the definition and use of extensions. Though any implementer is allowed to define an extension, there is a set of requirements that SHALL be met as part of the definition of the extension.","There can be no stigma associated with the use of extensions by any application, project, or standard - regardless of the institution or jurisdiction that uses or defines the extensions.  The use of extensions is what allows the FHIR specification to retain a core level of simplicity for everyone.","","","","","","","","",0,,,,"",,,,"Medication.product.extension",0,*,"","","n/a"
"Medication.product.modifierExtension","","extensions
user contentmodifiers","",0,*,"","Y","","Extension {[]} {[]}
","Extensions that cannot be ignored","May be used to represent additional information that is not part of the basic definition of the element, and that modifies the understanding of the element that contains it. Usually modifier elements provide negation or qualification. In order to make the use of extensions safe and manageable, there is a strict set of governance applied to the definition and use of extensions. Though any implementer is allowed to define an extension, there is a set of requirements that SHALL be met as part of the definition of the extension. Applications processing a resource are required to check for modifier extensions.","There can be no stigma associated with the use of extensions by any application, project, or standard - regardless of the institution or jurisdiction that uses or defines the extensions.  The use of extensions is what allows the FHIR specification to retain a core level of simplicity for everyone.","","","","","","","","",0,,,,"",,,,"Medication.product.modifierExtension",0,*,"","","N/A"
"Medication.product.form","","","",0,1,"","","","CodeableConcept {[]} {[]}
","powder | tablets | carton +","Describes the form of the item.  Powder; tablets; carton.","","","","","","","","","",0,"required","The form of a medication","http://hl7.org/fhir/ValueSet/medication-form-codes","",,,,"Medication.product.form",0,1,"","",".formCode","RXO-5-Requested Dosage Form / RXE-6-Give Dosage Form / RXD-6-Actual Dosage Form / RXG-8-Give Dosage Form / RXA-8-Administered Dosage Form"
"Medication.product.ingredient","","","",0,*,"","","","BackboneElement {[]} {[]}
","Active or inactive ingredient","Identifies a particular constituent of interest in the product.","The ingredients need not be a complete list; usually only active ingredients are listed.","","","","","","","","",0,,,,"",,,,"Medication.product.ingredient",0,*,"","",".scopesRole[typeCode=INGR]"
"Medication.product.ingredient.id","","","",0,1,"","","","id {[]} {[]}
","xml:id (or equivalent in JSON)","unique id for the element within a resource (for internal references).","","","","","","","","","",0,,,,"",,,,"Medication.product.ingredient.id",0,1,"","","n/a"
"Medication.product.ingredient.extension","","extensions
user content","",0,*,"","","","Extension {[]} {[]}
","Additional Content defined by implementations","May be used to represent additional information that is not part of the basic definition of the element. In order to make the use of extensions safe and manageable, there is a strict set of governance  applied to the definition and use of extensions. Though any implementer is allowed to define an extension, there is a set of requirements that SHALL be met as part of the definition of the extension.","There can be no stigma associated with the use of extensions by any application, project, or standard - regardless of the institution or jurisdiction that uses or defines the extensions.  The use of extensions is what allows the FHIR specification to retain a core level of simplicity for everyone.","","","","","","","","",0,,,,"",,,,"Medication.product.ingredient.extension",0,*,"","","n/a"
"Medication.product.ingredient.modifierExtension","","extensions
user contentmodifiers","",0,*,"","Y","","Extension {[]} {[]}
","Extensions that cannot be ignored","May be used to represent additional information that is not part of the basic definition of the element, and that modifies the understanding of the element that contains it. Usually modifier elements provide negation or qualification. In order to make the use of extensions safe and manageable, there is a strict set of governance applied to the definition and use of extensions. Though any implementer is allowed to define an extension, there is a set of requirements that SHALL be met as part of the definition of the extension. Applications processing a resource are required to check for modifier extensions.","There can be no stigma associated with the use of extensions by any application, project, or standard - regardless of the institution or jurisdiction that uses or defines the extensions.  The use of extensions is what allows the FHIR specification to retain a core level of simplicity for everyone.","","","","","","","","",0,,,,"",,,,"Medication.product.ingredient.modifierExtension",0,*,"","","N/A"
"Medication.product.ingredient.item","","","",1,1,"","","","Reference {[]} {[CanonicalType[http://hl7.org/fhir/us/fhirURL/StructureDefinition/shr-entity-Substance], CanonicalType[http://hl7.org/fhir/us/fhirURL/StructureDefinition/shr-entity-Medication]]}
","The product contained","The actual ingredient - either a substance (simple ingredient) or another medication.","","","","","","","","","",0,,,,"",,,,"Medication.product.ingredient.item",1,1,"","",".player","RXC-2-Component Code  if medication: RXO-1-Requested Give Code / RXE-2-Give Code / RXD-2-Dispense/Give Code / RXG-4-Give Code / RXA-5-Administered Code"
"Medication.product.ingredient.amount","","","",0,1,"","","","Ratio {[]} {[]}
","Quantity of ingredient present","Specifies how many (or how much) of the items there are in this Medication.  For example, 250 mg per tablet.","","","","","","","","","",0,,,,"",,,,"Medication.product.ingredient.amount",0,1,"","",".quantity","RXC-3-Component Amount & RXC-4-Component Units  if medication: RXO-2-Requested Give Amount - Minimum & RXO-4-Requested Give Units / RXO-3-Requested Give Amount - Maximum & RXO-4-Requested Give Units / RXO-11-Requested Dispense Amount & RXO-12-Requested Dispense Units / RXE-3-Give Amount - Minimum & RXE-5-Give Units / RXE-4-Give Amount - Maximum & RXE-5-Give Units / RXE-10-Dispense Amount & RXE-10-Dispense Units"
"Medication.product.batch","","","",0,1,"","","","BackboneElement {[]} {[]}
","","Information about a group of medication produced or packaged from one production run.","","","","","","","","","",0,,,,"",,,,"Medication.product.batch",0,*,"",""
"Medication.product.batch.id","","","",0,1,"","","","id {[]} {[]}
","xml:id (or equivalent in JSON)","unique id for the element within a resource (for internal references).","","","","","","","","","",0,,,,"",,,,"Medication.product.batch.id",0,1,"","","n/a"
"Medication.product.batch.extension","","extensions
user content","",0,*,"","","","Extension {[]} {[]}
","Additional Content defined by implementations","May be used to represent additional information that is not part of the basic definition of the element. In order to make the use of extensions safe and manageable, there is a strict set of governance  applied to the definition and use of extensions. Though any implementer is allowed to define an extension, there is a set of requirements that SHALL be met as part of the definition of the extension.","There can be no stigma associated with the use of extensions by any application, project, or standard - regardless of the institution or jurisdiction that uses or defines the extensions.  The use of extensions is what allows the FHIR specification to retain a core level of simplicity for everyone.","","","","","","","","",0,,,,"",,,,"Medication.product.batch.extension",0,*,"","","n/a"
"Medication.product.batch.modifierExtension","","extensions
user contentmodifiers","",0,*,"","Y","","Extension {[]} {[]}
","Extensions that cannot be ignored","May be used to represent additional information that is not part of the basic definition of the element, and that modifies the understanding of the element that contains it. Usually modifier elements provide negation or qualification. In order to make the use of extensions safe and manageable, there is a strict set of governance applied to the definition and use of extensions. Though any implementer is allowed to define an extension, there is a set of requirements that SHALL be met as part of the definition of the extension. Applications processing a resource are required to check for modifier extensions.","There can be no stigma associated with the use of extensions by any application, project, or standard - regardless of the institution or jurisdiction that uses or defines the extensions.  The use of extensions is what allows the FHIR specification to retain a core level of simplicity for everyone.","","","","","","","","",0,,,,"",,,,"Medication.product.batch.modifierExtension",0,*,"","","N/A"
"Medication.product.batch.lotNumber","","","",0,1,"","","","string {[]} {[]}
","","The assigned lot number of a batch of the specified product.","","","","","","","","","",0,,,,"",,,,"Medication.product.batch.lotNumber",0,1,"","","RXA-15 Substance Lot Number / RXG-19 Substance Lot Number"
"Medication.product.batch.expirationDate","","","",0,1,"","","","dateTime {[]} {[]}
","","When this specific batch of product will expire.","","","","","","","","","",0,,,,"",,,,"Medication.product.batch.expirationDate",0,1,"","","RXA-16 Substance Expiration Date / RXG-20 Substance Expiration Date"
"Medication.package","","","",0,1,"","","","BackboneElement {[]} {[]}
","Details about packaged medications","Information that only applies to packages (not products).","","","","","","","","","",0,,,,"",,,,"Medication.package",0,1,"","",".player[classCode=CONT]"
"Medication.package.id","","","",0,1,"","","","id {[]} {[]}
","xml:id (or equivalent in JSON)","unique id for the element within a resource (for internal references).","","","","","","","","","",0,,,,"",,,,"Medication.package.id",0,1,"","","n/a"
"Medication.package.extension","","extensions
user content","",0,*,"","","","Extension {[]} {[]}
","Additional Content defined by implementations","May be used to represent additional information that is not part of the basic definition of the element. In order to make the use of extensions safe and manageable, there is a strict set of governance  applied to the definition and use of extensions. Though any implementer is allowed to define an extension, there is a set of requirements that SHALL be met as part of the definition of the extension.","There can be no stigma associated with the use of extensions by any application, project, or standard - regardless of the institution or jurisdiction that uses or defines the extensions.  The use of extensions is what allows the FHIR specification to retain a core level of simplicity for everyone.","","","","","","","","",0,,,,"",,,,"Medication.package.extension",0,*,"","","n/a"
"Medication.package.modifierExtension","","extensions
user contentmodifiers","",0,*,"","Y","","Extension {[]} {[]}
","Extensions that cannot be ignored","May be used to represent additional information that is not part of the basic definition of the element, and that modifies the understanding of the element that contains it. Usually modifier elements provide negation or qualification. In order to make the use of extensions safe and manageable, there is a strict set of governance applied to the definition and use of extensions. Though any implementer is allowed to define an extension, there is a set of requirements that SHALL be met as part of the definition of the extension. Applications processing a resource are required to check for modifier extensions.","There can be no stigma associated with the use of extensions by any application, project, or standard - regardless of the institution or jurisdiction that uses or defines the extensions.  The use of extensions is what allows the FHIR specification to retain a core level of simplicity for everyone.","","","","","","","","",0,,,,"",,,,"Medication.package.modifierExtension",0,*,"","","N/A"
"Medication.package.container","","","",0,1,"","","","CodeableConcept {[]} {[]}
","E.g. box, vial, blister-pack","The kind of container that this package comes as.","","","","","","","","","",0,"example","","http://hl7.org/fhir/ValueSet/medication-package-form","",,,,"Medication.package.container",0,1,"","",".code"
"Medication.package.content","","","",0,*,"","","","BackboneElement {[]} {[]}
","What is  in the package","A set of components that go to make up the described item.","","","","","","","","","",0,,,,"",,,,"Medication.package.content",0,*,"","",".scopesRole[typeCode=CONT]"
"Medication.package.content.id","","","",0,1,"","","","id {[]} {[]}
","xml:id (or equivalent in JSON)","unique id for the element within a resource (for internal references).","","","","","","","","","",0,,,,"",,,,"Medication.package.content.id",0,1,"","","n/a"
"Medication.package.content.extension","","extensions
user content","",0,*,"","","","Extension {[]} {[]}
","Additional Content defined by implementations","May be used to represent additional information that is not part of the basic definition of the element. In order to make the use of extensions safe and manageable, there is a strict set of governance  applied to the definition and use of extensions. Though any implementer is allowed to define an extension, there is a set of requirements that SHALL be met as part of the definition of the extension.","There can be no stigma associated with the use of extensions by any application, project, or standard - regardless of the institution or jurisdiction that uses or defines the extensions.  The use of extensions is what allows the FHIR specification to retain a core level of simplicity for everyone.","","","","","","","","",0,,,,"",,,,"Medication.package.content.extension",0,*,"","","n/a"
"Medication.package.content.modifierExtension","","extensions
user contentmodifiers","",0,*,"","Y","","Extension {[]} {[]}
","Extensions that cannot be ignored","May be used to represent additional information that is not part of the basic definition of the element, and that modifies the understanding of the element that contains it. Usually modifier elements provide negation or qualification. In order to make the use of extensions safe and manageable, there is a strict set of governance applied to the definition and use of extensions. Though any implementer is allowed to define an extension, there is a set of requirements that SHALL be met as part of the definition of the extension. Applications processing a resource are required to check for modifier extensions.","There can be no stigma associated with the use of extensions by any application, project, or standard - regardless of the institution or jurisdiction that uses or defines the extensions.  The use of extensions is what allows the FHIR specification to retain a core level of simplicity for everyone.","","","","","","","","",0,,,,"",,,,"Medication.package.content.modifierExtension",0,*,"","","N/A"
"Medication.package.content.item","","","",1,1,"","","","Reference {[]} {[CanonicalType[http://hl7.org/fhir/StructureDefinition/Medication]]}
","A product in the package","Identifies one of the items in the package.","","","","","","","","","",0,,,,"",,,,"Medication.package.content.item",1,1,"","",".player"
"Medication.package.content.amount","","","",0,1,"","","","Quantity {[CanonicalType[http://hl7.org/fhir/StructureDefinition/SimpleQuantity]]} {[]}
","Quantity present in the package","The amount of the product that is in the package.","","","","","","","","","",0,,,,"",,,,"Medication.package.content.amount",0,1,"","",".quantity"
