"Path","Slice Name","Alias(s)","Label","Min","Max","Must Support?","Is Modifier?","Is Summary?","Type(s)","Short","Definition","Comments","Requirements","Default Value","Meaning When Missing","Fixed Value","Pattern","Example","Minimum Value","Maximum Value","Maximum Length","Binding Strength","Binding Description","Binding Value Set","Code","Slicing Discriminator","Slicing Description","Slicing Ordered","Slicing Rules","Base Path","Base Min","Base Max","Condition(s)","Constraint(s)","Mapping: W5 Mapping","Mapping: HL7 v2","Mapping: RIM"
"ReferralRequest","","ReferralRequest TransferOfCare Request
","",0,*,"","","","","shr-core-ReferralRequest","Used to record and send details about a request for referral service or transfer of a patient to the care of another provider or provider organization.","","","","","","","","","",,,,,"",,,,"",0,null,"","","clinical.careprovision"
"ReferralRequest.id","","","",0,1,"","","Y","id {[]} {[]}
","Logical id of this artifact","The logical id of the resource, as used in the URL for the resource. Once assigned, this value never changes.","The only time that a resource does not have an id is when it is being submitted to the server using a create operation. Bundles always have an id, though it is usually a generated UUID.","","","","","","","","",,,,,"",,,,"",0,null,"",""
"ReferralRequest.meta","","","",0,1,"","","Y","Meta {[]} {[]}
","Metadata about the resource","The metadata about the resource. This is content that is maintained by the infrastructure. Changes to the content may not always be associated with version changes to the resource.","","","","","","","","","",,,,,"",,,,"",0,null,"",""
"ReferralRequest.meta.id","","","",0,1,"","","","id {[]} {[]}
","xml:id (or equivalent in JSON)","unique id for the element within a resource (for internal references).","","","","","","","","","",,,,,"",,,,"",0,null,"","","n/a"
"ReferralRequest.meta.extension","","extensions
user content","",0,*,"","","","Extension {[]} {[]}
","Additional Content defined by implementations","May be used to represent additional information that is not part of the basic definition of the element. In order to make the use of extensions safe and manageable, there is a strict set of governance  applied to the definition and use of extensions. Though any implementer is allowed to define an extension, there is a set of requirements that SHALL be met as part of the definition of the extension.","There can be no stigma associated with the use of extensions by any application, project, or standard - regardless of the institution or jurisdiction that uses or defines the extensions.  The use of extensions is what allows the FHIR specification to retain a core level of simplicity for everyone.","","","","","","","","",,,,,"",,,,"",0,null,"","","n/a"
"ReferralRequest.meta.versionId","","","",0,1,"","","Y","id {[]} {[]}
","Version specific identifier","The version specific identifier, as it appears in the version portion of the URL. This values changes when the resource is created, updated, or deleted.","The server assigns this value, and ignores what the client specifies, except in the case that the server is imposing version integrity on updates/deletes.","","","","","","","","",,,,,"",,,,"",0,null,"",""
"ReferralRequest.meta.lastUpdated","","","",0,1,"","","Y","instant {[]} {[]}
","When the resource version last changed","When the resource last changed - e.g. when the version changed.","This value is always populated except when the resource is first being created. The server / resource manager sets this value; what a client provides is irrelevant.","","","","","","","","",,,,,"",,,,"",0,null,"",""
"ReferralRequest.meta.profile","","","",0,*,"","","Y","uri {[]} {[]}
","Profiles this resource claims to conform to","A list of profiles [[[StructureDefinition]]]s that this resource claims to conform to. The URL is a reference to [[[StructureDefinition.url]]].","It is up to the server and/or other infrastructure of policy to determine whether/how these claims are verified and/or updated over time.  The list of profile URLs is a set.","","","","","","","","",,,,,"",,,,"",0,null,"",""
"ReferralRequest.meta.security","","","",0,*,"","","Y","Coding {[]} {[]}
","Security Labels applied to this resource","Security labels applied to this resource. These tags connect specific resources to the overall security policy and infrastructure.","The security labels can be updated without changing the stated version of the resource  The list of security labels is a set. Uniqueness is based the system/code, and version and display are ignored.","","","","","","","","",,"extensible","Security Labels from the Healthcare Privacy and Security Classification System.","http://hl7.org/fhir/ValueSet/security-labels","",,,,"",0,null,"",""
"ReferralRequest.meta.tag","","","",0,*,"","","Y","Coding {[]} {[]}
","Tags applied to this resource","Tags applied to this resource. Tags are intended to be used to identify and relate resources to process and workflow, and applications are not required to consider the tags when interpreting the meaning of a resource.","The tags can be updated without changing the stated version of the resource.  The list of tags is a set. Uniqueness is based the system/code, and version and display are ignored.","","","","","","","","",,"example","Codes that represent various types of tags, commonly workflow-related; e.g. ""Needs review by Dr. Jones""","","",,,,"",0,null,"",""
"ReferralRequest.implicitRules","","","",0,1,"","Y","Y","uri {[]} {[]}
","A set of rules under which this content was created","A reference to a set of rules that were followed when the resource was constructed, and which must be understood when processing the content.","Asserting this rule set restricts the content to be only understood by a limited set of trading partners. This inherently limits the usefulness of the data in the long term. However, the existing health eco-system is highly fractured, and not yet ready to define, collect, and exchange data in a generally computable sense. Wherever possible, implementers and/or specification writers should avoid using this element as much as possible.","","","","","","","","",,,,,"",,,,"",0,null,"",""
"ReferralRequest.language","","","",0,1,"","","","code {[]} {[]}
","Language of the resource content","The base language in which the resource is written.","Language is provided to support indexing and accessibility (typically, services such as text to speech use the language tag). The html language tag in the narrative applies  to the narrative. The language tag on the resource may be used to specify the language of other presentations generated from the data in the resource  Not all the content has to be in the base language. The Resource.language should not be assumed to apply to the narrative automatically. If a language is specified, it should it also be specified on the div element in the html (see rules in HTML5 for information about the relationship between xml:lang and the html lang attribute).","","","","","","","","",,"required","A human language.","http://tools.ietf.org/html/bcp47","",,,,"",0,null,"",""
"ReferralRequest.text","","narrative
htmlxhtmldisplay","",0,1,"","","","Narrative {[]} {[]}
","Text summary of the resource, for human interpretation","A human-readable narrative that contains a summary of the resource, and may be used to represent the content of the resource to a human. The narrative need not encode all the structured data, but is required to contain sufficient detail to make it ""clinically safe"" for a human to just read the narrative. Resource definitions may define what content should be represented in the narrative to ensure clinical safety.","Contained resources do not have narrative. Resources that are not contained SHOULD have a narrative.","","","","","","","","",,,,,"",,,,"",0,null,"dom-1
","","Act.text?"
"ReferralRequest.contained","","inline resources
anonymous resourcescontained resources","",0,*,"","","","Resource {[]} {[]}
","Contained, inline Resources","These resources do not have an independent existence apart from the resource that contains them - they cannot be identified independently, and nor can they have their own independent transaction scope.","This should never be done when the content can be identified properly, as once identification is lost, it is extremely difficult (and context dependent) to restore it again.","","","","","","","","",,,,,"",,,,"",0,null,"","","N/A"
"ReferralRequest.extension","","extensions
user content","",1,*,"","","","Extension {[]} {[]}
","Additional Content defined by implementations","May be used to represent additional information that is not part of the basic definition of the resource. In order to make the use of extensions safe and manageable, there is a strict set of governance  applied to the definition and use of extensions. Though any implementer is allowed to define an extension, there is a set of requirements that SHALL be met as part of the definition of the extension.","There can be no stigma associated with the use of extensions by any application, project, or standard - regardless of the institution or jurisdiction that uses or defines the extensions.  The use of extensions is what allows the FHIR specification to retain a core level of simplicity for everyone.","","","","","","","","",,,,,"","value:url}
","",,"open","",0,null,"","","N/A"
"ReferralRequest.extension","replaces","","",0,*,"","","","Extension {[CanonicalType[http://hl7.org/fhir/us/shr/StructureDefinition/shr-core-Replaces-extension]]} {[]}
","","Request(s) replaced by this request","","","","","","","","","",,,,,"",,,,"ReferralRequest.extension",0,*,"",""
"ReferralRequest.extension.id","","","",0,1,"","","","string {[]} {[]}
","xml:id (or equivalent in JSON)","unique id for the element within a resource (for internal references). This may be any string value that does not contain spaces.","","","","","","","","","",,,,,"",,,,"Element.id",0,1,"","","N/A"
"ReferralRequest.extension.extension","","","",0,0,"","","","Extension {[]} {[]}
","Extension","An Extension","","","","","","","","","",,,,,"",,,,"Element.extension",0,*,"",""
"ReferralRequest.extension.url","","","",1,1,"","","","uri {[]} {[]}
","identifies the meaning of the extension","Source of the definition for the extension code - a logical name or a URL.","","","","","<valueUri xmlns=""http://hl7.org/fhir"" value=""http://hl7.org/fhir/us/shr/StructureDefinition/shr-core-Replaces-extension""/>","","","","",,,,,"",,,,"Extension.url",1,1,"","","N/A"
"ReferralRequest.extension.valueReference","","","",1,1,"","","","Reference {[]} {[CanonicalType[http://hl7.org/fhir/us/shr/StructureDefinition/shr-core-ReferralRequest]]}
","ReferralRequest","Used to record and send details about a request for referral service or transfer of a patient to the care of another provider or provider organization.","","","","","","","","","",,,,,"",,,,"Extension.value[x]",0,1,"","","N/A"
"ReferralRequest.extension","requestintent","","",1,1,"","","","Extension {[CanonicalType[http://hl7.org/fhir/us/shr/StructureDefinition/shr-core-RequestIntent-extension]]} {[]}
","","Indicates the level of authority/intentionality associated with the request and where the request fits into the workflow chain.","","","","","","","","","",,,,,"",,,,"ReferralRequest.extension",0,*,"",""
"ReferralRequest.extension.id","","","",0,1,"","","","string {[]} {[]}
","xml:id (or equivalent in JSON)","unique id for the element within a resource (for internal references). This may be any string value that does not contain spaces.","","","","","","","","","",,,,,"",,,,"Element.id",0,1,"","","N/A"
"ReferralRequest.extension.extension","","","",0,0,"","","","Extension {[]} {[]}
","Extension","An Extension","","","","","","","","","",,,,,"",,,,"Element.extension",0,*,"",""
"ReferralRequest.extension.url","","","",1,1,"","","","uri {[]} {[]}
","identifies the meaning of the extension","Source of the definition for the extension code - a logical name or a URL.","","","","","<valueUri xmlns=""http://hl7.org/fhir"" value=""http://hl7.org/fhir/us/shr/StructureDefinition/shr-core-RequestIntent-extension""/>","","","","",,,,,"",,,,"Extension.url",1,1,"","","N/A"
"ReferralRequest.extension.valueCodeableConcept","","","",1,1,"","","","CodeableConcept {[]} {[]}
","Value of extension","Value of extension - may be a resource or one of a constrained set of the data types (see Extensibility in the spec for list).","","","","","","","","","",,"required","","http://hl7.org/fhir/ValueSet/request-intent","",,,,"Extension.value[x]",0,1,"","","N/A"
"ReferralRequest.extension","expectedperformertype","","",0,1,"","","","Extension {[CanonicalType[http://hl7.org/fhir/us/shr/StructureDefinition/shr-core-ExpectedPerformerType-extension]]} {[]}
","","What type of party should carry out the testing.","","","","","","","","","",,,,,"",,,,"ReferralRequest.extension",0,*,"",""
"ReferralRequest.extension","reasonreference","","",0,*,"","","","Extension {[CanonicalType[http://hl7.org/fhir/us/shr/StructureDefinition/shr-core-ReasonReference-extension]]} {[]}
","","The justification, as reference to a condition or observation.","","","","","","","","","",,,,,"",,,,"ReferralRequest.extension",0,*,"",""
"ReferralRequest.extension","annotation","","",0,*,"","","","Extension {[CanonicalType[http://hl7.org/fhir/us/shr/StructureDefinition/shr-core-Annotation-extension]]} {[]}
","","An added or follow-up note, often after the fact, that contains metadata about who made the statement and when.","","","","","","","","","",,,,,"",,,,"ReferralRequest.extension",0,*,"",""
"ReferralRequest.extension","communicationmethod","","",0,1,"","","","Extension {[CanonicalType[http://hl7.org/fhir/us/shr/StructureDefinition/shr-core-CommunicationMethod-extension]]} {[]}
","","This is the method the provider used to communicate. Examples include: Written, Telephoned, Verbal, Electronically Entered, Policy, Service Correction, Duplicate, etc. 'Code indicating the origin of the prescription.' - NCPDP Telecommunication (Field 419-DJ, Data Dictionary 201104). Possible values include: Written; Telephone; Electronic; Facsimile; Pharmacy; Not Known.","","","","","","","","","",,,,,"",,,,"ReferralRequest.extension",0,*,"",""
"ReferralRequest.extension","referralrecipient","","",0,*,"","","","Extension {[CanonicalType[http://hl7.org/fhir/us/shr/StructureDefinition/shr-core-ReferralRecipient-extension]]} {[]}
","","The practitioner or organization receiving the referral.","","","","","","","","","",,,,,"",,,,"ReferralRequest.extension",0,*,"",""
"ReferralRequest.modifierExtension","","extensions
user content","",0,*,"","Y","","Extension {[]} {[]}
","Extensions that cannot be ignored","May be used to represent additional information that is not part of the basic definition of the resource, and that modifies the understanding of the element that contains it. Usually modifier elements provide negation or qualification. In order to make the use of extensions safe and manageable, there is a strict set of governance applied to the definition and use of extensions. Though any implementer is allowed to define an extension, there is a set of requirements that SHALL be met as part of the definition of the extension. Applications processing a resource are required to check for modifier extensions.","There can be no stigma associated with the use of extensions by any application, project, or standard - regardless of the institution or jurisdiction that uses or defines the extensions.  The use of extensions is what allows the FHIR specification to retain a core level of simplicity for everyone.","","","","","","","","",,,,,"",,,,"",0,null,"","","N/A"
"ReferralRequest.status","","","",1,1,"","Y","Y","code {[]} {[]}
","draft | requested | active | cancelled | accepted | rejected | completed","The workflow status of the referral or transfer of care request.","","","","","","","","","",,"required","The status of the referral.","http://hl7.org/fhir/ValueSet/referralstatus","",,,,"",0,null,"","","status","RF1-1"
"ReferralRequest.identifier","","","",0,*,"","","","Identifier {[]} {[]}
","Business identifier","Business identifier that uniquely identifies the referral/care transfer request instance.","","","","","","","","","",,,,,"",,,,"",0,null,"","","id","RF1-6 / RF1-11"
"ReferralRequest.date","","","",0,1,"","","Y","dateTime {[]} {[]}
","Date of creation/activation","Date/DateTime of creation for draft requests and date of activation for active requests.","","","","","","","","","",,,,,"",,,,"",0,null,"","","when.init","RF1-7 / RF1-9?"
"ReferralRequest.type","","","",0,1,"","","Y","CodeableConcept {[]} {[]}
","Referral/Transition of care request type","An indication of the type of referral (or where applicable the type of transfer of care) request.","Examples of referral type: - consultation;         second opinion;          third opinion - Assume management - Request for procedure(s)  HL7 v2.8 Example - Table 0336: S = second opinion p = patient preference o = provider ordered w = work load.","","","","","","","","",,"example","","http://hl7.org/fhir/ValueSet/referral-type","",,,,"",0,null,"","","class","RF1-10"
"ReferralRequest.specialty","","","",0,1,"","","","CodeableConcept {[]} {[]}
","The clinical specialty (discipline) that the referral is requested for","Indication of the clinical domain or discipline to which the referral or transfer of care request is sent.  For example: Cardiology Gastroenterology Diabetology.","","","","","","","","","",,"example","Codes indicating the types of capability the referred to service provider must have.","http://hl7.org/fhir/ValueSet/practitioner-specialty","",,,,"",0,null,"","","RF1-3"
"ReferralRequest.priority","","","",0,1,"","","Y","CodeableConcept {[]} {[]}
","Urgency of referral / transfer of care request","An indication of the urgency of referral (or where applicable the type of transfer of care) request.","","","","","","","","","",,"required","","http://hl7.org/fhir/ValueSet/request-priority","",,,,"",0,null,"","","grade","RF1-2"
"ReferralRequest.patient","","","",1,1,"","","Y","Reference {[]} {[CanonicalType[http://hl7.org/fhir/us/shr/StructureDefinition/shr-core-Patient]]}
","Patient referred to care or transfer","The patient who is the subject of a referral or transfer of care request.","Referral of family, group or community is to be catered for by profiles.","","","","","","","","",,,,,"",,,,"ReferralRequest.patient",0,1,"","","who.focus","PID-3"
"ReferralRequest.requester","","","",0,1,"","","Y","Reference {[]} {[CanonicalType[http://hl7.org/fhir/us/shr/StructureDefinition/shr-core-Practitioner], CanonicalType[http://hl7.org/fhir/us/shr/StructureDefinition/shr-core-Organization], CanonicalType[http://hl7.org/fhir/us/shr/StructureDefinition/shr-core-Patient]]}
","Requester of referral / transfer of care","The healthcare provider or provider organization who/which initiated the referral/transfer of care request. Can also be  Patient (a self referral).","","","","","","","","","",,,,,"",,,,"",0,null,"","","who.author","Practitioner: PRD-2/PRD-7 where PRD-3 = RP; Organization: PRD-10 where PRD-3 = RP"
"ReferralRequest.recipient","","","",0,1,"","","Y","Reference {[]} {[CanonicalType[http://hl7.org/fhir/us/shr/StructureDefinition/shr-core-Practitioner], CanonicalType[http://hl7.org/fhir/us/shr/StructureDefinition/shr-core-Organization]]}
","Receiver of referral / transfer of care request","The healthcare provider(s) or provider organization(s) who/which is to receive the referral/transfer of care request.","There will be a primary receiver. But the request can be received by any number of ""copied to"" providers or organizations.","","","","","","","","",,,,,"",,,,"ReferralRequest.recipient",0,*,"","","who.actor","Practitioner: PRD-2/PRD-7 where PRD-3 = RT; Organization: PRD-10 where PRD-3 = RT"
"ReferralRequest.encounter","","","",0,1,"","","","Reference {[]} {[CanonicalType[http://hl7.org/fhir/us/shr/StructureDefinition/shr-core-Encounter]]}
","Originating encounter","The encounter at which the request for referral or transfer of care is initiated.","","","","","","","","","",,,,,"",,,,"",0,null,"","","context","PV1-19"
"ReferralRequest.dateSent","","","",0,1,"","","Y","dateTime {[]} {[]}
","Date referral/transfer of care request is sent","Date/DateTime the request for referral or transfer of care is sent by the author.","","","","","","","","","",,,,,"",,,,"",0,null,"","","when.init","RF1-7 / RF1-9?"
"ReferralRequest.reason","","","",0,1,"","","Y","CodeableConcept {[]} {[]}
","Reason for referral / transfer of care request","Description of clinical condition indicating why referral/transfer of care is requested.  For example:  Pathological Anomalies, Disabled (physical or mental),  Behavioral Management.","","","","","","","","","",,"example","Codes indicating why the referral is being requested.","","",,,,"",0,null,"","","why","RF1-10"
"ReferralRequest.description","","","",0,1,"","","","string {[]} {[]}
","A textual description of the referral","The reason element gives a short description of why the referral is being made, the description expands on this to support a more complete clinical summary.","","","","","","","","","",,,,,"",,,,"",0,null,"",""
"ReferralRequest.serviceRequested","","","",0,*,"","","Y","CodeableConcept {[]} {[]}
","Actions requested as part of the referral","The service(s) that is/are requested to be provided to the patient.  For example: cardiac pacemaker insertion.","","","","","","","","","",,"example","","http://hl7.org/fhir/ValueSet/service-type","",,,,"",0,null,"","","what","PR1-3 / OBR-4"
"ReferralRequest.supportingInformation","","","",0,*,"","","Y","Reference {[]} {[CanonicalType[http://hl7.org/fhir/us/shr/StructureDefinition/shr-core-DomainResource]]}
","Additonal information to support referral or transfer of care request","Any additional (administrative, financial or clinical) information required to support request for referral or transfer of care.  For example: Presenting problems/chief complaints Medical History Family History Alerts Allergy/Intolerance and Adverse Reactions Medications Observations/Assessments (may include cognitive and fundtional assessments) Diagnostic Reports Care Plan.","","","","","","","","","",,,,,"",,,,"",0,null,"",""
"ReferralRequest.fulfillmentTime","","EffectiveTime
","",0,1,"","","Y","Period {[]} {[]}
","Requested service(s) fulfillment time","The period of time within which the services identified in the referral/transfer of care is specified or required to occur.","","Use cases: (1) to indicate that the requested service is not to happen before a specified date, and saving the start date in Period.start; (2) to indicate that the requested service must happen before a specified date, and saving the end date in Period.end; (3) to indicate that the requested service must happen during the specified dates (""start"" and ""end"" values).","","","","","","","",,,,,"",,,,"",0,null,"","","when.planned","OBR-7/OBR-8"
