"Path","Slice Name","Alias(s)","Label","Min","Max","Must Support?","Is Modifier?","Is Summary?","Type(s)","Short","Definition","Comments","Requirements","Default Value","Meaning When Missing","Fixed Value","Pattern","Example","Minimum Value","Maximum Value","Maximum Length","Binding Strength","Binding Description","Binding Value Set","Code","Slicing Discriminator","Slicing Description","Slicing Ordered","Slicing Rules","Base Path","Base Min","Base Max","Condition(s)","Constraint(s)","Mapping: RIM","Mapping: W5 Mapping","Mapping: HL7 v2"
"Encounter","","Visit
","",0,*,"","","","","shr-core-Encounter","A description of an interaction between a patient and healthcare provider(s) for the purpose of providing healthcare service(s) or assessing the health status of a patient.","","","","","","","","","",,,,,"",,,,"",0,null,"","","Encounter[moodCode=EVN]","workflow.encounter"
"Encounter.id","","","",0,1,"","","Y","id {[]} {[]}
","Logical id of this artifact","The logical id of the resource, as used in the URL for the resource. Once assigned, this value never changes.","The only time that a resource does not have an id is when it is being submitted to the server using a create operation. Bundles always have an id, though it is usually a generated UUID.","","","","","","","","",,,,,"",,,,"",0,null,"",""
"Encounter.meta","","","",0,1,"","","Y","Meta {[]} {[]}
","Metadata about the resource","The metadata about the resource. This is content that is maintained by the infrastructure. Changes to the content may not always be associated with version changes to the resource.","","","","","","","","","",,,,,"",,,,"",0,null,"",""
"Encounter.meta.id","","","",0,1,"","","","id {[]} {[]}
","xml:id (or equivalent in JSON)","unique id for the element within a resource (for internal references).","","","","","","","","","",,,,,"",,,,"",0,null,"","","n/a"
"Encounter.meta.extension","","extensions
user content","",0,*,"","","","Extension {[]} {[]}
","Additional Content defined by implementations","May be used to represent additional information that is not part of the basic definition of the element. In order to make the use of extensions safe and manageable, there is a strict set of governance  applied to the definition and use of extensions. Though any implementer is allowed to define an extension, there is a set of requirements that SHALL be met as part of the definition of the extension.","There can be no stigma associated with the use of extensions by any application, project, or standard - regardless of the institution or jurisdiction that uses or defines the extensions.  The use of extensions is what allows the FHIR specification to retain a core level of simplicity for everyone.","","","","","","","","",,,,,"",,,,"",0,null,"","","n/a"
"Encounter.meta.versionId","","","",0,1,"","","Y","id {[]} {[]}
","Version specific identifier","The version specific identifier, as it appears in the version portion of the URL. This values changes when the resource is created, updated, or deleted.","The server assigns this value, and ignores what the client specifies, except in the case that the server is imposing version integrity on updates/deletes.","","","","","","","","",,,,,"",,,,"",0,null,"",""
"Encounter.meta.lastUpdated","","","",0,1,"","","Y","instant {[]} {[]}
","When the resource version last changed","When the resource last changed - e.g. when the version changed.","This value is always populated except when the resource is first being created. The server / resource manager sets this value; what a client provides is irrelevant.","","","","","","","","",,,,,"",,,,"",0,null,"",""
"Encounter.meta.profile","","","",0,*,"","","Y","uri {[]} {[]}
","Profiles this resource claims to conform to","A list of profiles [[[StructureDefinition]]]s that this resource claims to conform to. The URL is a reference to [[[StructureDefinition.url]]].","It is up to the server and/or other infrastructure of policy to determine whether/how these claims are verified and/or updated over time.  The list of profile URLs is a set.","","","","","","","","",,,,,"",,,,"",0,null,"",""
"Encounter.meta.security","","","",0,*,"","","Y","Coding {[]} {[]}
","Security Labels applied to this resource","Security labels applied to this resource. These tags connect specific resources to the overall security policy and infrastructure.","The security labels can be updated without changing the stated version of the resource  The list of security labels is a set. Uniqueness is based the system/code, and version and display are ignored.","","","","","","","","",,"extensible","Security Labels from the Healthcare Privacy and Security Classification System.","http://hl7.org/fhir/ValueSet/security-labels","",,,,"",0,null,"",""
"Encounter.meta.tag","","","",0,*,"","","Y","Coding {[]} {[]}
","Tags applied to this resource","Tags applied to this resource. Tags are intended to be used to identify and relate resources to process and workflow, and applications are not required to consider the tags when interpreting the meaning of a resource.","The tags can be updated without changing the stated version of the resource.  The list of tags is a set. Uniqueness is based the system/code, and version and display are ignored.","","","","","","","","",,"example","Codes that represent various types of tags, commonly workflow-related; e.g. ""Needs review by Dr. Jones""","","",,,,"",0,null,"",""
"Encounter.implicitRules","","","",0,1,"","Y","Y","uri {[]} {[]}
","A set of rules under which this content was created","A reference to a set of rules that were followed when the resource was constructed, and which must be understood when processing the content.","Asserting this rule set restricts the content to be only understood by a limited set of trading partners. This inherently limits the usefulness of the data in the long term. However, the existing health eco-system is highly fractured, and not yet ready to define, collect, and exchange data in a generally computable sense. Wherever possible, implementers and/or specification writers should avoid using this element as much as possible.","","","","","","","","",,,,,"",,,,"",0,null,"",""
"Encounter.language","","","",0,1,"","","","code {[]} {[]}
","Language of the resource content","The base language in which the resource is written.","Language is provided to support indexing and accessibility (typically, services such as text to speech use the language tag). The html language tag in the narrative applies  to the narrative. The language tag on the resource may be used to specify the language of other presentations generated from the data in the resource  Not all the content has to be in the base language. The Resource.language should not be assumed to apply to the narrative automatically. If a language is specified, it should it also be specified on the div element in the html (see rules in HTML5 for information about the relationship between xml:lang and the html lang attribute).","","","","","","","","",,"required","A human language.","http://tools.ietf.org/html/bcp47","",,,,"",0,null,"",""
"Encounter.text","","narrative
htmlxhtmldisplay","",0,1,"","","","Narrative {[]} {[]}
","Text summary of the resource, for human interpretation","A human-readable narrative that contains a summary of the resource, and may be used to represent the content of the resource to a human. The narrative need not encode all the structured data, but is required to contain sufficient detail to make it ""clinically safe"" for a human to just read the narrative. Resource definitions may define what content should be represented in the narrative to ensure clinical safety.","Contained resources do not have narrative. Resources that are not contained SHOULD have a narrative.","","","","","","","","",,,,,"",,,,"",0,null,"dom-1
","","Act.text?"
"Encounter.contained","","inline resources
anonymous resourcescontained resources","",0,*,"","","","Resource {[]} {[]}
","Contained, inline Resources","These resources do not have an independent existence apart from the resource that contains them - they cannot be identified independently, and nor can they have their own independent transaction scope.","This should never be done when the content can be identified properly, as once identification is lost, it is extremely difficult (and context dependent) to restore it again.","","","","","","","","",,,,,"",,,,"",0,null,"","","N/A"
"Encounter.extension","","extensions
user content","",0,*,"","","","Extension {[]} {[]}
","Additional Content defined by implementations","May be used to represent additional information that is not part of the basic definition of the resource. In order to make the use of extensions safe and manageable, there is a strict set of governance  applied to the definition and use of extensions. Though any implementer is allowed to define an extension, there is a set of requirements that SHALL be met as part of the definition of the extension.","There can be no stigma associated with the use of extensions by any application, project, or standard - regardless of the institution or jurisdiction that uses or defines the extensions.  The use of extensions is what allows the FHIR specification to retain a core level of simplicity for everyone.","","","","","","","","",,,,,"","value:url}
","",,"open","",0,null,"","","N/A"
"Encounter.extension","encounterclass","","",0,*,"","","","Extension {[CanonicalType[http://hl7.org/fhir/us/shr/StructureDefinition/shr-core-EncounterClass-extension]]} {[]}
","","Concepts representing classification of patient encounter such as ambulatory (outpatient), inpatient, emergency, home health or others due to local variations.","","","","","","","","","",,,,,"",,,,"Encounter.extension",0,*,"",""
"Encounter.extension","timeperiod","","",0,*,"","","","Extension {[CanonicalType[http://hl7.org/fhir/us/shr/StructureDefinition/shr-core-TimePeriod-extension]]} {[]}
","","A period of time defined by a start and end time, date, or year.
If the start element is missing, the start of the period is not known. If the end element is missing, it means that the period is ongoing, or the start may be in the past, and the end date in the future, which means that period is expected/planned to end at the specified time. The end value includes any matching date/time. For example, the period 2011-05-23 to 2011-05-27 includes all the times from the start of the 23rd May through to the end of the 27th of May.","","","","","","","","","",,,,,"",,,,"Encounter.extension",0,*,"",""
"Encounter.extension","diagnosiscode","","",0,*,"","","","Extension {[CanonicalType[http://hl7.org/fhir/us/shr/StructureDefinition/shr-core-DiagnosisCode-extension]]} {[]}
","","Codes for a diagnosis.","","","","","","","","","",,,,,"",,,,"Encounter.extension",0,*,"",""
"Encounter.extension","condition","","",0,*,"","","","Extension {[CanonicalType[http://hl7.org/fhir/us/shr/StructureDefinition/shr-core-Condition-extension]]} {[]}
","","A condition that is or may be present in a subject. 'Condition' is interpreted broadly and could be a disorder, abnormality, problem, injury, complaint, functionality, illness, disease, ailment, sickness, affliction, upset, difficulty, disorder, symptom, worry, or trouble.
SHR Condition uses the SHR BodySite structure that includes not only a code, but optional laterality, direction, clock direction, and distance. If included, the distance is measured from the location specified by the code, laterality, and direction.","","","","","","","","","",,,,,"",,,,"Encounter.extension",0,*,"",""
"Encounter.extension","type","","",0,*,"","","","Extension {[CanonicalType[http://hl7.org/fhir/us/shr/StructureDefinition/shr-core-Type-extension]]} {[]}
","","A code describing the item at a greater level of detail.","","","","","","","","","",,,,,"",,,,"Encounter.extension",0,*,"",""
"Encounter.extension.id","","","",0,1,"","","","string {[]} {[]}
","xml:id (or equivalent in JSON)","unique id for the element within a resource (for internal references). This may be any string value that does not contain spaces.","","","","","","","","","",,,,,"",,,,"Element.id",0,1,"","","N/A"
"Encounter.extension.extension","","","",0,0,"","","","Extension {[]} {[]}
","Extension","An Extension","","","","","","","","","",,,,,"",,,,"Element.extension",0,*,"",""
"Encounter.extension.url","","","",1,1,"","","","uri {[]} {[]}
","identifies the meaning of the extension","Source of the definition for the extension code - a logical name or a URL.","","","","","<valueUri xmlns=""http://hl7.org/fhir"" value=""http://hl7.org/fhir/us/shr/StructureDefinition/shr-core-Type-extension""/>","","","","",,,,,"",,,,"Extension.url",1,1,"","","N/A"
"Encounter.extension.valueCodeableConcept","","","",1,1,"","","","CodeableConcept {[]} {[]}
","Value of extension","Value of extension - may be a resource or one of a constrained set of the data types (see Extensibility in the spec for list).","","","","","","","","","",,"preferred","","http://hl7.org/fhir/ValueSet/diagnosis-role","",,,,"Extension.value[x]",0,1,"","","N/A"
"Encounter.extension","priorityrank","","",0,*,"","","","Extension {[CanonicalType[http://hl7.org/fhir/us/shr/StructureDefinition/shr-core-PriorityRank-extension]]} {[]}
","","The priority of the procedure, as a number (1 being the highest priority)","","","","","","","","","",,,,,"",,,,"Encounter.extension",0,*,"",""
"Encounter.modifierExtension","","extensions
user content","",0,*,"","Y","","Extension {[]} {[]}
","Extensions that cannot be ignored","May be used to represent additional information that is not part of the basic definition of the resource, and that modifies the understanding of the element that contains it. Usually modifier elements provide negation or qualification. In order to make the use of extensions safe and manageable, there is a strict set of governance applied to the definition and use of extensions. Though any implementer is allowed to define an extension, there is a set of requirements that SHALL be met as part of the definition of the extension. Applications processing a resource are required to check for modifier extensions.","There can be no stigma associated with the use of extensions by any application, project, or standard - regardless of the institution or jurisdiction that uses or defines the extensions.  The use of extensions is what allows the FHIR specification to retain a core level of simplicity for everyone.","","","","","","","","",,,,,"",,,,"",0,null,"","","N/A"
"Encounter.identifier","","","",0,*,"","","Y","Identifier {[]} {[]}
","Identifier(s) by which this encounter is known","Identifier(s) by which this encounter is known.","","","","","","","","","",,,,,"",,,,"",0,null,"","",".id","id","PV1-19"
"Encounter.status","","","",1,1,"","Y","Y","code {[]} {[]}
","planned | arrived | in-progress | onleave | finished | cancelled","planned | arrived | in-progress | onleave | finished | cancelled.","","","","","","","","","",,"required","Current state of the encounter","http://hl7.org/fhir/ValueSet/encounter-state","",,,,"",0,null,"","",".statusCode","status","No clear equivalent in HL7 v2; active/finished could be inferred from PV1-44, PV1-45, PV2-24; inactive could be inferred from PV2-16"
"Encounter.statusHistory","","","",0,*,"","","","BackboneElement {[]} {[]}
","List of past encounter statuses","The status history permits the encounter resource to contain the status history without needing to read through the historical versions of the resource, or even have the server store them.","The current status is always found in the current version of the resource, not the status history.","","","","","","","","",,,,,"",,,,"",0,null,"",""
"Encounter.statusHistory.id","","","",0,1,"","","","id {[]} {[]}
","xml:id (or equivalent in JSON)","unique id for the element within a resource (for internal references).","","","","","","","","","",,,,,"",,,,"",0,null,"","","n/a"
"Encounter.statusHistory.extension","","extensions
user content","",0,*,"","","","Extension {[]} {[]}
","Additional Content defined by implementations","May be used to represent additional information that is not part of the basic definition of the element. In order to make the use of extensions safe and manageable, there is a strict set of governance  applied to the definition and use of extensions. Though any implementer is allowed to define an extension, there is a set of requirements that SHALL be met as part of the definition of the extension.","There can be no stigma associated with the use of extensions by any application, project, or standard - regardless of the institution or jurisdiction that uses or defines the extensions.  The use of extensions is what allows the FHIR specification to retain a core level of simplicity for everyone.","","","","","","","","",,,,,"",,,,"",0,null,"","","n/a"
"Encounter.statusHistory.modifierExtension","","extensions
user contentmodifiers","",0,*,"","Y","","Extension {[]} {[]}
","Extensions that cannot be ignored","May be used to represent additional information that is not part of the basic definition of the element, and that modifies the understanding of the element that contains it. Usually modifier elements provide negation or qualification. In order to make the use of extensions safe and manageable, there is a strict set of governance applied to the definition and use of extensions. Though any implementer is allowed to define an extension, there is a set of requirements that SHALL be met as part of the definition of the extension. Applications processing a resource are required to check for modifier extensions.","There can be no stigma associated with the use of extensions by any application, project, or standard - regardless of the institution or jurisdiction that uses or defines the extensions.  The use of extensions is what allows the FHIR specification to retain a core level of simplicity for everyone.","","","","","","","","",,,,,"",,,,"",0,null,"","","N/A"
"Encounter.statusHistory.status","","","",1,1,"","","","code {[]} {[]}
","planned | arrived | in-progress | onleave | finished | cancelled","planned | arrived | in-progress | onleave | finished | cancelled.","","","","","","","","","",,"required","Current state of the encounter","http://hl7.org/fhir/ValueSet/encounter-state","",,,,"",0,null,"",""
"Encounter.statusHistory.period","","","",1,1,"","","","Period {[]} {[]}
","The time that the episode was in the specified status","The time that the episode was in the specified status.","","","","","","","","","",,,,,"",,,,"",0,null,"",""
"Encounter.class","","","",0,1,"","","Y","code {[]} {[]}
","inpatient | outpatient | ambulatory | emergency +","inpatient | outpatient | ambulatory | emergency +.","","","","","","","","","",,"required","Classification of the encounter","http://hl7.org/fhir/ValueSet/encounter-class","",,,,"",0,null,"","",".inboundRelationship[typeCode=SUBJ].source[classCode=LIST].code","class","PV1-2"
"Encounter.type","","","",0,*,"","","Y","CodeableConcept {[]} {[]}
","Specific type of encounter","Specific type of encounter (e.g. e-mail consultation, surgical day-care, skilled nursing, rehabilitation).","Since there are many ways to further classify encounters, this element is 0..*.","","","","","","","","",,"extensible","","http://hl7.org/fhir/ValueSet/v3-ActEncounterCode","",,,,"",0,null,"","",".code","class","PV1-4 / PV1-18"
"Encounter.priority","","","",0,1,"","","","CodeableConcept {[]} {[]}
","Indicates the urgency of the encounter","Indicates the urgency of the encounter.","","","","","","","","","",,"example","","http://hl7.org/fhir/ValueSet/v3-ActPriority","",,,,"",0,null,"","",".priorityCode","grade","PV2-25"
"Encounter.patient","","patient
","",1,1,"","","Y","Reference {[]} {[CanonicalType[http://hl7.org/fhir/us/shr/StructureDefinition/shr-core-Patient]]}
","The patient present at the encounter","The patient present at the encounter.","While the encounter is always about the patient, the patient may not actually be known in all contexts of use.","","","","","","","","",,,,,"",,,,"Encounter.patient",0,1,"","",".participation[typeCode=SBJ]/role[classCode=PAT]","who.focus","PID-3"
"Encounter.episodeOfCare","","","",0,*,"","","Y","Reference {[]} {[CanonicalType[http://hl7.org/fhir/us/shr/StructureDefinition/shr-core-EpisodeOfCare]]}
","Episode(s) of care that this encounter should be recorded against","Where a specific encounter should be classified as a part of a specific episode(s) of care this field should be used. This association can facilitate grouping of related encounters together for a specific purpose, such as government reporting, issue tracking, association via a common problem.  The association is recorded on the encounter as these are typically created after the episode of care, and grouped on entry rather than editing the episode of care to append another encounter to it (the episode of care could span years).","","","","","","","","","",,,,,"",,,,"",0,null,"","","context","PV1-54, PV1-53"
"Encounter.incomingReferral","","","",0,*,"","","","Reference {[]} {[CanonicalType[http://hl7.org/fhir/us/shr/StructureDefinition/shr-core-ReferralRequest]]}
","The ReferralRequest that initiated this encounter","The referral request this encounter satisfies (incoming referral).","","","","","","","","","",,,,,"",,,,"",0,null,"",""
"Encounter.participant","","","",0,*,"","","Y","BackboneElement {[]} {[]}
","List of participants involved in the encounter","The list of people responsible for providing the service.","","","","","","","","","",,,,,"",,,,"",0,null,"","",".participation[typeCode=PFM]","ROL"
"Encounter.participant.id","","","",0,1,"","","","id {[]} {[]}
","xml:id (or equivalent in JSON)","unique id for the element within a resource (for internal references).","","","","","","","","","",,,,,"",,,,"",0,null,"","","n/a"
"Encounter.participant.extension","","extensions
user content","",0,*,"","","","Extension {[]} {[]}
","Additional Content defined by implementations","May be used to represent additional information that is not part of the basic definition of the element. In order to make the use of extensions safe and manageable, there is a strict set of governance  applied to the definition and use of extensions. Though any implementer is allowed to define an extension, there is a set of requirements that SHALL be met as part of the definition of the extension.","There can be no stigma associated with the use of extensions by any application, project, or standard - regardless of the institution or jurisdiction that uses or defines the extensions.  The use of extensions is what allows the FHIR specification to retain a core level of simplicity for everyone.","","","","","","","","",,,,,"",,,,"",0,null,"","","n/a"
"Encounter.participant.modifierExtension","","extensions
user contentmodifiers","",0,*,"","Y","","Extension {[]} {[]}
","Extensions that cannot be ignored","May be used to represent additional information that is not part of the basic definition of the element, and that modifies the understanding of the element that contains it. Usually modifier elements provide negation or qualification. In order to make the use of extensions safe and manageable, there is a strict set of governance applied to the definition and use of extensions. Though any implementer is allowed to define an extension, there is a set of requirements that SHALL be met as part of the definition of the extension. Applications processing a resource are required to check for modifier extensions.","There can be no stigma associated with the use of extensions by any application, project, or standard - regardless of the institution or jurisdiction that uses or defines the extensions.  The use of extensions is what allows the FHIR specification to retain a core level of simplicity for everyone.","","","","","","","","",,,,,"",,,,"",0,null,"","","N/A"
"Encounter.participant.type","","","",0,*,"","","Y","CodeableConcept {[]} {[]}
","Role of participant in encounter","Role of participant in encounter.","The participant type indicates how an individual partitipates in an encounter. It includes non-practitioner participants, and for practitioners this is to describe the action type in the context of this encounter (e.g. Admitting Dr, Attending Dr, Translator, Consulting Dr). This is different to the practitioner roles which are functional roles, derived from terms of employment, education, licensing, etc.","","","","","","","","",,"extensible","Role of participant in encounter","http://hl7.org/fhir/ValueSet/encounter-participant-type","",,,,"",0,null,"","",".functionCode","ROL-3 (or maybe PRT-4)"
"Encounter.participant.period","","","",0,1,"","","","Period {[]} {[]}
","Period of time during the encounter participant was present","The period of time that the specified participant was present during the encounter. These can overlap or be sub-sets of the overall encounters period.","","","","","","","","","",,,,,"",,,,"",0,null,"","","ROL-5, ROL-6 (or maybe PRT-5)"
"Encounter.participant.individual","","","",0,1,"","","Y","Reference {[]} {[CanonicalType[http://hl7.org/fhir/us/shr/StructureDefinition/shr-core-Practitioner], CanonicalType[http://hl7.org/fhir/us/shr/StructureDefinition/shr-core-RelatedPerson]]}
","Persons involved in the encounter other than the patient","Persons involved in the encounter other than the patient.","","","","","","","","","",,,,,"",,,,"",0,null,"","",".role","who","ROL-4"
"Encounter.appointment","","","",0,1,"","","Y","Reference {[]} {[CanonicalType[http://hl7.org/fhir/us/shr/StructureDefinition/shr-core-Appointment]]}
","The appointment that scheduled this encounter","The appointment that scheduled this encounter.","","","","","","","","","",,,,,"",,,,"",0,null,"","",".outboundRelationship[typeCode=FLFS].target[classCode=ENC, moodCode=APT]","SCH-1 / SCH-2"
"Encounter.period","","","",0,1,"","","","Period {[]} {[]}
","The start and end time of the encounter","The start and end time of the encounter.","If not (yet) known, the end of the Period may be omitted.","","","","","","","","",,,,,"",,,,"",0,null,"","",".effectiveTime (low & high)","when.done","PV1-44, PV1-45"
"Encounter.length","","","",0,1,"","","","Quantity {[CanonicalType[http://hl7.org/fhir/us/shr/StructureDefinition/shr-core-Duration]]} {[]}
","Quantity of time the encounter lasted (less time absent)","Quantity of time the encounter lasted. This excludes the time during leaves of absence.","May differ from the time the Encounter.period lasted because of leave of absence.","","","","","","","","",,,,,"",,,,"",0,null,"","",".lengthOfStayQuantity","(PV1-45 less PV1-44) iff ( (PV1-44 not empty) and (PV1-45 not empty) ); units in minutes"
"Encounter.reason","","Indication
Admission diagnosis","",0,*,"","","Y","CodeableConcept {[]} {[]}
","Reason the encounter takes place (code)","Reason the encounter takes place, expressed as a code. For admissions, this can be used for a coded admission diagnosis.","For systems that need to know which was the primary diagnosis, these will be marked with the standard extension primaryDiagnosis (which is a sequence value rather than a flag, 1 = primary diagnosis).","","","","","","","","",,"preferred","Reason why the encounter takes place.","http://hl7.org/fhir/ValueSet/encounter-reason","",,,,"",0,null,"","",".reasonCode","why","EVN-4 / PV2-3 (note: PV2-3 is nominally constrained to inpatient admissions; HL7 v2 makes no vocabulary suggestions for PV2-3; would not expect PV2 segment or PV2-3 to be in use in all implementations )"
"Encounter.indication","","Admission diagnosis
","",0,*,"","","","Reference {[]} {[CanonicalType[http://hl7.org/fhir/StructureDefinition/Condition], CanonicalType[http://hl7.org/fhir/StructureDefinition/Procedure]]}
","Reason the encounter takes place (resource)","Reason the encounter takes place, as specified using information from another resource. For admissions, this is the admission diagnosis. The indication will typically be a Condition (with other resources referenced in the evidence.detail), or a Procedure.","For systems that need to know which was the primary diagnosis, these will be marked with the standard extension primaryDiagnosis (which is a sequence value rather than a flag, 1 = primary diagnosis).","","","","","","","","",,,,,"",,,,"",0,null,"","",".outboundRelationship[typeCode=RSON].target","why","Resources that would commonly referenced at Encounter.indication would be Condition and/or Procedure. These most closely align with DG1/PRB and PR1 respectively."
"Encounter.hospitalization","","","",0,1,"","","","BackboneElement {[]} {[]}
","Details about the admission to a healthcare service","Details about the admission to a healthcare service.","An Encounter may cover more than just the inpatient stay. Contexts such as outpatients, community clinics, and aged care facilities are also included.

The duration recorded in the period of this encounter covers the entire scope of this hospitalization record.","","","","","","","","",,,,,"",,,,"",0,null,"","",".outboundRelationship[typeCode=COMP].target[classCode=ENC, moodCode=EVN]"
"Encounter.hospitalization.id","","","",0,1,"","","","id {[]} {[]}
","xml:id (or equivalent in JSON)","unique id for the element within a resource (for internal references).","","","","","","","","","",,,,,"",,,,"",0,null,"","","n/a"
"Encounter.hospitalization.extension","","extensions
user content","",0,*,"","","","Extension {[]} {[]}
","Additional Content defined by implementations","May be used to represent additional information that is not part of the basic definition of the element. In order to make the use of extensions safe and manageable, there is a strict set of governance  applied to the definition and use of extensions. Though any implementer is allowed to define an extension, there is a set of requirements that SHALL be met as part of the definition of the extension.","There can be no stigma associated with the use of extensions by any application, project, or standard - regardless of the institution or jurisdiction that uses or defines the extensions.  The use of extensions is what allows the FHIR specification to retain a core level of simplicity for everyone.","","","","","","","","",,,,,"",,,,"",0,null,"","","n/a"
"Encounter.hospitalization.modifierExtension","","extensions
user contentmodifiers","",0,*,"","Y","","Extension {[]} {[]}
","Extensions that cannot be ignored","May be used to represent additional information that is not part of the basic definition of the element, and that modifies the understanding of the element that contains it. Usually modifier elements provide negation or qualification. In order to make the use of extensions safe and manageable, there is a strict set of governance applied to the definition and use of extensions. Though any implementer is allowed to define an extension, there is a set of requirements that SHALL be met as part of the definition of the extension. Applications processing a resource are required to check for modifier extensions.","There can be no stigma associated with the use of extensions by any application, project, or standard - regardless of the institution or jurisdiction that uses or defines the extensions.  The use of extensions is what allows the FHIR specification to retain a core level of simplicity for everyone.","","","","","","","","",,,,,"",,,,"",0,null,"","","N/A"
"Encounter.hospitalization.preAdmissionIdentifier","","","",0,1,"","","","Identifier {[]} {[]}
","Pre-admission identifier","Pre-admission identifier.","","","","","","","","","",,,,,"",,,,"",0,null,"","",".id","PV1-5"
"Encounter.hospitalization.origin","","","",0,1,"","","","Reference {[]} {[CanonicalType[http://hl7.org/fhir/StructureDefinition/Location]]}
","The location from which the patient came before admission","The location from which the patient came before admission.","","","","","","","","","",,,,,"",,,,"",0,null,"","",".participation[typeCode=ORG].role"
"Encounter.hospitalization.admitSource","","","",0,1,"","","","CodeableConcept {[]} {[]}
","From where patient was admitted (physician referral, transfer)","From where patient was admitted (physician referral, transfer).","","","","","","","","","",,"preferred","From where the patient was admitted.","http://hl7.org/fhir/ValueSet/encounter-admit-source","",,,,"",0,null,"","",".admissionReferralSourceCode","PV1-14"
"Encounter.hospitalization.admittingDiagnosis","","","",0,*,"","","","Reference {[]} {[CanonicalType[http://hl7.org/fhir/StructureDefinition/Condition]]}
","The admitting diagnosis as reported by admitting practitioner","The admitting diagnosis field is used to record the diagnosis codes as reported by admitting practitioner. This could be different or in addition to the conditions reported as reason-condition(s) for the encounter.","","","","","","","","","",,,,,"",,,,"",0,null,"",""
"Encounter.hospitalization.reAdmission","","","",0,1,"","","","CodeableConcept {[]} {[]}
","The type of hospital re-admission that has occurred (if any). If the value is absent, then this is not identified as a readmission","Whether this hospitalization is a readmission and why if known.","","","","","","","","","",,"example","The reason for re-admission of this hospitalization encounter.","","",,,,"",0,null,"","","Propose at harmonization","PV1-13"
"Encounter.hospitalization.dietPreference","","","",0,*,"","","","CodeableConcept {[]} {[]}
","Diet preferences reported by the patient","Diet preferences reported by the patient.","For example a patient may request both a dairy-free and nut-free diet preference (not mutually exclusive).","Used to track patient's diet restrictions and/or preference. For a complete description of the nutrition needs of a patient during their stay, one should use the nutritionOrder resource which links to Encounter.","","","","","","","",,"example","Medical, cultural or ethical food preferences to help with catering requirements.","http://hl7.org/fhir/ValueSet/encounter-diet","",,,,"",0,null,"","",".outboundRelationship[typeCode=COMP].target[classCode=SBADM, moodCode=EVN, code=""diet""]","PV1-38"
"Encounter.hospitalization.specialCourtesy","","","",0,*,"","","","CodeableConcept {[]} {[]}
","Special courtesies (VIP, board member)","Special courtesies (VIP, board member).","","","","","","","","","",,"preferred","Special courtesies","http://hl7.org/fhir/ValueSet/encounter-special-courtesy","",,,,"",0,null,"","",".specialCourtesiesCode","PV1-16"
"Encounter.hospitalization.specialArrangement","","","",0,*,"","","","CodeableConcept {[]} {[]}
","Wheelchair, translator, stretcher, etc.","Wheelchair, translator, stretcher, etc.","","","","","","","","","",,"preferred","Special arrangements","http://hl7.org/fhir/ValueSet/encounter-special-arrangements","",,,,"",0,null,"","",".specialArrangementCode","PV1-15 / OBR-30 / OBR-43"
"Encounter.hospitalization.destination","","","",0,1,"","","","Reference {[]} {[CanonicalType[http://hl7.org/fhir/StructureDefinition/Location]]}
","Location to which the patient is discharged","Location to which the patient is discharged.","","","","","","","","","",,,,,"",,,,"",0,null,"","",".participation[typeCode=DST]","PV1-37"
"Encounter.hospitalization.dischargeDisposition","","","",0,1,"","","","CodeableConcept {[]} {[]}
","Category or kind of location after discharge","Category or kind of location after discharge.","","","","","","","","","",,"preferred","Discharge Disposition","http://hl7.org/fhir/ValueSet/encounter-discharge-disposition","",,,,"",0,null,"","",".dischargeDispositionCode","PV1-36"
"Encounter.hospitalization.dischargeDiagnosis","","","",0,*,"","","","Reference {[]} {[CanonicalType[http://hl7.org/fhir/StructureDefinition/Condition]]}
","The final diagnosis given a patient before release from the hospital after all testing, surgery, and workup are complete","The final diagnosis given a patient before release from the hospital after all testing, surgery, and workup are complete.","","","","","","","","","",,,,,"",,,,"",0,null,"","",".outboundRelationship[typeCode=OUT].target[classCode=OBS, moodCode=EVN, code=ASSERTION].value"
"Encounter.location","","","",0,*,"","","","BackboneElement {[]} {[]}
","List of locations where the patient has been","List of locations where  the patient has been during this encounter.","Virtual encounters can be recorded in the Encounter by specifying a location reference to a location of type ""kind"" such as ""client's home"" and an encounter.class = ""virtual"".","","","","","","","","",,,,,"",,,,"",0,null,"","",".participation[typeCode=LOC]"
"Encounter.location.id","","","",0,1,"","","","id {[]} {[]}
","xml:id (or equivalent in JSON)","unique id for the element within a resource (for internal references).","","","","","","","","","",,,,,"",,,,"",0,null,"","","n/a"
"Encounter.location.extension","","extensions
user content","",0,*,"","","","Extension {[]} {[]}
","Additional Content defined by implementations","May be used to represent additional information that is not part of the basic definition of the element. In order to make the use of extensions safe and manageable, there is a strict set of governance  applied to the definition and use of extensions. Though any implementer is allowed to define an extension, there is a set of requirements that SHALL be met as part of the definition of the extension.","There can be no stigma associated with the use of extensions by any application, project, or standard - regardless of the institution or jurisdiction that uses or defines the extensions.  The use of extensions is what allows the FHIR specification to retain a core level of simplicity for everyone.","","","","","","","","",,,,,"",,,,"",0,null,"","","n/a"
"Encounter.location.modifierExtension","","extensions
user contentmodifiers","",0,*,"","Y","","Extension {[]} {[]}
","Extensions that cannot be ignored","May be used to represent additional information that is not part of the basic definition of the element, and that modifies the understanding of the element that contains it. Usually modifier elements provide negation or qualification. In order to make the use of extensions safe and manageable, there is a strict set of governance applied to the definition and use of extensions. Though any implementer is allowed to define an extension, there is a set of requirements that SHALL be met as part of the definition of the extension. Applications processing a resource are required to check for modifier extensions.","There can be no stigma associated with the use of extensions by any application, project, or standard - regardless of the institution or jurisdiction that uses or defines the extensions.  The use of extensions is what allows the FHIR specification to retain a core level of simplicity for everyone.","","","","","","","","",,,,,"",,,,"",0,null,"","","N/A"
"Encounter.location.location","","","",1,1,"","","","Reference {[]} {[CanonicalType[http://hl7.org/fhir/us/shr/StructureDefinition/shr-core-Location]]}
","Location the encounter takes place","The location where the encounter takes place.","","","","","","","","","",,,,,"",,,,"",0,null,"","",".role","where","PV1-3 / PV1-6 / PV1-11 / PV1-42 / PV1-43"
"Encounter.location.status","","","",0,1,"","","","code {[]} {[]}
","planned | active | reserved | completed","The status of the participants' presence at the specified location during the period specified. If the participant is is no longer at the location, then the period will have an end date/time.","When the patient is no longer active at a location, then the period end date is entered, and the status may be changed to completed.","","","","","","","","",,"required","The status of the location.","http://hl7.org/fhir/ValueSet/encounter-location-status","",,,,"",0,null,"",""
"Encounter.location.period","","","",0,1,"","","","Period {[]} {[]}
","Time period during which the patient was present at the location","Time period during which the patient was present at the location.","","","","","","","","","",,,,,"",,,,"",0,null,"","",".time"
"Encounter.serviceProvider","","","",0,1,"","","","Reference {[]} {[CanonicalType[http://hl7.org/fhir/us/shr/StructureDefinition/shr-core-Organization]]}
","The custodian organization of this Encounter record","An organization that is in charge of maintaining the information of this Encounter (e.g. who maintains the report or the master service catalog item, etc.). This MAY be the same as the organization on the Patient record, however it could be different. This MAY not be not the Service Delivery Location's Organization.","","","","","","","","","",,,,,"",,,,"",0,null,"","",".particiaption[typeCode=PFM].role","PV1-10 / PL.6  & PL.1  (note: HL7 v2 definition is ""the treatment or type of surgery that the patient is scheduled to receive""; seems slightly out of alignment with the concept name 'hospital service'. Would not trust that implementations apply this semantic by default)"
"Encounter.partOf","","","",0,1,"","","","Reference {[]} {[CanonicalType[http://hl7.org/fhir/us/shr/StructureDefinition/shr-core-Encounter]]}
","Another Encounter this encounter is part of","Another Encounter of which this encounter is a part of (administratively or in time).","","","","","","","","","",,,,,"",,,,"",0,null,"","",".inboundRelationship[typeCode=COMP].source[classCode=COMP, moodCode=EVN]"
