"Path","Slice Name","Alias(s)","Label","Min","Max","Must Support?","Is Modifier?","Is Summary?","Type(s)","Short","Definition","Comments","Requirements","Default Value","Meaning When Missing","Fixed Value","Pattern","Example","Minimum Value","Maximum Value","Maximum Length","Binding Strength","Binding Description","Binding Value Set","Code","Slicing Discriminator","Slicing Description","Slicing Ordered","Slicing Rules","Base Path","Base Min","Base Max","Condition(s)","Constraint(s)"
"Extension","","","",0,*,"","","","","BodySite","A location or structure in the body, including tissues, regions, cavities, and spaces; for example, right elbow, or left ventricle of the heart.","","","","","","","","","",,,,,"",,,,"Extension",0,1,"",""
"Extension.id","","","",0,1,"","","","string {[]} {[]}
","xml:id (or equivalent in JSON)","unique id for the element within a resource (for internal references). This may be any string value that does not contain spaces.","","","","","","","","","",,,,,"",,,,"Element.id",0,1,"",""
"Extension.extension","","","",0,*,"","","","Extension {[]} {[]}
","Extension","An Extension","","","","","","","","","",,,,,"","value:url}
","",,"open","Element.extension",0,*,"",""
"Extension.extension","bodysitecode","","",1,1,"","","","Extension {[CanonicalType[http://hl7.org/fhir/us/fhirURL/StructureDefinition/shr-core-BodySiteCode-extension]]} {[]}
","","Code for the anatomical location or landmark, without laterality, direction, or other modifiers needed to completely specify the body site.","","","","","","","","","",,,,,"",,,,"Extension.extension",0,1,"",""
"Extension.extension","laterality","","",0,1,"","","","Extension {[CanonicalType[http://hl7.org/fhir/us/fhirURL/StructureDefinition/shr-core-Laterality-extension]]} {[]}
","","Anatomical location or specimen further detailing the side(s) of interest.","","","","","","","","","",,,,,"",,,,"Extension.extension",0,1,"",""
"Extension.extension","distancefromlandmark","","",0,1,"","","","Extension {[CanonicalType[http://hl7.org/fhir/us/fhirURL/StructureDefinition/shr-core-DistanceFromLandmark-extension]]} {[]}
","","How far the anatomical location of interest is from the given landmark","","","","","","","","","",,,,,"",,,,"Extension.extension",0,1,"",""
"Extension.extension","anatomicaldirection","","",0,1,"","","","Extension {[CanonicalType[http://hl7.org/fhir/us/fhirURL/StructureDefinition/shr-core-AnatomicalDirection-extension]]} {[]}
","","Anatomical location or specimen further detailing directionality.","","","","","","","","","",,,,,"",,,,"Extension.extension",0,1,"",""
"Extension.extension","clockdirection","","",0,1,"","","","Extension {[CanonicalType[http://hl7.org/fhir/us/fhirURL/StructureDefinition/shr-core-ClockDirection-extension]]} {[]}
","","A direction indicated by an angle relative to 12 o'clock.","","","","","","","","","",,,,,"",,,,"Extension.extension",0,1,"",""
"Extension.extension","commentordescription","","",0,1,"","","","Extension {[CanonicalType[http://hl7.org/fhir/us/fhirURL/StructureDefinition/shr-core-CommentOrDescription-extension]]} {[]}
","","A text note containing additional details, explanation, description, comment, or summarization.","","","","","","","","","",,,,,"",,,,"Extension.extension",0,1,"",""
"Extension.extension","media","","",0,*,"","","","Extension {[CanonicalType[http://hl7.org/fhir/us/fhirURL/StructureDefinition/shr-core-Media-extension]]} {[]}
","","A file that contains audio, video, image, or similar content.","","","","","","","","","",,,,,"",,,,"Extension.extension",0,1,"",""
"Extension.url","","","",1,1,"","","","uri {[]} {[]}
","identifies the meaning of the extension","Source of the definition for the extension code - a logical name or a URL.","","","","","<valueUri xmlns=""http://hl7.org/fhir"" value=""http://hl7.org/fhir/us/fhirURL/StructureDefinition/shr-core-BodySite-extension""/>","","","","",,,,,"",,,,"Extension.url",1,1,"",""
"Extension.value[x]","","","",0,0,"","","","base64Binary {[]} {[]}
boolean {[]} {[]}code {[]} {[]}date {[]} {[]}dateTime {[]} {[]}decimal {[]} {[]}id {[]} {[]}instant {[]} {[]}integer {[]} {[]}markdown {[]} {[]}oid {[]} {[]}positiveInt {[]} {[]}string {[]} {[]}time {[]} {[]}unsignedInt {[]} {[]}uri {[]} {[]}Address {[]} {[]}Age {[]} {[]}Annotation {[]} {[]}Attachment {[]} {[]}CodeableConcept {[]} {[]}Coding {[]} {[]}ContactPoint {[]} {[]}Count {[]} {[]}Distance {[]} {[]}Duration {[]} {[]}HumanName {[]} {[]}Identifier {[]} {[]}Money {[]} {[]}Period {[]} {[]}Quantity {[]} {[]}Range {[]} {[]}Ratio {[]} {[]}Reference {[]} {[]}SampledData {[]} {[]}Signature {[]} {[]}Timing {[]} {[]}Meta {[]} {[]}","Value of extension","Value of extension - may be a resource or one of a constrained set of the data types (see Extensibility in the spec for list).","","","","","","","","","",,,,,"",,,,"Extension.value[x]",0,1,"",""
