{
  "resourceType": "Observation",
  "id": "mCODETNMClinicalDistantMetastasesCategoryExample01",
  "meta": {
    "profile": [
      "http://hl7.org/fhir/us/mcode/StructureDefinition/onco-core-TNMClinicalDistantMetastasesCategory"
    ]
  },
  "text": {
    "status": "generated",
    "div": "<div xmlns=\"http://www.w3.org/1999/xhtml\"><p><b>*** mCODE Example: TNM Distant Metastases Category ***</b></p><p><b>Name</b>: John B. Anyperson </p><p><b>MRN</b>: m123 </p><p><b>Date</b>: 04/01/19 </p><p><b>Cancer staging system</b>: AJCC Version 8</p><p><b>M Category</b>: M0</p></div>"
  },
  "extension": [
    {
      "url": "http://hl7.org/fhir/us/mcode/StructureDefinition/onco-core-PrimaryCancerCondition-extension",
      "valueReference": {
        "reference": "Condition/mCODEPrimaryCancerConditionExample01"
      }
    }
  ],
  "status": "final",
  "category": {
    "coding": [
      {
        "system": "http://terminology.hl7.org/CodeSystem/observation-category",
        "code": "laboratory"
      }
    ]
  },
  "code": {
    "coding": [
      {
        "system": "http://loinc.org",
        "code": "21907-1",
        "display": "Distant metastases.clinical [Class] Cancer"
      }
    ]
  },
  "subject": {
    "reference": "Patient/mCODEPatientExample01",
    "display": "John B. Anyperson"
  },
  "effectiveDateTime": "2019-04-01",
  "valueCodeableConcept": {
    "coding": [
      {
        "system": "http://cancerstaging.org",
        "code": "M0",
        "display": "M0"
      }
    ]
  },
  "method": {
    "text": "AJCC Version 8"
  }
}