{
  "resourceType": "StructureDefinition",
  "id": "obf-StudyObjective-extension",
  "text": {
    "status": "generated",
    "div": "<div xmlns=\"http://www.w3.org/1999/xhtml\">\n  <p><b>StudyObjective Extension</b></p>\n  <p>A goal that the study is aiming to achieve in terms of a scientific question to be answered by the analysis of data collected during the study.</p>\n</div>"
  },
  "url": "http://mcodeinitiative.org/us/mcode/StructureDefinition/obf-StudyObjective-extension",
  "version": "0.9.1",
  "name": "StudyObjective",
  "display": "obf-StudyObjective",
  "status": "draft",
  "publisher": "The MITRE Corporation",
  "contact": [
    {
      "telecom": [
        {
          "system": "other",
          "value": "http://standardhealthrecord.org",
          "rank": 0
        }
      ]
    }
  ],
  "date": "2019-10-23T00:00:00-04:00",
  "description": "A goal that the study is aiming to achieve in terms of a scientific question to be answered by the analysis of data collected during the study.",
  "fhirVersion": "1.0.2",
  "kind": "datatype",
  "constrainedType": "Extension",
  "abstract": false,
  "contextType": "resource",
  "context": [
    "*"
  ],
  "base": "http://hl7.org/fhir/StructureDefinition/Extension",
  "snapshot": {
    "element": [
      {
        "id": "Extension",
        "path": "Extension",
        "name": "Extension",
        "short": "StudyObjective",
        "definition": "A goal that the study is aiming to achieve in terms of a scientific question to be answered by the analysis of data collected during the study.",
        "min": 0,
        "max": "*",
        "base": {
          "path": "Extension",
          "min": 0,
          "max": "*"
        },
        "type": [
          {
            "code": "Extension"
          }
        ],
        "maxLength": 0,
        "mustSupport": false,
        "isModifier": false,
        "isSummary": false,
        "mapping": [
          {
            "identity": "rim",
            "map": "N/A"
          }
        ]
      },
      {
        "id": "Extension.id",
        "path": "Extension.id",
        "representation": [
          "xmlAttr"
        ],
        "name": "Extension.id",
        "short": "xml:id (or equivalent in JSON)",
        "definition": "unique id for the element within a resource (for internal references).",
        "min": 0,
        "max": "1",
        "base": {
          "path": "Element.id",
          "min": 0,
          "max": "1"
        },
        "type": [
          {
            "code": "id"
          }
        ],
        "maxLength": 0,
        "mustSupport": false,
        "isModifier": false,
        "isSummary": false,
        "mapping": [
          {
            "identity": "rim",
            "map": "n/a"
          }
        ]
      },
      {
        "id": "Extension.extension",
        "path": "Extension.extension",
        "name": "Extension.extension",
        "slicing": {
          "discriminator": [
            "url"
          ],
          "description": "Extensions are always sliced by (at least) url",
          "ordered": false,
          "rules": "open"
        },
        "short": "Additional Content defined by implementations",
        "definition": "May be used to represent additional information that is not part of the basic definition of the element. In order to make the use of extensions safe and manageable, there is a strict set of governance  applied to the definition and use of extensions. Though any implementer is allowed to define an extension, there is a set of requirements that SHALL be met as part of the definition of the extension.",
        "comments": "There can be no stigma associated with the use of extensions by any application, project, or standard - regardless of the institution or jurisdiction that uses or defines the extensions.  The use of extensions is what allows the FHIR specification to retain a core level of simplicity for everyone.",
        "alias": [
          "extensions",
          "user content"
        ],
        "min": 0,
        "max": "*",
        "base": {
          "path": "Element.extension",
          "min": 0,
          "max": "*"
        },
        "type": [
          {
            "code": "Extension"
          }
        ],
        "maxLength": 0,
        "mustSupport": false,
        "isModifier": false,
        "isSummary": false,
        "mapping": [
          {
            "identity": "rim",
            "map": "n/a"
          }
        ]
      },
      {
        "id": "name",
        "path": "Extension.extension",
        "name": "name",
        "definition": "The name as plain unstructured or semi-structured text.",
        "min": 0,
        "max": "1",
        "base": {
          "path": "Element.extension",
          "min": 0,
          "max": "*"
        },
        "type": [
          {
            "code": "Extension",
            "profile": [
              "http://mcodeinitiative.org/us/mcode/StructureDefinition/obf-datatype-Name-extension"
            ]
          }
        ],
        "maxLength": 0,
        "mustSupport": false,
        "isModifier": false,
        "isSummary": false,
        "mapping": [
          {
            "identity": "rim",
            "map": "n/a"
          }
        ]
      },
      {
        "id": "type",
        "path": "Extension.extension",
        "name": "type",
        "definition": "A code describing the item at a greater level of detail.",
        "min": 0,
        "max": "1",
        "base": {
          "path": "Element.extension",
          "min": 0,
          "max": "*"
        },
        "type": [
          {
            "code": "Extension",
            "profile": [
              "http://mcodeinitiative.org/us/mcode/StructureDefinition/obf-datatype-Type-extension"
            ]
          }
        ],
        "maxLength": 0,
        "mustSupport": false,
        "isModifier": false,
        "isSummary": false,
        "mapping": [
          {
            "identity": "rim",
            "map": "n/a"
          }
        ]
      },
      {
        "id": "Extension.extension-type.id",
        "path": "Extension.extension.id",
        "representation": [
          "xmlAttr"
        ],
        "name": "Extension.extension-type.id",
        "short": "xml:id (or equivalent in JSON)",
        "definition": "unique id for the element within a resource (for internal references).",
        "min": 0,
        "max": "1",
        "base": {
          "path": "Element.id",
          "min": 0,
          "max": "1"
        },
        "type": [
          {
            "code": "id"
          }
        ],
        "maxLength": 0,
        "mustSupport": false,
        "isModifier": false,
        "isSummary": false,
        "mapping": [
          {
            "identity": "rim",
            "map": "n/a"
          }
        ]
      },
      {
        "id": "Extension.extension-type.extension",
        "path": "Extension.extension.extension",
        "name": "Extension.extension-type.extension",
        "short": "Additional Content defined by implementations",
        "definition": "May be used to represent additional information that is not part of the basic definition of the element. In order to make the use of extensions safe and manageable, there is a strict set of governance  applied to the definition and use of extensions. Though any implementer is allowed to define an extension, there is a set of requirements that SHALL be met as part of the definition of the extension.",
        "comments": "There can be no stigma associated with the use of extensions by any application, project, or standard - regardless of the institution or jurisdiction that uses or defines the extensions.  The use of extensions is what allows the FHIR specification to retain a core level of simplicity for everyone.",
        "alias": [
          "extensions",
          "user content"
        ],
        "min": 0,
        "max": "0",
        "base": {
          "path": "Element.extension",
          "min": 0,
          "max": "*"
        },
        "type": [
          {
            "code": "Extension"
          }
        ],
        "maxLength": 0,
        "mustSupport": false,
        "isModifier": false,
        "isSummary": false,
        "mapping": [
          {
            "identity": "rim",
            "map": "n/a"
          }
        ]
      },
      {
        "id": "Extension.extension-type.url",
        "path": "Extension.extension.url",
        "representation": [
          "xmlAttr"
        ],
        "name": "Extension.extension-type.url",
        "short": "identifies the meaning of the extension",
        "definition": "Source of the definition for the extension code - a logical name or a URL.",
        "comments": "The definition may point directly to a computable or human-readable definition of the extensibility codes, or it may be a logical URI as declared in some other specification. The definition should be version specific.  This will ideally be the URI for the Resource Profile defining the extension, with the code for the extension after a #.",
        "min": 1,
        "max": "1",
        "base": {
          "path": "Extension.url",
          "min": 1,
          "max": "1"
        },
        "type": [
          {
            "code": "uri"
          }
        ],
        "fixedUri": "http://mcodeinitiative.org/us/mcode/StructureDefinition/obf-datatype-Type-extension",
        "maxLength": 0,
        "mustSupport": false,
        "isModifier": false,
        "isSummary": false,
        "mapping": [
          {
            "identity": "rim",
            "map": "N/A"
          }
        ]
      },
      {
        "id": "Extension.extension-type.valueCodeableConcept",
        "path": "Extension.extension.valueCodeableConcept",
        "name": "Extension.extension-type.valueCodeableConcept",
        "short": "Value of extension",
        "definition": "Value of extension - may be a resource or one of a constrained set of the data types (see Extensibility in the spec for list).",
        "min": 1,
        "max": "1",
        "base": {
          "path": "Extension.value[x]",
          "min": 0,
          "max": "1"
        },
        "type": [
          {
            "code": "CodeableConcept"
          }
        ],
        "maxLength": 0,
        "mustSupport": false,
        "isModifier": false,
        "isSummary": false,
        "binding": {
          "strength": "preferred",
          "valueSetReference": {
            "reference": "http://hl7.org/fhir/ValueSet/research-study-objective-type"
          }
        },
        "mapping": [
          {
            "identity": "rim",
            "map": "N/A"
          }
        ]
      },
      {
        "id": "Extension.url",
        "path": "Extension.url",
        "representation": [
          "xmlAttr"
        ],
        "name": "Extension.url",
        "short": "identifies the meaning of the extension",
        "definition": "Source of the definition for the extension code - a logical name or a URL.",
        "comments": "The definition may point directly to a computable or human-readable definition of the extensibility codes, or it may be a logical URI as declared in some other specification. The definition should be version specific.  This will ideally be the URI for the Resource Profile defining the extension, with the code for the extension after a #.",
        "min": 1,
        "max": "1",
        "base": {
          "path": "Extension.url",
          "min": 1,
          "max": "1"
        },
        "type": [
          {
            "code": "uri"
          }
        ],
        "fixedUri": "http://mcodeinitiative.org/us/mcode/StructureDefinition/obf-StudyObjective-extension",
        "maxLength": 0,
        "mustSupport": false,
        "isModifier": false,
        "isSummary": false,
        "mapping": [
          {
            "identity": "rim",
            "map": "N/A"
          }
        ]
      },
      {
        "id": "Extension.valuex",
        "path": "Extension.value[x]",
        "name": "Extension.valuex",
        "short": "Value of extension",
        "definition": "Value of extension - may be a resource or one of a constrained set of the data types (see Extensibility in the spec for list).",
        "min": 0,
        "max": "0",
        "base": {
          "path": "Extension.value[x]",
          "min": 0,
          "max": "1"
        },
        "type": [
          {
            "code": "boolean"
          },
          {
            "code": "integer"
          },
          {
            "code": "decimal"
          },
          {
            "code": "base64Binary"
          },
          {
            "code": "instant"
          },
          {
            "code": "string"
          },
          {
            "code": "uri"
          },
          {
            "code": "date"
          },
          {
            "code": "dateTime"
          },
          {
            "code": "time"
          },
          {
            "code": "code"
          },
          {
            "code": "oid"
          },
          {
            "code": "id"
          },
          {
            "code": "unsignedInt"
          },
          {
            "code": "positiveInt"
          },
          {
            "code": "markdown"
          },
          {
            "code": "Annotation"
          },
          {
            "code": "Attachment"
          },
          {
            "code": "Identifier"
          },
          {
            "code": "CodeableConcept"
          },
          {
            "code": "Coding"
          },
          {
            "code": "Quantity"
          },
          {
            "code": "Range"
          },
          {
            "code": "Period"
          },
          {
            "code": "Ratio"
          },
          {
            "code": "SampledData"
          },
          {
            "code": "Signature"
          },
          {
            "code": "HumanName"
          },
          {
            "code": "Address"
          },
          {
            "code": "ContactPoint"
          },
          {
            "code": "Timing"
          },
          {
            "code": "Reference"
          },
          {
            "code": "Meta"
          }
        ],
        "maxLength": 0,
        "mustSupport": false,
        "isModifier": false,
        "isSummary": false,
        "mapping": [
          {
            "identity": "rim",
            "map": "N/A"
          }
        ]
      }
    ]
  },
  "differential": {
    "element": [
      {
        "id": "Extension",
        "path": "Extension",
        "name": "Extension",
        "short": "StudyObjective",
        "definition": "A goal that the study is aiming to achieve in terms of a scientific question to be answered by the analysis of data collected during the study.",
        "min": 0,
        "max": "*",
        "type": [
          {
            "code": "Extension"
          }
        ],
        "maxLength": 0,
        "mustSupport": false,
        "isModifier": false,
        "isSummary": false
      },
      {
        "id": "Extension.extension",
        "path": "Extension.extension",
        "name": "Extension.extension",
        "slicing": {
          "discriminator": [
            "url"
          ],
          "description": "Extensions are always sliced by (at least) url",
          "ordered": false,
          "rules": "open"
        },
        "min": 0,
        "maxLength": 0,
        "mustSupport": false,
        "isModifier": false,
        "isSummary": false
      },
      {
        "id": "name",
        "path": "Extension.extension",
        "name": "name",
        "definition": "The name as plain unstructured or semi-structured text.",
        "min": 0,
        "max": "1",
        "base": {
          "path": "Element.extension",
          "min": 0,
          "max": "*"
        },
        "type": [
          {
            "code": "Extension",
            "profile": [
              "http://mcodeinitiative.org/us/mcode/StructureDefinition/obf-datatype-Name-extension"
            ]
          }
        ],
        "maxLength": 0,
        "mustSupport": false,
        "isModifier": false,
        "isSummary": false,
        "mapping": [
          {
            "identity": "rim",
            "map": "n/a"
          }
        ]
      },
      {
        "id": "type",
        "path": "Extension.extension",
        "name": "type",
        "definition": "A code describing the item at a greater level of detail.",
        "min": 0,
        "max": "1",
        "base": {
          "path": "Element.extension",
          "min": 0,
          "max": "*"
        },
        "type": [
          {
            "code": "Extension",
            "profile": [
              "http://mcodeinitiative.org/us/mcode/StructureDefinition/obf-datatype-Type-extension"
            ]
          }
        ],
        "maxLength": 0,
        "mustSupport": false,
        "isModifier": false,
        "isSummary": false,
        "mapping": [
          {
            "identity": "rim",
            "map": "n/a"
          }
        ]
      },
      {
        "id": "Extension.extension-type.valueCodeableConcept",
        "path": "Extension.extension.valueCodeableConcept",
        "name": "Extension.extension-type.valueCodeableConcept",
        "min": 0,
        "maxLength": 0,
        "mustSupport": false,
        "isModifier": false,
        "isSummary": false,
        "binding": {
          "strength": "preferred",
          "valueSetReference": {
            "reference": "http://hl7.org/fhir/ValueSet/research-study-objective-type"
          }
        }
      },
      {
        "id": "Extension.url",
        "path": "Extension.url",
        "name": "Extension.url",
        "min": 0,
        "fixedUri": "http://mcodeinitiative.org/us/mcode/StructureDefinition/obf-StudyObjective-extension",
        "maxLength": 0,
        "mustSupport": false,
        "isModifier": false,
        "isSummary": false
      },
      {
        "id": "Extension.valuex",
        "path": "Extension.value[x]",
        "name": "Extension.valuex",
        "min": 0,
        "max": "0",
        "maxLength": 0,
        "mustSupport": false,
        "isModifier": false,
        "isSummary": false
      }
    ]
  }
}