{
  "resourceType": "StructureDefinition",
  "id": "onco-core-Tumor",
  "text": {
    "status": "generated",
    "div": "<div xmlns=\"http://www.w3.org/1999/xhtml\">\n  <p><b>Tumor Profile</b></p>\n  <p>The presence of an abnormal mass of tissue (neoplasm) that results when cells divide more than they should or do not die when they should. Tumors may be benign (not cancer), or malignant (cancer). (source: NCI Dictionary).</p>\n  <p><b>Mapping Summary</b></p>\n  <p><pre>onco.core.Tumor maps to http://fhir.org/guides/argonaut/StructureDefinition/argo-condition:\n  _Entry.EntryId maps to id\n  Language maps to language\n  Narrative maps to text\n  ImplicitRules maps to implicitRules\n  Metadata.VersionId maps to meta.versionId\n  Metadata.Profile maps to meta.profile\n  Metadata.LastUpdated maps to meta.lastUpdated\n  Metadata.SecurityLabel maps to meta.security\n  Metadata.Tag maps to meta.tag\n  Identifier maps to identifier\n  StatementDateTime maps to dateRecorded\n  PersonInformationSource maps to asserter\n  PatientSubjectOfRecord maps to patient\n  Category maps to category\n  Code maps to code\n  BodyLocation.LocationCode maps to bodySite\n  BodyLocation.Laterality maps to bodySite.extension\n  BodyLocation.Orientation maps to bodySite.extension\n  BodyLocation.RelationToLandmark maps to bodySite.extension\n  CareContext maps to encounter\n  ClinicalStatus maps to clinicalStatus\n  Status maps to verificationStatus\n  Onset maps to onset[x]\n  Abatement maps to abatement[x]\n  Severity maps to severity\n  StageInformation maps to stage\n  StageInformation.StageSummary maps to stage.summary\n  StageInformation.StageDetail maps to stage.assessment\n  Evidence.Manifestation maps to evidence.code\n  Evidence.DomainResource maps to evidence.detail\n</pre></p>\n</div>"
  },
  "url": "http://hl7.org/fhir/us/shr/StructureDefinition/onco-core-Tumor",
  "identifier": [
    {
      "system": "http://hl7.org/fhir/us/mcode",
      "value": "onco.core.Tumor"
    }
  ],
  "version": "0.9.0 Beta 1",
  "name": "Tumor",
  "display": "onco-core-Tumor",
  "status": "draft",
  "publisher": "The MITRE Corporation",
  "contact": [
    {
      "telecom": [
        {
          "system": "other",
          "value": "http://standardhealthrecord.org",
          "rank": 0
        }
      ]
    }
  ],
  "date": "2019-04-10T00:00:00-04:00",
  "description": "The presence of an abnormal mass of tissue (neoplasm) that results when cells divide more than they should or do not die when they should. Tumors may be benign (not cancer), or malignant (cancer). (source: NCI Dictionary).",
  "code": [
    {
      "system": "http://snomed.info/sct",
      "code": "395557000",
      "display": "Tumor finding (finding)",
      "userSelected": false
    }
  ],
  "fhirVersion": "1.0.2",
  "mapping": [
    {
      "identity": "us-core-stu3",
      "uri": "http://unknown.org/US%20Core%20(STU3)",
      "name": "US Core (STU3)"
    },
    {
      "identity": "v2",
      "uri": "http://hl7.org/v2",
      "name": "HL7 v2"
    },
    {
      "identity": "rim",
      "uri": "http://hl7.org/v3",
      "name": "RIM"
    },
    {
      "identity": "w5",
      "uri": "http://hl7.org/fhir/w5",
      "name": "W5 Mapping"
    }
  ],
  "kind": "resource",
  "constrainedType": "Condition",
  "abstract": false,
  "base": "http://fhir.org/guides/argonaut/StructureDefinition/argo-condition",
  "snapshot": {
    "element": [
      {
        "id": "Condition",
        "path": "Condition",
        "name": "Condition",
        "short": "onco-core-Tumor",
        "definition": "The presence of an abnormal mass of tissue (neoplasm) that results when cells divide more than they should or do not die when they should. Tumors may be benign (not cancer), or malignant (cancer). (source: NCI Dictionary).",
        "min": 0,
        "max": "*",
        "base": {
          "path": "Condition",
          "min": 0,
          "max": "*"
        },
        "type": [
          {
            "code": "argo-condition"
          }
        ],
        "maxLength": 0,
        "constraint": [
          {
            "extension": [
              {
                "url": "http://hl7.org/fhir/StructureDefinition/structuredefinition-expression",
                "valueString": "clinicalStatus.exists() = (verificationStatus != 'entered-in-error')"
              }
            ],
            "key": "arg-1",
            "severity": "error",
            "human": "Condition.clinicalStatus SHALL be present if verificationStatus is not entered-in-error. Condition.clinicalStatus SHALL NOT be present if verification Status is entered-in-error",
            "xpath": "exists(f:clinicalStatus)=(f:verificationStatus/@value!='entered-in-error')"
          }
        ],
        "mustSupport": false,
        "isModifier": false,
        "isSummary": false,
        "mapping": [
          {
            "identity": "v2",
            "map": "PPR message"
          },
          {
            "identity": "rim",
            "map": "Observation[classCode=OBS, moodCode=EVN, code=ASSERTION, value<Diagnosis]"
          },
          {
            "identity": "w5",
            "map": "clinical.general"
          },
          {
            "identity": "us-core-stu3",
            "map": "Condition"
          }
        ]
      },
      {
        "id": "Condition.id",
        "path": "Condition.id",
        "name": "Condition.id",
        "short": "Logical id of this artifact",
        "definition": "The logical id of the resource, as used in the URL for the resource. Once assigned, this value never changes.",
        "comments": "The only time that a resource does not have an id is when it is being submitted to the server using a create operation. Bundles always have an id, though it is usually a generated UUID.",
        "min": 0,
        "max": "1",
        "base": {
          "path": "Condition.id",
          "min": 0,
          "max": "1"
        },
        "type": [
          {
            "code": "id"
          }
        ],
        "maxLength": 0,
        "mustSupport": false,
        "isModifier": false,
        "isSummary": true
      },
      {
        "id": "Condition.meta",
        "path": "Condition.meta",
        "name": "Condition.meta",
        "short": "Metadata about the resource",
        "definition": "The metadata about the resource. This is content that is maintained by the infrastructure. Changes to the content may not always be associated with version changes to the resource.",
        "min": 0,
        "max": "1",
        "base": {
          "path": "Condition.meta",
          "min": 0,
          "max": "1"
        },
        "type": [
          {
            "code": "Meta"
          }
        ],
        "maxLength": 0,
        "mustSupport": false,
        "isModifier": false,
        "isSummary": true
      },
      {
        "id": "Condition.implicitRules",
        "path": "Condition.implicitRules",
        "name": "Condition.implicitRules",
        "short": "A set of rules under which this content was created",
        "definition": "A reference to a set of rules that were followed when the resource was constructed, and which must be understood when processing the content.",
        "comments": "Asserting this rule set restricts the content to be only understood by a limited set of trading partners. This inherently limits the usefulness of the data in the long term. However, the existing health eco-system is highly fractured, and not yet ready to define, collect, and exchange data in a generally computable sense. Wherever possible, implementers and/or specification writers should avoid using this element as much as possible.",
        "min": 0,
        "max": "1",
        "base": {
          "path": "Condition.implicitRules",
          "min": 0,
          "max": "1"
        },
        "type": [
          {
            "code": "uri"
          }
        ],
        "maxLength": 0,
        "mustSupport": false,
        "isModifier": true,
        "isSummary": true
      },
      {
        "id": "Condition.language",
        "path": "Condition.language",
        "name": "Condition.language",
        "short": "Language of the resource content",
        "definition": "The base language in which the resource is written.",
        "comments": "Language is provided to support indexing and accessibility (typically, services such as text to speech use the language tag). The html language tag in the narrative applies  to the narrative. The language tag on the resource may be used to specify the language of other presentations generated from the data in the resource  Not all the content has to be in the base language. The Resource.language should not be assumed to apply to the narrative automatically. If a language is specified, it should it also be specified on the div element in the html (see rules in HTML5 for information about the relationship between xml:lang and the html lang attribute).",
        "min": 0,
        "max": "1",
        "base": {
          "path": "Condition.language",
          "min": 0,
          "max": "1"
        },
        "type": [
          {
            "code": "code"
          }
        ],
        "maxLength": 0,
        "mustSupport": false,
        "isModifier": false,
        "isSummary": false,
        "binding": {
          "strength": "required",
          "description": "A human language.",
          "valueSetReference": {
            "reference": "http://tools.ietf.org/html/bcp47"
          }
        }
      },
      {
        "id": "Condition.text",
        "path": "Condition.text",
        "name": "Condition.text",
        "short": "Text summary of the resource, for human interpretation",
        "definition": "A human-readable narrative that contains a summary of the resource, and may be used to represent the content of the resource to a human. The narrative need not encode all the structured data, but is required to contain sufficient detail to make it \"clinically safe\" for a human to just read the narrative. Resource definitions may define what content should be represented in the narrative to ensure clinical safety.",
        "comments": "Contained resources do not have narrative. Resources that are not contained SHOULD have a narrative.",
        "alias": [
          "narrative",
          "html",
          "xhtml",
          "display"
        ],
        "min": 0,
        "max": "1",
        "base": {
          "path": "Condition.text",
          "min": 0,
          "max": "1"
        },
        "type": [
          {
            "code": "Narrative"
          }
        ],
        "maxLength": 0,
        "condition": [
          "dom-1"
        ],
        "mustSupport": false,
        "isModifier": false,
        "isSummary": false,
        "mapping": [
          {
            "identity": "rim",
            "map": "Act.text?"
          }
        ]
      },
      {
        "id": "Condition.contained",
        "path": "Condition.contained",
        "name": "Condition.contained",
        "short": "Contained, inline Resources",
        "definition": "These resources do not have an independent existence apart from the resource that contains them - they cannot be identified independently, and nor can they have their own independent transaction scope.",
        "comments": "This should never be done when the content can be identified properly, as once identification is lost, it is extremely difficult (and context dependent) to restore it again.",
        "alias": [
          "inline resources",
          "anonymous resources",
          "contained resources"
        ],
        "min": 0,
        "max": "*",
        "base": {
          "path": "Condition.contained",
          "min": 0,
          "max": "*"
        },
        "type": [
          {
            "code": "Resource"
          }
        ],
        "maxLength": 0,
        "mustSupport": false,
        "isModifier": false,
        "isSummary": false,
        "mapping": [
          {
            "identity": "rim",
            "map": "N/A"
          }
        ]
      },
      {
        "id": "Condition.extension",
        "path": "Condition.extension",
        "name": "Condition.extension",
        "slicing": {
          "id": "2",
          "discriminator": [
            "url"
          ],
          "ordered": false,
          "rules": "open"
        },
        "short": "Additional Content defined by implementations",
        "definition": "May be used to represent additional information that is not part of the basic definition of the resource. In order to make the use of extensions safe and manageable, there is a strict set of governance  applied to the definition and use of extensions. Though any implementer is allowed to define an extension, there is a set of requirements that SHALL be met as part of the definition of the extension.",
        "comments": "There can be no stigma associated with the use of extensions by any application, project, or standard - regardless of the institution or jurisdiction that uses or defines the extensions.  The use of extensions is what allows the FHIR specification to retain a core level of simplicity for everyone.",
        "alias": [
          "extensions",
          "user content"
        ],
        "min": 0,
        "max": "*",
        "base": {
          "path": "Condition.extension",
          "min": 0,
          "max": "*"
        },
        "type": [
          {
            "code": "Extension"
          }
        ],
        "maxLength": 0,
        "mustSupport": false,
        "isModifier": false,
        "isSummary": false,
        "mapping": [
          {
            "identity": "rim",
            "map": "N/A"
          }
        ]
      },
      {
        "id": "dateofdiagnosis",
        "path": "Condition.extension",
        "name": "dateofdiagnosis",
        "definition": "The date the disease was first clinically recognized with sufficient certainty, regardless of whether it was fully characterized at that time.",
        "min": 0,
        "max": "1",
        "base": {
          "path": "Condition.extension",
          "min": 0,
          "max": "*"
        },
        "type": [
          {
            "code": "Extension",
            "profile": [
              "http://hl7.org/fhir/us/shr/StructureDefinition/shr-core-DateOfDiagnosis-extension"
            ]
          }
        ],
        "maxLength": 0,
        "mustSupport": false,
        "isModifier": false,
        "isSummary": false
      },
      {
        "id": "primarycancercondition",
        "path": "Condition.extension",
        "name": "primarycancercondition",
        "definition": "Primary cancer condition, in which abnormal cells divide without control and can invade nearby tissues. A primary cancer is defined as the original site (organ or tissue) where a cancer began.",
        "min": 0,
        "max": "1",
        "base": {
          "path": "Condition.extension",
          "min": 0,
          "max": "*"
        },
        "type": [
          {
            "code": "Extension",
            "profile": [
              "http://hl7.org/fhir/us/shr/StructureDefinition/onco-core-PrimaryCancerCondition-extension"
            ]
          }
        ],
        "maxLength": 0,
        "mustSupport": false,
        "isModifier": false,
        "isSummary": false
      },
      {
        "id": "isprimarytumor",
        "path": "Condition.extension",
        "name": "isprimarytumor",
        "definition": "Whether the tumor is the original or first tumor in the body, for a particular cancer.",
        "min": 0,
        "max": "1",
        "base": {
          "path": "Condition.extension",
          "min": 0,
          "max": "*"
        },
        "type": [
          {
            "code": "Extension",
            "profile": [
              "http://hl7.org/fhir/us/shr/StructureDefinition/onco-core-IsPrimaryTumor-extension"
            ]
          }
        ],
        "maxLength": 0,
        "mustSupport": false,
        "isModifier": false,
        "isSummary": false
      },
      {
        "id": "Condition.modifierExtension",
        "path": "Condition.modifierExtension",
        "name": "Condition.modifierExtension",
        "short": "Extensions that cannot be ignored",
        "definition": "May be used to represent additional information that is not part of the basic definition of the resource, and that modifies the understanding of the element that contains it. Usually modifier elements provide negation or qualification. In order to make the use of extensions safe and manageable, there is a strict set of governance applied to the definition and use of extensions. Though any implementer is allowed to define an extension, there is a set of requirements that SHALL be met as part of the definition of the extension. Applications processing a resource are required to check for modifier extensions.",
        "comments": "There can be no stigma associated with the use of extensions by any application, project, or standard - regardless of the institution or jurisdiction that uses or defines the extensions.  The use of extensions is what allows the FHIR specification to retain a core level of simplicity for everyone.",
        "alias": [
          "extensions",
          "user content"
        ],
        "min": 0,
        "max": "*",
        "base": {
          "path": "Condition.modifierExtension",
          "min": 0,
          "max": "*"
        },
        "type": [
          {
            "code": "Extension"
          }
        ],
        "maxLength": 0,
        "mustSupport": false,
        "isModifier": true,
        "isSummary": false,
        "mapping": [
          {
            "identity": "rim",
            "map": "N/A"
          }
        ]
      },
      {
        "id": "Condition.identifier",
        "path": "Condition.identifier",
        "name": "Condition.identifier",
        "short": "External Ids for this condition",
        "definition": "This records identifiers associated with this condition that are defined by business processes and/or used to refer to it when a direct URL reference to the resource itself is not appropriate (e.g. in CDA documents, or in written / printed documentation).",
        "requirements": "Need to allow connection to a wider workflow.",
        "min": 0,
        "max": "*",
        "base": {
          "path": "Condition.identifier",
          "min": 0,
          "max": "*"
        },
        "type": [
          {
            "code": "Identifier"
          }
        ],
        "maxLength": 0,
        "mustSupport": false,
        "isModifier": false,
        "isSummary": true,
        "mapping": [
          {
            "identity": "rim",
            "map": ".id"
          },
          {
            "identity": "w5",
            "map": "id"
          }
        ]
      },
      {
        "id": "Condition.patient",
        "path": "Condition.patient",
        "name": "Condition.patient",
        "short": "Who has the condition?",
        "definition": "Indicates the patient who the condition record is associated with.",
        "min": 1,
        "max": "1",
        "base": {
          "path": "Condition.patient",
          "min": 1,
          "max": "1"
        },
        "type": [
          {
            "code": "Reference",
            "profile": [
              "http://hl7.org/fhir/us/shr/StructureDefinition/shr-core-Patient"
            ]
          }
        ],
        "maxLength": 0,
        "mustSupport": true,
        "isModifier": false,
        "isSummary": false,
        "mapping": [
          {
            "identity": "v2",
            "map": "PID-3"
          },
          {
            "identity": "rim",
            "map": ".participation[typeCode=SBJ].role[classCode=PAT]"
          },
          {
            "identity": "w5",
            "map": "who.focus"
          },
          {
            "identity": "us-core-stu3",
            "map": "Condition.patient"
          }
        ]
      },
      {
        "id": "Condition.encounter",
        "path": "Condition.encounter",
        "name": "Condition.encounter",
        "short": "Encounter when condition first asserted",
        "definition": "Encounter during which the condition was first asserted.",
        "comments": "This record indicates the encounter this particular record is associated with.  In the case of a \"new\" diagnosis reflecting ongoing/revised information about the condition, this might be distinct from the first encounter in which the underlying condition was first \"known\".",
        "min": 0,
        "max": "1",
        "base": {
          "path": "Condition.encounter",
          "min": 0,
          "max": "1"
        },
        "type": [
          {
            "code": "Reference",
            "profile": [
              "http://hl7.org/fhir/us/shr/StructureDefinition/shr-core-Encounter"
            ]
          }
        ],
        "maxLength": 0,
        "mustSupport": false,
        "isModifier": false,
        "isSummary": true,
        "mapping": [
          {
            "identity": "v2",
            "map": "PV1-19 (+PV1-54)"
          },
          {
            "identity": "rim",
            "map": ".inboundRelationship[typeCode=COMP].source[classCode=ENC, moodCode=EVN]"
          },
          {
            "identity": "w5",
            "map": "context"
          }
        ]
      },
      {
        "id": "Condition.asserter",
        "path": "Condition.asserter",
        "name": "Condition.asserter",
        "short": "Person who asserts this condition",
        "definition": "Individual who is making the condition statement.",
        "min": 0,
        "max": "1",
        "base": {
          "path": "Condition.asserter",
          "min": 0,
          "max": "1"
        },
        "type": [
          {
            "code": "Reference",
            "profile": [
              "http://hl7.org/fhir/us/shr/StructureDefinition/shr-core-Practitioner",
              "http://hl7.org/fhir/us/shr/StructureDefinition/shr-core-Patient"
            ]
          }
        ],
        "maxLength": 0,
        "mustSupport": false,
        "isModifier": false,
        "isSummary": true,
        "mapping": [
          {
            "identity": "v2",
            "map": "REL-7.1 identifier + REL-7.12 type code"
          },
          {
            "identity": "rim",
            "map": ".participation[typeCode=AUT].role"
          },
          {
            "identity": "w5",
            "map": "who.author"
          }
        ]
      },
      {
        "id": "Condition.dateRecorded",
        "path": "Condition.dateRecorded",
        "name": "Condition.dateRecorded",
        "short": "When first entered",
        "definition": "A date, when  the Condition statement was documented.",
        "comments": "The Date Recorded represents the date when this particular Condition record was created in the EHR, not the date of the most recent update in terms of when severity, abatement, etc. were specified.  The date of the last record modification can be retrieved from the resource metadata.",
        "min": 0,
        "max": "1",
        "base": {
          "path": "Condition.dateRecorded",
          "min": 0,
          "max": "1"
        },
        "type": [
          {
            "code": "date"
          }
        ],
        "maxLength": 0,
        "mustSupport": false,
        "isModifier": false,
        "isSummary": true,
        "mapping": [
          {
            "identity": "v2",
            "map": "REL-11"
          },
          {
            "identity": "rim",
            "map": ".participation[typeCode=AUT].time"
          },
          {
            "identity": "w5",
            "map": "when.recorded"
          }
        ]
      },
      {
        "id": "Condition.code",
        "path": "Condition.code",
        "name": "Condition.code",
        "short": "Identification of the condition, problem or diagnosis",
        "definition": "Identification of the condition, problem or diagnosis.",
        "min": 1,
        "max": "1",
        "base": {
          "path": "Condition.code",
          "min": 1,
          "max": "1"
        },
        "type": [
          {
            "code": "CodeableConcept"
          }
        ],
        "maxLength": 0,
        "mustSupport": true,
        "isModifier": false,
        "isSummary": false,
        "binding": {
          "strength": "extensible",
          "valueSetReference": {
            "reference": "http://hl7.org/fhir/us/mcode/onco/core/vs/HistologyMorphologyBehaviorVS"
          }
        },
        "mapping": [
          {
            "identity": "v2",
            "map": "PRB-3"
          },
          {
            "identity": "rim",
            "map": ".value"
          },
          {
            "identity": "w5",
            "map": "what"
          },
          {
            "identity": "us-core-stu3",
            "map": "Condition.code"
          }
        ]
      },
      {
        "id": "Condition.category",
        "path": "Condition.category",
        "name": "Condition.category",
        "short": "complaint | symptom | finding | diagnosis",
        "definition": "A category assigned to the condition.",
        "comments": "The categorization is often highly contextual and may appear poorly differentiated or not very useful in other contexts.",
        "min": 1,
        "max": "1",
        "base": {
          "path": "Condition.category",
          "min": 0,
          "max": "1"
        },
        "type": [
          {
            "code": "CodeableConcept"
          }
        ],
        "maxLength": 0,
        "mustSupport": false,
        "isModifier": false,
        "isSummary": false,
        "binding": {
          "strength": "preferred",
          "valueSetReference": {
            "reference": "http://hl7.org/fhir/us/mcode/shr/core/vs/ConditionCategoryVS"
          }
        },
        "mapping": [
          {
            "identity": "v2",
            "map": "'problem' if from PRB-3. 'diagnosis' if from DG1 segment in PV1 message"
          },
          {
            "identity": "rim",
            "map": ".code"
          },
          {
            "identity": "w5",
            "map": "class"
          },
          {
            "identity": "us-core-stu3",
            "map": "Condition.category"
          }
        ]
      },
      {
        "id": "Condition.clinicalStatus",
        "path": "Condition.clinicalStatus",
        "name": "Condition.clinicalStatus",
        "short": "active | relapse | remission | resolved",
        "definition": "The clinical status of the condition.",
        "min": 1,
        "max": "1",
        "base": {
          "path": "Condition.clinicalStatus",
          "min": 0,
          "max": "1"
        },
        "type": [
          {
            "code": "code"
          }
        ],
        "maxLength": 0,
        "mustSupport": true,
        "isModifier": true,
        "isSummary": false,
        "binding": {
          "strength": "required",
          "valueSetReference": {
            "reference": "http://hl7.org/fhir/ValueSet/condition-clinical"
          }
        },
        "mapping": [
          {
            "identity": "v2",
            "map": "PRB-14 / DG1-6"
          },
          {
            "identity": "w5",
            "map": "status"
          },
          {
            "identity": "us-core-stu3",
            "map": "Condition.clinicalStatus"
          }
        ]
      },
      {
        "id": "Condition.verificationStatus",
        "path": "Condition.verificationStatus",
        "name": "Condition.verificationStatus",
        "short": "provisional | differential | confirmed | refuted | entered-in-error | unknown",
        "definition": "The verification status to support the clinical status of the condition.",
        "min": 1,
        "max": "1",
        "base": {
          "path": "Condition.verificationStatus",
          "min": 1,
          "max": "1"
        },
        "type": [
          {
            "code": "code"
          }
        ],
        "maxLength": 0,
        "mustSupport": true,
        "isModifier": true,
        "isSummary": false,
        "binding": {
          "strength": "required",
          "valueSetReference": {
            "reference": "http://hl7.org/fhir/ValueSet/condition-ver-status"
          }
        },
        "mapping": [
          {
            "identity": "v2",
            "map": "PRB-13"
          },
          {
            "identity": "rim",
            "map": ".code (pre or post-coordinated in)  Can use valueNegationInd for refuted"
          },
          {
            "identity": "w5",
            "map": "status"
          },
          {
            "identity": "us-core-stu3",
            "map": "Condition.verificationStatus"
          }
        ]
      },
      {
        "id": "Condition.severity",
        "path": "Condition.severity",
        "name": "Condition.severity",
        "short": "Subjective severity of condition",
        "definition": "A subjective assessment of the severity of the condition as evaluated by the clinician.",
        "comments": "Coding of the severity with a terminology is preferred, where possible.",
        "min": 0,
        "max": "0",
        "base": {
          "path": "Condition.severity",
          "min": 0,
          "max": "1"
        },
        "type": [
          {
            "code": "CodeableConcept"
          }
        ],
        "maxLength": 0,
        "mustSupport": false,
        "isModifier": false,
        "isSummary": true,
        "binding": {
          "strength": "required",
          "description": "A subjective assessment of the severity of the condition as evaluated by the clinician.",
          "valueSetReference": {
            "reference": "http://hl7.org/fhir/ValueSet/condition-severity"
          }
        },
        "mapping": [
          {
            "identity": "v2",
            "map": "PRB-26 / ABS-3"
          },
          {
            "identity": "rim",
            "map": "Can be pre/post-coordinated into value.  Or ./inboundRelationship[typeCode=SUBJ].source[classCode=OBS, moodCode=EVN, code=\"severity\"].value"
          },
          {
            "identity": "w5",
            "map": "grade"
          }
        ]
      },
      {
        "id": "Condition.onsetx",
        "path": "Condition.onset[x]",
        "name": "Condition.onsetx",
        "short": "Estimated or actual date,  date-time, or age",
        "definition": "Estimated or actual date or date-time  the condition began, in the opinion of the clinician.",
        "comments": "Age is generally used when the patient reports an age at which the Condition began to occur.",
        "min": 0,
        "max": "1",
        "base": {
          "path": "Condition.onset[x]",
          "min": 0,
          "max": "1"
        },
        "type": [
          {
            "code": "dateTime"
          },
          {
            "code": "Quantity",
            "profile": [
              "http://hl7.org/fhir/StructureDefinition/Age"
            ]
          },
          {
            "code": "Period"
          },
          {
            "code": "Range"
          },
          {
            "code": "string"
          }
        ],
        "maxLength": 0,
        "mustSupport": false,
        "isModifier": false,
        "isSummary": true,
        "mapping": [
          {
            "identity": "v2",
            "map": "PRB-16"
          },
          {
            "identity": "rim",
            "map": ".effectiveTime.low or .inboundRelationship[typeCode=SUBJ].source[classCode=OBS, moodCode=EVN, code=\"age at onset\"].value"
          },
          {
            "identity": "w5",
            "map": "when.init"
          }
        ]
      },
      {
        "id": "Condition.abatementx",
        "path": "Condition.abatement[x]",
        "name": "Condition.abatementx",
        "short": "If/when in resolution/remission",
        "definition": "The date or estimated date that the condition resolved or went into remission. This is called \"abatement\" because of the many overloaded connotations associated with \"remission\" or \"resolution\" - Conditions are never really resolved, but they can abate.",
        "comments": "There is no explicit distinction between resolution and remission because in many cases the distinction is not clear. Age is generally used when the patient reports an age at which the Condition abated.  If there is no abatement element, it is unknown whether the condition has resolved or entered remission; applications and users should generally assume that the condition is still valid.",
        "min": 0,
        "max": "1",
        "base": {
          "path": "Condition.abatement[x]",
          "min": 0,
          "max": "1"
        },
        "type": [
          {
            "code": "dateTime"
          },
          {
            "code": "Quantity",
            "profile": [
              "http://hl7.org/fhir/StructureDefinition/Age"
            ]
          },
          {
            "code": "boolean"
          },
          {
            "code": "Period"
          },
          {
            "code": "Range"
          },
          {
            "code": "string"
          }
        ],
        "maxLength": 0,
        "mustSupport": false,
        "isModifier": false,
        "isSummary": true,
        "mapping": [
          {
            "identity": "rim",
            "map": ".effectiveTime.high or .inboundRelationship[typeCode=SUBJ].source[classCode=OBS, moodCode=EVN, code=\"age at remission\"].value or .inboundRelationship[typeCode=SUBJ]source[classCode=CONC, moodCode=EVN].status=completed"
          },
          {
            "identity": "w5",
            "map": "when.done"
          }
        ]
      },
      {
        "id": "Condition.stage",
        "path": "Condition.stage",
        "name": "Condition.stage",
        "short": "Stage/grade, usually assessed formally",
        "definition": "Clinical stage or grade of a condition. May include formal severity assessments.",
        "min": 0,
        "max": "0",
        "base": {
          "path": "Condition.stage",
          "min": 0,
          "max": "1"
        },
        "type": [
          {
            "code": "BackboneElement"
          }
        ],
        "maxLength": 0,
        "constraint": [
          {
            "key": "con-1",
            "severity": "error",
            "human": "Stage SHALL have summary or assessment",
            "xpath": "exists(f:summary) or exists(f:assessment)"
          }
        ],
        "mustSupport": false,
        "isModifier": false,
        "isSummary": true,
        "mapping": [
          {
            "identity": "rim",
            "map": "./inboundRelationship[typeCode=SUBJ].source[classCode=OBS, moodCode=EVN, code=\"stage/grade\"]"
          }
        ]
      },
      {
        "id": "Condition.stage.id",
        "path": "Condition.stage.id",
        "representation": [
          "xmlAttr"
        ],
        "name": "Condition.stage.id",
        "short": "xml:id (or equivalent in JSON)",
        "definition": "unique id for the element within a resource (for internal references).",
        "min": 0,
        "max": "1",
        "base": {
          "path": "Condition.stage.id",
          "min": 0,
          "max": "1"
        },
        "type": [
          {
            "code": "id"
          }
        ],
        "maxLength": 0,
        "mustSupport": false,
        "isModifier": false,
        "isSummary": false,
        "mapping": [
          {
            "identity": "rim",
            "map": "n/a"
          }
        ]
      },
      {
        "id": "Condition.stage.extension",
        "path": "Condition.stage.extension",
        "name": "Condition.stage.extension",
        "short": "Additional Content defined by implementations",
        "definition": "May be used to represent additional information that is not part of the basic definition of the element. In order to make the use of extensions safe and manageable, there is a strict set of governance  applied to the definition and use of extensions. Though any implementer is allowed to define an extension, there is a set of requirements that SHALL be met as part of the definition of the extension.",
        "comments": "There can be no stigma associated with the use of extensions by any application, project, or standard - regardless of the institution or jurisdiction that uses or defines the extensions.  The use of extensions is what allows the FHIR specification to retain a core level of simplicity for everyone.",
        "alias": [
          "extensions",
          "user content"
        ],
        "min": 0,
        "max": "*",
        "base": {
          "path": "Condition.stage.extension",
          "min": 0,
          "max": "*"
        },
        "type": [
          {
            "code": "Extension"
          }
        ],
        "maxLength": 0,
        "mustSupport": false,
        "isModifier": false,
        "isSummary": false,
        "mapping": [
          {
            "identity": "rim",
            "map": "n/a"
          }
        ]
      },
      {
        "id": "Condition.stage.modifierExtension",
        "path": "Condition.stage.modifierExtension",
        "name": "Condition.stage.modifierExtension",
        "short": "Extensions that cannot be ignored",
        "definition": "May be used to represent additional information that is not part of the basic definition of the element, and that modifies the understanding of the element that contains it. Usually modifier elements provide negation or qualification. In order to make the use of extensions safe and manageable, there is a strict set of governance applied to the definition and use of extensions. Though any implementer is allowed to define an extension, there is a set of requirements that SHALL be met as part of the definition of the extension. Applications processing a resource are required to check for modifier extensions.",
        "comments": "There can be no stigma associated with the use of extensions by any application, project, or standard - regardless of the institution or jurisdiction that uses or defines the extensions.  The use of extensions is what allows the FHIR specification to retain a core level of simplicity for everyone.",
        "alias": [
          "extensions",
          "user content",
          "modifiers"
        ],
        "min": 0,
        "max": "*",
        "base": {
          "path": "Condition.stage.modifierExtension",
          "min": 0,
          "max": "*"
        },
        "type": [
          {
            "code": "Extension"
          }
        ],
        "maxLength": 0,
        "mustSupport": false,
        "isModifier": true,
        "isSummary": false,
        "mapping": [
          {
            "identity": "rim",
            "map": "N/A"
          }
        ]
      },
      {
        "id": "Condition.stage.summary",
        "path": "Condition.stage.summary",
        "name": "Condition.stage.summary",
        "short": "Simple summary (disease specific)",
        "definition": "A simple summary of the stage such as \"Stage 3\". The determination of the stage is disease-specific.",
        "min": 0,
        "max": "1",
        "base": {
          "path": "Condition.stage.summary",
          "min": 0,
          "max": "1"
        },
        "type": [
          {
            "code": "CodeableConcept"
          }
        ],
        "maxLength": 0,
        "condition": [
          "con-1"
        ],
        "mustSupport": false,
        "isModifier": false,
        "isSummary": true,
        "binding": {
          "strength": "example",
          "description": "Codes describing condition stages (e.g. Cancer stages).",
          "valueSetReference": {
            "reference": "http://hl7.org/fhir/ValueSet/condition-stage"
          }
        },
        "mapping": [
          {
            "identity": "v2",
            "map": "PRB-14"
          },
          {
            "identity": "rim",
            "map": ".value"
          }
        ]
      },
      {
        "id": "Condition.stage.assessment",
        "path": "Condition.stage.assessment",
        "name": "Condition.stage.assessment",
        "short": "Formal record of assessment",
        "definition": "Reference to a formal record of the evidence on which the staging assessment is based.",
        "min": 0,
        "max": "*",
        "base": {
          "path": "Condition.stage.assessment",
          "min": 0,
          "max": "*"
        },
        "type": [
          {
            "code": "Reference",
            "profile": [
              "http://hl7.org/fhir/us/shr/StructureDefinition/shr-core-Observation"
            ]
          }
        ],
        "maxLength": 0,
        "condition": [
          "con-1"
        ],
        "mustSupport": false,
        "isModifier": false,
        "isSummary": true,
        "mapping": [
          {
            "identity": "rim",
            "map": ".self"
          }
        ]
      },
      {
        "id": "Condition.evidence",
        "path": "Condition.evidence",
        "name": "Condition.evidence",
        "short": "Supporting evidence",
        "definition": "Supporting Evidence / manifestations that are the basis on which this condition is suspected or confirmed.",
        "comments": "The evidence may be a simple list of coded symptoms/manifestations, or references to observations or formal assessments, or both.",
        "min": 0,
        "max": "*",
        "base": {
          "path": "Condition.evidence",
          "min": 0,
          "max": "*"
        },
        "type": [
          {
            "code": "BackboneElement"
          }
        ],
        "maxLength": 0,
        "constraint": [
          {
            "key": "con-2",
            "severity": "error",
            "human": "evidence SHALL have code or details",
            "xpath": "exists(f:code) or exists(f:detail)"
          }
        ],
        "mustSupport": false,
        "isModifier": false,
        "isSummary": true,
        "mapping": [
          {
            "identity": "rim",
            "map": ".outboundRelationship[typeCode=SPRT].target[classCode=OBS, moodCode=EVN]"
          }
        ]
      },
      {
        "id": "Condition.evidence.id",
        "path": "Condition.evidence.id",
        "representation": [
          "xmlAttr"
        ],
        "name": "Condition.evidence.id",
        "short": "xml:id (or equivalent in JSON)",
        "definition": "unique id for the element within a resource (for internal references).",
        "min": 0,
        "max": "1",
        "base": {
          "path": "Condition.evidence.id",
          "min": 0,
          "max": "1"
        },
        "type": [
          {
            "code": "id"
          }
        ],
        "maxLength": 0,
        "mustSupport": false,
        "isModifier": false,
        "isSummary": false,
        "mapping": [
          {
            "identity": "rim",
            "map": "n/a"
          }
        ]
      },
      {
        "id": "Condition.evidence.extension",
        "path": "Condition.evidence.extension",
        "name": "Condition.evidence.extension",
        "short": "Additional Content defined by implementations",
        "definition": "May be used to represent additional information that is not part of the basic definition of the element. In order to make the use of extensions safe and manageable, there is a strict set of governance  applied to the definition and use of extensions. Though any implementer is allowed to define an extension, there is a set of requirements that SHALL be met as part of the definition of the extension.",
        "comments": "There can be no stigma associated with the use of extensions by any application, project, or standard - regardless of the institution or jurisdiction that uses or defines the extensions.  The use of extensions is what allows the FHIR specification to retain a core level of simplicity for everyone.",
        "alias": [
          "extensions",
          "user content"
        ],
        "min": 0,
        "max": "*",
        "base": {
          "path": "Condition.evidence.extension",
          "min": 0,
          "max": "*"
        },
        "type": [
          {
            "code": "Extension"
          }
        ],
        "maxLength": 0,
        "mustSupport": false,
        "isModifier": false,
        "isSummary": false,
        "mapping": [
          {
            "identity": "rim",
            "map": "n/a"
          }
        ]
      },
      {
        "id": "Condition.evidence.modifierExtension",
        "path": "Condition.evidence.modifierExtension",
        "name": "Condition.evidence.modifierExtension",
        "short": "Extensions that cannot be ignored",
        "definition": "May be used to represent additional information that is not part of the basic definition of the element, and that modifies the understanding of the element that contains it. Usually modifier elements provide negation or qualification. In order to make the use of extensions safe and manageable, there is a strict set of governance applied to the definition and use of extensions. Though any implementer is allowed to define an extension, there is a set of requirements that SHALL be met as part of the definition of the extension. Applications processing a resource are required to check for modifier extensions.",
        "comments": "There can be no stigma associated with the use of extensions by any application, project, or standard - regardless of the institution or jurisdiction that uses or defines the extensions.  The use of extensions is what allows the FHIR specification to retain a core level of simplicity for everyone.",
        "alias": [
          "extensions",
          "user content",
          "modifiers"
        ],
        "min": 0,
        "max": "*",
        "base": {
          "path": "Condition.evidence.modifierExtension",
          "min": 0,
          "max": "*"
        },
        "type": [
          {
            "code": "Extension"
          }
        ],
        "maxLength": 0,
        "mustSupport": false,
        "isModifier": true,
        "isSummary": false,
        "mapping": [
          {
            "identity": "rim",
            "map": "N/A"
          }
        ]
      },
      {
        "id": "Condition.evidence.code",
        "path": "Condition.evidence.code",
        "name": "Condition.evidence.code",
        "short": "Manifestation/symptom",
        "definition": "A manifestation or symptom that led to the recording of this condition.",
        "min": 0,
        "max": "1",
        "base": {
          "path": "Condition.evidence.code",
          "min": 0,
          "max": "1"
        },
        "type": [
          {
            "code": "CodeableConcept"
          }
        ],
        "maxLength": 0,
        "condition": [
          "con-2"
        ],
        "mustSupport": false,
        "isModifier": false,
        "isSummary": true,
        "binding": {
          "strength": "example",
          "valueSetReference": {
            "reference": "http://hl7.org/fhir/ValueSet/clinical-findings"
          }
        },
        "mapping": [
          {
            "identity": "rim",
            "map": "[code=\"diagnosis\"].value"
          }
        ]
      },
      {
        "id": "Condition.evidence.detail",
        "path": "Condition.evidence.detail",
        "name": "Condition.evidence.detail",
        "short": "Supporting information found elsewhere",
        "definition": "Links to other relevant information, including pathology reports.",
        "min": 0,
        "max": "*",
        "base": {
          "path": "Condition.evidence.detail",
          "min": 0,
          "max": "*"
        },
        "type": [
          {
            "code": "Reference",
            "profile": [
              "http://hl7.org/fhir/us/shr/StructureDefinition/shr-core-DomainResource"
            ]
          }
        ],
        "maxLength": 0,
        "condition": [
          "con-2"
        ],
        "mustSupport": false,
        "isModifier": false,
        "isSummary": true,
        "mapping": [
          {
            "identity": "rim",
            "map": ".self"
          }
        ]
      },
      {
        "id": "Condition.bodySite",
        "path": "Condition.bodySite",
        "name": "Condition.bodySite",
        "short": "Anatomical location, if relevant",
        "definition": "The anatomical location where this condition manifests itself.",
        "comments": "May be a summary code, or a reference to a very precise definition of the location, or both.",
        "min": 0,
        "max": "*",
        "base": {
          "path": "Condition.bodySite",
          "min": 0,
          "max": "*"
        },
        "type": [
          {
            "code": "CodeableConcept"
          }
        ],
        "maxLength": 0,
        "mustSupport": false,
        "isModifier": false,
        "isSummary": true,
        "binding": {
          "strength": "preferred",
          "valueSetReference": {
            "reference": "http://hl7.org/fhir/us/mcode/shr/core/vs/BodyLocationVS"
          }
        },
        "mapping": [
          {
            "identity": "rim",
            "map": ".targetBodySiteCode"
          }
        ]
      },
      {
        "id": "Condition.bodySite.id",
        "path": "Condition.bodySite.id",
        "representation": [
          "xmlAttr"
        ],
        "name": "Condition.bodySite.id",
        "short": "xml:id (or equivalent in JSON)",
        "definition": "unique id for the element within a resource (for internal references).",
        "min": 0,
        "max": "1",
        "type": [
          {
            "code": "id"
          }
        ],
        "maxLength": 0,
        "mustSupport": false,
        "isModifier": false,
        "isSummary": false,
        "mapping": [
          {
            "identity": "rim",
            "map": "n/a"
          }
        ]
      },
      {
        "id": "Condition.bodySite.extension",
        "path": "Condition.bodySite.extension",
        "name": "Condition.bodySite.extension",
        "slicing": {
          "id": "1",
          "discriminator": [
            "url"
          ],
          "ordered": false,
          "rules": "open"
        },
        "short": "Additional Content defined by implementations",
        "definition": "May be used to represent additional information that is not part of the basic definition of the element. In order to make the use of extensions safe and manageable, there is a strict set of governance  applied to the definition and use of extensions. Though any implementer is allowed to define an extension, there is a set of requirements that SHALL be met as part of the definition of the extension.",
        "comments": "There can be no stigma associated with the use of extensions by any application, project, or standard - regardless of the institution or jurisdiction that uses or defines the extensions.  The use of extensions is what allows the FHIR specification to retain a core level of simplicity for everyone.",
        "alias": [
          "extensions",
          "user content"
        ],
        "min": 0,
        "max": "*",
        "type": [
          {
            "code": "Extension"
          }
        ],
        "maxLength": 0,
        "mustSupport": false,
        "isModifier": false,
        "isSummary": false,
        "mapping": [
          {
            "identity": "rim",
            "map": "n/a"
          }
        ]
      },
      {
        "id": "laterality",
        "path": "Condition.bodySite.extension",
        "name": "laterality",
        "definition": "Body side of the body location, if needed to distinguish from a similar location on the other side of the body.\n\nThis extension is part of the profile on body site appearing throughout the mCODE implementation guide. Body location is a flexible structure that allows the location to be determined by a single code, or a code plus laterality and/or orientation. The body location can also be specified in relation to one or more body landmarks. SNOMED CT is used in all cases.\n\n+ Code only: The code should include (precoordinate) laterality and/orientation to the degree necessary to completely specify the body location.\n+ Code plus laterality and/or orientation: The basic code augmented by codes specifying the body side and/or anatomical orientation.\n+ Relation to landmark: The location relative to a landmark is specified by:\n- Establishing the location and type of landmark using a body site code and optional laterality/orientation, and\n- Specifying the direction and distance from the landmark to the body location.\n\nNote that BodyLocation is a data type (a reusable structure), not a stand-alone entity. The concept is similar to how a postal address can apply to a person, location, or organization. This contrasts with FHIR's stand-alone BodySite (aka BodyStructure in r4) which 'is not ... intended for describing the type of anatomical location but rather a specific body site on a specific patient' (FHIR 3.5).",
        "min": 0,
        "max": "*",
        "base": {
          "path": "Condition.bodySite.extension",
          "min": 0,
          "max": "*"
        },
        "type": [
          {
            "code": "Extension",
            "profile": [
              "http://hl7.org/fhir/us/shr/StructureDefinition/shr-core-Laterality-extension"
            ]
          }
        ],
        "maxLength": 0,
        "mustSupport": false,
        "isModifier": false,
        "isSummary": false
      },
      {
        "id": "orientation",
        "path": "Condition.bodySite.extension",
        "name": "orientation",
        "definition": "Orientation of the body location, if needed to distinguish from a similar location in another orientation.\nThis extension is part of the profile on body site appearing throughout the mCODE implementation guide. Body location is a flexible structure that allows the location to be determined by a single code, or a code plus laterality and/or orientation. The body location can also be specified in relation to one or more body landmarks. SNOMED CT is used in all cases.\n\n+ Code only: The code should include (precoordinate) laterality and/orientation to the degree necessary to completely specify the body location.\n+ Code plus laterality and/or orientation: The basic code augmented by codes specifying the body side and/or anatomical orientation.\n+ Relation to landmark: The location relative to a landmark is specified by:\n- Establishing the location and type of landmark using a body site code and optional laterality/orientation, and\n- Specifying the direction and distance from the landmark to the body location.\n\nNote that BodyLocation is a data type (a reusable structure), not a stand-alone entity. The concept is similar to how a postal address can apply to a person, location, or organization. This contrasts with FHIR's stand-alone BodySite (aka BodyStructure in r4) which 'is not ... intended for describing the type of anatomical location but rather a specific body site on a specific patient' (FHIR 3.5).",
        "min": 0,
        "max": "*",
        "base": {
          "path": "Condition.bodySite.extension",
          "min": 0,
          "max": "*"
        },
        "type": [
          {
            "code": "Extension",
            "profile": [
              "http://hl7.org/fhir/us/shr/StructureDefinition/shr-core-Orientation-extension"
            ]
          }
        ],
        "maxLength": 0,
        "mustSupport": false,
        "isModifier": false,
        "isSummary": false
      },
      {
        "id": "relationtolandmark",
        "path": "Condition.bodySite.extension",
        "name": "relationtolandmark",
        "definition": "The relationship between a landmark that helps determine a body location and the body location itself. The location relative to a landmark is specified by:\n* Specifying the location and type of landmark using a body site code and optional laterality/orientation,\n* Specifying the direction from the landmark to the body location, and\n* Specifying the distance from the landmark to the body location.\n\nThis extension is part of the profile on body site appearing throughout the mCODE implementation guide. Body location is a flexible structure that allows the location to be determined by a single code, or a code plus laterality and/or orientation. The body location can also be specified in relation to one or more body landmarks. SNOMED CT is used in all cases.\n\n+ Code only: The code should include (precoordinate) laterality and/orientation to the degree necessary to completely specify the body location.\n+ Code plus laterality and/or orientation: The basic code augmented by codes specifying the body side and/or anatomical orientation.\n+ Relation to landmark: The location relative to a landmark is specified by:\n- Establishing the location and type of landmark using a body site code and optional laterality/orientation, and\n- Specifying the direction and distance from the landmark to the body location.\n\nNote that BodyLocation is a data type (a reusable structure), not a stand-alone entity. The concept is similar to how a postal address can apply to a person, location, or organization. This contrasts with FHIR's stand-alone BodySite (aka BodyStructure in r4) which 'is not ... intended for describing the type of anatomical location but rather a specific body site on a specific patient' (FHIR 3.5).",
        "min": 0,
        "max": "*",
        "base": {
          "path": "Condition.bodySite.extension",
          "min": 0,
          "max": "*"
        },
        "type": [
          {
            "code": "Extension",
            "profile": [
              "http://hl7.org/fhir/us/shr/StructureDefinition/shr-core-RelationToLandmark-extension"
            ]
          }
        ],
        "maxLength": 0,
        "mustSupport": false,
        "isModifier": false,
        "isSummary": false
      },
      {
        "id": "Condition.bodySite.coding",
        "path": "Condition.bodySite.coding",
        "name": "Condition.bodySite.coding",
        "short": "Code defined by a terminology system",
        "definition": "A reference to a code defined by a terminology system.",
        "comments": "Codes may be defined very casually in enumerations, or code lists, up to very formal definitions such as SNOMED CT - see the HL7 v3 Core Principles for more information.  Ordering of codings is undefined and SHALL NOT be used to infer meaning. Generally, at most only one of the coding values will be labelled as UserSelected = true.",
        "requirements": "Allows for translations and alternate encodings within a code system.  Also supports communication of the same instance to systems requiring different encodings.",
        "min": 0,
        "max": "*",
        "type": [
          {
            "code": "Coding"
          }
        ],
        "maxLength": 0,
        "mustSupport": false,
        "isModifier": false,
        "isSummary": true,
        "mapping": [
          {
            "identity": "orim",
            "map": "fhir:CodeableConcept.coding rdfs:subPropertyOf dt:CD.coding"
          },
          {
            "identity": "v2",
            "map": "C*E.1-8, C*E.10-22"
          },
          {
            "identity": "rim",
            "map": "union(., ./translation)"
          }
        ]
      },
      {
        "id": "Condition.bodySite.text",
        "path": "Condition.bodySite.text",
        "name": "Condition.bodySite.text",
        "short": "Plain text representation of the concept",
        "definition": "A human language representation of the concept as seen/selected/uttered by the user who entered the data and/or which represents the intended meaning of the user.",
        "comments": "Very often the text is the same as a displayName of one of the codings.",
        "requirements": "The codes from the terminologies do not always capture the correct meaning with all the nuances of the human using them, or sometimes there is no appropriate code at all. In these cases, the text is used to capture the full meaning of the source.",
        "min": 0,
        "max": "1",
        "type": [
          {
            "code": "string"
          }
        ],
        "maxLength": 0,
        "mustSupport": false,
        "isModifier": false,
        "isSummary": true,
        "mapping": [
          {
            "identity": "orim",
            "map": "fhir:CodeableConcept.text rdfs:subPropertyOf dt:CD.originalText"
          },
          {
            "identity": "v2",
            "map": "C*E.9. But note many systems use C*E.2 for this"
          },
          {
            "identity": "rim",
            "map": "./originalText[mediaType/code=\"text/plain\"]/data"
          }
        ]
      },
      {
        "id": "Condition.notes",
        "path": "Condition.notes",
        "name": "Condition.notes",
        "short": "Additional information about the Condition",
        "definition": "Additional information about the Condition. This is a general notes/comments entry  for description of the Condition, its diagnosis and prognosis.",
        "min": 0,
        "max": "1",
        "base": {
          "path": "Condition.notes",
          "min": 0,
          "max": "1"
        },
        "type": [
          {
            "code": "string"
          }
        ],
        "maxLength": 0,
        "mustSupport": false,
        "isModifier": false,
        "isSummary": true,
        "mapping": [
          {
            "identity": "v2",
            "map": "NTE child of PRB"
          },
          {
            "identity": "rim",
            "map": ".inboundRelationship[typeCode=SUBJ].source[classCode=OBS, moodCode=EVN, code=\"annotation\"].value"
          }
        ]
      }
    ]
  },
  "differential": {
    "element": [
      {
        "id": "Condition",
        "path": "Condition",
        "name": "Condition",
        "short": "onco-core-Tumor",
        "definition": "The presence of an abnormal mass of tissue (neoplasm) that results when cells divide more than they should or do not die when they should. Tumors may be benign (not cancer), or malignant (cancer). (source: NCI Dictionary).",
        "min": 0,
        "type": [
          {
            "code": "argo-condition"
          }
        ],
        "maxLength": 0,
        "mustSupport": false,
        "isModifier": false,
        "isSummary": false
      },
      {
        "id": "Condition.extension",
        "path": "Condition.extension",
        "name": "Condition.extension",
        "slicing": {
          "id": "2",
          "discriminator": [
            "url"
          ],
          "ordered": false,
          "rules": "open"
        },
        "min": 0,
        "maxLength": 0,
        "mustSupport": false,
        "isModifier": false,
        "isSummary": false
      },
      {
        "id": "dateofdiagnosis",
        "path": "Condition.extension",
        "name": "dateofdiagnosis",
        "definition": "The date the disease was first clinically recognized with sufficient certainty, regardless of whether it was fully characterized at that time.",
        "min": 0,
        "max": "1",
        "base": {
          "path": "Condition.extension",
          "min": 0,
          "max": "*"
        },
        "type": [
          {
            "code": "Extension",
            "profile": [
              "http://hl7.org/fhir/us/shr/StructureDefinition/shr-core-DateOfDiagnosis-extension"
            ]
          }
        ],
        "maxLength": 0,
        "mustSupport": false,
        "isModifier": false,
        "isSummary": false
      },
      {
        "id": "primarycancercondition",
        "path": "Condition.extension",
        "name": "primarycancercondition",
        "definition": "Primary cancer condition, in which abnormal cells divide without control and can invade nearby tissues. A primary cancer is defined as the original site (organ or tissue) where a cancer began.",
        "min": 0,
        "max": "1",
        "base": {
          "path": "Condition.extension",
          "min": 0,
          "max": "*"
        },
        "type": [
          {
            "code": "Extension",
            "profile": [
              "http://hl7.org/fhir/us/shr/StructureDefinition/onco-core-PrimaryCancerCondition-extension"
            ]
          }
        ],
        "maxLength": 0,
        "mustSupport": false,
        "isModifier": false,
        "isSummary": false
      },
      {
        "id": "isprimarytumor",
        "path": "Condition.extension",
        "name": "isprimarytumor",
        "definition": "Whether the tumor is the original or first tumor in the body, for a particular cancer.",
        "min": 0,
        "max": "1",
        "base": {
          "path": "Condition.extension",
          "min": 0,
          "max": "*"
        },
        "type": [
          {
            "code": "Extension",
            "profile": [
              "http://hl7.org/fhir/us/shr/StructureDefinition/onco-core-IsPrimaryTumor-extension"
            ]
          }
        ],
        "maxLength": 0,
        "mustSupport": false,
        "isModifier": false,
        "isSummary": false
      },
      {
        "id": "Condition.patient",
        "path": "Condition.patient",
        "name": "Condition.patient",
        "min": 0,
        "type": [
          {
            "code": "Reference",
            "profile": [
              "http://hl7.org/fhir/us/shr/StructureDefinition/shr-core-Patient"
            ]
          }
        ],
        "maxLength": 0,
        "mustSupport": false,
        "isModifier": false,
        "isSummary": false
      },
      {
        "id": "Condition.encounter",
        "path": "Condition.encounter",
        "name": "Condition.encounter",
        "min": 0,
        "type": [
          {
            "code": "Reference",
            "profile": [
              "http://hl7.org/fhir/us/shr/StructureDefinition/shr-core-Encounter"
            ]
          }
        ],
        "maxLength": 0,
        "mustSupport": false,
        "isModifier": false,
        "isSummary": false
      },
      {
        "id": "Condition.asserter",
        "path": "Condition.asserter",
        "name": "Condition.asserter",
        "min": 0,
        "type": [
          {
            "code": "Reference",
            "profile": [
              "http://hl7.org/fhir/us/shr/StructureDefinition/shr-core-Practitioner",
              "http://hl7.org/fhir/us/shr/StructureDefinition/shr-core-Patient"
            ]
          }
        ],
        "maxLength": 0,
        "mustSupport": false,
        "isModifier": false,
        "isSummary": false
      },
      {
        "id": "Condition.code",
        "path": "Condition.code",
        "name": "Condition.code",
        "min": 0,
        "maxLength": 0,
        "mustSupport": false,
        "isModifier": false,
        "isSummary": false,
        "binding": {
          "strength": "extensible",
          "valueSetReference": {
            "reference": "http://hl7.org/fhir/us/mcode/onco/core/vs/HistologyMorphologyBehaviorVS"
          }
        }
      },
      {
        "id": "Condition.category",
        "path": "Condition.category",
        "name": "Condition.category",
        "min": 0,
        "maxLength": 0,
        "mustSupport": false,
        "isModifier": false,
        "isSummary": false,
        "binding": {
          "strength": "preferred",
          "valueSetReference": {
            "reference": "http://hl7.org/fhir/us/mcode/shr/core/vs/ConditionCategoryVS"
          }
        }
      },
      {
        "id": "Condition.clinicalStatus",
        "path": "Condition.clinicalStatus",
        "name": "Condition.clinicalStatus",
        "min": 1,
        "max": "1",
        "maxLength": 0,
        "mustSupport": false,
        "isModifier": false,
        "isSummary": false
      },
      {
        "id": "Condition.severity",
        "path": "Condition.severity",
        "name": "Condition.severity",
        "min": 0,
        "max": "0",
        "maxLength": 0,
        "mustSupport": false,
        "isModifier": false,
        "isSummary": false,
        "binding": {
          "strength": "required",
          "description": "A subjective assessment of the severity of the condition as evaluated by the clinician.",
          "valueSetReference": {
            "reference": "http://hl7.org/fhir/ValueSet/condition-severity"
          }
        }
      },
      {
        "id": "Condition.stage",
        "path": "Condition.stage",
        "name": "Condition.stage",
        "min": 0,
        "max": "0",
        "maxLength": 0,
        "mustSupport": false,
        "isModifier": false,
        "isSummary": false
      },
      {
        "id": "Condition.stage.assessment",
        "path": "Condition.stage.assessment",
        "name": "Condition.stage.assessment",
        "min": 0,
        "type": [
          {
            "code": "Reference",
            "profile": [
              "http://hl7.org/fhir/us/shr/StructureDefinition/shr-core-Observation"
            ]
          }
        ],
        "maxLength": 0,
        "mustSupport": false,
        "isModifier": false,
        "isSummary": false
      },
      {
        "id": "Condition.evidence",
        "path": "Condition.evidence",
        "name": "Condition.evidence",
        "min": 0,
        "maxLength": 0,
        "mustSupport": false,
        "isModifier": false,
        "isSummary": false
      },
      {
        "id": "Condition.evidence.code",
        "path": "Condition.evidence.code",
        "name": "Condition.evidence.code",
        "min": 0,
        "maxLength": 0,
        "mustSupport": false,
        "isModifier": false,
        "isSummary": false,
        "binding": {
          "strength": "example",
          "valueSetReference": {
            "reference": "http://hl7.org/fhir/ValueSet/clinical-findings"
          }
        }
      },
      {
        "id": "Condition.evidence.detail",
        "path": "Condition.evidence.detail",
        "name": "Condition.evidence.detail",
        "min": 0,
        "type": [
          {
            "code": "Reference",
            "profile": [
              "http://hl7.org/fhir/us/shr/StructureDefinition/shr-core-DomainResource"
            ]
          }
        ],
        "maxLength": 0,
        "mustSupport": false,
        "isModifier": false,
        "isSummary": false
      },
      {
        "id": "Condition.bodySite",
        "path": "Condition.bodySite",
        "name": "Condition.bodySite",
        "min": 0,
        "maxLength": 0,
        "mustSupport": false,
        "isModifier": false,
        "isSummary": false,
        "binding": {
          "strength": "preferred",
          "valueSetReference": {
            "reference": "http://hl7.org/fhir/us/mcode/shr/core/vs/BodyLocationVS"
          }
        }
      },
      {
        "id": "Condition.bodySite.extension",
        "path": "Condition.bodySite.extension",
        "name": "Condition.bodySite.extension",
        "slicing": {
          "id": "1",
          "discriminator": [
            "url"
          ],
          "ordered": false,
          "rules": "open"
        },
        "min": 0,
        "maxLength": 0,
        "mustSupport": false,
        "isModifier": false,
        "isSummary": false
      },
      {
        "id": "laterality",
        "path": "Condition.bodySite.extension",
        "name": "laterality",
        "definition": "Body side of the body location, if needed to distinguish from a similar location on the other side of the body.\n\nThis extension is part of the profile on body site appearing throughout the mCODE implementation guide. Body location is a flexible structure that allows the location to be determined by a single code, or a code plus laterality and/or orientation. The body location can also be specified in relation to one or more body landmarks. SNOMED CT is used in all cases.\n\n+ Code only: The code should include (precoordinate) laterality and/orientation to the degree necessary to completely specify the body location.\n+ Code plus laterality and/or orientation: The basic code augmented by codes specifying the body side and/or anatomical orientation.\n+ Relation to landmark: The location relative to a landmark is specified by:\n- Establishing the location and type of landmark using a body site code and optional laterality/orientation, and\n- Specifying the direction and distance from the landmark to the body location.\n\nNote that BodyLocation is a data type (a reusable structure), not a stand-alone entity. The concept is similar to how a postal address can apply to a person, location, or organization. This contrasts with FHIR's stand-alone BodySite (aka BodyStructure in r4) which 'is not ... intended for describing the type of anatomical location but rather a specific body site on a specific patient' (FHIR 3.5).",
        "min": 0,
        "max": "*",
        "base": {
          "path": "Condition.bodySite.extension",
          "min": 0,
          "max": "*"
        },
        "type": [
          {
            "code": "Extension",
            "profile": [
              "http://hl7.org/fhir/us/shr/StructureDefinition/shr-core-Laterality-extension"
            ]
          }
        ],
        "maxLength": 0,
        "mustSupport": false,
        "isModifier": false,
        "isSummary": false
      },
      {
        "id": "orientation",
        "path": "Condition.bodySite.extension",
        "name": "orientation",
        "definition": "Orientation of the body location, if needed to distinguish from a similar location in another orientation.\nThis extension is part of the profile on body site appearing throughout the mCODE implementation guide. Body location is a flexible structure that allows the location to be determined by a single code, or a code plus laterality and/or orientation. The body location can also be specified in relation to one or more body landmarks. SNOMED CT is used in all cases.\n\n+ Code only: The code should include (precoordinate) laterality and/orientation to the degree necessary to completely specify the body location.\n+ Code plus laterality and/or orientation: The basic code augmented by codes specifying the body side and/or anatomical orientation.\n+ Relation to landmark: The location relative to a landmark is specified by:\n- Establishing the location and type of landmark using a body site code and optional laterality/orientation, and\n- Specifying the direction and distance from the landmark to the body location.\n\nNote that BodyLocation is a data type (a reusable structure), not a stand-alone entity. The concept is similar to how a postal address can apply to a person, location, or organization. This contrasts with FHIR's stand-alone BodySite (aka BodyStructure in r4) which 'is not ... intended for describing the type of anatomical location but rather a specific body site on a specific patient' (FHIR 3.5).",
        "min": 0,
        "max": "*",
        "base": {
          "path": "Condition.bodySite.extension",
          "min": 0,
          "max": "*"
        },
        "type": [
          {
            "code": "Extension",
            "profile": [
              "http://hl7.org/fhir/us/shr/StructureDefinition/shr-core-Orientation-extension"
            ]
          }
        ],
        "maxLength": 0,
        "mustSupport": false,
        "isModifier": false,
        "isSummary": false
      },
      {
        "id": "relationtolandmark",
        "path": "Condition.bodySite.extension",
        "name": "relationtolandmark",
        "definition": "The relationship between a landmark that helps determine a body location and the body location itself. The location relative to a landmark is specified by:\n* Specifying the location and type of landmark using a body site code and optional laterality/orientation,\n* Specifying the direction from the landmark to the body location, and\n* Specifying the distance from the landmark to the body location.\n\nThis extension is part of the profile on body site appearing throughout the mCODE implementation guide. Body location is a flexible structure that allows the location to be determined by a single code, or a code plus laterality and/or orientation. The body location can also be specified in relation to one or more body landmarks. SNOMED CT is used in all cases.\n\n+ Code only: The code should include (precoordinate) laterality and/orientation to the degree necessary to completely specify the body location.\n+ Code plus laterality and/or orientation: The basic code augmented by codes specifying the body side and/or anatomical orientation.\n+ Relation to landmark: The location relative to a landmark is specified by:\n- Establishing the location and type of landmark using a body site code and optional laterality/orientation, and\n- Specifying the direction and distance from the landmark to the body location.\n\nNote that BodyLocation is a data type (a reusable structure), not a stand-alone entity. The concept is similar to how a postal address can apply to a person, location, or organization. This contrasts with FHIR's stand-alone BodySite (aka BodyStructure in r4) which 'is not ... intended for describing the type of anatomical location but rather a specific body site on a specific patient' (FHIR 3.5).",
        "min": 0,
        "max": "*",
        "base": {
          "path": "Condition.bodySite.extension",
          "min": 0,
          "max": "*"
        },
        "type": [
          {
            "code": "Extension",
            "profile": [
              "http://hl7.org/fhir/us/shr/StructureDefinition/shr-core-RelationToLandmark-extension"
            ]
          }
        ],
        "maxLength": 0,
        "mustSupport": false,
        "isModifier": false,
        "isSummary": false
      }
    ]
  }
}