{
  "resourceType": "ValueSet",
  "id": "obf-SurgicalProcedureVS",
  "text": {
    "status": "generated",
    "div": "<div xmlns=\"http://www.w3.org/1999/xhtml\">\n<p><b>SurgicalProcedureVS ValueSet</b></p>\n<p>Codes describing surgical procedures. Includes codes from SNOMED CT under the hierarchy of 387713003 'Surgical procedure'. Codes from ICD-10-PCS and CPT are acceptable. CPT codes are not listed here due to intellectual property restrictions. ICD-10-PCS codes are not listed because of a limitation in the FHIR Implementation Guide publisher. For CPT and ICD-10-PCS, only codes representing surgical procedures should be included.\n\nConformance note: If an ICD-10-PCS code is used, and a semantically equivalent SNOMED CT or CPT code is available, the resulting Procedure instance will not be compliant with [US Core Profiles](http://hl7.org/fhir/us/core/STU3/index.html).</p>\n</div>"
  },
  "url": "http://mcodeinitiative.org/us/mcode/ValueSet/obf-SurgicalProcedureVS",
  "version": "0.9.1",
  "name": "SurgicalProcedureVS",
  "status": "draft",
  "publisher": "The MITRE Corporation",
  "contact": [
    {
      "telecom": [
        {
          "system": "other",
          "value": "http://standardhealthrecord.org",
          "rank": 0
        }
      ]
    }
  ],
  "date": "2019-10-23T00:00:00-04:00",
  "description": "Codes describing surgical procedures. Includes codes from SNOMED CT under the hierarchy of 387713003 'Surgical procedure'. Codes from ICD-10-PCS and CPT are acceptable. CPT codes are not listed here due to intellectual property restrictions. ICD-10-PCS codes are not listed because of a limitation in the FHIR Implementation Guide publisher. For CPT and ICD-10-PCS, only codes representing surgical procedures should be included.\n\nConformance note: If an ICD-10-PCS code is used, and a semantically equivalent SNOMED CT or CPT code is available, the resulting Procedure instance will not be compliant with [US Core Profiles](http://hl7.org/fhir/us/core/STU3/index.html).",
  "immutable": false,
  "compose": {
    "include": [
      {
        "system": "http://snomed.info/sct",
        "filter": [
          {
            "property": "concept",
            "op": "is-a",
            "value": "387713003"
          }
        ]
      }
    ]
  }
}