{
  "resourceType": "ValueSet",
  "id": "obf-lab-EquivalentUnitsVS-g-per-L",
  "text": {
    "status": "generated",
    "div": "<div xmlns=\"http://www.w3.org/1999/xhtml\">\n<p><b>EquivalentUnitsVS-g-per-L ValueSet</b></p>\n<p>Units equivalent to g/L</p>\n</div>"
  },
  "url": "http://mcodeinitiative.org/us/mcode/ValueSet/obf-lab-EquivalentUnitsVS-g-per-L",
  "version": "0.9.1",
  "name": "EquivalentUnitsVS-g-per-L",
  "status": "draft",
  "publisher": "The MITRE Corporation",
  "contact": [
    {
      "telecom": [
        {
          "system": "other",
          "value": "http://standardhealthrecord.org",
          "rank": 0
        }
      ]
    }
  ],
  "date": "2019-10-23T00:00:00-04:00",
  "description": "Units equivalent to g/L",
  "immutable": false,
  "compose": {
    "include": [
      {
        "system": "http://unitsofmeasure.org",
        "concept": [
          {
            "code": "g/L",
            "display": "Grams per liter"
          },
          {
            "code": "mg/mL",
            "display": "Milligrams per milliliter"
          },
          {
            "code": "ug/uL",
            "display": "Micrograms per microliter"
          }
        ]
      }
    ]
  }
}