{
  "resourceType": "ValueSet",
  "id": "shr-core-TreatmentIntentVS",
  "text": {
    "status": "generated",
    "div": "<div xmlns=\"http://www.w3.org/1999/xhtml\">\n<p><b>TreatmentIntentVS ValueSet</b></p>\n<p>The purpose of a treatment. A simplified set taken from SNOMED, only including curative and palliative.</p>\n</div>"
  },
  "url": "http://hl7.org/fhir/us/mcode/shr/core/vs/TreatmentIntentVS",
  "identifier": {
    "system": "http://hl7.org/fhir/us/mcode",
    "value": "shr.core.TreatmentIntentVS"
  },
  "version": "0.9.0 draft candidate 1",
  "name": "TreatmentIntentVS",
  "status": "draft",
  "publisher": "The MITRE Corporation",
  "contact": [
    {
      "telecom": [
        {
          "system": "other",
          "value": "http://standardhealthrecord.org",
          "rank": 0
        }
      ]
    }
  ],
  "date": "2019-04-08T00:00:00-04:00",
  "description": "The purpose of a treatment. A simplified set taken from SNOMED, only including curative and palliative.",
  "immutable": false,
  "compose": {
    "include": [
      {
        "system": "http://snomed.info/sct",
        "concept": [
          {
            "code": "373808002",
            "display": "Curative - procedure intent"
          },
          {
            "code": "363676003",
            "display": "Palliative - procedure intent"
          }
        ]
      }
    ]
  }
}