{
  "resourceType": "ValueSet",
  "id": "shr-core-SurgicalMethodVS",
  "text": {
    "status": "generated",
    "div": "<div xmlns=\"http://www.w3.org/1999/xhtml\">\n<p><b>SurgicalMethodVS ValueSet</b></p>\n<p>Codes describing additional information about the method of the surgery. Includes the technique used to reach the site of the procedure, and actions taken during the surgery.</p>\n</div>"
  },
  "url": "http://hl7.org/fhir/us/mcode/shr/core/vs/SurgicalMethodVS",
  "identifier": {
    "system": "http://hl7.org/fhir/us/mcode",
    "value": "shr.core.SurgicalMethodVS"
  },
  "version": "0.9.0 Beta 1",
  "name": "SurgicalMethodVS",
  "status": "draft",
  "publisher": "The MITRE Corporation",
  "contact": [
    {
      "telecom": [
        {
          "system": "other",
          "value": "http://standardhealthrecord.org",
          "rank": 0
        }
      ]
    }
  ],
  "date": "2019-04-10T00:00:00-04:00",
  "description": "Codes describing additional information about the method of the surgery. Includes the technique used to reach the site of the procedure, and actions taken during the surgery.",
  "immutable": false,
  "compose": {
    "include": [
      {
        "system": "http://snomed.info/sct",
        "filter": [
          {
            "property": "concept",
            "op": "is-a",
            "value": "103379005"
          }
        ]
      },
      {
        "system": "http://snomed.info/sct",
        "filter": [
          {
            "property": "concept",
            "op": "is-a",
            "value": "129284003"
          }
        ]
      }
    ]
  }
}