{
  "resourceType": "ValueSet",
  "id": "onco-core-TNMStageGroupVS",
  "text": {
    "status": "generated",
    "div": "<div xmlns=\"http://www.w3.org/1999/xhtml\">\n<p><b>TNMStageGroupVS ValueSet</b></p>\n<p>This value set is intended to contain allowable values for Stage Group, according to TNM staging rules. SNOMED CT codes or AJCC codes (preferrably, version 8 for current cancers) are allowed, but are not listed here due to AJCC intellectual property restrictions.\n\n*AJCC terminology: examples of stage groups include 'Stage 0' and 'Stage IIA'. The full set of stage groups, as well rules on how to assign a stage group, can be accessed through the AJCC Staging Manual and any applicable updates and corrections, as well as the AJCC API.\n\n* SNOMED CT has content representing stage group under the hierarchy of 261612004 'Stages', such as 258215001 'Stage 1' and 261614003 'Stage2A'. In addition, SNOMED CT may not have complete TNM staging terminology and may require supplementation with codes from another controlled vocabulary (e.g. NCI Thesaurus).</p>\n</div>"
  },
  "url": "http://mcodeinitiative.org/us/mcode/ValueSet/onco-core-TNMStageGroupVS",
  "version": "0.9.1",
  "name": "TNMStageGroupVS",
  "status": "draft",
  "publisher": "The MITRE Corporation",
  "contact": [
    {
      "telecom": [
        {
          "system": "other",
          "value": "http://standardhealthrecord.org",
          "rank": 0
        }
      ]
    }
  ],
  "date": "2019-10-23T00:00:00-04:00",
  "description": "This value set is intended to contain allowable values for Stage Group, according to TNM staging rules. SNOMED CT codes or AJCC codes (preferrably, version 8 for current cancers) are allowed, but are not listed here due to AJCC intellectual property restrictions.\n\n*AJCC terminology: examples of stage groups include 'Stage 0' and 'Stage IIA'. The full set of stage groups, as well rules on how to assign a stage group, can be accessed through the AJCC Staging Manual and any applicable updates and corrections, as well as the AJCC API.\n\n* SNOMED CT has content representing stage group under the hierarchy of 261612004 'Stages', such as 258215001 'Stage 1' and 261614003 'Stage2A'. In addition, SNOMED CT may not have complete TNM staging terminology and may require supplementation with codes from another controlled vocabulary (e.g. NCI Thesaurus).",
  "immutable": false,
  "compose": {
    "include": [
      {
        "system": "http://cancerstaging.org"
      }
    ]
  }
}