{"resourceType":"StructureDefinition","id":"shr-core-StatusHistory-extension","text":{"status":"generated","div":"<div xmlns=\"http://www.w3.org/1999/xhtml\">\n  <p><b>StatusHistory Extension</b></p>\n  <p>List of past encounter statuses</p>\n</div>"},"url":"http://hl7.org/fhir/us/shr/StructureDefinition/shr-core-StatusHistory-extension","identifier":[{"system":"http://hl7.org/fhir/us/sdoh","value":"shr.core.StatusHistory"}],"version":"0.1.0","name":"StatusHistory","title":"shr-core-StatusHistory","status":"draft","date":"2019-04-01T00:00:00-04:00","publisher":"MITRE Corporation","contact":[{"telecom":[{"system":"url","value":"http://standardhealthrecord.org"}]}],"description":"List of past encounter statuses","fhirVersion":"3.0.1","kind":"complex-type","abstract":false,"contextType":"resource","context":["*"],"type":"Extension","baseDefinition":"http://hl7.org/fhir/StructureDefinition/Extension","derivation":"constraint","snapshot":{"element":[{"id":"Extension:statushistory","path":"Extension","short":"StatusHistory","definition":"List of past encounter statuses","min":0,"max":"*","base":{"path":"Extension","min":0,"max":"1"},"condition":["ele-1"],"constraint":[{"key":"ele-1","severity":"error","human":"All FHIR elements must have a @value or children","expression":"children().count() > id.count()","xpath":"@value|f:*|h:div","source":"Element"},{"key":"ext-1","severity":"error","human":"Must have either extensions or value[x], not both","expression":"extension.exists() != value.exists()","xpath":"exists(f:extension)!=exists(f:*[starts-with(local-name(.), 'value')])","source":"Extension"}]},{"id":"Extension:statushistory.id","path":"Extension.id","representation":["xmlAttr"],"short":"xml:id (or equivalent in JSON)","definition":"unique id for the element within a resource (for internal references). This may be any string value that does not contain spaces.","min":0,"max":"1","base":{"path":"Element.id","min":0,"max":"1"},"type":[{"code":"string"}],"mapping":[{"identity":"rim","map":"N/A"}]},{"id":"Extension:statushistory.extension","path":"Extension.extension","slicing":{"id":"1","discriminator":[{"type":"value","path":"url"}],"ordered":false,"rules":"open"},"short":"Extension","definition":"An Extension","min":0,"max":"*","base":{"path":"Element.extension","min":0,"max":"*"},"type":[{"code":"Extension"}]},{"id":"Extension:statushistory.extension:status","path":"Extension.extension","sliceName":"status","definition":"A state that relates to the workflow or interpretation of this resource. Certain status values can modify the meaning of the resource, for example, entered-in-error. When a boolean value is used, Status of true indicates the record is active, false means inactive.","min":1,"max":"1","base":{"path":"Extension.extension","min":0,"max":"1"},"type":[{"code":"Extension","profile":"http://hl7.org/fhir/us/shr/StructureDefinition/shr-core-Status-extension"}],"isModifier":false,"mapping":[{"identity":"rim","map":"N/A"}]},{"id":"Extension:statushistory.extension:timeperiod","path":"Extension.extension","sliceName":"timeperiod","definition":"A period of time defined by a start and end time, date, or year.\nIf the start element is missing, the start of the period is not known. If the end element is missing, it means that the period is ongoing, or the start may be in the past, and the end date in the future, which means that period is expected/planned to end at the specified time. The end value includes any matching date/time. For example, the period 2011-05-23 to 2011-05-27 includes all the times from the start of the 23rd May through to the end of the 27th of May.","min":1,"max":"1","base":{"path":"Extension.extension","min":0,"max":"1"},"type":[{"code":"Extension","profile":"http://hl7.org/fhir/us/shr/StructureDefinition/shr-core-TimePeriod-extension"}],"isModifier":false,"mapping":[{"identity":"rim","map":"N/A"}]},{"id":"Extension:statushistory.url","path":"Extension.url","representation":["xmlAttr"],"short":"identifies the meaning of the extension","definition":"Source of the definition for the extension code - a logical name or a URL.","min":1,"max":"1","base":{"path":"Extension.url","min":1,"max":"1"},"type":[{"code":"uri"}],"fixedUri":"http://hl7.org/fhir/us/shr/StructureDefinition/shr-core-StatusHistory-extension","mapping":[{"identity":"rim","map":"N/A"}]},{"id":"Extension:statushistory.value[x]","path":"Extension.value[x]","short":"Value of extension","definition":"Value of extension - may be a resource or one of a constrained set of the data types (see Extensibility in the spec for list).","min":0,"max":"0","base":{"path":"Extension.value[x]","min":0,"max":"1"},"type":[{"code":"base64Binary"},{"code":"boolean"},{"code":"code"},{"code":"date"},{"code":"dateTime"},{"code":"decimal"},{"code":"id"},{"code":"instant"},{"code":"integer"},{"code":"markdown"},{"code":"oid"},{"code":"positiveInt"},{"code":"string"},{"code":"time"},{"code":"unsignedInt"},{"code":"uri"},{"code":"Address"},{"code":"Age"},{"code":"Annotation"},{"code":"Attachment"},{"code":"CodeableConcept"},{"code":"Coding"},{"code":"ContactPoint"},{"code":"Count"},{"code":"Distance"},{"code":"Duration"},{"code":"HumanName"},{"code":"Identifier"},{"code":"Money"},{"code":"Period"},{"code":"Quantity"},{"code":"Range"},{"code":"Ratio"},{"code":"Reference"},{"code":"SampledData"},{"code":"Signature"},{"code":"Timing"},{"code":"Meta"}],"mapping":[{"identity":"rim","map":"N/A"}]}]},"differential":{"element":[{"id":"Extension:statushistory","path":"Extension","short":"StatusHistory","definition":"List of past encounter statuses","min":0,"max":"*"},{"id":"Extension:statushistory.extension:status","path":"Extension.extension","sliceName":"status","definition":"A state that relates to the workflow or interpretation of this resource. Certain status values can modify the meaning of the resource, for example, entered-in-error. When a boolean value is used, Status of true indicates the record is active, false means inactive.","min":1,"max":"1","type":[{"code":"Extension","profile":"http://hl7.org/fhir/us/shr/StructureDefinition/shr-core-Status-extension"}]},{"id":"Extension:statushistory.extension:timeperiod","path":"Extension.extension","sliceName":"timeperiod","definition":"A period of time defined by a start and end time, date, or year.\nIf the start element is missing, the start of the period is not known. If the end element is missing, it means that the period is ongoing, or the start may be in the past, and the end date in the future, which means that period is expected/planned to end at the specified time. The end value includes any matching date/time. For example, the period 2011-05-23 to 2011-05-27 includes all the times from the start of the 23rd May through to the end of the 27th of May.","min":1,"max":"1","type":[{"code":"Extension","profile":"http://hl7.org/fhir/us/shr/StructureDefinition/shr-core-TimePeriod-extension"}]},{"id":"Extension:statushistory.url","path":"Extension.url","type":[{"code":"uri"}],"fixedUri":"http://hl7.org/fhir/us/shr/StructureDefinition/shr-core-StatusHistory-extension"},{"id":"Extension:statushistory.value[x]","path":"Extension.value[x]","min":0,"max":"0"}]}}