{"resourceType":"StructureDefinition","id":"shr-core-BeginDateTime-model","text":{"status":"generated","div":"<div xmlns=\"http://www.w3.org/1999/xhtml\">\n  <p><b>BeginDateTime Logical Model</b></p>\n  <p>The time at which something is to take effect, start, or did start. Boundary is considered inclusive.</p>\n</div>"},"url":"http://hl7.org/fhir/us/shr/StructureDefinition/shr-core-BeginDateTime-model","identifier":[{"system":"http://hl7.org/fhir/us/sdoh","value":"shr.core.BeginDateTime"}],"version":"0.1.0","name":"BeginDateTime","title":"shr-core-BeginDateTime","status":"draft","date":"2019-04-01T00:00:00-04:00","publisher":"MITRE Corporation","contact":[{"telecom":[{"system":"url","value":"http://standardhealthrecord.org"}]}],"description":"The time at which something is to take effect, start, or did start. Boundary is considered inclusive.","keyword":[{"system":"http://ncimeta.nci.nih.gov","code":"C1301880"}],"fhirVersion":"3.0.1","kind":"logical","abstract":false,"type":"shr-core-BeginDateTime-model","baseDefinition":"http://hl7.org/fhir/StructureDefinition/Element","derivation":"specialization","snapshot":{"element":[{"id":"shr-core-BeginDateTime-model","path":"shr-core-BeginDateTime-model","definition":"The time at which something is to take effect, start, or did start. Boundary is considered inclusive.","min":0,"max":"*","base":{"path":"shr-core-BeginDateTime-model","min":0,"max":"*"},"mustSupport":false,"isModifier":false,"isSummary":false},{"id":"shr-core-BeginDateTime-model.value","path":"shr-core-BeginDateTime-model.value","short":"DateTime representing the time at which something is to take effect, start, or did start. Boundary is considered inclusive.","definition":"DateTime representing the time at which something is to take effect, start, or did start. Boundary is considered inclusive.","min":1,"max":"1","base":{"path":"shr-core-BeginDateTime-model.value","min":1,"max":"1"},"type":[{"code":"dateTime"}],"mustSupport":false,"isModifier":false,"isSummary":false}]},"differential":{"element":[{"id":"shr-core-BeginDateTime-model","path":"shr-core-BeginDateTime-model","definition":"The time at which something is to take effect, start, or did start. Boundary is considered inclusive.","min":0,"max":"*","base":{"path":"shr-core-BeginDateTime-model","min":0,"max":"*"},"mustSupport":false,"isModifier":false,"isSummary":false},{"id":"shr-core-BeginDateTime-model.value","path":"shr-core-BeginDateTime-model.value","short":"DateTime representing the time at which something is to take effect, start, or did start. Boundary is considered inclusive.","definition":"DateTime representing the time at which something is to take effect, start, or did start. Boundary is considered inclusive.","min":1,"max":"1","base":{"path":"shr-core-BeginDateTime-model.value","min":1,"max":"1"},"type":[{"code":"dateTime"}],"mustSupport":false,"isModifier":false,"isSummary":false}]}}