{"resourceType":"StructureDefinition","id":"shr-core-ProcedureParticipant-model","text":{"status":"generated","div":"<div xmlns=\"http://www.w3.org/1999/xhtml\">\n  <p><b>ProcedureParticipant Logical Model</b></p>\n  <p>Constrains participants to classes that are accepted by FHIR as actors in procedures in STU 3.</p>\n</div>"},"url":"http://hl7.org/fhir/us/shr/StructureDefinition/shr-core-ProcedureParticipant-model","identifier":[{"system":"http://hl7.org/fhir/us/sdoh","value":"shr.core.ProcedureParticipant"}],"version":"0.1.0","name":"ProcedureParticipant","title":"shr-core-ProcedureParticipant","status":"draft","date":"2019-04-01T00:00:00-04:00","publisher":"MITRE Corporation","contact":[{"telecom":[{"system":"url","value":"http://standardhealthrecord.org"}]}],"description":"Constrains participants to classes that are accepted by FHIR as actors in procedures in STU 3.","fhirVersion":"3.0.1","kind":"logical","abstract":false,"type":"shr-core-ProcedureParticipant-model","baseDefinition":"http://hl7.org/fhir/StructureDefinition/Element","derivation":"specialization","snapshot":{"element":[{"id":"shr-core-ProcedureParticipant-model","path":"shr-core-ProcedureParticipant-model","definition":"Constrains participants to classes that are accepted by FHIR as actors in procedures in STU 3.","min":0,"max":"*","base":{"path":"shr-core-ProcedureParticipant-model","min":0,"max":"*"},"mustSupport":false,"isModifier":false,"isSummary":false},{"id":"shr-core-ProcedureParticipant-model.value[x]","path":"shr-core-ProcedureParticipant-model.value[x]","short":"Choice of types representing constrains participants to classes that are accepted by FHIR as actors in procedures in STU 3.","definition":"Choice of types representing constrains participants to classes that are accepted by FHIR as actors in procedures in STU 3.","min":1,"max":"1","base":{"path":"shr-core-ProcedureParticipant-model.value[x]","min":1,"max":"1"},"type":[{"code":"Reference","targetProfile":"http://hl7.org/fhir/us/shr/StructureDefinition/shr-core-Practitioner-model"},{"code":"Reference","targetProfile":"http://hl7.org/fhir/us/shr/StructureDefinition/shr-core-Organization-model"},{"code":"Reference","targetProfile":"http://hl7.org/fhir/us/shr/StructureDefinition/shr-core-Patient-model"},{"code":"Reference","targetProfile":"http://hl7.org/fhir/us/shr/StructureDefinition/shr-core-RelatedPerson-model"},{"code":"Reference","targetProfile":"http://hl7.org/fhir/us/shr/StructureDefinition/shr-core-Device-model"}],"mustSupport":false,"isModifier":false,"isSummary":false}]},"differential":{"element":[{"id":"shr-core-ProcedureParticipant-model","path":"shr-core-ProcedureParticipant-model","definition":"Constrains participants to classes that are accepted by FHIR as actors in procedures in STU 3.","min":0,"max":"*","base":{"path":"shr-core-ProcedureParticipant-model","min":0,"max":"*"},"mustSupport":false,"isModifier":false,"isSummary":false},{"id":"shr-core-ProcedureParticipant-model.value[x]","path":"shr-core-ProcedureParticipant-model.value[x]","short":"Choice of types representing constrains participants to classes that are accepted by FHIR as actors in procedures in STU 3.","definition":"Choice of types representing constrains participants to classes that are accepted by FHIR as actors in procedures in STU 3.","min":1,"max":"1","base":{"path":"shr-core-ProcedureParticipant-model.value[x]","min":1,"max":"1"},"type":[{"code":"Reference","targetProfile":"http://hl7.org/fhir/us/shr/StructureDefinition/shr-core-Practitioner-model"},{"code":"Reference","targetProfile":"http://hl7.org/fhir/us/shr/StructureDefinition/shr-core-Organization-model"},{"code":"Reference","targetProfile":"http://hl7.org/fhir/us/shr/StructureDefinition/shr-core-Patient-model"},{"code":"Reference","targetProfile":"http://hl7.org/fhir/us/shr/StructureDefinition/shr-core-RelatedPerson-model"},{"code":"Reference","targetProfile":"http://hl7.org/fhir/us/shr/StructureDefinition/shr-core-Device-model"}],"mustSupport":false,"isModifier":false,"isSummary":false}]}}