{"resourceType":"StructureDefinition","id":"shr-core-StageSummary-model","text":{"status":"generated","div":"<div xmlns=\"http://www.w3.org/1999/xhtml\">\n  <p><b>StageSummary Logical Model</b></p>\n  <p>A code representing the current stage of a disease.</p>\n</div>"},"url":"http://hl7.org/fhir/us/shr/StructureDefinition/shr-core-StageSummary-model","identifier":[{"system":"http://hl7.org/fhir/us/sdoh","value":"shr.core.StageSummary"}],"version":"0.1.0","name":"StageSummary","title":"shr-core-StageSummary","status":"draft","date":"2019-04-01T00:00:00-04:00","publisher":"MITRE Corporation","contact":[{"telecom":[{"system":"url","value":"http://standardhealthrecord.org"}]}],"description":"A code representing the current stage of a disease.","fhirVersion":"3.0.1","kind":"logical","abstract":false,"type":"shr-core-StageSummary-model","baseDefinition":"http://hl7.org/fhir/StructureDefinition/Element","derivation":"specialization","snapshot":{"element":[{"id":"shr-core-StageSummary-model","path":"shr-core-StageSummary-model","definition":"A code representing the current stage of a disease.","min":0,"max":"*","base":{"path":"shr-core-StageSummary-model","min":0,"max":"*"},"mustSupport":false,"isModifier":false,"isSummary":false},{"id":"shr-core-StageSummary-model.value","path":"shr-core-StageSummary-model.value","short":"Code representing a code representing the current stage of a disease.","definition":"Code representing a code representing the current stage of a disease.","min":1,"max":"1","base":{"path":"shr-core-StageSummary-model.value","min":1,"max":"1"},"type":[{"code":"Coding"}],"mustSupport":false,"isModifier":false,"isSummary":false}]},"differential":{"element":[{"id":"shr-core-StageSummary-model","path":"shr-core-StageSummary-model","definition":"A code representing the current stage of a disease.","min":0,"max":"*","base":{"path":"shr-core-StageSummary-model","min":0,"max":"*"},"mustSupport":false,"isModifier":false,"isSummary":false},{"id":"shr-core-StageSummary-model.value","path":"shr-core-StageSummary-model.value","short":"Code representing a code representing the current stage of a disease.","definition":"Code representing a code representing the current stage of a disease.","min":1,"max":"1","base":{"path":"shr-core-StageSummary-model.value","min":1,"max":"1"},"type":[{"code":"Coding"}],"mustSupport":false,"isModifier":false,"isSummary":false}]}}