{"resourceType":"StructureDefinition","id":"shr-core-HandlingRisk-model","text":{"status":"generated","div":"<div xmlns=\"http://www.w3.org/1999/xhtml\">\n  <p><b>HandlingRisk Logical Model</b></p>\n  <p>Cautions on the handling of this specimen.</p>\n</div>"},"url":"http://hl7.org/fhir/us/shr/StructureDefinition/shr-core-HandlingRisk-model","identifier":[{"system":"http://hl7.org/fhir/us/sdoh","value":"shr.core.HandlingRisk"}],"version":"0.1.0","name":"HandlingRisk","title":"shr-core-HandlingRisk","status":"draft","date":"2019-04-01T00:00:00-04:00","publisher":"MITRE Corporation","contact":[{"telecom":[{"system":"url","value":"http://standardhealthrecord.org"}]}],"description":"Cautions on the handling of this specimen.","fhirVersion":"3.0.1","kind":"logical","abstract":false,"type":"shr-core-HandlingRisk-model","baseDefinition":"http://hl7.org/fhir/StructureDefinition/Element","derivation":"specialization","snapshot":{"element":[{"id":"shr-core-HandlingRisk-model","path":"shr-core-HandlingRisk-model","definition":"Cautions on the handling of this specimen.","min":0,"max":"*","base":{"path":"shr-core-HandlingRisk-model","min":0,"max":"*"},"mustSupport":false,"isModifier":false,"isSummary":false},{"id":"shr-core-HandlingRisk-model.value","path":"shr-core-HandlingRisk-model.value","short":"Code representing cautions on the handling of this specimen.","definition":"Code representing cautions on the handling of this specimen.","min":1,"max":"1","base":{"path":"shr-core-HandlingRisk-model.value","min":1,"max":"1"},"type":[{"code":"Coding"}],"mustSupport":false,"isModifier":false,"isSummary":false}]},"differential":{"element":[{"id":"shr-core-HandlingRisk-model","path":"shr-core-HandlingRisk-model","definition":"Cautions on the handling of this specimen.","min":0,"max":"*","base":{"path":"shr-core-HandlingRisk-model","min":0,"max":"*"},"mustSupport":false,"isModifier":false,"isSummary":false},{"id":"shr-core-HandlingRisk-model.value","path":"shr-core-HandlingRisk-model.value","short":"Code representing cautions on the handling of this specimen.","definition":"Code representing cautions on the handling of this specimen.","min":1,"max":"1","base":{"path":"shr-core-HandlingRisk-model.value","min":1,"max":"1"},"type":[{"code":"Coding"}],"mustSupport":false,"isModifier":false,"isSummary":false}]}}