{"resourceType":"StructureDefinition","id":"shr-core-Resource-model","text":{"status":"generated","div":"<div xmlns=\"http://www.w3.org/1999/xhtml\">\n  <p><b>Resource Logical Model</b></p>\n  <p>Parent class for any item in clinical or administrative health-related system. Contains metadata attributes that apply to any item represented in the standard health record. An DomainResource can belong to a single person's health record, or represent an entity that surfaces in multiple records, such as organizations, providers, payments, decision support artifacts, etc.</p>\n</div>"},"url":"http://hl7.org/fhir/us/shr/StructureDefinition/shr-core-Resource-model","identifier":[{"system":"http://hl7.org/fhir/us/sdoh","value":"shr.core.Resource"}],"version":"0.1.0","name":"Resource","title":"shr-core-Resource","status":"draft","date":"2019-04-01T00:00:00-04:00","publisher":"MITRE Corporation","contact":[{"telecom":[{"system":"url","value":"http://standardhealthrecord.org"}]}],"description":"Parent class for any item in clinical or administrative health-related system. Contains metadata attributes that apply to any item represented in the standard health record. An DomainResource can belong to a single person's health record, or represent an entity that surfaces in multiple records, such as organizations, providers, payments, decision support artifacts, etc.","fhirVersion":"3.0.1","kind":"logical","abstract":false,"type":"shr-core-Resource-model","baseDefinition":"http://hl7.org/fhir/StructureDefinition/Element","derivation":"specialization","snapshot":{"element":[{"id":"shr-core-Resource-model","path":"shr-core-Resource-model","definition":"Parent class for any item in clinical or administrative health-related system. Contains metadata attributes that apply to any item represented in the standard health record. An DomainResource can belong to a single person's health record, or represent an entity that surfaces in multiple records, such as organizations, providers, payments, decision support artifacts, etc.","min":0,"max":"*","base":{"path":"shr-core-Resource-model","min":0,"max":"*"},"mustSupport":false,"isModifier":false,"isSummary":false},{"id":"shr-core-Resource-model.metadata","path":"shr-core-Resource-model.metadata","short":"Elements that belong to all information items.","definition":"Elements that belong to all information items.","min":0,"max":"1","base":{"path":"shr-core-Resource-model.metadata","min":0,"max":"1"},"type":[{"code":"http://hl7.org/fhir/us/shr/StructureDefinition/shr-core-Metadata-model"}],"mustSupport":false,"isModifier":false,"isSummary":false},{"id":"shr-core-Resource-model.language","path":"shr-core-Resource-model.language","code":[{"system":"http://ncimeta.nci.nih.gov","code":"C0023008"}],"short":"A human language, spoken or written.","definition":"A human language, spoken or written.","min":0,"max":"1","base":{"path":"shr-core-Resource-model.language","min":0,"max":"1"},"type":[{"code":"Coding"}],"mustSupport":false,"isModifier":false,"isSummary":false},{"id":"shr-core-Resource-model.implicitRules","path":"shr-core-Resource-model.implicitRules","short":"A set of rules under which this content was created","definition":"A set of rules under which this content was created","min":0,"max":"1","base":{"path":"shr-core-Resource-model.implicitRules","min":0,"max":"1"},"type":[{"code":"uri"}],"mustSupport":false,"isModifier":false,"isSummary":false}]},"differential":{"element":[{"id":"shr-core-Resource-model","path":"shr-core-Resource-model","definition":"Parent class for any item in clinical or administrative health-related system. Contains metadata attributes that apply to any item represented in the standard health record. An DomainResource can belong to a single person's health record, or represent an entity that surfaces in multiple records, such as organizations, providers, payments, decision support artifacts, etc.","min":0,"max":"*","base":{"path":"shr-core-Resource-model","min":0,"max":"*"},"mustSupport":false,"isModifier":false,"isSummary":false},{"id":"shr-core-Resource-model.metadata","path":"shr-core-Resource-model.metadata","short":"Elements that belong to all information items.","definition":"Elements that belong to all information items.","min":0,"max":"1","base":{"path":"shr-core-Resource-model.metadata","min":0,"max":"1"},"type":[{"code":"http://hl7.org/fhir/us/shr/StructureDefinition/shr-core-Metadata-model"}],"mustSupport":false,"isModifier":false,"isSummary":false},{"id":"shr-core-Resource-model.language","path":"shr-core-Resource-model.language","code":[{"system":"http://ncimeta.nci.nih.gov","code":"C0023008"}],"short":"A human language, spoken or written.","definition":"A human language, spoken or written.","min":0,"max":"1","base":{"path":"shr-core-Resource-model.language","min":0,"max":"1"},"type":[{"code":"Coding"}],"mustSupport":false,"isModifier":false,"isSummary":false},{"id":"shr-core-Resource-model.implicitRules","path":"shr-core-Resource-model.implicitRules","short":"A set of rules under which this content was created","definition":"A set of rules under which this content was created","min":0,"max":"1","base":{"path":"shr-core-Resource-model.implicitRules","min":0,"max":"1"},"type":[{"code":"uri"}],"mustSupport":false,"isModifier":false,"isSummary":false}]}}