{"resourceType":"StructureDefinition","id":"shr-core-DomainResource-model","text":{"status":"generated","div":"<div xmlns=\"http://www.w3.org/1999/xhtml\">\n  <p><b>DomainResource Logical Model</b></p>\n  <p>Parent class for any item in clinical or administrative health-related system. A DomainResource can belong to a single person's health record, or represent an entity that surfaces in multiple records, such as organizations, providers, payments, decision support artifacts, etc.</p>\n</div>"},"url":"http://hl7.org/fhir/us/shr/StructureDefinition/shr-core-DomainResource-model","identifier":[{"system":"http://hl7.org/fhir/us/sdoh","value":"shr.core.DomainResource"}],"version":"0.1.0","name":"DomainResource","title":"shr-core-DomainResource","status":"draft","date":"2019-04-01T00:00:00-04:00","publisher":"MITRE Corporation","contact":[{"telecom":[{"system":"url","value":"http://standardhealthrecord.org"}]}],"description":"Parent class for any item in clinical or administrative health-related system. A DomainResource can belong to a single person's health record, or represent an entity that surfaces in multiple records, such as organizations, providers, payments, decision support artifacts, etc.","fhirVersion":"3.0.1","kind":"logical","abstract":false,"type":"shr-core-DomainResource-model","baseDefinition":"http://hl7.org/fhir/StructureDefinition/Element","derivation":"specialization","snapshot":{"element":[{"id":"shr-core-DomainResource-model","path":"shr-core-DomainResource-model","definition":"Parent class for any item in clinical or administrative health-related system. A DomainResource can belong to a single person's health record, or represent an entity that surfaces in multiple records, such as organizations, providers, payments, decision support artifacts, etc.","min":0,"max":"*","base":{"path":"shr-core-DomainResource-model","min":0,"max":"*"},"mustSupport":false,"isModifier":false,"isSummary":false},{"id":"shr-core-DomainResource-model.metadata","path":"shr-core-DomainResource-model.metadata","short":"Elements that belong to all information items.","definition":"Elements that belong to all information items.","min":0,"max":"1","base":{"path":"shr-core-DomainResource-model.metadata","min":0,"max":"1"},"type":[{"code":"http://hl7.org/fhir/us/shr/StructureDefinition/shr-core-Metadata-model"}],"mustSupport":false,"isModifier":false,"isSummary":false},{"id":"shr-core-DomainResource-model.language","path":"shr-core-DomainResource-model.language","code":[{"system":"http://ncimeta.nci.nih.gov","code":"C0023008"}],"short":"A human language, spoken or written.","definition":"A human language, spoken or written.","min":0,"max":"1","base":{"path":"shr-core-DomainResource-model.language","min":0,"max":"1"},"type":[{"code":"Coding"}],"mustSupport":false,"isModifier":false,"isSummary":false},{"id":"shr-core-DomainResource-model.implicitRules","path":"shr-core-DomainResource-model.implicitRules","short":"A set of rules under which this content was created","definition":"A set of rules under which this content was created","min":0,"max":"1","base":{"path":"shr-core-DomainResource-model.implicitRules","min":0,"max":"1"},"type":[{"code":"uri"}],"mustSupport":false,"isModifier":false,"isSummary":false},{"id":"shr-core-DomainResource-model.narrative","path":"shr-core-DomainResource-model.narrative","short":"A human-readable narrative, potentially including images, that contains a summary of the resource, and may be used to represent the content of the resource to a human.","definition":"A human-readable narrative, potentially including images, that contains a summary of the resource, and may be used to represent the content of the resource to a human.","min":0,"max":"1","base":{"path":"shr-core-DomainResource-model.narrative","min":0,"max":"1"},"type":[{"code":"http://hl7.org/fhir/us/shr/StructureDefinition/shr-core-Narrative-model"}],"mustSupport":false,"isModifier":false,"isSummary":false},{"id":"shr-core-DomainResource-model.status","path":"shr-core-DomainResource-model.status","short":"A state that relates to the workflow or interpretation of this resource. Certain status values can modify the meaning of the resource, for example, entered-in-error. When a boolean value is used, Status of true indicates the record is active, false means inactive.","definition":"A state that relates to the workflow or interpretation of this resource. Certain status values can modify the meaning of the resource, for example, entered-in-error. When a boolean value is used, Status of true indicates the record is active, false means inactive.","min":0,"max":"1","base":{"path":"shr-core-DomainResource-model.status","min":0,"max":"1"},"type":[{"code":"Coding"}],"mustSupport":false,"isModifier":false,"isSummary":false},{"id":"shr-core-DomainResource-model.identifier","path":"shr-core-DomainResource-model.identifier","short":"Business identifier or external id for this resource.","definition":"Business identifier or external id for this resource.","min":0,"max":"*","base":{"path":"shr-core-DomainResource-model.identifier","min":0,"max":"*"},"type":[{"code":"http://hl7.org/fhir/us/shr/StructureDefinition/shr-core-Identifier-model"}],"mustSupport":false,"isModifier":false,"isSummary":false}]},"differential":{"element":[{"id":"shr-core-DomainResource-model","path":"shr-core-DomainResource-model","definition":"Parent class for any item in clinical or administrative health-related system. A DomainResource can belong to a single person's health record, or represent an entity that surfaces in multiple records, such as organizations, providers, payments, decision support artifacts, etc.","min":0,"max":"*","base":{"path":"shr-core-DomainResource-model","min":0,"max":"*"},"mustSupport":false,"isModifier":false,"isSummary":false},{"id":"shr-core-DomainResource-model.metadata","path":"shr-core-DomainResource-model.metadata","short":"Elements that belong to all information items.","definition":"Elements that belong to all information items.","min":0,"max":"1","base":{"path":"shr-core-DomainResource-model.metadata","min":0,"max":"1"},"type":[{"code":"http://hl7.org/fhir/us/shr/StructureDefinition/shr-core-Metadata-model"}],"mustSupport":false,"isModifier":false,"isSummary":false},{"id":"shr-core-DomainResource-model.language","path":"shr-core-DomainResource-model.language","code":[{"system":"http://ncimeta.nci.nih.gov","code":"C0023008"}],"short":"A human language, spoken or written.","definition":"A human language, spoken or written.","min":0,"max":"1","base":{"path":"shr-core-DomainResource-model.language","min":0,"max":"1"},"type":[{"code":"Coding"}],"mustSupport":false,"isModifier":false,"isSummary":false},{"id":"shr-core-DomainResource-model.implicitRules","path":"shr-core-DomainResource-model.implicitRules","short":"A set of rules under which this content was created","definition":"A set of rules under which this content was created","min":0,"max":"1","base":{"path":"shr-core-DomainResource-model.implicitRules","min":0,"max":"1"},"type":[{"code":"uri"}],"mustSupport":false,"isModifier":false,"isSummary":false},{"id":"shr-core-DomainResource-model.narrative","path":"shr-core-DomainResource-model.narrative","short":"A human-readable narrative, potentially including images, that contains a summary of the resource, and may be used to represent the content of the resource to a human.","definition":"A human-readable narrative, potentially including images, that contains a summary of the resource, and may be used to represent the content of the resource to a human.","min":0,"max":"1","base":{"path":"shr-core-DomainResource-model.narrative","min":0,"max":"1"},"type":[{"code":"http://hl7.org/fhir/us/shr/StructureDefinition/shr-core-Narrative-model"}],"mustSupport":false,"isModifier":false,"isSummary":false},{"id":"shr-core-DomainResource-model.status","path":"shr-core-DomainResource-model.status","short":"A state that relates to the workflow or interpretation of this resource. Certain status values can modify the meaning of the resource, for example, entered-in-error. When a boolean value is used, Status of true indicates the record is active, false means inactive.","definition":"A state that relates to the workflow or interpretation of this resource. Certain status values can modify the meaning of the resource, for example, entered-in-error. When a boolean value is used, Status of true indicates the record is active, false means inactive.","min":0,"max":"1","base":{"path":"shr-core-DomainResource-model.status","min":0,"max":"1"},"type":[{"code":"Coding"}],"mustSupport":false,"isModifier":false,"isSummary":false},{"id":"shr-core-DomainResource-model.identifier","path":"shr-core-DomainResource-model.identifier","short":"Business identifier or external id for this resource.","definition":"Business identifier or external id for this resource.","min":0,"max":"*","base":{"path":"shr-core-DomainResource-model.identifier","min":0,"max":"*"},"type":[{"code":"http://hl7.org/fhir/us/shr/StructureDefinition/shr-core-Identifier-model"}],"mustSupport":false,"isModifier":false,"isSummary":false}]}}