{"resourceType":"StructureDefinition","id":"shr-core-Capacity-model","text":{"status":"generated","div":"<div xmlns=\"http://www.w3.org/1999/xhtml\">\n  <p><b>Capacity Logical Model</b></p>\n  <p>Container volume or size.</p>\n</div>"},"url":"http://hl7.org/fhir/us/shr/StructureDefinition/shr-core-Capacity-model","identifier":[{"system":"http://hl7.org/fhir/us/sdoh","value":"shr.core.Capacity"}],"version":"0.1.0","name":"Capacity","title":"shr-core-Capacity","status":"draft","date":"2019-04-01T00:00:00-04:00","publisher":"MITRE Corporation","contact":[{"telecom":[{"system":"url","value":"http://standardhealthrecord.org"}]}],"description":"Container volume or size.","fhirVersion":"3.0.1","kind":"logical","abstract":false,"type":"shr-core-Capacity-model","baseDefinition":"http://hl7.org/fhir/StructureDefinition/Element","derivation":"specialization","snapshot":{"element":[{"id":"shr-core-Capacity-model","path":"shr-core-Capacity-model","definition":"Container volume or size.","min":0,"max":"*","base":{"path":"shr-core-Capacity-model","min":0,"max":"*"},"mustSupport":false,"isModifier":false,"isSummary":false},{"id":"shr-core-Capacity-model.value","path":"shr-core-Capacity-model.value","short":"SimpleQuantity representing container volume or size.","definition":"SimpleQuantity representing container volume or size.","min":1,"max":"1","base":{"path":"shr-core-Capacity-model.value","min":1,"max":"1"},"type":[{"code":"http://hl7.org/fhir/us/shr/StructureDefinition/shr-core-SimpleQuantity-model"}],"mustSupport":false,"isModifier":false,"isSummary":false}]},"differential":{"element":[{"id":"shr-core-Capacity-model","path":"shr-core-Capacity-model","definition":"Container volume or size.","min":0,"max":"*","base":{"path":"shr-core-Capacity-model","min":0,"max":"*"},"mustSupport":false,"isModifier":false,"isSummary":false},{"id":"shr-core-Capacity-model.value","path":"shr-core-Capacity-model.value","short":"SimpleQuantity representing container volume or size.","definition":"SimpleQuantity representing container volume or size.","min":1,"max":"1","base":{"path":"shr-core-Capacity-model.value","min":1,"max":"1"},"type":[{"code":"http://hl7.org/fhir/us/shr/StructureDefinition/shr-core-SimpleQuantity-model"}],"mustSupport":false,"isModifier":false,"isSummary":false}]}}