{"resourceType":"StructureDefinition","id":"shr-core-ResourceSize-model","text":{"status":"generated","div":"<div xmlns=\"http://www.w3.org/1999/xhtml\">\n  <p><b>ResourceSize Logical Model</b></p>\n  <p>Number of bytes of content in the resource (if url provided)</p>\n</div>"},"url":"http://hl7.org/fhir/us/shr/StructureDefinition/shr-core-ResourceSize-model","identifier":[{"system":"http://hl7.org/fhir/us/sdoh","value":"shr.core.ResourceSize"}],"version":"0.1.0","name":"ResourceSize","title":"shr-core-ResourceSize","status":"draft","date":"2019-04-01T00:00:00-04:00","publisher":"MITRE Corporation","contact":[{"telecom":[{"system":"url","value":"http://standardhealthrecord.org"}]}],"description":"Number of bytes of content in the resource (if url provided)","fhirVersion":"3.0.1","kind":"logical","abstract":false,"type":"shr-core-ResourceSize-model","baseDefinition":"http://hl7.org/fhir/StructureDefinition/Element","derivation":"specialization","snapshot":{"element":[{"id":"shr-core-ResourceSize-model","path":"shr-core-ResourceSize-model","definition":"Number of bytes of content in the resource (if url provided)","min":0,"max":"*","base":{"path":"shr-core-ResourceSize-model","min":0,"max":"*"},"mustSupport":false,"isModifier":false,"isSummary":false},{"id":"shr-core-ResourceSize-model.value","path":"shr-core-ResourceSize-model.value","short":"UnsignedInt representing number of bytes of content in the resource (if url provided)","definition":"UnsignedInt representing number of bytes of content in the resource (if url provided)","min":1,"max":"1","base":{"path":"shr-core-ResourceSize-model.value","min":1,"max":"1"},"type":[{"code":"unsignedInt"}],"mustSupport":false,"isModifier":false,"isSummary":false}]},"differential":{"element":[{"id":"shr-core-ResourceSize-model","path":"shr-core-ResourceSize-model","definition":"Number of bytes of content in the resource (if url provided)","min":0,"max":"*","base":{"path":"shr-core-ResourceSize-model","min":0,"max":"*"},"mustSupport":false,"isModifier":false,"isSummary":false},{"id":"shr-core-ResourceSize-model.value","path":"shr-core-ResourceSize-model.value","short":"UnsignedInt representing number of bytes of content in the resource (if url provided)","definition":"UnsignedInt representing number of bytes of content in the resource (if url provided)","min":1,"max":"1","base":{"path":"shr-core-ResourceSize-model.value","min":1,"max":"1"},"type":[{"code":"unsignedInt"}],"mustSupport":false,"isModifier":false,"isSummary":false}]}}