{"resourceType":"StructureDefinition","id":"shr-core-ProcedureRequest-model","text":{"status":"generated","div":"<div xmlns=\"http://www.w3.org/1999/xhtml\">\n  <p><b>ProcedureRequest Logical Model</b></p>\n  <p>A request for a procedure to be performed. May be a proposal or an order.</p>\n</div>"},"url":"http://hl7.org/fhir/us/shr/StructureDefinition/shr-core-ProcedureRequest-model","identifier":[{"system":"http://hl7.org/fhir/us/sdoh","value":"shr.core.ProcedureRequest"}],"version":"0.1.0","name":"ProcedureRequest","title":"shr-core-ProcedureRequest","status":"draft","date":"2019-04-01T00:00:00-04:00","publisher":"MITRE Corporation","contact":[{"telecom":[{"system":"url","value":"http://standardhealthrecord.org"}]}],"description":"A request for a procedure to be performed. May be a proposal or an order.","fhirVersion":"3.0.1","kind":"logical","abstract":false,"type":"shr-core-ProcedureRequest-model","baseDefinition":"http://hl7.org/fhir/StructureDefinition/Element","derivation":"specialization","snapshot":{"element":[{"id":"shr-core-ProcedureRequest-model","path":"shr-core-ProcedureRequest-model","definition":"A request for a procedure to be performed. May be a proposal or an order.","min":0,"max":"*","base":{"path":"shr-core-ProcedureRequest-model","min":0,"max":"*"},"mustSupport":false,"isModifier":false,"isSummary":false},{"id":"shr-core-ProcedureRequest-model.metadata","path":"shr-core-ProcedureRequest-model.metadata","short":"Elements that belong to all information items.","definition":"Elements that belong to all information items.","min":0,"max":"1","base":{"path":"shr-core-ProcedureRequest-model.metadata","min":0,"max":"1"},"type":[{"code":"http://hl7.org/fhir/us/shr/StructureDefinition/shr-core-Metadata-model"}],"mustSupport":false,"isModifier":false,"isSummary":false},{"id":"shr-core-ProcedureRequest-model.language","path":"shr-core-ProcedureRequest-model.language","code":[{"system":"http://ncimeta.nci.nih.gov","code":"C0023008"}],"short":"A human language, spoken or written.","definition":"A human language, spoken or written.","min":0,"max":"1","base":{"path":"shr-core-ProcedureRequest-model.language","min":0,"max":"1"},"type":[{"code":"Coding"}],"mustSupport":false,"isModifier":false,"isSummary":false},{"id":"shr-core-ProcedureRequest-model.implicitRules","path":"shr-core-ProcedureRequest-model.implicitRules","short":"A set of rules under which this content was created","definition":"A set of rules under which this content was created","min":0,"max":"1","base":{"path":"shr-core-ProcedureRequest-model.implicitRules","min":0,"max":"1"},"type":[{"code":"uri"}],"mustSupport":false,"isModifier":false,"isSummary":false},{"id":"shr-core-ProcedureRequest-model.narrative","path":"shr-core-ProcedureRequest-model.narrative","short":"A human-readable narrative, potentially including images, that contains a summary of the resource, and may be used to represent the content of the resource to a human.","definition":"A human-readable narrative, potentially including images, that contains a summary of the resource, and may be used to represent the content of the resource to a human.","min":0,"max":"1","base":{"path":"shr-core-ProcedureRequest-model.narrative","min":0,"max":"1"},"type":[{"code":"http://hl7.org/fhir/us/shr/StructureDefinition/shr-core-Narrative-model"}],"mustSupport":false,"isModifier":false,"isSummary":false},{"id":"shr-core-ProcedureRequest-model.status","path":"shr-core-ProcedureRequest-model.status","short":"A state that relates to the workflow or interpretation of this resource. Certain status values can modify the meaning of the resource, for example, entered-in-error. When a boolean value is used, Status of true indicates the record is active, false means inactive.","definition":"A state that relates to the workflow or interpretation of this resource. Certain status values can modify the meaning of the resource, for example, entered-in-error. When a boolean value is used, Status of true indicates the record is active, false means inactive.","min":1,"max":"1","base":{"path":"shr-core-ProcedureRequest-model.status","min":1,"max":"1"},"type":[{"code":"Coding"}],"mustSupport":false,"isModifier":false,"isSummary":false},{"id":"shr-core-ProcedureRequest-model.identifier","path":"shr-core-ProcedureRequest-model.identifier","short":"Business identifier or external id for this resource.","definition":"Business identifier or external id for this resource.","min":0,"max":"*","base":{"path":"shr-core-ProcedureRequest-model.identifier","min":0,"max":"*"},"type":[{"code":"http://hl7.org/fhir/us/shr/StructureDefinition/shr-core-Identifier-model"}],"mustSupport":false,"isModifier":false,"isSummary":false},{"id":"shr-core-ProcedureRequest-model.referralSubjectOfRecord[x]","path":"shr-core-ProcedureRequest-model.referralSubjectOfRecord[x]","short":"A choice of Patient or Group. These are the potential subjects for Procedure and ReferralRequest resources.","definition":"A choice of Patient or Group. These are the potential subjects for Procedure and ReferralRequest resources.","min":1,"max":"1","base":{"path":"shr-core-ProcedureRequest-model.referralSubjectOfRecord[x]","min":1,"max":"1"},"type":[{"code":"Reference","targetProfile":"http://hl7.org/fhir/us/shr/StructureDefinition/shr-core-Patient-model"},{"code":"Reference","targetProfile":"http://hl7.org/fhir/us/shr/StructureDefinition/shr-core-Group-model"}],"mustSupport":false,"isModifier":false,"isSummary":false},{"id":"shr-core-ProcedureRequest-model.careContext[x]","path":"shr-core-ProcedureRequest-model.careContext[x]","short":"The encounter or episode of care","definition":"The encounter or episode of care","min":0,"max":"1","base":{"path":"shr-core-ProcedureRequest-model.careContext[x]","min":0,"max":"1"},"type":[{"code":"Reference","targetProfile":"http://hl7.org/fhir/us/shr/StructureDefinition/shr-core-Encounter-model"},{"code":"Reference","targetProfile":"http://hl7.org/fhir/us/shr/StructureDefinition/shr-core-EpisodeOfCare-model"}],"mustSupport":false,"isModifier":false,"isSummary":false},{"id":"shr-core-ProcedureRequest-model.statementDateTime","path":"shr-core-ProcedureRequest-model.statementDateTime","code":[{"system":"http://ncimeta.nci.nih.gov","code":"C3669169"}],"short":"The point in time when the statement was created.","definition":"The point in time when the statement was created.","min":0,"max":"1","base":{"path":"shr-core-ProcedureRequest-model.statementDateTime","min":0,"max":"1"},"type":[{"code":"dateTime"}],"mustSupport":false,"isModifier":false,"isSummary":false},{"id":"shr-core-ProcedureRequest-model.reasonCode","path":"shr-core-ProcedureRequest-model.reasonCode","code":[{"system":"http://ncimeta.nci.nih.gov","code":"C0566251"}],"short":"The justification, as a code.","definition":"The justification, as a code.\nReason is a string or CodeableConcept in DSTU2 but in later versions only a CodeableConcept, so we are not going to support a string.","min":0,"max":"1","base":{"path":"shr-core-ProcedureRequest-model.reasonCode","min":0,"max":"1"},"type":[{"code":"Coding"}],"mustSupport":false,"isModifier":false,"isSummary":false},{"id":"shr-core-ProcedureRequest-model.reasonReference[x]","path":"shr-core-ProcedureRequest-model.reasonReference[x]","short":"The justification, as reference to a condition or observation.","definition":"The justification, as reference to a condition or observation.","min":0,"max":"1","base":{"path":"shr-core-ProcedureRequest-model.reasonReference[x]","min":0,"max":"1"},"type":[{"code":"Reference","targetProfile":"http://hl7.org/fhir/us/shr/StructureDefinition/shr-core-Condition-model"},{"code":"Reference","targetProfile":"http://hl7.org/fhir/us/shr/StructureDefinition/shr-core-Observation-model"}],"mustSupport":false,"isModifier":false,"isSummary":false},{"id":"shr-core-ProcedureRequest-model.type","path":"shr-core-ProcedureRequest-model.type","code":[{"system":"http://ncimeta.nci.nih.gov","code":"C0332307"}],"short":"A code describing the item at a greater level of detail.","definition":"A code describing the item at a greater level of detail.","min":1,"max":"1","base":{"path":"shr-core-ProcedureRequest-model.type","min":1,"max":"1"},"type":[{"code":"Coding"}],"mustSupport":false,"isModifier":false,"isSummary":false,"binding":{"strength":"extensible","valueSetReference":{"reference":"http://hl7.org/fhir/us/core/ValueSet/us-core-procedure-code"}}},{"id":"shr-core-ProcedureRequest-model.requestIntent","path":"shr-core-ProcedureRequest-model.requestIntent","short":"Indicates the level of authority/intentionality associated with the request and where the request fits into the workflow chain.","definition":"Indicates the level of authority/intentionality associated with the request and where the request fits into the workflow chain.","min":1,"max":"1","base":{"path":"shr-core-ProcedureRequest-model.requestIntent","min":1,"max":"1"},"type":[{"code":"Coding"}],"mustSupport":false,"isModifier":false,"isSummary":false,"binding":{"strength":"required","valueSetReference":{"reference":"http://hl7.org/fhir/ValueSet/request-intent"}}},{"id":"shr-core-ProcedureRequest-model.expectedPerformanceTime[x]","path":"shr-core-ProcedureRequest-model.expectedPerformanceTime[x]","short":"When an action should be done. If the action is a series or recurs (e.g. daily blood sugar testing in the morning) then a Timing can be used to describe the periodicity.","definition":"When an action should be done. If the action is a series or recurs (e.g. daily blood sugar testing in the morning) then a Timing can be used to describe the periodicity.","min":0,"max":"1","base":{"path":"shr-core-ProcedureRequest-model.expectedPerformanceTime[x]","min":0,"max":"1"},"type":[{"code":"dateTime"},{"code":"http://hl7.org/fhir/us/shr/StructureDefinition/shr-core-TimePeriod-model"},{"code":"http://hl7.org/fhir/us/shr/StructureDefinition/shr-core-Timing-model"}],"mustSupport":false,"isModifier":false,"isSummary":false},{"id":"shr-core-ProcedureRequest-model.expectedPerformerType","path":"shr-core-ProcedureRequest-model.expectedPerformerType","short":"What type of party should carry out the testing.","definition":"What type of party should carry out the testing.","min":0,"max":"1","base":{"path":"shr-core-ProcedureRequest-model.expectedPerformerType","min":0,"max":"1"},"type":[{"code":"Coding"}],"mustSupport":false,"isModifier":false,"isSummary":false},{"id":"shr-core-ProcedureRequest-model.recipient[x]","path":"shr-core-ProcedureRequest-model.recipient[x]","short":"Who this request is being addressed to.","definition":"Who this request is being addressed to.","min":0,"max":"1","base":{"path":"shr-core-ProcedureRequest-model.recipient[x]","min":0,"max":"1"},"type":[{"code":"Reference","targetProfile":"http://hl7.org/fhir/us/shr/StructureDefinition/shr-core-Patient-model"},{"code":"Reference","targetProfile":"http://hl7.org/fhir/us/shr/StructureDefinition/shr-core-Practitioner-model"},{"code":"Reference","targetProfile":"http://hl7.org/fhir/us/shr/StructureDefinition/shr-core-RelatedPerson-model"},{"code":"Reference","targetProfile":"http://hl7.org/fhir/us/shr/StructureDefinition/shr-core-Organization-model"},{"code":"Reference","targetProfile":"http://hl7.org/fhir/us/shr/StructureDefinition/shr-core-Device-model"}],"mustSupport":false,"isModifier":false,"isSummary":false},{"id":"shr-core-ProcedureRequest-model.priorityCode[x]","path":"shr-core-ProcedureRequest-model.priorityCode[x]","code":[{"system":"http://ncimeta.nci.nih.gov","code":"C0549179"}],"short":"An indication of the importance of an action relative to other actions.","definition":"An indication of the importance of an action relative to other actions.","min":0,"max":"1","base":{"path":"shr-core-ProcedureRequest-model.priorityCode[x]","min":0,"max":"1"},"type":[{"code":"positiveInt"},{"code":"Coding"}],"mustSupport":false,"isModifier":false,"isSummary":false},{"id":"shr-core-ProcedureRequest-model.annotation","path":"shr-core-ProcedureRequest-model.annotation","short":"An added or follow-up note, often after the fact, that contains metadata about who made the statement and when.","definition":"An added or follow-up note, often after the fact, that contains metadata about who made the statement and when.","min":0,"max":"*","base":{"path":"shr-core-ProcedureRequest-model.annotation","min":0,"max":"*"},"type":[{"code":"http://hl7.org/fhir/us/shr/StructureDefinition/shr-core-Annotation-model"}],"mustSupport":false,"isModifier":false,"isSummary":false},{"id":"shr-core-ProcedureRequest-model.communicationMethod","path":"shr-core-ProcedureRequest-model.communicationMethod","short":"This is the method the provider used to communicate. Examples include: Written, Telephoned, Verbal, Electronically Entered, Policy, Service Correction, Duplicate, etc. 'Code indicating the origin of the prescription.' - NCPDP Telecommunication (Field 419-DJ, Data Dictionary 201104). Possible values include: Written; Telephone; Electronic; Facsimile; Pharmacy; Not Known.","definition":"This is the method the provider used to communicate. Examples include: Written, Telephoned, Verbal, Electronically Entered, Policy, Service Correction, Duplicate, etc. 'Code indicating the origin of the prescription.' - NCPDP Telecommunication (Field 419-DJ, Data Dictionary 201104). Possible values include: Written; Telephone; Electronic; Facsimile; Pharmacy; Not Known.","min":0,"max":"1","base":{"path":"shr-core-ProcedureRequest-model.communicationMethod","min":0,"max":"1"},"type":[{"code":"Coding"}],"mustSupport":false,"isModifier":false,"isSummary":false},{"id":"shr-core-ProcedureRequest-model.procedureRequester[x]","path":"shr-core-ProcedureRequest-model.procedureRequester[x]","short":"The agent requesting the procedure. Allows Practitioner and Device, since these represent the intersection between DSTU 2 and STU 3. DSTU 2 allows Organization, and STU 3 allows Patient and RelatedPerson.","definition":"The agent requesting the procedure. Allows Practitioner and Device, since these represent the intersection between DSTU 2 and STU 3. DSTU 2 allows Organization, and STU 3 allows Patient and RelatedPerson.","min":0,"max":"1","base":{"path":"shr-core-ProcedureRequest-model.procedureRequester[x]","min":0,"max":"1"},"type":[{"code":"Reference","targetProfile":"http://hl7.org/fhir/us/shr/StructureDefinition/shr-core-Practitioner-model"},{"code":"Reference","targetProfile":"http://hl7.org/fhir/us/shr/StructureDefinition/shr-core-Device-model"}],"mustSupport":false,"isModifier":false,"isSummary":false},{"id":"shr-core-ProcedureRequest-model.bodyLocation","path":"shr-core-ProcedureRequest-model.bodyLocation","short":"A location or structure in the body, including tissues, regions, cavities, and spaces; for example, right elbow, or left ventricle of the heart.","definition":"A location or structure in the body, including tissues, regions, cavities, and spaces; for example, right elbow, or left ventricle of the heart.\nThe BodyLocation includes code and optional qualifiers of anatomical side or direction. The body location can also be determined from one or more body landmarks.\nIf the code for the body location includes laterality and/or anatomical direction, the corresponding attributes might be unnecessary.\nNote that BodyLocation is a data type, a reusable structure, not a stand-alone entity. The concept is similar to how an address structure can apply to a person, location, or organization. This contrasts with FHIR's stand-alone BodySite (aka BodyStructure in r4) which 'is not ... intended for describing the type of anatomical location but rather a specific body site on a specific patient' (FHIR 3.5).","min":0,"max":"*","base":{"path":"shr-core-ProcedureRequest-model.bodyLocation","min":0,"max":"*"},"type":[{"code":"http://hl7.org/fhir/us/shr/StructureDefinition/shr-core-BodyLocation-model"}],"mustSupport":false,"isModifier":false,"isSummary":false},{"id":"shr-core-ProcedureRequest-model.partOf","path":"shr-core-ProcedureRequest-model.partOf","short":"The larger entity that the asserted item is a portion of. For example, an organization part of a larger organization, or an encounter with a hospitalist might be part of a larger hospitalization encounter.","definition":"The larger entity that the asserted item is a portion of. For example, an organization part of a larger organization, or an encounter with a hospitalist might be part of a larger hospitalization encounter.","min":0,"max":"1","base":{"path":"shr-core-ProcedureRequest-model.partOf","min":0,"max":"1"},"type":[{"code":"Reference","targetProfile":"http://hl7.org/fhir/us/shr/StructureDefinition/shr-core-Procedure-model"}],"mustSupport":false,"isModifier":false,"isSummary":false},{"id":"shr-core-ProcedureRequest-model.category","path":"shr-core-ProcedureRequest-model.category","short":"The type, kind, or class of this item.","definition":"The type, kind, or class of this item.","min":0,"max":"1","base":{"path":"shr-core-ProcedureRequest-model.category","min":0,"max":"1"},"type":[{"code":"Coding"}],"mustSupport":false,"isModifier":false,"isSummary":false},{"id":"shr-core-ProcedureRequest-model.method","path":"shr-core-ProcedureRequest-model.method","short":"The technique used to carry out an action, for example, the specific imaging technical or assessment vehicle.","definition":"The technique used to carry out an action, for example, the specific imaging technical or assessment vehicle.","min":0,"max":"1","base":{"path":"shr-core-ProcedureRequest-model.method","min":0,"max":"1"},"type":[{"code":"Coding"}],"mustSupport":false,"isModifier":false,"isSummary":false},{"id":"shr-core-ProcedureRequest-model.location","path":"shr-core-ProcedureRequest-model.location","code":[{"system":"http://ncimeta.nci.nih.gov","code":"C1547538"}],"short":"Services and space and equipment provided for a particular purpose; a building or place that provides a particular service or is used for a particular industry. Could be a clinical site, community site, or a mobile facility.","definition":"Services and space and equipment provided for a particular purpose; a building or place that provides a particular service or is used for a particular industry. Could be a clinical site, community site, or a mobile facility.","min":0,"max":"1","base":{"path":"shr-core-ProcedureRequest-model.location","min":0,"max":"1"},"type":[{"code":"Reference","targetProfile":"http://hl7.org/fhir/us/shr/StructureDefinition/shr-core-Location-model"}],"mustSupport":false,"isModifier":false,"isSummary":false},{"id":"shr-core-ProcedureRequest-model.expectedPerformer[x]","path":"shr-core-ProcedureRequest-model.expectedPerformer[x]","short":"A choice of Person (in any role) or organization as recipient of a request. Needed for mapping to FHIR.","definition":"A choice of Person (in any role) or organization as recipient of a request. Needed for mapping to FHIR.","min":0,"max":"1","base":{"path":"shr-core-ProcedureRequest-model.expectedPerformer[x]","min":0,"max":"1"},"type":[{"code":"Reference","targetProfile":"http://hl7.org/fhir/us/shr/StructureDefinition/shr-core-Patient-model"},{"code":"Reference","targetProfile":"http://hl7.org/fhir/us/shr/StructureDefinition/shr-core-Practitioner-model"},{"code":"Reference","targetProfile":"http://hl7.org/fhir/us/shr/StructureDefinition/shr-core-RelatedPerson-model"},{"code":"Reference","targetProfile":"http://hl7.org/fhir/us/shr/StructureDefinition/shr-core-Organization-model"},{"code":"Reference","targetProfile":"http://hl7.org/fhir/us/shr/StructureDefinition/shr-core-Device-model"}],"mustSupport":false,"isModifier":false,"isSummary":false}]},"differential":{"element":[{"id":"shr-core-ProcedureRequest-model","path":"shr-core-ProcedureRequest-model","definition":"A request for a procedure to be performed. May be a proposal or an order.","min":0,"max":"*","base":{"path":"shr-core-ProcedureRequest-model","min":0,"max":"*"},"mustSupport":false,"isModifier":false,"isSummary":false},{"id":"shr-core-ProcedureRequest-model.metadata","path":"shr-core-ProcedureRequest-model.metadata","short":"Elements that belong to all information items.","definition":"Elements that belong to all information items.","min":0,"max":"1","base":{"path":"shr-core-ProcedureRequest-model.metadata","min":0,"max":"1"},"type":[{"code":"http://hl7.org/fhir/us/shr/StructureDefinition/shr-core-Metadata-model"}],"mustSupport":false,"isModifier":false,"isSummary":false},{"id":"shr-core-ProcedureRequest-model.language","path":"shr-core-ProcedureRequest-model.language","code":[{"system":"http://ncimeta.nci.nih.gov","code":"C0023008"}],"short":"A human language, spoken or written.","definition":"A human language, spoken or written.","min":0,"max":"1","base":{"path":"shr-core-ProcedureRequest-model.language","min":0,"max":"1"},"type":[{"code":"Coding"}],"mustSupport":false,"isModifier":false,"isSummary":false},{"id":"shr-core-ProcedureRequest-model.implicitRules","path":"shr-core-ProcedureRequest-model.implicitRules","short":"A set of rules under which this content was created","definition":"A set of rules under which this content was created","min":0,"max":"1","base":{"path":"shr-core-ProcedureRequest-model.implicitRules","min":0,"max":"1"},"type":[{"code":"uri"}],"mustSupport":false,"isModifier":false,"isSummary":false},{"id":"shr-core-ProcedureRequest-model.narrative","path":"shr-core-ProcedureRequest-model.narrative","short":"A human-readable narrative, potentially including images, that contains a summary of the resource, and may be used to represent the content of the resource to a human.","definition":"A human-readable narrative, potentially including images, that contains a summary of the resource, and may be used to represent the content of the resource to a human.","min":0,"max":"1","base":{"path":"shr-core-ProcedureRequest-model.narrative","min":0,"max":"1"},"type":[{"code":"http://hl7.org/fhir/us/shr/StructureDefinition/shr-core-Narrative-model"}],"mustSupport":false,"isModifier":false,"isSummary":false},{"id":"shr-core-ProcedureRequest-model.status","path":"shr-core-ProcedureRequest-model.status","short":"A state that relates to the workflow or interpretation of this resource. Certain status values can modify the meaning of the resource, for example, entered-in-error. When a boolean value is used, Status of true indicates the record is active, false means inactive.","definition":"A state that relates to the workflow or interpretation of this resource. Certain status values can modify the meaning of the resource, for example, entered-in-error. When a boolean value is used, Status of true indicates the record is active, false means inactive.","min":1,"max":"1","base":{"path":"shr-core-ProcedureRequest-model.status","min":1,"max":"1"},"type":[{"code":"Coding"}],"mustSupport":false,"isModifier":false,"isSummary":false},{"id":"shr-core-ProcedureRequest-model.identifier","path":"shr-core-ProcedureRequest-model.identifier","short":"Business identifier or external id for this resource.","definition":"Business identifier or external id for this resource.","min":0,"max":"*","base":{"path":"shr-core-ProcedureRequest-model.identifier","min":0,"max":"*"},"type":[{"code":"http://hl7.org/fhir/us/shr/StructureDefinition/shr-core-Identifier-model"}],"mustSupport":false,"isModifier":false,"isSummary":false},{"id":"shr-core-ProcedureRequest-model.referralSubjectOfRecord[x]","path":"shr-core-ProcedureRequest-model.referralSubjectOfRecord[x]","short":"A choice of Patient or Group. These are the potential subjects for Procedure and ReferralRequest resources.","definition":"A choice of Patient or Group. These are the potential subjects for Procedure and ReferralRequest resources.","min":1,"max":"1","base":{"path":"shr-core-ProcedureRequest-model.referralSubjectOfRecord[x]","min":1,"max":"1"},"type":[{"code":"Reference","targetProfile":"http://hl7.org/fhir/us/shr/StructureDefinition/shr-core-Patient-model"},{"code":"Reference","targetProfile":"http://hl7.org/fhir/us/shr/StructureDefinition/shr-core-Group-model"}],"mustSupport":false,"isModifier":false,"isSummary":false},{"id":"shr-core-ProcedureRequest-model.careContext[x]","path":"shr-core-ProcedureRequest-model.careContext[x]","short":"The encounter or episode of care","definition":"The encounter or episode of care","min":0,"max":"1","base":{"path":"shr-core-ProcedureRequest-model.careContext[x]","min":0,"max":"1"},"type":[{"code":"Reference","targetProfile":"http://hl7.org/fhir/us/shr/StructureDefinition/shr-core-Encounter-model"},{"code":"Reference","targetProfile":"http://hl7.org/fhir/us/shr/StructureDefinition/shr-core-EpisodeOfCare-model"}],"mustSupport":false,"isModifier":false,"isSummary":false},{"id":"shr-core-ProcedureRequest-model.statementDateTime","path":"shr-core-ProcedureRequest-model.statementDateTime","code":[{"system":"http://ncimeta.nci.nih.gov","code":"C3669169"}],"short":"The point in time when the statement was created.","definition":"The point in time when the statement was created.","min":0,"max":"1","base":{"path":"shr-core-ProcedureRequest-model.statementDateTime","min":0,"max":"1"},"type":[{"code":"dateTime"}],"mustSupport":false,"isModifier":false,"isSummary":false},{"id":"shr-core-ProcedureRequest-model.reasonCode","path":"shr-core-ProcedureRequest-model.reasonCode","code":[{"system":"http://ncimeta.nci.nih.gov","code":"C0566251"}],"short":"The justification, as a code.","definition":"The justification, as a code.\nReason is a string or CodeableConcept in DSTU2 but in later versions only a CodeableConcept, so we are not going to support a string.","min":0,"max":"1","base":{"path":"shr-core-ProcedureRequest-model.reasonCode","min":0,"max":"1"},"type":[{"code":"Coding"}],"mustSupport":false,"isModifier":false,"isSummary":false},{"id":"shr-core-ProcedureRequest-model.reasonReference[x]","path":"shr-core-ProcedureRequest-model.reasonReference[x]","short":"The justification, as reference to a condition or observation.","definition":"The justification, as reference to a condition or observation.","min":0,"max":"1","base":{"path":"shr-core-ProcedureRequest-model.reasonReference[x]","min":0,"max":"1"},"type":[{"code":"Reference","targetProfile":"http://hl7.org/fhir/us/shr/StructureDefinition/shr-core-Condition-model"},{"code":"Reference","targetProfile":"http://hl7.org/fhir/us/shr/StructureDefinition/shr-core-Observation-model"}],"mustSupport":false,"isModifier":false,"isSummary":false},{"id":"shr-core-ProcedureRequest-model.type","path":"shr-core-ProcedureRequest-model.type","code":[{"system":"http://ncimeta.nci.nih.gov","code":"C0332307"}],"short":"A code describing the item at a greater level of detail.","definition":"A code describing the item at a greater level of detail.","min":1,"max":"1","base":{"path":"shr-core-ProcedureRequest-model.type","min":1,"max":"1"},"type":[{"code":"Coding"}],"mustSupport":false,"isModifier":false,"isSummary":false,"binding":{"strength":"extensible","valueSetReference":{"reference":"http://hl7.org/fhir/us/core/ValueSet/us-core-procedure-code"}}},{"id":"shr-core-ProcedureRequest-model.requestIntent","path":"shr-core-ProcedureRequest-model.requestIntent","short":"Indicates the level of authority/intentionality associated with the request and where the request fits into the workflow chain.","definition":"Indicates the level of authority/intentionality associated with the request and where the request fits into the workflow chain.","min":1,"max":"1","base":{"path":"shr-core-ProcedureRequest-model.requestIntent","min":1,"max":"1"},"type":[{"code":"Coding"}],"mustSupport":false,"isModifier":false,"isSummary":false,"binding":{"strength":"required","valueSetReference":{"reference":"http://hl7.org/fhir/ValueSet/request-intent"}}},{"id":"shr-core-ProcedureRequest-model.expectedPerformanceTime[x]","path":"shr-core-ProcedureRequest-model.expectedPerformanceTime[x]","short":"When an action should be done. If the action is a series or recurs (e.g. daily blood sugar testing in the morning) then a Timing can be used to describe the periodicity.","definition":"When an action should be done. If the action is a series or recurs (e.g. daily blood sugar testing in the morning) then a Timing can be used to describe the periodicity.","min":0,"max":"1","base":{"path":"shr-core-ProcedureRequest-model.expectedPerformanceTime[x]","min":0,"max":"1"},"type":[{"code":"dateTime"},{"code":"http://hl7.org/fhir/us/shr/StructureDefinition/shr-core-TimePeriod-model"},{"code":"http://hl7.org/fhir/us/shr/StructureDefinition/shr-core-Timing-model"}],"mustSupport":false,"isModifier":false,"isSummary":false},{"id":"shr-core-ProcedureRequest-model.expectedPerformerType","path":"shr-core-ProcedureRequest-model.expectedPerformerType","short":"What type of party should carry out the testing.","definition":"What type of party should carry out the testing.","min":0,"max":"1","base":{"path":"shr-core-ProcedureRequest-model.expectedPerformerType","min":0,"max":"1"},"type":[{"code":"Coding"}],"mustSupport":false,"isModifier":false,"isSummary":false},{"id":"shr-core-ProcedureRequest-model.recipient[x]","path":"shr-core-ProcedureRequest-model.recipient[x]","short":"Who this request is being addressed to.","definition":"Who this request is being addressed to.","min":0,"max":"1","base":{"path":"shr-core-ProcedureRequest-model.recipient[x]","min":0,"max":"1"},"type":[{"code":"Reference","targetProfile":"http://hl7.org/fhir/us/shr/StructureDefinition/shr-core-Patient-model"},{"code":"Reference","targetProfile":"http://hl7.org/fhir/us/shr/StructureDefinition/shr-core-Practitioner-model"},{"code":"Reference","targetProfile":"http://hl7.org/fhir/us/shr/StructureDefinition/shr-core-RelatedPerson-model"},{"code":"Reference","targetProfile":"http://hl7.org/fhir/us/shr/StructureDefinition/shr-core-Organization-model"},{"code":"Reference","targetProfile":"http://hl7.org/fhir/us/shr/StructureDefinition/shr-core-Device-model"}],"mustSupport":false,"isModifier":false,"isSummary":false},{"id":"shr-core-ProcedureRequest-model.priorityCode[x]","path":"shr-core-ProcedureRequest-model.priorityCode[x]","code":[{"system":"http://ncimeta.nci.nih.gov","code":"C0549179"}],"short":"An indication of the importance of an action relative to other actions.","definition":"An indication of the importance of an action relative to other actions.","min":0,"max":"1","base":{"path":"shr-core-ProcedureRequest-model.priorityCode[x]","min":0,"max":"1"},"type":[{"code":"positiveInt"},{"code":"Coding"}],"mustSupport":false,"isModifier":false,"isSummary":false},{"id":"shr-core-ProcedureRequest-model.annotation","path":"shr-core-ProcedureRequest-model.annotation","short":"An added or follow-up note, often after the fact, that contains metadata about who made the statement and when.","definition":"An added or follow-up note, often after the fact, that contains metadata about who made the statement and when.","min":0,"max":"*","base":{"path":"shr-core-ProcedureRequest-model.annotation","min":0,"max":"*"},"type":[{"code":"http://hl7.org/fhir/us/shr/StructureDefinition/shr-core-Annotation-model"}],"mustSupport":false,"isModifier":false,"isSummary":false},{"id":"shr-core-ProcedureRequest-model.communicationMethod","path":"shr-core-ProcedureRequest-model.communicationMethod","short":"This is the method the provider used to communicate. Examples include: Written, Telephoned, Verbal, Electronically Entered, Policy, Service Correction, Duplicate, etc. 'Code indicating the origin of the prescription.' - NCPDP Telecommunication (Field 419-DJ, Data Dictionary 201104). Possible values include: Written; Telephone; Electronic; Facsimile; Pharmacy; Not Known.","definition":"This is the method the provider used to communicate. Examples include: Written, Telephoned, Verbal, Electronically Entered, Policy, Service Correction, Duplicate, etc. 'Code indicating the origin of the prescription.' - NCPDP Telecommunication (Field 419-DJ, Data Dictionary 201104). Possible values include: Written; Telephone; Electronic; Facsimile; Pharmacy; Not Known.","min":0,"max":"1","base":{"path":"shr-core-ProcedureRequest-model.communicationMethod","min":0,"max":"1"},"type":[{"code":"Coding"}],"mustSupport":false,"isModifier":false,"isSummary":false},{"id":"shr-core-ProcedureRequest-model.procedureRequester[x]","path":"shr-core-ProcedureRequest-model.procedureRequester[x]","short":"The agent requesting the procedure. Allows Practitioner and Device, since these represent the intersection between DSTU 2 and STU 3. DSTU 2 allows Organization, and STU 3 allows Patient and RelatedPerson.","definition":"The agent requesting the procedure. Allows Practitioner and Device, since these represent the intersection between DSTU 2 and STU 3. DSTU 2 allows Organization, and STU 3 allows Patient and RelatedPerson.","min":0,"max":"1","base":{"path":"shr-core-ProcedureRequest-model.procedureRequester[x]","min":0,"max":"1"},"type":[{"code":"Reference","targetProfile":"http://hl7.org/fhir/us/shr/StructureDefinition/shr-core-Practitioner-model"},{"code":"Reference","targetProfile":"http://hl7.org/fhir/us/shr/StructureDefinition/shr-core-Device-model"}],"mustSupport":false,"isModifier":false,"isSummary":false},{"id":"shr-core-ProcedureRequest-model.bodyLocation","path":"shr-core-ProcedureRequest-model.bodyLocation","short":"A location or structure in the body, including tissues, regions, cavities, and spaces; for example, right elbow, or left ventricle of the heart.","definition":"A location or structure in the body, including tissues, regions, cavities, and spaces; for example, right elbow, or left ventricle of the heart.\nThe BodyLocation includes code and optional qualifiers of anatomical side or direction. The body location can also be determined from one or more body landmarks.\nIf the code for the body location includes laterality and/or anatomical direction, the corresponding attributes might be unnecessary.\nNote that BodyLocation is a data type, a reusable structure, not a stand-alone entity. The concept is similar to how an address structure can apply to a person, location, or organization. This contrasts with FHIR's stand-alone BodySite (aka BodyStructure in r4) which 'is not ... intended for describing the type of anatomical location but rather a specific body site on a specific patient' (FHIR 3.5).","min":0,"max":"*","base":{"path":"shr-core-ProcedureRequest-model.bodyLocation","min":0,"max":"*"},"type":[{"code":"http://hl7.org/fhir/us/shr/StructureDefinition/shr-core-BodyLocation-model"}],"mustSupport":false,"isModifier":false,"isSummary":false},{"id":"shr-core-ProcedureRequest-model.partOf","path":"shr-core-ProcedureRequest-model.partOf","short":"The larger entity that the asserted item is a portion of. For example, an organization part of a larger organization, or an encounter with a hospitalist might be part of a larger hospitalization encounter.","definition":"The larger entity that the asserted item is a portion of. For example, an organization part of a larger organization, or an encounter with a hospitalist might be part of a larger hospitalization encounter.","min":0,"max":"1","base":{"path":"shr-core-ProcedureRequest-model.partOf","min":0,"max":"1"},"type":[{"code":"Reference","targetProfile":"http://hl7.org/fhir/us/shr/StructureDefinition/shr-core-Procedure-model"}],"mustSupport":false,"isModifier":false,"isSummary":false},{"id":"shr-core-ProcedureRequest-model.category","path":"shr-core-ProcedureRequest-model.category","short":"The type, kind, or class of this item.","definition":"The type, kind, or class of this item.","min":0,"max":"1","base":{"path":"shr-core-ProcedureRequest-model.category","min":0,"max":"1"},"type":[{"code":"Coding"}],"mustSupport":false,"isModifier":false,"isSummary":false},{"id":"shr-core-ProcedureRequest-model.method","path":"shr-core-ProcedureRequest-model.method","short":"The technique used to carry out an action, for example, the specific imaging technical or assessment vehicle.","definition":"The technique used to carry out an action, for example, the specific imaging technical or assessment vehicle.","min":0,"max":"1","base":{"path":"shr-core-ProcedureRequest-model.method","min":0,"max":"1"},"type":[{"code":"Coding"}],"mustSupport":false,"isModifier":false,"isSummary":false},{"id":"shr-core-ProcedureRequest-model.location","path":"shr-core-ProcedureRequest-model.location","code":[{"system":"http://ncimeta.nci.nih.gov","code":"C1547538"}],"short":"Services and space and equipment provided for a particular purpose; a building or place that provides a particular service or is used for a particular industry. Could be a clinical site, community site, or a mobile facility.","definition":"Services and space and equipment provided for a particular purpose; a building or place that provides a particular service or is used for a particular industry. Could be a clinical site, community site, or a mobile facility.","min":0,"max":"1","base":{"path":"shr-core-ProcedureRequest-model.location","min":0,"max":"1"},"type":[{"code":"Reference","targetProfile":"http://hl7.org/fhir/us/shr/StructureDefinition/shr-core-Location-model"}],"mustSupport":false,"isModifier":false,"isSummary":false},{"id":"shr-core-ProcedureRequest-model.expectedPerformer[x]","path":"shr-core-ProcedureRequest-model.expectedPerformer[x]","short":"A choice of Person (in any role) or organization as recipient of a request. Needed for mapping to FHIR.","definition":"A choice of Person (in any role) or organization as recipient of a request. Needed for mapping to FHIR.","min":0,"max":"1","base":{"path":"shr-core-ProcedureRequest-model.expectedPerformer[x]","min":0,"max":"1"},"type":[{"code":"Reference","targetProfile":"http://hl7.org/fhir/us/shr/StructureDefinition/shr-core-Patient-model"},{"code":"Reference","targetProfile":"http://hl7.org/fhir/us/shr/StructureDefinition/shr-core-Practitioner-model"},{"code":"Reference","targetProfile":"http://hl7.org/fhir/us/shr/StructureDefinition/shr-core-RelatedPerson-model"},{"code":"Reference","targetProfile":"http://hl7.org/fhir/us/shr/StructureDefinition/shr-core-Organization-model"},{"code":"Reference","targetProfile":"http://hl7.org/fhir/us/shr/StructureDefinition/shr-core-Device-model"}],"mustSupport":false,"isModifier":false,"isSummary":false}]}}