{"resourceType":"StructureDefinition","id":"shr-core-RequestIntent-model","text":{"status":"generated","div":"<div xmlns=\"http://www.w3.org/1999/xhtml\">\n  <p><b>RequestIntent Logical Model</b></p>\n  <p>Indicates the level of authority/intentionality associated with the request and where the request fits into the workflow chain.</p>\n</div>"},"url":"http://hl7.org/fhir/us/shr/StructureDefinition/shr-core-RequestIntent-model","identifier":[{"system":"http://hl7.org/fhir/us/sdoh","value":"shr.core.RequestIntent"}],"version":"0.1.0","name":"RequestIntent","title":"shr-core-RequestIntent","status":"draft","date":"2019-04-01T00:00:00-04:00","publisher":"MITRE Corporation","contact":[{"telecom":[{"system":"url","value":"http://standardhealthrecord.org"}]}],"description":"Indicates the level of authority/intentionality associated with the request and where the request fits into the workflow chain.","fhirVersion":"3.0.1","kind":"logical","abstract":false,"type":"shr-core-RequestIntent-model","baseDefinition":"http://hl7.org/fhir/StructureDefinition/Element","derivation":"specialization","snapshot":{"element":[{"id":"shr-core-RequestIntent-model","path":"shr-core-RequestIntent-model","definition":"Indicates the level of authority/intentionality associated with the request and where the request fits into the workflow chain.","min":0,"max":"*","base":{"path":"shr-core-RequestIntent-model","min":0,"max":"*"},"mustSupport":false,"isModifier":false,"isSummary":false},{"id":"shr-core-RequestIntent-model.value","path":"shr-core-RequestIntent-model.value","short":"Code representing indicates the level of authority/intentionality associated with the request and where the request fits into the workflow chain.","definition":"Code representing indicates the level of authority/intentionality associated with the request and where the request fits into the workflow chain.","min":1,"max":"1","base":{"path":"shr-core-RequestIntent-model.value","min":1,"max":"1"},"type":[{"code":"Coding"}],"mustSupport":false,"isModifier":false,"isSummary":false,"binding":{"strength":"preferred","valueSetReference":{"reference":"http://hl7.org/fhir/ValueSet/request-intent"}}}]},"differential":{"element":[{"id":"shr-core-RequestIntent-model","path":"shr-core-RequestIntent-model","definition":"Indicates the level of authority/intentionality associated with the request and where the request fits into the workflow chain.","min":0,"max":"*","base":{"path":"shr-core-RequestIntent-model","min":0,"max":"*"},"mustSupport":false,"isModifier":false,"isSummary":false},{"id":"shr-core-RequestIntent-model.value","path":"shr-core-RequestIntent-model.value","short":"Code representing indicates the level of authority/intentionality associated with the request and where the request fits into the workflow chain.","definition":"Code representing indicates the level of authority/intentionality associated with the request and where the request fits into the workflow chain.","min":1,"max":"1","base":{"path":"shr-core-RequestIntent-model.value","min":1,"max":"1"},"type":[{"code":"Coding"}],"mustSupport":false,"isModifier":false,"isSummary":false,"binding":{"strength":"preferred","valueSetReference":{"reference":"http://hl7.org/fhir/ValueSet/request-intent"}}}]}}