<?xml version="1.0" encoding="UTF-8"?>

<ImplementationGuide xmlns="http://hl7.org/fhir">
  <id value="1"/>
  <text>
    <status value="generated"/><div xmlns="http://www.w3.org/1999/xhtml"><h2>HL7 FHIR Implementation Guide: minimal Common Oncology Data Elements (mCODE), Release 0.6 - (Draft for Comment) FHIR Profiles</h2><p>The official URL for this implementation guide is: </p><pre>http://hl7.org/fhir/us/fhirURL/ImplementationGuide/1</pre></div>
  </text>
  <url value="http://hl7.org/fhir/us/fhirURL/ImplementationGuide/1"/>
  <version value="0.6.0"/>
  <name value="HL7 FHIR Implementation Guide: minimal Common Oncology Data Elements (mCODE), Release 0.6 - (Draft for Comment) FHIR Profiles"/>
  <status value="draft"/>
  <fhirVersion value="1.0.2"/>
  <package>
    <name value="Profiles in this Implementation Guide"/>
  </package>
  <page>
    <source value="index.html"/>
    <name value="HL7 FHIR Implementation Guide: minimal Common Oncology Data Elements (mCODE), Release 0.6 - (Draft for Comment)"/>
    <kind value="page"/>
  </page>
</ImplementationGuide>