<?xml version="1.0" encoding="UTF-8"?>

<ValueSet xmlns="http://hl7.org/fhir">
  <id value="shr-lab-QuantitativeLaboratoryCodes-g-per-dL"/>
  <text>
    <status value="generated"/><div xmlns="http://www.w3.org/1999/xhtml">
<p><b>QuantitativeLaboratoryCodes-g-per-dL ValueSet</b></p>
<p>Value set that contains codes for labs that may report their quantitative results as g/dL</p>
</div>
  </text>
  <url value="http://hl7.org/fhir/us/projectURL/shr/lab/vs/QuantitativeLaboratoryCodes-g-per-dL"/>
  <identifier>
    <system value="http://hl7.org/fhir/us/projectURL"/>
    <value value="shr.lab.QuantitativeLaboratoryCodes-g-per-dL"/>
  </identifier>
  <version value="0.7.0"/>
  <name value="QuantitativeLaboratoryCodes-g-per-dL"/>
  <status value="draft"/>
  <publisher value="The MITRE Corporation"/>
  <contact>
    <telecom>
      <system value="other"/>
      <value value="http://www.hl7.org/Special/committees/cic/index.cfm"/>
      <rank value="0"/>
    </telecom>
  </contact>
  <date value="2019-03-27T00:00:00-04:00"/>
  <description value="Value set that contains codes for labs that may report their quantitative results as g/dL"/>
  <immutable value="false"/>
  <compose>
    <include>
      <system value="http://loinc.org"/>
      <concept>
        <code value="14338-8"/>
        <display value="Prealbumin [Mass/volume] in Serum or Plasma"/>
      </concept>
      <concept>
        <code value="1747-5"/>
        <display value="Albumin [Mass/volume] in Body fluid"/>
      </concept>
      <concept>
        <code value="1751-7"/>
        <display value="Albumin [Mass/volume] in Serum or Plasma"/>
      </concept>
      <concept>
        <code value="21482-5"/>
        <display value="Protein [Mass/volume] in 24 hour Urine"/>
      </concept>
      <concept>
        <code value="2336-6"/>
        <display value="Globulin [Mass/volume] in Serum"/>
      </concept>
      <concept>
        <code value="2862-1"/>
        <display value="Albumin [Mass/volume] in Serum or Plasma by Electrophoresis"/>
      </concept>
      <concept>
        <code value="2865-4"/>
        <display value="Alpha 1 globulin [Mass/volume] in Serum or Plasma by Electrophoresis"/>
      </concept>
      <concept>
        <code value="2868-8"/>
        <display value="Alpha 2 globulin [Mass/volume] in Serum or Plasma by Electrophoresis"/>
      </concept>
      <concept>
        <code value="2871-2"/>
        <display value="Beta globulin [Mass/volume] in Serum or Plasma by Electrophoresis"/>
      </concept>
      <concept>
        <code value="2874-6"/>
        <display value="Gamma globulin [Mass/volume] in Serum or Plasma by Electrophoresis"/>
      </concept>
      <concept>
        <code value="2881-1"/>
        <display value="Protein [Mass/volume] in Body fluid"/>
      </concept>
      <concept>
        <code value="2885-2"/>
        <display value="Protein [Mass/volume] in Serum or Plasma"/>
      </concept>
      <concept>
        <code value="2888-6"/>
        <display value="Protein [Mass/volume] in Urine"/>
      </concept>
      <concept>
        <code value="30313-1"/>
        <display value="Hemoglobin [Mass/volume] in Arterial blood"/>
      </concept>
      <concept>
        <code value="30350-3"/>
        <display value="Hemoglobin [Mass/volume] in Venous blood"/>
      </concept>
      <concept>
        <code value="33358-3"/>
        <display value="Protein.monoclonal [Mass/volume] in Serum or Plasma by Electrophoresis"/>
      </concept>
      <concept>
        <code value="6942-7"/>
        <display value="Albumin [Mass/volume] in Urine by Electrophoresis"/>
      </concept>
      <concept>
        <code value="718-7"/>
        <display value="Hemoglobin [Mass/volume] in Blood"/>
      </concept>
      <concept>
        <code value="786-4"/>
        <display value="Erythrocyte mean corpuscular hemoglobin concentration [Mass/volume] by Automated count"/>
      </concept>
      <concept>
        <code value="48166-3"/>
        <display value="Beta-2-Microglobulin [Mass/volume] in Body fluid"/>
      </concept>
    </include>
  </compose>
</ValueSet>