<?xml version="1.0" encoding="UTF-8"?>

<ValueSet xmlns="http://hl7.org/fhir">
  <id value="shr-lab-QuantitativeLaboratoryCodes-fL"/>
  <text>
    <status value="generated"/><div xmlns="http://www.w3.org/1999/xhtml">
<p><b>QuantitativeLaboratoryCodes-fL ValueSet</b></p>
<p>Value set that contains codes for labs that may report their quantitative results as fL</p>
</div>
  </text>
  <url value="http://hl7.org/fhir/us/projectURL/shr/lab/vs/QuantitativeLaboratoryCodes-fL"/>
  <identifier>
    <system value="http://hl7.org/fhir/us/projectURL"/>
    <value value="shr.lab.QuantitativeLaboratoryCodes-fL"/>
  </identifier>
  <version value="0.7.0"/>
  <name value="QuantitativeLaboratoryCodes-fL"/>
  <status value="draft"/>
  <publisher value="The MITRE Corporation"/>
  <contact>
    <telecom>
      <system value="other"/>
      <value value="http://www.hl7.org/Special/committees/cic/index.cfm"/>
      <rank value="0"/>
    </telecom>
  </contact>
  <date value="2019-03-27T00:00:00-04:00"/>
  <description value="Value set that contains codes for labs that may report their quantitative results as fL"/>
  <immutable value="false"/>
  <compose>
    <include>
      <system value="http://loinc.org"/>
      <concept>
        <code value="21000-5"/>
        <display value="Erythrocyte distribution width [Entitic volume] by Automated count"/>
      </concept>
      <concept>
        <code value="30428-7"/>
        <display value="Erythrocyte mean corpuscular volume [Entitic volume]"/>
      </concept>
      <concept>
        <code value="32623-1"/>
        <display value="Platelet mean volume [Entitic volume] in Blood by Automated count"/>
      </concept>
      <concept>
        <code value="787-2"/>
        <display value="Erythrocyte mean corpuscular volume [Entitic volume] by Automated count"/>
      </concept>
      <concept>
        <code value="32207-3"/>
        <display value="Platelet distribution width [Entitic volume] in Blood by Automated count"/>
      </concept>
      <concept>
        <code value="776-5"/>
        <display value="Platelet mean volume [Entitic volume] in Blood by Rees-Ecker"/>
      </concept>
    </include>
  </compose>
</ValueSet>