<?xml version="1.0" encoding="UTF-8"?>

<ValueSet xmlns="http://hl7.org/fhir">
  <id value="oncocore-DNAChangeTypeVS"/>
  <text>
    <status value="generated"/><div xmlns="http://www.w3.org/1999/xhtml">
<p><b>DNAChangeTypeVS ValueSet</b></p>
<p>Codified type for associated DNA Marker. DNA Marker's use the HGVS notation which implies the DNA Marker Type, but the concurrent use of this code will allow a standard and explicit type for technical and display convenience. Corresponds to LOINC preferred answer list LL379-9.</p>
</div>
  </text>
  <url value="http://hl7.org/fhir/us/projectURL/oncocore/vs/DNAChangeTypeVS"/>
  <identifier>
    <system value="http://hl7.org/fhir/us/projectURL"/>
    <value value="oncocore.DNAChangeTypeVS"/>
  </identifier>
  <version value="0.7.0"/>
  <name value="DNAChangeTypeVS"/>
  <status value="draft"/>
  <publisher value="The MITRE Corporation"/>
  <contact>
    <telecom>
      <system value="other"/>
      <value value="http://www.hl7.org/Special/committees/cic/index.cfm"/>
      <rank value="0"/>
    </telecom>
  </contact>
  <date value="2019-03-13T00:00:00-04:00"/>
  <description value="Codified type for associated DNA Marker. DNA Marker&#39;s use the HGVS notation which implies the DNA Marker Type, but the concurrent use of this code will allow a standard and explicit type for technical and display convenience. Corresponds to LOINC preferred answer list LL379-9."/>
  <immutable value="false"/>
  <compose>
    <include>
      <system value="http://loinc.org"/>
      <concept>
        <code value="LA9658-1"/>
        <display value="WildType"/>
      </concept>
      <concept>
        <code value="LA6692-3"/>
        <display value="Deletion"/>
      </concept>
      <concept>
        <code value="LA6686-5"/>
        <display value="Duplication"/>
      </concept>
      <concept>
        <code value="LA6687-3"/>
        <display value="Insertion"/>
      </concept>
      <concept>
        <code value="LA6688-1"/>
        <display value="Insertion/Deletion"/>
      </concept>
      <concept>
        <code value="LA6689-9"/>
        <display value="Inversion"/>
      </concept>
      <concept>
        <code value="LA6690-7"/>
        <display value="Substitution"/>
      </concept>
    </include>
  </compose>
</ValueSet>