<?xml version="1.0" encoding="UTF-8"?>

<ValueSet xmlns="http://hl7.org/fhir">
  <id value="shr-core-TimeUnitOfMeasureVS"/>
  <text>
    <status value="generated"/><div xmlns="http://www.w3.org/1999/xhtml">
<p><b>TimeUnitOfMeasureVS ValueSet</b></p>
<p>Units of measure related to time.</p>
</div>
  </text>
  <url value="http://hl7.org/fhir/us/projectURL/shr/core/vs/TimeUnitOfMeasureVS"/>
  <identifier>
    <system value="http://hl7.org/fhir/us/projectURL"/>
    <value value="shr.core.TimeUnitOfMeasureVS"/>
  </identifier>
  <version value="0.7.0"/>
  <name value="TimeUnitOfMeasureVS"/>
  <status value="draft"/>
  <publisher value="The MITRE Corporation"/>
  <contact>
    <telecom>
      <system value="other"/>
      <value value="http://www.hl7.org/Special/committees/cic/index.cfm"/>
      <rank value="0"/>
    </telecom>
  </contact>
  <date value="2019-03-13T00:00:00-04:00"/>
  <description value="Units of measure related to time."/>
  <immutable value="false"/>
  <compose>
    <include>
      <system value="http://unitsofmeasure.org"/>
      <concept>
        <code value="us"/>
        <display value="Microsecond"/>
      </concept>
      <concept>
        <code value="ms"/>
        <display value="Millisecond"/>
      </concept>
      <concept>
        <code value="s"/>
        <display value="Second"/>
      </concept>
      <concept>
        <code value="min"/>
        <display value="Minute"/>
      </concept>
      <concept>
        <code value="h"/>
        <display value="Hour"/>
      </concept>
      <concept>
        <code value="wk"/>
        <display value="Week"/>
      </concept>
      <concept>
        <code value="mo"/>
        <display value="Month"/>
      </concept>
      <concept>
        <code value="a"/>
        <display value="Year"/>
      </concept>
    </include>
  </compose>
</ValueSet>