<?xml version="1.0" encoding="UTF-8"?>

<ValueSet xmlns="http://hl7.org/fhir">
  <id value="shr-lab-QuantitativeLaboratoryCodes-mg-per-dL"/>
  <text>
    <status value="generated"/><div xmlns="http://www.w3.org/1999/xhtml">
<p><b>QuantitativeLaboratoryCodes-mg-per-dL ValueSet</b></p>
<p>Value set that contains codes for labs that may report their quantitative results as mg/dL</p>
</div>
  </text>
  <url value="http://hl7.org/fhir/us/projectURL/shr/lab/vs/QuantitativeLaboratoryCodes-mg-per-dL"/>
  <identifier>
    <system value="http://hl7.org/fhir/us/projectURL"/>
    <value value="shr.lab.QuantitativeLaboratoryCodes-mg-per-dL"/>
  </identifier>
  <version value="0.7.0"/>
  <name value="QuantitativeLaboratoryCodes-mg-per-dL"/>
  <status value="draft"/>
  <publisher value="The MITRE Corporation"/>
  <contact>
    <telecom>
      <system value="other"/>
      <value value="http://www.hl7.org/Special/committees/cic/index.cfm"/>
      <rank value="0"/>
    </telecom>
  </contact>
  <date value="2019-03-27T00:00:00-04:00"/>
  <description value="Value set that contains codes for labs that may report their quantitative results as mg/dL"/>
  <immutable value="false"/>
  <compose>
    <include>
      <system value="http://loinc.org"/>
      <concept>
        <code value="10449-7"/>
        <display value="Glucose [Mass/volume] in Serum or Plasma --1 hour post meal"/>
      </concept>
      <concept>
        <code value="10835-7"/>
        <display value="Lipoprotein a [Mass/volume] in Serum or Plasma"/>
      </concept>
      <concept>
        <code value="11050-2"/>
        <display value="Immunoglobulin light chains.kappa [Mass/volume] in Serum"/>
      </concept>
      <concept>
        <code value="11051-0"/>
        <display value="Immunoglobulin light chains.lambda [Mass/volume] in Serum"/>
      </concept>
      <concept>
        <code value="11064-3"/>
        <display value="Urea nitrogen [Mass/volume] in Serum or Plasma --post dialysis"/>
      </concept>
      <concept>
        <code value="11065-0"/>
        <display value="Urea nitrogen [Mass/volume] in Serum or Plasma --pre dialysis"/>
      </concept>
      <concept>
        <code value="12190-5"/>
        <display value="Creatinine [Mass/volume] in Body fluid"/>
      </concept>
      <concept>
        <code value="13457-7"/>
        <display value="Cholesterol in LDL [Mass/volume] in Serum or Plasma by calculation"/>
      </concept>
      <concept>
        <code value="13458-5"/>
        <display value="Cholesterol in VLDL [Mass/volume] in Serum or Plasma by calculation"/>
      </concept>
      <concept>
        <code value="14957-5"/>
        <display value="Microalbumin [Mass/volume] in Urine"/>
      </concept>
      <concept>
        <code value="1501-6"/>
        <display value="Glucose [Mass/volume] in Serum or Plasma --1 hour post 100 g glucose PO"/>
      </concept>
      <concept>
        <code value="1504-0"/>
        <display value="Glucose [Mass/volume] in Serum or Plasma --1 hour post 50 g glucose PO"/>
      </concept>
      <concept>
        <code value="1507-3"/>
        <display value="Glucose [Mass/volume] in Serum or Plasma --1 hour post 75 g glucose PO"/>
      </concept>
      <concept>
        <code value="1514-9"/>
        <display value="Glucose [Mass/volume] in Serum or Plasma --2 hours post 100 g glucose PO"/>
      </concept>
      <concept>
        <code value="1518-0"/>
        <display value="Glucose [Mass/volume] in Serum or Plasma --2 hours post 75 g glucose PO"/>
      </concept>
      <concept>
        <code value="1521-4"/>
        <display value="Glucose [Mass/volume] in Serum or Plasma --2 hours post meal"/>
      </concept>
      <concept>
        <code value="1527-1"/>
        <display value="Glucose [Mass/volume] in Serum or Plasma --30 minutes post 75 g glucose PO"/>
      </concept>
      <concept>
        <code value="1530-5"/>
        <display value="Glucose [Mass/volume] in Serum or Plasma --3 hours post 100 g glucose PO"/>
      </concept>
      <concept>
        <code value="1549-5"/>
        <display value="Glucose [Mass/volume] in Serum or Plasma --pre 100 g glucose PO"/>
      </concept>
      <concept>
        <code value="1558-6"/>
        <display value="Fasting glucose [Mass/volume] in Serum or Plasma"/>
      </concept>
      <concept>
        <code value="1746-7"/>
        <display value="Albumin [Mass/volume] in Cerebral spinal fluid"/>
      </concept>
      <concept>
        <code value="17861-6"/>
        <display value="Calcium [Mass/volume] in Serum or Plasma"/>
      </concept>
      <concept>
        <code value="17862-4"/>
        <display value="Calcium [Mass/volume] in Urine"/>
      </concept>
      <concept>
        <code value="17864-0"/>
        <display value="Calcium.ionized [Mass/volume] in Serum or Plasma by Ion-selective membrane electrode (ISE)"/>
      </concept>
      <concept>
        <code value="1825-9"/>
        <display value="Alpha 1 antitrypsin [Mass/volume] in Serum or Plasma"/>
      </concept>
      <concept>
        <code value="18262-6"/>
        <display value="Cholesterol in LDL [Mass/volume] in Serum or Plasma by Direct assay"/>
      </concept>
      <concept>
        <code value="1871-3"/>
        <display value="Apolipoprotein B-100 [Mass/volume] in Serum or Plasma"/>
      </concept>
      <concept>
        <code value="1884-6"/>
        <display value="Apolipoprotein B [Mass/volume] in Serum or Plasma"/>
      </concept>
      <concept>
        <code value="1903-4"/>
        <display value="Ascorbate [Mass/volume] in Serum or Plasma"/>
      </concept>
      <concept>
        <code value="19123-9"/>
        <display value="Magnesium [Mass/volume] in Serum or Plasma"/>
      </concept>
      <concept>
        <code value="1968-7"/>
        <display value="Bilirubin.direct [Mass/volume] in Serum or Plasma"/>
      </concept>
      <concept>
        <code value="1971-1"/>
        <display value="Bilirubin.indirect [Mass/volume] in Serum or Plasma"/>
      </concept>
      <concept>
        <code value="1974-5"/>
        <display value="Bilirubin [Mass/volume] in Body fluid"/>
      </concept>
      <concept>
        <code value="1975-2"/>
        <display value="Bilirubin.total [Mass/volume] in Serum or Plasma"/>
      </concept>
      <concept>
        <code value="1978-6"/>
        <display value="Bilirubin [Mass/volume] in Urine"/>
      </concept>
      <concept>
        <code value="1988-5"/>
        <display value="C reactive protein [Mass/volume] in Serum or Plasma"/>
      </concept>
      <concept>
        <code value="20405-7"/>
        <display value="Urobilinogen [Mass/volume] in Urine by Test strip"/>
      </concept>
      <concept>
        <code value="20436-2"/>
        <display value="Glucose [Mass/volume] in Serum or Plasma --2 hours post dose glucose"/>
      </concept>
      <concept>
        <code value="20437-0"/>
        <display value="Glucose [Mass/volume] in Serum or Plasma --3 hours post dose glucose"/>
      </concept>
      <concept>
        <code value="20438-8"/>
        <display value="Glucose [Mass/volume] in Serum or Plasma --1 hour post dose glucose"/>
      </concept>
      <concept>
        <code value="20505-4"/>
        <display value="Bilirubin [Mass/volume] in Urine by Test strip"/>
      </concept>
      <concept>
        <code value="20624-3"/>
        <display value="Creatinine [Mass/volume] in 24 hour Urine"/>
      </concept>
      <concept>
        <code value="2064-4"/>
        <display value="Ceruloplasmin [Mass/volume] in Serum or Plasma"/>
      </concept>
      <concept>
        <code value="2085-9"/>
        <display value="Cholesterol in HDL [Mass/volume] in Serum or Plasma"/>
      </concept>
      <concept>
        <code value="2087-5"/>
        <display value="Cholesterol in IDL [Mass/volume] in Serum or Plasma"/>
      </concept>
      <concept>
        <code value="2089-1"/>
        <display value="Cholesterol in LDL [Mass/volume] in Serum or Plasma"/>
      </concept>
      <concept>
        <code value="2091-7"/>
        <display value="Cholesterol in VLDL [Mass/volume] in Serum or Plasma"/>
      </concept>
      <concept>
        <code value="2093-3"/>
        <display value="Cholesterol [Mass/volume] in Serum or Plasma"/>
      </concept>
      <concept>
        <code value="2159-2"/>
        <display value="Creatinine [Mass/volume] in Amniotic fluid"/>
      </concept>
      <concept>
        <code value="2160-0"/>
        <display value="Creatinine [Mass/volume] in Serum or Plasma"/>
      </concept>
      <concept>
        <code value="2161-8"/>
        <display value="Creatinine [Mass/volume] in Urine"/>
      </concept>
      <concept>
        <code value="2339-0"/>
        <display value="Glucose [Mass/volume] in Blood"/>
      </concept>
      <concept>
        <code value="2342-4"/>
        <display value="Glucose [Mass/volume] in Cerebral spinal fluid"/>
      </concept>
      <concept>
        <code value="2344-0"/>
        <display value="Glucose [Mass/volume] in Body fluid"/>
      </concept>
      <concept>
        <code value="2345-7"/>
        <display value="Glucose [Mass/volume] in Serum or Plasma"/>
      </concept>
      <concept>
        <code value="2350-7"/>
        <display value="Glucose [Mass/volume] in Urine"/>
      </concept>
      <concept>
        <code value="2458-8"/>
        <display value="IgA [Mass/volume] in Serum"/>
      </concept>
      <concept>
        <code value="2464-6"/>
        <display value="IgG [Mass/volume] in Cerebral spinal fluid"/>
      </concept>
      <concept>
        <code value="2465-3"/>
        <display value="IgG [Mass/volume] in Serum"/>
      </concept>
      <concept>
        <code value="2466-1"/>
        <display value="IgG subclass 1 [Mass/volume] in Serum"/>
      </concept>
      <concept>
        <code value="2467-9"/>
        <display value="IgG subclass 2 [Mass/volume] in Serum"/>
      </concept>
      <concept>
        <code value="2468-7"/>
        <display value="IgG subclass 3 [Mass/volume] in Serum"/>
      </concept>
      <concept>
        <code value="2469-5"/>
        <display value="IgG subclass 4 [Mass/volume] in Serum"/>
      </concept>
      <concept>
        <code value="2472-9"/>
        <display value="IgM [Mass/volume] in Serum"/>
      </concept>
      <concept>
        <code value="2571-8"/>
        <display value="Triglyceride [Mass/volume] in Serum or Plasma"/>
      </concept>
      <concept>
        <code value="27353-2"/>
        <display value="Glucose mean value [Mass/volume] in Blood Estimated from glycated hemoglobin"/>
      </concept>
      <concept>
        <code value="2777-1"/>
        <display value="Phosphate [Mass/volume] in Serum or Plasma"/>
      </concept>
      <concept>
        <code value="2778-9"/>
        <display value="Phosphate [Mass/volume] in Urine"/>
      </concept>
      <concept>
        <code value="2873-8"/>
        <display value="Gamma globulin [Mass/volume] in Cerebral spinal fluid by Electrophoresis"/>
      </concept>
      <concept>
        <code value="2880-3"/>
        <display value="Protein [Mass/volume] in Cerebral spinal fluid"/>
      </concept>
      <concept>
        <code value="30003-8"/>
        <display value="Microalbumin [Mass/volume] in 24 hour Urine"/>
      </concept>
      <concept>
        <code value="3034-6"/>
        <display value="Transferrin [Mass/volume] in Serum or Plasma"/>
      </concept>
      <concept>
        <code value="3043-7"/>
        <display value="Triglyceride [Mass/volume] in Blood"/>
      </concept>
      <concept>
        <code value="3084-1"/>
        <display value="Urate [Mass/volume] in Serum or Plasma"/>
      </concept>
      <concept>
        <code value="3086-6"/>
        <display value="Urate [Mass/volume] in Urine"/>
      </concept>
      <concept>
        <code value="3093-2"/>
        <display value="Urea nitrogen [Mass/volume] in Body fluid"/>
      </concept>
      <concept>
        <code value="3094-0"/>
        <display value="Urea nitrogen [Mass/volume] in Serum or Plasma"/>
      </concept>
      <concept>
        <code value="3095-7"/>
        <display value="Urea nitrogen [Mass/volume] in Urine"/>
      </concept>
      <concept>
        <code value="3107-0"/>
        <display value="Urobilinogen [Mass/volume] in Urine"/>
      </concept>
      <concept>
        <code value="32147-1"/>
        <display value="Reducing substances [Mass/volume] in Urine"/>
      </concept>
      <concept>
        <code value="3255-7"/>
        <display value="Fibrinogen [Mass/volume] in Platelet poor plasma by Coagulation assay"/>
      </concept>
      <concept>
        <code value="3256-5"/>
        <display value="Fibrinogen Ag [Mass/volume] in Platelet poor plasma by Immunologic method"/>
      </concept>
      <concept>
        <code value="35597-4"/>
        <display value="Salicylates [Mass/volume] in Serum or Plasma by Screen method"/>
      </concept>
      <concept>
        <code value="35663-4"/>
        <display value="Protein [Mass/volume] in unspecified time Urine"/>
      </concept>
      <concept>
        <code value="35674-1"/>
        <display value="Creatinine [Mass/volume] in unspecified time Urine"/>
      </concept>
      <concept>
        <code value="35675-8"/>
        <display value="Calcium [Mass/volume] in unspecified time Urine"/>
      </concept>
      <concept>
        <code value="38483-4"/>
        <display value="Creatinine [Mass/volume] in Blood"/>
      </concept>
      <concept>
        <code value="4024-6"/>
        <display value="Salicylates [Mass/volume] in Serum or Plasma"/>
      </concept>
      <concept>
        <code value="43396-1"/>
        <display value="Cholesterol non HDL [Mass/volume] in Serum or Plasma"/>
      </concept>
      <concept>
        <code value="4477-6"/>
        <display value="Complement C1 esterase inhibitor [Mass/volume] in Serum or Plasma"/>
      </concept>
      <concept>
        <code value="4498-2"/>
        <display value="Complement C4 [Mass/volume] in Serum or Plasma"/>
      </concept>
      <concept>
        <code value="4542-7"/>
        <display value="Haptoglobin [Mass/volume] in Serum or Plasma"/>
      </concept>
      <concept>
        <code value="4635-9"/>
        <display value="Free Hemoglobin [Mass/volume] in Serum"/>
      </concept>
      <concept>
        <code value="46986-6"/>
        <display value="Cholesterol in VLDL 3 [Mass/volume] in Serum or Plasma"/>
      </concept>
      <concept>
        <code value="49047-4"/>
        <display value="Globulin [Mass/volume] in Urine by Electrophoresis"/>
      </concept>
      <concept>
        <code value="50194-0"/>
        <display value="Cholesterol in IDL+Cholesterol in VLDL 3 [Mass/volume] in Serum or Plasma"/>
      </concept>
      <concept>
        <code value="54084-9"/>
        <display value="Galactose [Mass/volume] in Dried blood spot"/>
      </concept>
      <concept>
        <code value="5568-1"/>
        <display value="Acetone [Mass/volume] in Serum or Plasma"/>
      </concept>
      <concept>
        <code value="5640-8"/>
        <display value="Ethanol [Mass/volume] in Blood"/>
      </concept>
      <concept>
        <code value="5643-2"/>
        <display value="Ethanol [Mass/volume] in Serum or Plasma"/>
      </concept>
      <concept>
        <code value="5645-7"/>
        <display value="Ethanol [Mass/volume] in Urine"/>
      </concept>
      <concept>
        <code value="5669-7"/>
        <display value="Isopropanol [Mass/volume] in Serum or Plasma"/>
      </concept>
      <concept>
        <code value="5693-7"/>
        <display value="Methanol [Mass/volume] in Serum or Plasma"/>
      </concept>
      <concept>
        <code value="5792-7"/>
        <display value="Glucose [Mass/volume] in Urine by Test strip"/>
      </concept>
      <concept>
        <code value="5797-6"/>
        <display value="Ketones [Mass/volume] in Urine by Test strip"/>
      </concept>
      <concept>
        <code value="5804-0"/>
        <display value="Protein [Mass/volume] in Urine by Test strip"/>
      </concept>
      <concept>
        <code value="6299-2"/>
        <display value="Urea nitrogen [Mass/volume] in Blood"/>
      </concept>
      <concept>
        <code value="4485-9"/>
        <display value="Complement C3 [Mass/volume] in Serum or Plasma"/>
      </concept>
    </include>
  </compose>
</ValueSet>