<?xml version="1.0" encoding="UTF-8"?>

<ValueSet xmlns="http://hl7.org/fhir">
  <id value="shr-core-RadiationProcedureVS"/>
  <text>
    <status value="generated"/><div xmlns="http://www.w3.org/1999/xhtml">
<p><b>RadiationProcedureVS ValueSet</b></p>
<p>Radiation oncology AND/OR radiotherapy (procedure)</p>
</div>
  </text>
  <url value="http://hl7.org/fhir/us/projectURL/shr/core/vs/RadiationProcedureVS"/>
  <identifier>
    <system value="http://hl7.org/fhir/us/projectURL"/>
    <value value="shr.core.RadiationProcedureVS"/>
  </identifier>
  <version value="0.7.0"/>
  <name value="RadiationProcedureVS"/>
  <status value="draft"/>
  <publisher value="The MITRE Corporation"/>
  <contact>
    <telecom>
      <system value="other"/>
      <value value="http://www.hl7.org/Special/committees/cic/index.cfm"/>
      <rank value="0"/>
    </telecom>
  </contact>
  <date value="2019-03-13T00:00:00-04:00"/>
  <description value="Radiation oncology AND/OR radiotherapy (procedure)"/>
  <immutable value="false"/>
  <compose>
    <include>
      <system value="http://snomed.info/sct"/>
      <filter>
        <property value="concept"/>
        <op value="is-a"/>
        <value value="108290001"/>
      </filter>
    </include>
  </compose>
</ValueSet>