"Path","Slice Name","Alias(s)","Label","Min","Max","Must Support?","Is Modifier?","Is Summary?","Type(s)","Short","Definition","Comments","Requirements","Default Value","Meaning When Missing","Fixed Value","Pattern","Example","Minimum Value","Maximum Value","Maximum Length","Binding Strength","Binding Description","Binding Value Set","Code","Slicing Discriminator","Slicing Description","Slicing Ordered","Slicing Rules","Base Path","Base Min","Base Max","Condition(s)","Constraint(s)"
"Extension","","","",0,*,"","","","","LandmarkLocation","The body location of the landmark, specified by a location code and optional laterality and orientation.","","","","","","","","","",,,,,"",,,,"Extension",0,*,"",""
"Extension.id","","","",0,1,"","","","id {[]} {[]}
","xml:id (or equivalent in JSON)","unique id for the element within a resource (for internal references).","","","","","","","","","",,,,,"",,,,"Element.id",0,1,"",""
"Extension.extension","","extensions
user content","",0,*,"","","","Extension {[]} {[]}
","Additional Content defined by implementations","May be used to represent additional information that is not part of the basic definition of the element. In order to make the use of extensions safe and manageable, there is a strict set of governance  applied to the definition and use of extensions. Though any implementer is allowed to define an extension, there is a set of requirements that SHALL be met as part of the definition of the extension.","There can be no stigma associated with the use of extensions by any application, project, or standard - regardless of the institution or jurisdiction that uses or defines the extensions.  The use of extensions is what allows the FHIR specification to retain a core level of simplicity for everyone.","","","","","","","","",,,,,"","value:url}
","Extensions are always sliced by (at least) url",,"open","Element.extension",0,*,"",""
"Extension.extension","code","","",0,1,"","","","Extension {[CanonicalType[http://icaredata.org/icare/StructureDefinition/obf-datatype-Code-extension]]} {[]}
","","The main type identifier for a lab, procedure, condition, etc., usually drawn from a controlled vocabulary.","","","","","","","","","",,,,,"",,,,"Element.extension",0,*,"",""
"Extension.extension","laterality","","",0,1,"","","","Extension {[CanonicalType[http://icaredata.org/icare/StructureDefinition/obf-datatype-Laterality-extension]]} {[]}
","","Body side of the body location, if needed to distinguish from a similar location on the other side of the body.

The laterality element is part of BodyLocation, a flexible structure that allows the location to be determined by a single code, or a code plus laterality and/or orientation. The body location can also be specified in relation to one or more body landmarks. SNOMED CT is used in all cases.

* Code only: The code should include (precoordinate) laterality and/orientation to the degree necessary to completely specify the body location.
* Code plus laterality and/or orientation: The basic code augmented by codes specifying the body side and/or anatomical orientation.
* Relation to landmark: The location relative to a landmark is specified by:
1. Establishing the location and type of landmark using a body site code and optional laterality/orientation, and
2. Specifying the direction and distance from the landmark to the body location.

Note that BodyLocation is a data type (a reusable structure), not a stand-alone entity. The concept is similar to how a postal address can apply to a person, location, or organization. This contrasts with FHIR's stand-alone BodySite (aka BodyStructure in r4) which 'is not ... intended for describing the type of anatomical location but rather a specific body site on a specific patient' (FHIR 3.5).","","","","","","","","","",,,,,"",,,,"Element.extension",0,*,"",""
"Extension.extension","anatomicalorientation","","",0,1,"","","","Extension {[CanonicalType[http://icaredata.org/icare/StructureDefinition/obf-datatype-AnatomicalOrientation-extension]]} {[]}
","","AnatomicalOrientation of the body location, if needed to distinguish from a similar location in another orientation.
The orientation element is part of BodyLocation, a flexible structure that allows the location to be determined by a single code, or a code plus laterality and/or orientation. The body location can also be specified in relation to one or more body landmarks. SNOMED CT is used in all cases.

* Code only: The code should include (precoordinate) laterality and/orientation to the degree necessary to completely specify the body location.
* Code plus laterality and/or orientation: The basic code augmented by codes specifying the body side and/or anatomical orientation.
* Relation to landmark: The location relative to a landmark is specified by:
1. Establishing the location and type of landmark using a body site code and optional laterality/orientation, and
2. Specifying the direction and distance from the landmark to the body location.

Note that BodyLocation is a data type (a reusable structure), not a stand-alone entity. The concept is similar to how a postal address can apply to a person, location, or organization. This contrasts with FHIR's stand-alone BodySite (aka BodyStructure in r4) which 'is not ... intended for describing the type of anatomical location but rather a specific body site on a specific patient' (FHIR 3.5).","","","","","","","","","",,,,,"",,,,"Element.extension",0,*,"",""
"Extension.url","","","",1,1,"","","","uri {[]} {[]}
","identifies the meaning of the extension","Source of the definition for the extension code - a logical name or a URL.","The definition may point directly to a computable or human-readable definition of the extensibility codes, or it may be a logical URI as declared in some other specification. The definition should be version specific.  This will ideally be the URI for the Resource Profile defining the extension, with the code for the extension after a #.","","","","<valueUri xmlns=""http://hl7.org/fhir"" value=""http://icaredata.org/icare/StructureDefinition/obf-datatype-LandmarkLocation-extension""/>","","","","",,,,,"",,,,"Extension.url",1,1,"",""
"Extension.value[x]","","","",0,0,"","","","boolean {[]} {[]}
integer {[]} {[]}decimal {[]} {[]}base64Binary {[]} {[]}instant {[]} {[]}string {[]} {[]}uri {[]} {[]}date {[]} {[]}dateTime {[]} {[]}time {[]} {[]}code {[]} {[]}oid {[]} {[]}id {[]} {[]}unsignedInt {[]} {[]}positiveInt {[]} {[]}markdown {[]} {[]}Annotation {[]} {[]}Attachment {[]} {[]}Identifier {[]} {[]}CodeableConcept {[]} {[]}Coding {[]} {[]}Quantity {[]} {[]}Range {[]} {[]}Period {[]} {[]}Ratio {[]} {[]}SampledData {[]} {[]}Signature {[]} {[]}HumanName {[]} {[]}Address {[]} {[]}ContactPoint {[]} {[]}Timing {[]} {[]}Reference {[]} {[]}Meta {[]} {[]}","Value of extension","Value of extension - may be a resource or one of a constrained set of the data types (see Extensibility in the spec for list).","","","","","","","","","",,,,,"",,,,"Extension.value[x]",0,1,"",""
