"Path","Slice Name","Alias(s)","Label","Min","Max","Must Support?","Is Modifier?","Is Summary?","Type(s)","Short","Definition","Comments","Requirements","Default Value","Meaning When Missing","Fixed Value","Pattern","Example","Minimum Value","Maximum Value","Maximum Length","Binding Strength","Binding Description","Binding Value Set","Code","Slicing Discriminator","Slicing Description","Slicing Ordered","Slicing Rules","Base Path","Base Min","Base Max","Condition(s)","Constraint(s)"
"Extension","","","",0,*,"","","","","SubjectOfRecord","The subject of a clinical statement, often called the Patient or the Subject. The SubjectOfRecord typically identifies the clinical record in which this statement is contained. If the statement should be in John Doe's patient record, then John Doe is the subject of record. When there is no patient, the SubjectOfRecord can also be a location, group, or other entity that statement pertains to. For example, observations concerning a hospital ward would have a Location as the SubjectOfRecord.

Note that the word 'Subject' is used here in the sense of a person or entity subjected to observations or actions, not subject as in a conceptual topic, like heart disease.","","","","","","","","","",,,,,"",,,,"Extension",0,*,"",""
"Extension.id","","","",0,1,"","","","id {[]} {[]}
","xml:id (or equivalent in JSON)","unique id for the element within a resource (for internal references).","","","","","","","","","",,,,,"",,,,"Element.id",0,1,"",""
"Extension.extension","","extensions
user content","",0,0,"","","","Extension {[]} {[]}
","Additional Content defined by implementations","May be used to represent additional information that is not part of the basic definition of the element. In order to make the use of extensions safe and manageable, there is a strict set of governance  applied to the definition and use of extensions. Though any implementer is allowed to define an extension, there is a set of requirements that SHALL be met as part of the definition of the extension.","There can be no stigma associated with the use of extensions by any application, project, or standard - regardless of the institution or jurisdiction that uses or defines the extensions.  The use of extensions is what allows the FHIR specification to retain a core level of simplicity for everyone.","","","","","","","","",,,,,"",,,,"Element.extension",0,*,"",""
"Extension.url","","","",1,1,"","","","uri {[]} {[]}
","identifies the meaning of the extension","Source of the definition for the extension code - a logical name or a URL.","The definition may point directly to a computable or human-readable definition of the extensibility codes, or it may be a logical URI as declared in some other specification. The definition should be version specific.  This will ideally be the URI for the Resource Profile defining the extension, with the code for the extension after a #.","","","","<valueUri xmlns=""http://hl7.org/fhir"" value=""http://mcodeinitiative.org/us/icare/StructureDefinition/obf-SubjectOfRecord-extension""/>","","","","",,,,,"",,,,"Extension.url",1,1,"",""
"Extension.value[x]","","","",1,1,"","","","Reference {[]} {[CanonicalType[http://fhir.org/guides/argonaut/StructureDefinition/argo-patient], CanonicalType[http://hl7.org/fhir/StructureDefinition/Practitioner], CanonicalType[http://hl7.org/fhir/StructureDefinition/Group], CanonicalType[http://fhir.org/guides/argonaut/StructureDefinition/argo-device], CanonicalType[http://mcodeinitiative.org/us/icare/StructureDefinition/obf-Specimen], CanonicalType[http://hl7.org/fhir/StructureDefinition/Location], CanonicalType[http://fhir.org/guides/argonaut/StructureDefinition/argo-medication], CanonicalType[http://mcodeinitiative.org/us/icare/StructureDefinition/obf-ResearchSubject]]}
","Value of extension","Value of extension - may be a resource or one of a constrained set of the data types (see Extensibility in the spec for list).","","","","","","","","","",,,,,"",,,,"Extension.value[x]",0,1,"",""
