{"resourceType":"ValueSet","id":"shr-core-LandmarkTypeVS","text":{"status":"generated","div":"<div xmlns=\"http://www.w3.org/1999/xhtml\">\n<p><b>LandmarkTypeVS ValueSet</b></p>\n<p>The type of feature that constitutes the landmark, for example, particularly if the landmark is an acquired body structure or physical object.</p>\n</div>"},"url":"http://hl7.org/fhir/us/projectURL/shr/core/vs/LandmarkTypeVS","identifier":{"system":"http://hl7.org/fhir/us/projectURL","value":"shr.core.LandmarkTypeVS"},"version":"0.7.0","name":"LandmarkTypeVS","status":"draft","publisher":"The MITRE Corporation","contact":[{"telecom":[{"system":"other","value":"http://www.hl7.org/Special/committees/cic/index.cfm","rank":0}]}],"date":"2019-03-27T00:00:00-04:00","description":"The type of feature that constitutes the landmark, for example, particularly if the landmark is an acquired body structure or physical object.","immutable":false,"compose":{"include":[{"system":"http://snomed.info/sct","filter":[{"property":"concept","op":"is-a","value":"40388003"}]},{"system":"http://snomed.info/sct","concept":[{"code":"361083003","display":"Normal anatomy (body structure)"},{"code":"341000119102","display":"Tattoo of skin"},{"code":"275322007","display":"Scar"},{"code":"38033009","display":"Amputation stump (body structure)"},{"code":"13136005","display":"Injection site (morphologic abnormality)"},{"code":"43526002","display":"Operative site (morphologic abnormality)"}]}]}}