{"resourceType":"ValueSet","id":"shr-lab-Equivalence-g-per-L-VS","text":{"status":"generated","div":"<div xmlns=\"http://www.w3.org/1999/xhtml\">\n<p><b>Equivalence-g-per-L-VS ValueSet</b></p>\n<p/>\n</div>"},"url":"http://hl7.org/fhir/us/projectURL/shr/lab/vs/Equivalence-g-per-L-VS","identifier":{"system":"http://hl7.org/fhir/us/projectURL","value":"shr.lab.Equivalence-g-per-L-VS"},"version":"0.7.0","name":"Equivalence-g-per-L-VS","status":"draft","publisher":"The MITRE Corporation","contact":[{"telecom":[{"system":"other","value":"http://www.hl7.org/Special/committees/cic/index.cfm","rank":0}]}],"date":"2019-03-27T00:00:00-04:00","immutable":false,"compose":{"include":[{"system":"http://unitsofmeasure.org","concept":[{"code":"g/L","display":"Grams per liter"},{"code":"mg/mL","display":"Milligrams per milliliter"}]}]}}