{"resourceType":"ValueSet","id":"shr-lab-QuantitativeLaboratoryCodes-mg-per-dL","text":{"status":"generated","div":"<div xmlns=\"http://www.w3.org/1999/xhtml\">\n<p><b>QuantitativeLaboratoryCodes-mg-per-dL ValueSet</b></p>\n<p>Value set that contains codes for labs that may report their quantitative results as mg/dL</p>\n</div>"},"url":"http://hl7.org/fhir/us/projectURL/shr/lab/vs/QuantitativeLaboratoryCodes-mg-per-dL","identifier":{"system":"http://hl7.org/fhir/us/projectURL","value":"shr.lab.QuantitativeLaboratoryCodes-mg-per-dL"},"version":"0.7.0","name":"QuantitativeLaboratoryCodes-mg-per-dL","status":"draft","publisher":"The MITRE Corporation","contact":[{"telecom":[{"system":"other","value":"http://www.hl7.org/Special/committees/cic/index.cfm","rank":0}]}],"date":"2019-03-27T00:00:00-04:00","description":"Value set that contains codes for labs that may report their quantitative results as mg/dL","immutable":false,"compose":{"include":[{"system":"http://loinc.org","concept":[{"code":"10449-7","display":"Glucose [Mass/volume] in Serum or Plasma --1 hour post meal"},{"code":"10835-7","display":"Lipoprotein a [Mass/volume] in Serum or Plasma"},{"code":"11050-2","display":"Immunoglobulin light chains.kappa [Mass/volume] in Serum"},{"code":"11051-0","display":"Immunoglobulin light chains.lambda [Mass/volume] in Serum"},{"code":"11064-3","display":"Urea nitrogen [Mass/volume] in Serum or Plasma --post dialysis"},{"code":"11065-0","display":"Urea nitrogen [Mass/volume] in Serum or Plasma --pre dialysis"},{"code":"12190-5","display":"Creatinine [Mass/volume] in Body fluid"},{"code":"13457-7","display":"Cholesterol in LDL [Mass/volume] in Serum or Plasma by calculation"},{"code":"13458-5","display":"Cholesterol in VLDL [Mass/volume] in Serum or Plasma by calculation"},{"code":"14957-5","display":"Microalbumin [Mass/volume] in Urine"},{"code":"1501-6","display":"Glucose [Mass/volume] in Serum or Plasma --1 hour post 100 g glucose PO"},{"code":"1504-0","display":"Glucose [Mass/volume] in Serum or Plasma --1 hour post 50 g glucose PO"},{"code":"1507-3","display":"Glucose [Mass/volume] in Serum or Plasma --1 hour post 75 g glucose PO"},{"code":"1514-9","display":"Glucose [Mass/volume] in Serum or Plasma --2 hours post 100 g glucose PO"},{"code":"1518-0","display":"Glucose [Mass/volume] in Serum or Plasma --2 hours post 75 g glucose PO"},{"code":"1521-4","display":"Glucose [Mass/volume] in Serum or Plasma --2 hours post meal"},{"code":"1527-1","display":"Glucose [Mass/volume] in Serum or Plasma --30 minutes post 75 g glucose PO"},{"code":"1530-5","display":"Glucose [Mass/volume] in Serum or Plasma --3 hours post 100 g glucose PO"},{"code":"1549-5","display":"Glucose [Mass/volume] in Serum or Plasma --pre 100 g glucose PO"},{"code":"1558-6","display":"Fasting glucose [Mass/volume] in Serum or Plasma"},{"code":"1746-7","display":"Albumin [Mass/volume] in Cerebral spinal fluid"},{"code":"17861-6","display":"Calcium [Mass/volume] in Serum or Plasma"},{"code":"17862-4","display":"Calcium [Mass/volume] in Urine"},{"code":"17864-0","display":"Calcium.ionized [Mass/volume] in Serum or Plasma by Ion-selective membrane electrode (ISE)"},{"code":"1825-9","display":"Alpha 1 antitrypsin [Mass/volume] in Serum or Plasma"},{"code":"18262-6","display":"Cholesterol in LDL [Mass/volume] in Serum or Plasma by Direct assay"},{"code":"1871-3","display":"Apolipoprotein B-100 [Mass/volume] in Serum or Plasma"},{"code":"1884-6","display":"Apolipoprotein B [Mass/volume] in Serum or Plasma"},{"code":"1903-4","display":"Ascorbate [Mass/volume] in Serum or Plasma"},{"code":"19123-9","display":"Magnesium [Mass/volume] in Serum or Plasma"},{"code":"1968-7","display":"Bilirubin.direct [Mass/volume] in Serum or Plasma"},{"code":"1971-1","display":"Bilirubin.indirect [Mass/volume] in Serum or Plasma"},{"code":"1974-5","display":"Bilirubin [Mass/volume] in Body fluid"},{"code":"1975-2","display":"Bilirubin.total [Mass/volume] in Serum or Plasma"},{"code":"1978-6","display":"Bilirubin [Mass/volume] in Urine"},{"code":"1988-5","display":"C reactive protein [Mass/volume] in Serum or Plasma"},{"code":"20405-7","display":"Urobilinogen [Mass/volume] in Urine by Test strip"},{"code":"20436-2","display":"Glucose [Mass/volume] in Serum or Plasma --2 hours post dose glucose"},{"code":"20437-0","display":"Glucose [Mass/volume] in Serum or Plasma --3 hours post dose glucose"},{"code":"20438-8","display":"Glucose [Mass/volume] in Serum or Plasma --1 hour post dose glucose"},{"code":"20505-4","display":"Bilirubin [Mass/volume] in Urine by Test strip"},{"code":"20624-3","display":"Creatinine [Mass/volume] in 24 hour Urine"},{"code":"2064-4","display":"Ceruloplasmin [Mass/volume] in Serum or Plasma"},{"code":"2085-9","display":"Cholesterol in HDL [Mass/volume] in Serum or Plasma"},{"code":"2087-5","display":"Cholesterol in IDL [Mass/volume] in Serum or Plasma"},{"code":"2089-1","display":"Cholesterol in LDL [Mass/volume] in Serum or Plasma"},{"code":"2091-7","display":"Cholesterol in VLDL [Mass/volume] in Serum or Plasma"},{"code":"2093-3","display":"Cholesterol [Mass/volume] in Serum or Plasma"},{"code":"2159-2","display":"Creatinine [Mass/volume] in Amniotic fluid"},{"code":"2160-0","display":"Creatinine [Mass/volume] in Serum or Plasma"},{"code":"2161-8","display":"Creatinine [Mass/volume] in Urine"},{"code":"2339-0","display":"Glucose [Mass/volume] in Blood"},{"code":"2342-4","display":"Glucose [Mass/volume] in Cerebral spinal fluid"},{"code":"2344-0","display":"Glucose [Mass/volume] in Body fluid"},{"code":"2345-7","display":"Glucose [Mass/volume] in Serum or Plasma"},{"code":"2350-7","display":"Glucose [Mass/volume] in Urine"},{"code":"2458-8","display":"IgA [Mass/volume] in Serum"},{"code":"2464-6","display":"IgG [Mass/volume] in Cerebral spinal fluid"},{"code":"2465-3","display":"IgG [Mass/volume] in Serum"},{"code":"2466-1","display":"IgG subclass 1 [Mass/volume] in Serum"},{"code":"2467-9","display":"IgG subclass 2 [Mass/volume] in Serum"},{"code":"2468-7","display":"IgG subclass 3 [Mass/volume] in Serum"},{"code":"2469-5","display":"IgG subclass 4 [Mass/volume] in Serum"},{"code":"2472-9","display":"IgM [Mass/volume] in Serum"},{"code":"2571-8","display":"Triglyceride [Mass/volume] in Serum or Plasma"},{"code":"27353-2","display":"Glucose mean value [Mass/volume] in Blood Estimated from glycated hemoglobin"},{"code":"2777-1","display":"Phosphate [Mass/volume] in Serum or Plasma"},{"code":"2778-9","display":"Phosphate [Mass/volume] in Urine"},{"code":"2873-8","display":"Gamma globulin [Mass/volume] in Cerebral spinal fluid by Electrophoresis"},{"code":"2880-3","display":"Protein [Mass/volume] in Cerebral spinal fluid"},{"code":"30003-8","display":"Microalbumin [Mass/volume] in 24 hour Urine"},{"code":"3034-6","display":"Transferrin [Mass/volume] in Serum or Plasma"},{"code":"3043-7","display":"Triglyceride [Mass/volume] in Blood"},{"code":"3084-1","display":"Urate [Mass/volume] in Serum or Plasma"},{"code":"3086-6","display":"Urate [Mass/volume] in Urine"},{"code":"3093-2","display":"Urea nitrogen [Mass/volume] in Body fluid"},{"code":"3094-0","display":"Urea nitrogen [Mass/volume] in Serum or Plasma"},{"code":"3095-7","display":"Urea nitrogen [Mass/volume] in Urine"},{"code":"3107-0","display":"Urobilinogen [Mass/volume] in Urine"},{"code":"32147-1","display":"Reducing substances [Mass/volume] in Urine"},{"code":"3255-7","display":"Fibrinogen [Mass/volume] in Platelet poor plasma by Coagulation assay"},{"code":"3256-5","display":"Fibrinogen Ag [Mass/volume] in Platelet poor plasma by Immunologic method"},{"code":"35597-4","display":"Salicylates [Mass/volume] in Serum or Plasma by Screen method"},{"code":"35663-4","display":"Protein [Mass/volume] in unspecified time Urine"},{"code":"35674-1","display":"Creatinine [Mass/volume] in unspecified time Urine"},{"code":"35675-8","display":"Calcium [Mass/volume] in unspecified time Urine"},{"code":"38483-4","display":"Creatinine [Mass/volume] in Blood"},{"code":"4024-6","display":"Salicylates [Mass/volume] in Serum or Plasma"},{"code":"43396-1","display":"Cholesterol non HDL [Mass/volume] in Serum or Plasma"},{"code":"4477-6","display":"Complement C1 esterase inhibitor [Mass/volume] in Serum or Plasma"},{"code":"4498-2","display":"Complement C4 [Mass/volume] in Serum or Plasma"},{"code":"4542-7","display":"Haptoglobin [Mass/volume] in Serum or Plasma"},{"code":"4635-9","display":"Free Hemoglobin [Mass/volume] in Serum"},{"code":"46986-6","display":"Cholesterol in VLDL 3 [Mass/volume] in Serum or Plasma"},{"code":"49047-4","display":"Globulin [Mass/volume] in Urine by Electrophoresis"},{"code":"50194-0","display":"Cholesterol in IDL+Cholesterol in VLDL 3 [Mass/volume] in Serum or Plasma"},{"code":"54084-9","display":"Galactose [Mass/volume] in Dried blood spot"},{"code":"5568-1","display":"Acetone [Mass/volume] in Serum or Plasma"},{"code":"5640-8","display":"Ethanol [Mass/volume] in Blood"},{"code":"5643-2","display":"Ethanol [Mass/volume] in Serum or Plasma"},{"code":"5645-7","display":"Ethanol [Mass/volume] in Urine"},{"code":"5669-7","display":"Isopropanol [Mass/volume] in Serum or Plasma"},{"code":"5693-7","display":"Methanol [Mass/volume] in Serum or Plasma"},{"code":"5792-7","display":"Glucose [Mass/volume] in Urine by Test strip"},{"code":"5797-6","display":"Ketones [Mass/volume] in Urine by Test strip"},{"code":"5804-0","display":"Protein [Mass/volume] in Urine by Test strip"},{"code":"6299-2","display":"Urea nitrogen [Mass/volume] in Blood"},{"code":"4485-9","display":"Complement C3 [Mass/volume] in Serum or Plasma"}]}]}}