{
  "resourceType": "ValueSet",
  "id": "shr-core-LanguageQualifierVS",
  "text": {
    "status": "generated",
    "div": "<div xmlns=\"http://www.w3.org/1999/xhtml\">\n<p><b>LanguageQualifierVS ValueSet</b></p>\n<p>A code indicating whether the language is preferred, secondary, or practiced in an unconventional or limited way.</p>\n</div>"
  },
  "url": "http://hl7.org/fhir/us/obf/ValueSet/shr-core-LanguageQualifierVS",
  "identifier": [
    {
      "system": "http://hl7.org/fhir/us/obf",
      "value": "shr.core.LanguageQualifierVS"
    }
  ],
  "version": "0.8.0",
  "name": "LanguageQualifierVS",
  "title": "LanguageQualifierVS",
  "status": "draft",
  "date": "2019-06-10T00:00:00-04:00",
  "publisher": "The MITRE Corporation",
  "contact": [
    {
      "telecom": [
        {
          "system": "url",
          "value": "http://www.standardhealthrecord.org"
        }
      ]
    }
  ],
  "description": "A code indicating whether the language is preferred, secondary, or practiced in an unconventional or limited way.",
  "compose": {
    "include": [
      {
        "system": "http://hl7.org/fhir/us/obf/CodeSystem/shr-core-LanguageQualifierCS",
        "concept": [
          {
            "code": "preferred_spoken",
            "display": "Preferred language"
          },
          {
            "code": "secondary_spoken",
            "display": "Secondary language"
          },
          {
            "code": "apraxia",
            "display": "Difficulty speaking due to motor disorder"
          },
          {
            "code": "aphasia",
            "display": "Difficulty in speaking, listening, reading, and writing"
          },
          {
            "code": "signs",
            "display": "Uses sign language"
          },
          {
            "code": "braille",
            "display": "Reads using braille"
          },
          {
            "code": "lipreads",
            "display": "Uses lipreading (speechreading)"
          },
          {
            "code": "aac",
            "display": "Uses augmentative and alternative communication"
          }
        ]
      }
    ]
  }
}