{"resourceType":"StructureDefinition","id":"obf-EncounterDiagnosis-extension","text":{"status":"generated","div":"<div xmlns=\"http://www.w3.org/1999/xhtml\">\n  <p><b>EncounterDiagnosis Extension</b></p>\n  <p>A diagnosis, which is a disease or injury determined to be present through evaluation of patient history, examination, and/or review of laboratory data. This element is not a stand-alone representation of the condition that was diagnosed, but is meant to be used as an sub-structure in a resource, such as Encounter.</p>\n</div>"},"url":"http://mcodeinitiative.org/us/mcode/StructureDefinition/obf-EncounterDiagnosis-extension","version":"0.9.1","name":"EncounterDiagnosis","title":"obf-EncounterDiagnosis","status":"draft","date":"2019-10-23T00:00:00-04:00","publisher":"The MITRE Corporation","contact":[{"telecom":[{"system":"other","value":"http://standardhealthrecord.org"}]}],"description":"A diagnosis, which is a disease or injury determined to be present through evaluation of patient history, examination, and/or review of laboratory data. This element is not a stand-alone representation of the condition that was diagnosed, but is meant to be used as an sub-structure in a resource, such as Encounter.","fhirVersion":"1.0.2","kind":"complex-type","abstract":false,"contextType":"resource","context":["*"],"type":"Extension","baseDefinition":"http://hl7.org/fhir/StructureDefinition/Extension","derivation":"constraint","snapshot":{"element":[{"id":"Extension","path":"Extension","short":"EncounterDiagnosis","definition":"A diagnosis, which is a disease or injury determined to be present through evaluation of patient history, examination, and/or review of laboratory data. This element is not a stand-alone representation of the condition that was diagnosed, but is meant to be used as an sub-structure in a resource, such as Encounter.","min":0,"max":"*","base":{"path":"Extension","min":0,"max":"*"},"mapping":[{"identity":"rim","map":"N/A"}]},{"id":"Extension.id","path":"Extension.id","representation":["xmlAttr"],"short":"xml:id (or equivalent in JSON)","definition":"unique id for the element within a resource (for internal references).","min":0,"max":"1","base":{"path":"Element.id","min":0,"max":"1"},"type":[{"code":"id"}],"mapping":[{"identity":"rim","map":"n/a"}]},{"id":"Extension.extension","path":"Extension.extension","slicing":{"discriminator":[{"type":"value","path":"url"}],"description":"Extensions are always sliced by (at least) url","ordered":false,"rules":"open"},"short":"Additional Content defined by implementations","definition":"May be used to represent additional information that is not part of the basic definition of the element. In order to make the use of extensions safe and manageable, there is a strict set of governance  applied to the definition and use of extensions. Though any implementer is allowed to define an extension, there is a set of requirements that SHALL be met as part of the definition of the extension.","comment":"There can be no stigma associated with the use of extensions by any application, project, or standard - regardless of the institution or jurisdiction that uses or defines the extensions.  The use of extensions is what allows the FHIR specification to retain a core level of simplicity for everyone.","alias":["extensions","user content"],"min":1,"max":"*","base":{"path":"Element.extension","min":0,"max":"*"},"type":[{"code":"Extension"}],"mapping":[{"identity":"rim","map":"n/a"}]},{"id":"diagnosiscode","path":"Extension.extension","sliceName":"diagnosiscode","definition":"Codes for a diagnosis.","min":0,"max":"1","base":{"path":"Element.extension","min":0,"max":"*"},"type":[{"code":"Extension","profile":"http://mcodeinitiative.org/us/mcode/StructureDefinition/obf-DiagnosisCode-extension"}],"mapping":[{"identity":"rim","map":"n/a"}]},{"id":"condition","path":"Extension.extension","sliceName":"condition","definition":"A condition that is or may be present in a subject. 'Condition' is interpreted broadly and could be a disorder, abnormality, problem, injury, complaint, functionality, illness, disease, ailment, sickness, affliction, upset, difficulty, disorder, symptom, worry, or trouble.\nThe Observation-based class, ConditionAbsent, should be used to describe conditions that are not present or negative findings.\nThis profiled Condition uses the BodyLocation structure that includes not only a code, but optional laterality, direction, and relation to landmark(s).","min":1,"max":"1","base":{"path":"Element.extension","min":0,"max":"*"},"type":[{"code":"Extension","profile":"http://mcodeinitiative.org/us/mcode/StructureDefinition/obf-Condition-extension"}],"mapping":[{"identity":"rim","map":"n/a"}]},{"id":"priorityrank","path":"Extension.extension","sliceName":"priorityrank","definition":"The priority of the procedure, as a number (1 being the highest priority)","min":0,"max":"1","base":{"path":"Element.extension","min":0,"max":"*"},"type":[{"code":"Extension","profile":"http://mcodeinitiative.org/us/mcode/StructureDefinition/obf-datatype-PriorityRank-extension"}],"mapping":[{"identity":"rim","map":"n/a"}]},{"id":"type","path":"Extension.extension","sliceName":"type","definition":"A code describing the item at a greater level of detail.","min":0,"max":"1","base":{"path":"Element.extension","min":0,"max":"*"},"type":[{"code":"Extension","profile":"http://mcodeinitiative.org/us/mcode/StructureDefinition/obf-datatype-Type-extension"}],"mapping":[{"identity":"rim","map":"n/a"}]},{"id":"Extension.extension-type.id","path":"Extension.extension.id","representation":["xmlAttr"],"short":"xml:id (or equivalent in JSON)","definition":"unique id for the element within a resource (for internal references).","min":0,"max":"1","base":{"path":"Element.id","min":0,"max":"1"},"type":[{"code":"id"}],"mapping":[{"identity":"rim","map":"n/a"}]},{"id":"Extension.extension-type.extension","path":"Extension.extension.extension","short":"Additional Content defined by implementations","definition":"May be used to represent additional information that is not part of the basic definition of the element. In order to make the use of extensions safe and manageable, there is a strict set of governance  applied to the definition and use of extensions. Though any implementer is allowed to define an extension, there is a set of requirements that SHALL be met as part of the definition of the extension.","comment":"There can be no stigma associated with the use of extensions by any application, project, or standard - regardless of the institution or jurisdiction that uses or defines the extensions.  The use of extensions is what allows the FHIR specification to retain a core level of simplicity for everyone.","alias":["extensions","user content"],"min":0,"max":"0","base":{"path":"Element.extension","min":0,"max":"*"},"type":[{"code":"Extension"}],"mapping":[{"identity":"rim","map":"n/a"}]},{"id":"Extension.extension-type.url","path":"Extension.extension.url","representation":["xmlAttr"],"short":"identifies the meaning of the extension","definition":"Source of the definition for the extension code - a logical name or a URL.","comment":"The definition may point directly to a computable or human-readable definition of the extensibility codes, or it may be a logical URI as declared in some other specification. The definition should be version specific.  This will ideally be the URI for the Resource Profile defining the extension, with the code for the extension after a #.","min":1,"max":"1","base":{"path":"Extension.url","min":1,"max":"1"},"type":[{"code":"uri"}],"fixedUri":"http://mcodeinitiative.org/us/mcode/StructureDefinition/obf-datatype-Type-extension","mapping":[{"identity":"rim","map":"N/A"}]},{"id":"Extension.extension-type.valueCodeableConcept","path":"Extension.extension.valueCodeableConcept","short":"Value of extension","definition":"Value of extension - may be a resource or one of a constrained set of the data types (see Extensibility in the spec for list).","min":1,"max":"1","base":{"path":"Extension.value[x]","min":0,"max":"1"},"type":[{"code":"CodeableConcept"}],"binding":{"strength":"preferred","valueSetReference":{"reference":"http://hl7.org/fhir/ValueSet/diagnosis-role"}},"mapping":[{"identity":"rim","map":"N/A"}]},{"id":"Extension.url","path":"Extension.url","representation":["xmlAttr"],"short":"identifies the meaning of the extension","definition":"Source of the definition for the extension code - a logical name or a URL.","comment":"The definition may point directly to a computable or human-readable definition of the extensibility codes, or it may be a logical URI as declared in some other specification. The definition should be version specific.  This will ideally be the URI for the Resource Profile defining the extension, with the code for the extension after a #.","min":1,"max":"1","base":{"path":"Extension.url","min":1,"max":"1"},"type":[{"code":"uri"}],"fixedUri":"http://mcodeinitiative.org/us/mcode/StructureDefinition/obf-EncounterDiagnosis-extension","mapping":[{"identity":"rim","map":"N/A"}]},{"id":"Extension.valuex","path":"Extension.value[x]","short":"Value of extension","definition":"Value of extension - may be a resource or one of a constrained set of the data types (see Extensibility in the spec for list).","min":0,"max":"0","base":{"path":"Extension.value[x]","min":0,"max":"1"},"type":[{"code":"boolean"},{"code":"integer"},{"code":"decimal"},{"code":"base64Binary"},{"code":"instant"},{"code":"string"},{"code":"uri"},{"code":"date"},{"code":"dateTime"},{"code":"time"},{"code":"code"},{"code":"oid"},{"code":"id"},{"code":"unsignedInt"},{"code":"positiveInt"},{"code":"markdown"},{"code":"Annotation"},{"code":"Attachment"},{"code":"Identifier"},{"code":"CodeableConcept"},{"code":"Coding"},{"code":"Quantity"},{"code":"Range"},{"code":"Period"},{"code":"Ratio"},{"code":"SampledData"},{"code":"Signature"},{"code":"HumanName"},{"code":"Address"},{"code":"ContactPoint"},{"code":"Timing"},{"code":"Reference"},{"code":"Meta"}],"mapping":[{"identity":"rim","map":"N/A"}]}]},"differential":{"element":[{"id":"Extension","path":"Extension","short":"EncounterDiagnosis","definition":"A diagnosis, which is a disease or injury determined to be present through evaluation of patient history, examination, and/or review of laboratory data. This element is not a stand-alone representation of the condition that was diagnosed, but is meant to be used as an sub-structure in a resource, such as Encounter.","min":0,"max":"*"},{"id":"Extension.extension","path":"Extension.extension","slicing":{"discriminator":[{"type":"value","path":"url"}],"description":"Extensions are always sliced by (at least) url","ordered":false,"rules":"open"},"min":1,"max":"*"},{"id":"diagnosiscode","path":"Extension.extension","sliceName":"diagnosiscode","definition":"Codes for a diagnosis.","min":0,"max":"1","base":{"path":"Element.extension","min":0,"max":"*"},"type":[{"code":"Extension","profile":"http://mcodeinitiative.org/us/mcode/StructureDefinition/obf-DiagnosisCode-extension"}],"mapping":[{"identity":"rim","map":"n/a"}]},{"id":"condition","path":"Extension.extension","sliceName":"condition","definition":"A condition that is or may be present in a subject. 'Condition' is interpreted broadly and could be a disorder, abnormality, problem, injury, complaint, functionality, illness, disease, ailment, sickness, affliction, upset, difficulty, disorder, symptom, worry, or trouble.\nThe Observation-based class, ConditionAbsent, should be used to describe conditions that are not present or negative findings.\nThis profiled Condition uses the BodyLocation structure that includes not only a code, but optional laterality, direction, and relation to landmark(s).","min":1,"max":"1","base":{"path":"Element.extension","min":0,"max":"*"},"type":[{"code":"Extension","profile":"http://mcodeinitiative.org/us/mcode/StructureDefinition/obf-Condition-extension"}],"mapping":[{"identity":"rim","map":"n/a"}]},{"id":"priorityrank","path":"Extension.extension","sliceName":"priorityrank","definition":"The priority of the procedure, as a number (1 being the highest priority)","min":0,"max":"1","base":{"path":"Element.extension","min":0,"max":"*"},"type":[{"code":"Extension","profile":"http://mcodeinitiative.org/us/mcode/StructureDefinition/obf-datatype-PriorityRank-extension"}],"mapping":[{"identity":"rim","map":"n/a"}]},{"id":"type","path":"Extension.extension","sliceName":"type","definition":"A code describing the item at a greater level of detail.","min":0,"max":"1","base":{"path":"Element.extension","min":0,"max":"*"},"type":[{"code":"Extension","profile":"http://mcodeinitiative.org/us/mcode/StructureDefinition/obf-datatype-Type-extension"}],"mapping":[{"identity":"rim","map":"n/a"}]},{"id":"Extension.extension-type.valueCodeableConcept","path":"Extension.extension.valueCodeableConcept","binding":{"strength":"preferred","valueSetReference":{"reference":"http://hl7.org/fhir/ValueSet/diagnosis-role"}}},{"id":"Extension.url","path":"Extension.url","fixedUri":"http://mcodeinitiative.org/us/mcode/StructureDefinition/obf-EncounterDiagnosis-extension"},{"id":"Extension.valuex","path":"Extension.value[x]","min":0,"max":"0"}]}}