{"resourceType":"StructureDefinition","id":"shr-core-StudyArm-extension","text":{"status":"generated","div":"<div xmlns=\"http://www.w3.org/1999/xhtml\">\n  <p><b>StudyArm Extension</b></p>\n  <p>Arm refers to pre-specified group or subgroup of participant(s) in a clinical trial assigned to receive specific intervention(s) (or no intervention) according to a protocol.</p>\n</div>"},"url":"http://hl7.org/fhir/us/shr/StructureDefinition/shr-core-StudyArm-extension","identifier":[{"system":"http://hl7.org/fhir/us/mcode","value":"shr.core.StudyArm"}],"version":"0.9.0 draft candidate 1","name":"StudyArm","title":"shr-core-StudyArm","status":"draft","date":"2019-04-08T00:00:00-04:00","publisher":"The MITRE Corporation","contact":[{"telecom":[{"system":"other","value":"http://standardhealthrecord.org"}]}],"description":"Arm refers to pre-specified group or subgroup of participant(s) in a clinical trial assigned to receive specific intervention(s) (or no intervention) according to a protocol.","fhirVersion":"1.0.2","kind":"complex-type","abstract":false,"contextType":"resource","context":["*"],"type":"Extension","baseDefinition":"http://hl7.org/fhir/StructureDefinition/Extension","derivation":"constraint","snapshot":{"element":[{"id":"Extension","path":"Extension","short":"StudyArm","definition":"Arm refers to pre-specified group or subgroup of participant(s) in a clinical trial assigned to receive specific intervention(s) (or no intervention) according to a protocol.","min":0,"max":"*","base":{"path":"Extension","min":0,"max":"1"}},{"id":"Extension.id","path":"Extension.id","representation":["xmlAttr"],"short":"xml:id (or equivalent in JSON)","definition":"unique id for the element within a resource (for internal references). This may be any string value that does not contain spaces.","min":0,"max":"1","base":{"path":"Element.id","min":0,"max":"1"},"type":[{"code":"string"}],"mapping":[{"identity":"rim","map":"N/A"}]},{"id":"Extension.extension","path":"Extension.extension","slicing":{"id":"1","discriminator":[{"type":"value","path":"url"}],"ordered":false,"rules":"open"},"short":"Extension","definition":"An Extension","min":1,"max":"*","base":{"path":"Element.extension","min":0,"max":"*"},"type":[{"code":"Extension"}]},{"id":"title","path":"Extension.extension","sliceName":"title","definition":"A distinguishing word or group of words naming an item.","min":1,"max":"1","base":{"path":"Extension.extension","min":0,"max":"1"},"type":[{"code":"Extension","profile":"http://hl7.org/fhir/us/shr/StructureDefinition/shr-core-Title-extension"}],"isModifier":false,"mapping":[{"identity":"rim","map":"N/A"}]},{"id":"type","path":"Extension.extension","sliceName":"type","definition":"A code describing the item at a greater level of detail.","min":0,"max":"1","base":{"path":"Extension.extension","min":0,"max":"1"},"type":[{"code":"Extension","profile":"http://hl7.org/fhir/us/shr/StructureDefinition/shr-core-Type-extension"}],"isModifier":false,"mapping":[{"identity":"rim","map":"N/A"}]},{"id":"Extension.extension-type.id","path":"Extension.extension.id","representation":["xmlAttr"],"short":"xml:id (or equivalent in JSON)","definition":"unique id for the element within a resource (for internal references). This may be any string value that does not contain spaces.","min":0,"max":"1","base":{"path":"Element.id","min":0,"max":"1"},"type":[{"code":"string"}],"mapping":[{"identity":"rim","map":"N/A"}]},{"id":"Extension.extension-type.extension-extension","path":"Extension.extension.extension","short":"Extension","definition":"An Extension","min":0,"max":"0","base":{"path":"Element.extension","min":0,"max":"*"},"type":[{"code":"Extension"}]},{"id":"Extension.extension-type.url","path":"Extension.extension.url","representation":["xmlAttr"],"short":"identifies the meaning of the extension","definition":"Source of the definition for the extension code - a logical name or a URL.","min":1,"max":"1","base":{"path":"Extension.url","min":1,"max":"1"},"type":[{"code":"uri"}],"fixedUri":"http://hl7.org/fhir/us/shr/StructureDefinition/shr-core-Type-extension","mapping":[{"identity":"rim","map":"N/A"}]},{"id":"Extension.extension-type.valueCodeableConcept","path":"Extension.extension.valueCodeableConcept","short":"Value of extension","definition":"Value of extension - may be a resource or one of a constrained set of the data types (see Extensibility in the spec for list).","min":1,"max":"1","base":{"path":"Extension.value[x]","min":0,"max":"1"},"type":[{"code":"CodeableConcept"}],"binding":{"strength":"required","valueSetReference":{"reference":"http://hl7.org/fhir/us/mcode/shr/core/vs/StudyArmTypeVS"}},"mapping":[{"identity":"rim","map":"N/A"}]},{"id":"commentordescription","path":"Extension.extension","sliceName":"commentordescription","definition":"A text note containing additional details, explanation, description, comment, or summarization.","min":0,"max":"1","base":{"path":"Extension.extension","min":0,"max":"1"},"type":[{"code":"Extension","profile":"http://hl7.org/fhir/us/shr/StructureDefinition/shr-core-CommentOrDescription-extension"}],"isModifier":false,"mapping":[{"identity":"rim","map":"N/A"}]},{"id":"Extension.url","path":"Extension.url","representation":["xmlAttr"],"short":"identifies the meaning of the extension","definition":"Source of the definition for the extension code - a logical name or a URL.","min":1,"max":"1","base":{"path":"Extension.url","min":1,"max":"1"},"type":[{"code":"uri"}],"fixedUri":"http://hl7.org/fhir/us/shr/StructureDefinition/shr-core-StudyArm-extension","mapping":[{"identity":"rim","map":"N/A"}]},{"id":"Extension.value-x-","path":"Extension.value[x]","short":"Value of extension","definition":"Value of extension - may be a resource or one of a constrained set of the data types (see Extensibility in the spec for list).","min":0,"max":"0","base":{"path":"Extension.value[x]","min":0,"max":"1"},"type":[{"code":"base64Binary"},{"code":"boolean"},{"code":"code"},{"code":"date"},{"code":"dateTime"},{"code":"decimal"},{"code":"id"},{"code":"instant"},{"code":"integer"},{"code":"markdown"},{"code":"oid"},{"code":"positiveInt"},{"code":"string"},{"code":"time"},{"code":"unsignedInt"},{"code":"uri"},{"code":"Address"},{"code":"Age"},{"code":"Annotation"},{"code":"Attachment"},{"code":"CodeableConcept"},{"code":"Coding"},{"code":"ContactPoint"},{"code":"Count"},{"code":"Distance"},{"code":"Duration"},{"code":"HumanName"},{"code":"Identifier"},{"code":"Money"},{"code":"Period"},{"code":"Quantity"},{"code":"Range"},{"code":"Ratio"},{"code":"Reference"},{"code":"SampledData"},{"code":"Signature"},{"code":"Timing"},{"code":"Meta"}],"mapping":[{"identity":"rim","map":"N/A"}]}]},"differential":{"element":[{"id":"Extension","path":"Extension","short":"StudyArm","definition":"Arm refers to pre-specified group or subgroup of participant(s) in a clinical trial assigned to receive specific intervention(s) (or no intervention) according to a protocol.","min":0,"max":"*"},{"id":"Extension.extension","path":"Extension.extension","min":1,"max":"*"},{"id":"title","path":"Extension.extension","definition":"A distinguishing word or group of words naming an item.","min":1,"max":"1","type":[{"code":"Extension","profile":"http://hl7.org/fhir/us/shr/StructureDefinition/shr-core-Title-extension"}]},{"id":"type","path":"Extension.extension","definition":"A code describing the item at a greater level of detail.","min":0,"max":"1","type":[{"code":"Extension","profile":"http://hl7.org/fhir/us/shr/StructureDefinition/shr-core-Type-extension"}]},{"id":"Extension.extension-type.valueCodeableConcept","path":"Extension.extension.valueCodeableConcept","binding":{"strength":"required","valueSetReference":{"reference":"http://hl7.org/fhir/us/mcode/shr/core/vs/StudyArmTypeVS"}}},{"id":"commentordescription","path":"Extension.extension","definition":"A text note containing additional details, explanation, description, comment, or summarization.","min":0,"max":"1","type":[{"code":"Extension","profile":"http://hl7.org/fhir/us/shr/StructureDefinition/shr-core-CommentOrDescription-extension"}]},{"id":"Extension.url","path":"Extension.url","type":[{"code":"uri"}],"fixedUri":"http://hl7.org/fhir/us/shr/StructureDefinition/shr-core-StudyArm-extension"},{"id":"Extension.value-x-","path":"Extension.value[x]","min":0,"max":"0"}]}}