{"resourceType":"StructureDefinition","id":"shr-core-DateOfDiagnosis-extension","text":{"status":"generated","div":"<div xmlns=\"http://www.w3.org/1999/xhtml\">\n  <p><b>DateOfDiagnosis Extension</b></p>\n  <p>The date the disease was first clinically recognized with sufficient certainty, regardless of whether it was fully characterized at that time.</p>\n</div>"},"url":"http://hl7.org/fhir/us/shr/StructureDefinition/shr-core-DateOfDiagnosis-extension","identifier":[{"system":"http://hl7.org/fhir/us/projectURL","value":"shr.core.DateOfDiagnosis"}],"version":"0.7.0","name":"DateOfDiagnosis","title":"shr-core-DateOfDiagnosis","status":"draft","date":"2019-03-27T00:00:00-04:00","publisher":"The MITRE Corporation","contact":[{"telecom":[{"system":"other","value":"http://www.hl7.org/Special/committees/cic/index.cfm"}]}],"description":"The date the disease was first clinically recognized with sufficient certainty, regardless of whether it was fully characterized at that time.","fhirVersion":"1.0.2","kind":"complex-type","abstract":false,"contextType":"resource","context":["*"],"type":"Extension","baseDefinition":"http://hl7.org/fhir/StructureDefinition/Extension","derivation":"constraint","snapshot":{"element":[{"id":"Extension","path":"Extension","short":"DateOfDiagnosis","definition":"The date the disease was first clinically recognized with sufficient certainty, regardless of whether it was fully characterized at that time.","min":0,"max":"*","base":{"path":"Extension","min":0,"max":"1"}},{"id":"Extension.id","path":"Extension.id","representation":["xmlAttr"],"short":"xml:id (or equivalent in JSON)","definition":"unique id for the element within a resource (for internal references). This may be any string value that does not contain spaces.","min":0,"max":"1","base":{"path":"Element.id","min":0,"max":"1"},"type":[{"code":"string"}],"mapping":[{"identity":"rim","map":"N/A"}]},{"id":"Extension.extension","path":"Extension.extension","short":"Extension","definition":"An Extension","min":0,"max":"0","base":{"path":"Element.extension","min":0,"max":"*"},"type":[{"code":"Extension"}]},{"id":"Extension.url","path":"Extension.url","representation":["xmlAttr"],"short":"identifies the meaning of the extension","definition":"Source of the definition for the extension code - a logical name or a URL.","min":1,"max":"1","base":{"path":"Extension.url","min":1,"max":"1"},"type":[{"code":"uri"}],"fixedUri":"http://hl7.org/fhir/us/shr/StructureDefinition/shr-core-DateOfDiagnosis-extension","mapping":[{"identity":"rim","map":"N/A"}]},{"id":"Extension.valueDate","path":"Extension.valueDate","short":"Value of extension","definition":"Value of extension - may be a resource or one of a constrained set of the data types (see Extensibility in the spec for list).","min":1,"max":"1","base":{"path":"Extension.value[x]","min":0,"max":"1"},"type":[{"code":"date"}],"mapping":[{"identity":"rim","map":"N/A"}]}]},"differential":{"element":[{"id":"Extension","path":"Extension","short":"DateOfDiagnosis","definition":"The date the disease was first clinically recognized with sufficient certainty, regardless of whether it was fully characterized at that time.","min":0,"max":"*"},{"id":"Extension.extension","path":"Extension.extension","max":"0"},{"id":"Extension.url","path":"Extension.url","type":[{"code":"uri"}],"fixedUri":"http://hl7.org/fhir/us/shr/StructureDefinition/shr-core-DateOfDiagnosis-extension"},{"id":"Extension.valueDate","path":"Extension.valueDate","min":1,"type":[{"code":"date"}]}]}}