{"resourceType":"StructureDefinition","id":"shr-core-MedicationCodeOrReference-extension","text":{"status":"generated","div":"<div xmlns=\"http://www.w3.org/1999/xhtml\">\n  <p><b>MedicationCodeOrReference Extension</b></p>\n  <p>A choice of a medication code or reference.</p>\n</div>"},"url":"http://hl7.org/fhir/us/shr/StructureDefinition/shr-core-MedicationCodeOrReference-extension","identifier":[{"system":"http://hl7.org/fhir/us/mcode","value":"shr.core.MedicationCodeOrReference"}],"version":"0.9.0","name":"MedicationCodeOrReference","title":"shr-core-MedicationCodeOrReference","status":"draft","date":"2019-04-17T00:00:00-04:00","publisher":"The MITRE Corporation","contact":[{"telecom":[{"system":"other","value":"http://standardhealthrecord.org"}]}],"description":"A choice of a medication code or reference.","fhirVersion":"1.0.2","kind":"complex-type","abstract":false,"contextType":"resource","context":["*"],"type":"Extension","baseDefinition":"http://hl7.org/fhir/StructureDefinition/Extension","derivation":"constraint","snapshot":{"element":[{"id":"Extension","path":"Extension","short":"MedicationCodeOrReference","definition":"A choice of a medication code or reference.","min":0,"max":"*","base":{"path":"Extension","min":0,"max":"1"}},{"id":"Extension.id","path":"Extension.id","representation":["xmlAttr"],"short":"xml:id (or equivalent in JSON)","definition":"unique id for the element within a resource (for internal references). This may be any string value that does not contain spaces.","min":0,"max":"1","base":{"path":"Element.id","min":0,"max":"1"},"type":[{"code":"string"}],"mapping":[{"identity":"rim","map":"N/A"}]},{"id":"Extension.extension-extension","path":"Extension.extension","short":"Extension","definition":"An Extension","min":0,"max":"0","base":{"path":"Element.extension","min":0,"max":"*"},"type":[{"code":"Extension"}]},{"id":"Extension.url","path":"Extension.url","representation":["xmlAttr"],"short":"identifies the meaning of the extension","definition":"Source of the definition for the extension code - a logical name or a URL.","min":1,"max":"1","base":{"path":"Extension.url","min":1,"max":"1"},"type":[{"code":"uri"}],"fixedUri":"http://hl7.org/fhir/us/shr/StructureDefinition/shr-core-MedicationCodeOrReference-extension","mapping":[{"identity":"rim","map":"N/A"}]},{"id":"Extension.valueCodeableConcept-CodeableConcept","path":"Extension.valueCodeableConcept","short":"Value of extension","definition":"Value of extension - may be a resource or one of a constrained set of the data types (see Extensibility in the spec for list).","min":1,"max":"1","base":{"path":"Extension.value[x]","min":1,"max":"1"},"type":[{"code":"CodeableConcept"}],"binding":{"strength":"extensible","valueSetReference":{"reference":"http://h7.org/fhir/us/core/ValueSet/us-core-medication-codes"}}}]},"differential":{"element":[{"id":"Extension","path":"Extension","short":"MedicationCodeOrReference","definition":"A choice of a medication code or reference.","min":0,"max":"*"},{"id":"Extension.extension-extension","path":"Extension.extension","max":"0"},{"id":"Extension.url","path":"Extension.url","type":[{"code":"uri"}],"fixedUri":"http://hl7.org/fhir/us/shr/StructureDefinition/shr-core-MedicationCodeOrReference-extension"},{"id":"Extension.valueCodeableConcept-CodeableConcept","path":"Extension.valueCodeableConcept","type":[{"code":"CodeableConcept"}],"binding":{"strength":"extensible","valueSetReference":{"reference":"http://h7.org/fhir/us/core/ValueSet/us-core-medication-codes"}}}]}}