{"resourceType":"StructureDefinition","id":"shr-core-Location","text":{"status":"generated","div":"<div xmlns=\"http://www.w3.org/1999/xhtml\">\n  <p><b>Location Profile</b></p>\n  <p>Services and space and equipment provided for a particular purpose; a building or place that provides a particular service or is used for a particular industry. Could be a clinical site, community site, or a mobile facility.</p>\n  <p><b>Mapping Summary</b></p>\n  <p><pre>shr.core.Location maps to Location:\n  _Entry.EntryId maps to id\n  Language maps to language\n  Narrative maps to text\n  ImplicitRules maps to implicitRules\n  Metadata.VersionId maps to meta.versionId\n  Metadata.Profile maps to meta.profile\n  Metadata.LastUpdated maps to meta.lastUpdated\n  Metadata.SecurityLabel maps to meta.security\n  Metadata.Tag maps to meta.tag\n  Identifier maps to identifier\n  Status maps to status\n  OperationalStatus maps to extension\n  LocationName maps to name\n  Alias maps to extension\n  CommentOrDescription maps to description\n  Mode maps to mode\n  Type maps to type\n  ContactPoint maps to telecom\n  Address maps to address\n  PhysicalType maps to physicalType\n  Geoposition.Latitude maps to position.latitude\n  Geoposition.Longitude maps to position.longitude\n  Geoposition.Altitude maps to position.altitude\n  ManagingOrganization maps to managingOrganization\n  MobileFacility maps to extension\n  PartOf maps to partOf\n</pre></p>\n</div>"},"url":"http://hl7.org/fhir/us/shr/StructureDefinition/shr-core-Location","identifier":[{"system":"http://hl7.org/fhir/us/mcode","value":"shr.core.Location"}],"version":"0.9.0","name":"Location","title":"shr-core-Location","status":"draft","date":"2019-04-17T00:00:00-04:00","publisher":"The MITRE Corporation","contact":[{"telecom":[{"system":"other","value":"http://standardhealthrecord.org"}]}],"description":"Services and space and equipment provided for a particular purpose; a building or place that provides a particular service or is used for a particular industry. Could be a clinical site, community site, or a mobile facility.","keyword":[{"system":"http://ncimeta.nci.nih.gov","code":"C1547538","userSelected":false}],"fhirVersion":"1.0.2","mapping":[{"identity":"rim","uri":"http://hl7.org/v3","name":"RIM"},{"identity":"w5","uri":"http://hl7.org/fhir/w5","name":"W5 Mapping"}],"kind":"resource","abstract":false,"type":"Location","baseDefinition":"http://hl7.org/fhir/StructureDefinition/Location","derivation":"constraint","snapshot":{"element":[{"id":"Location","path":"Location","short":"shr-core-Location","definition":"Services and space and equipment provided for a particular purpose; a building or place that provides a particular service or is used for a particular industry. Could be a clinical site, community site, or a mobile facility.","min":0,"max":"*","mapping":[{"identity":"rim","map":".Role[classCode=SDLC]"},{"identity":"w5","map":"administrative.entity"}]},{"id":"Location.id","path":"Location.id","short":"Logical id of this artifact","definition":"The logical id of the resource, as used in the URL for the resource. Once assigned, this value never changes.","comment":"The only time that a resource does not have an id is when it is being submitted to the server using a create operation. Bundles always have an id, though it is usually a generated UUID.","min":0,"max":"1","type":[{"code":"id"}],"isSummary":true},{"id":"Location.meta","path":"Location.meta","short":"Metadata about the resource","definition":"The metadata about the resource. This is content that is maintained by the infrastructure. Changes to the content may not always be associated with version changes to the resource.","min":0,"max":"1","type":[{"code":"Meta"}],"isSummary":true},{"id":"Location.implicitRules","path":"Location.implicitRules","short":"A set of rules under which this content was created","definition":"A reference to a set of rules that were followed when the resource was constructed, and which must be understood when processing the content.","comment":"Asserting this rule set restricts the content to be only understood by a limited set of trading partners. This inherently limits the usefulness of the data in the long term. However, the existing health eco-system is highly fractured, and not yet ready to define, collect, and exchange data in a generally computable sense. Wherever possible, implementers and/or specification writers should avoid using this element as much as possible.","min":0,"max":"1","type":[{"code":"uri"}],"isModifier":true,"isSummary":true},{"id":"Location.language","path":"Location.language","short":"Language of the resource content","definition":"The base language in which the resource is written.","comment":"Language is provided to support indexing and accessibility (typically, services such as text to speech use the language tag). The html language tag in the narrative applies  to the narrative. The language tag on the resource may be used to specify the language of other presentations generated from the data in the resource  Not all the content has to be in the base language. The Resource.language should not be assumed to apply to the narrative automatically. If a language is specified, it should it also be specified on the div element in the html (see rules in HTML5 for information about the relationship between xml:lang and the html lang attribute).","min":0,"max":"1","type":[{"code":"code"}],"binding":{"strength":"required","description":"A human language.","valueSetReference":{"reference":"http://tools.ietf.org/html/bcp47"}}},{"id":"Location.text","path":"Location.text","short":"Text summary of the resource, for human interpretation","definition":"A human-readable narrative that contains a summary of the resource, and may be used to represent the content of the resource to a human. The narrative need not encode all the structured data, but is required to contain sufficient detail to make it \"clinically safe\" for a human to just read the narrative. Resource definitions may define what content should be represented in the narrative to ensure clinical safety.","comment":"Contained resources do not have narrative. Resources that are not contained SHOULD have a narrative.","alias":["narrative","html","xhtml","display"],"min":0,"max":"1","type":[{"code":"Narrative"}],"condition":["dom-1"],"mapping":[{"identity":"rim","map":"Act.text?"}]},{"id":"Location.contained","path":"Location.contained","short":"Contained, inline Resources","definition":"These resources do not have an independent existence apart from the resource that contains them - they cannot be identified independently, and nor can they have their own independent transaction scope.","comment":"This should never be done when the content can be identified properly, as once identification is lost, it is extremely difficult (and context dependent) to restore it again.","alias":["inline resources","anonymous resources","contained resources"],"min":0,"max":"*","type":[{"code":"Resource"}],"mapping":[{"identity":"rim","map":"N/A"}]},{"id":"Location.extension","path":"Location.extension","slicing":{"id":"1","discriminator":[{"type":"value","path":"url"}],"ordered":false,"rules":"open"},"short":"Additional Content defined by implementations","definition":"May be used to represent additional information that is not part of the basic definition of the resource. In order to make the use of extensions safe and manageable, there is a strict set of governance  applied to the definition and use of extensions. Though any implementer is allowed to define an extension, there is a set of requirements that SHALL be met as part of the definition of the extension.","comment":"There can be no stigma associated with the use of extensions by any application, project, or standard - regardless of the institution or jurisdiction that uses or defines the extensions.  The use of extensions is what allows the FHIR specification to retain a core level of simplicity for everyone.","alias":["extensions","user content"],"min":0,"max":"*","type":[{"code":"Extension"}],"mapping":[{"identity":"rim","map":"N/A"}]},{"id":"operationalstatus","path":"Location.extension","sliceName":"operationalstatus","definition":"The operational status covers operation values most relevant to beds (but can also apply to rooms/units/chairs/etc. such as an isolation unit/dialysis chair). This typically covers concepts such as contamination, housekeeping, and other activities like maintenance.","min":0,"max":"1","base":{"path":"Location.extension","min":0,"max":"*"},"type":[{"code":"Extension","profile":"http://hl7.org/fhir/us/shr/StructureDefinition/shr-core-OperationalStatus-extension"}]},{"id":"alias","path":"Location.extension","sliceName":"alias","definition":"A list of alternate names the subject is or was known as.","min":0,"max":"*","base":{"path":"Location.extension","min":0,"max":"*"},"type":[{"code":"Extension","profile":"http://hl7.org/fhir/us/shr/StructureDefinition/shr-core-Alias-extension"}]},{"id":"mobilefacility","path":"Location.extension","sliceName":"mobilefacility","definition":"A facility that moves from place to place, such as Meals-On-Wheels.","min":0,"max":"1","base":{"path":"Location.extension","min":0,"max":"*"},"type":[{"code":"Extension","profile":"http://hl7.org/fhir/us/shr/StructureDefinition/shr-core-MobileFacility-extension"}]},{"id":"Location.modifierExtension","path":"Location.modifierExtension","short":"Extensions that cannot be ignored","definition":"May be used to represent additional information that is not part of the basic definition of the resource, and that modifies the understanding of the element that contains it. Usually modifier elements provide negation or qualification. In order to make the use of extensions safe and manageable, there is a strict set of governance applied to the definition and use of extensions. Though any implementer is allowed to define an extension, there is a set of requirements that SHALL be met as part of the definition of the extension. Applications processing a resource are required to check for modifier extensions.","comment":"There can be no stigma associated with the use of extensions by any application, project, or standard - regardless of the institution or jurisdiction that uses or defines the extensions.  The use of extensions is what allows the FHIR specification to retain a core level of simplicity for everyone.","alias":["extensions","user content"],"min":0,"max":"*","type":[{"code":"Extension"}],"isModifier":true,"mapping":[{"identity":"rim","map":"N/A"}]},{"id":"Location.identifier","path":"Location.identifier","short":"Unique code or number identifying the location to its users","definition":"Unique code or number identifying the location to its users.","requirements":"Organization label locations in registries, need to keep track of those.","min":0,"max":"*","type":[{"code":"Identifier"}],"isSummary":true,"mapping":[{"identity":"rim","map":".id"},{"identity":"w5","map":"id"}]},{"id":"Location.status","path":"Location.status","short":"active | suspended | inactive","definition":"active | suspended | inactive.","min":0,"max":"1","type":[{"code":"code"}],"isModifier":true,"isSummary":true,"binding":{"strength":"required","description":"Indicates whether the location is still in use.","valueSetReference":{"reference":"http://hl7.org/fhir/ValueSet/location-status"}},"mapping":[{"identity":"rim","map":".statusCode"},{"identity":"w5","map":"status"}]},{"id":"Location.name","path":"Location.name","short":"Name of the location as used by humans","definition":"Name of the location as used by humans. Does not need to be unique.","min":1,"max":"1","base":{"path":"Location.name","min":0,"max":"1"},"type":[{"code":"string"}],"isSummary":true,"mapping":[{"identity":"rim","map":".name"}]},{"id":"Location.description","path":"Location.description","short":"Description of the location","definition":"Description of the Location, which helps in finding or referencing the place.","requirements":"Humans need additional information to verify a correct location has been identified.","min":0,"max":"1","type":[{"code":"string"}],"isSummary":true,"mapping":[{"identity":"rim","map":".playingEntity[classCode=PLC determinerCode=INSTANCE].desc"}]},{"id":"Location.mode","path":"Location.mode","short":"instance | kind","definition":"Indicates whether a resource instance represents a specific location or a class of locations.","requirements":"When using a Location resource for scheduling or orders, we need to be able to refer to a class of Locations instead of a specific Location.","min":0,"max":"1","type":[{"code":"code"}],"isModifier":true,"isSummary":true,"binding":{"strength":"required","description":"Indicates whether a resource instance represents a specific location or a class of locations.","valueSetReference":{"reference":"http://hl7.org/fhir/ValueSet/location-mode"}},"mapping":[{"identity":"rim","map":".playingEntity[classCode=PLC].determinerCode"},{"identity":"w5","map":"class"}]},{"id":"Location.type","path":"Location.type","short":"Type of function performed","definition":"Indicates the type of function performed at the location.","min":1,"max":"1","base":{"path":"Location.type","min":0,"max":"1"},"type":[{"code":"CodeableConcept"}],"isSummary":true,"binding":{"strength":"extensible","description":"Indicates the type of function performed at the location.","valueSetReference":{"reference":"http://hl7.org/fhir/ValueSet/v3-ServiceDeliveryLocationRoleType"}},"mapping":[{"identity":"rim","map":".code"},{"identity":"w5","map":"class"}]},{"id":"Location.telecom","path":"Location.telecom","short":"Contact details of the location","definition":"The contact details of communication devices available at the location. This can include phone numbers, fax numbers, mobile numbers, email addresses and web sites.","min":0,"max":"*","type":[{"code":"ContactPoint"}],"mapping":[{"identity":"rim","map":".telecom"}]},{"id":"Location.address","path":"Location.address","short":"Physical location","definition":"Physical location.","comment":"This was kept as 0..1 as there is no use property on the address, so wouldn't be able to identify different address types.","requirements":"If locations can be visited, we need to keep track of their address.","min":0,"max":"1","type":[{"code":"Address"}],"mapping":[{"identity":"rim","map":".addr"}]},{"id":"Location.physicalType","path":"Location.physicalType","short":"Physical form of the location","definition":"Physical form of the location, e.g. building, room, vehicle, road.","requirements":"For purposes of showing relevant locations in queries, we need to categorize locations.","min":0,"max":"1","type":[{"code":"CodeableConcept"}],"isSummary":true,"binding":{"strength":"example","description":"Physical form of the location","valueSetReference":{"reference":"http://hl7.org/fhir/ValueSet/location-physical-type"}},"mapping":[{"identity":"rim","map":".playingEntity [classCode=PLC].code"},{"identity":"w5","map":"class"}]},{"id":"Location.position","path":"Location.position","short":"The absolute geographic location","definition":"The absolute geographic location of the Location, expressed using the WGS84 datum (This is the same co-ordinate system used in KML).","requirements":"For mobile applications and automated route-finding knowing the exact location of the Location is required.","min":0,"max":"1","type":[{"code":"BackboneElement"}],"mapping":[{"identity":"rim","map":".playingEntity [classCode=PLC determinerCode=INSTANCE].positionText"}]},{"id":"Location.position.id","path":"Location.position.id","representation":["xmlAttr"],"short":"xml:id (or equivalent in JSON)","definition":"unique id for the element within a resource (for internal references).","min":0,"max":"1","type":[{"code":"id"}],"mapping":[{"identity":"rim","map":"n/a"}]},{"id":"Location.position.extension","path":"Location.position.extension","short":"Additional Content defined by implementations","definition":"May be used to represent additional information that is not part of the basic definition of the element. In order to make the use of extensions safe and manageable, there is a strict set of governance  applied to the definition and use of extensions. Though any implementer is allowed to define an extension, there is a set of requirements that SHALL be met as part of the definition of the extension.","comment":"There can be no stigma associated with the use of extensions by any application, project, or standard - regardless of the institution or jurisdiction that uses or defines the extensions.  The use of extensions is what allows the FHIR specification to retain a core level of simplicity for everyone.","alias":["extensions","user content"],"min":0,"max":"*","type":[{"code":"Extension"}],"mapping":[{"identity":"rim","map":"n/a"}]},{"id":"Location.position.modifierExtension","path":"Location.position.modifierExtension","short":"Extensions that cannot be ignored","definition":"May be used to represent additional information that is not part of the basic definition of the element, and that modifies the understanding of the element that contains it. Usually modifier elements provide negation or qualification. In order to make the use of extensions safe and manageable, there is a strict set of governance applied to the definition and use of extensions. Though any implementer is allowed to define an extension, there is a set of requirements that SHALL be met as part of the definition of the extension. Applications processing a resource are required to check for modifier extensions.","comment":"There can be no stigma associated with the use of extensions by any application, project, or standard - regardless of the institution or jurisdiction that uses or defines the extensions.  The use of extensions is what allows the FHIR specification to retain a core level of simplicity for everyone.","alias":["extensions","user content","modifiers"],"min":0,"max":"*","type":[{"code":"Extension"}],"isModifier":true,"mapping":[{"identity":"rim","map":"N/A"}]},{"id":"Location.position.longitude","path":"Location.position.longitude","short":"Longitude with WGS84 datum","definition":"Longitude. The value domain and the interpretation are the same as for the text of the longitude element in KML (see notes below).","min":1,"max":"1","type":[{"code":"decimal"}],"mapping":[{"identity":"rim","map":"(RIM Opted not to map the sub-elements of GPS location, is now an OBS)"}]},{"id":"Location.position.latitude","path":"Location.position.latitude","short":"Latitude with WGS84 datum","definition":"Latitude. The value domain and the interpretation are the same as for the text of the latitude element in KML (see notes below).","min":1,"max":"1","type":[{"code":"decimal"}],"mapping":[{"identity":"rim","map":"(RIM Opted not to map the sub-elements of GPS location, is now an OBS)"}]},{"id":"Location.position.altitude","path":"Location.position.altitude","short":"Altitude with WGS84 datum","definition":"Altitude. The value domain and the interpretation are the same as for the text of the altitude element in KML (see notes below).","min":0,"max":"1","type":[{"code":"decimal"}],"mapping":[{"identity":"rim","map":"(RIM Opted not to map the sub-elements of GPS location, is now an OBS)"}]},{"id":"Location.managingOrganization","path":"Location.managingOrganization","short":"Organization responsible for provisioning and upkeep","definition":"The organization responsible for the provisioning and upkeep of the location.","comment":"This can also be used as the part of the organization hierarchy where this location provides services. These services can be defined through the HealthcareService resource.","requirements":"Need to know who manages the location.","min":1,"max":"1","base":{"path":"Location.managingOrganization","min":0,"max":"1"},"type":[{"code":"Reference","targetProfile":"http://hl7.org/fhir/us/shr/StructureDefinition/shr-core-Organization"}],"isSummary":true,"mapping":[{"identity":"rim","map":".scopingEntity[classCode=ORG determinerKind=INSTANCE]"}]},{"id":"Location.partOf","path":"Location.partOf","short":"Another Location this one is physically part of","definition":"Another Location which this Location is physically part of.","requirements":"For purposes of location, display and identification, knowing which locations are located within other locations is important.","min":0,"max":"1","type":[{"code":"Reference","targetProfile":"http://hl7.org/fhir/us/shr/StructureDefinition/shr-core-Location"}],"mapping":[{"identity":"rim","map":".inboundLink[typeCode=PART].source[classCode=SDLC]"}]}]},"differential":{"element":[{"id":"Location","path":"Location","short":"shr-core-Location","definition":"Services and space and equipment provided for a particular purpose; a building or place that provides a particular service or is used for a particular industry. Could be a clinical site, community site, or a mobile facility."},{"id":"Location.extension","path":"Location.extension","slicing":{"id":"1","discriminator":[{"type":"value","path":"url"}],"ordered":false,"rules":"open"}},{"id":"operationalstatus","path":"Location.extension","sliceName":"operationalstatus","definition":"The operational status covers operation values most relevant to beds (but can also apply to rooms/units/chairs/etc. such as an isolation unit/dialysis chair). This typically covers concepts such as contamination, housekeeping, and other activities like maintenance.","min":0,"max":"1","base":{"path":"Location.extension","min":0,"max":"*"},"type":[{"code":"Extension","profile":"http://hl7.org/fhir/us/shr/StructureDefinition/shr-core-OperationalStatus-extension"}]},{"id":"alias","path":"Location.extension","sliceName":"alias","definition":"A list of alternate names the subject is or was known as.","min":0,"max":"*","base":{"path":"Location.extension","min":0,"max":"*"},"type":[{"code":"Extension","profile":"http://hl7.org/fhir/us/shr/StructureDefinition/shr-core-Alias-extension"}]},{"id":"mobilefacility","path":"Location.extension","sliceName":"mobilefacility","definition":"A facility that moves from place to place, such as Meals-On-Wheels.","min":0,"max":"1","base":{"path":"Location.extension","min":0,"max":"*"},"type":[{"code":"Extension","profile":"http://hl7.org/fhir/us/shr/StructureDefinition/shr-core-MobileFacility-extension"}]},{"id":"Location.name","path":"Location.name","min":1,"max":"1","base":{"path":"Location.name","min":0,"max":"1"}},{"id":"Location.type","path":"Location.type","min":1,"max":"1","base":{"path":"Location.type","min":0,"max":"1"}},{"id":"Location.managingOrganization","path":"Location.managingOrganization","min":1,"max":"1","base":{"path":"Location.managingOrganization","min":0,"max":"1"},"type":[{"code":"Reference","targetProfile":"http://hl7.org/fhir/us/shr/StructureDefinition/shr-core-Organization"}]},{"id":"Location.partOf","path":"Location.partOf","type":[{"code":"Reference","targetProfile":"http://hl7.org/fhir/us/shr/StructureDefinition/shr-core-Location"}]}]}}