{"resourceType":"ValueSet","id":"oncocore-TNMTumorStagingSystemVS","text":{"status":"generated","div":"<div xmlns=\"http://www.w3.org/1999/xhtml\">\n<p><b>TNMTumorStagingSystemVS ValueSet</b></p>\n<p>System used for TNM classification. Includes the following codes:\nSCT#444256004 'American Joint Commission on Cancer, Cancer Staging Manual, 6th edition neoplasm staging system (tumor staging)'\nSCT#443830009 'American Joint Commission on Cancer, Cancer Staging Manual, 7th edition neoplasm staging system (tumor staging'\n#AJCC8 'American Joint Commission on Cancer, Cancer Staging Manual, 8th edition neoplasm staging system (tumor staging)'\nSCT#258235000 'International Union Against Cancer (tumor staging)'</p>\n</div>"},"url":"http://hl7.org/fhir/us/mcode/oncocore/vs/TNMTumorStagingSystemVS","identifier":[{"system":"http://hl7.org/fhir/us/mcode","value":"oncocore.TNMTumorStagingSystemVS"}],"version":"0.9.0 draft candidate 1","name":"TNMTumorStagingSystemVS","status":"draft","date":"2019-04-08T00:00:00-04:00","publisher":"The MITRE Corporation","contact":[{"telecom":[{"system":"other","value":"http://standardhealthrecord.org"}]}],"description":"System used for TNM classification. Includes the following codes:\nSCT#444256004 'American Joint Commission on Cancer, Cancer Staging Manual, 6th edition neoplasm staging system (tumor staging)'\nSCT#443830009 'American Joint Commission on Cancer, Cancer Staging Manual, 7th edition neoplasm staging system (tumor staging'\n#AJCC8 'American Joint Commission on Cancer, Cancer Staging Manual, 8th edition neoplasm staging system (tumor staging)'\nSCT#258235000 'International Union Against Cancer (tumor staging)'","immutable":false,"compose":{"include":[{"system":"http://snomed.info/sct","concept":[{"code":"444256004","display":"American Joint Commission on Cancer, Cancer Staging Manual, 6th edition neoplasm staging system (tumor staging)"},{"code":"443830009","display":"American Joint Commission on Cancer, Cancer Staging Manual, 7th edition neoplasm staging system (tumor staging)"},{"code":"258235000","display":"International Union Against Cancer (tumor staging)"}]},{"system":"http://hl7.org/fhir/us/mcode/oncocore/cs/TNMTumorStagingSystemCS"}]}}