{"resourceType":"ValueSet","id":"shr-core-BodyHeightLengthMethodVS","text":{"status":"generated","div":"<div xmlns=\"http://www.w3.org/1999/xhtml\">\n<p><b>BodyHeightLengthMethodVS ValueSet</b></p>\n<p>Method used to determine body height or length.</p>\n</div>"},"url":"http://hl7.org/fhir/us/mcode/shr/core/vs/BodyHeightLengthMethodVS","identifier":[{"system":"http://hl7.org/fhir/us/mcode","value":"shr.core.BodyHeightLengthMethodVS"}],"version":"0.9.0 draft candidate 1","name":"BodyHeightLengthMethodVS","status":"draft","date":"2019-04-08T00:00:00-04:00","publisher":"The MITRE Corporation","contact":[{"telecom":[{"system":"other","value":"http://standardhealthrecord.org"}]}],"description":"Method used to determine body height or length.","immutable":false,"compose":{"include":[{"system":"http://snomed.info/sct","concept":[{"code":"414135002","display":"Estimated"},{"code":"51791000","display":"Measuring tape"},{"code":"462588003","display":"Patient-height measure"}]}]}}