{"resourceType":"ValueSet","id":"shr-core-ConditionCategoryVS","text":{"status":"generated","div":"<div xmlns=\"http://www.w3.org/1999/xhtml\">\n<p><b>ConditionCategoryVS ValueSet</b></p>\n<p>A category assigned to the condition, for example, a disease, concern, symptom, functional impairment, or structural abnormality. Based on http://fhir.org/guides/argonaut/ValueSet/condition-category but with SNOMED CT codes.</p>\n</div>"},"url":"http://hl7.org/fhir/us/mcode/shr/core/vs/ConditionCategoryVS","identifier":[{"system":"http://hl7.org/fhir/us/mcode","value":"shr.core.ConditionCategoryVS"}],"version":"0.9.0","name":"ConditionCategoryVS","status":"draft","date":"2019-04-17T00:00:00-04:00","publisher":"The MITRE Corporation","contact":[{"telecom":[{"system":"other","value":"http://standardhealthrecord.org"}]}],"description":"A category assigned to the condition, for example, a disease, concern, symptom, functional impairment, or structural abnormality. Based on http://fhir.org/guides/argonaut/ValueSet/condition-category but with SNOMED CT codes.","immutable":false,"compose":{"include":[{"system":"http://snomed.info/sct","concept":[{"code":"64572001","display":"Disease"},{"code":"40226000","display":"Impairment"},{"code":"49755003","display":"Morphologic abnormality"},{"code":"48694002","display":"Anxiety (a concern about something that may or may not have yet been manifested)."},{"code":"55607006","display":"Problem (a difficulty the patient has or is experiencing)"},{"code":"409586006","display":"Complaint (a symptom or condition the patient considers an issue to be addressed)"},{"code":"439401001","display":"Diagnosis"}]}]}}