{"resourceType":"ValueSet","id":"onco-core-CancerDiseaseStatusEvidenceTypeVS","text":{"status":"generated","div":"<div xmlns=\"http://www.w3.org/1999/xhtml\">\n<p><b>CancerDiseaseStatusEvidenceTypeVS ValueSet</b></p>\n<p>The type of evidence backing up the clinical determination of cancer progression.</p>\n</div>"},"url":"http://mcodeinitiative.org/us/mcode/ValueSet/onco-core-CancerDiseaseStatusEvidenceTypeVS","version":"0.9.1","name":"CancerDiseaseStatusEvidenceTypeVS","status":"draft","date":"2019-10-23T00:00:00-04:00","publisher":"The MITRE Corporation","contact":[{"telecom":[{"system":"other","value":"http://standardhealthrecord.org"}]}],"description":"The type of evidence backing up the clinical determination of cancer progression.","immutable":false,"compose":{"include":[{"system":"http://snomed.info/sct","concept":[{"code":"363679005","display":"Imaging (procedure)"},{"code":"252416005","display":"Histopathology test (procedure)"},{"code":"711015009","display":"Assessment of symptom control (procedure)"},{"code":"5880005","display":"Physical examination procedure (procedure)"},{"code":"250724005","display":"Tumor marker measurement (procedure)"},{"code":"386344002","display":"Laboratory data interpretation (procedure)"}]}]}}