{"resourceType":"ValueSet","id":"onco-core-TNMPrimaryTumorClassificationVS","text":{"status":"generated","div":"<div xmlns=\"http://www.w3.org/1999/xhtml\">\n<p><b>TNMPrimaryTumorClassificationVS ValueSet</b></p>\n<p>Classifications of the primary tumor according to TNM staging rules.</p>\n</div>"},"url":"http://hl7.org/fhir/us/mcode/onco/core/vs/TNMPrimaryTumorClassificationVS","identifier":[{"system":"http://hl7.org/fhir/us/mcode","value":"onco.core.TNMPrimaryTumorClassificationVS"}],"version":"0.9.0 Beta 1","name":"TNMPrimaryTumorClassificationVS","status":"draft","date":"2019-04-10T00:00:00-04:00","publisher":"The MITRE Corporation","contact":[{"telecom":[{"system":"other","value":"http://standardhealthrecord.org"}]}],"description":"Classifications of the primary tumor according to TNM staging rules.","immutable":false,"compose":{"include":[{"system":"http://snomed.info/sct","filter":[{"property":"concept","op":"is-a","value":"44401000"}]},{"system":"http://snomed.info/sct","filter":[{"property":"concept","op":"is-a","value":"23351008"}]},{"system":"http://snomed.info/sct","filter":[{"property":"concept","op":"is-a","value":"67673008"}]},{"system":"http://snomed.info/sct","filter":[{"property":"concept","op":"is-a","value":"14410001"}]},{"system":"http://snomed.info/sct","filter":[{"property":"concept","op":"is-a","value":"65565005"}]},{"system":"http://snomed.info/sct","concept":[{"code":"67101007","display":"TX category (finding)"},{"code":"58790005","display":"T0 category (finding)"}]}]}}