{"resourceType":"ValueSet","id":"shr-lab-ChoiceOfUnitsVS-g-per-dL","text":{"status":"generated","div":"<div xmlns=\"http://www.w3.org/1999/xhtml\">\n<p><b>ChoiceOfUnitsVS-g-per-dL ValueSet</b></p>\n<p>Choice of units for mass concentration.</p>\n</div>"},"url":"http://hl7.org/fhir/us/mcode/shr/lab/vs/ChoiceOfUnitsVS-g-per-dL","identifier":[{"system":"http://hl7.org/fhir/us/mcode","value":"shr.lab.ChoiceOfUnitsVS-g-per-dL"}],"version":"0.9.0 draft candidate 1","name":"ChoiceOfUnitsVS-g-per-dL","status":"draft","date":"2019-04-08T00:00:00-04:00","publisher":"The MITRE Corporation","contact":[{"telecom":[{"system":"other","value":"http://standardhealthrecord.org"}]}],"description":"Choice of units for mass concentration.","immutable":false,"compose":{"include":[{"system":"http://unitsofmeasure.org","concept":[{"code":"g/dL","display":"Grams per deciliter"},{"code":"g/L","display":"Grams per liter"},{"code":"mg/dL","display":"Milligrams per deciliter"}]}]}}