{"resourceType":"ValueSet","id":"obf-datatype-LandmarkTypeVS","text":{"status":"generated","div":"<div xmlns=\"http://www.w3.org/1999/xhtml\">\n<p><b>LandmarkTypeVS ValueSet</b></p>\n<p>The type of feature that constitutes the landmark, for example, particularly if the landmark is an acquired body structure or physical object. The landmark type value set is part of BodyLocation, a flexible structure that allows the location to be determined by a single code, or a code plus laterality and/or orientation. The body location can also be specified in relation to one or more body landmarks. SNOMED CT is used in all cases.\n\n* Code only: The code should include (precoordinate) laterality and/orientation to the degree necessary to completely specify the body location.\n* Code plus laterality and/or orientation: The basic code augmented by codes specifying the body side and/or anatomical orientation.\n* Relation to landmark: The location relative to a landmark is specified by:\n1. Establishing the location and type of landmark using a body site code and optional laterality/orientation, and\n2. Specifying the direction and distance from the landmark to the body location.\n\nNote that BodyLocation is a data type (a reusable structure), not a stand-alone entity. The concept is similar to how a postal address can apply to a person, location, or organization. This contrasts with FHIR's stand-alone BodySite (aka BodyStructure in r4) which 'is not ... intended for describing the type of anatomical location but rather a specific body site on a specific patient' (FHIR 3.5).</p>\n</div>"},"url":"http://mcodeinitiative.org/us/mcode/ValueSet/obf-datatype-LandmarkTypeVS","version":"0.9.1","name":"LandmarkTypeVS","status":"draft","date":"2019-10-23T00:00:00-04:00","publisher":"The MITRE Corporation","contact":[{"telecom":[{"system":"other","value":"http://standardhealthrecord.org"}]}],"description":"The type of feature that constitutes the landmark, for example, particularly if the landmark is an acquired body structure or physical object. The landmark type value set is part of BodyLocation, a flexible structure that allows the location to be determined by a single code, or a code plus laterality and/or orientation. The body location can also be specified in relation to one or more body landmarks. SNOMED CT is used in all cases.\n\n* Code only: The code should include (precoordinate) laterality and/orientation to the degree necessary to completely specify the body location.\n* Code plus laterality and/or orientation: The basic code augmented by codes specifying the body side and/or anatomical orientation.\n* Relation to landmark: The location relative to a landmark is specified by:\n1. Establishing the location and type of landmark using a body site code and optional laterality/orientation, and\n2. Specifying the direction and distance from the landmark to the body location.\n\nNote that BodyLocation is a data type (a reusable structure), not a stand-alone entity. The concept is similar to how a postal address can apply to a person, location, or organization. This contrasts with FHIR's stand-alone BodySite (aka BodyStructure in r4) which 'is not ... intended for describing the type of anatomical location but rather a specific body site on a specific patient' (FHIR 3.5).","immutable":false,"compose":{"include":[{"system":"http://snomed.info/sct","filter":[{"property":"concept","op":"is-a","value":"40388003"}]},{"system":"http://snomed.info/sct","concept":[{"code":"361083003","display":"Normal anatomy (body structure)"},{"code":"341000119102","display":"Tattoo of skin"},{"code":"275322007","display":"Scar"},{"code":"38033009","display":"Amputation stump (body structure)"},{"code":"13136005","display":"Injection site (morphologic abnormality)"},{"code":"43526002","display":"Operative site (morphologic abnormality)"}]}]}}