{"resourceType":"StructureDefinition","id":"shr-entity-RelatedPerson","text":{"status":"generated","div":"<div xmlns=\"http://www.w3.org/1999/xhtml\">\n  <p><b>RelatedPerson Profile</b></p>\n  <p>A person in a role defined in relationship to a patient</p>\n  <p><b>Mapping Summary</b></p>\n  <p><pre>shr.entity.RelatedPerson maps to RelatedPerson:\n  _Entry.EntryId maps to id\n  Language maps to language\n  Narrative maps to text\n  ImplicitRules maps to implicitRules\n  Metadata.VersionId maps to meta.versionId\n  Metadata.LastUpdated maps to meta.lastUpdated\n  Metadata.SecurityLabel maps to meta.security\n  Metadata.Tag maps to meta.tag\n  Identifier maps to identifier\n  Active maps to extension\n  Person.HumanName maps to name\n  Person.DateOfBirth maps to birthDate\n  Person.AdministrativeGender maps to gender\n  Person.Address maps to address\n  Person.PhotographicImage maps to photo\n  Person.ContactPoint maps to telecom\n  RelationshipToPatient maps to relationship\n  EffectiveTimePeriod maps to period\n</pre></p>\n</div>"},"url":"http://hl7.org/fhir/us/fhirURL/StructureDefinition/shr-entity-RelatedPerson","identifier":[{"system":"http://hl7.org/fhir/us/projectURL","value":"shr.entity.RelatedPerson"}],"version":"0.2.0","name":"RelatedPerson","title":"shr-entity-RelatedPerson","status":"draft","date":"2019-02-07T00:00:00-05:00","publisher":"The MITRE Corporation","contact":[{"telecom":[{"system":"other","value":"http://www.hl7.org/Special/committees/cic/index.cfm"}]}],"description":"A person in a role defined in relationship to a patient","purpose":"Need to track persons related to the patient or the healthcare process.","fhirVersion":"1.0.2","mapping":[{"identity":"rim","uri":"http://hl7.org/v3","name":"RIM"},{"identity":"w5","uri":"http://hl7.org/fhir/w5","name":"W5 Mapping"},{"identity":"v2","uri":"http://hl7.org/v2","name":"HL7 v2"}],"kind":"resource","abstract":false,"type":"RelatedPerson","baseDefinition":"http://hl7.org/fhir/StructureDefinition/RelatedPerson","derivation":"constraint","snapshot":{"element":[{"id":"RelatedPerson","path":"RelatedPerson","short":"shr-entity-RelatedPerson","definition":"A person in a role defined in relationship to a patient","min":0,"max":"*","mapping":[{"identity":"rim","map":"role"},{"identity":"w5","map":"administrative.individual"}]},{"id":"RelatedPerson.id","path":"RelatedPerson.id","short":"Logical id of this artifact","definition":"The logical id of the resource, as used in the URL for the resource. Once assigned, this value never changes.","comment":"The only time that a resource does not have an id is when it is being submitted to the server using a create operation. Bundles always have an id, though it is usually a generated UUID.","min":0,"max":"1","type":[{"code":"id"}],"isSummary":true,"mapping":[{"identity":"shr","map":"<_Entry>.<shr.base.EntryId>"}]},{"id":"RelatedPerson.meta","path":"RelatedPerson.meta","short":"Metadata about the resource","definition":"The metadata about the resource. This is content that is maintained by the infrastructure. Changes to the content may not always be associated with version changes to the resource.","min":0,"max":"1","type":[{"code":"Meta"}],"isSummary":true},{"id":"RelatedPerson.meta.id","path":"RelatedPerson.meta.id","representation":["xmlAttr"],"short":"xml:id (or equivalent in JSON)","definition":"unique id for the element within a resource (for internal references).","min":0,"max":"1","type":[{"code":"id"}],"mapping":[{"identity":"rim","map":"n/a"}]},{"id":"RelatedPerson.meta.extension","path":"RelatedPerson.meta.extension","short":"Additional Content defined by implementations","definition":"May be used to represent additional information that is not part of the basic definition of the element. In order to make the use of extensions safe and manageable, there is a strict set of governance  applied to the definition and use of extensions. Though any implementer is allowed to define an extension, there is a set of requirements that SHALL be met as part of the definition of the extension.","comment":"There can be no stigma associated with the use of extensions by any application, project, or standard - regardless of the institution or jurisdiction that uses or defines the extensions.  The use of extensions is what allows the FHIR specification to retain a core level of simplicity for everyone.","alias":["extensions","user content"],"min":0,"max":"*","type":[{"code":"Extension"}],"mapping":[{"identity":"rim","map":"n/a"}]},{"id":"RelatedPerson.meta.versionId","path":"RelatedPerson.meta.versionId","short":"Version specific identifier","definition":"The version specific identifier, as it appears in the version portion of the URL. This values changes when the resource is created, updated, or deleted.","comment":"The server assigns this value, and ignores what the client specifies, except in the case that the server is imposing version integrity on updates/deletes.","min":0,"max":"1","type":[{"code":"id"}],"isSummary":true,"mapping":[{"identity":"shr","map":"<shr.base.Metadata>.<shr.base.VersionId>"}]},{"id":"RelatedPerson.meta.lastUpdated","path":"RelatedPerson.meta.lastUpdated","short":"When the resource version last changed","definition":"When the resource last changed - e.g. when the version changed.","comment":"This value is always populated except when the resource is first being created. The server / resource manager sets this value; what a client provides is irrelevant.","min":0,"max":"1","type":[{"code":"instant"}],"isSummary":true,"mapping":[{"identity":"shr","map":"<shr.base.Metadata>.<shr.base.LastUpdated>"}]},{"id":"RelatedPerson.meta.profile","path":"RelatedPerson.meta.profile","short":"Profiles this resource claims to conform to","definition":"A list of profiles [[[StructureDefinition]]]s that this resource claims to conform to. The URL is a reference to [[[StructureDefinition.url]]].","comment":"It is up to the server and/or other infrastructure of policy to determine whether/how these claims are verified and/or updated over time.  The list of profile URLs is a set.","min":0,"max":"*","type":[{"code":"uri"}],"isSummary":true},{"id":"RelatedPerson.meta.security","path":"RelatedPerson.meta.security","short":"Security Labels applied to this resource","definition":"Security labels applied to this resource. These tags connect specific resources to the overall security policy and infrastructure.","comment":"The security labels can be updated without changing the stated version of the resource  The list of security labels is a set. Uniqueness is based the system/code, and version and display are ignored.","min":0,"max":"*","type":[{"code":"Coding"}],"isSummary":true,"binding":{"strength":"extensible","description":"Security Labels from the Healthcare Privacy and Security Classification System.","valueSetReference":{"reference":"http://hl7.org/fhir/ValueSet/security-labels"}},"mapping":[{"identity":"shr","map":"<shr.base.Metadata>.<shr.base.SecurityLabel>"}]},{"id":"RelatedPerson.meta.tag","path":"RelatedPerson.meta.tag","short":"Tags applied to this resource","definition":"Tags applied to this resource. Tags are intended to be used to identify and relate resources to process and workflow, and applications are not required to consider the tags when interpreting the meaning of a resource.","comment":"The tags can be updated without changing the stated version of the resource.  The list of tags is a set. Uniqueness is based the system/code, and version and display are ignored.","min":0,"max":"*","type":[{"code":"Coding"}],"isSummary":true,"binding":{"strength":"example","description":"Codes that represent various types of tags, commonly workflow-related; e.g. \"Needs review by Dr. Jones\""},"mapping":[{"identity":"shr","map":"<shr.base.Metadata>.<shr.base.Tag>"}]},{"id":"RelatedPerson.implicitRules","path":"RelatedPerson.implicitRules","short":"A set of rules under which this content was created","definition":"A reference to a set of rules that were followed when the resource was constructed, and which must be understood when processing the content.","comment":"Asserting this rule set restricts the content to be only understood by a limited set of trading partners. This inherently limits the usefulness of the data in the long term. However, the existing health eco-system is highly fractured, and not yet ready to define, collect, and exchange data in a generally computable sense. Wherever possible, implementers and/or specification writers should avoid using this element as much as possible.","min":0,"max":"1","type":[{"code":"uri"}],"isModifier":true,"isSummary":true,"mapping":[{"identity":"shr","map":"<shr.base.ImplicitRules>"}]},{"id":"RelatedPerson.language","path":"RelatedPerson.language","short":"Language of the resource content","definition":"The base language in which the resource is written.","comment":"Language is provided to support indexing and accessibility (typically, services such as text to speech use the language tag). The html language tag in the narrative applies  to the narrative. The language tag on the resource may be used to specify the language of other presentations generated from the data in the resource  Not all the content has to be in the base language. The Resource.language should not be assumed to apply to the narrative automatically. If a language is specified, it should it also be specified on the div element in the html (see rules in HTML5 for information about the relationship between xml:lang and the html lang attribute).","min":0,"max":"1","type":[{"code":"code"}],"binding":{"strength":"required","description":"A human language.","valueSetReference":{"reference":"http://tools.ietf.org/html/bcp47"}},"mapping":[{"identity":"shr","map":"<shr.base.Language>"}]},{"id":"RelatedPerson.text","path":"RelatedPerson.text","short":"Text summary of the resource, for human interpretation","definition":"A human-readable narrative that contains a summary of the resource, and may be used to represent the content of the resource to a human. The narrative need not encode all the structured data, but is required to contain sufficient detail to make it \"clinically safe\" for a human to just read the narrative. Resource definitions may define what content should be represented in the narrative to ensure clinical safety.","comment":"Contained resources do not have narrative. Resources that are not contained SHOULD have a narrative.","alias":["narrative","html","xhtml","display"],"min":0,"max":"1","type":[{"code":"Narrative"}],"condition":["dom-1"],"mapping":[{"identity":"rim","map":"Act.text?"},{"identity":"shr","map":"<shr.base.Narrative>"}]},{"id":"RelatedPerson.contained","path":"RelatedPerson.contained","short":"Contained, inline Resources","definition":"These resources do not have an independent existence apart from the resource that contains them - they cannot be identified independently, and nor can they have their own independent transaction scope.","comment":"This should never be done when the content can be identified properly, as once identification is lost, it is extremely difficult (and context dependent) to restore it again.","alias":["inline resources","anonymous resources","contained resources"],"min":0,"max":"*","type":[{"code":"Resource"}],"mapping":[{"identity":"rim","map":"N/A"}]},{"id":"RelatedPerson.extension","path":"RelatedPerson.extension","slicing":{"id":"1","discriminator":[{"type":"value","path":"url"}],"ordered":false,"rules":"open"},"short":"Additional Content defined by implementations","definition":"May be used to represent additional information that is not part of the basic definition of the resource. In order to make the use of extensions safe and manageable, there is a strict set of governance  applied to the definition and use of extensions. Though any implementer is allowed to define an extension, there is a set of requirements that SHALL be met as part of the definition of the extension.","comment":"There can be no stigma associated with the use of extensions by any application, project, or standard - regardless of the institution or jurisdiction that uses or defines the extensions.  The use of extensions is what allows the FHIR specification to retain a core level of simplicity for everyone.","alias":["extensions","user content"],"min":0,"max":"*","type":[{"code":"Extension"}],"mapping":[{"identity":"rim","map":"N/A"}]},{"id":"active","path":"RelatedPerson.extension","sliceName":"active","definition":"A flag that indicates whether the resource record is active, or inactive and ignored for all but historical purposes.","min":0,"max":"1","base":{"path":"RelatedPerson.extension","min":0,"max":"*"},"type":[{"code":"Extension","profile":"http://hl7.org/fhir/us/fhirURL/StructureDefinition/shr-base-Active-extension"}],"mapping":[{"identity":"shr","map":"<shr.base.Active>"}]},{"id":"RelatedPerson.modifierExtension","path":"RelatedPerson.modifierExtension","short":"Extensions that cannot be ignored","definition":"May be used to represent additional information that is not part of the basic definition of the resource, and that modifies the understanding of the element that contains it. Usually modifier elements provide negation or qualification. In order to make the use of extensions safe and manageable, there is a strict set of governance applied to the definition and use of extensions. Though any implementer is allowed to define an extension, there is a set of requirements that SHALL be met as part of the definition of the extension. Applications processing a resource are required to check for modifier extensions.","comment":"There can be no stigma associated with the use of extensions by any application, project, or standard - regardless of the institution or jurisdiction that uses or defines the extensions.  The use of extensions is what allows the FHIR specification to retain a core level of simplicity for everyone.","alias":["extensions","user content"],"min":0,"max":"*","type":[{"code":"Extension"}],"isModifier":true,"mapping":[{"identity":"rim","map":"N/A"}]},{"id":"RelatedPerson.identifier","path":"RelatedPerson.identifier","short":"A human identifier for this person","definition":"Identifier for a person within a particular scope.","requirements":"People are known by a variety of ids. Some institutions maintain several, and most collect identifiers for exchange with other organizations concerning the patient. Examples are national person identifier and local identifier.","min":0,"max":"*","type":[{"code":"Identifier"}],"isSummary":true,"mapping":[{"identity":"v2","map":"NK1-33"},{"identity":"rim","map":"id"},{"identity":"w5","map":"id"},{"identity":"shr","map":"<shr.core.Identifier>"}]},{"id":"RelatedPerson.patient","path":"RelatedPerson.patient","short":"The patient this person is related to","definition":"The patient this person is related to.","requirements":"We need to know which patient this RelatedPerson is related to.","min":1,"max":"1","type":[{"code":"Reference","targetProfile":"http://hl7.org/fhir/StructureDefinition/Patient"}],"isSummary":true,"mapping":[{"identity":"v2","map":"PID-3"},{"identity":"rim","map":"scoper[classCode=PSN|ANM and determinerCode='INSTANCE']/playedRole[classCode='PAT']/id"}]},{"id":"RelatedPerson.relationship","path":"RelatedPerson.relationship","short":"The nature of the relationship","definition":"The nature of the relationship between a patient and the related person.","requirements":"We need to know the relationship with the patient since it influences the interpretation of the information attributed to this person.","min":0,"max":"1","type":[{"code":"CodeableConcept"}],"isSummary":true,"binding":{"strength":"required","description":"The nature of the relationship between a patient and the related person","valueSetReference":{"reference":"http://hl7.org/fhir/ValueSet/relatedperson-relationshiptype"}},"mapping":[{"identity":"v2","map":"NK1-3"},{"identity":"rim","map":"code"},{"identity":"w5","map":"class"},{"identity":"shr","map":"<shr.entity.RelationshipToPatient>"}]},{"id":"RelatedPerson.name","path":"RelatedPerson.name","short":"A name associated with the person","definition":"A name associated with the person.","requirements":"Related persons need to be identified by name, but it is uncommon to need details about multiple other names for that person.","min":0,"max":"1","type":[{"code":"HumanName","profile":"http://hl7.org/fhir/us/fhirURL/StructureDefinition/shr-core-HumanName"}],"isSummary":true,"mapping":[{"identity":"v2","map":"NK1-2"},{"identity":"rim","map":"name"},{"identity":"shr","map":"<shr.entity.Person>.<shr.core.HumanName>"}]},{"id":"RelatedPerson.telecom","path":"RelatedPerson.telecom","short":"A contact detail for the person","definition":"A contact detail for the person, e.g. a telephone number or an email address.","comment":"Person may have multiple ways to be contacted with different uses or applicable periods.  May need to have options for contacting the person urgently, and also to help with identification.","requirements":"People have (primary) ways to contact them in some way such as phone, email.","min":0,"max":"*","type":[{"code":"ContactPoint"}],"isSummary":true,"mapping":[{"identity":"v2","map":"NK1-5 / NK1-6 / NK1-40"},{"identity":"rim","map":"telecom"},{"identity":"shr","map":"<shr.entity.Person>.<shr.core.ContactPoint>"}]},{"id":"RelatedPerson.gender","path":"RelatedPerson.gender","short":"male | female | other | unknown","definition":"Administrative Gender - the gender that the person is considered to have for administration and record keeping purposes.","requirements":"Needed for identification of the person, in combination with (at least) name and birth date.","min":0,"max":"1","type":[{"code":"code"}],"isSummary":true,"binding":{"strength":"required","description":"The gender of a person used for administrative purposes.","valueSetReference":{"reference":"http://hl7.org/fhir/ValueSet/administrative-gender"}},"mapping":[{"identity":"v2","map":"NK1-15"},{"identity":"rim","map":"administrativeGender"},{"identity":"shr","map":"<shr.entity.Person>.<shr.entity.AdministrativeGender>"}]},{"id":"RelatedPerson.birthDate","path":"RelatedPerson.birthDate","short":"The date on which the related person was born","definition":"The date on which the related person was born.","min":0,"max":"1","type":[{"code":"date"}],"isSummary":true,"mapping":[{"identity":"shr","map":"<shr.entity.Person>.<shr.entity.DateOfBirth>"}]},{"id":"RelatedPerson.address","path":"RelatedPerson.address","short":"Address where the related person can be contacted or visited","definition":"Address where the related person can be contacted or visited.","requirements":"Need to keep track where the related person can be contacted per postal mail or visited.","min":0,"max":"*","type":[{"code":"Address"}],"isSummary":true,"mapping":[{"identity":"v2","map":"NK1-4"},{"identity":"rim","map":"addr"},{"identity":"shr","map":"<shr.entity.Person>.<shr.core.Address>"}]},{"id":"RelatedPerson.photo","path":"RelatedPerson.photo","short":"Image of the person","definition":"Image of the person.","requirements":"Many EHR systems have the capability to capture an image of persons. Fits with newer social media usage too.","min":0,"max":"*","type":[{"code":"Attachment"}],"mapping":[{"identity":"v2","map":"OBX-5 - needs a profile"},{"identity":"rim","map":"player[classCode='PSN' and determinerCode='INSTANCE']/desc"},{"identity":"shr","map":"<shr.entity.Person>.<shr.core.PhotographicImage>"}]},{"id":"RelatedPerson.period","path":"RelatedPerson.period","short":"Period of time that this relationship is considered valid","definition":"The period of time that this relationship is considered to be valid. If there are no dates defined, then the interval is unknown.","min":0,"max":"1","type":[{"code":"Period"}],"mapping":[{"identity":"w5","map":"when.done"},{"identity":"shr","map":"<shr.core.EffectiveTimePeriod>"}]}]},"differential":{"element":[{"id":"RelatedPerson","path":"RelatedPerson","short":"shr-entity-RelatedPerson","definition":"A person in a role defined in relationship to a patient"},{"id":"RelatedPerson.id","path":"RelatedPerson.id","mapping":[{"identity":"shr","map":"<_Entry>.<shr.base.EntryId>"}]},{"id":"RelatedPerson.meta","path":"RelatedPerson.meta"},{"id":"RelatedPerson.meta.versionId","path":"RelatedPerson.meta.versionId","mapping":[{"identity":"shr","map":"<shr.base.Metadata>.<shr.base.VersionId>"}]},{"id":"RelatedPerson.meta.lastUpdated","path":"RelatedPerson.meta.lastUpdated","mapping":[{"identity":"shr","map":"<shr.base.Metadata>.<shr.base.LastUpdated>"}]},{"id":"RelatedPerson.meta.security","path":"RelatedPerson.meta.security","mapping":[{"identity":"shr","map":"<shr.base.Metadata>.<shr.base.SecurityLabel>"}]},{"id":"RelatedPerson.meta.tag","path":"RelatedPerson.meta.tag","mapping":[{"identity":"shr","map":"<shr.base.Metadata>.<shr.base.Tag>"}]},{"id":"RelatedPerson.implicitRules","path":"RelatedPerson.implicitRules","mapping":[{"identity":"shr","map":"<shr.base.ImplicitRules>"}]},{"id":"RelatedPerson.language","path":"RelatedPerson.language","mapping":[{"identity":"shr","map":"<shr.base.Language>"}]},{"id":"RelatedPerson.text","path":"RelatedPerson.text","mapping":[{"identity":"shr","map":"<shr.base.Narrative>"}]},{"id":"RelatedPerson.extension","path":"RelatedPerson.extension","slicing":{"id":"1","discriminator":[{"type":"value","path":"url"}],"ordered":false,"rules":"open"}},{"id":"active","path":"RelatedPerson.extension","sliceName":"active","definition":"A flag that indicates whether the resource record is active, or inactive and ignored for all but historical purposes.","min":0,"max":"1","base":{"path":"RelatedPerson.extension","min":0,"max":"*"},"type":[{"code":"Extension","profile":"http://hl7.org/fhir/us/fhirURL/StructureDefinition/shr-base-Active-extension"}],"mapping":[{"identity":"shr","map":"<shr.base.Active>"}]},{"id":"RelatedPerson.identifier","path":"RelatedPerson.identifier","mapping":[{"identity":"shr","map":"<shr.core.Identifier>"}]},{"id":"RelatedPerson.relationship","path":"RelatedPerson.relationship","mapping":[{"identity":"shr","map":"<shr.entity.RelationshipToPatient>"}]},{"id":"RelatedPerson.name","path":"RelatedPerson.name","type":[{"code":"HumanName","profile":"http://hl7.org/fhir/us/fhirURL/StructureDefinition/shr-core-HumanName"}],"mapping":[{"identity":"shr","map":"<shr.entity.Person>.<shr.core.HumanName>"}]},{"id":"RelatedPerson.telecom","path":"RelatedPerson.telecom","mapping":[{"identity":"shr","map":"<shr.entity.Person>.<shr.core.ContactPoint>"}]},{"id":"RelatedPerson.gender","path":"RelatedPerson.gender","mapping":[{"identity":"shr","map":"<shr.entity.Person>.<shr.entity.AdministrativeGender>"}]},{"id":"RelatedPerson.birthDate","path":"RelatedPerson.birthDate","mapping":[{"identity":"shr","map":"<shr.entity.Person>.<shr.entity.DateOfBirth>"}]},{"id":"RelatedPerson.address","path":"RelatedPerson.address","mapping":[{"identity":"shr","map":"<shr.entity.Person>.<shr.core.Address>"}]},{"id":"RelatedPerson.photo","path":"RelatedPerson.photo","mapping":[{"identity":"shr","map":"<shr.entity.Person>.<shr.core.PhotographicImage>"}]},{"id":"RelatedPerson.period","path":"RelatedPerson.period","mapping":[{"identity":"shr","map":"<shr.core.EffectiveTimePeriod>"}]}]}}