{"resourceType":"StructureDefinition","id":"shr-base-CommunicationMethod-extension","text":{"status":"generated","div":"<div xmlns=\"http://www.w3.org/1999/xhtml\">\n  <p><b>CommunicationMethod Extension</b></p>\n  <p>This is the method the provider used to communicate. Examples include: Written, Telephoned, Verbal, Electronically Entered, Policy, Service Correction, Duplicate, etc. 'Code indicating the origin of the prescription.' - NCPDP Telecommunication (Field 419-DJ, Data Dictionary 201104). Possible values include: Written; Telephone; Electronic; Facsimile; Pharmacy; Not Known.</p>\n</div>"},"url":"http://hl7.org/fhir/us/fhirURL/StructureDefinition/shr-base-CommunicationMethod-extension","identifier":[{"system":"http://hl7.org/fhir/us/projectURL","value":"shr.base.CommunicationMethod"}],"version":"0.2.0","name":"CommunicationMethod","title":"shr-base-CommunicationMethod","status":"draft","date":"2019-02-07T00:00:00-05:00","publisher":"The MITRE Corporation","contact":[{"telecom":[{"system":"other","value":"http://www.hl7.org/Special/committees/cic/index.cfm"}]}],"description":"This is the method the provider used to communicate. Examples include: Written, Telephoned, Verbal, Electronically Entered, Policy, Service Correction, Duplicate, etc. 'Code indicating the origin of the prescription.' - NCPDP Telecommunication (Field 419-DJ, Data Dictionary 201104). Possible values include: Written; Telephone; Electronic; Facsimile; Pharmacy; Not Known.","fhirVersion":"1.0.2","kind":"complex-type","abstract":false,"contextType":"resource","context":["*"],"type":"Extension","baseDefinition":"http://hl7.org/fhir/StructureDefinition/Extension","derivation":"constraint","snapshot":{"element":[{"id":"Extension","path":"Extension","short":"CommunicationMethod","definition":"This is the method the provider used to communicate. Examples include: Written, Telephoned, Verbal, Electronically Entered, Policy, Service Correction, Duplicate, etc. 'Code indicating the origin of the prescription.' - NCPDP Telecommunication (Field 419-DJ, Data Dictionary 201104). Possible values include: Written; Telephone; Electronic; Facsimile; Pharmacy; Not Known.","min":0,"max":"*","base":{"path":"Extension","min":0,"max":"1"}},{"id":"Extension.id","path":"Extension.id","representation":["xmlAttr"],"short":"xml:id (or equivalent in JSON)","definition":"unique id for the element within a resource (for internal references). This may be any string value that does not contain spaces.","min":0,"max":"1","base":{"path":"Element.id","min":0,"max":"1"},"type":[{"code":"string"}],"mapping":[{"identity":"rim","map":"N/A"}]},{"id":"extension","path":"Extension.extension","short":"Extension","definition":"An Extension","min":0,"max":"0","base":{"path":"Element.extension","min":0,"max":"*"},"type":[{"code":"Extension"}]},{"id":"Extension.url","path":"Extension.url","representation":["xmlAttr"],"short":"identifies the meaning of the extension","definition":"Source of the definition for the extension code - a logical name or a URL.","min":1,"max":"1","base":{"path":"Extension.url","min":1,"max":"1"},"type":[{"code":"uri"}],"fixedUri":"http://hl7.org/fhir/us/fhirURL/StructureDefinition/shr-base-CommunicationMethod-extension","mapping":[{"identity":"rim","map":"N/A"}]},{"id":"Extension.valueCodeableConcept","path":"Extension.valueCodeableConcept","short":"Value of extension","definition":"Value of extension - may be a resource or one of a constrained set of the data types (see Extensibility in the spec for list).","min":1,"max":"1","base":{"path":"Extension.value[x]","min":0,"max":"1"},"type":[{"code":"CodeableConcept"}],"mapping":[{"identity":"rim","map":"N/A"}]}]},"differential":{"element":[{"id":"Extension","path":"Extension","short":"CommunicationMethod","definition":"This is the method the provider used to communicate. Examples include: Written, Telephoned, Verbal, Electronically Entered, Policy, Service Correction, Duplicate, etc. 'Code indicating the origin of the prescription.' - NCPDP Telecommunication (Field 419-DJ, Data Dictionary 201104). Possible values include: Written; Telephone; Electronic; Facsimile; Pharmacy; Not Known.","min":0,"max":"*"},{"id":"Extension.extension","path":"Extension.extension","max":"0"},{"id":"Extension.url","path":"Extension.url","type":[{"code":"uri"}],"fixedUri":"http://hl7.org/fhir/us/fhirURL/StructureDefinition/shr-base-CommunicationMethod-extension"},{"id":"Extension.valueCodeableConcept","path":"Extension.valueCodeableConcept","min":1,"type":[{"code":"CodeableConcept"}]}]}}