{"resourceType":"StructureDefinition","id":"shr-core-MedicationRequest","text":{"status":"generated","div":"<div xmlns=\"http://www.w3.org/1999/xhtml\">\n  <p><b>MedicationRequest Profile</b></p>\n  <p>An order for a medication to be dispensed and instructions for use.\nValue sets for status are in direct conflict between DSTU2 Argonaut and STU3 US-Core.\nCategory does not exist in DSTU2 and is provided as an extension.\nIntent was added in STU3 and is provided as an extension with required binding.</p>\n  <p><b>Mapping Summary</b></p>\n  <p><pre>shr.core.MedicationRequest maps to http://fhir.org/guides/argonaut/StructureDefinition/argo-medicationorder:\n  _Entry.EntryId maps to id\n  Language maps to language\n  Narrative maps to text\n  ImplicitRules maps to implicitRules\n  Metadata.VersionId maps to meta.versionId\n  Metadata.LastUpdated maps to meta.lastUpdated\n  Metadata.SecurityLabel maps to meta.security\n  Metadata.Tag maps to meta.tag\n  PatientSubjectOfRecord maps to patient\n  CareContext maps to encounter\n  StatementDateTime maps to dateWritten\n  Identifier maps to identifier\n  MedicationRequester maps to prescriber\n  RequestIntent maps to extension\n  Medication maps to medication[x]\n  NumberOfRefillsAllowed maps to dispenseRequest.numberOfRepeatsAllowed\n  QuantityPerDispense maps to dispenseRequest.quantity\n  SupplyDuration maps to dispenseRequest.expectedSupplyDuration\n  constrain dosageInstruction to 0..1\n  ReasonCode maps to reason[x]\n  Status maps to status\n  ExpectedPerformanceTime maps to dispenseRequest.validityPeriod\n  Annotation.Text maps to note\n  constrain note to 0..1\n  Dosage.DoseAmount maps to dosageInstruction.dose[x]\n  Dosage.TimingOfDoses maps to dosageInstruction.timing\n  Dosage.AsNeededIndicator maps to dosageInstruction.asNeeded[x]\n  Dosage.DosageInstructionsText maps to dosageInstruction.text\n  Dosage.RouteIntoBody maps to dosageInstruction.route\n  Dosage.DosageMethod maps to dosageInstruction.method\n  Dosage.DosageBodySite.BodySiteCode maps to dosageInstruction.site[x]\n  Dosage.MaximumDosePerTimePeriod maps to dosageInstruction.maxDosePerPeriod\n  SubstitutionAllowed maps to substitution.extension\n  SubstitutionReason maps to substitution.reason\n</pre></p>\n</div>"},"url":"http://hl7.org/fhir/us/shr/StructureDefinition/shr-core-MedicationRequest","identifier":[{"system":"http://hl7.org/fhir/us/projectURL","value":"shr.core.MedicationRequest"}],"version":"0.7.0","name":"MedicationRequest","title":"shr-core-MedicationRequest","status":"draft","date":"2019-03-13T00:00:00-04:00","publisher":"The MITRE Corporation","contact":[{"telecom":[{"system":"other","value":"http://www.hl7.org/Special/committees/cic/index.cfm"}]}],"description":"An order for a medication to be dispensed and instructions for use.\nValue sets for status are in direct conflict between DSTU2 Argonaut and STU3 US-Core.\nCategory does not exist in DSTU2 and is provided as an extension.\nIntent was added in STU3 and is provided as an extension with required binding.","fhirVersion":"1.0.2","mapping":[{"identity":"rim","uri":"http://hl7.org/v3","name":"RIM"},{"identity":"w5","uri":"http://hl7.org/fhir/w5","name":"W5 Mapping"},{"identity":"v2","uri":"http://hl7.org/v2","name":"HL7 v2"}],"kind":"resource","abstract":false,"type":"MedicationOrder","baseDefinition":"http://fhir.org/guides/argonaut/StructureDefinition/argo-medicationorder","derivation":"constraint","snapshot":{"element":[{"id":"argoprofile","path":"MedicationOrder","short":"shr-core-MedicationRequest","definition":"An order for a medication to be dispensed and instructions for use.\nValue sets for status are in direct conflict between DSTU2 Argonaut and STU3 US-Core.\nCategory does not exist in DSTU2 and is provided as an extension.\nIntent was added in STU3 and is provided as an extension with required binding.","alias":["Prescription"],"min":0,"max":"*","base":{"path":"MedicationOrder","min":0,"max":"*"},"maxLength":0,"mustSupport":false,"isModifier":false,"isSummary":false,"mapping":[{"identity":"rim","map":"CombinedMedicationRequest"},{"identity":"w5","map":"clinical.medication"}]},{"id":"MedicationOrder:argoprofile.id","path":"MedicationOrder.id","short":"Logical id of this artifact","definition":"The logical id of the resource, as used in the URL for the resource. Once assigned, this value never changes.","comment":"The only time that a resource does not have an id is when it is being submitted to the server using a create operation. Bundles always have an id, though it is usually a generated UUID.","min":0,"max":"1","base":{"path":"MedicationOrder.id","min":0,"max":"1"},"type":[{"code":"id"}],"maxLength":0,"mustSupport":false,"isModifier":false,"isSummary":true},{"id":"MedicationOrder:argoprofile.meta","path":"MedicationOrder.meta","short":"Metadata about the resource","definition":"The metadata about the resource. This is content that is maintained by the infrastructure. Changes to the content may not always be associated with version changes to the resource.","min":0,"max":"1","base":{"path":"MedicationOrder.meta","min":0,"max":"1"},"type":[{"code":"Meta"}],"maxLength":0,"mustSupport":false,"isModifier":false,"isSummary":true},{"id":"MedicationOrder.meta.id","path":"MedicationOrder.meta.id","representation":["xmlAttr"],"short":"xml:id (or equivalent in JSON)","definition":"unique id for the element within a resource (for internal references).","min":0,"max":"1","type":[{"code":"id"}],"mapping":[{"identity":"rim","map":"n/a"}]},{"id":"MedicationOrder.meta.extension","path":"MedicationOrder.meta.extension","short":"Additional Content defined by implementations","definition":"May be used to represent additional information that is not part of the basic definition of the element. In order to make the use of extensions safe and manageable, there is a strict set of governance  applied to the definition and use of extensions. Though any implementer is allowed to define an extension, there is a set of requirements that SHALL be met as part of the definition of the extension.","comment":"There can be no stigma associated with the use of extensions by any application, project, or standard - regardless of the institution or jurisdiction that uses or defines the extensions.  The use of extensions is what allows the FHIR specification to retain a core level of simplicity for everyone.","alias":["extensions","user content"],"min":0,"max":"*","type":[{"code":"Extension"}],"mapping":[{"identity":"rim","map":"n/a"}]},{"id":"MedicationOrder.meta.versionId","path":"MedicationOrder.meta.versionId","short":"Version specific identifier","definition":"The version specific identifier, as it appears in the version portion of the URL. This values changes when the resource is created, updated, or deleted.","comment":"The server assigns this value, and ignores what the client specifies, except in the case that the server is imposing version integrity on updates/deletes.","min":0,"max":"1","type":[{"code":"id"}],"isSummary":true},{"id":"MedicationOrder.meta.lastUpdated","path":"MedicationOrder.meta.lastUpdated","short":"When the resource version last changed","definition":"When the resource last changed - e.g. when the version changed.","comment":"This value is always populated except when the resource is first being created. The server / resource manager sets this value; what a client provides is irrelevant.","min":0,"max":"1","type":[{"code":"instant"}],"isSummary":true},{"id":"MedicationOrder.meta.profile","path":"MedicationOrder.meta.profile","short":"Profiles this resource claims to conform to","definition":"A list of profiles [[[StructureDefinition]]]s that this resource claims to conform to. The URL is a reference to [[[StructureDefinition.url]]].","comment":"It is up to the server and/or other infrastructure of policy to determine whether/how these claims are verified and/or updated over time.  The list of profile URLs is a set.","min":0,"max":"*","type":[{"code":"uri"}],"isSummary":true},{"id":"MedicationOrder.meta.security","path":"MedicationOrder.meta.security","short":"Security Labels applied to this resource","definition":"Security labels applied to this resource. These tags connect specific resources to the overall security policy and infrastructure.","comment":"The security labels can be updated without changing the stated version of the resource  The list of security labels is a set. Uniqueness is based the system/code, and version and display are ignored.","min":0,"max":"*","type":[{"code":"Coding"}],"isSummary":true,"binding":{"strength":"extensible","description":"Security Labels from the Healthcare Privacy and Security Classification System.","valueSetReference":{"reference":"http://hl7.org/fhir/ValueSet/security-labels"}}},{"id":"MedicationOrder.meta.tag","path":"MedicationOrder.meta.tag","short":"Tags applied to this resource","definition":"Tags applied to this resource. Tags are intended to be used to identify and relate resources to process and workflow, and applications are not required to consider the tags when interpreting the meaning of a resource.","comment":"The tags can be updated without changing the stated version of the resource.  The list of tags is a set. Uniqueness is based the system/code, and version and display are ignored.","min":0,"max":"*","type":[{"code":"Coding"}],"isSummary":true,"binding":{"strength":"example","description":"Codes that represent various types of tags, commonly workflow-related; e.g. \"Needs review by Dr. Jones\""}},{"id":"MedicationOrder:argoprofile.implicitRules","path":"MedicationOrder.implicitRules","short":"A set of rules under which this content was created","definition":"A reference to a set of rules that were followed when the resource was constructed, and which must be understood when processing the content.","comment":"Asserting this rule set restricts the content to be only understood by a limited set of trading partners. This inherently limits the usefulness of the data in the long term. However, the existing health eco-system is highly fractured, and not yet ready to define, collect, and exchange data in a generally computable sense. Wherever possible, implementers and/or specification writers should avoid using this element as much as possible.","min":0,"max":"1","base":{"path":"MedicationOrder.implicitRules","min":0,"max":"1"},"type":[{"code":"uri"}],"maxLength":0,"mustSupport":false,"isModifier":true,"isSummary":true},{"id":"MedicationOrder:argoprofile.language","path":"MedicationOrder.language","short":"Language of the resource content","definition":"The base language in which the resource is written.","comment":"Language is provided to support indexing and accessibility (typically, services such as text to speech use the language tag). The html language tag in the narrative applies  to the narrative. The language tag on the resource may be used to specify the language of other presentations generated from the data in the resource  Not all the content has to be in the base language. The Resource.language should not be assumed to apply to the narrative automatically. If a language is specified, it should it also be specified on the div element in the html (see rules in HTML5 for information about the relationship between xml:lang and the html lang attribute).","min":0,"max":"1","base":{"path":"MedicationOrder.language","min":0,"max":"1"},"type":[{"code":"code"}],"maxLength":0,"mustSupport":false,"isModifier":false,"isSummary":false,"binding":{"strength":"required","description":"A human language.","valueSetReference":{"reference":"http://tools.ietf.org/html/bcp47"}}},{"id":"MedicationOrder:argoprofile.text","path":"MedicationOrder.text","short":"Text summary of the resource, for human interpretation","definition":"A human-readable narrative that contains a summary of the resource, and may be used to represent the content of the resource to a human. The narrative need not encode all the structured data, but is required to contain sufficient detail to make it \"clinically safe\" for a human to just read the narrative. Resource definitions may define what content should be represented in the narrative to ensure clinical safety.","comment":"Contained resources do not have narrative. Resources that are not contained SHOULD have a narrative.","alias":["narrative","html","xhtml","display"],"min":0,"max":"1","base":{"path":"MedicationOrder.text","min":0,"max":"1"},"type":[{"code":"Narrative"}],"maxLength":0,"condition":["dom-1"],"mustSupport":false,"isModifier":false,"isSummary":false,"mapping":[{"identity":"rim","map":"Act.text?"}]},{"id":"MedicationOrder:argoprofile.contained","path":"MedicationOrder.contained","short":"Contained, inline Resources","definition":"These resources do not have an independent existence apart from the resource that contains them - they cannot be identified independently, and nor can they have their own independent transaction scope.","comment":"This should never be done when the content can be identified properly, as once identification is lost, it is extremely difficult (and context dependent) to restore it again.","alias":["inline resources","anonymous resources","contained resources"],"min":0,"max":"*","base":{"path":"MedicationOrder.contained","min":0,"max":"*"},"type":[{"code":"Resource"}],"maxLength":0,"mustSupport":false,"isModifier":false,"isSummary":false,"mapping":[{"identity":"rim","map":"N/A"}]},{"id":"MedicationOrder:argoprofile.extension","path":"MedicationOrder.extension","sliceName":"MedicationOrder:argoprofile.extension","slicing":{"id":"3","discriminator":[{"type":"value","path":"url"}],"ordered":false,"rules":"open"},"short":"Additional Content defined by implementations","definition":"May be used to represent additional information that is not part of the basic definition of the resource. In order to make the use of extensions safe and manageable, there is a strict set of governance  applied to the definition and use of extensions. Though any implementer is allowed to define an extension, there is a set of requirements that SHALL be met as part of the definition of the extension.","comment":"There can be no stigma associated with the use of extensions by any application, project, or standard - regardless of the institution or jurisdiction that uses or defines the extensions.  The use of extensions is what allows the FHIR specification to retain a core level of simplicity for everyone.","alias":["extensions","user content"],"min":1,"max":"*","base":{"path":"MedicationOrder.extension","min":0,"max":"*"},"type":[{"code":"Extension"}],"maxLength":0,"mustSupport":false,"isModifier":false,"isSummary":false,"mapping":[{"identity":"rim","map":"N/A"}]},{"id":"requestintent","path":"MedicationOrder.extension","sliceName":"requestintent","definition":"Indicates the level of authority/intentionality associated with the request and where the request fits into the workflow chain.","min":1,"max":"1","base":{"path":"MedicationOrder.extension","min":0,"max":"*"},"type":[{"code":"Extension","profile":"http://hl7.org/fhir/us/shr/StructureDefinition/shr-core-RequestIntent-extension"}],"maxLength":0,"mustSupport":false,"isModifier":false,"isSummary":false},{"id":"MedicationOrder.extension.id","path":"MedicationOrder.extension.id","representation":["xmlAttr"],"short":"xml:id (or equivalent in JSON)","definition":"unique id for the element within a resource (for internal references). This may be any string value that does not contain spaces.","min":0,"max":"1","base":{"path":"Element.id","min":0,"max":"1"},"type":[{"code":"string"}],"mapping":[{"identity":"rim","map":"N/A"}]},{"id":"extension","path":"MedicationOrder.extension.extension","short":"Extension","definition":"An Extension","min":0,"max":"0","base":{"path":"Element.extension","min":0,"max":"*"},"type":[{"code":"Extension"}]},{"id":"MedicationOrder.extension.url","path":"MedicationOrder.extension.url","representation":["xmlAttr"],"short":"identifies the meaning of the extension","definition":"Source of the definition for the extension code - a logical name or a URL.","min":1,"max":"1","base":{"path":"Extension.url","min":1,"max":"1"},"type":[{"code":"uri"}],"fixedUri":"http://hl7.org/fhir/us/shr/StructureDefinition/shr-core-RequestIntent-extension","mapping":[{"identity":"rim","map":"N/A"}]},{"id":"MedicationOrder.extension.valueCodeableConcept","path":"MedicationOrder.extension.valueCodeableConcept","short":"Value of extension","definition":"Value of extension - may be a resource or one of a constrained set of the data types (see Extensibility in the spec for list).","min":1,"max":"1","base":{"path":"Extension.value[x]","min":0,"max":"1"},"type":[{"code":"CodeableConcept"}],"binding":{"strength":"required","valueSetReference":{"reference":"http://hl7.org/fhir/ValueSet/medication-request-intent"}},"mapping":[{"identity":"rim","map":"N/A"}]},{"id":"reasonreference","path":"MedicationOrder.extension","sliceName":"reasonreference","definition":"The justification, as reference to a condition or observation.","min":0,"max":"1","base":{"path":"MedicationOrder.extension","min":0,"max":"*"},"type":[{"code":"Extension","profile":"http://hl7.org/fhir/us/shr/StructureDefinition/shr-core-ReasonReference-extension"}],"maxLength":0,"mustSupport":false,"isModifier":false,"isSummary":false},{"id":"MedicationOrder.extension.id","path":"MedicationOrder.extension.id","representation":["xmlAttr"],"short":"xml:id (or equivalent in JSON)","definition":"unique id for the element within a resource (for internal references). This may be any string value that does not contain spaces.","min":0,"max":"1","base":{"path":"Element.id","min":0,"max":"1"},"type":[{"code":"string"}],"mapping":[{"identity":"rim","map":"N/A"}]},{"id":"extension","path":"MedicationOrder.extension.extension","short":"Extension","definition":"An Extension","min":0,"max":"0","base":{"path":"Element.extension","min":0,"max":"*"},"type":[{"code":"Extension"}]},{"id":"MedicationOrder.extension.url","path":"MedicationOrder.extension.url","representation":["xmlAttr"],"short":"identifies the meaning of the extension","definition":"Source of the definition for the extension code - a logical name or a URL.","min":1,"max":"1","base":{"path":"Extension.url","min":1,"max":"1"},"type":[{"code":"uri"}],"fixedUri":"http://hl7.org/fhir/us/shr/StructureDefinition/shr-core-ReasonReference-extension","mapping":[{"identity":"rim","map":"N/A"}]},{"id":"MedicationOrder.extension.value[x]","path":"MedicationOrder.extension.value[x]","short":"Value of extension","definition":"Value of extension - may be a resource or one of a constrained set of the data types (see Extensibility in the spec for list).","min":1,"max":"1","base":{"path":"Extension.value[x]","min":0,"max":"1"},"type":[{"code":"Reference","targetProfile":"http://hl7.org/fhir/us/shr/StructureDefinition/shr-core-Condition"},{"code":"Reference","targetProfile":"http://hl7.org/fhir/us/shr/StructureDefinition/shr-core-Observation"}],"mapping":[{"identity":"rim","map":"N/A"}]},{"id":"type","path":"MedicationOrder.extension","sliceName":"type","definition":"A code describing the item at a greater level of detail.","min":0,"max":"1","base":{"path":"MedicationOrder.extension","min":0,"max":"*"},"type":[{"code":"Extension","profile":"http://hl7.org/fhir/us/shr/StructureDefinition/shr-core-Type-extension"}],"maxLength":0,"mustSupport":false,"isModifier":false,"isSummary":false},{"id":"MedicationOrder.extension.id","path":"MedicationOrder.extension.id","representation":["xmlAttr"],"short":"xml:id (or equivalent in JSON)","definition":"unique id for the element within a resource (for internal references). This may be any string value that does not contain spaces.","min":0,"max":"1","base":{"path":"Element.id","min":0,"max":"1"},"type":[{"code":"string"}],"mapping":[{"identity":"rim","map":"N/A"}]},{"id":"extension","path":"MedicationOrder.extension.extension","short":"Extension","definition":"An Extension","min":0,"max":"0","base":{"path":"Element.extension","min":0,"max":"*"},"type":[{"code":"Extension"}]},{"id":"MedicationOrder.extension.url","path":"MedicationOrder.extension.url","representation":["xmlAttr"],"short":"identifies the meaning of the extension","definition":"Source of the definition for the extension code - a logical name or a URL.","min":1,"max":"1","base":{"path":"Extension.url","min":1,"max":"1"},"type":[{"code":"uri"}],"fixedUri":"http://hl7.org/fhir/us/shr/StructureDefinition/shr-core-Type-extension","mapping":[{"identity":"rim","map":"N/A"}]},{"id":"MedicationOrder.extension.valueCodeableConcept","path":"MedicationOrder.extension.valueCodeableConcept","short":"Value of extension","definition":"Value of extension - may be a resource or one of a constrained set of the data types (see Extensibility in the spec for list).","min":1,"max":"1","base":{"path":"Extension.value[x]","min":0,"max":"1"},"type":[{"code":"CodeableConcept"}],"binding":{"strength":"preferred","valueSetReference":{"reference":"http://hl7.org/fhir/ValueSet/medication-admin-category"}},"mapping":[{"identity":"rim","map":"N/A"}]},{"id":"recipient","path":"MedicationOrder.extension","sliceName":"recipient","definition":"Who this request is being addressed to.","min":0,"max":"1","base":{"path":"MedicationOrder.extension","min":0,"max":"*"},"type":[{"code":"Extension","profile":"http://hl7.org/fhir/us/shr/StructureDefinition/shr-core-Recipient-extension"}],"maxLength":0,"mustSupport":false,"isModifier":false,"isSummary":false},{"id":"MedicationOrder.extension.id","path":"MedicationOrder.extension.id","representation":["xmlAttr"],"short":"xml:id (or equivalent in JSON)","definition":"unique id for the element within a resource (for internal references). This may be any string value that does not contain spaces.","min":0,"max":"1","base":{"path":"Element.id","min":0,"max":"1"},"type":[{"code":"string"}],"mapping":[{"identity":"rim","map":"N/A"}]},{"id":"extension","path":"MedicationOrder.extension.extension","short":"Extension","definition":"An Extension","min":0,"max":"0","base":{"path":"Element.extension","min":0,"max":"*"},"type":[{"code":"Extension"}]},{"id":"MedicationOrder.extension.url","path":"MedicationOrder.extension.url","representation":["xmlAttr"],"short":"identifies the meaning of the extension","definition":"Source of the definition for the extension code - a logical name or a URL.","min":1,"max":"1","base":{"path":"Extension.url","min":1,"max":"1"},"type":[{"code":"uri"}],"fixedUri":"http://hl7.org/fhir/us/shr/StructureDefinition/shr-core-Recipient-extension","mapping":[{"identity":"rim","map":"N/A"}]},{"id":"MedicationOrder.extension.value[x]","path":"MedicationOrder.extension.value[x]","short":"Value of extension","definition":"Value of extension - may be a resource or one of a constrained set of the data types (see Extensibility in the spec for list).","min":1,"max":"1","base":{"path":"Extension.value[x]","min":0,"max":"1"},"type":[{"code":"Reference","targetProfile":"http://hl7.org/fhir/us/shr/StructureDefinition/shr-core-Patient"},{"code":"Reference","targetProfile":"http://hl7.org/fhir/us/shr/StructureDefinition/shr-core-Practitioner"},{"code":"Reference","targetProfile":"http://hl7.org/fhir/us/shr/StructureDefinition/shr-core-RelatedPerson"},{"code":"Reference","targetProfile":"http://hl7.org/fhir/us/shr/StructureDefinition/shr-core-Organization"},{"code":"Reference","targetProfile":"http://hl7.org/fhir/us/shr/StructureDefinition/shr-core-Device"}],"mapping":[{"identity":"rim","map":"N/A"}]},{"id":"prioritycode","path":"MedicationOrder.extension","sliceName":"prioritycode","definition":"An indication of the importance of an action relative to other actions.","min":0,"max":"1","base":{"path":"MedicationOrder.extension","min":0,"max":"*"},"type":[{"code":"Extension","profile":"http://hl7.org/fhir/us/shr/StructureDefinition/shr-core-PriorityCode-extension"}],"maxLength":0,"mustSupport":false,"isModifier":false,"isSummary":false},{"id":"MedicationOrder.extension.id","path":"MedicationOrder.extension.id","representation":["xmlAttr"],"short":"xml:id (or equivalent in JSON)","definition":"unique id for the element within a resource (for internal references). This may be any string value that does not contain spaces.","min":0,"max":"1","base":{"path":"Element.id","min":0,"max":"1"},"type":[{"code":"string"}],"mapping":[{"identity":"rim","map":"N/A"}]},{"id":"extension","path":"MedicationOrder.extension.extension","short":"Extension","definition":"An Extension","min":0,"max":"0","base":{"path":"Element.extension","min":0,"max":"*"},"type":[{"code":"Extension"}]},{"id":"MedicationOrder.extension.url","path":"MedicationOrder.extension.url","representation":["xmlAttr"],"short":"identifies the meaning of the extension","definition":"Source of the definition for the extension code - a logical name or a URL.","min":1,"max":"1","base":{"path":"Extension.url","min":1,"max":"1"},"type":[{"code":"uri"}],"fixedUri":"http://hl7.org/fhir/us/shr/StructureDefinition/shr-core-PriorityCode-extension","mapping":[{"identity":"rim","map":"N/A"}]},{"id":"MedicationOrder.extension.value[x]","path":"MedicationOrder.extension.value[x]","short":"Value of extension","definition":"Value of extension - may be a resource or one of a constrained set of the data types (see Extensibility in the spec for list).","min":1,"max":"1","base":{"path":"Extension.value[x]","min":0,"max":"1"},"type":[{"code":"positiveInt"},{"code":"CodeableConcept"}],"binding":{"strength":"required","valueSetReference":{"reference":"http://hl7.org/fhir/ValueSet/medication-request-priority"}},"mapping":[{"identity":"rim","map":"N/A"}]},{"id":"MedicationOrder:argoprofile.modifierExtension","path":"MedicationOrder.modifierExtension","short":"Extensions that cannot be ignored","definition":"May be used to represent additional information that is not part of the basic definition of the resource, and that modifies the understanding of the element that contains it. Usually modifier elements provide negation or qualification. In order to make the use of extensions safe and manageable, there is a strict set of governance applied to the definition and use of extensions. Though any implementer is allowed to define an extension, there is a set of requirements that SHALL be met as part of the definition of the extension. Applications processing a resource are required to check for modifier extensions.","comment":"There can be no stigma associated with the use of extensions by any application, project, or standard - regardless of the institution or jurisdiction that uses or defines the extensions.  The use of extensions is what allows the FHIR specification to retain a core level of simplicity for everyone.","alias":["extensions","user content"],"min":0,"max":"*","base":{"path":"MedicationOrder.modifierExtension","min":0,"max":"*"},"type":[{"code":"Extension"}],"maxLength":0,"mustSupport":false,"isModifier":true,"isSummary":false,"mapping":[{"identity":"rim","map":"N/A"}]},{"id":"MedicationOrder:argoprofile.identifier","path":"MedicationOrder.identifier","short":"External identifier","definition":"External identifier - one that would be used by another non-FHIR system - for example a re-imbursement system might issue its own id for each prescription that is created.  This is particularly important where FHIR only provides part of an entire workflow process where records have to be tracked through an entire system.","min":0,"max":"*","base":{"path":"MedicationOrder.identifier","min":0,"max":"*"},"type":[{"code":"Identifier"}],"maxLength":0,"mustSupport":false,"isModifier":false,"isSummary":true,"mapping":[{"identity":"v2","map":"ORC-2-Placer Order Number / ORC-3-Filler Order Number"},{"identity":"rim","map":"id"},{"identity":"w5","map":"id"}]},{"id":"MedicationOrder:argoprofile.dateWritten","path":"MedicationOrder.dateWritten","short":"When prescription was authorized","definition":"The date (and perhaps time) when the prescription was written.","min":1,"max":"1","base":{"path":"MedicationOrder.dateWritten","min":0,"max":"1"},"type":[{"code":"dateTime"}],"maxLength":0,"mustSupport":true,"isModifier":false,"isSummary":false,"mapping":[{"identity":"v2","map":"RXE-32-Original Order Date/Time / ORC-9-Date/Time of Transaction"},{"identity":"rim","map":"author.time"},{"identity":"w5","map":"when.recorded"}]},{"id":"MedicationOrder:argoprofile.status","path":"MedicationOrder.status","short":"active | on-hold | completed | entered-in-error | stopped | draft","definition":"A code specifying the state of the order.  Generally this will be active or completed state.","min":1,"max":"1","base":{"path":"MedicationOrder.status","min":0,"max":"1"},"type":[{"code":"code"}],"maxLength":0,"mustSupport":true,"isModifier":true,"isSummary":false,"binding":{"strength":"required","description":"A code specifying the state of the prescribing event. Describes the lifecycle of the prescription.","valueSetReference":{"reference":"http://hl7.org/fhir/ValueSet/medication-order-status"}},"mapping":[{"identity":"rim","map":"statusCode"},{"identity":"w5","map":"status"}]},{"id":"MedicationOrder:argoprofile.dateEnded","path":"MedicationOrder.dateEnded","short":"When prescription was stopped","definition":"The date (and perhaps time) when the prescription was stopped.","min":0,"max":"1","base":{"path":"MedicationOrder.dateEnded","min":0,"max":"1"},"type":[{"code":"dateTime"}],"maxLength":0,"mustSupport":false,"isModifier":false,"isSummary":true},{"id":"MedicationOrder:argoprofile.reasonEnded","path":"MedicationOrder.reasonEnded","short":"Why prescription was stopped","definition":"The reason why the prescription was stopped, if it was.","min":0,"max":"1","base":{"path":"MedicationOrder.reasonEnded","min":0,"max":"1"},"type":[{"code":"CodeableConcept"}],"maxLength":0,"mustSupport":false,"isModifier":false,"isSummary":true,"binding":{"strength":"example","description":"Codes indicating why the medication was terminated; e.g. Adverse reaction, medication change, issue resolved, etc."}},{"id":"MedicationOrder:argoprofile.patient","path":"MedicationOrder.patient","short":"Who prescription is for","definition":"A link to a resource representing the person to whom the medication will be given.","comment":"SubstanceAdministration->subject->Patient.","min":1,"max":"1","base":{"path":"MedicationOrder.patient","min":0,"max":"1"},"type":[{"code":"Reference","targetProfile":"http://hl7.org/fhir/us/shr/StructureDefinition/shr-core-Patient"}],"maxLength":0,"mustSupport":true,"isModifier":false,"isSummary":false,"mapping":[{"identity":"v2","map":"PID-3-Patient ID List"},{"identity":"rim","map":"subject.role"},{"identity":"w5","map":"who.focus"}]},{"id":"MedicationOrder:argoprofile.prescriber","path":"MedicationOrder.prescriber","short":"Who ordered the medication(s)","definition":"The healthcare professional responsible for authorizing the prescription.","min":1,"max":"1","base":{"path":"MedicationOrder.prescriber","min":0,"max":"1"},"type":[{"code":"Reference","targetProfile":"http://hl7.org/fhir/us/shr/StructureDefinition/shr-core-Practitioner"}],"maxLength":0,"mustSupport":true,"isModifier":false,"isSummary":false,"mapping":[{"identity":"v2","map":"RXE-13-Ordering Provider's DEA Number / RXO-14-Ordering Provider's DEA Number / RXE-14-Pharmacist/Treatment Supplier's Verifier ID / RXO-15-Pharmacist/Treatment Supplier's Verifier ID / ORC-12-Ordering Provider / PRT-5-Participation Person: PRT-4-Participation='OP' (all but last deprecated)"},{"identity":"rim","map":"author.role"},{"identity":"w5","map":"who.actor"}]},{"id":"MedicationOrder:argoprofile.encounter","path":"MedicationOrder.encounter","short":"Created during encounter/admission/stay","definition":"A link to a resource that identifies the particular occurrence of contact between patient and health care provider.","comment":"SubstanceAdministration->component->EncounterEvent.","min":0,"max":"1","base":{"path":"MedicationOrder.encounter","min":0,"max":"1"},"type":[{"code":"Reference","targetProfile":"http://hl7.org/fhir/us/shr/StructureDefinition/shr-core-Encounter"}],"maxLength":0,"mustSupport":false,"isModifier":false,"isSummary":true,"mapping":[{"identity":"v2","map":"PV1-19-Visit Number"},{"identity":"rim","map":"componentOf.patientEncounter"},{"identity":"w5","map":"context"}]},{"id":"CodeableConcept","path":"MedicationOrder.reasonCodeableConcept","short":"Reason or indication for writing the prescription","definition":"Can be the reason or the indication for writing the prescription.","min":0,"max":"1","base":{"path":"MedicationOrder.reason[x]","min":0,"max":"1"},"type":[{"code":"CodeableConcept"}],"isSummary":true,"binding":{"strength":"example","valueSetReference":{"reference":"http://hl7.org/fhir/ValueSet/condition-code"}}},{"id":"MedicationOrder:argoprofile.note","path":"MedicationOrder.note","short":"Information about the prescription","definition":"Extra information about the prescription that could not be conveyed by the other attributes.","min":0,"max":"1","base":{"path":"MedicationOrder.note","min":0,"max":"1"},"type":[{"code":"string"}],"maxLength":0,"mustSupport":false,"isModifier":false,"isSummary":true},{"id":"MedicationOrder:argoprofile.medication[x]","path":"MedicationOrder.medicationReference","short":"Medication to be taken","definition":"Identifies the medication being administered. This is a link to a resource that represents the medication which may be the details of the medication or simply an attribute carrying a code that identifies the medication from a known list of medications.","comment":"If only a code is specified, then it needs to be a code for a specific product.  If more information is required, then the use of the medication resource is recommended.  Note: do not use Medication.name to describe the prescribed medication. When the only available information is a text description of the medication, Medication.code.text should be used.","min":1,"max":"1","base":{"path":"MedicationOrder.medication[x]","min":1,"max":"1"},"type":[{"code":"Reference","targetProfile":"http://hl7.org/fhir/us/shr/StructureDefinition/shr-core-Medication"}],"maxLength":0,"mustSupport":true,"isModifier":false,"isSummary":false,"binding":{"strength":"extensible","description":"Prescribable medications","valueSetReference":{"reference":"http://fhir.org/guides/argonaut/ValueSet/medication-codes"}},"mapping":[{"identity":"v2","map":"RXE-2-Give Code / RXO-1-Requested Give Code / RXC-2-Component Code"},{"identity":"rim","map":"consumable.administrableMedication"},{"identity":"w5","map":"what"}]},{"id":"MedicationOrder:argoprofile.dosageInstruction","path":"MedicationOrder.dosageInstruction","short":"How medication should be taken","definition":"Indicates how the medication is to be used by the patient.","comment":"When the dose or rate is intended to change over the entire administration period, e.g. Tapering dose prescriptions, multiple instances of dosage instructions will need to be supplied to convey the different doses/rates. Another common example in institutional settings is 'titration' of an IV medication dose to maintain a specific stated hemodynamic value or range e.g. drug x to be administered to maintain AM (arterial mean) greater than 65.","min":0,"max":"1","base":{"path":"MedicationOrder.dosageInstruction","min":0,"max":"*"},"type":[{"code":"BackboneElement"}],"maxLength":0,"mustSupport":false,"isModifier":false,"isSummary":true,"mapping":[{"identity":"rim","map":"component.substanceAdministrationRequest"}]},{"id":"MedicationOrder:argoprofile.dosageInstruction.id","path":"MedicationOrder.dosageInstruction.id","representation":["xmlAttr"],"short":"xml:id (or equivalent in JSON)","definition":"unique id for the element within a resource (for internal references).","min":0,"max":"1","base":{"path":"MedicationOrder.dosageInstruction.id","min":0,"max":"1"},"type":[{"code":"id"}],"maxLength":0,"mustSupport":false,"isModifier":false,"isSummary":false,"mapping":[{"identity":"rim","map":"n/a"}]},{"id":"MedicationOrder:argoprofile.dosageInstruction.extension","path":"MedicationOrder.dosageInstruction.extension","short":"Additional Content defined by implementations","definition":"May be used to represent additional information that is not part of the basic definition of the element. In order to make the use of extensions safe and manageable, there is a strict set of governance  applied to the definition and use of extensions. Though any implementer is allowed to define an extension, there is a set of requirements that SHALL be met as part of the definition of the extension.","comment":"There can be no stigma associated with the use of extensions by any application, project, or standard - regardless of the institution or jurisdiction that uses or defines the extensions.  The use of extensions is what allows the FHIR specification to retain a core level of simplicity for everyone.","alias":["extensions","user content"],"min":0,"max":"*","base":{"path":"MedicationOrder.dosageInstruction.extension","min":0,"max":"*"},"type":[{"code":"Extension"}],"maxLength":0,"mustSupport":false,"isModifier":false,"isSummary":false,"mapping":[{"identity":"rim","map":"n/a"}]},{"id":"MedicationOrder:argoprofile.dosageInstruction.modifierExtension","path":"MedicationOrder.dosageInstruction.modifierExtension","short":"Extensions that cannot be ignored","definition":"May be used to represent additional information that is not part of the basic definition of the element, and that modifies the understanding of the element that contains it. Usually modifier elements provide negation or qualification. In order to make the use of extensions safe and manageable, there is a strict set of governance applied to the definition and use of extensions. Though any implementer is allowed to define an extension, there is a set of requirements that SHALL be met as part of the definition of the extension. Applications processing a resource are required to check for modifier extensions.","comment":"There can be no stigma associated with the use of extensions by any application, project, or standard - regardless of the institution or jurisdiction that uses or defines the extensions.  The use of extensions is what allows the FHIR specification to retain a core level of simplicity for everyone.","alias":["extensions","user content","modifiers"],"min":0,"max":"*","base":{"path":"MedicationOrder.dosageInstruction.modifierExtension","min":0,"max":"*"},"type":[{"code":"Extension"}],"maxLength":0,"mustSupport":false,"isModifier":true,"isSummary":false,"mapping":[{"identity":"rim","map":"N/A"}]},{"id":"MedicationOrder:argoprofile.dosageInstruction.text","path":"MedicationOrder.dosageInstruction.text","short":"Dosage instructions expressed as text","definition":"Free text dosage instructions can be used for cases where the instructions are too complex to code.  The content of this attribute does not include the name or description of the medication. When coded instructions are present, the free text instructions may still be present for display to humans taking or administering the medication. It is expected that the text instructions will always be populated.  If the dosage.timing attribute is also populated, then the dosage.text should reflect the same information as the timing.","min":0,"max":"1","base":{"path":"MedicationOrder.dosageInstruction.text","min":0,"max":"1"},"type":[{"code":"string"}],"maxLength":0,"mustSupport":false,"isModifier":false,"isSummary":true,"mapping":[{"identity":"v2","map":"RXE-7.2-Provider's Administration Instructions.text / RXO-7.2-Provider's Administration Instructions.text / TQ1-10-Condition Text / TQ1-11-Text Instruction"},{"identity":"rim","map":"text"}]},{"id":"MedicationOrder:argoprofile.dosageInstruction.additionalInstructions","path":"MedicationOrder.dosageInstruction.additionalInstructions","short":"Supplemental instructions - e.g. \"with meals\"","definition":"Additional instructions such as \"Swallow with plenty of water\" which may or may not be coded.","min":0,"max":"1","base":{"path":"MedicationOrder.dosageInstruction.additionalInstructions","min":0,"max":"1"},"type":[{"code":"CodeableConcept"}],"maxLength":0,"mustSupport":false,"isModifier":false,"isSummary":true,"binding":{"strength":"example","description":"Codes identifying additional instructions such as \"take with water\" or \"avoid operating heavy machinery\"."},"mapping":[{"identity":"v2","map":"RXE-7.2-Provider's Administration Instructions.text / RXO-7.2-Provider's Administration Instructions.text / TQ1-10-Condition Text / TQ1-11-Text Instruction"},{"identity":"rim","map":"component.substanceAdministrationRequest.text"}]},{"id":"MedicationOrder:argoprofile.dosageInstruction.timing","path":"MedicationOrder.dosageInstruction.timing","short":"When medication should be administered","definition":"The timing schedule for giving the medication to the patient. The Schedule data type allows many different expressions. For example: \"Every 8 hours\"; \"Three times a day\"; \"1/2 an hour before breakfast for 10 days from 23-Dec 2011:\"; \"15 Oct 2013, 17 Oct 2013 and 1 Nov 2013\".","comment":"This attribute may not always be populated while the DosageInstruction.text is expected to be populated.  If both are populated, then the DosageInstruction.text should reflect the content of the Dosage.timing.","min":0,"max":"1","base":{"path":"MedicationOrder.dosageInstruction.timing","min":0,"max":"1"},"type":[{"code":"Timing","profile":"http://hl7.org/fhir/us/shr/StructureDefinition/shr-core-Timing"}],"maxLength":0,"mustSupport":false,"isModifier":false,"isSummary":true,"mapping":[{"identity":"v2","map":"TQ1-X / ORC Quantity/timing"},{"identity":"rim","map":"effectiveTime"}]},{"id":"MedicationOrder:argoprofile.dosageInstruction.asNeeded[x]","path":"MedicationOrder.dosageInstruction.asNeeded[x]","sliceName":"MedicationOrder:argoprofile.dosageInstruction.asNeeded[x]","slicing":{"id":"1","discriminator":[{"type":"type","path":"$this"}],"ordered":false,"rules":"open"},"short":"Take \"as needed\" (for x)","definition":"Indicates whether the Medication is only taken when needed within a specific dosing schedule (Boolean option), or it indicates the precondition for taking the Medication (CodeableConcept).","comment":"Specifically if 'boolean' datatype is selected, then the following logic applies:  If set to True, this indicates that the medication is only taken when needed, within the specified schedule.","min":0,"max":"1","base":{"path":"MedicationOrder.dosageInstruction.asNeeded[x]","min":0,"max":"1"},"type":[{"code":"boolean"},{"code":"CodeableConcept"}],"maxLength":0,"mustSupport":false,"isModifier":false,"isSummary":true,"binding":{"strength":"example","description":"A coded concept identifying the precondition that should be met or evaluated prior to consuming or administering a medication dose.  For example \"pain\", \"30 minutes prior to sexual intercourse\", \"on flare-up\" etc."},"mapping":[{"identity":"rim","map":"boolean: precondition.negationInd (inversed - so negationInd = true means asNeeded=false  CodeableConcept: precondition.observationEventCriterion[code=\"Assertion\"].value"}]},{"id":"CodeableConcept","path":"MedicationOrder.dosageInstruction.asNeededCodeableConcept","short":"Take \"as needed\" (for x)","definition":"Indicates whether the Medication is only taken when needed within a specific dosing schedule (Boolean option), or it indicates the precondition for taking the Medication (CodeableConcept).","min":0,"max":"1","base":{"path":"MedicationOrder.dosageInstruction.asNeeded[x]","min":0,"max":"1"},"type":[{"code":"CodeableConcept"}],"isSummary":true,"binding":{"strength":"example","valueSetReference":{"reference":"http://hl7.org/fhir/ValueSet/medication-as-needed-reason"}}},{"id":"CodeableConcept","path":"MedicationOrder.dosageInstruction.siteCodeableConcept","short":"Body site to administer to","definition":"A coded specification of the anatomic site where the medication first enters the body.","min":0,"max":"1","base":{"path":"MedicationOrder.dosageInstruction.site[x]","min":0,"max":"1"},"type":[{"code":"CodeableConcept"}],"isSummary":true,"binding":{"strength":"preferred","valueSetReference":{"reference":"http://hl7.org/fhir/us/projectURL/shr/core/vs/BodySiteVS"}}},{"id":"MedicationOrder:argoprofile.dosageInstruction.route","path":"MedicationOrder.dosageInstruction.route","short":"How drug should enter body","definition":"A code specifying the route or physiological path of administration of a therapeutic agent into or onto a patient's body.","min":0,"max":"1","base":{"path":"MedicationOrder.dosageInstruction.route","min":0,"max":"1"},"type":[{"code":"CodeableConcept"}],"maxLength":0,"mustSupport":false,"isModifier":false,"isSummary":true,"binding":{"strength":"required","description":"A coded concept describing the route or physiological path of administration of a therapeutic agent into or onto the body of a subject.","valueSetReference":{"reference":"http://hl7.org/fhir/ValueSet/route-codes"}},"mapping":[{"identity":"v2","map":"RXR-1-Route"},{"identity":"rim","map":"routeCode"}]},{"id":"MedicationOrder:argoprofile.dosageInstruction.method","path":"MedicationOrder.dosageInstruction.method","short":"Technique for administering medication","definition":"A coded value indicating the method by which the medication is introduced into or onto the body. Most commonly used for injections.  For examples, Slow Push; Deep IV.","comment":"Terminologies used often pre-coordinate this term with the route and or form of administration.","min":0,"max":"1","base":{"path":"MedicationOrder.dosageInstruction.method","min":0,"max":"1"},"type":[{"code":"CodeableConcept"}],"maxLength":0,"mustSupport":false,"isModifier":false,"isSummary":true,"binding":{"strength":"required","valueSetReference":{"reference":"http://hl7.org/fhir/ValueSet/administration-method-codes"}},"mapping":[{"identity":"v2","map":"RXR-4-Administration Method"},{"identity":"rim","map":"methodCode"}]},{"id":"MedicationOrder:argoprofile.dosageInstruction.dose[x]","path":"MedicationOrder.dosageInstruction.dose[x]","short":"Amount of medication per dose","definition":"The amount of therapeutic or other substance given at one administration event.","comment":"Note that this specifies the quantity of the specified medication, not the quantity for each active ingredient(s). Each ingredient amount can be communicated in the Medication resource. For example, if one wants to communicate that a tablet was 375 mg, where the dose was one tablet, you can use the Medication resource to document that the tablet was comprised of 375 mg of drug XYZ. Alternatively if the dose was 375 mg, then you may only need to use the Medication resource to indicate this was a tablet. If the example were an IV such as dopamine and you wanted to communicate that 400mg of dopamine was mixed in 500 ml of some IV solution, then this would all be communicated in the Medication resource. If the administration is not intended to be instantaneous (rate is present or timing has a duration), this can be specified to convey the total amount to be administered over the period of time as indicated by the schedule e.g. 500 ml in dose, with timing used to convey that this should be done over 4 hours.","min":0,"max":"1","base":{"path":"MedicationOrder.dosageInstruction.dose[x]","min":0,"max":"1"},"type":[{"code":"Range"},{"code":"Quantity","profile":"http://hl7.org/fhir/StructureDefinition/SimpleQuantity"}],"maxLength":0,"mustSupport":false,"isModifier":false,"isSummary":true,"mapping":[{"identity":"v2","map":"RXE-23-Give Rate Amount / RXE-24.1-Give Rate Units.code / RXE-24.3-Give Rate Units.name of coding system"},{"identity":"rim","map":"doseQuantity"}]},{"id":"MedicationOrder:argoprofile.dosageInstruction.rate[x]","path":"MedicationOrder.dosageInstruction.rate[x]","short":"Amount of medication per unit of time","definition":"Identifies the speed with which the medication was or will be introduced into the patient. Typically the rate for an infusion e.g. 100 ml per 1 hour or 100 ml/hr.  May also be expressed as a rate per unit of time e.g. 500 ml per 2 hours.   Currently we do not specify a default of '1' in the denominator, but this is being discussed. Other examples: 200 mcg/min or 200 mcg/1 minute; 1 liter/8 hours.","comment":"It is possible to supply both a rate and a doseQuantity to provide full details about how the medication is to be administered and supplied. If the rate is intended to change over time, depending on local rules/regulations, each change should be captured as a new version of the MedicationOrder with an updated rate, or captured with a new MedicationOrder with the new rate.","min":0,"max":"1","base":{"path":"MedicationOrder.dosageInstruction.rate[x]","min":0,"max":"1"},"type":[{"code":"Ratio"},{"code":"Range"}],"maxLength":0,"mustSupport":false,"isModifier":false,"isSummary":true,"mapping":[{"identity":"v2","map":"RXE-22-Give Per (Time Unit)"},{"identity":"rim","map":"rateQuantity"}]},{"id":"MedicationOrder:argoprofile.dosageInstruction.maxDosePerPeriod","path":"MedicationOrder.dosageInstruction.maxDosePerPeriod","short":"Upper limit on medication per unit of time","definition":"The maximum total quantity of a therapeutic substance that may be administered to a subject over the period of time.  For example, 1000mg in 24 hours.","comment":"This is intended for use as an adjunct to the dosage when there is an upper cap.  For example \"2 tablets every 4 hours to a maximum of 8/day\".","min":0,"max":"1","base":{"path":"MedicationOrder.dosageInstruction.maxDosePerPeriod","min":0,"max":"1"},"type":[{"code":"Ratio"}],"maxLength":0,"mustSupport":false,"isModifier":false,"isSummary":true,"mapping":[{"identity":"v2","map":"RXE-4-Give Amount - Maximum / RXE-5-Give Units"},{"identity":"rim","map":"maxDoseQuantity"}]},{"id":"MedicationOrder:argoprofile.dispenseRequest","path":"MedicationOrder.dispenseRequest","short":"Medication supply authorization","definition":"Indicates the specific details for the dispense or medication supply part of a medication order (also known as a Medication Prescription).  Note that this information is NOT always sent with the order.  There may be in some settings (e.g. hospitals) institutional or system support for completing the dispense details in the pharmacy department.","min":0,"max":"1","base":{"path":"MedicationOrder.dispenseRequest","min":0,"max":"1"},"type":[{"code":"BackboneElement"}],"maxLength":0,"mustSupport":false,"isModifier":false,"isSummary":true,"mapping":[{"identity":"rim","map":"component.supplyEvent"}]},{"id":"MedicationOrder:argoprofile.dispenseRequest.id","path":"MedicationOrder.dispenseRequest.id","representation":["xmlAttr"],"short":"xml:id (or equivalent in JSON)","definition":"unique id for the element within a resource (for internal references).","min":0,"max":"1","base":{"path":"MedicationOrder.dispenseRequest.id","min":0,"max":"1"},"type":[{"code":"id"}],"maxLength":0,"mustSupport":false,"isModifier":false,"isSummary":false,"mapping":[{"identity":"rim","map":"n/a"}]},{"id":"MedicationOrder:argoprofile.dispenseRequest.extension","path":"MedicationOrder.dispenseRequest.extension","short":"Additional Content defined by implementations","definition":"May be used to represent additional information that is not part of the basic definition of the element. In order to make the use of extensions safe and manageable, there is a strict set of governance  applied to the definition and use of extensions. Though any implementer is allowed to define an extension, there is a set of requirements that SHALL be met as part of the definition of the extension.","comment":"There can be no stigma associated with the use of extensions by any application, project, or standard - regardless of the institution or jurisdiction that uses or defines the extensions.  The use of extensions is what allows the FHIR specification to retain a core level of simplicity for everyone.","alias":["extensions","user content"],"min":0,"max":"*","base":{"path":"MedicationOrder.dispenseRequest.extension","min":0,"max":"*"},"type":[{"code":"Extension"}],"maxLength":0,"mustSupport":false,"isModifier":false,"isSummary":false,"mapping":[{"identity":"rim","map":"n/a"}]},{"id":"MedicationOrder:argoprofile.dispenseRequest.modifierExtension","path":"MedicationOrder.dispenseRequest.modifierExtension","short":"Extensions that cannot be ignored","definition":"May be used to represent additional information that is not part of the basic definition of the element, and that modifies the understanding of the element that contains it. Usually modifier elements provide negation or qualification. In order to make the use of extensions safe and manageable, there is a strict set of governance applied to the definition and use of extensions. Though any implementer is allowed to define an extension, there is a set of requirements that SHALL be met as part of the definition of the extension. Applications processing a resource are required to check for modifier extensions.","comment":"There can be no stigma associated with the use of extensions by any application, project, or standard - regardless of the institution or jurisdiction that uses or defines the extensions.  The use of extensions is what allows the FHIR specification to retain a core level of simplicity for everyone.","alias":["extensions","user content","modifiers"],"min":0,"max":"*","base":{"path":"MedicationOrder.dispenseRequest.modifierExtension","min":0,"max":"*"},"type":[{"code":"Extension"}],"maxLength":0,"mustSupport":false,"isModifier":true,"isSummary":false,"mapping":[{"identity":"rim","map":"N/A"}]},{"id":"MedicationOrder:argoprofile.dispenseRequest.medication[x]","path":"MedicationOrder.dispenseRequest.medication[x]","short":"Product to be supplied","definition":"Identifies the medication being administered. This is a link to a resource that represents the medication which may be the details of the medication or simply an attribute carrying a code that identifies the medication from a known list of medications.","comment":"If only a code is specified, then it needs to be a code for a specific product.  If more information is required, then the use of the medication resource is recommended.","min":0,"max":"1","base":{"path":"MedicationOrder.dispenseRequest.medication[x]","min":0,"max":"1"},"type":[{"code":"CodeableConcept"},{"code":"Reference","targetProfile":"http://hl7.org/fhir/StructureDefinition/Medication"}],"maxLength":0,"mustSupport":false,"isModifier":false,"isSummary":true,"mapping":[{"identity":"v2","map":"RXE-2-Give Code / RXO-1-Requested Give Code / RXD-2-Dispense/Give Code"},{"identity":"rim","map":"consumable.role"}]},{"id":"MedicationOrder:argoprofile.dispenseRequest.validityPeriod","path":"MedicationOrder.dispenseRequest.validityPeriod","short":"Time period supply is authorized for","definition":"This indicates the validity period of a prescription (stale dating the Prescription).","comment":"It reflects the prescriber perspective for the validity of the prescription. Dispenses must not be made against the prescription outside of this period. The lower-bound of the Dispensing Window signifies the earliest date that the prescription can be filled for the first time. If an upper-bound is not specified then the Prescription is open-ended or will default to a stale-date based on regulations.","requirements":"Indicates when the Prescription becomes valid, and when it ceases to be a dispensable Prescription.","min":0,"max":"1","base":{"path":"MedicationOrder.dispenseRequest.validityPeriod","min":0,"max":"1"},"type":[{"code":"Period"}],"maxLength":0,"mustSupport":false,"isModifier":false,"isSummary":true,"mapping":[{"identity":"rim","map":"effectiveTime"}]},{"id":"MedicationOrder:argoprofile.dispenseRequest.numberOfRepeatsAllowed","path":"MedicationOrder.dispenseRequest.numberOfRepeatsAllowed","short":"Number of refills authorized","definition":"An integer indicating the number of additional times (aka refills or repeats) the patient can receive the prescribed medication.   Usage Notes: This integer does NOT include the original order dispense.   This means that if an order indicates dispense 30 tablets plus  \"3 repeats\", then the order can be dispensed a total of 4 times and the patient can receive a total of 120 tablets.","comment":"If displaying \"number of authorized refills\", subtract 1 from this number.","min":0,"max":"1","base":{"path":"MedicationOrder.dispenseRequest.numberOfRepeatsAllowed","min":0,"max":"1"},"type":[{"code":"positiveInt"}],"maxLength":0,"mustSupport":false,"isModifier":false,"isSummary":true,"mapping":[{"identity":"v2","map":"RXE-12-Number of Refills"},{"identity":"rim","map":"repeatNumber"}]},{"id":"MedicationOrder:argoprofile.dispenseRequest.quantity","path":"MedicationOrder.dispenseRequest.quantity","short":"Amount of medication to supply per dispense","definition":"The amount that is to be dispensed for one fill.","min":0,"max":"1","base":{"path":"MedicationOrder.dispenseRequest.quantity","min":0,"max":"1"},"type":[{"code":"Quantity","profile":"http://hl7.org/fhir/StructureDefinition/SimpleQuantity"}],"maxLength":0,"mustSupport":false,"isModifier":false,"isSummary":true,"mapping":[{"identity":"v2","map":"RXD-4-Actual Dispense Amount / RXD-5.1-Actual Dispense Units.code / RXD-5.3-Actual Dispense Units.name of coding system"},{"identity":"rim","map":"quantity"}]},{"id":"MedicationOrder:argoprofile.dispenseRequest.expectedSupplyDuration","path":"MedicationOrder.dispenseRequest.expectedSupplyDuration","short":"Number of days supply per dispense","definition":"Identifies the period time over which the supplied product is expected to be used, or the length of time the dispense is expected to last.","comment":"In some situations, this attribute may be used instead of quantity to identify the amount supplied by how long it is expected to last, rather than the physical quantity issued, e.g. 90 days supply of medication (based on an ordered dosage) When possible, it is always better to specify quantity, as this tends to be more precise. expectedSupplyDuration will always be an estimate that can be influenced by external factors.","min":0,"max":"1","base":{"path":"MedicationOrder.dispenseRequest.expectedSupplyDuration","min":0,"max":"1"},"type":[{"code":"Quantity","profile":"http://hl7.org/fhir/us/shr/StructureDefinition/shr-core-Duration"}],"maxLength":0,"mustSupport":false,"isModifier":false,"isSummary":true,"mapping":[{"identity":"rim","map":"expectedUseTime"}]},{"id":"MedicationOrder:argoprofile.substitution","path":"MedicationOrder.substitution","short":"Any restrictions on medication substitution","definition":"Indicates whether or not substitution can or should be part of the dispense. In some cases substitution must happen, in other cases substitution must not happen, and in others it does not matter. This block explains the prescriber's intent. If nothing is specified substitution may be done.","min":0,"max":"1","base":{"path":"MedicationOrder.substitution","min":0,"max":"1"},"type":[{"code":"BackboneElement"}],"maxLength":0,"mustSupport":false,"isModifier":false,"isSummary":true,"mapping":[{"identity":"rim","map":"subjectOf.substitutionPersmission"}]},{"id":"MedicationOrder:argoprofile.substitution.id","path":"MedicationOrder.substitution.id","representation":["xmlAttr"],"short":"xml:id (or equivalent in JSON)","definition":"unique id for the element within a resource (for internal references).","min":0,"max":"1","base":{"path":"MedicationOrder.substitution.id","min":0,"max":"1"},"type":[{"code":"id"}],"maxLength":0,"mustSupport":false,"isModifier":false,"isSummary":false,"mapping":[{"identity":"rim","map":"n/a"}]},{"id":"MedicationOrder:argoprofile.substitution.extension","path":"MedicationOrder.substitution.extension","sliceName":"MedicationOrder:argoprofile.substitution.extension","slicing":{"id":"5","discriminator":[{"type":"value","path":"url"}],"ordered":false,"rules":"open"},"short":"Additional Content defined by implementations","definition":"May be used to represent additional information that is not part of the basic definition of the element. In order to make the use of extensions safe and manageable, there is a strict set of governance  applied to the definition and use of extensions. Though any implementer is allowed to define an extension, there is a set of requirements that SHALL be met as part of the definition of the extension.","comment":"There can be no stigma associated with the use of extensions by any application, project, or standard - regardless of the institution or jurisdiction that uses or defines the extensions.  The use of extensions is what allows the FHIR specification to retain a core level of simplicity for everyone.","alias":["extensions","user content"],"min":0,"max":"*","base":{"path":"MedicationOrder.substitution.extension","min":0,"max":"*"},"type":[{"code":"Extension"}],"maxLength":0,"mustSupport":false,"isModifier":false,"isSummary":false,"mapping":[{"identity":"rim","map":"n/a"}]},{"id":"substitutionallowed","path":"MedicationOrder.substitution.extension","sliceName":"substitutionallowed","definition":"Whether substitution is allowed or not.","min":0,"max":"1","base":{"path":"MedicationOrder.substitution.extension","min":0,"max":"*"},"type":[{"code":"Extension","profile":"http://hl7.org/fhir/us/shr/StructureDefinition/shr-core-SubstitutionAllowed-extension"}],"maxLength":0,"mustSupport":false,"isModifier":false,"isSummary":false},{"id":"MedicationOrder:argoprofile.substitution.modifierExtension","path":"MedicationOrder.substitution.modifierExtension","short":"Extensions that cannot be ignored","definition":"May be used to represent additional information that is not part of the basic definition of the element, and that modifies the understanding of the element that contains it. Usually modifier elements provide negation or qualification. In order to make the use of extensions safe and manageable, there is a strict set of governance applied to the definition and use of extensions. Though any implementer is allowed to define an extension, there is a set of requirements that SHALL be met as part of the definition of the extension. Applications processing a resource are required to check for modifier extensions.","comment":"There can be no stigma associated with the use of extensions by any application, project, or standard - regardless of the institution or jurisdiction that uses or defines the extensions.  The use of extensions is what allows the FHIR specification to retain a core level of simplicity for everyone.","alias":["extensions","user content","modifiers"],"min":0,"max":"*","base":{"path":"MedicationOrder.substitution.modifierExtension","min":0,"max":"*"},"type":[{"code":"Extension"}],"maxLength":0,"mustSupport":false,"isModifier":true,"isSummary":false,"mapping":[{"identity":"rim","map":"N/A"}]},{"id":"MedicationOrder:argoprofile.substitution.type","path":"MedicationOrder.substitution.type","short":"generic | formulary +","definition":"A code signifying whether a different drug should be dispensed from what was prescribed.","min":1,"max":"1","base":{"path":"MedicationOrder.substitution.type","min":1,"max":"1"},"type":[{"code":"CodeableConcept"}],"maxLength":0,"mustSupport":false,"isModifier":false,"isSummary":true,"binding":{"strength":"example","description":"A coded concept describing whether a different medicinal product may be dispensed other than the product as specified exactly in the prescription.","valueSetReference":{"reference":"http://hl7.org/fhir/ValueSet/v3-ActSubstanceAdminSubstitutionCode"}},"mapping":[{"identity":"v2","map":"RXO-9-Allow Substitutions / RXE-9-Substitution Status"},{"identity":"rim","map":"code"}]},{"id":"MedicationOrder:argoprofile.substitution.reason","path":"MedicationOrder.substitution.reason","short":"Why should (not) substitution be made","definition":"Indicates the reason for the substitution, or why substitution must or must not be performed.","min":0,"max":"1","base":{"path":"MedicationOrder.substitution.reason","min":0,"max":"1"},"type":[{"code":"CodeableConcept"}],"maxLength":0,"mustSupport":false,"isModifier":false,"isSummary":true,"binding":{"strength":"required","description":"A coded concept describing the reason that a different medication should (or should not) be substituted from what was prescribed.","valueSetReference":{"reference":"http://hl7.org/fhir/ValueSet/v3-SubstanceAdminSubstitutionReason"}},"mapping":[{"identity":"v2","map":"RXE-9 Substition status"},{"identity":"rim","map":"reasonCode"}]},{"id":"MedicationOrder:argoprofile.priorPrescription","path":"MedicationOrder.priorPrescription","short":"An order/prescription that this supersedes","definition":"A link to a resource representing an earlier order or prescription that this order supersedes.","min":0,"max":"1","base":{"path":"MedicationOrder.priorPrescription","min":0,"max":"1"},"type":[{"code":"Reference","targetProfile":"http://hl7.org/fhir/StructureDefinition/MedicationOrder"}],"maxLength":0,"mustSupport":false,"isModifier":false,"isSummary":true}]},"differential":{"element":[{"id":"MedicationOrder","path":"MedicationOrder","short":"shr-core-MedicationRequest","definition":"An order for a medication to be dispensed and instructions for use.\nValue sets for status are in direct conflict between DSTU2 Argonaut and STU3 US-Core.\nCategory does not exist in DSTU2 and is provided as an extension.\nIntent was added in STU3 and is provided as an extension with required binding.","mustSupport":false,"isModifier":false,"isSummary":false},{"id":"MedicationOrder.extension","path":"MedicationOrder.extension","slicing":{"id":"3","discriminator":[{"type":"value","path":"url"}],"ordered":false,"rules":"open"},"min":1,"max":"*"},{"id":"requestintent","path":"MedicationOrder.extension","sliceName":"requestintent","definition":"Indicates the level of authority/intentionality associated with the request and where the request fits into the workflow chain.","min":1,"max":"1","base":{"path":"MedicationOrder.extension","min":0,"max":"*"},"type":[{"code":"Extension","profile":"http://hl7.org/fhir/us/shr/StructureDefinition/shr-core-RequestIntent-extension"}],"maxLength":0,"mustSupport":false,"isModifier":false,"isSummary":false},{"id":"MedicationOrder.extension.valueCodeableConcept","path":"MedicationOrder.extension.valueCodeableConcept","binding":{"strength":"required","valueSetReference":{"reference":"http://hl7.org/fhir/ValueSet/medication-request-intent"}}},{"id":"reasonreference","path":"MedicationOrder.extension","sliceName":"reasonreference","definition":"The justification, as reference to a condition or observation.","min":0,"max":"1","base":{"path":"MedicationOrder.extension","min":0,"max":"*"},"type":[{"code":"Extension","profile":"http://hl7.org/fhir/us/shr/StructureDefinition/shr-core-ReasonReference-extension"}],"maxLength":0,"mustSupport":false,"isModifier":false,"isSummary":false},{"id":"type","path":"MedicationOrder.extension","sliceName":"type","definition":"A code describing the item at a greater level of detail.","min":0,"max":"1","base":{"path":"MedicationOrder.extension","min":0,"max":"*"},"type":[{"code":"Extension","profile":"http://hl7.org/fhir/us/shr/StructureDefinition/shr-core-Type-extension"}],"maxLength":0,"mustSupport":false,"isModifier":false,"isSummary":false},{"id":"MedicationOrder.extension.valueCodeableConcept","path":"MedicationOrder.extension.valueCodeableConcept","binding":{"strength":"preferred","valueSetReference":{"reference":"http://hl7.org/fhir/ValueSet/medication-admin-category"}}},{"id":"recipient","path":"MedicationOrder.extension","sliceName":"recipient","definition":"Who this request is being addressed to.","min":0,"max":"1","base":{"path":"MedicationOrder.extension","min":0,"max":"*"},"type":[{"code":"Extension","profile":"http://hl7.org/fhir/us/shr/StructureDefinition/shr-core-Recipient-extension"}],"maxLength":0,"mustSupport":false,"isModifier":false,"isSummary":false},{"id":"prioritycode","path":"MedicationOrder.extension","sliceName":"prioritycode","definition":"An indication of the importance of an action relative to other actions.","min":0,"max":"1","base":{"path":"MedicationOrder.extension","min":0,"max":"*"},"type":[{"code":"Extension","profile":"http://hl7.org/fhir/us/shr/StructureDefinition/shr-core-PriorityCode-extension"}],"maxLength":0,"mustSupport":false,"isModifier":false,"isSummary":false},{"id":"MedicationOrder.extension.value[x]","path":"MedicationOrder.extension.value[x]","binding":{"strength":"required","valueSetReference":{"reference":"http://hl7.org/fhir/ValueSet/medication-request-priority"}}},{"id":"MedicationOrder.patient","path":"MedicationOrder.patient","type":[{"code":"Reference","targetProfile":"http://hl7.org/fhir/us/shr/StructureDefinition/shr-core-Patient"}]},{"id":"MedicationOrder.prescriber","path":"MedicationOrder.prescriber","type":[{"code":"Reference","targetProfile":"http://hl7.org/fhir/us/shr/StructureDefinition/shr-core-Practitioner"}]},{"id":"MedicationOrder.encounter","path":"MedicationOrder.encounter","type":[{"code":"Reference","targetProfile":"http://hl7.org/fhir/us/shr/StructureDefinition/shr-core-Encounter"}]},{"id":"MedicationOrder.reasonCodeableConcept","path":"MedicationOrder.reasonCodeableConcept","type":[{"code":"CodeableConcept"}],"binding":{"strength":"example","valueSetReference":{"reference":"http://hl7.org/fhir/ValueSet/condition-code"}}},{"id":"MedicationOrder.medicationReference","path":"MedicationOrder.medicationReference","type":[{"code":"Reference","targetProfile":"http://hl7.org/fhir/us/shr/StructureDefinition/shr-core-Medication"}]},{"id":"MedicationOrder.dosageInstruction","path":"MedicationOrder.dosageInstruction","min":0,"max":"1"},{"id":"MedicationOrder.dosageInstruction.timing","path":"MedicationOrder.dosageInstruction.timing","type":[{"code":"Timing","profile":"http://hl7.org/fhir/us/shr/StructureDefinition/shr-core-Timing"}]},{"id":"MedicationOrder.dosageInstruction.asNeeded[x]","path":"MedicationOrder.dosageInstruction.asNeeded[x]","slicing":{"id":"1","discriminator":[{"type":"type","path":"$this"}],"ordered":false,"rules":"open"}},{"id":"MedicationOrder.dosageInstruction.asNeededCodeableConcept","path":"MedicationOrder.dosageInstruction.asNeededCodeableConcept","type":[{"code":"CodeableConcept"}],"binding":{"strength":"example","valueSetReference":{"reference":"http://hl7.org/fhir/ValueSet/medication-as-needed-reason"}}},{"id":"MedicationOrder.dosageInstruction.siteCodeableConcept","path":"MedicationOrder.dosageInstruction.siteCodeableConcept","type":[{"code":"CodeableConcept"}],"binding":{"strength":"preferred","valueSetReference":{"reference":"http://hl7.org/fhir/us/projectURL/shr/core/vs/BodySiteVS"}}},{"id":"MedicationOrder.dosageInstruction.route","path":"MedicationOrder.dosageInstruction.route","binding":{"strength":"required","description":"A coded concept describing the route or physiological path of administration of a therapeutic agent into or onto the body of a subject.","valueSetReference":{"reference":"http://hl7.org/fhir/ValueSet/route-codes"}}},{"id":"MedicationOrder.dosageInstruction.method","path":"MedicationOrder.dosageInstruction.method","binding":{"strength":"required","valueSetReference":{"reference":"http://hl7.org/fhir/ValueSet/administration-method-codes"}}},{"id":"MedicationOrder.dispenseRequest","path":"MedicationOrder.dispenseRequest"},{"id":"MedicationOrder.dispenseRequest.expectedSupplyDuration","path":"MedicationOrder.dispenseRequest.expectedSupplyDuration","type":[{"code":"Quantity","profile":"http://hl7.org/fhir/us/shr/StructureDefinition/shr-core-Duration"}]},{"id":"MedicationOrder.substitution","path":"MedicationOrder.substitution"},{"id":"MedicationOrder.substitution.extension","path":"MedicationOrder.substitution.extension","slicing":{"id":"5","discriminator":[{"type":"value","path":"url"}],"ordered":false,"rules":"open"}},{"id":"substitutionallowed","path":"MedicationOrder.substitution.extension","sliceName":"substitutionallowed","definition":"Whether substitution is allowed or not.","min":0,"max":"1","base":{"path":"MedicationOrder.substitution.extension","min":0,"max":"*"},"type":[{"code":"Extension","profile":"http://hl7.org/fhir/us/shr/StructureDefinition/shr-core-SubstitutionAllowed-extension"}],"maxLength":0,"mustSupport":false,"isModifier":false,"isSummary":false},{"id":"MedicationOrder.substitution.reason","path":"MedicationOrder.substitution.reason","binding":{"strength":"required","description":"A coded concept describing the reason that a different medication should (or should not) be substituted from what was prescribed.","valueSetReference":{"reference":"http://hl7.org/fhir/ValueSet/v3-SubstanceAdminSubstitutionReason"}}}]}}