{"resourceType":"StructureDefinition","id":"shr-core-Annotation","text":{"status":"generated","div":"<div xmlns=\"http://www.w3.org/1999/xhtml\">\n  <p><b>Annotation Profile</b></p>\n  <p>An added or follow-up note, often after the fact, that contains metadata about who made the statement and when.</p>\n  <p><b>Mapping Summary</b></p>\n  <p><pre>shr.core.Annotation maps to Annotation:\n  Text maps to text\n  Author maps to author[x]\n  OccurrenceTime maps to time\n</pre></p>\n</div>"},"url":"http://hl7.org/fhir/us/fhirURL/StructureDefinition/shr-core-Annotation","identifier":[{"system":"http://hl7.org/fhir/us/projectURL","value":"shr.core.Annotation"}],"version":"0.2.0","name":"Annotation","title":"shr-core-Annotation","status":"draft","date":"2019-02-07T00:00:00-05:00","publisher":"The MITRE Corporation","contact":[{"telecom":[{"system":"other","value":"http://www.hl7.org/Special/committees/cic/index.cfm"}]}],"description":"An added or follow-up note, often after the fact, that contains metadata about who made the statement and when.","fhirVersion":"1.0.2","mapping":[{"identity":"v2","uri":"http://hl7.org/v2","name":"HL7 v2"},{"identity":"rim","uri":"http://hl7.org/v3","name":"RIM"}],"kind":"complex-type","abstract":false,"type":"Annotation","baseDefinition":"http://hl7.org/fhir/StructureDefinition/Annotation","derivation":"constraint","snapshot":{"element":[{"id":"Annotation","path":"Annotation","short":"shr-core-Annotation","definition":"An added or follow-up note, often after the fact, that contains metadata about who made the statement and when.","comment":"For systems that do not have structured annotations, they can simply communicate a single annotation with no author or time. \nThis element may need to be included in narrative because of the potential for modifying information. \n*Annotations SHOULD NOT* be used to communicate \"modifying\" information that could be computable. (This is a SHOULD because enforcing user behavior is nearly impossible).","min":0,"max":"*","isSummary":true,"mapping":[{"identity":"v2","map":"N/A"},{"identity":"rim","map":"Act"}]},{"id":"Annotation.id","path":"Annotation.id","representation":["xmlAttr"],"short":"xml:id (or equivalent in JSON)","definition":"unique id for the element within a resource (for internal references).","min":0,"max":"1","type":[{"code":"id"}],"mapping":[{"identity":"rim","map":"n/a"}]},{"id":"Annotation.extension","path":"Annotation.extension","short":"Additional Content defined by implementations","definition":"May be used to represent additional information that is not part of the basic definition of the element. In order to make the use of extensions safe and manageable, there is a strict set of governance  applied to the definition and use of extensions. Though any implementer is allowed to define an extension, there is a set of requirements that SHALL be met as part of the definition of the extension.","comment":"There can be no stigma associated with the use of extensions by any application, project, or standard - regardless of the institution or jurisdiction that uses or defines the extensions.  The use of extensions is what allows the FHIR specification to retain a core level of simplicity for everyone.","alias":["extensions","user content"],"min":0,"max":"*","type":[{"code":"Extension"}],"mapping":[{"identity":"rim","map":"n/a"}]},{"id":"Annotation.author[x]","path":"Annotation.author[x]","short":"Individual responsible for the annotation","definition":"The individual responsible for making the annotation.","min":1,"max":"1","base":{"path":"Annotation.author[x]","min":0,"max":"1"},"type":[{"code":"Reference","targetProfile":"http://hl7.org/fhir/us/fhirURL/StructureDefinition/shr-entity-Patient"},{"code":"Reference","targetProfile":"http://hl7.org/fhir/us/fhirURL/StructureDefinition/shr-entity-RelatedPerson"},{"code":"string"}],"isSummary":true,"mapping":[{"identity":"v2","map":"N/A"},{"identity":"rim","map":"Act.participant[typeCode=AUT].role"},{"identity":"shr","map":"<shr.core.Author>"}]},{"id":"Annotation.time","path":"Annotation.time","short":"When the annotation was made","definition":"Indicates when this particular annotation was made.","min":1,"max":"1","base":{"path":"Annotation.time","min":0,"max":"1"},"type":[{"code":"dateTime"}],"isSummary":true,"mapping":[{"identity":"v2","map":"N/A"},{"identity":"rim","map":"Act.effectiveTime"},{"identity":"shr","map":"<shr.core.OccurrenceTime>"}]},{"id":"Annotation.text","path":"Annotation.text","short":"The annotation  - text content","definition":"The text of the annotation.","min":1,"max":"1","type":[{"code":"string"}],"isSummary":true,"mapping":[{"identity":"v2","map":"N/A"},{"identity":"rim","map":"Act.text"},{"identity":"shr","map":"<shr.core.Text>"}]}]},"differential":{"element":[{"id":"Annotation","path":"Annotation","short":"shr-core-Annotation","definition":"An added or follow-up note, often after the fact, that contains metadata about who made the statement and when.","isSummary":true},{"id":"Annotation.author[x]","path":"Annotation.author[x]","min":1,"max":"1","base":{"path":"Annotation.author[x]","min":0,"max":"1"},"type":[{"code":"Reference","targetProfile":"http://hl7.org/fhir/us/fhirURL/StructureDefinition/shr-entity-Patient"},{"code":"Reference","targetProfile":"http://hl7.org/fhir/us/fhirURL/StructureDefinition/shr-entity-RelatedPerson"},{"code":"string"}],"mapping":[{"identity":"shr","map":"<shr.core.Author>"}]},{"id":"Annotation.time","path":"Annotation.time","min":1,"max":"1","base":{"path":"Annotation.time","min":0,"max":"1"},"mapping":[{"identity":"shr","map":"<shr.core.OccurrenceTime>"}]},{"id":"Annotation.text","path":"Annotation.text","mapping":[{"identity":"shr","map":"<shr.core.Text>"}]}]}}