{"resourceType":"ValueSet","id":"oncocore-CancerStageTimingVS","text":{"status":"generated","div":"<div xmlns=\"http://www.w3.org/1999/xhtml\">\n<p><b>CancerStageTimingVS ValueSet</b></p>\n<p>When staging was done, relative to treatment events (qualifier).</p>\n</div>"},"url":"http://hl7.org/fhir/us/projectURL/oncocore/vs/CancerStageTimingVS","identifier":[{"system":"http://hl7.org/fhir/us/projectURL","value":"oncocore.CancerStageTimingVS"}],"version":"0.6.0","name":"CancerStageTimingVS","status":"draft","date":"2019-02-07T00:00:00-05:00","publisher":"The MITRE Corporation","contact":[{"telecom":[{"system":"other","value":"http://www.hl7.org/Special/committees/cic/index.cfm"}]}],"description":"When staging was done, relative to treatment events (qualifier).","immutable":false,"compose":{"include":[{"system":"http://snomed.info/sct","concept":[{"code":"385349001","display":"Clinical stage (observable entity)"},{"code":"405978005","display":"Pathologic stage (observable entity)"}]},{"system":"http://hl7.org/fhir/us/projectURL/oncocore/cs/CancerStageTimingCS"}]}}