{"resourceType":"ValueSet","id":"shr-core-AllUnitsVS","text":{"status":"generated","div":"<div xmlns=\"http://www.w3.org/1999/xhtml\">\n<p><b>AllUnitsVS ValueSet</b></p>\n<p>Includes all codes from UCUM and monetary units from ISO.</p>\n</div>"},"url":"http://hl7.org/fhir/us/projectURL/shr/core/vs/AllUnitsVS","identifier":[{"system":"http://hl7.org/fhir/us/projectURL","value":"shr.core.AllUnitsVS"}],"version":"0.6.0","name":"AllUnitsVS","status":"draft","date":"2019-02-07T00:00:00-05:00","publisher":"The MITRE Corporation","contact":[{"telecom":[{"system":"other","value":"http://www.hl7.org/Special/committees/cic/index.cfm"}]}],"description":"Includes all codes from UCUM and monetary units from ISO.","immutable":false,"compose":{"include":[{"system":"http://unitsofmeasure.org"},{"system":"urn:iso:std:iso:4217"}]}}