{"resourceType":"ValueSet","id":"shr-core-LanguageQualifierVS","text":{"status":"generated","div":"<div xmlns=\"http://www.w3.org/1999/xhtml\">\n<p><b>LanguageQualifierVS ValueSet</b></p>\n<p>A code indicating whether the language is preferred, secondary, or practiced in an unconventional or limited way.</p>\n</div>"},"url":"http://hl7.org/fhir/us/projectURL/shr/core/vs/LanguageQualifierVS","identifier":[{"system":"http://hl7.org/fhir/us/projectURL","value":"shr.core.LanguageQualifierVS"}],"version":"0.6.0","name":"LanguageQualifierVS","status":"draft","date":"2019-02-07T00:00:00-05:00","publisher":"The MITRE Corporation","contact":[{"telecom":[{"system":"other","value":"http://www.hl7.org/Special/committees/cic/index.cfm"}]}],"description":"A code indicating whether the language is preferred, secondary, or practiced in an unconventional or limited way.","immutable":false,"compose":{"include":[{"system":"http://hl7.org/fhir/us/projectURL/shr/core/cs/LanguageQualifierCS"}]}}