"Path","Slice Name","Alias(s)","Label","Min","Max","Must Support?","Is Modifier?","Is Summary?","Type(s)","Short","Definition","Comments","Requirements","Default Value","Meaning When Missing","Fixed Value","Pattern","Example","Minimum Value","Maximum Value","Maximum Length","Binding Strength","Binding Description","Binding Value Set","Code","Slicing Discriminator","Slicing Description","Slicing Ordered","Slicing Rules","Base Path","Base Min","Base Max","Condition(s)","Constraint(s)"
"Extension","","","",0,*,"","","","","ExpectedPerformer","A choice of Person (in any role) or organization as recipient of a request. Needed for mapping to FHIR.","","","","","","","","","",,,,,"",,,,"Extension",0,1,"",""
"Extension.id","","","",0,1,"","","","string {[]} {[]}
","xml:id (or equivalent in JSON)","unique id for the element within a resource (for internal references). This may be any string value that does not contain spaces.","","","","","","","","","",,,,,"",,,,"Element.id",0,1,"",""
"Extension.extension","","","",0,0,"","","","Extension {[]} {[]}
","Extension","An Extension","","","","","","","","","",,,,,"",,,,"Element.extension",0,*,"",""
"Extension.url","","","",1,1,"","","","uri {[]} {[]}
","identifies the meaning of the extension","Source of the definition for the extension code - a logical name or a URL.","","","","","<valueUri xmlns=""http://hl7.org/fhir"" value=""http://hl7.org/fhir/us/shr/StructureDefinition/shr-core-ExpectedPerformer-extension""/>","","","","",,,,,"",,,,"Extension.url",1,1,"",""
"Extension.value[x]","","","",1,1,"","","","Reference {[]} {[CanonicalType[http://hl7.org/fhir/us/shr/StructureDefinition/shr-core-Patient], CanonicalType[http://hl7.org/fhir/us/shr/StructureDefinition/shr-core-Practitioner], CanonicalType[http://hl7.org/fhir/us/shr/StructureDefinition/shr-core-RelatedPerson], CanonicalType[http://hl7.org/fhir/us/shr/StructureDefinition/shr-core-Organization], CanonicalType[http://hl7.org/fhir/us/shr/StructureDefinition/shr-core-Device]]}
","Value of extension","Value of extension - may be a resource or one of a constrained set of the data types (see Extensibility in the spec for list).","","","","","","","","","",,,,,"",,,,"Extension.value[x]",0,1,"",""
