<?xml version="1.0" encoding="UTF-8"?><StructureDefinition xmlns="http://hl7.org/fhir"><id value="shr-core-RelatedPerson"/><text><status value="generated"/><div xmlns="http://www.w3.org/1999/xhtml">
  <p><b>RelatedPerson Profile</b></p>
  <p>A person in a role defined in relationship to a patient</p>
  <p><b>Mapping Summary</b></p>
  <p><pre>shr.core.RelatedPerson maps to RelatedPerson:
  _Entry.EntryId maps to id
  Language maps to language
  Narrative maps to text
  ImplicitRules maps to implicitRules
  Metadata.VersionId maps to meta.versionId
  Metadata.LastUpdated maps to meta.lastUpdated
  Metadata.SecurityLabel maps to meta.security
  Metadata.Tag maps to meta.tag
  Identifier maps to identifier
  Status maps to extension
  Person.HumanName maps to name
  Person.DateOfBirth maps to birthDate
  Person.AdministrativeGender maps to gender
  Person.Address maps to address
  Person.PhotographicImage maps to photo
  Person.ContactPoint maps to telecom
  RelationshipToPatient maps to relationship
  EffectiveTimePeriod maps to period
</pre></p>
</div></text><url value="http://hl7.org/fhir/us/shr/StructureDefinition/shr-core-RelatedPerson"/><identifier><system value="http://hl7.org/fhir/us/projectURL"/><value value="shr.core.RelatedPerson"/></identifier><version value="0.7.0"/><name value="RelatedPerson"/><display value="shr-core-RelatedPerson"/><status value="draft"/><publisher value="The MITRE Corporation"/><contact><telecom><system value="other"/><value value="http://www.hl7.org/Special/committees/cic/index.cfm"/><rank value="0"/></telecom></contact><date value="2019-03-13T00:00:00-04:00"/><description value="A person in a role defined in relationship to a patient"/><requirements value="Need to track persons related to the patient or the healthcare process."/><fhirVersion value="1.0.2"/><mapping><identity value="rim"/><uri value="http://hl7.org/v3"/><name value="RIM"/></mapping><mapping><identity value="w5"/><uri value="http://hl7.org/fhir/w5"/><name value="W5 Mapping"/></mapping><mapping><identity value="v2"/><uri value="http://hl7.org/v2"/><name value="HL7 v2"/></mapping><kind value="resource"/><constrainedType value="RelatedPerson"/><abstract value="false"/><base value="http://hl7.org/fhir/StructureDefinition/RelatedPerson"/><snapshot><element id="RelatedPerson"><path value="RelatedPerson"/><name value="RelatedPerson"/><short value="shr-core-RelatedPerson"/><definition value="A person in a role defined in relationship to a patient"/><min value="0"/><max value="*"/><type><code value="RelatedPerson"/></type><maxLength value="0"/><mustSupport value="false"/><isModifier value="false"/><isSummary value="false"/><mapping><identity value="rim"/><map value="role"/></mapping><mapping><identity value="w5"/><map value="administrative.individual"/></mapping></element><element id="RelatedPerson.id"><path value="RelatedPerson.id"/><name value="RelatedPerson.id"/><short value="Logical id of this artifact"/><definition value="The logical id of the resource, as used in the URL for the resource. Once assigned, this value never changes."/><comments value="The only time that a resource does not have an id is when it is being submitted to the server using a create operation. Bundles always have an id, though it is usually a generated UUID."/><min value="0"/><max value="1"/><type><code value="id"/></type><maxLength value="0"/><mustSupport value="false"/><isModifier value="false"/><isSummary value="true"/></element><element id="RelatedPerson.meta"><path value="RelatedPerson.meta"/><name value="RelatedPerson.meta"/><short value="Metadata about the resource"/><definition value="The metadata about the resource. This is content that is maintained by the infrastructure. Changes to the content may not always be associated with version changes to the resource."/><min value="0"/><max value="1"/><type><code value="Meta"/></type><maxLength value="0"/><mustSupport value="false"/><isModifier value="false"/><isSummary value="true"/></element><element id="RelatedPerson.meta.id"><path value="RelatedPerson.meta.id"/><representation value="xmlAttr"/><name value="RelatedPerson.meta.id"/><short value="xml:id (or equivalent in JSON)"/><definition value="unique id for the element within a resource (for internal references)."/><min value="0"/><max value="1"/><type><code value="id"/></type><maxLength value="0"/><mustSupport value="false"/><isModifier value="false"/><isSummary value="false"/><mapping><identity value="rim"/><map value="n/a"/></mapping></element><element id="RelatedPerson.meta.extension"><path value="RelatedPerson.meta.extension"/><name value="RelatedPerson.meta.extension"/><short value="Additional Content defined by implementations"/><definition value="May be used to represent additional information that is not part of the basic definition of the element. In order to make the use of extensions safe and manageable, there is a strict set of governance  applied to the definition and use of extensions. Though any implementer is allowed to define an extension, there is a set of requirements that SHALL be met as part of the definition of the extension."/><comments value="There can be no stigma associated with the use of extensions by any application, project, or standard - regardless of the institution or jurisdiction that uses or defines the extensions.  The use of extensions is what allows the FHIR specification to retain a core level of simplicity for everyone."/><alias value="extensions"/><alias value="user content"/><min value="0"/><max value="*"/><type><code value="Extension"/></type><maxLength value="0"/><mustSupport value="false"/><isModifier value="false"/><isSummary value="false"/><mapping><identity value="rim"/><map value="n/a"/></mapping></element><element id="RelatedPerson.meta.versionId"><path value="RelatedPerson.meta.versionId"/><name value="RelatedPerson.meta.versionId"/><short value="Version specific identifier"/><definition value="The version specific identifier, as it appears in the version portion of the URL. This values changes when the resource is created, updated, or deleted."/><comments value="The server assigns this value, and ignores what the client specifies, except in the case that the server is imposing version integrity on updates/deletes."/><min value="0"/><max value="1"/><type><code value="id"/></type><maxLength value="0"/><mustSupport value="false"/><isModifier value="false"/><isSummary value="true"/></element><element id="RelatedPerson.meta.lastUpdated"><path value="RelatedPerson.meta.lastUpdated"/><name value="RelatedPerson.meta.lastUpdated"/><short value="When the resource version last changed"/><definition value="When the resource last changed - e.g. when the version changed."/><comments value="This value is always populated except when the resource is first being created. The server / resource manager sets this value; what a client provides is irrelevant."/><min value="0"/><max value="1"/><type><code value="instant"/></type><maxLength value="0"/><mustSupport value="false"/><isModifier value="false"/><isSummary value="true"/></element><element id="RelatedPerson.meta.profile"><path value="RelatedPerson.meta.profile"/><name value="RelatedPerson.meta.profile"/><short value="Profiles this resource claims to conform to"/><definition value="A list of profiles [[[StructureDefinition]]]s that this resource claims to conform to. The URL is a reference to [[[StructureDefinition.url]]]."/><comments value="It is up to the server and/or other infrastructure of policy to determine whether/how these claims are verified and/or updated over time.  The list of profile URLs is a set."/><min value="0"/><max value="*"/><type><code value="uri"/></type><maxLength value="0"/><mustSupport value="false"/><isModifier value="false"/><isSummary value="true"/></element><element id="RelatedPerson.meta.security"><path value="RelatedPerson.meta.security"/><name value="RelatedPerson.meta.security"/><short value="Security Labels applied to this resource"/><definition value="Security labels applied to this resource. These tags connect specific resources to the overall security policy and infrastructure."/><comments value="The security labels can be updated without changing the stated version of the resource  The list of security labels is a set. Uniqueness is based the system/code, and version and display are ignored."/><min value="0"/><max value="*"/><type><code value="Coding"/></type><maxLength value="0"/><mustSupport value="false"/><isModifier value="false"/><isSummary value="true"/><binding><strength value="extensible"/><description value="Security Labels from the Healthcare Privacy and Security Classification System."/><valueSetReference><reference value="http://hl7.org/fhir/ValueSet/security-labels"/></valueSetReference></binding></element><element id="RelatedPerson.meta.tag"><path value="RelatedPerson.meta.tag"/><name value="RelatedPerson.meta.tag"/><short value="Tags applied to this resource"/><definition value="Tags applied to this resource. Tags are intended to be used to identify and relate resources to process and workflow, and applications are not required to consider the tags when interpreting the meaning of a resource."/><comments value="The tags can be updated without changing the stated version of the resource.  The list of tags is a set. Uniqueness is based the system/code, and version and display are ignored."/><min value="0"/><max value="*"/><type><code value="Coding"/></type><maxLength value="0"/><mustSupport value="false"/><isModifier value="false"/><isSummary value="true"/><binding><strength value="example"/><description value="Codes that represent various types of tags, commonly workflow-related; e.g. &quot;Needs review by Dr. Jones&quot;"/></binding></element><element id="RelatedPerson.implicitRules"><path value="RelatedPerson.implicitRules"/><name value="RelatedPerson.implicitRules"/><short value="A set of rules under which this content was created"/><definition value="A reference to a set of rules that were followed when the resource was constructed, and which must be understood when processing the content."/><comments value="Asserting this rule set restricts the content to be only understood by a limited set of trading partners. This inherently limits the usefulness of the data in the long term. However, the existing health eco-system is highly fractured, and not yet ready to define, collect, and exchange data in a generally computable sense. Wherever possible, implementers and/or specification writers should avoid using this element as much as possible."/><min value="0"/><max value="1"/><type><code value="uri"/></type><maxLength value="0"/><mustSupport value="false"/><isModifier value="true"/><isSummary value="true"/></element><element id="RelatedPerson.language"><path value="RelatedPerson.language"/><name value="RelatedPerson.language"/><short value="Language of the resource content"/><definition value="The base language in which the resource is written."/><comments value="Language is provided to support indexing and accessibility (typically, services such as text to speech use the language tag). The html language tag in the narrative applies  to the narrative. The language tag on the resource may be used to specify the language of other presentations generated from the data in the resource  Not all the content has to be in the base language. The Resource.language should not be assumed to apply to the narrative automatically. If a language is specified, it should it also be specified on the div element in the html (see rules in HTML5 for information about the relationship between xml:lang and the html lang attribute)."/><min value="0"/><max value="1"/><type><code value="code"/></type><maxLength value="0"/><mustSupport value="false"/><isModifier value="false"/><isSummary value="false"/><binding><strength value="required"/><description value="A human language."/><valueSetReference><reference value="http://tools.ietf.org/html/bcp47"/></valueSetReference></binding></element><element id="RelatedPerson.text"><path value="RelatedPerson.text"/><name value="RelatedPerson.text"/><short value="Text summary of the resource, for human interpretation"/><definition value="A human-readable narrative that contains a summary of the resource, and may be used to represent the content of the resource to a human. The narrative need not encode all the structured data, but is required to contain sufficient detail to make it &quot;clinically safe&quot; for a human to just read the narrative. Resource definitions may define what content should be represented in the narrative to ensure clinical safety."/><comments value="Contained resources do not have narrative. Resources that are not contained SHOULD have a narrative."/><alias value="narrative"/><alias value="html"/><alias value="xhtml"/><alias value="display"/><min value="0"/><max value="1"/><type><code value="Narrative"/></type><maxLength value="0"/><condition value="dom-1"/><mustSupport value="false"/><isModifier value="false"/><isSummary value="false"/><mapping><identity value="rim"/><map value="Act.text?"/></mapping></element><element id="RelatedPerson.contained"><path value="RelatedPerson.contained"/><name value="RelatedPerson.contained"/><short value="Contained, inline Resources"/><definition value="These resources do not have an independent existence apart from the resource that contains them - they cannot be identified independently, and nor can they have their own independent transaction scope."/><comments value="This should never be done when the content can be identified properly, as once identification is lost, it is extremely difficult (and context dependent) to restore it again."/><alias value="inline resources"/><alias value="anonymous resources"/><alias value="contained resources"/><min value="0"/><max value="*"/><type><code value="Resource"/></type><maxLength value="0"/><mustSupport value="false"/><isModifier value="false"/><isSummary value="false"/><mapping><identity value="rim"/><map value="N/A"/></mapping></element><element id="RelatedPerson.extension"><path value="RelatedPerson.extension"/><name value="RelatedPerson.extension"/><slicing id="1"><discriminator value="url"/><ordered value="false"/><rules value="open"/></slicing><short value="Additional Content defined by implementations"/><definition value="May be used to represent additional information that is not part of the basic definition of the resource. In order to make the use of extensions safe and manageable, there is a strict set of governance  applied to the definition and use of extensions. Though any implementer is allowed to define an extension, there is a set of requirements that SHALL be met as part of the definition of the extension."/><comments value="There can be no stigma associated with the use of extensions by any application, project, or standard - regardless of the institution or jurisdiction that uses or defines the extensions.  The use of extensions is what allows the FHIR specification to retain a core level of simplicity for everyone."/><alias value="extensions"/><alias value="user content"/><min value="0"/><max value="*"/><type><code value="Extension"/></type><maxLength value="0"/><mustSupport value="false"/><isModifier value="false"/><isSummary value="false"/><mapping><identity value="rim"/><map value="N/A"/></mapping></element><element id="status"><path value="RelatedPerson.extension"/><name value="status"/><definition value="A state that relates to the workflow or interpretation of this resource. Certain status values can modify the meaning of the resource, for example, entered-in-error. When a boolean value is used, Status of true indicates the record is active, false means inactive."/><min value="0"/><max value="1"/><base><path value="RelatedPerson.extension"/><min value="0"/><max value="*"/></base><type><code value="Extension"/><profile value="http://hl7.org/fhir/us/shr/StructureDefinition/shr-core-Status-extension"/></type><maxLength value="0"/><mustSupport value="false"/><isModifier value="false"/><isSummary value="false"/></element><element id="RelatedPerson.extension.id"><path value="RelatedPerson.extension.id"/><representation value="xmlAttr"/><name value="RelatedPerson.extension.id"/><short value="xml:id (or equivalent in JSON)"/><definition value="unique id for the element within a resource (for internal references). This may be any string value that does not contain spaces."/><min value="0"/><max value="1"/><base><path value="Element.id"/><min value="0"/><max value="1"/></base><type><code value="string"/></type><maxLength value="0"/><mustSupport value="false"/><isModifier value="false"/><isSummary value="false"/><mapping><identity value="rim"/><map value="N/A"/></mapping></element><element id="extension"><path value="RelatedPerson.extension.extension"/><name value="extension"/><short value="Extension"/><definition value="An Extension"/><min value="0"/><max value="0"/><base><path value="Element.extension"/><min value="0"/><max value="*"/></base><type><code value="Extension"/></type><maxLength value="0"/><mustSupport value="false"/><isModifier value="false"/><isSummary value="false"/></element><element id="RelatedPerson.extension.url"><path value="RelatedPerson.extension.url"/><representation value="xmlAttr"/><name value="RelatedPerson.extension.url"/><short value="identifies the meaning of the extension"/><definition value="Source of the definition for the extension code - a logical name or a URL."/><min value="1"/><max value="1"/><base><path value="Extension.url"/><min value="1"/><max value="1"/></base><type><code value="uri"/></type><fixedUri value="http://hl7.org/fhir/us/shr/StructureDefinition/shr-core-Status-extension"/><maxLength value="0"/><mustSupport value="false"/><isModifier value="false"/><isSummary value="false"/><mapping><identity value="rim"/><map value="N/A"/></mapping></element><element id="RelatedPerson.extension.valueCodeableConcept"><path value="RelatedPerson.extension.valueCodeableConcept"/><name value="RelatedPerson.extension.valueCodeableConcept"/><short value="Value of extension"/><definition value="Value of extension - may be a resource or one of a constrained set of the data types (see Extensibility in the spec for list)."/><min value="1"/><max value="1"/><base><path value="Extension.value[x]"/><min value="0"/><max value="1"/></base><type><code value="CodeableConcept"/></type><maxLength value="0"/><mustSupport value="false"/><isModifier value="false"/><isSummary value="false"/><binding><strength value="required"/><valueSetReference><reference value="http://hl7.org/fhir/us/projectURL/shr/core/vs/ActiveOrInactiveVS"/></valueSetReference></binding><mapping><identity value="rim"/><map value="N/A"/></mapping></element><element id="RelatedPerson.modifierExtension"><path value="RelatedPerson.modifierExtension"/><name value="RelatedPerson.modifierExtension"/><short value="Extensions that cannot be ignored"/><definition value="May be used to represent additional information that is not part of the basic definition of the resource, and that modifies the understanding of the element that contains it. Usually modifier elements provide negation or qualification. In order to make the use of extensions safe and manageable, there is a strict set of governance applied to the definition and use of extensions. Though any implementer is allowed to define an extension, there is a set of requirements that SHALL be met as part of the definition of the extension. Applications processing a resource are required to check for modifier extensions."/><comments value="There can be no stigma associated with the use of extensions by any application, project, or standard - regardless of the institution or jurisdiction that uses or defines the extensions.  The use of extensions is what allows the FHIR specification to retain a core level of simplicity for everyone."/><alias value="extensions"/><alias value="user content"/><min value="0"/><max value="*"/><type><code value="Extension"/></type><maxLength value="0"/><mustSupport value="false"/><isModifier value="true"/><isSummary value="false"/><mapping><identity value="rim"/><map value="N/A"/></mapping></element><element id="RelatedPerson.identifier"><path value="RelatedPerson.identifier"/><name value="RelatedPerson.identifier"/><short value="A human identifier for this person"/><definition value="Identifier for a person within a particular scope."/><requirements value="People are known by a variety of ids. Some institutions maintain several, and most collect identifiers for exchange with other organizations concerning the patient. Examples are national person identifier and local identifier."/><min value="0"/><max value="*"/><type><code value="Identifier"/></type><maxLength value="0"/><mustSupport value="false"/><isModifier value="false"/><isSummary value="true"/><mapping><identity value="v2"/><map value="NK1-33"/></mapping><mapping><identity value="rim"/><map value="id"/></mapping><mapping><identity value="w5"/><map value="id"/></mapping></element><element id="RelatedPerson.patient"><path value="RelatedPerson.patient"/><name value="RelatedPerson.patient"/><short value="The patient this person is related to"/><definition value="The patient this person is related to."/><requirements value="We need to know which patient this RelatedPerson is related to."/><min value="1"/><max value="1"/><type><code value="Reference"/><profile value="http://hl7.org/fhir/StructureDefinition/Patient"/></type><maxLength value="0"/><mustSupport value="false"/><isModifier value="false"/><isSummary value="true"/><mapping><identity value="v2"/><map value="PID-3"/></mapping><mapping><identity value="rim"/><map value="scoper[classCode=PSN|ANM and determinerCode=&#39;INSTANCE&#39;]/playedRole[classCode=&#39;PAT&#39;]/id"/></mapping></element><element id="RelatedPerson.relationship"><path value="RelatedPerson.relationship"/><name value="RelatedPerson.relationship"/><short value="The nature of the relationship"/><definition value="The nature of the relationship between a patient and the related person."/><requirements value="We need to know the relationship with the patient since it influences the interpretation of the information attributed to this person."/><min value="0"/><max value="1"/><type><code value="CodeableConcept"/></type><maxLength value="0"/><mustSupport value="false"/><isModifier value="false"/><isSummary value="true"/><binding><strength value="required"/><description value="The nature of the relationship between a patient and the related person"/><valueSetReference><reference value="http://hl7.org/fhir/ValueSet/relatedperson-relationshiptype"/></valueSetReference></binding><mapping><identity value="v2"/><map value="NK1-3"/></mapping><mapping><identity value="rim"/><map value="code"/></mapping><mapping><identity value="w5"/><map value="class"/></mapping></element><element id="RelatedPerson.name"><path value="RelatedPerson.name"/><name value="RelatedPerson.name"/><short value="A name associated with the person"/><definition value="A name associated with the person."/><requirements value="Related persons need to be identified by name, but it is uncommon to need details about multiple other names for that person."/><min value="0"/><max value="1"/><type><code value="HumanName"/><profile value="http://hl7.org/fhir/us/shr/StructureDefinition/shr-core-HumanName"/></type><maxLength value="0"/><mustSupport value="false"/><isModifier value="false"/><isSummary value="true"/><mapping><identity value="v2"/><map value="NK1-2"/></mapping><mapping><identity value="rim"/><map value="name"/></mapping></element><element id="RelatedPerson.telecom"><path value="RelatedPerson.telecom"/><name value="RelatedPerson.telecom"/><short value="A contact detail for the person"/><definition value="A contact detail for the person, e.g. a telephone number or an email address."/><comments value="Person may have multiple ways to be contacted with different uses or applicable periods.  May need to have options for contacting the person urgently, and also to help with identification."/><requirements value="People have (primary) ways to contact them in some way such as phone, email."/><min value="0"/><max value="*"/><type><code value="ContactPoint"/></type><maxLength value="0"/><mustSupport value="false"/><isModifier value="false"/><isSummary value="true"/><mapping><identity value="v2"/><map value="NK1-5 / NK1-6 / NK1-40"/></mapping><mapping><identity value="rim"/><map value="telecom"/></mapping></element><element id="RelatedPerson.gender"><path value="RelatedPerson.gender"/><name value="RelatedPerson.gender"/><short value="male | female | other | unknown"/><definition value="Administrative Gender - the gender that the person is considered to have for administration and record keeping purposes."/><requirements value="Needed for identification of the person, in combination with (at least) name and birth date."/><min value="0"/><max value="1"/><type><code value="code"/></type><maxLength value="0"/><mustSupport value="false"/><isModifier value="false"/><isSummary value="true"/><binding><strength value="required"/><description value="The gender of a person used for administrative purposes."/><valueSetReference><reference value="http://hl7.org/fhir/ValueSet/administrative-gender"/></valueSetReference></binding><mapping><identity value="v2"/><map value="NK1-15"/></mapping><mapping><identity value="rim"/><map value="administrativeGender"/></mapping></element><element id="RelatedPerson.birthDate"><path value="RelatedPerson.birthDate"/><name value="RelatedPerson.birthDate"/><short value="The date on which the related person was born"/><definition value="The date on which the related person was born."/><min value="0"/><max value="1"/><type><code value="date"/></type><maxLength value="0"/><mustSupport value="false"/><isModifier value="false"/><isSummary value="true"/></element><element id="RelatedPerson.address"><path value="RelatedPerson.address"/><name value="RelatedPerson.address"/><short value="Address where the related person can be contacted or visited"/><definition value="Address where the related person can be contacted or visited."/><requirements value="Need to keep track where the related person can be contacted per postal mail or visited."/><min value="0"/><max value="*"/><type><code value="Address"/></type><maxLength value="0"/><mustSupport value="false"/><isModifier value="false"/><isSummary value="true"/><mapping><identity value="v2"/><map value="NK1-4"/></mapping><mapping><identity value="rim"/><map value="addr"/></mapping></element><element id="RelatedPerson.photo"><path value="RelatedPerson.photo"/><name value="RelatedPerson.photo"/><short value="Image of the person"/><definition value="Image of the person."/><requirements value="Many EHR systems have the capability to capture an image of persons. Fits with newer social media usage too."/><min value="0"/><max value="*"/><type><code value="Attachment"/></type><maxLength value="0"/><mustSupport value="false"/><isModifier value="false"/><isSummary value="false"/><mapping><identity value="v2"/><map value="OBX-5 - needs a profile"/></mapping><mapping><identity value="rim"/><map value="player[classCode=&#39;PSN&#39; and determinerCode=&#39;INSTANCE&#39;]/desc"/></mapping></element><element id="RelatedPerson.period"><path value="RelatedPerson.period"/><name value="RelatedPerson.period"/><short value="Period of time that this relationship is considered valid"/><definition value="The period of time that this relationship is considered to be valid. If there are no dates defined, then the interval is unknown."/><min value="0"/><max value="1"/><type><code value="Period"/></type><maxLength value="0"/><mustSupport value="false"/><isModifier value="false"/><isSummary value="false"/><mapping><identity value="w5"/><map value="when.done"/></mapping></element></snapshot><differential><element id="RelatedPerson"><path value="RelatedPerson"/><name value="RelatedPerson"/><short value="shr-core-RelatedPerson"/><definition value="A person in a role defined in relationship to a patient"/><min value="0"/><type><code value="RelatedPerson"/></type><maxLength value="0"/><mustSupport value="false"/><isModifier value="false"/><isSummary value="false"/></element><element id="RelatedPerson.extension"><path value="RelatedPerson.extension"/><name value="RelatedPerson.extension"/><slicing id="1"><discriminator value="url"/><ordered value="false"/><rules value="open"/></slicing><min value="0"/><maxLength value="0"/><mustSupport value="false"/><isModifier value="false"/><isSummary value="false"/></element><element id="status"><path value="RelatedPerson.extension"/><name value="status"/><definition value="A state that relates to the workflow or interpretation of this resource. Certain status values can modify the meaning of the resource, for example, entered-in-error. When a boolean value is used, Status of true indicates the record is active, false means inactive."/><min value="0"/><max value="1"/><base><path value="RelatedPerson.extension"/><min value="0"/><max value="*"/></base><type><code value="Extension"/><profile value="http://hl7.org/fhir/us/shr/StructureDefinition/shr-core-Status-extension"/></type><maxLength value="0"/><mustSupport value="false"/><isModifier value="false"/><isSummary value="false"/></element><element id="RelatedPerson.extension.valueCodeableConcept"><path value="RelatedPerson.extension.valueCodeableConcept"/><name value="RelatedPerson.extension.valueCodeableConcept"/><min value="0"/><maxLength value="0"/><mustSupport value="false"/><isModifier value="false"/><isSummary value="false"/><binding><strength value="required"/><valueSetReference><reference value="http://hl7.org/fhir/us/projectURL/shr/core/vs/ActiveOrInactiveVS"/></valueSetReference></binding></element><element id="RelatedPerson.name"><path value="RelatedPerson.name"/><name value="RelatedPerson.name"/><min value="0"/><type><code value="HumanName"/><profile value="http://hl7.org/fhir/us/shr/StructureDefinition/shr-core-HumanName"/></type><maxLength value="0"/><mustSupport value="false"/><isModifier value="false"/><isSummary value="false"/></element></differential></StructureDefinition>