<?xml version="1.0" encoding="UTF-8"?><StructureDefinition xmlns="http://hl7.org/fhir"><id value="shr-base-Focus-extension"/><text><status value="generated"/><div xmlns="http://www.w3.org/1999/xhtml">
  <p><b>Focus Extension</b></p>
  <p>The entity this condition or observation relates to, for example, a related person. The Focus is only required if the person or thing observed is different than the patient. Focus should not be an anatomical location. Examples: The focus for cancer progression would be the cancer condition; for wound length, an instance of a wound (a condition).</p>
</div></text><url value="http://hl7.org/fhir/us/fhirURL/StructureDefinition/shr-base-Focus-extension"/><identifier><system value="http://hl7.org/fhir/us/projectURL"/><value value="shr.base.Focus"/></identifier><version value="0.6.0"/><name value="Focus"/><display value="shr-base-Focus"/><status value="draft"/><publisher value="The MITRE Corporation"/><contact><telecom><system value="other"/><value value="http://www.hl7.org/Special/committees/cic/index.cfm"/><rank value="0"/></telecom></contact><date value="2019-02-08T00:00:00-05:00"/><description value="The entity this condition or observation relates to, for example, a related person. The Focus is only required if the person or thing observed is different than the patient. Focus should not be an anatomical location. Examples: The focus for cancer progression would be the cancer condition; for wound length, an instance of a wound (a condition)."/><fhirVersion value="1.0.2"/><kind value="datatype"/><constrainedType value="Extension"/><abstract value="false"/><contextType value="resource"/><context value="*"/><base value="http://hl7.org/fhir/StructureDefinition/Extension"/><snapshot><element id="Extension"><path value="Extension"/><name value="Extension"/><short value="Focus"/><definition value="The entity this condition or observation relates to, for example, a related person. The Focus is only required if the person or thing observed is different than the patient. Focus should not be an anatomical location. Examples: The focus for cancer progression would be the cancer condition; for wound length, an instance of a wound (a condition)."/><min value="0"/><max value="*"/><base><path value="Extension"/><min value="0"/><max value="1"/></base><type><code value="Extension"/></type><maxLength value="0"/><mustSupport value="false"/><isModifier value="false"/><isSummary value="false"/></element><element id="Extension.id"><path value="Extension.id"/><representation value="xmlAttr"/><name value="Extension.id"/><short value="xml:id (or equivalent in JSON)"/><definition value="unique id for the element within a resource (for internal references). This may be any string value that does not contain spaces."/><min value="0"/><max value="1"/><base><path value="Element.id"/><min value="0"/><max value="1"/></base><type><code value="string"/></type><maxLength value="0"/><mustSupport value="false"/><isModifier value="false"/><isSummary value="false"/><mapping><identity value="rim"/><map value="N/A"/></mapping></element><element id="extension"><path value="Extension.extension"/><name value="extension"/><short value="Extension"/><definition value="An Extension"/><min value="0"/><max value="0"/><base><path value="Element.extension"/><min value="0"/><max value="*"/></base><type><code value="Extension"/></type><maxLength value="0"/><mustSupport value="false"/><isModifier value="false"/><isSummary value="false"/></element><element id="Extension.url"><path value="Extension.url"/><representation value="xmlAttr"/><name value="Extension.url"/><short value="identifies the meaning of the extension"/><definition value="Source of the definition for the extension code - a logical name or a URL."/><min value="1"/><max value="1"/><base><path value="Extension.url"/><min value="1"/><max value="1"/></base><type><code value="uri"/></type><fixedUri value="http://hl7.org/fhir/us/fhirURL/StructureDefinition/shr-base-Focus-extension"/><maxLength value="0"/><mustSupport value="false"/><isModifier value="false"/><isSummary value="false"/><mapping><identity value="rim"/><map value="N/A"/></mapping></element><element id="Extension.value[x]"><path value="Extension.value[x]"/><name value="Extension.value[x]"/><short value="Value of extension"/><definition value="Value of extension - may be a resource or one of a constrained set of the data types (see Extensibility in the spec for list)."/><min value="1"/><max value="1"/><base><path value="Extension.value[x]"/><min value="0"/><max value="1"/></base><type><code value="Reference"/><profile value="http://hl7.org/fhir/us/fhirURL/StructureDefinition/shr-base-DomainResource"/></type><type><code value="CodeableConcept"/></type><maxLength value="0"/><mustSupport value="false"/><isModifier value="false"/><isSummary value="false"/><mapping><identity value="rim"/><map value="N/A"/></mapping></element></snapshot><differential><element id="Extension"><path value="Extension"/><name value="Extension"/><short value="Focus"/><definition value="The entity this condition or observation relates to, for example, a related person. The Focus is only required if the person or thing observed is different than the patient. Focus should not be an anatomical location. Examples: The focus for cancer progression would be the cancer condition; for wound length, an instance of a wound (a condition)."/><min value="0"/><max value="*"/><type><code value="Extension"/></type><maxLength value="0"/><mustSupport value="false"/><isModifier value="false"/><isSummary value="false"/></element><element id="Extension.extension"><path value="Extension.extension"/><name value="Extension.extension"/><min value="0"/><max value="0"/><maxLength value="0"/><mustSupport value="false"/><isModifier value="false"/><isSummary value="false"/></element><element id="Extension.url"><path value="Extension.url"/><name value="Extension.url"/><min value="0"/><type><code value="uri"/></type><fixedUri value="http://hl7.org/fhir/us/fhirURL/StructureDefinition/shr-base-Focus-extension"/><maxLength value="0"/><mustSupport value="false"/><isModifier value="false"/><isSummary value="false"/></element><element id="Extension.value[x]"><path value="Extension.value[x]"/><name value="Extension.value[x]"/><min value="1"/><type><code value="Reference"/><profile value="http://hl7.org/fhir/us/fhirURL/StructureDefinition/shr-base-DomainResource"/></type><type><code value="CodeableConcept"/></type><maxLength value="0"/><mustSupport value="false"/><isModifier value="false"/><isSummary value="false"/></element></differential></StructureDefinition>