<?xml version="1.0" encoding="UTF-8"?><StructureDefinition xmlns="http://hl7.org/fhir"><id value="shr-encounter-Diagnosis-extension"/><text><status value="generated"/><div xmlns="http://www.w3.org/1999/xhtml">
  <p><b>Diagnosis Extension</b></p>
  <p>A diagnosis, which is a disease or injury determined to be present through evaluation of patient history, examination, and/or review of laboratory data.</p>
</div></text><url value="http://hl7.org/fhir/us/fhirURL/StructureDefinition/shr-encounter-Diagnosis-extension"/><identifier><system value="http://hl7.org/fhir/us/projectURL"/><value value="shr.encounter.Diagnosis"/></identifier><version value="0.6.0"/><name value="Diagnosis"/><display value="shr-encounter-Diagnosis"/><status value="draft"/><publisher value="The MITRE Corporation"/><contact><telecom><system value="other"/><value value="http://www.hl7.org/Special/committees/cic/index.cfm"/><rank value="0"/></telecom></contact><date value="2019-02-08T00:00:00-05:00"/><description value="A diagnosis, which is a disease or injury determined to be present through evaluation of patient history, examination, and/or review of laboratory data."/><fhirVersion value="1.0.2"/><kind value="datatype"/><constrainedType value="Extension"/><abstract value="false"/><contextType value="resource"/><context value="*"/><base value="http://hl7.org/fhir/StructureDefinition/Extension"/><snapshot><element id="Extension"><path value="Extension"/><name value="Extension"/><short value="Diagnosis"/><definition value="A diagnosis, which is a disease or injury determined to be present through evaluation of patient history, examination, and/or review of laboratory data."/><min value="0"/><max value="*"/><base><path value="Extension"/><min value="0"/><max value="1"/></base><type><code value="Extension"/></type><maxLength value="0"/><mustSupport value="false"/><isModifier value="false"/><isSummary value="false"/></element><element id="Extension.id"><path value="Extension.id"/><representation value="xmlAttr"/><name value="Extension.id"/><short value="xml:id (or equivalent in JSON)"/><definition value="unique id for the element within a resource (for internal references). This may be any string value that does not contain spaces."/><min value="0"/><max value="1"/><base><path value="Element.id"/><min value="0"/><max value="1"/></base><type><code value="string"/></type><maxLength value="0"/><mustSupport value="false"/><isModifier value="false"/><isSummary value="false"/><mapping><identity value="rim"/><map value="N/A"/></mapping></element><element id="Extension.extension"><path value="Extension.extension"/><name value="Extension.extension"/><slicing id="1"><discriminator value="url"/><ordered value="false"/><rules value="open"/></slicing><short value="Extension"/><definition value="An Extension"/><min value="0"/><max value="*"/><base><path value="Element.extension"/><min value="0"/><max value="*"/></base><type><code value="Extension"/></type><maxLength value="0"/><mustSupport value="false"/><isModifier value="false"/><isSummary value="false"/></element><element id="diagnosiscode"><path value="Extension.extension"/><name value="diagnosiscode"/><definition value="A code for the diagnosis."/><min value="1"/><max value="1"/><base><path value="Extension.extension"/><min value="0"/><max value="1"/></base><type><code value="Extension"/><profile value="http://hl7.org/fhir/us/fhirURL/StructureDefinition/shr-encounter-DiagnosisCode-extension"/></type><maxLength value="0"/><mustSupport value="false"/><isModifier value="false"/><isSummary value="false"/><mapping><identity value="rim"/><map value="N/A"/></mapping></element><element id="priorityrank"><path value="Extension.extension"/><name value="priorityrank"/><definition value="An indication of the importance of an action."/><min value="0"/><max value="1"/><base><path value="Extension.extension"/><min value="0"/><max value="1"/></base><type><code value="Extension"/><profile value="http://hl7.org/fhir/us/fhirURL/StructureDefinition/shr-core-PriorityRank-extension"/></type><maxLength value="0"/><mustSupport value="false"/><isModifier value="false"/><isSummary value="false"/><mapping><identity value="rim"/><map value="N/A"/></mapping></element><element id="type"><path value="Extension.extension"/><name value="type"/><definition value="A code describing the item at a greater level of detail."/><min value="0"/><max value="1"/><base><path value="Extension.extension"/><min value="0"/><max value="1"/></base><type><code value="Extension"/><profile value="http://hl7.org/fhir/us/fhirURL/StructureDefinition/shr-core-Type-extension"/></type><maxLength value="0"/><mustSupport value="false"/><isModifier value="false"/><isSummary value="false"/><mapping><identity value="rim"/><map value="N/A"/></mapping></element><element id="Extension.extension.id"><path value="Extension.extension.id"/><representation value="xmlAttr"/><name value="Extension.extension.id"/><short value="xml:id (or equivalent in JSON)"/><definition value="unique id for the element within a resource (for internal references). This may be any string value that does not contain spaces."/><min value="0"/><max value="1"/><base><path value="Element.id"/><min value="0"/><max value="1"/></base><type><code value="string"/></type><maxLength value="0"/><mustSupport value="false"/><isModifier value="false"/><isSummary value="false"/><mapping><identity value="rim"/><map value="N/A"/></mapping></element><element id="extension"><path value="Extension.extension.extension"/><name value="extension"/><short value="Extension"/><definition value="An Extension"/><min value="0"/><max value="0"/><base><path value="Element.extension"/><min value="0"/><max value="*"/></base><type><code value="Extension"/></type><maxLength value="0"/><mustSupport value="false"/><isModifier value="false"/><isSummary value="false"/></element><element id="Extension.extension.url"><path value="Extension.extension.url"/><representation value="xmlAttr"/><name value="Extension.extension.url"/><short value="identifies the meaning of the extension"/><definition value="Source of the definition for the extension code - a logical name or a URL."/><min value="1"/><max value="1"/><base><path value="Extension.url"/><min value="1"/><max value="1"/></base><type><code value="uri"/></type><fixedUri value="http://hl7.org/fhir/us/fhirURL/StructureDefinition/shr-core-Type-extension"/><maxLength value="0"/><mustSupport value="false"/><isModifier value="false"/><isSummary value="false"/><mapping><identity value="rim"/><map value="N/A"/></mapping></element><element id="Extension.extension.valueCodeableConcept"><path value="Extension.extension.valueCodeableConcept"/><name value="Extension.extension.valueCodeableConcept"/><short value="Value of extension"/><definition value="Value of extension - may be a resource or one of a constrained set of the data types (see Extensibility in the spec for list)."/><min value="1"/><max value="1"/><base><path value="Extension.value[x]"/><min value="0"/><max value="1"/></base><type><code value="CodeableConcept"/></type><maxLength value="0"/><mustSupport value="false"/><isModifier value="false"/><isSummary value="false"/><binding><strength value="preferred"/><valueSetReference><reference value="http://hl7.org/fhir/ValueSet/diagnosis-role"/></valueSetReference></binding><mapping><identity value="rim"/><map value="N/A"/></mapping><mapping><identity value="shr"/><map value="&lt;shr.core.Type&gt;.&lt;shr.core.CodeableConcept&gt;"/></mapping></element><element id="Extension.url"><path value="Extension.url"/><representation value="xmlAttr"/><name value="Extension.url"/><short value="identifies the meaning of the extension"/><definition value="Source of the definition for the extension code - a logical name or a URL."/><min value="1"/><max value="1"/><base><path value="Extension.url"/><min value="1"/><max value="1"/></base><type><code value="uri"/></type><fixedUri value="http://hl7.org/fhir/us/fhirURL/StructureDefinition/shr-encounter-Diagnosis-extension"/><maxLength value="0"/><mustSupport value="false"/><isModifier value="false"/><isSummary value="false"/><mapping><identity value="rim"/><map value="N/A"/></mapping></element><element id="Extension.value[x]"><path value="Extension.value[x]"/><name value="Extension.value[x]"/><short value="Value of extension"/><definition value="Value of extension - may be a resource or one of a constrained set of the data types (see Extensibility in the spec for list)."/><min value="0"/><max value="0"/><base><path value="Extension.value[x]"/><min value="0"/><max value="1"/></base><type><code value="base64Binary"/></type><type><code value="boolean"/></type><type><code value="code"/></type><type><code value="date"/></type><type><code value="dateTime"/></type><type><code value="decimal"/></type><type><code value="id"/></type><type><code value="instant"/></type><type><code value="integer"/></type><type><code value="markdown"/></type><type><code value="oid"/></type><type><code value="positiveInt"/></type><type><code value="string"/></type><type><code value="time"/></type><type><code value="unsignedInt"/></type><type><code value="uri"/></type><type><code value="Address"/></type><type><code value="Age"/></type><type><code value="Annotation"/></type><type><code value="Attachment"/></type><type><code value="CodeableConcept"/></type><type><code value="Coding"/></type><type><code value="ContactPoint"/></type><type><code value="Count"/></type><type><code value="Distance"/></type><type><code value="Duration"/></type><type><code value="HumanName"/></type><type><code value="Identifier"/></type><type><code value="Money"/></type><type><code value="Period"/></type><type><code value="Quantity"/></type><type><code value="Range"/></type><type><code value="Ratio"/></type><type><code value="Reference"/></type><type><code value="SampledData"/></type><type><code value="Signature"/></type><type><code value="Timing"/></type><type><code value="Meta"/></type><maxLength value="0"/><mustSupport value="false"/><isModifier value="false"/><isSummary value="false"/><mapping><identity value="rim"/><map value="N/A"/></mapping></element></snapshot><differential><element id="Extension"><path value="Extension"/><name value="Extension"/><short value="Diagnosis"/><definition value="A diagnosis, which is a disease or injury determined to be present through evaluation of patient history, examination, and/or review of laboratory data."/><min value="0"/><max value="*"/><type><code value="Extension"/></type><maxLength value="0"/><mustSupport value="false"/><isModifier value="false"/><isSummary value="false"/></element><element id="diagnosiscode"><path value="Extension.extension"/><name value="diagnosiscode"/><definition value="A code for the diagnosis."/><min value="1"/><max value="1"/><type><code value="Extension"/><profile value="http://hl7.org/fhir/us/fhirURL/StructureDefinition/shr-encounter-DiagnosisCode-extension"/></type><maxLength value="0"/><mustSupport value="false"/><isModifier value="false"/><isSummary value="false"/></element><element id="priorityrank"><path value="Extension.extension"/><name value="priorityrank"/><definition value="An indication of the importance of an action."/><min value="0"/><max value="1"/><type><code value="Extension"/><profile value="http://hl7.org/fhir/us/fhirURL/StructureDefinition/shr-core-PriorityRank-extension"/></type><maxLength value="0"/><mustSupport value="false"/><isModifier value="false"/><isSummary value="false"/></element><element id="type"><path value="Extension.extension"/><name value="type"/><definition value="A code describing the item at a greater level of detail."/><min value="0"/><max value="1"/><type><code value="Extension"/><profile value="http://hl7.org/fhir/us/fhirURL/StructureDefinition/shr-core-Type-extension"/></type><maxLength value="0"/><mustSupport value="false"/><isModifier value="false"/><isSummary value="false"/></element><element id="Extension.extension.valueCodeableConcept"><path value="Extension.extension.valueCodeableConcept"/><name value="Extension.extension.valueCodeableConcept"/><min value="0"/><maxLength value="0"/><mustSupport value="false"/><isModifier value="false"/><isSummary value="false"/><binding><strength value="preferred"/><valueSetReference><reference value="http://hl7.org/fhir/ValueSet/diagnosis-role"/></valueSetReference></binding><mapping><identity value="shr"/><map value="&lt;shr.core.Type&gt;.&lt;shr.core.CodeableConcept&gt;"/></mapping></element><element id="Extension.url"><path value="Extension.url"/><name value="Extension.url"/><min value="0"/><type><code value="uri"/></type><fixedUri value="http://hl7.org/fhir/us/fhirURL/StructureDefinition/shr-encounter-Diagnosis-extension"/><maxLength value="0"/><mustSupport value="false"/><isModifier value="false"/><isSummary value="false"/></element><element id="Extension.value[x]"><path value="Extension.value[x]"/><name value="Extension.value[x]"/><min value="0"/><max value="0"/><maxLength value="0"/><mustSupport value="false"/><isModifier value="false"/><isSummary value="false"/></element></differential></StructureDefinition>