<?xml version="1.0" encoding="UTF-8"?><StructureDefinition xmlns="http://hl7.org/fhir"><id value="shr-base-PractitionerOrDevice"/><text><status value="generated"/><div xmlns="http://www.w3.org/1999/xhtml">
  <p><b>PractitionerOrDevice Profile</b></p>
  <p>A choice of Practitioner or Device. Needed for mapping to FHIR.</p>
  <p><b>Mapping Summary</b></p>
  <p><pre>shr.base.PractitionerOrDevice maps to DomainResource:
  _Entry.EntryId maps to id
  Language maps to language
  Narrative maps to text
  ImplicitRules maps to implicitRules
  Metadata.VersionId maps to meta.versionId
  Metadata.LastUpdated maps to meta.lastUpdated
  Metadata.SecurityLabel maps to meta.security
  Metadata.Tag maps to meta.tag
</pre></p>
</div></text><url value="http://hl7.org/fhir/us/fhirURL/StructureDefinition/shr-base-PractitionerOrDevice"/><identifier><system value="http://hl7.org/fhir/us/projectURL"/><value value="shr.base.PractitionerOrDevice"/></identifier><version value="0.6.0"/><name value="PractitionerOrDevice"/><display value="shr-base-PractitionerOrDevice"/><status value="draft"/><publisher value="The MITRE Corporation"/><contact><telecom><system value="other"/><value value="http://www.hl7.org/Special/committees/cic/index.cfm"/><rank value="0"/></telecom></contact><date value="2019-02-07T00:00:00-05:00"/><description value="A choice of Practitioner or Device. Needed for mapping to FHIR."/><fhirVersion value="1.0.2"/><mapping><identity value="rim"/><uri value="http://hl7.org/v3"/><name value="RIM"/></mapping><kind value="resource"/><constrainedType value="DomainResource"/><abstract value="true"/><base value="http://hl7.org/fhir/StructureDefinition/DomainResource"/><snapshot><element id="DomainResource"><path value="DomainResource"/><name value="DomainResource"/><short value="shr-base-PractitionerOrDevice"/><definition value="A choice of Practitioner or Device. Needed for mapping to FHIR."/><min value="0"/><max value="*"/><type><code value="DomainResource"/></type><maxLength value="0"/><constraint><key value="dom-4"/><severity value="error"/><human value="If a resource is contained in another resource, it SHALL NOT have a meta.versionId or a meta.lastUpdated"/><xpath value="not(exists(f:contained/*/f:meta/f:versionId)) and not(exists(f:contained/*/f:meta/f:lastUpdated))"/></constraint><constraint><key value="dom-3"/><severity value="error"/><human value="If the resource is contained in another resource, it SHALL be referred to from elsewhere in the resource"/><xpath value="not(exists(for $id in f:contained/*/@id return $id[not(ancestor::f:contained/parent::*/descendant::f:reference/@value=concat(&#39;#&#39;, $id))]))"/></constraint><constraint><key value="dom-2"/><severity value="error"/><human value="If the resource is contained in another resource, it SHALL NOT contain nested Resources"/><xpath value="not(parent::f:contained and f:contained)"/></constraint><constraint><key value="dom-1"/><severity value="error"/><human value="If the resource is contained in another resource, it SHALL NOT contain any narrative"/><xpath value="not(parent::f:contained and f:text)"/></constraint><mustSupport value="false"/><isModifier value="false"/><isSummary value="false"/><mapping><identity value="rim"/><map value="Entity. Role, or Act"/></mapping></element><element id="DomainResource.id"><path value="DomainResource.id"/><name value="DomainResource.id"/><short value="Logical id of this artifact"/><definition value="The logical id of the resource, as used in the URL for the resource. Once assigned, this value never changes."/><comments value="The only time that a resource does not have an id is when it is being submitted to the server using a create operation. Bundles always have an id, though it is usually a generated UUID."/><min value="0"/><max value="1"/><type><code value="id"/></type><maxLength value="0"/><mustSupport value="false"/><isModifier value="false"/><isSummary value="true"/><mapping><identity value="shr"/><map value="&lt;_Entry&gt;.&lt;shr.base.EntryId&gt;"/></mapping></element><element id="DomainResource.meta"><path value="DomainResource.meta"/><name value="DomainResource.meta"/><short value="Metadata about the resource"/><definition value="The metadata about the resource. This is content that is maintained by the infrastructure. Changes to the content may not always be associated with version changes to the resource."/><min value="0"/><max value="1"/><type><code value="Meta"/></type><maxLength value="0"/><mustSupport value="false"/><isModifier value="false"/><isSummary value="true"/></element><element id="DomainResource.meta.id"><path value="DomainResource.meta.id"/><representation value="xmlAttr"/><name value="DomainResource.meta.id"/><short value="xml:id (or equivalent in JSON)"/><definition value="unique id for the element within a resource (for internal references)."/><min value="0"/><max value="1"/><type><code value="id"/></type><maxLength value="0"/><mustSupport value="false"/><isModifier value="false"/><isSummary value="false"/><mapping><identity value="rim"/><map value="n/a"/></mapping></element><element id="DomainResource.meta.extension"><path value="DomainResource.meta.extension"/><name value="DomainResource.meta.extension"/><short value="Additional Content defined by implementations"/><definition value="May be used to represent additional information that is not part of the basic definition of the element. In order to make the use of extensions safe and manageable, there is a strict set of governance  applied to the definition and use of extensions. Though any implementer is allowed to define an extension, there is a set of requirements that SHALL be met as part of the definition of the extension."/><comments value="There can be no stigma associated with the use of extensions by any application, project, or standard - regardless of the institution or jurisdiction that uses or defines the extensions.  The use of extensions is what allows the FHIR specification to retain a core level of simplicity for everyone."/><alias value="extensions"/><alias value="user content"/><min value="0"/><max value="*"/><type><code value="Extension"/></type><maxLength value="0"/><mustSupport value="false"/><isModifier value="false"/><isSummary value="false"/><mapping><identity value="rim"/><map value="n/a"/></mapping></element><element id="DomainResource.meta.versionId"><path value="DomainResource.meta.versionId"/><name value="DomainResource.meta.versionId"/><short value="Version specific identifier"/><definition value="The version specific identifier, as it appears in the version portion of the URL. This values changes when the resource is created, updated, or deleted."/><comments value="The server assigns this value, and ignores what the client specifies, except in the case that the server is imposing version integrity on updates/deletes."/><min value="0"/><max value="1"/><type><code value="id"/></type><maxLength value="0"/><mustSupport value="false"/><isModifier value="false"/><isSummary value="true"/><mapping><identity value="shr"/><map value="&lt;shr.base.Metadata&gt;.&lt;shr.base.VersionId&gt;"/></mapping></element><element id="DomainResource.meta.lastUpdated"><path value="DomainResource.meta.lastUpdated"/><name value="DomainResource.meta.lastUpdated"/><short value="When the resource version last changed"/><definition value="When the resource last changed - e.g. when the version changed."/><comments value="This value is always populated except when the resource is first being created. The server / resource manager sets this value; what a client provides is irrelevant."/><min value="0"/><max value="1"/><type><code value="instant"/></type><maxLength value="0"/><mustSupport value="false"/><isModifier value="false"/><isSummary value="true"/><mapping><identity value="shr"/><map value="&lt;shr.base.Metadata&gt;.&lt;shr.base.LastUpdated&gt;"/></mapping></element><element id="DomainResource.meta.profile"><path value="DomainResource.meta.profile"/><name value="DomainResource.meta.profile"/><short value="Profiles this resource claims to conform to"/><definition value="A list of profiles [[[StructureDefinition]]]s that this resource claims to conform to. The URL is a reference to [[[StructureDefinition.url]]]."/><comments value="It is up to the server and/or other infrastructure of policy to determine whether/how these claims are verified and/or updated over time.  The list of profile URLs is a set."/><min value="0"/><max value="*"/><type><code value="uri"/></type><maxLength value="0"/><mustSupport value="false"/><isModifier value="false"/><isSummary value="true"/></element><element id="DomainResource.meta.security"><path value="DomainResource.meta.security"/><name value="DomainResource.meta.security"/><short value="Security Labels applied to this resource"/><definition value="Security labels applied to this resource. These tags connect specific resources to the overall security policy and infrastructure."/><comments value="The security labels can be updated without changing the stated version of the resource  The list of security labels is a set. Uniqueness is based the system/code, and version and display are ignored."/><min value="0"/><max value="*"/><type><code value="Coding"/></type><maxLength value="0"/><mustSupport value="false"/><isModifier value="false"/><isSummary value="true"/><binding><strength value="extensible"/><description value="Security Labels from the Healthcare Privacy and Security Classification System."/><valueSetReference><reference value="http://hl7.org/fhir/ValueSet/security-labels"/></valueSetReference></binding><mapping><identity value="shr"/><map value="&lt;shr.base.Metadata&gt;.&lt;shr.base.SecurityLabel&gt;"/></mapping></element><element id="DomainResource.meta.tag"><path value="DomainResource.meta.tag"/><name value="DomainResource.meta.tag"/><short value="Tags applied to this resource"/><definition value="Tags applied to this resource. Tags are intended to be used to identify and relate resources to process and workflow, and applications are not required to consider the tags when interpreting the meaning of a resource."/><comments value="The tags can be updated without changing the stated version of the resource.  The list of tags is a set. Uniqueness is based the system/code, and version and display are ignored."/><min value="0"/><max value="*"/><type><code value="Coding"/></type><maxLength value="0"/><mustSupport value="false"/><isModifier value="false"/><isSummary value="true"/><binding><strength value="example"/><description value="Codes that represent various types of tags, commonly workflow-related; e.g. &quot;Needs review by Dr. Jones&quot;"/></binding><mapping><identity value="shr"/><map value="&lt;shr.base.Metadata&gt;.&lt;shr.base.Tag&gt;"/></mapping></element><element id="DomainResource.implicitRules"><path value="DomainResource.implicitRules"/><name value="DomainResource.implicitRules"/><short value="A set of rules under which this content was created"/><definition value="A reference to a set of rules that were followed when the resource was constructed, and which must be understood when processing the content."/><comments value="Asserting this rule set restricts the content to be only understood by a limited set of trading partners. This inherently limits the usefulness of the data in the long term. However, the existing health eco-system is highly fractured, and not yet ready to define, collect, and exchange data in a generally computable sense. Wherever possible, implementers and/or specification writers should avoid using this element as much as possible."/><min value="0"/><max value="1"/><type><code value="uri"/></type><maxLength value="0"/><mustSupport value="false"/><isModifier value="true"/><isSummary value="true"/><mapping><identity value="shr"/><map value="&lt;shr.base.ImplicitRules&gt;"/></mapping></element><element id="DomainResource.language"><path value="DomainResource.language"/><name value="DomainResource.language"/><short value="Language of the resource content"/><definition value="The base language in which the resource is written."/><comments value="Language is provided to support indexing and accessibility (typically, services such as text to speech use the language tag). The html language tag in the narrative applies  to the narrative. The language tag on the resource may be used to specify the language of other presentations generated from the data in the resource  Not all the content has to be in the base language. The Resource.language should not be assumed to apply to the narrative automatically. If a language is specified, it should it also be specified on the div element in the html (see rules in HTML5 for information about the relationship between xml:lang and the html lang attribute)."/><min value="0"/><max value="1"/><type><code value="code"/></type><maxLength value="0"/><mustSupport value="false"/><isModifier value="false"/><isSummary value="false"/><binding><strength value="required"/><description value="A human language."/><valueSetReference><reference value="http://tools.ietf.org/html/bcp47"/></valueSetReference></binding><mapping><identity value="shr"/><map value="&lt;shr.base.Language&gt;"/></mapping></element><element id="DomainResource.text"><path value="DomainResource.text"/><name value="DomainResource.text"/><short value="Text summary of the resource, for human interpretation"/><definition value="A human-readable narrative that contains a summary of the resource, and may be used to represent the content of the resource to a human. The narrative need not encode all the structured data, but is required to contain sufficient detail to make it &quot;clinically safe&quot; for a human to just read the narrative. Resource definitions may define what content should be represented in the narrative to ensure clinical safety."/><comments value="Contained resources do not have narrative. Resources that are not contained SHOULD have a narrative."/><alias value="narrative"/><alias value="html"/><alias value="xhtml"/><alias value="display"/><min value="0"/><max value="1"/><type><code value="Narrative"/></type><maxLength value="0"/><condition value="dom-1"/><mustSupport value="false"/><isModifier value="false"/><isSummary value="false"/><mapping><identity value="rim"/><map value="Act.text?"/></mapping><mapping><identity value="shr"/><map value="&lt;shr.base.Narrative&gt;"/></mapping></element><element id="DomainResource.contained"><path value="DomainResource.contained"/><name value="DomainResource.contained"/><short value="Contained, inline Resources"/><definition value="These resources do not have an independent existence apart from the resource that contains them - they cannot be identified independently, and nor can they have their own independent transaction scope."/><comments value="This should never be done when the content can be identified properly, as once identification is lost, it is extremely difficult (and context dependent) to restore it again."/><alias value="inline resources"/><alias value="anonymous resources"/><alias value="contained resources"/><min value="0"/><max value="*"/><type><code value="Resource"/></type><maxLength value="0"/><mustSupport value="false"/><isModifier value="false"/><isSummary value="false"/><mapping><identity value="rim"/><map value="N/A"/></mapping></element><element id="DomainResource.extension"><path value="DomainResource.extension"/><name value="DomainResource.extension"/><slicing id="1"><discriminator value="url"/><ordered value="false"/><rules value="open"/></slicing><short value="Additional Content defined by implementations"/><definition value="May be used to represent additional information that is not part of the basic definition of the resource. In order to make the use of extensions safe and manageable, there is a strict set of governance  applied to the definition and use of extensions. Though any implementer is allowed to define an extension, there is a set of requirements that SHALL be met as part of the definition of the extension."/><comments value="There can be no stigma associated with the use of extensions by any application, project, or standard - regardless of the institution or jurisdiction that uses or defines the extensions.  The use of extensions is what allows the FHIR specification to retain a core level of simplicity for everyone."/><alias value="extensions"/><alias value="user content"/><min value="0"/><max value="*"/><type><code value="Extension"/></type><maxLength value="0"/><mustSupport value="false"/><isModifier value="false"/><isSummary value="false"/><mapping><identity value="rim"/><map value="N/A"/></mapping></element><element id="statusoractive"><path value="DomainResource.extension"/><name value="statusoractive"/><definition value="Abstract class for a property that defines either the status of the recource, or whether the resource is active."/><min value="0"/><max value="1"/><base><path value="DomainResource.extension"/><min value="0"/><max value="*"/></base><type><code value="Extension"/><profile value="http://hl7.org/fhir/us/fhirURL/StructureDefinition/shr-base-StatusOrActive-extension"/></type><maxLength value="0"/><mustSupport value="false"/><isModifier value="false"/><isSummary value="false"/><mapping><identity value="shr"/><map value="&lt;shr.base.StatusOrActive&gt;"/></mapping></element><element id="identifier"><path value="DomainResource.extension"/><name value="identifier"/><definition value="Business identifier or external id for this resource."/><min value="0"/><max value="*"/><base><path value="DomainResource.extension"/><min value="0"/><max value="*"/></base><type><code value="Extension"/><profile value="http://hl7.org/fhir/us/fhirURL/StructureDefinition/shr-core-Identifier-extension"/></type><maxLength value="0"/><mustSupport value="false"/><isModifier value="false"/><isSummary value="false"/><mapping><identity value="shr"/><map value="&lt;shr.core.Identifier&gt;"/></mapping></element><element id="DomainResource.modifierExtension"><path value="DomainResource.modifierExtension"/><name value="DomainResource.modifierExtension"/><short value="Extensions that cannot be ignored"/><definition value="May be used to represent additional information that is not part of the basic definition of the resource, and that modifies the understanding of the element that contains it. Usually modifier elements provide negation or qualification. In order to make the use of extensions safe and manageable, there is a strict set of governance applied to the definition and use of extensions. Though any implementer is allowed to define an extension, there is a set of requirements that SHALL be met as part of the definition of the extension. Applications processing a resource are required to check for modifier extensions."/><comments value="There can be no stigma associated with the use of extensions by any application, project, or standard - regardless of the institution or jurisdiction that uses or defines the extensions.  The use of extensions is what allows the FHIR specification to retain a core level of simplicity for everyone."/><alias value="extensions"/><alias value="user content"/><min value="0"/><max value="*"/><type><code value="Extension"/></type><maxLength value="0"/><mustSupport value="false"/><isModifier value="true"/><isSummary value="false"/><mapping><identity value="rim"/><map value="N/A"/></mapping></element></snapshot><differential><element id="DomainResource"><path value="DomainResource"/><name value="DomainResource"/><short value="shr-base-PractitionerOrDevice"/><definition value="A choice of Practitioner or Device. Needed for mapping to FHIR."/><min value="0"/><type><code value="DomainResource"/></type><maxLength value="0"/><mustSupport value="false"/><isModifier value="false"/><isSummary value="false"/></element><element id="DomainResource.id"><path value="DomainResource.id"/><name value="DomainResource.id"/><min value="0"/><maxLength value="0"/><mustSupport value="false"/><isModifier value="false"/><isSummary value="false"/><mapping><identity value="shr"/><map value="&lt;_Entry&gt;.&lt;shr.base.EntryId&gt;"/></mapping></element><element id="DomainResource.meta"><path value="DomainResource.meta"/><name value="DomainResource.meta"/><min value="0"/><maxLength value="0"/><mustSupport value="false"/><isModifier value="false"/><isSummary value="false"/></element><element id="DomainResource.meta.versionId"><path value="DomainResource.meta.versionId"/><name value="DomainResource.meta.versionId"/><min value="0"/><maxLength value="0"/><mustSupport value="false"/><isModifier value="false"/><isSummary value="false"/><mapping><identity value="shr"/><map value="&lt;shr.base.Metadata&gt;.&lt;shr.base.VersionId&gt;"/></mapping></element><element id="DomainResource.meta.lastUpdated"><path value="DomainResource.meta.lastUpdated"/><name value="DomainResource.meta.lastUpdated"/><min value="0"/><maxLength value="0"/><mustSupport value="false"/><isModifier value="false"/><isSummary value="false"/><mapping><identity value="shr"/><map value="&lt;shr.base.Metadata&gt;.&lt;shr.base.LastUpdated&gt;"/></mapping></element><element id="DomainResource.meta.security"><path value="DomainResource.meta.security"/><name value="DomainResource.meta.security"/><min value="0"/><maxLength value="0"/><mustSupport value="false"/><isModifier value="false"/><isSummary value="false"/><mapping><identity value="shr"/><map value="&lt;shr.base.Metadata&gt;.&lt;shr.base.SecurityLabel&gt;"/></mapping></element><element id="DomainResource.meta.tag"><path value="DomainResource.meta.tag"/><name value="DomainResource.meta.tag"/><min value="0"/><maxLength value="0"/><mustSupport value="false"/><isModifier value="false"/><isSummary value="false"/><mapping><identity value="shr"/><map value="&lt;shr.base.Metadata&gt;.&lt;shr.base.Tag&gt;"/></mapping></element><element id="DomainResource.implicitRules"><path value="DomainResource.implicitRules"/><name value="DomainResource.implicitRules"/><min value="0"/><maxLength value="0"/><mustSupport value="false"/><isModifier value="false"/><isSummary value="false"/><mapping><identity value="shr"/><map value="&lt;shr.base.ImplicitRules&gt;"/></mapping></element><element id="DomainResource.language"><path value="DomainResource.language"/><name value="DomainResource.language"/><min value="0"/><maxLength value="0"/><mustSupport value="false"/><isModifier value="false"/><isSummary value="false"/><mapping><identity value="shr"/><map value="&lt;shr.base.Language&gt;"/></mapping></element><element id="DomainResource.text"><path value="DomainResource.text"/><name value="DomainResource.text"/><min value="0"/><maxLength value="0"/><mustSupport value="false"/><isModifier value="false"/><isSummary value="false"/><mapping><identity value="shr"/><map value="&lt;shr.base.Narrative&gt;"/></mapping></element><element id="DomainResource.extension"><path value="DomainResource.extension"/><name value="DomainResource.extension"/><slicing id="1"><discriminator value="url"/><ordered value="false"/><rules value="open"/></slicing><min value="0"/><maxLength value="0"/><mustSupport value="false"/><isModifier value="false"/><isSummary value="false"/></element><element id="statusoractive"><path value="DomainResource.extension"/><name value="statusoractive"/><definition value="Abstract class for a property that defines either the status of the recource, or whether the resource is active."/><min value="0"/><max value="1"/><base><path value="DomainResource.extension"/><min value="0"/><max value="*"/></base><type><code value="Extension"/><profile value="http://hl7.org/fhir/us/fhirURL/StructureDefinition/shr-base-StatusOrActive-extension"/></type><maxLength value="0"/><mustSupport value="false"/><isModifier value="false"/><isSummary value="false"/><mapping><identity value="shr"/><map value="&lt;shr.base.StatusOrActive&gt;"/></mapping></element><element id="identifier"><path value="DomainResource.extension"/><name value="identifier"/><definition value="Business identifier or external id for this resource."/><min value="0"/><max value="*"/><base><path value="DomainResource.extension"/><min value="0"/><max value="*"/></base><type><code value="Extension"/><profile value="http://hl7.org/fhir/us/fhirURL/StructureDefinition/shr-core-Identifier-extension"/></type><maxLength value="0"/><mustSupport value="false"/><isModifier value="false"/><isSummary value="false"/><mapping><identity value="shr"/><map value="&lt;shr.core.Identifier&gt;"/></mapping></element></differential></StructureDefinition>