<?xml version="1.0" encoding="UTF-8"?><StructureDefinition xmlns="http://hl7.org/fhir"><id value="shr-core-DurationRange"/><text><status value="generated"/><div xmlns="http://www.w3.org/1999/xhtml">
  <p><b>DurationRange Profile</b></p>
  <p>A range of durations.</p>
  <p><b>Mapping Summary</b></p>
  <p><pre>shr.core.DurationRange maps to Range:
  LowerBound maps to low
  UpperBound maps to high
</pre></p>
</div></text><url value="http://hl7.org/fhir/us/fhirURL/StructureDefinition/shr-core-DurationRange"/><identifier><system value="http://hl7.org/fhir/us/projectURL"/><value value="shr.core.DurationRange"/></identifier><version value="0.6.0"/><name value="DurationRange"/><display value="shr-core-DurationRange"/><status value="draft"/><publisher value="The MITRE Corporation"/><contact><telecom><system value="other"/><value value="http://www.hl7.org/Special/committees/cic/index.cfm"/><rank value="0"/></telecom></contact><date value="2019-02-07T00:00:00-05:00"/><description value="A range of durations."/><requirements value="Need to be able to specify ranges of values."/><fhirVersion value="1.0.2"/><mapping><identity value="v2"/><uri value="http://hl7.org/v2"/><name value="HL7 v2"/></mapping><mapping><identity value="rim"/><uri value="http://hl7.org/v3"/><name value="RIM"/></mapping><kind value="datatype"/><constrainedType value="Range"/><abstract value="false"/><base value="http://hl7.org/fhir/StructureDefinition/Range"/><snapshot><element id="Range"><path value="Range"/><name value="Range"/><short value="shr-core-DurationRange"/><definition value="A range of durations."/><comments value="The stated low and high value are assumed to have arbitrarily high precision when it comes to determining which values are in the range. I.e. 1.99 is not in the range 2 -&gt; 3."/><min value="0"/><max value="*"/><type><code value="Range"/></type><maxLength value="0"/><constraint><key value="rng-2"/><severity value="error"/><human value="If present, low SHALL have a lower value than high"/><xpath value="not(exists(f:low/f:value/@value)) or not(exists(f:high/f:value/@value)) or (number(f:low/f:value/@value) &lt;= number(f:high/f:value/@value))"/></constraint><mustSupport value="false"/><isModifier value="false"/><isSummary value="true"/><mapping><identity value="v2"/><map value="NR and also possibly SN (but see also quantity)"/></mapping><mapping><identity value="rim"/><map value="IVL&lt;QTY[not(type=&quot;TS&quot;)]&gt; [lowClosed=&quot;true&quot; and highClosed=&quot;true&quot;]or URG&lt;QTY[not(type=&quot;TS&quot;)]&gt;"/></mapping></element><element id="Range.id"><path value="Range.id"/><representation value="xmlAttr"/><name value="Range.id"/><short value="xml:id (or equivalent in JSON)"/><definition value="unique id for the element within a resource (for internal references)."/><min value="0"/><max value="1"/><type><code value="id"/></type><maxLength value="0"/><mustSupport value="false"/><isModifier value="false"/><isSummary value="false"/><mapping><identity value="rim"/><map value="n/a"/></mapping></element><element id="Range.extension"><path value="Range.extension"/><name value="Range.extension"/><short value="Additional Content defined by implementations"/><definition value="May be used to represent additional information that is not part of the basic definition of the element. In order to make the use of extensions safe and manageable, there is a strict set of governance  applied to the definition and use of extensions. Though any implementer is allowed to define an extension, there is a set of requirements that SHALL be met as part of the definition of the extension."/><comments value="There can be no stigma associated with the use of extensions by any application, project, or standard - regardless of the institution or jurisdiction that uses or defines the extensions.  The use of extensions is what allows the FHIR specification to retain a core level of simplicity for everyone."/><alias value="extensions"/><alias value="user content"/><min value="0"/><max value="*"/><type><code value="Extension"/></type><maxLength value="0"/><mustSupport value="false"/><isModifier value="false"/><isSummary value="false"/><mapping><identity value="rim"/><map value="n/a"/></mapping></element><element id="Range.low"><path value="Range.low"/><name value="Range.low"/><short value="Low limit"/><definition value="The low limit. The boundary is inclusive."/><comments value="If the low element is missing, the low boundary is not known."/><min value="0"/><max value="1"/><type><code value="Quantity"/><profile value="http://hl7.org/fhir/us/fhirURL/StructureDefinition/shr-core-Duration"/></type><maxLength value="0"/><condition value="rng-2"/><mustSupport value="false"/><isModifier value="false"/><isSummary value="true"/><mapping><identity value="v2"/><map value="NR.1"/></mapping><mapping><identity value="rim"/><map value="./low"/></mapping><mapping><identity value="shr"/><map value="&lt;shr.core.LowerBound&gt;"/></mapping></element><element id="Range.high"><path value="Range.high"/><name value="Range.high"/><short value="High limit"/><definition value="The high limit. The boundary is inclusive."/><comments value="If the high element is missing, the high boundary is not known."/><min value="0"/><max value="1"/><type><code value="Quantity"/><profile value="http://hl7.org/fhir/us/fhirURL/StructureDefinition/shr-core-Duration"/></type><maxLength value="0"/><condition value="rng-2"/><mustSupport value="false"/><isModifier value="false"/><isSummary value="true"/><mapping><identity value="v2"/><map value="NR.2"/></mapping><mapping><identity value="rim"/><map value="./high"/></mapping><mapping><identity value="shr"/><map value="&lt;shr.core.UpperBound&gt;"/></mapping></element></snapshot><differential><element id="Range"><path value="Range"/><name value="Range"/><short value="shr-core-DurationRange"/><definition value="A range of durations."/><min value="0"/><type><code value="Range"/></type><maxLength value="0"/><mustSupport value="false"/><isModifier value="false"/><isSummary value="true"/></element><element id="Range.low"><path value="Range.low"/><name value="Range.low"/><min value="0"/><type><code value="Quantity"/><profile value="http://hl7.org/fhir/us/fhirURL/StructureDefinition/shr-core-Duration"/></type><maxLength value="0"/><mustSupport value="false"/><isModifier value="false"/><isSummary value="false"/><mapping><identity value="shr"/><map value="&lt;shr.core.LowerBound&gt;"/></mapping></element><element id="Range.high"><path value="Range.high"/><name value="Range.high"/><min value="0"/><type><code value="Quantity"/><profile value="http://hl7.org/fhir/us/fhirURL/StructureDefinition/shr-core-Duration"/></type><maxLength value="0"/><mustSupport value="false"/><isModifier value="false"/><isSummary value="false"/><mapping><identity value="shr"/><map value="&lt;shr.core.UpperBound&gt;"/></mapping></element></differential></StructureDefinition>