<?xml version="1.0" encoding="UTF-8"?><ValueSet xmlns="http://hl7.org/fhir"><id value="shr-core-PresentAbsentVS"/><text><status value="generated"/><div xmlns="http://www.w3.org/1999/xhtml">
<p><b>PresentAbsentVS ValueSet</b></p>
<p>Whether a feature or condition is present or absent.</p>
</div></text><url value="http://hl7.org/fhir/us/projectURL/shr/core/vs/PresentAbsentVS"/><identifier><system value="http://hl7.org/fhir/us/projectURL"/><value value="shr.core.PresentAbsentVS"/></identifier><version value="0.6.0"/><name value="PresentAbsentVS"/><status value="draft"/><publisher value="The MITRE Corporation"/><contact><telecom><system value="other"/><value value="http://www.hl7.org/Special/committees/cic/index.cfm"/><rank value="0"/></telecom></contact><date value="2019-02-08T00:00:00-05:00"/><description value="Whether a feature or condition is present or absent."/><immutable value="false"/><compose><include><system value="http://snomed.info/sct"/><concept><code value="52101004"/><display value="Present (qualifier value)"/></concept><concept><code value="2667000"/><display value="Absent (qualifier value)"/></concept></include></compose></ValueSet>