<?xml version="1.0" encoding="UTF-8"?><ValueSet xmlns="http://hl7.org/fhir"><id value="shr-core-ConditionCategoryVS"/><text><status value="generated"/><div xmlns="http://www.w3.org/1999/xhtml">
<p><b>ConditionCategoryVS ValueSet</b></p>
<p>A category assigned to the condition, for example, a disease, concern, symptom, adverse reaction, functional impairment, or structural abnormality.</p>
</div></text><url value="http://hl7.org/fhir/us/projectURL/shr/core/vs/ConditionCategoryVS"/><identifier><system value="http://hl7.org/fhir/us/projectURL"/><value value="shr.core.ConditionCategoryVS"/></identifier><version value="0.7.0"/><name value="ConditionCategoryVS"/><status value="draft"/><publisher value="The MITRE Corporation"/><contact><telecom><system value="other"/><value value="http://www.hl7.org/Special/committees/cic/index.cfm"/><rank value="0"/></telecom></contact><date value="2019-03-13T00:00:00-04:00"/><description value="A category assigned to the condition, for example, a disease, concern, symptom, adverse reaction, functional impairment, or structural abnormality."/><immutable value="false"/><codeSystem><system value="http://hl7.org/fhir/us/projectURL/shr/core/cs/ConditionCategoryCS"/><caseSensitive value="true"/><concept><code value="disease"/><display value="A disorder of structure or function in a human, animal, or plant, especially one that produces specific signs or symptoms or that affects a specific location and is not simply a direct result of physical injury."/><definition value="A disorder of structure or function in a human, animal, or plant, especially one that produces specific signs or symptoms or that affects a specific location and is not simply a direct result of physical injury."/></concept><concept><code value="functional_impairment"/><display value="A disability experienced by the subject."/><definition value="A disability experienced by the subject."/></concept><concept><code value="structural_abnormality"/><display value="An abnormality of physiologic structure."/><definition value="An abnormality of physiologic structure."/></concept><concept><code value="concern"/><display value="Something the subject is worried about, which may or may not have yet been manifested. The object of the concern does not have to be a medical disorder."/><definition value="Something the subject is worried about, which may or may not have yet been manifested. The object of the concern does not have to be a medical disorder."/></concept><concept><code value="symptom"/><display value="A sign or manifestation of a deeper cause, of known or unknown etiology, e.g. pain or ringing in the ears."/><definition value="A sign or manifestation of a deeper cause, of known or unknown etiology, e.g. pain or ringing in the ears."/></concept><concept><code value="adverse_reaction"/><display value="An adverse reaction to an intervention."/><definition value="An adverse reaction to an intervention."/></concept></codeSystem></ValueSet>