<?xml version="1.0" encoding="UTF-8"?><ValueSet xmlns="http://hl7.org/fhir"><id value="shr-entity-DeviceVS"/><text><status value="generated"/><div xmlns="http://www.w3.org/1999/xhtml">
<p><b>DeviceVS ValueSet</b></p>
<p>Codes describing medical devices.</p>
</div></text><url value="http://hl7.org/fhir/us/projectURL/shr/entity/vs/DeviceVS"/><identifier><system value="http://hl7.org/fhir/us/projectURL"/><value value="shr.entity.DeviceVS"/></identifier><version value="0.6.0"/><name value="DeviceVS"/><status value="draft"/><publisher value="The MITRE Corporation"/><contact><telecom><system value="other"/><value value="http://www.hl7.org/Special/committees/cic/index.cfm"/><rank value="0"/></telecom></contact><date value="2019-02-07T00:00:00-05:00"/><description value="Codes describing medical devices."/><immutable value="false"/><compose><include><system value="http://snomed.info/sct"/><filter><property value="concept"/><op value="is-a"/><value value="49062001"/></filter></include></compose></ValueSet>