<?xml version="1.0" encoding="UTF-8"?><ValueSet xmlns="http://hl7.org/fhir"><id value="oncocore-GeneticTestMethodVS"/><text><status value="generated"/><div xmlns="http://www.w3.org/1999/xhtml">
<p><b>GeneticTestMethodVS ValueSet</b></p>
<p>The method used to perform the genetic test.  Examples include Fluorescent in situ hybridization (FISH), polymerase chain reaction-based assays (PCR), Sanger sequencing, and next-generation sequencing (NGS).</p>
</div></text><url value="http://hl7.org/fhir/us/projectURL/oncocore/vs/GeneticTestMethodVS"/><identifier><system value="http://hl7.org/fhir/us/projectURL"/><value value="oncocore.GeneticTestMethodVS"/></identifier><version value="0.6.0"/><name value="GeneticTestMethodVS"/><status value="draft"/><publisher value="The MITRE Corporation"/><contact><telecom><system value="other"/><value value="http://www.hl7.org/Special/committees/cic/index.cfm"/><rank value="0"/></telecom></contact><date value="2019-02-07T00:00:00-05:00"/><description value="The method used to perform the genetic test.  Examples include Fluorescent in situ hybridization (FISH), polymerase chain reaction-based assays (PCR), Sanger sequencing, and next-generation sequencing (NGS)."/><immutable value="false"/><compose><include><system value="http://ncimeta.nci.nih.gov"/><concept><code value="C3897601"/><display value="Single Nucleotide Polymorphism Array"/></concept><concept><code value="C2936622"/><display value="Next Generation Sequencing"/></concept><concept><code value="C151189"/><display value="Dideoxy Chain Termination DNA Sequencing"/></concept><concept><code value="C3494189"/><display value="Multiplex Ligation-dependent Probe Amplification"/></concept><concept><code value="C3640076"/><display value="Whole Genome Sequencing"/></concept><concept><code value="C3640077"/><display value="Whole Exome Sequencing"/></concept><concept><code value="C1261273"/><display value="Karyotype"/></concept><concept><code value="C0162789"/><display value="Fluorescence In Situ Hybridization"/></concept><concept><code value="C1513400"/><display value="Molecular Profiling"/></concept><concept><code value="C1516514"/><display value="Chromogenic In Situ Hybridization"/></concept></include></compose></ValueSet>