{
  "resourceType": "CodeSystem",
  "id": "shr-core-ConditionCategoryCS",
  "text": {
    "status": "generated",
    "div": "<div xmlns=\"http://www.w3.org/1999/xhtml\">\n<p><b>ConditionCategoryCS CodeSystem</b></p>\n<p>A category assigned to the condition, for example, a disease, concern, symptom, adverse reaction, functional impairment, or structural abnormality.</p>\n</div>"
  },
  "url": "http://hl7.org/fhir/us/sdoh/shr/core/cs/ConditionCategoryCS",
  "identifier": {
    "system": "http://hl7.org/fhir/us/sdoh",
    "value": "shr.core.ConditionCategoryCS"
  },
  "version": "0.1.0",
  "name": "ConditionCategoryCS",
  "title": "ConditionCategoryCS",
  "status": "draft",
  "date": "2019-04-01T00:00:00-04:00",
  "publisher": "MITRE Corporation",
  "contact": [
    {
      "telecom": [
        {
          "system": "url",
          "value": "http://standardhealthrecord.org"
        }
      ]
    }
  ],
  "description": "A category assigned to the condition, for example, a disease, concern, symptom, adverse reaction, functional impairment, or structural abnormality.",
  "caseSensitive": true,
  "content": "complete",
  "count": 6,
  "concept": [
    {
      "code": "disease",
      "display": "A disorder of structure or function in a human, animal, or plant, especially one that produces specific signs or symptoms or that affects a specific location and is not simply a direct result of physical injury.",
      "definition": "A disorder of structure or function in a human, animal, or plant, especially one that produces specific signs or symptoms or that affects a specific location and is not simply a direct result of physical injury."
    },
    {
      "code": "functional_impairment",
      "display": "A disability experienced by the subject.",
      "definition": "A disability experienced by the subject."
    },
    {
      "code": "structural_abnormality",
      "display": "An abnormality of physiologic structure.",
      "definition": "An abnormality of physiologic structure."
    },
    {
      "code": "concern",
      "display": "Something the subject is worried about, which may or may not have yet been manifested. The object of the concern does not have to be a medical disorder.",
      "definition": "Something the subject is worried about, which may or may not have yet been manifested. The object of the concern does not have to be a medical disorder."
    },
    {
      "code": "symptom",
      "display": "A sign or manifestation of a deeper cause, of known or unknown etiology, e.g. pain or ringing in the ears.",
      "definition": "A sign or manifestation of a deeper cause, of known or unknown etiology, e.g. pain or ringing in the ears."
    },
    {
      "code": "adverse_reaction",
      "display": "An adverse reaction to an intervention.",
      "definition": "An adverse reaction to an intervention."
    }
  ]
}