{
  "resourceType": "StructureDefinition",
  "id": "shr-core-Encounter-model",
  "text": {
    "status": "generated",
    "div": "<div xmlns=\"http://www.w3.org/1999/xhtml\">\n  <p><b>Encounter Logical Model</b></p>\n  <p>A description of an interaction between a patient and healthcare provider(s) for the purpose of providing healthcare service(s) or assessing the health status of a patient.</p>\n</div>"
  },
  "url": "http://hl7.org/fhir/us/shr/StructureDefinition/shr-core-Encounter-model",
  "identifier": [
    {
      "system": "http://hl7.org/fhir/us/sdoh",
      "value": "shr.core.Encounter"
    }
  ],
  "version": "0.1.0",
  "name": "Encounter",
  "title": "shr-core-Encounter",
  "status": "draft",
  "date": "2019-04-01T00:00:00-04:00",
  "publisher": "MITRE Corporation",
  "contact": [
    {
      "telecom": [
        {
          "system": "url",
          "value": "http://standardhealthrecord.org"
        }
      ]
    }
  ],
  "description": "A description of an interaction between a patient and healthcare provider(s) for the purpose of providing healthcare service(s) or assessing the health status of a patient.",
  "kind": "logical",
  "abstract": false,
  "type": "shr-core-Encounter-model",
  "baseDefinition": "http://hl7.org/fhir/StructureDefinition/Element",
  "derivation": "specialization",
  "snapshot": {
    "element": [
      {
        "id": "shr-core-Encounter-model",
        "path": "shr-core-Encounter-model",
        "definition": "A description of an interaction between a patient and healthcare provider(s) for the purpose of providing healthcare service(s) or assessing the health status of a patient.",
        "min": 0,
        "max": "*",
        "base": {
          "path": "shr-core-Encounter-model",
          "min": 0,
          "max": "*"
        },
        "mustSupport": false,
        "isModifier": false,
        "isSummary": false
      },
      {
        "id": "shr-core-Encounter-model.metadata",
        "path": "shr-core-Encounter-model.metadata",
        "short": "Elements that belong to all information items.",
        "definition": "Elements that belong to all information items.",
        "min": 0,
        "max": "1",
        "base": {
          "path": "shr-core-Encounter-model.metadata",
          "min": 0,
          "max": "1"
        },
        "type": [
          {
            "code": "http://hl7.org/fhir/us/shr/StructureDefinition/shr-core-Metadata-model"
          }
        ],
        "mustSupport": false,
        "isModifier": false,
        "isSummary": false
      },
      {
        "id": "shr-core-Encounter-model.language",
        "path": "shr-core-Encounter-model.language",
        "code": [
          {
            "system": "http://ncimeta.nci.nih.gov",
            "code": "C0023008"
          }
        ],
        "short": "A human language, spoken or written.",
        "definition": "A human language, spoken or written.",
        "min": 0,
        "max": "1",
        "base": {
          "path": "shr-core-Encounter-model.language",
          "min": 0,
          "max": "1"
        },
        "type": [
          {
            "code": "Coding"
          }
        ],
        "mustSupport": false,
        "isModifier": false,
        "isSummary": false
      },
      {
        "id": "shr-core-Encounter-model.implicitRules",
        "path": "shr-core-Encounter-model.implicitRules",
        "short": "A set of rules under which this content was created",
        "definition": "A set of rules under which this content was created",
        "min": 0,
        "max": "1",
        "base": {
          "path": "shr-core-Encounter-model.implicitRules",
          "min": 0,
          "max": "1"
        },
        "type": [
          {
            "code": "uri"
          }
        ],
        "mustSupport": false,
        "isModifier": false,
        "isSummary": false
      },
      {
        "id": "shr-core-Encounter-model.narrative",
        "path": "shr-core-Encounter-model.narrative",
        "short": "A human-readable narrative, potentially including images, that contains a summary of the resource, and may be used to represent the content of the resource to a human.",
        "definition": "A human-readable narrative, potentially including images, that contains a summary of the resource, and may be used to represent the content of the resource to a human.",
        "min": 0,
        "max": "1",
        "base": {
          "path": "shr-core-Encounter-model.narrative",
          "min": 0,
          "max": "1"
        },
        "type": [
          {
            "code": "http://hl7.org/fhir/us/shr/StructureDefinition/shr-core-Narrative-model"
          }
        ],
        "mustSupport": false,
        "isModifier": false,
        "isSummary": false
      },
      {
        "id": "shr-core-Encounter-model.statusHistory",
        "path": "shr-core-Encounter-model.statusHistory",
        "short": "List of past encounter statuses",
        "definition": "List of past encounter statuses",
        "min": 0,
        "max": "*",
        "base": {
          "path": "shr-core-Encounter-model.statusHistory",
          "min": 0,
          "max": "*"
        },
        "type": [
          {
            "code": "http://hl7.org/fhir/us/shr/StructureDefinition/shr-core-StatusHistory-model"
          }
        ],
        "mustSupport": false,
        "isModifier": false,
        "isSummary": false
      },
      {
        "id": "shr-core-Encounter-model.status",
        "path": "shr-core-Encounter-model.status",
        "short": "A state that relates to the workflow or interpretation of this resource. Certain status values can modify the meaning of the resource, for example, entered-in-error. When a boolean value is used, Status of true indicates the record is active, false means inactive.",
        "definition": "A state that relates to the workflow or interpretation of this resource. Certain status values can modify the meaning of the resource, for example, entered-in-error. When a boolean value is used, Status of true indicates the record is active, false means inactive.",
        "min": 1,
        "max": "1",
        "base": {
          "path": "shr-core-Encounter-model.status",
          "min": 1,
          "max": "1"
        },
        "type": [
          {
            "code": "Coding"
          }
        ],
        "mustSupport": false,
        "isModifier": false,
        "isSummary": false
      },
      {
        "id": "shr-core-Encounter-model.identifier",
        "path": "shr-core-Encounter-model.identifier",
        "short": "Business identifier or external id for this resource.",
        "definition": "Business identifier or external id for this resource.",
        "min": 0,
        "max": "*",
        "base": {
          "path": "shr-core-Encounter-model.identifier",
          "min": 0,
          "max": "*"
        },
        "type": [
          {
            "code": "http://hl7.org/fhir/us/shr/StructureDefinition/shr-core-Identifier-model"
          }
        ],
        "mustSupport": false,
        "isModifier": false,
        "isSummary": false
      },
      {
        "id": "shr-core-Encounter-model.timePeriod",
        "path": "shr-core-Encounter-model.timePeriod",
        "code": [
          {
            "system": "http://ncimeta.nci.nih.gov",
            "code": "C1948053"
          }
        ],
        "short": "A period of time defined by a start and end time, date, or year.",
        "definition": "A period of time defined by a start and end time, date, or year.\nIf the start element is missing, the start of the period is not known. If the end element is missing, it means that the period is ongoing, or the start may be in the past, and the end date in the future, which means that period is expected/planned to end at the specified time. The end value includes any matching date/time. For example, the period 2011-05-23 to 2011-05-27 includes all the times from the start of the 23rd May through to the end of the 27th of May.",
        "min": 0,
        "max": "1",
        "base": {
          "path": "shr-core-Encounter-model.timePeriod",
          "min": 0,
          "max": "1"
        },
        "type": [
          {
            "code": "http://hl7.org/fhir/us/shr/StructureDefinition/shr-core-TimePeriod-model"
          }
        ],
        "mustSupport": false,
        "isModifier": false,
        "isSummary": false
      },
      {
        "id": "shr-core-Encounter-model.encounterDiagnosis",
        "path": "shr-core-Encounter-model.encounterDiagnosis",
        "short": "A diagnosis, which is a disease or injury determined to be present through evaluation of patient history, examination, and/or review of laboratory data. This element is not a stand-alone representation of the condition that was diagnosed, but is meant to be used as an sub-structure in a resource, such as Encounter.",
        "definition": "A diagnosis, which is a disease or injury determined to be present through evaluation of patient history, examination, and/or review of laboratory data. This element is not a stand-alone representation of the condition that was diagnosed, but is meant to be used as an sub-structure in a resource, such as Encounter.",
        "min": 0,
        "max": "*",
        "base": {
          "path": "shr-core-Encounter-model.encounterDiagnosis",
          "min": 0,
          "max": "*"
        },
        "type": [
          {
            "code": "http://hl7.org/fhir/us/shr/StructureDefinition/shr-core-EncounterDiagnosis-model"
          }
        ],
        "mustSupport": false,
        "isModifier": false,
        "isSummary": false
      },
      {
        "id": "shr-core-Encounter-model.patientSubjectOfRecord",
        "path": "shr-core-Encounter-model.patientSubjectOfRecord",
        "code": [
          {
            "system": "http://ncimeta.nci.nih.gov",
            "code": "C1299487"
          }
        ],
        "short": "The SubjectOfRecord when restricted to being a Patient resource.",
        "definition": "The SubjectOfRecord when restricted to being a Patient resource.",
        "min": 1,
        "max": "1",
        "base": {
          "path": "shr-core-Encounter-model.patientSubjectOfRecord",
          "min": 1,
          "max": "1"
        },
        "type": [
          {
            "code": "Reference",
            "targetProfile": "http://hl7.org/fhir/us/shr/StructureDefinition/shr-core-Patient-model"
          }
        ],
        "mustSupport": false,
        "isModifier": false,
        "isSummary": false
      },
      {
        "id": "shr-core-Encounter-model.type",
        "path": "shr-core-Encounter-model.type",
        "code": [
          {
            "system": "http://ncimeta.nci.nih.gov",
            "code": "C0332307"
          }
        ],
        "short": "A code describing the item at a greater level of detail.",
        "definition": "A code describing the item at a greater level of detail.",
        "min": 0,
        "max": "*",
        "base": {
          "path": "shr-core-Encounter-model.type",
          "min": 0,
          "max": "*"
        },
        "type": [
          {
            "code": "Coding"
          }
        ],
        "mustSupport": false,
        "isModifier": false,
        "isSummary": false,
        "binding": {
          "strength": "extensible",
          "valueSetReference": {
            "reference": "http://hl7.org/fhir/ValueSet/v3-ActEncounterCode"
          }
        }
      },
      {
        "id": "shr-core-Encounter-model.organization",
        "path": "shr-core-Encounter-model.organization",
        "code": [
          {
            "system": "http://ncimeta.nci.nih.gov",
            "code": "C1561598"
          }
        ],
        "short": "A social or legal structure formed by human beings.",
        "definition": "A social or legal structure formed by human beings.\n\nOrganization type is restricted to 0..1 in FHIR DSTU2, similarly restricted here.",
        "min": 0,
        "max": "1",
        "base": {
          "path": "shr-core-Encounter-model.organization",
          "min": 0,
          "max": "1"
        },
        "type": [
          {
            "code": "Reference",
            "targetProfile": "http://hl7.org/fhir/us/shr/StructureDefinition/shr-core-Organization-model"
          }
        ],
        "mustSupport": false,
        "isModifier": false,
        "isSummary": false
      },
      {
        "id": "shr-core-Encounter-model.referralRequest",
        "path": "shr-core-Encounter-model.referralRequest",
        "short": "Used to record and send details about a request for referral service or transfer of a patient to the care of another provider or provider organization.",
        "definition": "Used to record and send details about a request for referral service or transfer of a patient to the care of another provider or provider organization.",
        "min": 0,
        "max": "*",
        "base": {
          "path": "shr-core-Encounter-model.referralRequest",
          "min": 0,
          "max": "*"
        },
        "type": [
          {
            "code": "Reference",
            "targetProfile": "http://hl7.org/fhir/us/shr/StructureDefinition/shr-core-ReferralRequest-model"
          }
        ],
        "mustSupport": false,
        "isModifier": false,
        "isSummary": false
      },
      {
        "id": "shr-core-Encounter-model.encounterClass",
        "path": "shr-core-Encounter-model.encounterClass",
        "short": "Concepts representing classification of patient encounter such as ambulatory (outpatient), inpatient, emergency, home health or others due to local variations.",
        "definition": "Concepts representing classification of patient encounter such as ambulatory (outpatient), inpatient, emergency, home health or others due to local variations.",
        "min": 0,
        "max": "1",
        "base": {
          "path": "shr-core-Encounter-model.encounterClass",
          "min": 0,
          "max": "1"
        },
        "type": [
          {
            "code": "Coding"
          }
        ],
        "mustSupport": false,
        "isModifier": false,
        "isSummary": false
      },
      {
        "id": "shr-core-Encounter-model.classHistory",
        "path": "shr-core-Encounter-model.classHistory",
        "short": "List of past encounter statuses",
        "definition": "List of past encounter statuses",
        "min": 0,
        "max": "*",
        "base": {
          "path": "shr-core-Encounter-model.classHistory",
          "min": 0,
          "max": "*"
        },
        "type": [
          {
            "code": "http://hl7.org/fhir/us/shr/StructureDefinition/shr-core-ClassHistory-model"
          }
        ],
        "mustSupport": false,
        "isModifier": false,
        "isSummary": false
      },
      {
        "id": "shr-core-Encounter-model.priorityCode[x]",
        "path": "shr-core-Encounter-model.priorityCode[x]",
        "code": [
          {
            "system": "http://ncimeta.nci.nih.gov",
            "code": "C0549179"
          }
        ],
        "slicing": {
          "discriminator": [
            {
              "type": "type",
              "path": "$this"
            }
          ],
          "ordered": false,
          "rules": "open"
        },
        "short": "An indication of the importance of an action relative to other actions.",
        "definition": "An indication of the importance of an action relative to other actions.",
        "min": 0,
        "max": "1",
        "base": {
          "path": "shr-core-Encounter-model.priorityCode[x]",
          "min": 0,
          "max": "1"
        },
        "type": [
          {
            "code": "positiveInt"
          },
          {
            "code": "Coding"
          }
        ],
        "mustSupport": false,
        "isModifier": false,
        "isSummary": false
      },
      {
        "id": "shr-core-Encounter-model.priorityCodeCoding:codeableConcept",
        "path": "shr-core-Encounter-model.priorityCodeCoding",
        "sliceName": "codeableConcept",
        "short": "PositiveInt or code representing an indication of the importance of an action relative to other actions.",
        "definition": "PositiveInt or code representing an indication of the importance of an action relative to other actions.",
        "min": 1,
        "max": "1",
        "base": {
          "path": "shr-core-Encounter-model.priorityCodeCoding",
          "min": 1,
          "max": "1"
        },
        "type": [
          {
            "code": "Coding"
          }
        ],
        "mustSupport": false,
        "isModifier": false,
        "isSummary": false,
        "binding": {
          "strength": "example",
          "valueSetReference": {
            "reference": "http://hl7.org/fhir/ValueSet/v3-ActPriority"
          }
        }
      },
      {
        "id": "shr-core-Encounter-model.episodeOfCare",
        "path": "shr-core-Encounter-model.episodeOfCare",
        "short": "An association between a patient and an organization / healthcare provider(s) during which time encounters may occur. The managing organization assumes a level of responsibility for the patient during this time.",
        "definition": "An association between a patient and an organization / healthcare provider(s) during which time encounters may occur. The managing organization assumes a level of responsibility for the patient during this time.",
        "min": 0,
        "max": "*",
        "base": {
          "path": "shr-core-Encounter-model.episodeOfCare",
          "min": 0,
          "max": "*"
        },
        "type": [
          {
            "code": "Reference",
            "targetProfile": "http://hl7.org/fhir/us/shr/StructureDefinition/shr-core-EpisodeOfCare-model"
          }
        ],
        "mustSupport": false,
        "isModifier": false,
        "isSummary": false
      },
      {
        "id": "shr-core-Encounter-model.participation",
        "path": "shr-core-Encounter-model.participation",
        "short": "Record of someone or something involvement in an activity or event.",
        "definition": "Record of someone or something involvement in an activity or event.",
        "min": 0,
        "max": "*",
        "base": {
          "path": "shr-core-Encounter-model.participation",
          "min": 0,
          "max": "*"
        },
        "type": [
          {
            "code": "BackboneElement"
          }
        ],
        "mustSupport": false,
        "isModifier": false,
        "isSummary": false
      },
      {
        "id": "shr-core-Encounter-model.participation.encounterParticipant[x]",
        "path": "shr-core-Encounter-model.participation.encounterParticipant[x]",
        "short": "A choice of Practitioner and RelatedPerson as participant",
        "definition": "A choice of Practitioner and RelatedPerson as participant",
        "min": 0,
        "max": "1",
        "base": {
          "path": "shr-core-Encounter-model.participation.encounterParticipant[x]",
          "min": 0,
          "max": "1"
        },
        "type": [
          {
            "code": "Reference",
            "targetProfile": "http://hl7.org/fhir/us/shr/StructureDefinition/shr-core-Practitioner-model"
          },
          {
            "code": "Reference",
            "targetProfile": "http://hl7.org/fhir/us/shr/StructureDefinition/shr-core-RelatedPerson-model"
          }
        ],
        "mustSupport": false,
        "isModifier": false,
        "isSummary": false
      },
      {
        "id": "shr-core-Encounter-model.participation.participationType",
        "path": "shr-core-Encounter-model.participation.participationType",
        "code": [
          {
            "system": "http://ncimeta.nci.nih.gov",
            "code": "C1553854"
          }
        ],
        "short": "The role played by the participant engaged in the action, for example, as the attending physician, surgical assistant, etc.",
        "definition": "The role played by the participant engaged in the action, for example, as the attending physician, surgical assistant, etc.",
        "min": 0,
        "max": "1",
        "base": {
          "path": "shr-core-Encounter-model.participation.participationType",
          "min": 0,
          "max": "1"
        },
        "type": [
          {
            "code": "Coding"
          }
        ],
        "mustSupport": false,
        "isModifier": false,
        "isSummary": false,
        "binding": {
          "strength": "extensible",
          "valueSetReference": {
            "reference": "http://hl7.org/fhir/ValueSet/encounter-participant-type"
          }
        }
      },
      {
        "id": "shr-core-Encounter-model.participation.participationPeriod",
        "path": "shr-core-Encounter-model.participation.participationPeriod",
        "code": [
          {
            "system": "http://ncimeta.nci.nih.gov",
            "code": "C1948053"
          }
        ],
        "short": "The point in time or span of time the participant is involved.",
        "definition": "The point in time or span of time the participant is involved.",
        "min": 0,
        "max": "1",
        "base": {
          "path": "shr-core-Encounter-model.participation.participationPeriod",
          "min": 0,
          "max": "1"
        },
        "type": [
          {
            "code": "http://hl7.org/fhir/us/shr/StructureDefinition/shr-core-TimePeriod-model"
          }
        ],
        "mustSupport": false,
        "isModifier": false,
        "isSummary": false
      },
      {
        "id": "shr-core-Encounter-model.participation.onBehalfOf[x]",
        "path": "shr-core-Encounter-model.participation.onBehalfOf[x]",
        "short": "The party represented by the actual participant.",
        "definition": "The party represented by the actual participant.",
        "min": 0,
        "max": "1",
        "base": {
          "path": "shr-core-Encounter-model.participation.onBehalfOf[x]",
          "min": 0,
          "max": "1"
        },
        "type": [
          {
            "code": "uri"
          },
          {
            "code": "Reference",
            "targetProfile": "http://hl7.org/fhir/us/shr/StructureDefinition/shr-core-Organization-model"
          }
        ],
        "mustSupport": false,
        "isModifier": false,
        "isSummary": false
      },
      {
        "id": "shr-core-Encounter-model.appointment",
        "path": "shr-core-Encounter-model.appointment",
        "short": "A booking of a healthcare event among patient(s), practitioner(s), related person(s) and/or device(s) for a specific date/time.",
        "definition": "A booking of a healthcare event among patient(s), practitioner(s), related person(s) and/or device(s) for a specific date/time.",
        "min": 0,
        "max": "1",
        "base": {
          "path": "shr-core-Encounter-model.appointment",
          "min": 0,
          "max": "1"
        },
        "type": [
          {
            "code": "Reference",
            "targetProfile": "http://hl7.org/fhir/us/shr/StructureDefinition/shr-core-Appointment-model"
          }
        ],
        "mustSupport": false,
        "isModifier": false,
        "isSummary": false
      },
      {
        "id": "shr-core-Encounter-model.duration",
        "path": "shr-core-Encounter-model.duration",
        "code": [
          {
            "system": "http://ncimeta.nci.nih.gov",
            "code": "C0449238"
          }
        ],
        "short": "The length of time that something continues.",
        "definition": "The length of time that something continues.",
        "min": 0,
        "max": "1",
        "base": {
          "path": "shr-core-Encounter-model.duration",
          "min": 0,
          "max": "1"
        },
        "type": [
          {
            "code": "http://hl7.org/fhir/us/shr/StructureDefinition/shr-core-Duration-model"
          }
        ],
        "mustSupport": false,
        "isModifier": false,
        "isSummary": false
      },
      {
        "id": "shr-core-Encounter-model.reasonCode",
        "path": "shr-core-Encounter-model.reasonCode",
        "code": [
          {
            "system": "http://ncimeta.nci.nih.gov",
            "code": "C0566251"
          }
        ],
        "short": "The justification, as a code.",
        "definition": "The justification, as a code.\nReason is a string or CodeableConcept in DSTU2 but in later versions only a CodeableConcept, so we are not going to support a string.",
        "min": 0,
        "max": "*",
        "base": {
          "path": "shr-core-Encounter-model.reasonCode",
          "min": 0,
          "max": "*"
        },
        "type": [
          {
            "code": "Coding"
          }
        ],
        "mustSupport": false,
        "isModifier": false,
        "isSummary": false,
        "binding": {
          "strength": "preferred",
          "valueSetReference": {
            "reference": "http://hl7.org/fhir/ValueSet/encounter-reason"
          }
        }
      },
      {
        "id": "shr-core-Encounter-model.encounterLocation",
        "path": "shr-core-Encounter-model.encounterLocation",
        "short": "Locations where the patient has been.",
        "definition": "Locations where the patient has been.",
        "min": 0,
        "max": "*",
        "base": {
          "path": "shr-core-Encounter-model.encounterLocation",
          "min": 0,
          "max": "*"
        },
        "type": [
          {
            "code": "http://hl7.org/fhir/us/shr/StructureDefinition/shr-core-EncounterLocation-model"
          }
        ],
        "mustSupport": false,
        "isModifier": false,
        "isSummary": false
      },
      {
        "id": "shr-core-Encounter-model.partOf",
        "path": "shr-core-Encounter-model.partOf",
        "short": "The larger entity that the asserted item is a portion of. For example, an organization part of a larger organization, or an encounter with a hospitalist might be part of a larger hospitalization encounter.",
        "definition": "The larger entity that the asserted item is a portion of. For example, an organization part of a larger organization, or an encounter with a hospitalist might be part of a larger hospitalization encounter.",
        "min": 0,
        "max": "1",
        "base": {
          "path": "shr-core-Encounter-model.partOf",
          "min": 0,
          "max": "1"
        },
        "type": [
          {
            "code": "Reference",
            "targetProfile": "http://hl7.org/fhir/us/shr/StructureDefinition/shr-core-Encounter-model"
          }
        ],
        "mustSupport": false,
        "isModifier": false,
        "isSummary": false
      }
    ]
  },
  "differential": {
    "element": [
      {
        "id": "shr-core-Encounter-model",
        "path": "shr-core-Encounter-model",
        "definition": "A description of an interaction between a patient and healthcare provider(s) for the purpose of providing healthcare service(s) or assessing the health status of a patient.",
        "min": 0,
        "max": "*",
        "base": {
          "path": "shr-core-Encounter-model",
          "min": 0,
          "max": "*"
        },
        "mustSupport": false,
        "isModifier": false,
        "isSummary": false
      },
      {
        "id": "shr-core-Encounter-model.metadata",
        "path": "shr-core-Encounter-model.metadata",
        "short": "Elements that belong to all information items.",
        "definition": "Elements that belong to all information items.",
        "min": 0,
        "max": "1",
        "base": {
          "path": "shr-core-Encounter-model.metadata",
          "min": 0,
          "max": "1"
        },
        "type": [
          {
            "code": "http://hl7.org/fhir/us/shr/StructureDefinition/shr-core-Metadata-model"
          }
        ],
        "mustSupport": false,
        "isModifier": false,
        "isSummary": false
      },
      {
        "id": "shr-core-Encounter-model.language",
        "path": "shr-core-Encounter-model.language",
        "code": [
          {
            "system": "http://ncimeta.nci.nih.gov",
            "code": "C0023008"
          }
        ],
        "short": "A human language, spoken or written.",
        "definition": "A human language, spoken or written.",
        "min": 0,
        "max": "1",
        "base": {
          "path": "shr-core-Encounter-model.language",
          "min": 0,
          "max": "1"
        },
        "type": [
          {
            "code": "Coding"
          }
        ],
        "mustSupport": false,
        "isModifier": false,
        "isSummary": false
      },
      {
        "id": "shr-core-Encounter-model.implicitRules",
        "path": "shr-core-Encounter-model.implicitRules",
        "short": "A set of rules under which this content was created",
        "definition": "A set of rules under which this content was created",
        "min": 0,
        "max": "1",
        "base": {
          "path": "shr-core-Encounter-model.implicitRules",
          "min": 0,
          "max": "1"
        },
        "type": [
          {
            "code": "uri"
          }
        ],
        "mustSupport": false,
        "isModifier": false,
        "isSummary": false
      },
      {
        "id": "shr-core-Encounter-model.narrative",
        "path": "shr-core-Encounter-model.narrative",
        "short": "A human-readable narrative, potentially including images, that contains a summary of the resource, and may be used to represent the content of the resource to a human.",
        "definition": "A human-readable narrative, potentially including images, that contains a summary of the resource, and may be used to represent the content of the resource to a human.",
        "min": 0,
        "max": "1",
        "base": {
          "path": "shr-core-Encounter-model.narrative",
          "min": 0,
          "max": "1"
        },
        "type": [
          {
            "code": "http://hl7.org/fhir/us/shr/StructureDefinition/shr-core-Narrative-model"
          }
        ],
        "mustSupport": false,
        "isModifier": false,
        "isSummary": false
      },
      {
        "id": "shr-core-Encounter-model.statusHistory",
        "path": "shr-core-Encounter-model.statusHistory",
        "short": "List of past encounter statuses",
        "definition": "List of past encounter statuses",
        "min": 0,
        "max": "*",
        "base": {
          "path": "shr-core-Encounter-model.statusHistory",
          "min": 0,
          "max": "*"
        },
        "type": [
          {
            "code": "http://hl7.org/fhir/us/shr/StructureDefinition/shr-core-StatusHistory-model"
          }
        ],
        "mustSupport": false,
        "isModifier": false,
        "isSummary": false
      },
      {
        "id": "shr-core-Encounter-model.status",
        "path": "shr-core-Encounter-model.status",
        "short": "A state that relates to the workflow or interpretation of this resource. Certain status values can modify the meaning of the resource, for example, entered-in-error. When a boolean value is used, Status of true indicates the record is active, false means inactive.",
        "definition": "A state that relates to the workflow or interpretation of this resource. Certain status values can modify the meaning of the resource, for example, entered-in-error. When a boolean value is used, Status of true indicates the record is active, false means inactive.",
        "min": 1,
        "max": "1",
        "base": {
          "path": "shr-core-Encounter-model.status",
          "min": 1,
          "max": "1"
        },
        "type": [
          {
            "code": "Coding"
          }
        ],
        "mustSupport": false,
        "isModifier": false,
        "isSummary": false
      },
      {
        "id": "shr-core-Encounter-model.identifier",
        "path": "shr-core-Encounter-model.identifier",
        "short": "Business identifier or external id for this resource.",
        "definition": "Business identifier or external id for this resource.",
        "min": 0,
        "max": "*",
        "base": {
          "path": "shr-core-Encounter-model.identifier",
          "min": 0,
          "max": "*"
        },
        "type": [
          {
            "code": "http://hl7.org/fhir/us/shr/StructureDefinition/shr-core-Identifier-model"
          }
        ],
        "mustSupport": false,
        "isModifier": false,
        "isSummary": false
      },
      {
        "id": "shr-core-Encounter-model.timePeriod",
        "path": "shr-core-Encounter-model.timePeriod",
        "code": [
          {
            "system": "http://ncimeta.nci.nih.gov",
            "code": "C1948053"
          }
        ],
        "short": "A period of time defined by a start and end time, date, or year.",
        "definition": "A period of time defined by a start and end time, date, or year.\nIf the start element is missing, the start of the period is not known. If the end element is missing, it means that the period is ongoing, or the start may be in the past, and the end date in the future, which means that period is expected/planned to end at the specified time. The end value includes any matching date/time. For example, the period 2011-05-23 to 2011-05-27 includes all the times from the start of the 23rd May through to the end of the 27th of May.",
        "min": 0,
        "max": "1",
        "base": {
          "path": "shr-core-Encounter-model.timePeriod",
          "min": 0,
          "max": "1"
        },
        "type": [
          {
            "code": "http://hl7.org/fhir/us/shr/StructureDefinition/shr-core-TimePeriod-model"
          }
        ],
        "mustSupport": false,
        "isModifier": false,
        "isSummary": false
      },
      {
        "id": "shr-core-Encounter-model.encounterDiagnosis",
        "path": "shr-core-Encounter-model.encounterDiagnosis",
        "short": "A diagnosis, which is a disease or injury determined to be present through evaluation of patient history, examination, and/or review of laboratory data. This element is not a stand-alone representation of the condition that was diagnosed, but is meant to be used as an sub-structure in a resource, such as Encounter.",
        "definition": "A diagnosis, which is a disease or injury determined to be present through evaluation of patient history, examination, and/or review of laboratory data. This element is not a stand-alone representation of the condition that was diagnosed, but is meant to be used as an sub-structure in a resource, such as Encounter.",
        "min": 0,
        "max": "*",
        "base": {
          "path": "shr-core-Encounter-model.encounterDiagnosis",
          "min": 0,
          "max": "*"
        },
        "type": [
          {
            "code": "http://hl7.org/fhir/us/shr/StructureDefinition/shr-core-EncounterDiagnosis-model"
          }
        ],
        "mustSupport": false,
        "isModifier": false,
        "isSummary": false
      },
      {
        "id": "shr-core-Encounter-model.patientSubjectOfRecord",
        "path": "shr-core-Encounter-model.patientSubjectOfRecord",
        "code": [
          {
            "system": "http://ncimeta.nci.nih.gov",
            "code": "C1299487"
          }
        ],
        "short": "The SubjectOfRecord when restricted to being a Patient resource.",
        "definition": "The SubjectOfRecord when restricted to being a Patient resource.",
        "min": 1,
        "max": "1",
        "base": {
          "path": "shr-core-Encounter-model.patientSubjectOfRecord",
          "min": 1,
          "max": "1"
        },
        "type": [
          {
            "code": "Reference",
            "targetProfile": "http://hl7.org/fhir/us/shr/StructureDefinition/shr-core-Patient-model"
          }
        ],
        "mustSupport": false,
        "isModifier": false,
        "isSummary": false
      },
      {
        "id": "shr-core-Encounter-model.type",
        "path": "shr-core-Encounter-model.type",
        "code": [
          {
            "system": "http://ncimeta.nci.nih.gov",
            "code": "C0332307"
          }
        ],
        "short": "A code describing the item at a greater level of detail.",
        "definition": "A code describing the item at a greater level of detail.",
        "min": 0,
        "max": "*",
        "base": {
          "path": "shr-core-Encounter-model.type",
          "min": 0,
          "max": "*"
        },
        "type": [
          {
            "code": "Coding"
          }
        ],
        "mustSupport": false,
        "isModifier": false,
        "isSummary": false,
        "binding": {
          "strength": "extensible",
          "valueSetReference": {
            "reference": "http://hl7.org/fhir/ValueSet/v3-ActEncounterCode"
          }
        }
      },
      {
        "id": "shr-core-Encounter-model.organization",
        "path": "shr-core-Encounter-model.organization",
        "code": [
          {
            "system": "http://ncimeta.nci.nih.gov",
            "code": "C1561598"
          }
        ],
        "short": "A social or legal structure formed by human beings.",
        "definition": "A social or legal structure formed by human beings.\n\nOrganization type is restricted to 0..1 in FHIR DSTU2, similarly restricted here.",
        "min": 0,
        "max": "1",
        "base": {
          "path": "shr-core-Encounter-model.organization",
          "min": 0,
          "max": "1"
        },
        "type": [
          {
            "code": "Reference",
            "targetProfile": "http://hl7.org/fhir/us/shr/StructureDefinition/shr-core-Organization-model"
          }
        ],
        "mustSupport": false,
        "isModifier": false,
        "isSummary": false
      },
      {
        "id": "shr-core-Encounter-model.referralRequest",
        "path": "shr-core-Encounter-model.referralRequest",
        "short": "Used to record and send details about a request for referral service or transfer of a patient to the care of another provider or provider organization.",
        "definition": "Used to record and send details about a request for referral service or transfer of a patient to the care of another provider or provider organization.",
        "min": 0,
        "max": "*",
        "base": {
          "path": "shr-core-Encounter-model.referralRequest",
          "min": 0,
          "max": "*"
        },
        "type": [
          {
            "code": "Reference",
            "targetProfile": "http://hl7.org/fhir/us/shr/StructureDefinition/shr-core-ReferralRequest-model"
          }
        ],
        "mustSupport": false,
        "isModifier": false,
        "isSummary": false
      },
      {
        "id": "shr-core-Encounter-model.encounterClass",
        "path": "shr-core-Encounter-model.encounterClass",
        "short": "Concepts representing classification of patient encounter such as ambulatory (outpatient), inpatient, emergency, home health or others due to local variations.",
        "definition": "Concepts representing classification of patient encounter such as ambulatory (outpatient), inpatient, emergency, home health or others due to local variations.",
        "min": 0,
        "max": "1",
        "base": {
          "path": "shr-core-Encounter-model.encounterClass",
          "min": 0,
          "max": "1"
        },
        "type": [
          {
            "code": "Coding"
          }
        ],
        "mustSupport": false,
        "isModifier": false,
        "isSummary": false
      },
      {
        "id": "shr-core-Encounter-model.classHistory",
        "path": "shr-core-Encounter-model.classHistory",
        "short": "List of past encounter statuses",
        "definition": "List of past encounter statuses",
        "min": 0,
        "max": "*",
        "base": {
          "path": "shr-core-Encounter-model.classHistory",
          "min": 0,
          "max": "*"
        },
        "type": [
          {
            "code": "http://hl7.org/fhir/us/shr/StructureDefinition/shr-core-ClassHistory-model"
          }
        ],
        "mustSupport": false,
        "isModifier": false,
        "isSummary": false
      },
      {
        "id": "shr-core-Encounter-model.priorityCode[x]",
        "path": "shr-core-Encounter-model.priorityCode[x]",
        "code": [
          {
            "system": "http://ncimeta.nci.nih.gov",
            "code": "C0549179"
          }
        ],
        "slicing": {
          "discriminator": [
            {
              "type": "type",
              "path": "$this"
            }
          ],
          "ordered": false,
          "rules": "open"
        },
        "short": "An indication of the importance of an action relative to other actions.",
        "definition": "An indication of the importance of an action relative to other actions.",
        "min": 0,
        "max": "1",
        "base": {
          "path": "shr-core-Encounter-model.priorityCode[x]",
          "min": 0,
          "max": "1"
        },
        "type": [
          {
            "code": "positiveInt"
          },
          {
            "code": "Coding"
          }
        ],
        "mustSupport": false,
        "isModifier": false,
        "isSummary": false
      },
      {
        "id": "shr-core-Encounter-model.priorityCodeCoding:codeableConcept",
        "path": "shr-core-Encounter-model.priorityCodeCoding",
        "sliceName": "codeableConcept",
        "short": "PositiveInt or code representing an indication of the importance of an action relative to other actions.",
        "definition": "PositiveInt or code representing an indication of the importance of an action relative to other actions.",
        "min": 1,
        "max": "1",
        "base": {
          "path": "shr-core-Encounter-model.priorityCodeCoding",
          "min": 1,
          "max": "1"
        },
        "type": [
          {
            "code": "Coding"
          }
        ],
        "mustSupport": false,
        "isModifier": false,
        "isSummary": false,
        "binding": {
          "strength": "example",
          "valueSetReference": {
            "reference": "http://hl7.org/fhir/ValueSet/v3-ActPriority"
          }
        }
      },
      {
        "id": "shr-core-Encounter-model.episodeOfCare",
        "path": "shr-core-Encounter-model.episodeOfCare",
        "short": "An association between a patient and an organization / healthcare provider(s) during which time encounters may occur. The managing organization assumes a level of responsibility for the patient during this time.",
        "definition": "An association between a patient and an organization / healthcare provider(s) during which time encounters may occur. The managing organization assumes a level of responsibility for the patient during this time.",
        "min": 0,
        "max": "*",
        "base": {
          "path": "shr-core-Encounter-model.episodeOfCare",
          "min": 0,
          "max": "*"
        },
        "type": [
          {
            "code": "Reference",
            "targetProfile": "http://hl7.org/fhir/us/shr/StructureDefinition/shr-core-EpisodeOfCare-model"
          }
        ],
        "mustSupport": false,
        "isModifier": false,
        "isSummary": false
      },
      {
        "id": "shr-core-Encounter-model.participation",
        "path": "shr-core-Encounter-model.participation",
        "short": "Record of someone or something involvement in an activity or event.",
        "definition": "Record of someone or something involvement in an activity or event.",
        "min": 0,
        "max": "*",
        "base": {
          "path": "shr-core-Encounter-model.participation",
          "min": 0,
          "max": "*"
        },
        "type": [
          {
            "code": "BackboneElement"
          }
        ],
        "mustSupport": false,
        "isModifier": false,
        "isSummary": false
      },
      {
        "id": "shr-core-Encounter-model.participation.encounterParticipant[x]",
        "path": "shr-core-Encounter-model.participation.encounterParticipant[x]",
        "short": "A choice of Practitioner and RelatedPerson as participant",
        "definition": "A choice of Practitioner and RelatedPerson as participant",
        "min": 0,
        "max": "1",
        "base": {
          "path": "shr-core-Encounter-model.participation.encounterParticipant[x]",
          "min": 0,
          "max": "1"
        },
        "type": [
          {
            "code": "Reference",
            "targetProfile": "http://hl7.org/fhir/us/shr/StructureDefinition/shr-core-Practitioner-model"
          },
          {
            "code": "Reference",
            "targetProfile": "http://hl7.org/fhir/us/shr/StructureDefinition/shr-core-RelatedPerson-model"
          }
        ],
        "mustSupport": false,
        "isModifier": false,
        "isSummary": false
      },
      {
        "id": "shr-core-Encounter-model.participation.participationType",
        "path": "shr-core-Encounter-model.participation.participationType",
        "code": [
          {
            "system": "http://ncimeta.nci.nih.gov",
            "code": "C1553854"
          }
        ],
        "short": "The role played by the participant engaged in the action, for example, as the attending physician, surgical assistant, etc.",
        "definition": "The role played by the participant engaged in the action, for example, as the attending physician, surgical assistant, etc.",
        "min": 0,
        "max": "1",
        "base": {
          "path": "shr-core-Encounter-model.participation.participationType",
          "min": 0,
          "max": "1"
        },
        "type": [
          {
            "code": "Coding"
          }
        ],
        "mustSupport": false,
        "isModifier": false,
        "isSummary": false,
        "binding": {
          "strength": "extensible",
          "valueSetReference": {
            "reference": "http://hl7.org/fhir/ValueSet/encounter-participant-type"
          }
        }
      },
      {
        "id": "shr-core-Encounter-model.participation.participationPeriod",
        "path": "shr-core-Encounter-model.participation.participationPeriod",
        "code": [
          {
            "system": "http://ncimeta.nci.nih.gov",
            "code": "C1948053"
          }
        ],
        "short": "The point in time or span of time the participant is involved.",
        "definition": "The point in time or span of time the participant is involved.",
        "min": 0,
        "max": "1",
        "base": {
          "path": "shr-core-Encounter-model.participation.participationPeriod",
          "min": 0,
          "max": "1"
        },
        "type": [
          {
            "code": "http://hl7.org/fhir/us/shr/StructureDefinition/shr-core-TimePeriod-model"
          }
        ],
        "mustSupport": false,
        "isModifier": false,
        "isSummary": false
      },
      {
        "id": "shr-core-Encounter-model.participation.onBehalfOf[x]",
        "path": "shr-core-Encounter-model.participation.onBehalfOf[x]",
        "short": "The party represented by the actual participant.",
        "definition": "The party represented by the actual participant.",
        "min": 0,
        "max": "1",
        "base": {
          "path": "shr-core-Encounter-model.participation.onBehalfOf[x]",
          "min": 0,
          "max": "1"
        },
        "type": [
          {
            "code": "uri"
          },
          {
            "code": "Reference",
            "targetProfile": "http://hl7.org/fhir/us/shr/StructureDefinition/shr-core-Organization-model"
          }
        ],
        "mustSupport": false,
        "isModifier": false,
        "isSummary": false
      },
      {
        "id": "shr-core-Encounter-model.appointment",
        "path": "shr-core-Encounter-model.appointment",
        "short": "A booking of a healthcare event among patient(s), practitioner(s), related person(s) and/or device(s) for a specific date/time.",
        "definition": "A booking of a healthcare event among patient(s), practitioner(s), related person(s) and/or device(s) for a specific date/time.",
        "min": 0,
        "max": "1",
        "base": {
          "path": "shr-core-Encounter-model.appointment",
          "min": 0,
          "max": "1"
        },
        "type": [
          {
            "code": "Reference",
            "targetProfile": "http://hl7.org/fhir/us/shr/StructureDefinition/shr-core-Appointment-model"
          }
        ],
        "mustSupport": false,
        "isModifier": false,
        "isSummary": false
      },
      {
        "id": "shr-core-Encounter-model.duration",
        "path": "shr-core-Encounter-model.duration",
        "code": [
          {
            "system": "http://ncimeta.nci.nih.gov",
            "code": "C0449238"
          }
        ],
        "short": "The length of time that something continues.",
        "definition": "The length of time that something continues.",
        "min": 0,
        "max": "1",
        "base": {
          "path": "shr-core-Encounter-model.duration",
          "min": 0,
          "max": "1"
        },
        "type": [
          {
            "code": "http://hl7.org/fhir/us/shr/StructureDefinition/shr-core-Duration-model"
          }
        ],
        "mustSupport": false,
        "isModifier": false,
        "isSummary": false
      },
      {
        "id": "shr-core-Encounter-model.reasonCode",
        "path": "shr-core-Encounter-model.reasonCode",
        "code": [
          {
            "system": "http://ncimeta.nci.nih.gov",
            "code": "C0566251"
          }
        ],
        "short": "The justification, as a code.",
        "definition": "The justification, as a code.\nReason is a string or CodeableConcept in DSTU2 but in later versions only a CodeableConcept, so we are not going to support a string.",
        "min": 0,
        "max": "*",
        "base": {
          "path": "shr-core-Encounter-model.reasonCode",
          "min": 0,
          "max": "*"
        },
        "type": [
          {
            "code": "Coding"
          }
        ],
        "mustSupport": false,
        "isModifier": false,
        "isSummary": false,
        "binding": {
          "strength": "preferred",
          "valueSetReference": {
            "reference": "http://hl7.org/fhir/ValueSet/encounter-reason"
          }
        }
      },
      {
        "id": "shr-core-Encounter-model.encounterLocation",
        "path": "shr-core-Encounter-model.encounterLocation",
        "short": "Locations where the patient has been.",
        "definition": "Locations where the patient has been.",
        "min": 0,
        "max": "*",
        "base": {
          "path": "shr-core-Encounter-model.encounterLocation",
          "min": 0,
          "max": "*"
        },
        "type": [
          {
            "code": "http://hl7.org/fhir/us/shr/StructureDefinition/shr-core-EncounterLocation-model"
          }
        ],
        "mustSupport": false,
        "isModifier": false,
        "isSummary": false
      },
      {
        "id": "shr-core-Encounter-model.partOf",
        "path": "shr-core-Encounter-model.partOf",
        "short": "The larger entity that the asserted item is a portion of. For example, an organization part of a larger organization, or an encounter with a hospitalist might be part of a larger hospitalization encounter.",
        "definition": "The larger entity that the asserted item is a portion of. For example, an organization part of a larger organization, or an encounter with a hospitalist might be part of a larger hospitalization encounter.",
        "min": 0,
        "max": "1",
        "base": {
          "path": "shr-core-Encounter-model.partOf",
          "min": 0,
          "max": "1"
        },
        "type": [
          {
            "code": "Reference",
            "targetProfile": "http://hl7.org/fhir/us/shr/StructureDefinition/shr-core-Encounter-model"
          }
        ],
        "mustSupport": false,
        "isModifier": false,
        "isSummary": false
      }
    ]
  }
}