{
  "resourceType": "StructureDefinition",
  "id": "shr-core-LocationCode-model",
  "text": {
    "status": "generated",
    "div": "<div xmlns=\"http://www.w3.org/1999/xhtml\">\n  <p><b>LocationCode Logical Model</b></p>\n  <p>Code for the body location, optionally pre-coordinating laterality or direction.</p>\n</div>"
  },
  "url": "http://hl7.org/fhir/us/shr/StructureDefinition/shr-core-LocationCode-model",
  "identifier": [
    {
      "system": "http://hl7.org/fhir/us/sdoh",
      "value": "shr.core.LocationCode"
    }
  ],
  "version": "0.1.0",
  "name": "LocationCode",
  "title": "shr-core-LocationCode",
  "status": "draft",
  "date": "2019-04-01T00:00:00-04:00",
  "publisher": "MITRE Corporation",
  "contact": [
    {
      "telecom": [
        {
          "system": "url",
          "value": "http://standardhealthrecord.org"
        }
      ]
    }
  ],
  "description": "Code for the body location, optionally pre-coordinating laterality or direction.",
  "kind": "logical",
  "abstract": false,
  "type": "shr-core-LocationCode-model",
  "baseDefinition": "http://hl7.org/fhir/StructureDefinition/Element",
  "derivation": "specialization",
  "snapshot": {
    "element": [
      {
        "id": "shr-core-LocationCode-model",
        "path": "shr-core-LocationCode-model",
        "definition": "Code for the body location, optionally pre-coordinating laterality or direction.",
        "min": 0,
        "max": "*",
        "base": {
          "path": "shr-core-LocationCode-model",
          "min": 0,
          "max": "*"
        },
        "mustSupport": false,
        "isModifier": false,
        "isSummary": false
      },
      {
        "id": "shr-core-LocationCode-model.value",
        "path": "shr-core-LocationCode-model.value",
        "short": "Code representing code for the body location, optionally pre-coordinating laterality or direction.",
        "definition": "Code representing code for the body location, optionally pre-coordinating laterality or direction.",
        "min": 1,
        "max": "1",
        "base": {
          "path": "shr-core-LocationCode-model.value",
          "min": 1,
          "max": "1"
        },
        "type": [
          {
            "code": "Coding"
          }
        ],
        "mustSupport": false,
        "isModifier": false,
        "isSummary": false,
        "binding": {
          "strength": "preferred",
          "valueSetReference": {
            "reference": "http://hl7.org/fhir/us/sdoh/shr/core/vs/BodyLocationVS"
          }
        }
      }
    ]
  },
  "differential": {
    "element": [
      {
        "id": "shr-core-LocationCode-model",
        "path": "shr-core-LocationCode-model",
        "definition": "Code for the body location, optionally pre-coordinating laterality or direction.",
        "min": 0,
        "max": "*",
        "base": {
          "path": "shr-core-LocationCode-model",
          "min": 0,
          "max": "*"
        },
        "mustSupport": false,
        "isModifier": false,
        "isSummary": false
      },
      {
        "id": "shr-core-LocationCode-model.value",
        "path": "shr-core-LocationCode-model.value",
        "short": "Code representing code for the body location, optionally pre-coordinating laterality or direction.",
        "definition": "Code representing code for the body location, optionally pre-coordinating laterality or direction.",
        "min": 1,
        "max": "1",
        "base": {
          "path": "shr-core-LocationCode-model.value",
          "min": 1,
          "max": "1"
        },
        "type": [
          {
            "code": "Coding"
          }
        ],
        "mustSupport": false,
        "isModifier": false,
        "isSummary": false,
        "binding": {
          "strength": "preferred",
          "valueSetReference": {
            "reference": "http://hl7.org/fhir/us/sdoh/shr/core/vs/BodyLocationVS"
          }
        }
      }
    ]
  }
}