{
  "resourceType": "StructureDefinition",
  "id": "shr-core-Type-model",
  "text": {
    "status": "generated",
    "div": "<div xmlns=\"http://www.w3.org/1999/xhtml\">\n  <p><b>Type Logical Model</b></p>\n  <p>A code describing the item at a greater level of detail.</p>\n</div>"
  },
  "url": "http://hl7.org/fhir/us/shr/StructureDefinition/shr-core-Type-model",
  "identifier": [
    {
      "system": "http://hl7.org/fhir/us/sdoh",
      "value": "shr.core.Type"
    }
  ],
  "version": "0.1.0",
  "name": "Type",
  "title": "shr-core-Type",
  "status": "draft",
  "date": "2019-04-01T00:00:00-04:00",
  "publisher": "MITRE Corporation",
  "contact": [
    {
      "telecom": [
        {
          "system": "url",
          "value": "http://standardhealthrecord.org"
        }
      ]
    }
  ],
  "description": "A code describing the item at a greater level of detail.",
  "keyword": [
    {
      "system": "http://ncimeta.nci.nih.gov",
      "code": "C0332307"
    }
  ],
  "kind": "logical",
  "abstract": false,
  "type": "shr-core-Type-model",
  "baseDefinition": "http://hl7.org/fhir/StructureDefinition/Element",
  "derivation": "specialization",
  "snapshot": {
    "element": [
      {
        "id": "shr-core-Type-model",
        "path": "shr-core-Type-model",
        "definition": "A code describing the item at a greater level of detail.",
        "min": 0,
        "max": "*",
        "base": {
          "path": "shr-core-Type-model",
          "min": 0,
          "max": "*"
        },
        "mustSupport": false,
        "isModifier": false,
        "isSummary": false
      },
      {
        "id": "shr-core-Type-model.value",
        "path": "shr-core-Type-model.value",
        "short": "Code representing a code describing the item at a greater level of detail.",
        "definition": "Code representing a code describing the item at a greater level of detail.",
        "min": 1,
        "max": "1",
        "base": {
          "path": "shr-core-Type-model.value",
          "min": 1,
          "max": "1"
        },
        "type": [
          {
            "code": "Coding"
          }
        ],
        "mustSupport": false,
        "isModifier": false,
        "isSummary": false
      }
    ]
  },
  "differential": {
    "element": [
      {
        "id": "shr-core-Type-model",
        "path": "shr-core-Type-model",
        "definition": "A code describing the item at a greater level of detail.",
        "min": 0,
        "max": "*",
        "base": {
          "path": "shr-core-Type-model",
          "min": 0,
          "max": "*"
        },
        "mustSupport": false,
        "isModifier": false,
        "isSummary": false
      },
      {
        "id": "shr-core-Type-model.value",
        "path": "shr-core-Type-model.value",
        "short": "Code representing a code describing the item at a greater level of detail.",
        "definition": "Code representing a code describing the item at a greater level of detail.",
        "min": 1,
        "max": "1",
        "base": {
          "path": "shr-core-Type-model.value",
          "min": 1,
          "max": "1"
        },
        "type": [
          {
            "code": "Coding"
          }
        ],
        "mustSupport": false,
        "isModifier": false,
        "isSummary": false
      }
    ]
  }
}