{
  "resourceType": "StructureDefinition",
  "id": "shr-core-ContactPoint-model",
  "text": {
    "status": "generated",
    "div": "<div xmlns=\"http://www.w3.org/1999/xhtml\">\n  <p><b>ContactPoint Logical Model</b></p>\n  <p>An electronic means of contacting an organization or individual.</p>\n</div>"
  },
  "url": "http://hl7.org/fhir/us/shr/StructureDefinition/shr-core-ContactPoint-model",
  "identifier": [
    {
      "system": "http://hl7.org/fhir/us/sdoh",
      "value": "shr.core.ContactPoint"
    }
  ],
  "version": "0.1.0",
  "name": "ContactPoint",
  "title": "shr-core-ContactPoint",
  "status": "draft",
  "date": "2019-04-01T00:00:00-04:00",
  "publisher": "MITRE Corporation",
  "contact": [
    {
      "telecom": [
        {
          "system": "url",
          "value": "http://standardhealthrecord.org"
        }
      ]
    }
  ],
  "description": "An electronic means of contacting an organization or individual.",
  "keyword": [
    {
      "system": "http://ncimeta.nci.nih.gov",
      "code": "C2986441"
    }
  ],
  "kind": "logical",
  "abstract": false,
  "type": "shr-core-ContactPoint-model",
  "baseDefinition": "http://hl7.org/fhir/StructureDefinition/Element",
  "derivation": "specialization",
  "snapshot": {
    "element": [
      {
        "id": "shr-core-ContactPoint-model",
        "path": "shr-core-ContactPoint-model",
        "definition": "An electronic means of contacting an organization or individual.",
        "min": 0,
        "max": "*",
        "base": {
          "path": "shr-core-ContactPoint-model",
          "min": 0,
          "max": "*"
        },
        "mustSupport": false,
        "isModifier": false,
        "isSummary": false
      },
      {
        "id": "shr-core-ContactPoint-model.telecomNumberOrAddress",
        "path": "shr-core-ContactPoint-model.telecomNumberOrAddress",
        "short": "A user name or other identifier on a telecommunication network, such as a telephone number (including country code and extension, if necessary), email address, or SkypeID.",
        "definition": "A user name or other identifier on a telecommunication network, such as a telephone number (including country code and extension, if necessary), email address, or SkypeID.",
        "min": 0,
        "max": "1",
        "base": {
          "path": "shr-core-ContactPoint-model.telecomNumberOrAddress",
          "min": 0,
          "max": "1"
        },
        "type": [
          {
            "code": "string"
          }
        ],
        "mustSupport": false,
        "isModifier": false,
        "isSummary": false
      },
      {
        "id": "shr-core-ContactPoint-model.type",
        "path": "shr-core-ContactPoint-model.type",
        "code": [
          {
            "system": "http://ncimeta.nci.nih.gov",
            "code": "C0332307"
          }
        ],
        "short": "A code describing the item at a greater level of detail.",
        "definition": "A code describing the item at a greater level of detail.",
        "min": 0,
        "max": "1",
        "base": {
          "path": "shr-core-ContactPoint-model.type",
          "min": 0,
          "max": "1"
        },
        "type": [
          {
            "code": "Coding"
          }
        ],
        "mustSupport": false,
        "isModifier": false,
        "isSummary": false,
        "binding": {
          "strength": "required",
          "valueSetReference": {
            "reference": "http://hl7.org/fhir/ValueSet/contact-point-system"
          }
        }
      },
      {
        "id": "shr-core-ContactPoint-model.purpose",
        "path": "shr-core-ContactPoint-model.purpose",
        "short": "What it should be used for.",
        "definition": "What it should be used for.",
        "min": 0,
        "max": "1",
        "base": {
          "path": "shr-core-ContactPoint-model.purpose",
          "min": 0,
          "max": "1"
        },
        "type": [
          {
            "code": "Coding"
          }
        ],
        "mustSupport": false,
        "isModifier": false,
        "isSummary": false,
        "binding": {
          "strength": "required",
          "valueSetReference": {
            "reference": "http://hl7.org/fhir/ValueSet/contact-point-use"
          }
        }
      },
      {
        "id": "shr-core-ContactPoint-model.priorityRank",
        "path": "shr-core-ContactPoint-model.priorityRank",
        "short": "The priority of the procedure, as a number (1 being the highest priority)",
        "definition": "The priority of the procedure, as a number (1 being the highest priority)",
        "min": 0,
        "max": "1",
        "base": {
          "path": "shr-core-ContactPoint-model.priorityRank",
          "min": 0,
          "max": "1"
        },
        "type": [
          {
            "code": "positiveInt"
          }
        ],
        "mustSupport": false,
        "isModifier": false,
        "isSummary": false
      },
      {
        "id": "shr-core-ContactPoint-model.effectiveTimePeriod",
        "path": "shr-core-ContactPoint-model.effectiveTimePeriod",
        "code": [
          {
            "system": "http://ncimeta.nci.nih.gov",
            "code": "C2985763"
          }
        ],
        "short": "The date and time span for which something is active, valid, or in force.",
        "definition": "The date and time span for which something is active, valid, or in force.",
        "min": 0,
        "max": "1",
        "base": {
          "path": "shr-core-ContactPoint-model.effectiveTimePeriod",
          "min": 0,
          "max": "1"
        },
        "type": [
          {
            "code": "http://hl7.org/fhir/us/shr/StructureDefinition/shr-core-EffectiveTimePeriod-model"
          }
        ],
        "mustSupport": false,
        "isModifier": false,
        "isSummary": false
      }
    ]
  },
  "differential": {
    "element": [
      {
        "id": "shr-core-ContactPoint-model",
        "path": "shr-core-ContactPoint-model",
        "definition": "An electronic means of contacting an organization or individual.",
        "min": 0,
        "max": "*",
        "base": {
          "path": "shr-core-ContactPoint-model",
          "min": 0,
          "max": "*"
        },
        "mustSupport": false,
        "isModifier": false,
        "isSummary": false
      },
      {
        "id": "shr-core-ContactPoint-model.telecomNumberOrAddress",
        "path": "shr-core-ContactPoint-model.telecomNumberOrAddress",
        "short": "A user name or other identifier on a telecommunication network, such as a telephone number (including country code and extension, if necessary), email address, or SkypeID.",
        "definition": "A user name or other identifier on a telecommunication network, such as a telephone number (including country code and extension, if necessary), email address, or SkypeID.",
        "min": 0,
        "max": "1",
        "base": {
          "path": "shr-core-ContactPoint-model.telecomNumberOrAddress",
          "min": 0,
          "max": "1"
        },
        "type": [
          {
            "code": "string"
          }
        ],
        "mustSupport": false,
        "isModifier": false,
        "isSummary": false
      },
      {
        "id": "shr-core-ContactPoint-model.type",
        "path": "shr-core-ContactPoint-model.type",
        "code": [
          {
            "system": "http://ncimeta.nci.nih.gov",
            "code": "C0332307"
          }
        ],
        "short": "A code describing the item at a greater level of detail.",
        "definition": "A code describing the item at a greater level of detail.",
        "min": 0,
        "max": "1",
        "base": {
          "path": "shr-core-ContactPoint-model.type",
          "min": 0,
          "max": "1"
        },
        "type": [
          {
            "code": "Coding"
          }
        ],
        "mustSupport": false,
        "isModifier": false,
        "isSummary": false,
        "binding": {
          "strength": "required",
          "valueSetReference": {
            "reference": "http://hl7.org/fhir/ValueSet/contact-point-system"
          }
        }
      },
      {
        "id": "shr-core-ContactPoint-model.purpose",
        "path": "shr-core-ContactPoint-model.purpose",
        "short": "What it should be used for.",
        "definition": "What it should be used for.",
        "min": 0,
        "max": "1",
        "base": {
          "path": "shr-core-ContactPoint-model.purpose",
          "min": 0,
          "max": "1"
        },
        "type": [
          {
            "code": "Coding"
          }
        ],
        "mustSupport": false,
        "isModifier": false,
        "isSummary": false,
        "binding": {
          "strength": "required",
          "valueSetReference": {
            "reference": "http://hl7.org/fhir/ValueSet/contact-point-use"
          }
        }
      },
      {
        "id": "shr-core-ContactPoint-model.priorityRank",
        "path": "shr-core-ContactPoint-model.priorityRank",
        "short": "The priority of the procedure, as a number (1 being the highest priority)",
        "definition": "The priority of the procedure, as a number (1 being the highest priority)",
        "min": 0,
        "max": "1",
        "base": {
          "path": "shr-core-ContactPoint-model.priorityRank",
          "min": 0,
          "max": "1"
        },
        "type": [
          {
            "code": "positiveInt"
          }
        ],
        "mustSupport": false,
        "isModifier": false,
        "isSummary": false
      },
      {
        "id": "shr-core-ContactPoint-model.effectiveTimePeriod",
        "path": "shr-core-ContactPoint-model.effectiveTimePeriod",
        "code": [
          {
            "system": "http://ncimeta.nci.nih.gov",
            "code": "C2985763"
          }
        ],
        "short": "The date and time span for which something is active, valid, or in force.",
        "definition": "The date and time span for which something is active, valid, or in force.",
        "min": 0,
        "max": "1",
        "base": {
          "path": "shr-core-ContactPoint-model.effectiveTimePeriod",
          "min": 0,
          "max": "1"
        },
        "type": [
          {
            "code": "http://hl7.org/fhir/us/shr/StructureDefinition/shr-core-EffectiveTimePeriod-model"
          }
        ],
        "mustSupport": false,
        "isModifier": false,
        "isSummary": false
      }
    ]
  }
}