{
  "resourceType": "ValueSet",
  "id": "shr-core-TimeUnitOfMeasureVS",
  "text": {
    "status": "generated",
    "div": "<div xmlns=\"http://www.w3.org/1999/xhtml\">\n<p><b>TimeUnitOfMeasureVS ValueSet</b></p>\n<p>Units of measure related to time.</p>\n</div>"
  },
  "url": "http://hl7.org/fhir/us/sdoh/shr/core/vs/TimeUnitOfMeasureVS",
  "identifier": [
    {
      "system": "http://hl7.org/fhir/us/sdoh",
      "value": "shr.core.TimeUnitOfMeasureVS"
    }
  ],
  "version": "0.1.0",
  "name": "TimeUnitOfMeasureVS",
  "title": "TimeUnitOfMeasureVS",
  "status": "draft",
  "date": "2019-04-01T00:00:00-04:00",
  "publisher": "MITRE Corporation",
  "contact": [
    {
      "telecom": [
        {
          "system": "url",
          "value": "http://standardhealthrecord.org"
        }
      ]
    }
  ],
  "description": "Units of measure related to time.",
  "compose": {
    "include": [
      {
        "system": "http://unitsofmeasure.org",
        "concept": [
          {
            "code": "us",
            "display": "Microsecond"
          },
          {
            "code": "ms",
            "display": "Millisecond"
          },
          {
            "code": "s",
            "display": "Second"
          },
          {
            "code": "min",
            "display": "Minute"
          },
          {
            "code": "h",
            "display": "Hour"
          },
          {
            "code": "wk",
            "display": "Week"
          },
          {
            "code": "mo",
            "display": "Month"
          },
          {
            "code": "a",
            "display": "Year"
          }
        ]
      }
    ]
  }
}