"Path","Slice Name","Alias(s)","Label","Min","Max","Must Support?","Is Modifier?","Is Summary?","Type(s)","Short","Definition","Comments","Requirements","Default Value","Meaning When Missing","Fixed Value","Pattern","Example","Minimum Value","Maximum Value","Maximum Length","Binding Strength","Binding Description","Binding Value Set","Code","Slicing Discriminator","Slicing Description","Slicing Ordered","Slicing Rules","Base Path","Base Min","Base Max","Condition(s)","Constraint(s)","Mapping: RIM Mapping"
"Signature","","","",0,*,"","","","","obf-Signature","A Signature holds an electronic representation of a signature and its supporting context in a FHIR accessible form. The signature may either be a cryptographic type (XML DigSig or a JWS), which is able to provide non-repudiation proof, or it may be a graphical image that represents a signature or a signature process.","The elements of the Signature Resource are for ease of access of these elements. For digital signatures (Xml DigSig, JWS), the non-repudiation proof comes from the Signature  validation, which includes validation of the referenced objects (e.g. Resources) (a.k.a., Content) in the XML-Signature Detached form.","","","","","","","","",,,,,"",,,,"Signature",0,*,"ele-1
","ele-1:All FHIR elements must have a @value or children {hasValue() or (children().count() > id.count())}
","n/a","N/A"
"Signature.id","","","",0,1,"","","","string {[]} {[]}
","Unique id for inter-element referencing","Unique id for the element within a resource (for internal references). This may be any string value that does not contain spaces.","","","","","","","","","",,,,,"",,,,"Element.id",0,1,"","","n/a"
"Signature.extension","","extensions
user content","",0,*,"","","","Extension {[]} {[]}
","Additional content defined by implementations","May be used to represent additional information that is not part of the basic definition of the element. To make the use of extensions safe and manageable, there is a strict set of governance  applied to the definition and use of extensions. Though any implementer can define an extension, there is a set of requirements that SHALL be met as part of the definition of the extension.","There can be no stigma associated with the use of extensions by any application, project, or standard - regardless of the institution or jurisdiction that uses or defines the extensions.  The use of extensions is what allows the FHIR specification to retain a core level of simplicity for everyone.","","","","","","","","",,,,,"","value:url}
","Extensions are always sliced by (at least) url",,"open","Element.extension",0,*,"","","n/a"
"Signature.type","","","",1,*,"","","Y","Coding {[]} {[]}
","Indication of the reason the entity signed the object(s)","An indication of the reason that the entity signed this document. This may be explicitly included as part of the signature information and can be used when determining accountability for various actions concerning the document.","Examples include attesting to: authorship, correct transcription, and witness of specific event. Also known as a &quot;Commitment Type Indication&quot;.","","","","","","","","",,"extensible","An indication of the reason that an entity signed the object.","http://hl7.org/fhir/ValueSet/signature-type","",,,,"Signature.type",1,*,"",""
"Signature.when","","","",1,1,"","","Y","instant {[]} {[]}
","When the signature was created","When the digital signature was signed.","This should agree with the information in the signature.","","","","","","","","",,,,,"",,,,"Signature.when",1,1,"",""
"Signature.who","","","",1,1,"","","Y","Reference {[]} {[CanonicalType[http://hl7.org/fhir/us/obf/StructureDefinition/obf-Practitioner], CanonicalType[http://hl7.org/fhir/us/obf/StructureDefinition/obf-RelatedPerson], CanonicalType[http://hl7.org/fhir/us/obf/StructureDefinition/obf-Patient], CanonicalType[http://hl7.org/fhir/us/obf/StructureDefinition/obf-Device], CanonicalType[http://hl7.org/fhir/us/obf/StructureDefinition/obf-Organization]]}
","Who signed","A reference to an application-usable description of the identity that signed  (e.g. the signature used their private key).","This should agree with the information in the signature.","","","","","","","","",,,,,"",,,,"Signature.who",1,1,"",""
"Signature.onBehalfOf","","","",0,1,"","","Y","Reference {[]} {[CanonicalType[http://hl7.org/fhir/us/obf/StructureDefinition/obf-Practitioner], CanonicalType[http://hl7.org/fhir/us/obf/StructureDefinition/obf-RelatedPerson], CanonicalType[http://hl7.org/fhir/us/obf/StructureDefinition/obf-Patient], CanonicalType[http://hl7.org/fhir/us/obf/StructureDefinition/obf-Device], CanonicalType[http://hl7.org/fhir/us/obf/StructureDefinition/obf-Organization]]}
","The party represented","A reference to an application-usable description of the identity that is represented by the signature.","The party that can't sign. For example a child.","used when the signature is on behalf of a non-signer.","","","","","","","",,,,,"",,,,"Signature.onBehalfOf",0,1,"",""
"Signature.targetFormat","","","",0,1,"","","","code {[]} {[]}
","The technical format of the signed resources","A mime type that indicates the technical format of the target resources signed by the signature.","""xml"", ""json"" and ""ttl"" are allowed, which describe the simple encodings described in the specification (and imply appropriate bundle support). Otherwise, mime types are legal here.","","","","","","","","",,"required","The mime type of an attachment. Any valid mime type is allowed.","http://hl7.org/fhir/ValueSet/mimetypes|4.0.0","",,,,"Signature.targetFormat",0,1,"",""
"Signature.sigFormat","","","",1,1,"","","","code {[]} {[]}
","The technical format of the signature","A mime type that indicates the technical format of the signature. Important mime types are application/signature+xml for X ML DigSig, application/jose for JWS, and image/* for a graphical image of a signature, etc.","","","","","","","","","",,"required","The mime type of an attachment. Any valid mime type is allowed.","http://hl7.org/fhir/ValueSet/mimetypes|4.0.0","",,,,"Signature.sigFormat",0,1,"",""
"Signature.data","","","",1,1,"","","","base64Binary {[]} {[]}
","The actual signature content (XML DigSig. JWS, picture, etc.)","The base64 encoding of the Signature content. When signature is not recorded electronically this element would be empty.","Where the signature type is an XML DigSig, the signed content is a FHIR Resource(s), the signature is of the XML form of the Resource(s) using  XML-Signature (XMLDIG) ""Detached Signature"" form.","","","","","","","","",,,,,"",,,,"Signature.data",0,1,"",""
