"Path","Slice Name","Alias(s)","Label","Min","Max","Must Support?","Is Modifier?","Is Summary?","Type(s)","Short","Definition","Comments","Requirements","Default Value","Meaning When Missing","Fixed Value","Pattern","Example","Minimum Value","Maximum Value","Maximum Length","Binding Strength","Binding Description","Binding Value Set","Code","Slicing Discriminator","Slicing Description","Slicing Ordered","Slicing Rules","Base Path","Base Min","Base Max","Condition(s)","Constraint(s)","Mapping: Workflow Pattern","Mapping: RIM Mapping","Mapping: W3C PROV","Mapping: FiveWs Pattern Mapping","Mapping: FHIR AuditEvent Mapping"
"Provenance","","History
EventActivity","",0,*,"","","","","obf-Provenance","Describes entities and processes involved in producing and delivering or otherwise influencing that resource. Provenance tracks information about the activity that created, revised, deleted, or signed a version of a resource, describing the entities and agents involved. This information can be used to form assessments about its quality, reliability, trustworthiness, or to provide pointers for where to go to further investigate the origins of the resource and the information in it.","Some parties may be duplicated between the target resource and its provenance.  For instance, the prescriber is usually (but not always) the author of the prescription resource. This resource is defined with close consideration for W3C Provenance.","","","","","","","","",,,,,"",,,,"Provenance",0,*,"","dom-2:If the resource is contained in another resource, it SHALL NOT contain nested Resources {contained.contained.empty()}
dom-4:If a resource is contained in another resource, it SHALL NOT have a meta.versionId or a meta.lastUpdated {contained.meta.versionId.empty() and contained.meta.lastUpdated.empty()}dom-3:If the resource is contained in another resource, it SHALL be referred to from elsewhere in the resource or SHALL refer to the containing resource {contained.where((('#'+id in (%resource.descendants().reference | %resource.descendants().as(canonical) | %resource.descendants().as(uri) | %resource.descendants().as(url))) or descendants().where(reference = '#').exists() or descendants().where(as(canonical) = '#').exists() or descendants().where(as(canonical) = '#').exists()).not()).trace('unmatched', id).empty()}dom-6:A resource should have narrative for robust management {text.div.exists()}dom-5:If a resource is contained in another resource, it SHALL NOT have a security label {contained.meta.security.empty()}","Event","Entity. Role, or Act","ControlAct[isNormalAct() and subsumes(CACT, classCode) and moodCode=EVN]","Activity"
"Provenance.id","","","",0,1,"","","Y","id {[]} {[]}
","Logical id of this artifact","The logical id of the resource, as used in the URL for the resource. Once assigned, this value never changes.","The only time that a resource does not have an id is when it is being submitted to the server using a create operation.","","","","","","","","",,,,,"",,,,"Resource.id",0,1,"",""
"Provenance.meta","","","",0,1,"","","Y","Meta {[]} {[]}
","Metadata about the resource","The metadata about the resource. This is content that is maintained by the infrastructure. Changes to the content might not always be associated with version changes to the resource.","","","","","","","","","",,,,,"",,,,"Resource.meta",0,1,"",""
"Provenance.implicitRules","","","",0,1,"","Y","Y","uri {[]} {[]}
","A set of rules under which this content was created","A reference to a set of rules that were followed when the resource was constructed, and which must be understood when processing the content. Often, this is a reference to an implementation guide that defines the special rules along with other profiles etc.","Asserting this rule set restricts the content to be only understood by a limited set of trading partners. This inherently limits the usefulness of the data in the long term. However, the existing health eco-system is highly fractured, and not yet ready to define, collect, and exchange data in a generally computable sense. Wherever possible, implementers and/or specification writers should avoid using this element. Often, when used, the URL is a reference to an implementation guide that defines these special rules as part of it's narrative along with other profiles, value sets, etc.","","","","","","","","",,,,,"",,,,"Resource.implicitRules",0,1,"",""
"Provenance.language","","","",0,1,"","","","code {[]} {[]}
","Language of the resource content","The base language in which the resource is written.","Language is provided to support indexing and accessibility (typically, services such as text to speech use the language tag). The html language tag in the narrative applies  to the narrative. The language tag on the resource may be used to specify the language of other presentations generated from the data in the resource. Not all the content has to be in the base language. The Resource.language should not be assumed to apply to the narrative automatically. If a language is specified, it should it also be specified on the div element in the html (see rules in HTML5 for information about the relationship between xml:lang and the html lang attribute).","","","","","","","","",,"preferred","A human language.","http://hl7.org/fhir/ValueSet/languages","",,,,"Resource.language",0,1,"",""
"Provenance.text","","narrative
htmlxhtmldisplay","",0,1,"","","","Narrative {[]} {[]}
","Text summary of the resource, for human interpretation","A human-readable narrative that contains a summary of the resource and can be used to represent the content of the resource to a human. The narrative need not encode all the structured data, but is required to contain sufficient detail to make it ""clinically safe"" for a human to just read the narrative. Resource definitions may define what content should be represented in the narrative to ensure clinical safety.","Contained resources do not have narrative. Resources that are not contained SHOULD have a narrative. In some cases, a resource may only have text with little or no additional discrete data (as long as all minOccurs=1 elements are satisfied).  This may be necessary for data from legacy systems where information is captured as a ""text blob"" or where text is additionally entered raw or narrated and encoded information is added later.","","","","","","","","",,,,,"",,,,"DomainResource.text",0,1,"","","Act.text?"
"Provenance.contained","","inline resources
anonymous resourcescontained resources","",0,*,"","","","Resource {[]} {[]}
","Contained, inline Resources","These resources do not have an independent existence apart from the resource that contains them - they cannot be identified independently, and nor can they have their own independent transaction scope.","This should never be done when the content can be identified properly, as once identification is lost, it is extremely difficult (and context dependent) to restore it again. Contained resources may have profiles and tags In their meta elements, but SHALL NOT have security labels.","","","","","","","","",,,,,"",,,,"DomainResource.contained",0,*,"","","N/A"
"Provenance.extension","","extensions
user content","",0,*,"","","","Extension {[]} {[]}
","Additional content defined by implementations","May be used to represent additional information that is not part of the basic definition of the resource. To make the use of extensions safe and manageable, there is a strict set of governance  applied to the definition and use of extensions. Though any implementer can define an extension, there is a set of requirements that SHALL be met as part of the definition of the extension.","There can be no stigma associated with the use of extensions by any application, project, or standard - regardless of the institution or jurisdiction that uses or defines the extensions.  The use of extensions is what allows the FHIR specification to retain a core level of simplicity for everyone.","","","","","","","","",,,,,"","value:url}
","",,"open","DomainResource.extension",0,*,"","","N/A"
"Provenance.extension","status","","",0,1,"","","","Extension {[CanonicalType[http://hl7.org/fhir/us/obf/StructureDefinition/obf-Status-extension]]} {[]}
","","A state that relates to the workflow or interpretation of this resource. Certain status values can modify the meaning of the resource, for example, entered-in-error. When a boolean value is used, Status of true indicates the record is active, false means inactive.","","","","","","","","","",,,,,"",,,,"DomainResource.extension",0,*,"",""
"Provenance.extension","identifier","","",0,*,"","","","Extension {[CanonicalType[http://hl7.org/fhir/us/obf/StructureDefinition/shr-core-Identifier-extension]]} {[]}
","","Business identifier or external id for this resource.","","","","","","","","","",,,,,"",,,,"DomainResource.extension",0,*,"",""
"Provenance.modifierExtension","","extensions
user content","",0,*,"","Y","","Extension {[]} {[]}
","Extensions that cannot be ignored","May be used to represent additional information that is not part of the basic definition of the resource and that modifies the understanding of the element that contains it and/or the understanding of the containing element's descendants. Usually modifier elements provide negation or qualification. To make the use of extensions safe and manageable, there is a strict set of governance applied to the definition and use of extensions. Though any implementer is allowed to define an extension, there is a set of requirements that SHALL be met as part of the definition of the extension. Applications processing a resource are required to check for modifier extensions.

Modifier extensions SHALL NOT change the meaning of any elements on Resource or DomainResource (including cannot change the meaning of modifierExtension itself).","There can be no stigma associated with the use of extensions by any application, project, or standard - regardless of the institution or jurisdiction that uses or defines the extensions.  The use of extensions is what allows the FHIR specification to retain a core level of simplicity for everyone.","Modifier extensions allow for extensions that *cannot* be safely ignored to be clearly distinguished from the vast majority of extensions which can be safely ignored.  This promotes interoperability by eliminating the need for implementers to prohibit the presence of extensions. For further information, see the [definition of modifier extensions](extensibility.html#modifierExtension).","","","","","","","",,,,,"",,,,"DomainResource.modifierExtension",0,*,"","","N/A"
"Provenance.target","","","",1,*,"","","Y","Reference {[]} {[CanonicalType[http://hl7.org/fhir/us/obf/StructureDefinition/obf-DomainResource]]}
","Target Reference(s) (usually version specific)","The Reference(s) that were generated or updated by  the activity described in this resource. A provenance can point to more than one target if multiple resources were created/updated by the same activity.","Target references are usually version specific, but might not be, if a version has not been assigned or if the provenance information is part of the set of resources being maintained (i.e. a document). When using the RESTful API, the identity of the resource might not be known (especially not the version specific one); the client may either submit the resource first, and then the provenance, or it may submit both using a single transaction. See the notes on transaction for further discussion.","","","","","","","","",,,,,"",,,,"Provenance.target",1,*,"","","./outboundRelationship[isNormalActRelationship() and typeCode=SUBJ]/target  OR  ./participation[isNormalParticipation() and typeCode=SBJ]/role  OR  ./participation[isNormalParticipation() and typeCode=SBJ]/role[isNormalRole()]/player","Entity Created/Updated","FiveWs.what[x]","AuditEvent.entity.reference"
"Provenance.occurred[x]","","","",0,1,"","","","Period {[]} {[]}
dateTime {[]} {[]}","When the activity occurred","The period during which the activity occurred.","The period can be a little arbitrary; where possible, the time should correspond to human assessment of the activity time.","","","","","","","","",,,,,"",,,,"Provenance.occurred[x]",0,1,"","","Event.occurred[x]","./effectiveTime[type=IVL_TS]","Activity.startTime & Activity.endTime","FiveWs.done[x]"
"Provenance.recorded","","","",1,1,"","","Y","instant {[]} {[]}
","When the activity was recorded / updated","The instant of time at which the activity was recorded.","This can be a little different from the time stamp on the resource if there is a delay between recording the event and updating the provenance and target resource.","","","","","","","","",,,,,"",,,,"Provenance.recorded",1,1,"","","unique(./participation[isNormalParticipation() and typeCode=AUT]/time[type=TS])","Activity.when","FiveWs.recorded","AuditEvent.recorded"
"Provenance.policy","","","",0,1,"","","","uri {[]} {[]}
","Policy or plan the activity was defined by","Policy or plan the activity was defined by. Typically, a single activity may have multiple applicable policy documents, such as patient consent, guarantor funding, etc.","For example: Where an OAuth token authorizes, the unique identifier from the OAuth token is placed into the policy element Where a policy engine (e.g. XACML) holds policy logic, the unique policy identifier is placed into the policy element.","","","","","","","","",,,,,"",,,,"Provenance.policy",0,*,"","","./inboundRelationship[isNormalActRelationship() and typeCode=""SUBJ""]/source[isNormalAct and subsumes(POLICY, classCode) and moodCode=EVN]/text[typeCode='ED'/tel","AuditEvent.agent.policy"
"Provenance.location","","","",0,1,"","","","Reference {[]} {[CanonicalType[http://hl7.org/fhir/us/obf/StructureDefinition/obf-Location]]}
","Where the activity occurred, if relevant","Where the activity occurred, if relevant.","","","","","","","","","",,,,,"",,,,"Provenance.location",0,1,"","","Event.location","unique(./participation[isNormalParticipation() and typeCode=LOC]/role[isNormalRole() and subsumes(SDLOC, classCode)]/player[isNormalEntity and classCode=""LOC"" and determinerCode=""INST""]","Activity.location","FiveWs.where[x]","AuditEvent.agent.location"
"Provenance.reason","","","",0,*,"","","","CodeableConcept {[]} {[]}
","Reason the activity is occurring","The reason that the activity was taking place.","","","","","","","","","",,"extensible","The reason the activity took place.","http://terminology.hl7.org/ValueSet/v3-PurposeOfUse","",,,,"Provenance.reason",0,*,"","","Event.reasonCode","unique(./reasonCode)","Activity.Activity","FiveWs.why[x]","AuditEvent.purposeOfEvent"
"Provenance.activity","","","",0,1,"","","","CodeableConcept {[]} {[]}
","Activity that occurred","An activity is something that occurs over a period of time and acts upon or with entities; it may include consuming, processing, transforming, modifying, relocating, using, or generating entities.","","","","","","","","","",,"extensible","The activity that took place.","http://hl7.org/fhir/ValueSet/provenance-activity-type","",,,,"Provenance.activity",0,1,"","","Event.code","Act.code","Activity.Activity","FiveWs.why[x]"
"Provenance.agent","","","",1,*,"","","","BackboneElement {[]} {[]}
","Actor involved","An actor taking a role in an activity  for which it can be assigned some degree of responsibility for the activity taking place.","Several agents may be associated (i.e. has some responsibility for an activity) with an activity and vice-versa.","An agent can be a person, an organization, software, device, or other entities that may be ascribed responsibility.","","","","","","","",,,,,"",,,,"Provenance.agent",1,*,"","ele-1:All FHIR elements must have a @value or children {hasValue() or (children().count() > id.count())}
","Event.performer","./participation[isNormalParticipation()]  OR  ./outboundRelationship[isNormalActRelationship() and typeCode='DRIV']","Agent","FiveWs.who","AuditEvent.agent"
"Provenance.agent.id","","","",0,1,"","","","string {[]} {[]}
","Unique id for inter-element referencing","Unique id for the element within a resource (for internal references). This may be any string value that does not contain spaces.","","","","","","","","","",,,,,"",,,,"Element.id",0,1,"","","n/a"
"Provenance.agent.extension","","extensions
user content","",0,*,"","","","Extension {[]} {[]}
","Additional content defined by implementations","May be used to represent additional information that is not part of the basic definition of the element. To make the use of extensions safe and manageable, there is a strict set of governance  applied to the definition and use of extensions. Though any implementer can define an extension, there is a set of requirements that SHALL be met as part of the definition of the extension.","There can be no stigma associated with the use of extensions by any application, project, or standard - regardless of the institution or jurisdiction that uses or defines the extensions.  The use of extensions is what allows the FHIR specification to retain a core level of simplicity for everyone.","","","","","","","","",,,,,"",,,,"Element.extension",0,*,"","","n/a"
"Provenance.agent.modifierExtension","","extensions
user contentmodifiers","",0,*,"","Y","Y","Extension {[]} {[]}
","Extensions that cannot be ignored even if unrecognized","May be used to represent additional information that is not part of the basic definition of the element and that modifies the understanding of the element in which it is contained and/or the understanding of the containing element's descendants. Usually modifier elements provide negation or qualification. To make the use of extensions safe and manageable, there is a strict set of governance applied to the definition and use of extensions. Though any implementer can define an extension, there is a set of requirements that SHALL be met as part of the definition of the extension. Applications processing a resource are required to check for modifier extensions.

Modifier extensions SHALL NOT change the meaning of any elements on Resource or DomainResource (including cannot change the meaning of modifierExtension itself).","There can be no stigma associated with the use of extensions by any application, project, or standard - regardless of the institution or jurisdiction that uses or defines the extensions.  The use of extensions is what allows the FHIR specification to retain a core level of simplicity for everyone.","Modifier extensions allow for extensions that *cannot* be safely ignored to be clearly distinguished from the vast majority of extensions which can be safely ignored.  This promotes interoperability by eliminating the need for implementers to prohibit the presence of extensions. For further information, see the [definition of modifier extensions](extensibility.html#modifierExtension).","","","","","","","",,,,,"",,,,"BackboneElement.modifierExtension",0,*,"","","N/A"
"Provenance.agent.type","","","",0,1,"","","Y","CodeableConcept {[]} {[]}
","How the agent participated","The participation the agent had with respect to the activity.","For example: author, performer, enterer, attester, etc.","","","","","","","","",,"extensible","The type of participation that a provenance agent played with respect to the activity.","http://hl7.org/fhir/ValueSet/provenance-agent-type","",,,,"Provenance.agent.type",0,1,"","","Event.performer.function",".role","Agent.Attribution","AuditEvent.agent.type"
"Provenance.agent.role","","","",0,*,"","","","CodeableConcept {[]} {[]}
","What the agents role was","The function of the agent with respect to the activity. The security role enabling the agent with respect to the activity.","For example: doctor, nurse, clerk, etc.","","","","","","","","",,"example","The role that a provenance agent played with respect to the activity.","http://hl7.org/fhir/ValueSet/security-role-type","",,,,"Provenance.agent.role",0,*,"","",".typecode","AuditEvent.agent.role"
"Provenance.agent.who","","","",1,1,"","","Y","Reference {[]} {[CanonicalType[http://hl7.org/fhir/us/obf/StructureDefinition/obf-Patient], CanonicalType[http://hl7.org/fhir/us/obf/StructureDefinition/obf-Practitioner], CanonicalType[http://hl7.org/fhir/us/obf/StructureDefinition/obf-RelatedPerson], CanonicalType[http://hl7.org/fhir/us/obf/StructureDefinition/obf-Organization], CanonicalType[http://hl7.org/fhir/us/obf/StructureDefinition/obf-Device]]}
","Who participated","The individual, device or organization that participated in the event.","whoIdentity should be used when the agent is not a Resource type.","","","","","","","","",,,,,"",,,,"Provenance.agent.who",1,1,"","","Event.performer.actor",".id","FiveWs.actor"
"Provenance.agent.onBehalfOf","","","",0,1,"","","","Reference {[]} {[CanonicalType[http://hl7.org/fhir/us/obf/StructureDefinition/obf-Practitioner], CanonicalType[http://hl7.org/fhir/us/obf/StructureDefinition/obf-RelatedPerson], CanonicalType[http://hl7.org/fhir/us/obf/StructureDefinition/obf-Patient], CanonicalType[http://hl7.org/fhir/us/obf/StructureDefinition/obf-Device], CanonicalType[http://hl7.org/fhir/us/obf/StructureDefinition/obf-Organization]]}
","Who the agent is representing","The individual, device, or organization for whom the change was made.","onBehalfOfIdentity should be used when the agent is not a Resource type.","","","","","","","","",,,,,"",,,,"Provenance.agent.onBehalfOf",0,1,"","","Person, Practitioner, Organization, Device :* .role [classCode = RoleClassMutualRelationship; role.code and * .scopes[Role](classCode=IDENT) and *.plays [Role.Code]"
"Provenance.entity","","","",0,*,"","","","BackboneElement {[]} {[]}
","An entity used in this activity","An entity used in this activity.","","","","","","","","","",,,,,"",,,,"Provenance.entity",0,*,"","ele-1:All FHIR elements must have a @value or children {hasValue() or (children().count() > id.count())}
","./subjectOf","Entity","AuditEvent.entity"
"Provenance.entity.id","","","",0,1,"","","","string {[]} {[]}
","Unique id for inter-element referencing","Unique id for the element within a resource (for internal references). This may be any string value that does not contain spaces.","","","","","","","","","",,,,,"",,,,"Element.id",0,1,"","","n/a"
"Provenance.entity.extension","","extensions
user content","",0,*,"","","","Extension {[]} {[]}
","Additional content defined by implementations","May be used to represent additional information that is not part of the basic definition of the element. To make the use of extensions safe and manageable, there is a strict set of governance  applied to the definition and use of extensions. Though any implementer can define an extension, there is a set of requirements that SHALL be met as part of the definition of the extension.","There can be no stigma associated with the use of extensions by any application, project, or standard - regardless of the institution or jurisdiction that uses or defines the extensions.  The use of extensions is what allows the FHIR specification to retain a core level of simplicity for everyone.","","","","","","","","",,,,,"",,,,"Element.extension",0,*,"","","n/a"
"Provenance.entity.modifierExtension","","extensions
user contentmodifiers","",0,*,"","Y","Y","Extension {[]} {[]}
","Extensions that cannot be ignored even if unrecognized","May be used to represent additional information that is not part of the basic definition of the element and that modifies the understanding of the element in which it is contained and/or the understanding of the containing element's descendants. Usually modifier elements provide negation or qualification. To make the use of extensions safe and manageable, there is a strict set of governance applied to the definition and use of extensions. Though any implementer can define an extension, there is a set of requirements that SHALL be met as part of the definition of the extension. Applications processing a resource are required to check for modifier extensions.

Modifier extensions SHALL NOT change the meaning of any elements on Resource or DomainResource (including cannot change the meaning of modifierExtension itself).","There can be no stigma associated with the use of extensions by any application, project, or standard - regardless of the institution or jurisdiction that uses or defines the extensions.  The use of extensions is what allows the FHIR specification to retain a core level of simplicity for everyone.","Modifier extensions allow for extensions that *cannot* be safely ignored to be clearly distinguished from the vast majority of extensions which can be safely ignored.  This promotes interoperability by eliminating the need for implementers to prohibit the presence of extensions. For further information, see the [definition of modifier extensions](extensibility.html#modifierExtension).","","","","","","","",,,,,"",,,,"BackboneElement.modifierExtension",0,*,"","","N/A"
"Provenance.entity.role","","","",1,1,"","","Y","code {[]} {[]}
","derivation | revision | quotation | source | removal","How the entity was used during the activity.","","","","","","","","","",,"required","How an entity was used in an activity.","http://hl7.org/fhir/ValueSet/provenance-entity-role|4.0.0","",,,,"Provenance.entity.role",1,1,"","","./typeCode","Entity.role","AuditEvent.entity.lifecycle"
"Provenance.entity.what","","","",1,1,"","","Y","Reference {[]} {[CanonicalType[http://hl7.org/fhir/us/obf/StructureDefinition/obf-DomainResource]]}
","Identity of entity","Identity of the  Entity used. May be a logical or physical uri and maybe absolute or relative.","whatIdentity should be used for entities that are not a Resource type.","","","","","","","","",,,,,"",,,,"Provenance.entity.what",1,1,"","","./text/reference","Entity.Identity","AuditEvent.entity.reference"
"Provenance.entity.agent","","","",0,*,"","","","BackboneElement {[]} {[]}
","Entity is attributed to this agent","The entity is attributed to an agent to express the agent's responsibility for that entity, possibly along with other agents. This description can be understood as shorthand for saying that the agent was responsible for the activity which generated the entity.","A usecase where one Provenance.entity.agent is used where the Entity that was used in the creation/updating of the Target, is not in the context of the same custodianship as the Target, and thus the meaning of Provenance.entity.agent is to say that the entity referenced is managed elsewhere and that this Agent provided access to it.  This would be similar to where the Entity being referenced is managed outside FHIR, such as through HL7 v2, v3, or XDS. This might be where the Entity being referenced is managed in another FHIR resource server. Thus it explains the Provenance of that Entity's use in the context of this Provenance activity.","","","","","","","","",,,,,"",,,,"Provenance.entity.agent",0,*,"","","./author/role"
"Provenance.entity.agent.id","","","",0,1,"","","","string {[]} {[]}
","Unique id for inter-element referencing","Unique id for the element within a resource (for internal references). This may be any string value that does not contain spaces.","","","","","","","","","",,,,,"",,,,"Element.id",0,1,"","","n/a"
"Provenance.entity.agent.extension","","extensions
user content","",0,*,"","","","Extension {[]} {[]}
","Additional content defined by implementations","May be used to represent additional information that is not part of the basic definition of the element. To make the use of extensions safe and manageable, there is a strict set of governance  applied to the definition and use of extensions. Though any implementer can define an extension, there is a set of requirements that SHALL be met as part of the definition of the extension.","There can be no stigma associated with the use of extensions by any application, project, or standard - regardless of the institution or jurisdiction that uses or defines the extensions.  The use of extensions is what allows the FHIR specification to retain a core level of simplicity for everyone.","","","","","","","","",,,,,"",,,,"Element.extension",0,*,"","","n/a"
"Provenance.entity.agent.modifierExtension","","extensions
user contentmodifiers","",0,*,"","Y","Y","Extension {[]} {[]}
","Extensions that cannot be ignored even if unrecognized","May be used to represent additional information that is not part of the basic definition of the element and that modifies the understanding of the element in which it is contained and/or the understanding of the containing element's descendants. Usually modifier elements provide negation or qualification. To make the use of extensions safe and manageable, there is a strict set of governance applied to the definition and use of extensions. Though any implementer can define an extension, there is a set of requirements that SHALL be met as part of the definition of the extension. Applications processing a resource are required to check for modifier extensions.

Modifier extensions SHALL NOT change the meaning of any elements on Resource or DomainResource (including cannot change the meaning of modifierExtension itself).","There can be no stigma associated with the use of extensions by any application, project, or standard - regardless of the institution or jurisdiction that uses or defines the extensions.  The use of extensions is what allows the FHIR specification to retain a core level of simplicity for everyone.","Modifier extensions allow for extensions that *cannot* be safely ignored to be clearly distinguished from the vast majority of extensions which can be safely ignored.  This promotes interoperability by eliminating the need for implementers to prohibit the presence of extensions. For further information, see the [definition of modifier extensions](extensibility.html#modifierExtension).","","","","","","","",,,,,"",,,,"BackboneElement.modifierExtension",0,*,"","","N/A"
"Provenance.entity.agent.type","","","",0,1,"","","Y","CodeableConcept {[]} {[]}
","How the agent participated","The participation the agent had with respect to the activity.","For example: author, performer, enterer, attester, etc.","","","","","","","","",,"extensible","The type of participation that a provenance agent played with respect to the activity.","http://hl7.org/fhir/ValueSet/provenance-agent-type","",,,,"Provenance.agent.type",0,1,"","","Event.performer.function",".role","Agent.Attribution","AuditEvent.agent.type"
"Provenance.entity.agent.role","","","",0,*,"","","","CodeableConcept {[]} {[]}
","What the agents role was","The function of the agent with respect to the activity. The security role enabling the agent with respect to the activity.","For example: doctor, nurse, clerk, etc.","","","","","","","","",,"example","The role that a provenance agent played with respect to the activity.","http://hl7.org/fhir/ValueSet/security-role-type","",,,,"Provenance.agent.role",0,*,"","",".typecode","AuditEvent.agent.role"
"Provenance.entity.agent.who","","","",1,1,"","","Y","Reference {[]} {[CanonicalType[http://hl7.org/fhir/StructureDefinition/Practitioner], CanonicalType[http://hl7.org/fhir/StructureDefinition/PractitionerRole], CanonicalType[http://hl7.org/fhir/StructureDefinition/RelatedPerson], CanonicalType[http://hl7.org/fhir/StructureDefinition/Patient], CanonicalType[http://hl7.org/fhir/StructureDefinition/Device], CanonicalType[http://hl7.org/fhir/StructureDefinition/Organization]]}
","Who participated","The individual, device or organization that participated in the event.","whoIdentity should be used when the agent is not a Resource type.","","","","","","","","",,,,,"",,,,"Provenance.agent.who",1,1,"","","Event.performer.actor",".id","FiveWs.actor"
"Provenance.entity.agent.onBehalfOf","","","",0,1,"","","","Reference {[]} {[CanonicalType[http://hl7.org/fhir/StructureDefinition/Practitioner], CanonicalType[http://hl7.org/fhir/StructureDefinition/PractitionerRole], CanonicalType[http://hl7.org/fhir/StructureDefinition/RelatedPerson], CanonicalType[http://hl7.org/fhir/StructureDefinition/Patient], CanonicalType[http://hl7.org/fhir/StructureDefinition/Device], CanonicalType[http://hl7.org/fhir/StructureDefinition/Organization]]}
","Who the agent is representing","The individual, device, or organization for whom the change was made.","onBehalfOfIdentity should be used when the agent is not a Resource type.","","","","","","","","",,,,,"",,,,"Provenance.agent.onBehalfOf",0,1,"","","Person, Practitioner, Organization, Device :* .role [classCode = RoleClassMutualRelationship; role.code and * .scopes[Role](classCode=IDENT) and *.plays [Role.Code]"
"Provenance.signature","","","",0,*,"","","","Signature {[CanonicalType[http://hl7.org/fhir/us/obf/StructureDefinition/obf-Signature]]} {[]}
","Signature on target","A digital signature on the target Reference(s). The signer should match a Provenance.agent. The purpose of the signature is indicated.","","","","","","","","","",,,,,"",,,,"Provenance.signature",0,*,"","","./signatureText"
