"Path","Slice Name","Alias(s)","Label","Min","Max","Must Support?","Is Modifier?","Is Summary?","Type(s)","Short","Definition","Comments","Requirements","Default Value","Meaning When Missing","Fixed Value","Pattern","Example","Minimum Value","Maximum Value","Maximum Length","Binding Strength","Binding Description","Binding Value Set","Code","Slicing Discriminator","Slicing Description","Slicing Ordered","Slicing Rules","Base Path","Base Min","Base Max","Condition(s)","Constraint(s)"
"shr-core-MediaIncluded-model","","","",0,*,"","","","","","A list of key images associated with this report. The images are generally created during the diagnostic process, and may be directly of the patient, or of treated specimens (i.e. slides of interest).","","","","","","","","","",,,,,"",,,,"shr-core-MediaIncluded-model",0,*,"",""
"shr-core-MediaIncluded-model.commentOrDescription","","","",0,1,"","","","string {[]} {[]}
","A text note containing additional details, explanation, description, comment, or summarization.","A text note containing additional details, explanation, description, comment, or summarization.","","","","","","","","","",,,,,"",,,,"shr-core-MediaIncluded-model.commentOrDescription",0,1,"",""
"shr-core-MediaIncluded-model.media","","","",1,1,"","","","Reference {[]} {[CanonicalType[http://hl7.org/fhir/us/shr/StructureDefinition/shr-core-Media-model]]}
","A photo, video, or audio recording acquired or used in healthcare. The actual content may be inline or provided by direct reference.","A photo, video, or audio recording acquired or used in healthcare. The actual content may be inline or provided by direct reference.","","","","","","","","","",,,,,"",,,,"shr-core-MediaIncluded-model.media",1,1,"",""
