"Path","Slice Name","Alias(s)","Label","Min","Max","Must Support?","Is Modifier?","Is Summary?","Type(s)","Short","Definition","Comments","Requirements","Default Value","Meaning When Missing","Fixed Value","Pattern","Example","Minimum Value","Maximum Value","Maximum Length","Binding Strength","Binding Description","Binding Value Set","Code","Slicing Discriminator","Slicing Description","Slicing Ordered","Slicing Rules","Base Path","Base Min","Base Max","Condition(s)","Constraint(s)","Mapping: Argonaut DQ DSTU2","Mapping: RIM Mapping","Mapping: W5 Mapping","Mapping: HL7 v2 Mapping"
"Procedure","","","",0,*,"","","","","shr-core-RadiationProcedure","A radiation oncology procedure. If the treatment is part of a larger course of treatment, the PartOf attribute should indicate that.","","","","","","","","","",,,,,"",,,,"Procedure",0,*,"","dom-2:If the resource is contained in another resource, it SHALL NOT contain nested Resources {contained.contained.empty()}
dom-1:If the resource is contained in another resource, it SHALL NOT contain any narrative {contained.text.empty()}dom-4:If a resource is contained in another resource, it SHALL NOT have a meta.versionId or a meta.lastUpdated {contained.meta.versionId.empty() and contained.meta.lastUpdated.empty()}dom-3:If the resource is contained in another resource, it SHALL be referred to from elsewhere in the resource {contained.where(('#'+id in %resource.descendants().reference).not()).empty()}pro-1:Reason not done is only permitted if notDone indicator is true {notDoneReason.empty() or notDone = true}","Procedure","Entity. Role, or Act","Procedure[moodCode=EVN]","clinical.general"
"Procedure.id","","","",0,1,"","","Y","id {[]} {[]}
","Logical id of this artifact","The logical id of the resource, as used in the URL for the resource. Once assigned, this value never changes.","The only time that a resource does not have an id is when it is being submitted to the server using a create operation.","","","","","","","","",,,,,"",,,,"Resource.id",0,1,"",""
"Procedure.meta","","","",0,1,"","","Y","Meta {[]} {[]}
","Metadata about the resource","The metadata about the resource. This is content that is maintained by the infrastructure. Changes to the content may not always be associated with version changes to the resource.","","","","","","","","","",,,,,"",,,,"Resource.meta",0,1,"",""
"Procedure.meta.id","","","",0,1,"","","","string {[]} {[]}
","xml:id (or equivalent in JSON)","unique id for the element within a resource (for internal references). This may be any string value that does not contain spaces.","","","","","","","","","",,,,,"",,,,"Element.id",0,1,"","","n/a"
"Procedure.meta.extension","","extensions
user content","",0,*,"","","","Extension {[]} {[]}
","Additional Content defined by implementations","May be used to represent additional information that is not part of the basic definition of the element. In order to make the use of extensions safe and manageable, there is a strict set of governance  applied to the definition and use of extensions. Though any implementer is allowed to define an extension, there is a set of requirements that SHALL be met as part of the definition of the extension.","There can be no stigma associated with the use of extensions by any application, project, or standard - regardless of the institution or jurisdiction that uses or defines the extensions.  The use of extensions is what allows the FHIR specification to retain a core level of simplicity for everyone.","","","","","","","","",,,,,"","value:url}
","Extensions are always sliced by (at least) url",,"open","Element.extension",0,*,"","","n/a"
"Procedure.meta.extension","sourcesystem","","",0,1,"","","","Extension {[CanonicalType[http://hl7.org/fhir/us/shr/StructureDefinition/shr-core-SourceSystem-extension]]} {[]}
","","FHIR: This provides a minimal amount of Provenance information that can be used to track or differentiate the source of information in the resource. The source may identify another FHIR server, document, message, database, etc.
FHIM: Identifies the computer system that created the medical record. This optional field may also be used to indicate that the medical record was originally created by a different organization from the one that is currently storing or utilizing the record in that the assigning authority of the Id could be set to that originating organization. This property is optional, as some systems will assume that all records that it contains originated in that system, however it is anticipated that it will become increasingly commonplace for records from multiple systems and organizations will be comingled in order to provide a complete picture of the patient's health record.","","","","","","","","","",,,,,"",,,,"Element.extension",0,*,"",""
"Procedure.meta.versionId","","","",0,1,"","","Y","id {[]} {[]}
","Version specific identifier","The version specific identifier, as it appears in the version portion of the URL. This values changes when the resource is created, updated, or deleted.","The server assigns this value, and ignores what the client specifies, except in the case that the server is imposing version integrity on updates/deletes.","","","","","","","","",,,,,"",,,,"",0,null,"",""
"Procedure.meta.lastUpdated","","","",0,1,"","","Y","instant {[]} {[]}
","When the resource version last changed","When the resource last changed - e.g. when the version changed.","This value is always populated except when the resource is first being created. The server / resource manager sets this value; what a client provides is irrelevant.","","","","","","","","",,,,,"",,,,"",0,null,"",""
"Procedure.meta.profile","","","",0,*,"","","Y","uri {[]} {[]}
","Profiles this resource claims to conform to","A list of profiles (references to [StructureDefinition](structuredefinition.html#) resources) that this resource claims to conform to. The URL is a reference to [StructureDefinition.url]().","It is up to the server and/or other infrastructure of policy to determine whether/how these claims are verified and/or updated over time.  The list of profile URLs is a set.","","","","","","","","",,,,,"",,,,"",0,null,"",""
"Procedure.meta.security","","","",0,*,"","","Y","Coding {[]} {[]}
","Security Labels applied to this resource","Security labels applied to this resource. These tags connect specific resources to the overall security policy and infrastructure.","The security labels can be updated without changing the stated version of the resource  The list of security labels is a set. Uniqueness is based the system/code, and version and display are ignored.","","","","","","","","",,"extensible","Security Labels from the Healthcare Privacy and Security Classification System.","http://hl7.org/fhir/ValueSet/security-labels","",,,,"",0,null,"",""
"Procedure.meta.tag","","","",0,*,"","","Y","Coding {[]} {[]}
","Tags applied to this resource","Tags applied to this resource. Tags are intended to be used to identify and relate resources to process and workflow, and applications are not required to consider the tags when interpreting the meaning of a resource.","The tags can be updated without changing the stated version of the resource.  The list of tags is a set. Uniqueness is based the system/code, and version and display are ignored.","","","","","","","","",,"example","Codes that represent various types of tags, commonly workflow-related; e.g. ""Needs review by Dr. Jones""","http://hl7.org/fhir/ValueSet/common-tags","",,,,"",0,null,"",""
"Procedure.implicitRules","","","",0,1,"","Y","Y","uri {[]} {[]}
","A set of rules under which this content was created","A reference to a set of rules that were followed when the resource was constructed, and which must be understood when processing the content.","Asserting this rule set restricts the content to be only understood by a limited set of trading partners. This inherently limits the usefulness of the data in the long term. However, the existing health eco-system is highly fractured, and not yet ready to define, collect, and exchange data in a generally computable sense. Wherever possible, implementers and/or specification writers should avoid using this element. 

This element is labelled as a modifier because the implicit rules may provide additional knowledge about the resource that modifies it's meaning or interpretation.","","","","","","","","",,,,,"",,,,"Resource.implicitRules",0,1,"",""
"Procedure.language","","","",0,1,"","","","code {[]} {[]}
","Language of the resource content","The base language in which the resource is written.","Language is provided to support indexing and accessibility (typically, services such as text to speech use the language tag). The html language tag in the narrative applies  to the narrative. The language tag on the resource may be used to specify the language of other presentations generated from the data in the resource  Not all the content has to be in the base language. The Resource.language should not be assumed to apply to the narrative automatically. If a language is specified, it should it also be specified on the div element in the html (see rules in HTML5 for information about the relationship between xml:lang and the html lang attribute).","","","","","","","","",,"extensible","A human language.","http://hl7.org/fhir/ValueSet/languages","",,,,"Resource.language",0,1,"",""
"Procedure.text","","narrative
htmlxhtmldisplay","",0,1,"","","","Narrative {[]} {[]}
","Text summary of the resource, for human interpretation","A human-readable narrative that contains a summary of the resource, and may be used to represent the content of the resource to a human. The narrative need not encode all the structured data, but is required to contain sufficient detail to make it ""clinically safe"" for a human to just read the narrative. Resource definitions may define what content should be represented in the narrative to ensure clinical safety.","Contained resources do not have narrative. Resources that are not contained SHOULD have a narrative. In some cases, a resource may only have text with little or no additional discrete data (as long as all minOccurs=1 elements are satisfied).  This may be necessary for data from legacy systems where information is captured as a ""text blob"" or where text is additionally entered raw or narrated and encoded in formation is added later.","","","","","","","","",,,,,"",,,,"DomainResource.text",0,1,"dom-1
","","Act.text?"
"Procedure.contained","","inline resources
anonymous resourcescontained resources","",0,*,"","","","Resource {[]} {[]}
","Contained, inline Resources","These resources do not have an independent existence apart from the resource that contains them - they cannot be identified independently, and nor can they have their own independent transaction scope.","This should never be done when the content can be identified properly, as once identification is lost, it is extremely difficult (and context dependent) to restore it again.","","","","","","","","",,,,,"",,,,"DomainResource.contained",0,*,"","","N/A"
"Procedure.extension","","extensions
user content","",0,*,"","","","Extension {[]} {[]}
","Additional Content defined by implementations","May be used to represent additional information that is not part of the basic definition of the resource. In order to make the use of extensions safe and manageable, there is a strict set of governance  applied to the definition and use of extensions. Though any implementer is allowed to define an extension, there is a set of requirements that SHALL be met as part of the definition of the extension.","There can be no stigma associated with the use of extensions by any application, project, or standard - regardless of the institution or jurisdiction that uses or defines the extensions.  The use of extensions is what allows the FHIR specification to retain a core level of simplicity for everyone.","","","","","","","","",,,,,"","value:url}
","",,"open","DomainResource.extension",0,*,"","","N/A"
"Procedure.extension","statusreason","","",0,1,"","","","Extension {[CanonicalType[http://hl7.org/fhir/us/shr/StructureDefinition/shr-core-StatusReason-extension]]} {[]}
","","Captures the reason for the current state of the procedure.","","","","","","","","","",,,,,"",,,,"DomainResource.extension",0,*,"",""
"Procedure.extension","statementdatetime","","",0,1,"","","","Extension {[CanonicalType[http://hl7.org/fhir/us/shr/StructureDefinition/shr-core-StatementDateTime-extension]]} {[]}
","","The point in time when the statement was created.","","","","","","","","","",,,,,"",,,,"DomainResource.extension",0,*,"",""
"Procedure.extension","personauthor","","",0,1,"","","","Extension {[CanonicalType[http://hl7.org/fhir/us/shr/StructureDefinition/shr-core-PersonAuthor-extension]]} {[]}
","","A human author, patient, practitioner, or related person, as opposed to an organization or device.","","","","","","","","","",,,,,"",,,,"DomainResource.extension",0,*,"",""
"Procedure.extension","personinformationsource","","",0,1,"","","","Extension {[CanonicalType[http://hl7.org/fhir/us/shr/StructureDefinition/shr-core-PersonInformationSource-extension]]} {[]}
","","The person who provided the information, not necessarily the patient.","","","","","","","","","",,,,,"",,,,"DomainResource.extension",0,*,"",""
"Procedure.extension","treatmentintent","","",0,1,"","","","Extension {[CanonicalType[http://hl7.org/fhir/us/shr/StructureDefinition/shr-core-TreatmentIntent-extension]]} {[]}
","","The purpose of a treatment.","","","","","","","","","",,,,,"",,,,"DomainResource.extension",0,*,"",""
"Procedure.extension","radiationdoseperfraction","","",0,1,"","","","Extension {[CanonicalType[http://hl7.org/fhir/us/shr/StructureDefinition/shr-core-RadiationDosePerFraction-extension]]} {[]}
","","The total number of treatment sessions (fractions) administered during a course of radiation therapy therapy. A fraction is a portion of the total radiation dose, delivered as a series of treatments that make up the full course of radiotherapy. (source: LOINC)","","","","","","","","","",,,,,"",,,,"DomainResource.extension",0,*,"",""
"Procedure.extension","radiationfractionsdelivered","","",0,1,"","","","Extension {[CanonicalType[http://hl7.org/fhir/us/shr/StructureDefinition/shr-core-RadiationFractionsDelivered-extension]]} {[]}
","","The total number of treatment sessions (fractions) administered during a course of radiation therapy therapy. A fraction is a portion of the total radiation dose, delivered as a series of treatments that make up the full course of radiotherapy. (source: LOINC)","","","","","","","","","",,,,,"",,,,"DomainResource.extension",0,*,"",""
"Procedure.extension","totalradiationdosedelivered","","",0,1,"","","","Extension {[CanonicalType[http://hl7.org/fhir/us/shr/StructureDefinition/shr-core-TotalRadiationDoseDelivered-extension]]} {[]}
","","The total amount of radiation dose delivered for the course of therapy. (source: SNOMED, ASTRO)","","","","","","","","","",,,,,"",,,,"DomainResource.extension",0,*,"",""
"Procedure.extension","terminationreason","","",0,*,"","","","Extension {[CanonicalType[http://hl7.org/fhir/us/shr/StructureDefinition/shr-core-TerminationReason-extension]]} {[]}
","","A code explaining unplanned or premature termination of a plan of treatment, course of medication, or research study.","","","","","","","","","",,,,,"",,,,"DomainResource.extension",0,*,"",""
"Procedure.extension.id","","","",0,1,"","","","string {[]} {[]}
","xml:id (or equivalent in JSON)","unique id for the element within a resource (for internal references). This may be any string value that does not contain spaces.","","","","","","","","","",,,,,"",,,,"Element.id",0,1,"","","N/A"
"Procedure.extension.extension","","","",0,0,"","","","Extension {[]} {[]}
","Extension","An Extension","","","","","","","","","",,,,,"",,,,"Element.extension",0,*,"",""
"Procedure.extension.url","","","",1,1,"","","","uri {[]} {[]}
","identifies the meaning of the extension","Source of the definition for the extension code - a logical name or a URL.","","","","","<valueUri xmlns=""http://hl7.org/fhir"" value=""http://hl7.org/fhir/us/shr/StructureDefinition/shr-core-TerminationReason-extension""/>","","","","",,,,,"",,,,"Extension.url",1,1,"","","N/A"
"Procedure.extension.valueCodeableConcept","","","",1,1,"","","","CodeableConcept {[]} {[]}
","Value of extension","Value of extension - may be a resource or one of a constrained set of the data types (see Extensibility in the spec for list).","","","","","","","","","",,"required","","http://hl7.org/fhir/us/shrcore/shr/core/vs/TreatmentTerminationReasonVS","",,,,"Extension.value[x]",0,1,"","","N/A"
"Procedure.modifierExtension","","extensions
user content","",0,*,"","Y","","Extension {[]} {[]}
","Extensions that cannot be ignored","May be used to represent additional information that is not part of the basic definition of the resource, and that modifies the understanding of the element that contains it. Usually modifier elements provide negation or qualification. In order to make the use of extensions safe and manageable, there is a strict set of governance applied to the definition and use of extensions. Though any implementer is allowed to define an extension, there is a set of requirements that SHALL be met as part of the definition of the extension. Applications processing a resource are required to check for modifier extensions.","There can be no stigma associated with the use of extensions by any application, project, or standard - regardless of the institution or jurisdiction that uses or defines the extensions.  The use of extensions is what allows the FHIR specification to retain a core level of simplicity for everyone.","","","","","","","","",,,,,"",,,,"DomainResource.modifierExtension",0,*,"","","N/A"
"Procedure.identifier","","","",0,*,"","","Y","Identifier {[]} {[]}
","External Identifiers for this procedure","This records identifiers associated with this procedure that are defined by business processes and/or used to refer to it when a direct URL reference to the resource itself is not appropriate (e.g. in CDA documents, or in written / printed documentation).","","Need to allow connection to a wider workflow.","","","","","","","",,,,,"",,,,"Procedure.identifier",0,*,"","",".id","id","Some combination of ORC-2 / ORC-3 / OBR-2 / OBR-3 / IPC-1 / IPC-2 / IPC-3 / IPC-4"
"Procedure.definition","","","",0,*,"","","Y","Reference {[]} {[CanonicalType[http://hl7.org/fhir/StructureDefinition/PlanDefinition], CanonicalType[http://hl7.org/fhir/StructureDefinition/ActivityDefinition], CanonicalType[http://hl7.org/fhir/StructureDefinition/HealthcareService]]}
","Instantiates protocol or definition","A protocol, guideline, orderset or other definition that was adhered to in whole or in part by this procedure.","","","","","","","","","",,,,,"",,,,"Procedure.definition",0,*,"","",".outboundRelationship[typeCode=DEFN].target"
"Procedure.basedOn","","fulfills
","",0,1,"","","Y","Reference {[]} {[CanonicalType[http://hl7.org/fhir/us/shr/StructureDefinition/shr-core-ProcedureRequest], CanonicalType[http://hl7.org/fhir/us/shr/StructureDefinition/shr-core-ServiceRequest], CanonicalType[http://hl7.org/fhir/us/shr/StructureDefinition/shr-core-ReferralRequest]]}
","A request for this procedure","A reference to a resource that contains details of the request for this procedure.","","","","","","","","","",,,,,"",,,,"Procedure.basedOn",0,*,"","",".outboundRelationship[typeCode=FLFS].target[classCode=(various e.g. PROC, OBS, PCPR, ACT,  moodCode=RQO].code"
"Procedure.partOf","","container
","",0,1,"","","Y","Reference {[]} {[CanonicalType[http://hl7.org/fhir/us/shr/StructureDefinition/shr-core-Procedure], CanonicalType[http://hl7.org/fhir/us/shr/StructureDefinition/shr-core-Observation], CanonicalType[http://hl7.org/fhir/us/shr/StructureDefinition/shr-core-MedicationAdministration]]}
","Part of referenced event","A larger event of which this particular procedure is a component or step.","The MedicationAdministration has a partOf reference to Procedure, but this is not a circular reference.  For a surgical procedure, the anesthesia related medicationAdministration is part of the procedure.  For an IV medication administration,  the procedure to insert the IV port is part of the medication administration.","","","","","","","","",,,,,"",,,,"Procedure.partOf",0,*,"","",".inboundRelationship[typeCode=COMP].source[classCode=SBADM or PROC or OBS, moodCode=EVN]"
"Procedure.status","","","",1,1,"Y","Y","Y","code {[]} {[]}
","preparation | in-progress | suspended | aborted | completed | entered-in-error | unknown","A code specifying the state of the procedure. Generally this will be in-progress or completed state.","The unknown code is not to be used to convey other statuses.  The unknown code should be used when one of the statuses applies, but the authoring system doesn't know the current state of the procedure.

This element is labeled as a modifier because the status contains codes that mark the resource as not currently valid.","","","","","","","","",,"required","","http://hl7.org/fhir/ValueSet/event-status","",,,,"Procedure.status",1,1,"","","Procedure.status","statusCode","status"
"Procedure.notDone","","","",0,0,"","Y","Y","boolean {[]} {[]}
","True if procedure was not performed as scheduled","Set this to true if the record is saying that the procedure was NOT performed.","If true, it means the procedure did not occur as described.  Typically it would be accompanied by attributes describing the type of activity.  It might also be accompanied by body site information or time information (i.e. no procedure was done to the left arm or no procedure was done in this 2-year period).  Specifying additional information such as performer, outcome, etc. is generally inappropriate.  For example, it's not that useful to say ""There was no appendectomy done at 12:03pm June 6th by Dr. Smith with a successful outcome"" as it implies that there *could* have been an appendectomy done at any other time, by any other clinician or with any other outcome.

This element is labeled as a modifier because it indicates that a procedure didn't happen.","","<valueBoolean xmlns=""http://hl7.org/fhir"" value=""false""/>","","","","","","",,,,,"",,,,"Procedure.notDone",0,1,"","",".actionNegationInd"
"Procedure.notDoneReason","","","",0,0,"","","Y","CodeableConcept {[]} {[]}
","Reason procedure was not performed","A code indicating why the procedure was not performed.","","","","","","","","","",,"example","A code that identifies the reason a procedure was not performed.","http://hl7.org/fhir/ValueSet/procedure-not-performed-reason","",,,,"Procedure.notDoneReason",0,1,"pro-1
","",".reason.Observation.value"
"Procedure.category","","","",0,1,"","","Y","CodeableConcept {[]} {[]}
","Classification of the procedure","A code that classifies the procedure for searching, sorting and display purposes (e.g. ""Surgical Procedure"").","","","","","","","","","",,"example","A code that classifies a procedure for searching, sorting and display purposes.","http://hl7.org/fhir/ValueSet/procedure-category","",,,,"Procedure.category",0,1,"","",".outboundRelationship[typeCode=""COMP].target[classCode=""LIST"", moodCode=""EVN""].code","class"
"Procedure.code","","type
","",1,1,"Y","","Y","CodeableConcept {[]} {[]}
","SNOMED-CT | ICD-10 | CPT-4","The specific procedure that is performed. Use text if the exact nature of the procedure cannot be coded (e.g. ""Laparoscopic Appendectomy"").","","0..1 to account for primarily narrative only resources.","","","","","","","",,"extensible","","http://hl7.org/fhir/us/shrcore/shr/core/vs/RadiationProcedureVS","",,,,"Procedure.code",0,1,"","","Procedure.code",".code","what","OBR-44/OBR-45"
"Procedure.subject","","patient
","",1,1,"Y","","Y","Reference {[]} {[CanonicalType[http://hl7.org/fhir/us/shr/StructureDefinition/shr-core-Patient]]}
","Who the procedure was performed on","The person, animal or group on which the procedure was performed.","","","","","","","","","",,,,,"",,,,"Procedure.subject",1,1,"","","Procedure.subject",".participation[typeCode=SBJ].role","who.focus","PID-3"
"Procedure.context","","encounter
","",0,1,"","","Y","Reference {[]} {[CanonicalType[http://hl7.org/fhir/us/shr/StructureDefinition/shr-core-Encounter]]}
","Encounter or episode associated with the procedure","The encounter during which the procedure was performed.","","","","","","","","","",,,,,"",,,,"Procedure.context",0,1,"","",".inboundRelationship[typeCode=COMP].source[classCode=ENC, moodCode=EVN]","context","PV1-19"
"Procedure.performed[x]","","","",1,1,"Y","","Y","dateTime {[]} {[]}
Period {[]} {[]}","Date/Period the procedure was performed","The date(time)/period over which the procedure was performed. Allows a period to support complex procedures that span more than one date, and also allows for the length of the procedure to be captured.","","","","","","","","","",,,,,"",,,,"Procedure.performed[x]",0,1,"","","Procedure.performed[x]",".effectiveTime","when.done","OBR-7"
"Procedure.performer","","","",0,*,"","","Y","BackboneElement {[]} {[]}
","The people who performed the procedure","Limited to 'real' people rather than equipment.","","","","","","","","","",,,,,"",,,,"Procedure.performer",0,*,"","ele-1:All FHIR elements must have a @value or children {hasValue() | (children().count() > id.count())}
",".participation[typeCode=PRF]"
"Procedure.performer.id","","","",0,1,"","","","string {[]} {[]}
","xml:id (or equivalent in JSON)","unique id for the element within a resource (for internal references). This may be any string value that does not contain spaces.","","","","","","","","","",,,,,"",,,,"Element.id",0,1,"","","n/a"
"Procedure.performer.extension","","extensions
user content","",0,*,"","","","Extension {[]} {[]}
","Additional Content defined by implementations","May be used to represent additional information that is not part of the basic definition of the element. In order to make the use of extensions safe and manageable, there is a strict set of governance  applied to the definition and use of extensions. Though any implementer is allowed to define an extension, there is a set of requirements that SHALL be met as part of the definition of the extension.","There can be no stigma associated with the use of extensions by any application, project, or standard - regardless of the institution or jurisdiction that uses or defines the extensions.  The use of extensions is what allows the FHIR specification to retain a core level of simplicity for everyone.","","","","","","","","",,,,,"",,,,"Element.extension",0,*,"","","n/a"
"Procedure.performer.modifierExtension","","extensions
user contentmodifiers","",0,*,"","Y","Y","Extension {[]} {[]}
","Extensions that cannot be ignored","May be used to represent additional information that is not part of the basic definition of the element, and that modifies the understanding of the element that contains it. Usually modifier elements provide negation or qualification. In order to make the use of extensions safe and manageable, there is a strict set of governance applied to the definition and use of extensions. Though any implementer is allowed to define an extension, there is a set of requirements that SHALL be met as part of the definition of the extension. Applications processing a resource are required to check for modifier extensions.","There can be no stigma associated with the use of extensions by any application, project, or standard - regardless of the institution or jurisdiction that uses or defines the extensions.  The use of extensions is what allows the FHIR specification to retain a core level of simplicity for everyone.","","","","","","","","",,,,,"",,,,"BackboneElement.modifierExtension",0,*,"","","N/A"
"Procedure.performer.role","","","",0,1,"","","Y","CodeableConcept {[]} {[]}
","The role the actor was in","For example: surgeon, anaethetist, endoscopist.","","","","","","","","","",,"example","A code that identifies the role of a performer of the procedure.","http://hl7.org/fhir/ValueSet/performer-role","",,,,"Procedure.performer.role",0,1,"","",".functionCode","Some combination of STF-18 / PRA-3 / PRT-4 / ROL-3 / ORC-12 / OBR-16 / PV1-7 / PV1-8 / PV1-9 / PV1-17 / OBX-25"
"Procedure.performer.actor","","","",1,1,"","","Y","Reference {[]} {[CanonicalType[http://hl7.org/fhir/us/shr/StructureDefinition/shr-core-Practitioner]]}
","The reference to the practitioner","The practitioner who was involved in the procedure.","","A reference to Device supports use cases, such as pacemakers.","","","","","","","",,,,,"",,,,"Procedure.performer.actor",1,1,"","",".role","who.actor","ORC-19/PRT-5"
"Procedure.performer.onBehalfOf","","","",0,1,"","","","Reference {[]} {[CanonicalType[http://hl7.org/fhir/us/shr/StructureDefinition/shr-core-Organization]]}
","Organization the device or practitioner was acting for","The organization the device or practitioner was acting on behalf of.","","Practitioners and Devices can be associated with multiple organizations.  This element indicates which organization they were acting on behalf of when performing the action.","","","","","","","",,,,,"",,,,"Procedure.performer.onBehalfOf",0,1,"","",".scoper"
"Procedure.location","","","",0,1,"","","Y","Reference {[]} {[CanonicalType[http://hl7.org/fhir/us/shr/StructureDefinition/shr-core-Location]]}
","Where the procedure happened","The location where the procedure actually happened.  E.g. a newborn at home, a tracheostomy at a restaurant.","","Ties a procedure to where the records are likely kept.","","","","","","","",,,,,"",,,,"Procedure.location",0,1,"","",".participation[typeCode=LOC].role[classCode=SDLOC]","where"
"Procedure.reasonCode","","","",0,1,"","","Y","CodeableConcept {[]} {[]}
","Coded reason procedure performed","The coded reason why the procedure was performed. This may be coded entity of some type, or may simply be present as text.","","","","","","","","","",,"example","A code that identifies the reason a procedure is  required.","http://hl7.org/fhir/ValueSet/procedure-reason","",,,,"Procedure.reasonCode",0,*,"","",".reasonCode","why"
"Procedure.reasonReference","","","",0,1,"","","Y","Reference {[]} {[CanonicalType[http://hl7.org/fhir/us/shr/StructureDefinition/shr-core-Condition], CanonicalType[http://hl7.org/fhir/us/shr/StructureDefinition/shr-core-Observation]]}
","Condition that is the reason the procedure performed","The condition that is the reason why the procedure was performed.","e.g. endoscopy for dilatation and biopsy, combination diagnosis and therapeutic.","","","","","","","","",,,,,"",,,,"Procedure.reasonReference",0,*,"","",".reasonCode","why"
"Procedure.bodySite","","","",0,*,"","","Y","CodeableConcept {[]} {[]}
","Target body sites","Detailed and structured anatomical location information. Multiple locations are allowed - e.g. multiple punch biopsies of a lesion.","","","","","","","","","",,"extensible","","http://hl7.org/fhir/us/shrcore/shr/core/vs/RadiationTargetBodySiteVS","",,,,"Procedure.bodySite",0,*,"","",".targetSiteCode","OBX-20"
"Procedure.bodySite.id","","","",0,1,"","","","string {[]} {[]}
","xml:id (or equivalent in JSON)","unique id for the element within a resource (for internal references). This may be any string value that does not contain spaces.","","","","","","","","","",,,,,"",,,,"Element.id",0,1,"","","n/a"
"Procedure.bodySite.extension","","extensions
user content","",0,*,"","","","Extension {[]} {[]}
","Additional Content defined by implementations","May be used to represent additional information that is not part of the basic definition of the element. In order to make the use of extensions safe and manageable, there is a strict set of governance  applied to the definition and use of extensions. Though any implementer is allowed to define an extension, there is a set of requirements that SHALL be met as part of the definition of the extension.","There can be no stigma associated with the use of extensions by any application, project, or standard - regardless of the institution or jurisdiction that uses or defines the extensions.  The use of extensions is what allows the FHIR specification to retain a core level of simplicity for everyone.","","","","","","","","",,,,,"","value:url}
","Extensions are always sliced by (at least) url",,"open","Element.extension",0,*,"","","n/a"
"Procedure.bodySite.extension","laterality","","",0,*,"","","","Extension {[CanonicalType[http://hl7.org/fhir/us/shr/StructureDefinition/shr-core-Laterality-extension]]} {[]}
","","Body side of the body location, if needed to distinguish from a similar location on the other side of the body.

The laterality element is part of BodyLocation, a flexible structure that allows the location to be determined by a single code, or a code plus laterality and/or orientation. The body location can also be specified in relation to one or more body landmarks. SNOMED CT is used in all cases.

+ Code only: The code should include (precoordinate) laterality and/orientation to the degree necessary to completely specify the body location.
+ Code plus laterality and/or orientation: The basic code augmented by codes specifying the body side and/or anatomical orientation.
+ Relation to landmark: The location relative to a landmark is specified by:
- Establishing the location and type of landmark using a body site code and optional laterality/orientation, and
- Specifying the direction and distance from the landmark to the body location.

Note that BodyLocation is a data type (a reusable structure), not a stand-alone entity. The concept is similar to how a postal address can apply to a person, location, or organization. This contrasts with FHIR's stand-alone BodySite (aka BodyStructure in r4) which 'is not ... intended for describing the type of anatomical location but rather a specific body site on a specific patient' (FHIR 3.5).","","","","","","","","","",,,,,"",,,,"Element.extension",0,*,"",""
"Procedure.bodySite.extension","orientation","","",0,*,"","","","Extension {[CanonicalType[http://hl7.org/fhir/us/shr/StructureDefinition/shr-core-Orientation-extension]]} {[]}
","","Orientation of the body location, if needed to distinguish from a similar location in another orientation.
The orientation element is part of BodyLocation, a flexible structure that allows the location to be determined by a single code, or a code plus laterality and/or orientation. The body location can also be specified in relation to one or more body landmarks. SNOMED CT is used in all cases.

+ Code only: The code should include (precoordinate) laterality and/orientation to the degree necessary to completely specify the body location.
+ Code plus laterality and/or orientation: The basic code augmented by codes specifying the body side and/or anatomical orientation.
+ Relation to landmark: The location relative to a landmark is specified by:
- Establishing the location and type of landmark using a body site code and optional laterality/orientation, and
- Specifying the direction and distance from the landmark to the body location.

Note that BodyLocation is a data type (a reusable structure), not a stand-alone entity. The concept is similar to how a postal address can apply to a person, location, or organization. This contrasts with FHIR's stand-alone BodySite (aka BodyStructure in r4) which 'is not ... intended for describing the type of anatomical location but rather a specific body site on a specific patient' (FHIR 3.5).","","","","","","","","","",,,,,"",,,,"Element.extension",0,*,"",""
"Procedure.bodySite.extension","relationtolandmark","","",0,*,"","","","Extension {[CanonicalType[http://hl7.org/fhir/us/shr/StructureDefinition/shr-core-RelationToLandmark-extension]]} {[]}
","","The relationship between a landmark that helps determine a body location and the body location itself. The location relative to a landmark is specified by:
* Specifying the location and type of landmark using a body site code and optional laterality/orientation,
* Specifying the direction from the landmark to the body location, and
* Specifying the distance from the landmark to the body location.

The RelationToLandmark element is part of BodyLocation, a flexible structure that allows the location to be determined by a single code, or a code plus laterality and/or orientation. The body location can also be specified in relation to one or more body landmarks. SNOMED CT is used in all cases.

+ Code only: The code should include (precoordinate) laterality and/orientation to the degree necessary to completely specify the body location.
+ Code plus laterality and/or orientation: The basic code augmented by codes specifying the body side and/or anatomical orientation.
+ Relation to landmark: The location relative to a landmark is specified by:
- Establishing the location and type of landmark using a body site code and optional laterality/orientation, and
- Specifying the direction and distance from the landmark to the body location.

Note that BodyLocation is a data type (a reusable structure), not a stand-alone entity. The concept is similar to how a postal address can apply to a person, location, or organization. This contrasts with FHIR's stand-alone BodySite (aka BodyStructure in r4) which 'is not ... intended for describing the type of anatomical location but rather a specific body site on a specific patient' (FHIR 3.5).","","","","","","","","","",,,,,"",,,,"Element.extension",0,*,"",""
"Procedure.bodySite.coding","","","",0,*,"","","Y","Coding {[]} {[]}
","Code defined by a terminology system","A reference to a code defined by a terminology system.","Codes may be defined very casually in enumerations, or code lists, up to very formal definitions such as SNOMED CT - see the HL7 v3 Core Principles for more information.  Ordering of codings is undefined and SHALL NOT be used to infer meaning. Generally, at most only one of the coding values will be labeled as UserSelected = true.","Allows for translations and alternate encodings within a code system.  Also supports communication of the same instance to systems requiring different encodings.","","","","","","","",,,,,"",,,,"",0,null,"","","union(., ./translation)","C*E.1-8, C*E.10-22"
"Procedure.bodySite.text","","","",0,1,"","","Y","string {[]} {[]}
","Plain text representation of the concept","A human language representation of the concept as seen/selected/uttered by the user who entered the data and/or which represents the intended meaning of the user.","Very often the text is the same as a displayName of one of the codings.","The codes from the terminologies do not always capture the correct meaning with all the nuances of the human using them, or sometimes there is no appropriate code at all. In these cases, the text is used to capture the full meaning of the source.","","","","","","","",,,,,"",,,,"",0,null,"","","./originalText[mediaType/code=""text/plain""]/data","C*E.9. But note many systems use C*E.2 for this"
"Procedure.outcome","","","",0,1,"","","Y","CodeableConcept {[]} {[]}
","The result of procedure","The outcome of the procedure - did it resolve reasons for the procedure being performed?","If outcome contains narrative text only, it can be captured using the CodeableConcept.text.","","","","","","","","",,"example","An outcome of a procedure - whether it was resolved or otherwise.","http://hl7.org/fhir/ValueSet/procedure-outcome","",,,,"Procedure.outcome",0,1,"","",".outboundRelationship[typeCode=OUT].target.text"
"Procedure.report","","","",0,*,"","","","Reference {[]} {[CanonicalType[http://hl7.org/fhir/us/shr/StructureDefinition/shr-core-DiagnosticReport]]}
","Any report resulting from the procedure","This could be a histology result, pathology report, surgical report, etc..","There could potentially be multiple reports - e.g. if this was a procedure which took multiple biopsies resulting in a number of anatomical pathology reports.","","","","","","","","",,,,,"",,,,"Procedure.report",0,*,"","",".inboundRelationship[typeCode=SUBJ].source[classCode=OBS, moodCode=EVN]"
"Procedure.complication","","","",0,*,"","","","CodeableConcept {[]} {[]}
","Complication following the procedure","Any complications that occurred during the procedure, or in the immediate post-performance period. These are generally tracked separately from the notes, which will typically describe the procedure itself rather than any 'post procedure' issues.","If complications are only expressed by the narrative text, they can be captured using the CodeableConcept.text.","","","","","","","","",,"example","Codes describing complications that resulted from a procedure.","http://hl7.org/fhir/ValueSet/condition-code","",,,,"Procedure.complication",0,*,"","",".outboundRelationship[typeCode=OUTC].target[classCode=OBS, code=""complication"", moodCode=EVN].value"
"Procedure.complicationDetail","","","",0,*,"","","","Reference {[]} {[CanonicalType[http://hl7.org/fhir/us/shr/StructureDefinition/shr-core-Condition]]}
","A condition that is a result of the procedure","Any complications that occurred during the procedure, or in the immediate post-performance period.","","This is used to document a condition that is a result of the procedure, not the condition that was the reason for the procedure.","","","","","","","",,,,,"",,,,"Procedure.complicationDetail",0,*,"","",".outboundRelationship[typeCode=OUTC].target[classCode=OBS, code=""complication"", moodCode=EVN].value"
"Procedure.followUp","","","",0,*,"","","","CodeableConcept {[]} {[]}
","Instructions for follow up","If the procedure required specific follow up - e.g. removal of sutures. The followup may be represented as a simple note, or could potentially be more complex in which case the CarePlan resource can be used.","","","","","","","","","",,"example","Specific follow up required for a procedure e.g. removal of sutures.","http://hl7.org/fhir/ValueSet/procedure-followup","",,,,"Procedure.followUp",0,*,"","",".outboundRelationship[typeCode=COMP].target[classCode=ACT, moodCode=INT].code"
"Procedure.note","","","",0,*,"","","","Annotation {[CanonicalType[http://hl7.org/fhir/us/shr/StructureDefinition/shr-core-Annotation]]} {[]}
","Additional information about the procedure","Any other notes about the procedure.  E.g. the operative notes.","","","","","","","","","",,,,,"",,,,"Procedure.note",0,*,"","",".inboundRelationship[typeCode=SUBJ].source[classCode=OBS, moodCode=EVN, code=""annotation""].value","NTE"
"Procedure.focalDevice","","","",0,0,"","","","BackboneElement {[]} {[]}
","Device changed in procedure","A device that is implanted, removed or otherwise manipulated (calibration, battery replacement, fitting a prosthesis, attaching a wound-vac, etc.) as a focal portion of the Procedure.","","","","","","","","","",,,,,"",,,,"Procedure.focalDevice",0,*,"","ele-1:All FHIR elements must have a @value or children {hasValue() | (children().count() > id.count())}
",".participation[typeCode=DEV].role[classCode=MANU]"
"Procedure.focalDevice.id","","","",0,1,"","","","string {[]} {[]}
","xml:id (or equivalent in JSON)","unique id for the element within a resource (for internal references). This may be any string value that does not contain spaces.","","","","","","","","","",,,,,"",,,,"Element.id",0,1,"","","n/a"
"Procedure.focalDevice.extension","","extensions
user content","",0,*,"","","","Extension {[]} {[]}
","Additional Content defined by implementations","May be used to represent additional information that is not part of the basic definition of the element. In order to make the use of extensions safe and manageable, there is a strict set of governance  applied to the definition and use of extensions. Though any implementer is allowed to define an extension, there is a set of requirements that SHALL be met as part of the definition of the extension.","There can be no stigma associated with the use of extensions by any application, project, or standard - regardless of the institution or jurisdiction that uses or defines the extensions.  The use of extensions is what allows the FHIR specification to retain a core level of simplicity for everyone.","","","","","","","","",,,,,"",,,,"Element.extension",0,*,"","","n/a"
"Procedure.focalDevice.modifierExtension","","extensions
user contentmodifiers","",0,*,"","Y","Y","Extension {[]} {[]}
","Extensions that cannot be ignored","May be used to represent additional information that is not part of the basic definition of the element, and that modifies the understanding of the element that contains it. Usually modifier elements provide negation or qualification. In order to make the use of extensions safe and manageable, there is a strict set of governance applied to the definition and use of extensions. Though any implementer is allowed to define an extension, there is a set of requirements that SHALL be met as part of the definition of the extension. Applications processing a resource are required to check for modifier extensions.","There can be no stigma associated with the use of extensions by any application, project, or standard - regardless of the institution or jurisdiction that uses or defines the extensions.  The use of extensions is what allows the FHIR specification to retain a core level of simplicity for everyone.","","","","","","","","",,,,,"",,,,"BackboneElement.modifierExtension",0,*,"","","N/A"
"Procedure.focalDevice.action","","","",0,1,"","","","CodeableConcept {[]} {[]}
","Kind of change to device","The kind of change that happened to the device during the procedure.","","","","","","","","","",,"required","A kind of change that happened to the device during the procedure.","http://hl7.org/fhir/ValueSet/device-action","",,,,"Procedure.focalDevice.action",0,1,"","",".inboundRelationship[typeCode=SUBJ].source[classCode=OBS, moodCode=EVN, code=""procedure device action""].value=:procedure device action codes"
"Procedure.focalDevice.manipulated","","","",1,1,"","","","Reference {[]} {[CanonicalType[http://hl7.org/fhir/us/shr/StructureDefinition/shr-core-Device]]}
","Device that was changed","The device that was manipulated (changed) during the procedure.","","","","","","","","","",,,,,"",,,,"Procedure.focalDevice.manipulated",1,1,"","",".participation[typeCode=DEV].role[classCode=SDLOC]"
"Procedure.usedReference","","","",0,*,"","","","Reference {[]} {[CanonicalType[http://hl7.org/fhir/us/shr/StructureDefinition/shr-core-Device], CanonicalType[http://hl7.org/fhir/us/shr/StructureDefinition/shr-core-Medication], CanonicalType[http://hl7.org/fhir/us/shr/StructureDefinition/shr-core-Substance]]}
","Items used during procedure","Identifies medications, devices and any other substance used as part of the procedure.","For devices actually implanted or removed, use Procedure.device.","Used for tracking contamination, etc.","","","","","","","",,,,,"",,,,"Procedure.usedReference",0,*,"","",".participation[typeCode=DEV].role[classCode=MANU] or
.participation[typeCode=CSM].role[classCode=ADMM] (for Medication or Substance)"
"Procedure.usedCode","","","",0,*,"","","","CodeableConcept {[]} {[]}
","Coded items used during the procedure","Identifies coded items that were used as part of the procedure.","For devices actually implanted or removed, use Procedure.device.","","","","","","","","",,"example","Codes describing items used during a procedure","http://hl7.org/fhir/ValueSet/device-kind","",,,,"Procedure.usedCode",0,*,"","","participation[typeCode=Dev].role[classCode=MANU]"
