"Path","Slice Name","Alias(s)","Label","Min","Max","Must Support?","Is Modifier?","Is Summary?","Type(s)","Short","Definition","Comments","Requirements","Default Value","Meaning When Missing","Fixed Value","Pattern","Example","Minimum Value","Maximum Value","Maximum Length","Binding Strength","Binding Description","Binding Value Set","Code","Slicing Discriminator","Slicing Description","Slicing Ordered","Slicing Rules","Base Path","Base Min","Base Max","Condition(s)","Constraint(s)"
"shr-core-ActionRequest-model","","","",0,*,"","","","","","Abstract class representing a request for any type of action to be performed.","","","","","","","","","",,,,,"",,,,"shr-core-ActionRequest-model",0,*,"",""
"shr-core-ActionRequest-model.metadata","","","",0,1,"","","","http://hl7.org/fhir/us/shr/StructureDefinition/shr-core-Metadata-model {[]} {[]}
","Elements that belong to all information items.","Elements that belong to all information items.","","","","","","","","","",,,,,"",,,,"shr-core-ActionRequest-model.metadata",0,1,"",""
"shr-core-ActionRequest-model.language","","","",0,1,"","","","Coding {[]} {[]}
","A human language, spoken or written.","A human language, spoken or written.","","","","","","","","","",,,,,"",,,,"shr-core-ActionRequest-model.language",0,1,"",""
"shr-core-ActionRequest-model.implicitRules","","","",0,1,"","","","uri {[]} {[]}
","A set of rules under which this content was created","A set of rules under which this content was created","","","","","","","","","",,,,,"",,,,"shr-core-ActionRequest-model.implicitRules",0,1,"",""
"shr-core-ActionRequest-model.narrative","","","",0,1,"","","","http://hl7.org/fhir/us/shr/StructureDefinition/shr-core-Narrative-model {[]} {[]}
","A human-readable narrative, potentially including images, that contains a summary of the resource, and may be used to represent the content of the resource to a human.","A human-readable narrative, potentially including images, that contains a summary of the resource, and may be used to represent the content of the resource to a human.","","","","","","","","","",,,,,"",,,,"shr-core-ActionRequest-model.narrative",0,1,"",""
"shr-core-ActionRequest-model.status","","","",1,1,"","","","Coding {[]} {[]}
","A state that relates to the workflow or interpretation of this resource. Certain status values can modify the meaning of the resource, for example, entered-in-error. When a boolean value is used, Status of true indicates the record is active, false means inactive.","A state that relates to the workflow or interpretation of this resource. Certain status values can modify the meaning of the resource, for example, entered-in-error. When a boolean value is used, Status of true indicates the record is active, false means inactive.","","","","","","","","","",,,,,"",,,,"shr-core-ActionRequest-model.status",1,1,"",""
"shr-core-ActionRequest-model.identifier","","","",0,*,"","","","http://hl7.org/fhir/us/shr/StructureDefinition/shr-core-Identifier-model {[]} {[]}
","Business identifier or external id for this resource.","Business identifier or external id for this resource.","","","","","","","","","",,,,,"",,,,"shr-core-ActionRequest-model.identifier",0,*,"",""
"shr-core-ActionRequest-model.subjectOfRecord[x]","","","",1,1,"","","","Reference {[]} {[CanonicalType[http://hl7.org/fhir/us/shr/StructureDefinition/shr-core-Patient-model], CanonicalType[http://hl7.org/fhir/us/shr/StructureDefinition/shr-core-Practitioner-model], CanonicalType[http://hl7.org/fhir/us/shr/StructureDefinition/shr-core-Group-model], CanonicalType[http://hl7.org/fhir/us/shr/StructureDefinition/shr-core-Device-model], CanonicalType[http://hl7.org/fhir/us/shr/StructureDefinition/shr-core-Specimen-model], CanonicalType[http://hl7.org/fhir/us/shr/StructureDefinition/shr-core-Location-model], CanonicalType[http://hl7.org/fhir/us/shr/StructureDefinition/shr-core-Medication-model], CanonicalType[http://hl7.org/fhir/us/shr/StructureDefinition/shr-core-ResearchSubject-model]]}
","The subject of a clinical statement, often called the Patient or the Subject. The SubjectOfRecord typically identifies the clinical record in which this statement is contained. If the statement should be in John Doe's patient record, then John Doe is the subject of record. When there is no patient, the SubjectOfRecord can also be a location, group, or other entity that statement pertains to. For example, observations concerning a hospital ward would have a Location as the SubjectOfRecord.","The subject of a clinical statement, often called the Patient or the Subject. The SubjectOfRecord typically identifies the clinical record in which this statement is contained. If the statement should be in John Doe's patient record, then John Doe is the subject of record. When there is no patient, the SubjectOfRecord can also be a location, group, or other entity that statement pertains to. For example, observations concerning a hospital ward would have a Location as the SubjectOfRecord.

Note that the word 'Subject' is used here in the sense of a person or entity subjected to observations or actions, not subject as in a conceptual topic, like heart disease.","","","","","","","","","",,,,,"",,,,"shr-core-ActionRequest-model.subjectOfRecord[x]",1,1,"",""
"shr-core-ActionRequest-model.careContext[x]","","","",0,1,"","","","Reference {[]} {[CanonicalType[http://hl7.org/fhir/us/shr/StructureDefinition/shr-core-Encounter-model], CanonicalType[http://hl7.org/fhir/us/shr/StructureDefinition/shr-core-EpisodeOfCare-model]]}
","The encounter or episode of care","The encounter or episode of care","","","","","","","","","",,,,,"",,,,"shr-core-ActionRequest-model.careContext[x]",0,1,"",""
"shr-core-ActionRequest-model.statementDateTime","","","",0,1,"","","","dateTime {[]} {[]}
","The point in time when the statement was created.","The point in time when the statement was created.","","","","","","","","","",,,,,"http://ncimeta.nci.nih.gov#C3669169
",,,,"shr-core-ActionRequest-model.statementDateTime",0,1,"",""
"shr-core-ActionRequest-model.reasonCode","","","",0,*,"","","","Coding {[]} {[]}
","The explanation or justification for the current item or action, as a code.","The explanation or justification for the current item or action, as a code.
Reason is a string or CodeableConcept in DSTU2 but in later versions only a CodeableConcept.","","","","","","","","","",,,,,"http://ncimeta.nci.nih.gov#C0566251
",,,,"shr-core-ActionRequest-model.reasonCode",0,*,"",""
"shr-core-ActionRequest-model.reasonReference","","","",0,*,"","","","Reference {[]} {[CanonicalType[http://hl7.org/fhir/us/shr/StructureDefinition/shr-core-DomainResource-model]]}
","The justification, as reference to a condition or observation.","The justification, as reference to a condition or observation.","","","","","","","","","",,,,,"",,,,"shr-core-ActionRequest-model.reasonReference",0,*,"",""
"shr-core-ActionRequest-model.basedOn","","","",0,*,"","","","Reference {[]} {[CanonicalType[http://hl7.org/fhir/us/shr/StructureDefinition/shr-core-DomainResource-model]]}
","The proposal, order, or plan that is partly or wholly fulfilled by this item.","The proposal, order, or plan that is partly or wholly fulfilled by this item.","","","","","","","","","",,,,,"",,,,"shr-core-ActionRequest-model.basedOn",0,*,"",""
"shr-core-ActionRequest-model.code","","","",0,1,"","","","Coding {[]} {[]}
","The main type identifier for a lab, procedure, condition, etc., usually drawn from a controlled vocabulary.","The main type identifier for a lab, procedure, condition, etc., usually drawn from a controlled vocabulary.","","","","","","","","","",,,,,"",,,,"shr-core-ActionRequest-model.code",0,1,"",""
"shr-core-ActionRequest-model.category","","","",0,*,"","","","Coding {[]} {[]}
","The general type or class of this item.","The general type or class of this item.","","","","","","","","","",,,,,"",,,,"shr-core-ActionRequest-model.category",0,*,"",""
"shr-core-ActionRequest-model.requester[x]","","","",0,1,"","","","Reference {[]} {[CanonicalType[http://hl7.org/fhir/us/shr/StructureDefinition/shr-core-Practitioner-model], CanonicalType[http://hl7.org/fhir/us/shr/StructureDefinition/shr-core-Organization-model], CanonicalType[http://hl7.org/fhir/us/shr/StructureDefinition/shr-core-Patient-model], CanonicalType[http://hl7.org/fhir/us/shr/StructureDefinition/shr-core-RelatedPerson-model], CanonicalType[http://hl7.org/fhir/us/shr/StructureDefinition/shr-core-Device-model]]}
","The person or organization originating this referral","The person or organization originating this referral","","","","","","","","","",,,,,"",,,,"shr-core-ActionRequest-model.requester[x]",0,1,"",""
"shr-core-ActionRequest-model.requestIntent","","","",1,1,"","","","Coding {[]} {[]}
","Indicates the level of authority/intentionality associated with the request and where the request fits into the workflow chain.","Indicates the level of authority/intentionality associated with the request and where the request fits into the workflow chain.","","","","","","","","","",,"preferred","","http://hl7.org/fhir/ValueSet/request-intent","",,,,"shr-core-ActionRequest-model.requestIntent",1,1,"",""
"shr-core-ActionRequest-model.expectedPerformanceTime[x]","","","",0,1,"","","","dateTime {[]} {[]}
http://hl7.org/fhir/us/shr/StructureDefinition/shr-core-TimePeriod-model {[]} {[]}http://hl7.org/fhir/us/shr/StructureDefinition/shr-core-Timing-model {[]} {[]}","When an action should be done. If the action is a series or recurs (e.g. daily blood sugar testing in the morning) then a Timing can be used to describe the periodicity.","When an action should be done. If the action is a series or recurs (e.g. daily blood sugar testing in the morning) then a Timing can be used to describe the periodicity.","","","","","","","","","",,,,,"",,,,"shr-core-ActionRequest-model.expectedPerformanceTime[x]",0,1,"",""
"shr-core-ActionRequest-model.expectedPerformerType","","","",0,1,"","","","Coding {[]} {[]}
","What type of party should carry out the testing.","What type of party should carry out the testing.","","","","","","","","","",,,,,"",,,,"shr-core-ActionRequest-model.expectedPerformerType",0,1,"",""
"shr-core-ActionRequest-model.expectedPerformer[x]","","","",0,*,"","","","Reference {[]} {[CanonicalType[http://hl7.org/fhir/us/shr/StructureDefinition/shr-core-Patient-model], CanonicalType[http://hl7.org/fhir/us/shr/StructureDefinition/shr-core-Practitioner-model], CanonicalType[http://hl7.org/fhir/us/shr/StructureDefinition/shr-core-RelatedPerson-model], CanonicalType[http://hl7.org/fhir/us/shr/StructureDefinition/shr-core-Organization-model], CanonicalType[http://hl7.org/fhir/us/shr/StructureDefinition/shr-core-Device-model]]}
","Who this request is being addressed to.","Who this request is being addressed to.","","","","","","","","","",,,,,"",,,,"shr-core-ActionRequest-model.expectedPerformer[x]",0,*,"",""
"shr-core-ActionRequest-model.priorityCode[x]","","","",0,1,"","","","positiveInt {[]} {[]}
Coding {[]} {[]}","An indication of the importance of an action relative to other actions.","An indication of the importance of an action relative to other actions.","","","","","","","","","",,,,,"",,,,"shr-core-ActionRequest-model.priorityCode[x]",0,1,"",""
"shr-core-ActionRequest-model.annotation","","","",0,*,"","","","http://hl7.org/fhir/us/shr/StructureDefinition/shr-core-Annotation-model {[]} {[]}
","An added or follow-up note, often after the fact, that contains metadata about who made the statement and when.","An added or follow-up note, often after the fact, that contains metadata about who made the statement and when.","","","","","","","","","",,,,,"",,,,"shr-core-ActionRequest-model.annotation",0,*,"",""
