"Path","Slice Name","Alias(s)","Label","Min","Max","Must Support?","Is Modifier?","Is Summary?","Type(s)","Short","Definition","Comments","Requirements","Default Value","Meaning When Missing","Fixed Value","Pattern","Example","Minimum Value","Maximum Value","Maximum Length","Binding Strength","Binding Description","Binding Value Set","Code","Slicing Discriminator","Slicing Description","Slicing Ordered","Slicing Rules","Base Path","Base Min","Base Max","Condition(s)","Constraint(s)","Mapping: W5 Mapping","Mapping: RIM Mapping"
"AdverseEvent","","AE
","",0,*,"","","","","shr-core-AdverseDrugReaction","A noxious and unintended response to a medicinal product. To be considered an ADR, a causal relationship must be at least suspected by the medical practitioner. The principal difference between an adverse drug reaction (ADR) an adverse event (AE) and is that a causal relationship is suspected for the ADR, but is not required for the AE. Adverse drug reactions are therefore a subset of adverse event reports.","","","","","","","","","",,,,,"",,,,"",0,null,"","dom-2:If the resource is contained in another resource, it SHALL NOT contain nested Resources {contained.contained.empty()}
dom-1:If the resource is contained in another resource, it SHALL NOT contain any narrative {contained.text.empty()}dom-4:If a resource is contained in another resource, it SHALL NOT have a meta.versionId or a meta.lastUpdated {contained.meta.versionId.empty() and contained.meta.lastUpdated.empty()}dom-3:If the resource is contained in another resource, it SHALL be referred to from elsewhere in the resource {contained.where(('#'+id in %resource.descendants().reference).not()).empty()}","clinical.general","Entity. Role, or Act"
"AdverseEvent.id","","","",0,1,"","","Y","id {[]} {[]}
","Logical id of this artifact","The logical id of the resource, as used in the URL for the resource. Once assigned, this value never changes.","The only time that a resource does not have an id is when it is being submitted to the server using a create operation.","","","","","","","","",,,,,"",,,,"Resource.id",0,1,"",""
"AdverseEvent.meta","","","",0,1,"","","Y","Meta {[]} {[]}
","Metadata about the resource","The metadata about the resource. This is content that is maintained by the infrastructure. Changes to the content may not always be associated with version changes to the resource.","","","","","","","","","",,,,,"",,,,"Resource.meta",0,1,"",""
"AdverseEvent.meta.id","","","",0,1,"","","","string {[]} {[]}
","xml:id (or equivalent in JSON)","unique id for the element within a resource (for internal references). This may be any string value that does not contain spaces.","","","","","","","","","",,,,,"",,,,"Element.id",0,1,"","","n/a"
"AdverseEvent.meta.extension","","extensions
user content","",0,*,"","","","Extension {[]} {[]}
","Additional Content defined by implementations","May be used to represent additional information that is not part of the basic definition of the element. In order to make the use of extensions safe and manageable, there is a strict set of governance  applied to the definition and use of extensions. Though any implementer is allowed to define an extension, there is a set of requirements that SHALL be met as part of the definition of the extension.","There can be no stigma associated with the use of extensions by any application, project, or standard - regardless of the institution or jurisdiction that uses or defines the extensions.  The use of extensions is what allows the FHIR specification to retain a core level of simplicity for everyone.","","","","","","","","",,,,,"","value:url}
","Extensions are always sliced by (at least) url",,"open","Element.extension",0,*,"","","n/a"
"AdverseEvent.meta.extension","sourcesystem","","",0,1,"","","","Extension {[CanonicalType[http://hl7.org/fhir/us/shr/StructureDefinition/shr-core-SourceSystem-extension]]} {[]}
","","FHIR: This provides a minimal amount of Provenance information that can be used to track or differentiate the source of information in the resource. The source may identify another FHIR server, document, message, database, etc.
FHIM: Identifies the computer system that created the medical record. This optional field may also be used to indicate that the medical record was originally created by a different organization from the one that is currently storing or utilizing the record in that the assigning authority of the Id could be set to that originating organization. This property is optional, as some systems will assume that all records that it contains originated in that system, however it is anticipated that it will become increasingly commonplace for records from multiple systems and organizations will be comingled in order to provide a complete picture of the patient's health record.","","","","","","","","","",,,,,"",,,,"Element.extension",0,*,"",""
"AdverseEvent.meta.versionId","","","",0,1,"","","Y","id {[]} {[]}
","Version specific identifier","The version specific identifier, as it appears in the version portion of the URL. This values changes when the resource is created, updated, or deleted.","The server assigns this value, and ignores what the client specifies, except in the case that the server is imposing version integrity on updates/deletes.","","","","","","","","",,,,,"",,,,"",0,null,"",""
"AdverseEvent.meta.lastUpdated","","","",0,1,"","","Y","instant {[]} {[]}
","When the resource version last changed","When the resource last changed - e.g. when the version changed.","This value is always populated except when the resource is first being created. The server / resource manager sets this value; what a client provides is irrelevant.","","","","","","","","",,,,,"",,,,"",0,null,"",""
"AdverseEvent.meta.profile","","","",0,*,"","","Y","uri {[]} {[]}
","Profiles this resource claims to conform to","A list of profiles (references to [StructureDefinition](structuredefinition.html#) resources) that this resource claims to conform to. The URL is a reference to [StructureDefinition.url]().","It is up to the server and/or other infrastructure of policy to determine whether/how these claims are verified and/or updated over time.  The list of profile URLs is a set.","","","","","","","","",,,,,"",,,,"",0,null,"",""
"AdverseEvent.meta.security","","","",0,*,"","","Y","Coding {[]} {[]}
","Security Labels applied to this resource","Security labels applied to this resource. These tags connect specific resources to the overall security policy and infrastructure.","The security labels can be updated without changing the stated version of the resource  The list of security labels is a set. Uniqueness is based the system/code, and version and display are ignored.","","","","","","","","",,"extensible","Security Labels from the Healthcare Privacy and Security Classification System.","http://hl7.org/fhir/ValueSet/security-labels","",,,,"",0,null,"",""
"AdverseEvent.meta.tag","","","",0,*,"","","Y","Coding {[]} {[]}
","Tags applied to this resource","Tags applied to this resource. Tags are intended to be used to identify and relate resources to process and workflow, and applications are not required to consider the tags when interpreting the meaning of a resource.","The tags can be updated without changing the stated version of the resource.  The list of tags is a set. Uniqueness is based the system/code, and version and display are ignored.","","","","","","","","",,"example","Codes that represent various types of tags, commonly workflow-related; e.g. ""Needs review by Dr. Jones""","http://hl7.org/fhir/ValueSet/common-tags","",,,,"",0,null,"",""
"AdverseEvent.implicitRules","","","",0,1,"","Y","Y","uri {[]} {[]}
","A set of rules under which this content was created","A reference to a set of rules that were followed when the resource was constructed, and which must be understood when processing the content.","Asserting this rule set restricts the content to be only understood by a limited set of trading partners. This inherently limits the usefulness of the data in the long term. However, the existing health eco-system is highly fractured, and not yet ready to define, collect, and exchange data in a generally computable sense. Wherever possible, implementers and/or specification writers should avoid using this element. 

This element is labelled as a modifier because the implicit rules may provide additional knowledge about the resource that modifies it's meaning or interpretation.","","","","","","","","",,,,,"",,,,"Resource.implicitRules",0,1,"",""
"AdverseEvent.language","","","",0,1,"","","","code {[]} {[]}
","Language of the resource content","The base language in which the resource is written.","Language is provided to support indexing and accessibility (typically, services such as text to speech use the language tag). The html language tag in the narrative applies  to the narrative. The language tag on the resource may be used to specify the language of other presentations generated from the data in the resource  Not all the content has to be in the base language. The Resource.language should not be assumed to apply to the narrative automatically. If a language is specified, it should it also be specified on the div element in the html (see rules in HTML5 for information about the relationship between xml:lang and the html lang attribute).","","","","","","","","",,"extensible","A human language.","http://hl7.org/fhir/ValueSet/languages","",,,,"Resource.language",0,1,"",""
"AdverseEvent.text","","narrative
htmlxhtmldisplay","",0,1,"","","","Narrative {[]} {[]}
","Text summary of the resource, for human interpretation","A human-readable narrative that contains a summary of the resource, and may be used to represent the content of the resource to a human. The narrative need not encode all the structured data, but is required to contain sufficient detail to make it ""clinically safe"" for a human to just read the narrative. Resource definitions may define what content should be represented in the narrative to ensure clinical safety.","Contained resources do not have narrative. Resources that are not contained SHOULD have a narrative. In some cases, a resource may only have text with little or no additional discrete data (as long as all minOccurs=1 elements are satisfied).  This may be necessary for data from legacy systems where information is captured as a ""text blob"" or where text is additionally entered raw or narrated and encoded in formation is added later.","","","","","","","","",,,,,"",,,,"DomainResource.text",0,1,"dom-1
","","Act.text?"
"AdverseEvent.contained","","inline resources
anonymous resourcescontained resources","",0,*,"","","","Resource {[]} {[]}
","Contained, inline Resources","These resources do not have an independent existence apart from the resource that contains them - they cannot be identified independently, and nor can they have their own independent transaction scope.","This should never be done when the content can be identified properly, as once identification is lost, it is extremely difficult (and context dependent) to restore it again.","","","","","","","","",,,,,"",,,,"DomainResource.contained",0,*,"","","N/A"
"AdverseEvent.extension","","extensions
user content","",1,*,"","","","Extension {[]} {[]}
","Additional Content defined by implementations","May be used to represent additional information that is not part of the basic definition of the resource. In order to make the use of extensions safe and manageable, there is a strict set of governance  applied to the definition and use of extensions. Though any implementer is allowed to define an extension, there is a set of requirements that SHALL be met as part of the definition of the extension.","There can be no stigma associated with the use of extensions by any application, project, or standard - regardless of the institution or jurisdiction that uses or defines the extensions.  The use of extensions is what allows the FHIR specification to retain a core level of simplicity for everyone.","","","","","","","","",,,,,"","value:url}
","",,"open","DomainResource.extension",0,*,"","","N/A"
"AdverseEvent.extension","code","","",1,1,"","","","Extension {[CanonicalType[http://hl7.org/fhir/us/shr/StructureDefinition/shr-core-Code-extension]]} {[]}
","","The main type identifier for a lab, procedure, condition, etc., usually drawn from a controlled vocabulary.","","","","","","","","","",,,,,"",,,,"DomainResource.extension",0,*,"",""
"AdverseEvent.extension.id","","","",0,1,"","","","string {[]} {[]}
","xml:id (or equivalent in JSON)","unique id for the element within a resource (for internal references). This may be any string value that does not contain spaces.","","","","","","","","","",,,,,"",,,,"Element.id",0,1,"","","N/A"
"AdverseEvent.extension.extension","","","",0,0,"","","","Extension {[]} {[]}
","Extension","An Extension","","","","","","","","","",,,,,"",,,,"Element.extension",0,*,"",""
"AdverseEvent.extension.url","","","",1,1,"","","","uri {[]} {[]}
","identifies the meaning of the extension","Source of the definition for the extension code - a logical name or a URL.","","","","","<valueUri xmlns=""http://hl7.org/fhir"" value=""http://hl7.org/fhir/us/shr/StructureDefinition/shr-core-Code-extension""/>","","","","",,,,,"",,,,"Extension.url",1,1,"","","N/A"
"AdverseEvent.extension.valueCodeableConcept","","","",1,1,"","","","CodeableConcept {[]} {[]}
","Value of extension","Value of extension - may be a resource or one of a constrained set of the data types (see Extensibility in the spec for list).","","","","","","","","","",,"preferred","","http://hl7.org/fhir/us/shrcore/shr/core/vs/MedDRAVS","",,,,"Extension.value[x]",0,1,"","","N/A"
"AdverseEvent.extension","detectiontime","","",0,1,"","","","Extension {[CanonicalType[http://hl7.org/fhir/us/shr/StructureDefinition/shr-core-DetectionTime-extension]]} {[]}
","","The date on which the existence of the AdverseEvent first become known or was first observed.","","","","","","","","","",,,,,"",,,,"DomainResource.extension",0,*,"",""
"AdverseEvent.extension","statementdatetime","","",0,1,"","","","Extension {[CanonicalType[http://hl7.org/fhir/us/shr/StructureDefinition/shr-core-StatementDateTime-extension]]} {[]}
","","The point in time when the statement was created.","","","","","","","","","",,,,,"",,,,"DomainResource.extension",0,*,"",""
"AdverseEvent.extension","carecontext","","",0,1,"","","","Extension {[CanonicalType[http://hl7.org/fhir/us/shr/StructureDefinition/shr-core-CareContext-extension]]} {[]}
","","The encounter or episode of care","","","","","","","","","",,,,,"",,,,"DomainResource.extension",0,*,"",""
"AdverseEvent.extension.id","","","",0,1,"","","","string {[]} {[]}
","xml:id (or equivalent in JSON)","unique id for the element within a resource (for internal references). This may be any string value that does not contain spaces.","","","","","","","","","",,,,,"",,,,"Element.id",0,1,"","","N/A"
"AdverseEvent.extension.extension","","","",0,0,"","","","Extension {[]} {[]}
","Extension","An Extension","","","","","","","","","",,,,,"",,,,"Element.extension",0,*,"",""
"AdverseEvent.extension.url","","","",1,1,"","","","uri {[]} {[]}
","identifies the meaning of the extension","Source of the definition for the extension code - a logical name or a URL.","","","","","<valueUri xmlns=""http://hl7.org/fhir"" value=""http://hl7.org/fhir/us/shr/StructureDefinition/shr-core-CareContext-extension""/>","","","","",,,,,"",,,,"Extension.url",1,1,"","","N/A"
"AdverseEvent.extension.valueReference","","","",1,1,"","","","Reference {[]} {[CanonicalType[http://hl7.org/fhir/us/shr/StructureDefinition/shr-core-Encounter]]}
","Encounter","A description of an interaction between a patient and healthcare provider(s) for the purpose of providing healthcare service(s) or assessing the health status of a patient.","","","","","","","","","",,,,,"",,,,"Extension.value[x]",0,1,"","","N/A"
"AdverseEvent.extension","actiontaken","","",0,*,"","","","Extension {[CanonicalType[http://hl7.org/fhir/us/shr/StructureDefinition/shr-core-ActionTaken-extension]]} {[]}
","","The action taken as a result of the adverse reaction. May include changing or discontinuing medication, reducing dose, etc.","","","","","","","","","",,,,,"",,,,"DomainResource.extension",0,*,"",""
"AdverseEvent.extension","status","","",0,1,"","","","Extension {[CanonicalType[http://hl7.org/fhir/us/shr/StructureDefinition/shr-core-Status-extension]]} {[]}
","","A state that relates to the workflow or interpretation of this resource. Certain status values can modify the meaning of the resource, for example, entered-in-error. When a boolean value is used, Status of true indicates the record is active, false means inactive.","","","","","","","","","",,,,,"",,,,"DomainResource.extension",0,*,"",""
"AdverseEvent.extension","severity","","",0,1,"","","","Extension {[CanonicalType[http://hl7.org/fhir/us/shr/StructureDefinition/shr-core-Severity-extension]]} {[]}
","","Degree of harshness or extent of a symptom, disorder, or condition.","","","","","","","","","",,,,,"",,,,"DomainResource.extension",0,*,"",""
"AdverseEvent.extension.id","","","",0,1,"","","","string {[]} {[]}
","xml:id (or equivalent in JSON)","unique id for the element within a resource (for internal references). This may be any string value that does not contain spaces.","","","","","","","","","",,,,,"",,,,"Element.id",0,1,"","","N/A"
"AdverseEvent.extension.extension","","","",0,0,"","","","Extension {[]} {[]}
","Extension","An Extension","","","","","","","","","",,,,,"",,,,"Element.extension",0,*,"",""
"AdverseEvent.extension.url","","","",1,1,"","","","uri {[]} {[]}
","identifies the meaning of the extension","Source of the definition for the extension code - a logical name or a URL.","","","","","<valueUri xmlns=""http://hl7.org/fhir"" value=""http://hl7.org/fhir/us/shr/StructureDefinition/shr-core-Severity-extension""/>","","","","",,,,,"",,,,"Extension.url",1,1,"","","N/A"
"AdverseEvent.extension.valueCodeableConcept","","","",1,1,"","","","CodeableConcept {[]} {[]}
","Value of extension","Value of extension - may be a resource or one of a constrained set of the data types (see Extensibility in the spec for list).","","","","","","","","","",,"required","","http://hl7.org/fhir/ValueSet/adverse-event-severity","",,,,"Extension.value[x]",0,1,"","","N/A"
"AdverseEvent.modifierExtension","","extensions
user content","",0,*,"","Y","","Extension {[]} {[]}
","Extensions that cannot be ignored","May be used to represent additional information that is not part of the basic definition of the resource, and that modifies the understanding of the element that contains it. Usually modifier elements provide negation or qualification. In order to make the use of extensions safe and manageable, there is a strict set of governance applied to the definition and use of extensions. Though any implementer is allowed to define an extension, there is a set of requirements that SHALL be met as part of the definition of the extension. Applications processing a resource are required to check for modifier extensions.","There can be no stigma associated with the use of extensions by any application, project, or standard - regardless of the institution or jurisdiction that uses or defines the extensions.  The use of extensions is what allows the FHIR specification to retain a core level of simplicity for everyone.","","","","","","","","",,,,,"",,,,"DomainResource.modifierExtension",0,*,"","","N/A"
"AdverseEvent.identifier","","","",0,1,"","","Y","Identifier {[]} {[]}
","Business identifier for the event","The identifier(s) of this adverse event that are assigned by business processes and/or used to refer to it when a direct URL reference to the resource itsefl is not appropriate.","","","","","","","","","",,,,,"",,,,"",0,null,"",""
"AdverseEvent.category","","","",0,1,"","","Y","code {[]} {[]}
","AE | PAE An adverse event is an event that caused harm to a patient,  an adverse reaction is a something that is a subject-specific event that is a result of an exposure to a medication, food, device or environmental substance, a potential adverse event is something that occurred and that could have caused harm to a patient but did not","The type of event which is important to characterize what occurred and caused harm to the subject, or had the potential to cause harm to the subject.","","","","","","","","","",,"required","Overall categorization of the event, e.g. real or potential","http://hl7.org/fhir/ValueSet/adverse-event-category","",,,,"",0,null,"","","class"
"AdverseEvent.type","","","",1,1,"","","Y","CodeableConcept {[]} {[]}
","actual | potential","This element defines the specific type of event that occurred or that was prevented from occurring.","","","","","","","","","",,"required","","http://hl7.org/fhir/ValueSet/adverse-event-actuality","",,,,"AdverseEvent.type",0,1,"","","what"
"AdverseEvent.subject","","patient
","",1,1,"","","Y","Reference {[]} {[CanonicalType[http://hl7.org/fhir/us/shr/StructureDefinition/shr-core-Patient]]}
","Subject or group impacted by event","This subject or group impacted by the event.  With a prospective adverse event, there will be no subject as the adverse event was prevented.","","","","","","","","","",,,,,"",,,,"AdverseEvent.subject",0,1,"","","who"
"AdverseEvent.date","","","",0,1,"","","Y","dateTime {[]} {[]}
","When the event occurred","The date (and perhaps time) when the adverse event occurred.","","","","","","","","","",,,,,"",,,,"",0,null,"","","when.init"
"AdverseEvent.reaction","","","",0,*,"","","Y","Reference {[]} {[CanonicalType[http://hl7.org/fhir/us/shr/StructureDefinition/shr-core-Condition]]}
","Adverse Reaction Events linked to exposure to substance","Includes information about the reaction that occurred as a result of exposure to a substance (for example, a drug or a chemical).","","","","","","","","","",,,,,"",,,,"",0,null,"",""
"AdverseEvent.location","","","",0,1,"","","Y","Reference {[]} {[CanonicalType[http://hl7.org/fhir/us/shr/StructureDefinition/shr-core-Location]]}
","Location where adverse event occurred","The information about where the adverse event occurred.","","","","","","","","","",,,,,"",,,,"",0,null,"",""
"AdverseEvent.seriousness","","","",1,1,"","","Y","CodeableConcept {[]} {[]}
","Mild | Moderate | Severe","Describes the seriousness or severity of the adverse event.","","","","","","","","","",,"example","Overall seriousness of this event for the patient","http://hl7.org/fhir/ValueSet/adverse-event-seriousness","",,,,"AdverseEvent.seriousness",0,1,"",""
"AdverseEvent.outcome","","","",0,1,"","","Y","CodeableConcept {[]} {[]}
","resolved | recovering | ongoing | resolvedWithSequelae | fatal | unknown","Describes the type of outcome from the adverse event.","","","","","","","","","",,"required","TODO (and should this be required?)","http://hl7.org/fhir/ValueSet/adverse-event-outcome","",,,,"",0,null,"",""
"AdverseEvent.recorder","","","",0,1,"","","Y","Reference {[]} {[CanonicalType[http://hl7.org/fhir/us/shr/StructureDefinition/shr-core-Patient], CanonicalType[http://hl7.org/fhir/us/shr/StructureDefinition/shr-core-Practitioner], CanonicalType[http://hl7.org/fhir/us/shr/StructureDefinition/shr-core-RelatedPerson]]}
","Who recorded the adverse event","Information on who recorded the adverse event.  May be the patient or a practitioner.","","","","","","","","","",,,,,"",,,,"",0,null,"","","who.author"
"AdverseEvent.eventParticipant","","","",0,1,"","","Y","Reference {[]} {[CanonicalType[http://hl7.org/fhir/us/shr/StructureDefinition/shr-core-Practitioner], CanonicalType[http://hl7.org/fhir/us/shr/StructureDefinition/shr-core-Device]]}
","Who  was involved in the adverse event or the potential adverse event","Parties that may or should contribute or have contributed information to the Act. Such information includes information leading to the decision to perform the Act and how to perform the Act (e.g. consultant), information that the Act itself seeks to reveal (e.g. informant of clinical history), or information about what Act was performed (e.g. informant witness).","","","","","","","","","",,,,,"",,,,"",0,null,"",""
"AdverseEvent.description","","","",0,1,"","","Y","string {[]} {[]}
","Description of the adverse event","Describes the adverse event in text.","","","","","","","","","",,,,,"",,,,"",0,null,"",""
"AdverseEvent.suspectEntity","","","",1,*,"","","Y","BackboneElement {[]} {[]}
","The suspected agent causing the adverse event","Describes the entity that is suspected to have caused the adverse event.","","","","","","","","","",,,,,"",,,,"AdverseEvent.suspectEntity",0,*,"","ele-1:All FHIR elements must have a @value or children {hasValue() | (children().count() > id.count())}
"
"AdverseEvent.suspectEntity.id","","","",0,1,"","","","string {[]} {[]}
","xml:id (or equivalent in JSON)","unique id for the element within a resource (for internal references). This may be any string value that does not contain spaces.","","","","","","","","","",,,,,"",,,,"Element.id",0,1,"","","n/a"
"AdverseEvent.suspectEntity.extension","","extensions
user content","",1,*,"","","","Extension {[]} {[]}
","Additional Content defined by implementations","May be used to represent additional information that is not part of the basic definition of the element. In order to make the use of extensions safe and manageable, there is a strict set of governance  applied to the definition and use of extensions. Though any implementer is allowed to define an extension, there is a set of requirements that SHALL be met as part of the definition of the extension.","There can be no stigma associated with the use of extensions by any application, project, or standard - regardless of the institution or jurisdiction that uses or defines the extensions.  The use of extensions is what allows the FHIR specification to retain a core level of simplicity for everyone.","","","","","","","","",,,,,"","value:url}
","",,"open","Element.extension",0,*,"","","n/a"
"AdverseEvent.suspectEntity.extension","causecategory","","",1,*,"","","","Extension {[CanonicalType[http://hl7.org/fhir/us/shr/StructureDefinition/shr-core-CauseCategory-extension]]} {[]}
","","Whether the adverse event is attributed to a treatment, course of the disease, unrelated to either, or unknown.","","","","","","","","","",,,,,"",,,,"Element.extension",0,*,"",""
"AdverseEvent.suspectEntity.modifierExtension","","extensions
user contentmodifiers","",0,*,"","Y","Y","Extension {[]} {[]}
","Extensions that cannot be ignored","May be used to represent additional information that is not part of the basic definition of the element, and that modifies the understanding of the element that contains it. Usually modifier elements provide negation or qualification. In order to make the use of extensions safe and manageable, there is a strict set of governance applied to the definition and use of extensions. Though any implementer is allowed to define an extension, there is a set of requirements that SHALL be met as part of the definition of the extension. Applications processing a resource are required to check for modifier extensions.","There can be no stigma associated with the use of extensions by any application, project, or standard - regardless of the institution or jurisdiction that uses or defines the extensions.  The use of extensions is what allows the FHIR specification to retain a core level of simplicity for everyone.","","","","","","","","",,,,,"",,,,"BackboneElement.modifierExtension",0,*,"","","N/A"
"AdverseEvent.suspectEntity.instance","","Substance or Medication or Device
","",1,1,"","","Y","Reference {[]} {[CanonicalType[http://hl7.org/fhir/us/shr/StructureDefinition/shr-core-Medication], CanonicalType[http://hl7.org/fhir/us/shr/StructureDefinition/shr-core-MedicationAdministration], CanonicalType[http://hl7.org/fhir/us/shr/StructureDefinition/shr-core-MedicationStatement]]}
","Refers to the specific entity that caused the adverse event","Identifies the actual instance of what caused the adverse event.  May be a substance, medication, medication administration, medication statement or a device.","","","","","","","","","",,,,,"",,,,"AdverseEvent.suspectEntity.instance",1,1,"",""
"AdverseEvent.suspectEntity.causality","","","",0,1,"","","Y","code {[]} {[]}
","causality1 | causality2","causality1 | causality2.","","","","","","","","","",,"required","TODO","http://hl7.org/fhir/ValueSet/adverse-event-causality","",,,,"",0,null,"",""
"AdverseEvent.suspectEntity.causalityAssessment","","","",1,1,"","","Y","CodeableConcept {[]} {[]}
","assess1 | assess2","assess1 | assess2.","","","","","","","","","",,"example","TODO","http://hl7.org/fhir/ValueSet/adverse-event-causality-assess","",,,,"AdverseEvent.suspectEntity.causalityAssessment",0,1,"",""
"AdverseEvent.suspectEntity.causalityProductRelatedness","","","",0,1,"","","Y","string {[]} {[]}
","AdverseEvent.suspectEntity.causalityProductRelatedness","AdverseEvent.suspectEntity.causalityProductRelatedness.","","","","","","","","","",,,,,"",,,,"",0,null,"",""
"AdverseEvent.suspectEntity.causalityMethod","","","",0,1,"","","Y","CodeableConcept {[]} {[]}
","method1 | method2","method1 | method2.","","","","","","","","","",,"example","TODO","http://hl7.org/fhir/ValueSet/adverse-event-causality-method","",,,,"",0,null,"",""
"AdverseEvent.suspectEntity.causalityAuthor","","","",0,1,"","","Y","Reference {[]} {[CanonicalType[http://hl7.org/fhir/StructureDefinition/Practitioner], CanonicalType[http://hl7.org/fhir/StructureDefinition/PractitionerRole]]}
","AdverseEvent.suspectEntity.causalityAuthor","AdverseEvent.suspectEntity.causalityAuthor.","","","","","","","","","",,,,,"",,,,"",0,null,"",""
"AdverseEvent.suspectEntity.causalityResult","","","",0,1,"","","Y","CodeableConcept {[]} {[]}
","result1 | result2","result1 | result2.","","","","","","","","","",,"example","TODO","http://hl7.org/fhir/ValueSet/adverse-event-causality-result","",,,,"",0,null,"",""
"AdverseEvent.subjectMedicalHistory","","","",0,*,"","","Y","Reference {[]} {[CanonicalType[http://hl7.org/fhir/StructureDefinition/Condition], CanonicalType[http://hl7.org/fhir/StructureDefinition/Observation], CanonicalType[http://hl7.org/fhir/StructureDefinition/AllergyIntolerance], CanonicalType[http://hl7.org/fhir/StructureDefinition/FamilyMemberHistory], CanonicalType[http://hl7.org/fhir/StructureDefinition/Immunization], CanonicalType[http://hl7.org/fhir/StructureDefinition/Procedure]]}
","AdverseEvent.subjectMedicalHistory","AdverseEvent.subjectMedicalHistory.","","","","","","","","","",,,,,"",,,,"",0,null,"",""
"AdverseEvent.referenceDocument","","","",0,*,"","","Y","Reference {[]} {[CanonicalType[http://hl7.org/fhir/StructureDefinition/DocumentReference]]}
","AdverseEvent.referenceDocument","AdverseEvent.referenceDocument.","","","","","","","","","",,,,,"",,,,"",0,null,"",""
"AdverseEvent.study","","","",0,1,"","","Y","Reference {[]} {[CanonicalType[http://hl7.org/fhir/us/shr/StructureDefinition/shr-core-ResearchStudy]]}
","AdverseEvent.study","AdverseEvent.study.","","","","","","","","","",,,,,"",,,,"AdverseEvent.study",0,*,"",""
