"Path","Slice Name","Alias(s)","Label","Min","Max","Must Support?","Is Modifier?","Is Summary?","Type(s)","Short","Definition","Comments","Requirements","Default Value","Meaning When Missing","Fixed Value","Pattern","Example","Minimum Value","Maximum Value","Maximum Length","Binding Strength","Binding Description","Binding Value Set","Code","Slicing Discriminator","Slicing Description","Slicing Ordered","Slicing Rules","Base Path","Base Min","Base Max","Condition(s)","Constraint(s)"
"shr-core-UseContext-model","","","",0,*,"","","","","","The content was developed with a focus and intent of supporting the contexts that are listed. These contexts may be general categories (gender, age, ...) or may be references to specific programs (insurance plans, studies, ...) and may be used to assist with indexing and searching for appropriate questionnaire instances.","","","","","","","","","",,,,,"",,,,"shr-core-UseContext-model",0,*,"",""
"shr-core-UseContext-model.code","","","",1,1,"","","","Coding {[]} {[]}
","The main type identifier for a lab, procedure, condition, etc., usually drawn from a controlled vocabulary.","The main type identifier for a lab, procedure, condition, etc., usually drawn from a controlled vocabulary.","","","","","","","","","",,,,,"",,,,"shr-core-UseContext-model.code",1,1,"",""
"shr-core-UseContext-model.contextValue[x]","","","",1,1,"","","","Coding {[]} {[]}
http://hl7.org/fhir/us/shr/StructureDefinition/shr-core-Quantity-model {[]} {[]}http://hl7.org/fhir/us/shr/StructureDefinition/shr-core-Range-model {[]} {[]}Reference {[]} {[CanonicalType[http://hl7.org/fhir/us/shr/StructureDefinition/shr-core-Group-model], CanonicalType[http://hl7.org/fhir/us/shr/StructureDefinition/shr-core-Location-model], CanonicalType[http://hl7.org/fhir/us/shr/StructureDefinition/shr-core-Organization-model], CanonicalType[http://hl7.org/fhir/us/shr/StructureDefinition/shr-core-ResearchStudy-model]]}","A value that defines the context specified in this context of use. The interpretation of the value is defined by the code.","A value that defines the context specified in this context of use. The interpretation of the value is defined by the code.","","","","","","","","","",,,,,"",,,,"shr-core-UseContext-model.contextValue[x]",1,1,"",""
