"Path","Slice Name","Alias(s)","Label","Min","Max","Must Support?","Is Modifier?","Is Summary?","Type(s)","Short","Definition","Comments","Requirements","Default Value","Meaning When Missing","Fixed Value","Pattern","Example","Minimum Value","Maximum Value","Maximum Length","Binding Strength","Binding Description","Binding Value Set","Code","Slicing Discriminator","Slicing Description","Slicing Ordered","Slicing Rules","Base Path","Base Min","Base Max","Condition(s)","Constraint(s)"
"shr-core-DispenseInterval-model","","","",0,*,"","","","","","The minimum period of time that must occur between dispenses of the medication.","","","","","","","","","",,,,,"",,,,"shr-core-DispenseInterval-model",0,*,"",""
"shr-core-DispenseInterval-model.value","","","",1,1,"","","","http://hl7.org/fhir/us/shr/StructureDefinition/shr-core-Duration-model {[]} {[]}
","Duration representing the minimum period of time that must occur between dispenses of the medication.","Duration representing the minimum period of time that must occur between dispenses of the medication.","","","","","","","","","",,,,,"http://ncimeta.nci.nih.gov#C0449238
",,,,"shr-core-DispenseInterval-model.value",1,1,"",""
