"Path","Slice Name","Alias(s)","Label","Min","Max","Must Support?","Is Modifier?","Is Summary?","Type(s)","Short","Definition","Comments","Requirements","Default Value","Meaning When Missing","Fixed Value","Pattern","Example","Minimum Value","Maximum Value","Maximum Length","Binding Strength","Binding Description","Binding Value Set","Code","Slicing Discriminator","Slicing Description","Slicing Ordered","Slicing Rules","Base Path","Base Min","Base Max","Condition(s)","Constraint(s)"
"shr-core-QuestionnaireResponsePartOf-model","","","",0,*,"","","","","","A procedure or observation that this questionnaire was performed as part of the execution of. For example, the surgery a checklist was executed as part of.","","","","","","","","","",,,,,"",,,,"shr-core-QuestionnaireResponsePartOf-model",0,*,"",""
"shr-core-QuestionnaireResponsePartOf-model.value[x]","","","",1,1,"","","","Reference {[]} {[CanonicalType[http://hl7.org/fhir/us/shr/StructureDefinition/shr-core-Observation-model], CanonicalType[http://hl7.org/fhir/us/shr/StructureDefinition/shr-core-Procedure-model]]}
","DomainResource or DomainResource representing a procedure or observation that this questionnaire was performed as part of the execution of. For example, the surgery a checklist was executed as part of.","DomainResource or DomainResource representing a procedure or observation that this questionnaire was performed as part of the execution of. For example, the surgery a checklist was executed as part of.","","","","","","","","","",,,,,"","type:$this}
","",,"open","shr-core-QuestionnaireResponsePartOf-model.value[x]",1,1,"",""
"shr-core-QuestionnaireResponsePartOf-model.valueShr-core-Procedure-model","Procedure","","",1,1,"","","","Reference {[]} {[CanonicalType[http://hl7.org/fhir/us/shr/StructureDefinition/shr-core-Procedure-model]]}
","An action that is or was performed on or for a patient. This can be a physical intervention like an operation, or less invasive like long term services, counseling, or hypnotherapy.","An action that is or was performed on or for a patient. This can be a physical intervention like an operation, or less invasive like long term services, counseling, or hypnotherapy.","","","","","","","","","",,,,,"",,,,"shr-core-QuestionnaireResponsePartOf-model.value[x]",1,1,"",""
"shr-core-QuestionnaireResponsePartOf-model.valueShr-core-Observation-model","Observation","","",1,1,"","","","Reference {[]} {[CanonicalType[http://hl7.org/fhir/us/shr/StructureDefinition/shr-core-Observation-model]]}
","Represents the result of evaluations (measurements, tests, or questions) that have been performed.","Represents the result of evaluations (measurements, tests, or questions) that have been performed.
Observation has a value representing the result (answer), or an DataAbsentReason indicating why the value is not present. Things observed about the subject can include social and behavioral factors, subjective and objective observations, and assessments.
For an Observation, the Code describes the aspect or property of the subject being observed or measured. The Code is the 'question code' that pairs to the 'answer' contained in the Value.","","","","","","","","","",,,,,"",,,,"shr-core-QuestionnaireResponsePartOf-model.value[x]",1,1,"",""
