"Path","Slice Name","Alias(s)","Label","Min","Max","Must Support?","Is Modifier?","Is Summary?","Type(s)","Short","Definition","Comments","Requirements","Default Value","Meaning When Missing","Fixed Value","Pattern","Example","Minimum Value","Maximum Value","Maximum Length","Binding Strength","Binding Description","Binding Value Set","Code","Slicing Discriminator","Slicing Description","Slicing Ordered","Slicing Rules","Base Path","Base Min","Base Max","Condition(s)","Constraint(s)","Mapping: RIM Mapping","Mapping: W5 Mapping","Mapping: HL7 v2 Mapping"
"RelatedPerson","","","",0,*,"","","","","shr-core-RelatedPerson","A person in a role defined in relationship to a patient","","","","","","","","","",,,,,"",,,,"",0,null,"","dom-2:If the resource is contained in another resource, it SHALL NOT contain nested Resources {contained.contained.empty()}
dom-1:If the resource is contained in another resource, it SHALL NOT contain any narrative {contained.text.empty()}dom-4:If a resource is contained in another resource, it SHALL NOT have a meta.versionId or a meta.lastUpdated {contained.meta.versionId.empty() and contained.meta.lastUpdated.empty()}dom-3:If the resource is contained in another resource, it SHALL be referred to from elsewhere in the resource {contained.where(('#'+id in %resource.descendants().reference).not()).empty()}","Entity. Role, or Act","role","administrative.individual"
"RelatedPerson.id","","","",0,1,"","","Y","id {[]} {[]}
","Logical id of this artifact","The logical id of the resource, as used in the URL for the resource. Once assigned, this value never changes.","The only time that a resource does not have an id is when it is being submitted to the server using a create operation.","","","","","","","","",,,,,"",,,,"Resource.id",0,1,"",""
"RelatedPerson.meta","","","",0,1,"","","Y","Meta {[]} {[]}
","Metadata about the resource","The metadata about the resource. This is content that is maintained by the infrastructure. Changes to the content may not always be associated with version changes to the resource.","","","","","","","","","",,,,,"",,,,"Resource.meta",0,1,"",""
"RelatedPerson.meta.id","","","",0,1,"","","","string {[]} {[]}
","xml:id (or equivalent in JSON)","unique id for the element within a resource (for internal references). This may be any string value that does not contain spaces.","","","","","","","","","",,,,,"",,,,"Element.id",0,1,"","","n/a"
"RelatedPerson.meta.extension","","extensions
user content","",0,*,"","","","Extension {[]} {[]}
","Additional Content defined by implementations","May be used to represent additional information that is not part of the basic definition of the element. In order to make the use of extensions safe and manageable, there is a strict set of governance  applied to the definition and use of extensions. Though any implementer is allowed to define an extension, there is a set of requirements that SHALL be met as part of the definition of the extension.","There can be no stigma associated with the use of extensions by any application, project, or standard - regardless of the institution or jurisdiction that uses or defines the extensions.  The use of extensions is what allows the FHIR specification to retain a core level of simplicity for everyone.","","","","","","","","",,,,,"","value:url}
","Extensions are always sliced by (at least) url",,"open","Element.extension",0,*,"","","n/a"
"RelatedPerson.meta.extension","sourcesystem","","",0,1,"","","","Extension {[CanonicalType[http://hl7.org/fhir/us/shr/StructureDefinition/shr-core-SourceSystem-extension]]} {[]}
","","FHIR: This provides a minimal amount of Provenance information that can be used to track or differentiate the source of information in the resource. The source may identify another FHIR server, document, message, database, etc.
FHIM: Identifies the computer system that created the medical record. This optional field may also be used to indicate that the medical record was originally created by a different organization from the one that is currently storing or utilizing the record in that the assigning authority of the Id could be set to that originating organization. This property is optional, as some systems will assume that all records that it contains originated in that system, however it is anticipated that it will become increasingly commonplace for records from multiple systems and organizations will be comingled in order to provide a complete picture of the patient's health record.","","","","","","","","","",,,,,"",,,,"Element.extension",0,*,"",""
"RelatedPerson.meta.versionId","","","",0,1,"","","Y","id {[]} {[]}
","Version specific identifier","The version specific identifier, as it appears in the version portion of the URL. This values changes when the resource is created, updated, or deleted.","The server assigns this value, and ignores what the client specifies, except in the case that the server is imposing version integrity on updates/deletes.","","","","","","","","",,,,,"",,,,"",0,null,"",""
"RelatedPerson.meta.lastUpdated","","","",0,1,"","","Y","instant {[]} {[]}
","When the resource version last changed","When the resource last changed - e.g. when the version changed.","This value is always populated except when the resource is first being created. The server / resource manager sets this value; what a client provides is irrelevant.","","","","","","","","",,,,,"",,,,"",0,null,"",""
"RelatedPerson.meta.profile","","","",0,*,"","","Y","uri {[]} {[]}
","Profiles this resource claims to conform to","A list of profiles (references to [StructureDefinition](structuredefinition.html#) resources) that this resource claims to conform to. The URL is a reference to [StructureDefinition.url]().","It is up to the server and/or other infrastructure of policy to determine whether/how these claims are verified and/or updated over time.  The list of profile URLs is a set.","","","","","","","","",,,,,"",,,,"",0,null,"",""
"RelatedPerson.meta.security","","","",0,*,"","","Y","Coding {[]} {[]}
","Security Labels applied to this resource","Security labels applied to this resource. These tags connect specific resources to the overall security policy and infrastructure.","The security labels can be updated without changing the stated version of the resource  The list of security labels is a set. Uniqueness is based the system/code, and version and display are ignored.","","","","","","","","",,"extensible","Security Labels from the Healthcare Privacy and Security Classification System.","http://hl7.org/fhir/ValueSet/security-labels","",,,,"",0,null,"",""
"RelatedPerson.meta.tag","","","",0,*,"","","Y","Coding {[]} {[]}
","Tags applied to this resource","Tags applied to this resource. Tags are intended to be used to identify and relate resources to process and workflow, and applications are not required to consider the tags when interpreting the meaning of a resource.","The tags can be updated without changing the stated version of the resource.  The list of tags is a set. Uniqueness is based the system/code, and version and display are ignored.","","","","","","","","",,"example","Codes that represent various types of tags, commonly workflow-related; e.g. ""Needs review by Dr. Jones""","http://hl7.org/fhir/ValueSet/common-tags","",,,,"",0,null,"",""
"RelatedPerson.implicitRules","","","",0,1,"","Y","Y","uri {[]} {[]}
","A set of rules under which this content was created","A reference to a set of rules that were followed when the resource was constructed, and which must be understood when processing the content.","Asserting this rule set restricts the content to be only understood by a limited set of trading partners. This inherently limits the usefulness of the data in the long term. However, the existing health eco-system is highly fractured, and not yet ready to define, collect, and exchange data in a generally computable sense. Wherever possible, implementers and/or specification writers should avoid using this element. 

This element is labelled as a modifier because the implicit rules may provide additional knowledge about the resource that modifies it's meaning or interpretation.","","","","","","","","",,,,,"",,,,"Resource.implicitRules",0,1,"",""
"RelatedPerson.language","","","",0,1,"","","","code {[]} {[]}
","Language of the resource content","The base language in which the resource is written.","Language is provided to support indexing and accessibility (typically, services such as text to speech use the language tag). The html language tag in the narrative applies  to the narrative. The language tag on the resource may be used to specify the language of other presentations generated from the data in the resource  Not all the content has to be in the base language. The Resource.language should not be assumed to apply to the narrative automatically. If a language is specified, it should it also be specified on the div element in the html (see rules in HTML5 for information about the relationship between xml:lang and the html lang attribute).","","","","","","","","",,"extensible","A human language.","http://hl7.org/fhir/ValueSet/languages","",,,,"Resource.language",0,1,"",""
"RelatedPerson.text","","narrative
htmlxhtmldisplay","",0,1,"","","","Narrative {[]} {[]}
","Text summary of the resource, for human interpretation","A human-readable narrative that contains a summary of the resource, and may be used to represent the content of the resource to a human. The narrative need not encode all the structured data, but is required to contain sufficient detail to make it ""clinically safe"" for a human to just read the narrative. Resource definitions may define what content should be represented in the narrative to ensure clinical safety.","Contained resources do not have narrative. Resources that are not contained SHOULD have a narrative. In some cases, a resource may only have text with little or no additional discrete data (as long as all minOccurs=1 elements are satisfied).  This may be necessary for data from legacy systems where information is captured as a ""text blob"" or where text is additionally entered raw or narrated and encoded in formation is added later.","","","","","","","","",,,,,"",,,,"DomainResource.text",0,1,"dom-1
","","Act.text?"
"RelatedPerson.contained","","inline resources
anonymous resourcescontained resources","",0,*,"","","","Resource {[]} {[]}
","Contained, inline Resources","These resources do not have an independent existence apart from the resource that contains them - they cannot be identified independently, and nor can they have their own independent transaction scope.","This should never be done when the content can be identified properly, as once identification is lost, it is extremely difficult (and context dependent) to restore it again.","","","","","","","","",,,,,"",,,,"DomainResource.contained",0,*,"","","N/A"
"RelatedPerson.extension","","extensions
user content","",0,*,"","","","Extension {[]} {[]}
","Additional Content defined by implementations","May be used to represent additional information that is not part of the basic definition of the resource. In order to make the use of extensions safe and manageable, there is a strict set of governance  applied to the definition and use of extensions. Though any implementer is allowed to define an extension, there is a set of requirements that SHALL be met as part of the definition of the extension.","There can be no stigma associated with the use of extensions by any application, project, or standard - regardless of the institution or jurisdiction that uses or defines the extensions.  The use of extensions is what allows the FHIR specification to retain a core level of simplicity for everyone.","","","","","","","","",,,,,"","value:url}
","",,"open","DomainResource.extension",0,*,"","","N/A"
"RelatedPerson.extension","communication","","",0,*,"","","","Extension {[CanonicalType[http://hl7.org/fhir/us/shr/StructureDefinition/shr-core-Communication-extension]]} {[]}
","","Language used for communication by a human, either the subject of record, parent, or other involved person.","","","","","","","","","",,,,,"",,,,"DomainResource.extension",0,*,"",""
"RelatedPerson.modifierExtension","","extensions
user content","",0,*,"","Y","","Extension {[]} {[]}
","Extensions that cannot be ignored","May be used to represent additional information that is not part of the basic definition of the resource, and that modifies the understanding of the element that contains it. Usually modifier elements provide negation or qualification. In order to make the use of extensions safe and manageable, there is a strict set of governance applied to the definition and use of extensions. Though any implementer is allowed to define an extension, there is a set of requirements that SHALL be met as part of the definition of the extension. Applications processing a resource are required to check for modifier extensions.","There can be no stigma associated with the use of extensions by any application, project, or standard - regardless of the institution or jurisdiction that uses or defines the extensions.  The use of extensions is what allows the FHIR specification to retain a core level of simplicity for everyone.","","","","","","","","",,,,,"",,,,"DomainResource.modifierExtension",0,*,"","","N/A"
"RelatedPerson.identifier","","","",0,*,"","","Y","Identifier {[]} {[]}
","A human identifier for this person","Identifier for a person within a particular scope.","","People are known by a variety of ids. Some institutions maintain several, and most collect identifiers for exchange with other organizations concerning the patient. Examples are national person identifier and local identifier.","","","","","","","",,,,,"",,,,"",0,null,"","",".id","id","NK1-33"
"RelatedPerson.active","","","",0,1,"","Y","Y","boolean {[]} {[]}
","Whether this related person's record is in active use","Whether this related person record is in active use.","This element is labeled as a modifier because it may be used to mark that the resource was created in error.","Need to be able to mark a related person record as not to be used, such as if it was created in error.","<valueBoolean xmlns=""http://hl7.org/fhir"" value=""true""/>","","","","","","",,,,,"",,,,"",0,null,"","",".statusCode","status"
"RelatedPerson.patient","","","",1,1,"","","Y","Reference {[]} {[CanonicalType[http://hl7.org/fhir/us/shr/StructureDefinition/shr-core-Patient]]}
","The patient this person is related to","The patient this person is related to.","","We need to know which patient this RelatedPerson is related to.","","","","","","","",,,,,"",,,,"",0,null,"","","scoper[classCode=PSN|ANM and determinerCode='INSTANCE']/playedRole[classCode='PAT']/id","PID-3"
"RelatedPerson.relationship","","","",0,1,"","","Y","CodeableConcept {[]} {[]}
","The nature of the relationship","The nature of the relationship between a patient and the related person.","","We need to know the relationship with the patient since it influences the interpretation of the information attributed to this person.","","","","","","","",,"required","The nature of the relationship between a patient and the related person","http://hl7.org/fhir/ValueSet/relatedperson-relationshiptype","",,,,"",0,null,"","","code","class","NK1-3"
"RelatedPerson.name","","","",0,1,"","","Y","HumanName {[]} {[]}
","A name associated with the person","A name associated with the person.","","Related persons need to be identified by name, but it is uncommon to need details about multiple other names for that person.","","","","","","","",,,,,"",,,,"RelatedPerson.name",0,*,"","","name","NK1-2"
"RelatedPerson.telecom","","","",0,*,"","","Y","ContactPoint {[]} {[]}
","A contact detail for the person","A contact detail for the person, e.g. a telephone number or an email address.","Person may have multiple ways to be contacted with different uses or applicable periods.  May need to have options for contacting the person urgently, and also to help with identification.","People have (primary) ways to contact them in some way such as phone, email.","","","","","","","",,,,,"",,,,"",0,null,"","","telecom","NK1-5 / NK1-6 / NK1-40"
"RelatedPerson.gender","","","",0,1,"","","Y","code {[]} {[]}
","male | female | other | unknown","Administrative Gender - the gender that the person is considered to have for administration and record keeping purposes.","","Needed for identification of the person, in combination with (at least) name and birth date.","","","","","","","",,"required","The gender of a person used for administrative purposes.","http://hl7.org/fhir/ValueSet/administrative-gender","",,,,"",0,null,"","","administrativeGender","NK1-15"
"RelatedPerson.birthDate","","","",0,1,"","","Y","date {[]} {[]}
","The date on which the related person was born","The date on which the related person was born.","","","","","","","","","",,,,,"",,,,"",0,null,"","","player.birthTime"
"RelatedPerson.address","","","",0,*,"","","Y","Address {[]} {[]}
","Address where the related person can be contacted or visited","Address where the related person can be contacted or visited.","","Need to keep track where the related person can be contacted per postal mail or visited.","","","","","","","",,,,,"",,,,"",0,null,"","","addr","NK1-4"
"RelatedPerson.photo","","","",0,*,"","","","Attachment {[]} {[]}
","Image of the person","Image of the person.","","Many EHR systems have the capability to capture an image of persons. Fits with newer social media usage too.","","","","","","","",,,,,"",,,,"",0,null,"","","player[classCode='PSN' and determinerCode='INSTANCE']/desc","OBX-5 - needs a profile"
"RelatedPerson.period","","","",0,1,"","","","Period {[]} {[]}
","Period of time that this relationship is considered valid","The period of time that this relationship is considered to be valid. If there are no dates defined, then the interval is unknown.","","","","","","","","","",,,,,"",,,,"",0,null,"","",".effectiveTime","when.done"
