"Path","Slice Name","Alias(s)","Label","Min","Max","Must Support?","Is Modifier?","Is Summary?","Type(s)","Short","Definition","Comments","Requirements","Default Value","Meaning When Missing","Fixed Value","Pattern","Example","Minimum Value","Maximum Value","Maximum Length","Binding Strength","Binding Description","Binding Value Set","Code","Slicing Discriminator","Slicing Description","Slicing Ordered","Slicing Rules","Base Path","Base Min","Base Max","Condition(s)","Constraint(s)"
"shr-core-ServiceReasonReference-model","","","",0,*,"","","","","","Explanation/Justification for service or service","","","","","","","","","",,,,,"",,,,"shr-core-ServiceReasonReference-model",0,*,"",""
"shr-core-ServiceReasonReference-model.value[x]","","","",1,1,"","","","Reference {[]} {[CanonicalType[http://hl7.org/fhir/us/shr/StructureDefinition/shr-core-Condition-model], CanonicalType[http://hl7.org/fhir/us/shr/StructureDefinition/shr-core-Observation-model], CanonicalType[http://hl7.org/fhir/us/shr/StructureDefinition/shr-core-DiagnosticReport-model], CanonicalType[http://hl7.org/fhir/us/shr/StructureDefinition/shr-core-DocumentReference-model]]}
","Choice of types representing explanation/Justification for service or service","Choice of types representing explanation/Justification for service or service","","","","","","","","","",,,,,"","type:$this}
","",,"open","shr-core-ServiceReasonReference-model.value[x]",1,1,"",""
"shr-core-ServiceReasonReference-model.valueShr-core-DocumentReference-model","DocumentReference","","",1,1,"","","","Reference {[]} {[CanonicalType[http://hl7.org/fhir/us/shr/StructureDefinition/shr-core-DocumentReference-model]]}
","A reference to a document, used to describe a document that is made available to a healthcare system. A document is some sequence of bytes that is identifiable, establishes its own context (e.g., what subject, author, etc. can be displayed to the user), and has defined update management. The DocumentReference resource can be used with any document format that has a recognized mime type and that conforms to this definition.","A reference to a document, used to describe a document that is made available to a healthcare system. A document is some sequence of bytes that is identifiable, establishes its own context (e.g., what subject, author, etc. can be displayed to the user), and has defined update management. The DocumentReference resource can be used with any document format that has a recognized mime type and that conforms to this definition.","","","","","","","","","",,,,,"",,,,"shr-core-ServiceReasonReference-model.value[x]",1,1,"",""
"shr-core-ServiceReasonReference-model.valueShr-core-DiagnosticReport-model","DiagnosticReport","","",1,1,"","","","Reference {[]} {[CanonicalType[http://hl7.org/fhir/us/shr/StructureDefinition/shr-core-DiagnosticReport-model]]}
","DiagnosticReport","DiagnosticReport","","","","","","","","","",,,,,"",,,,"shr-core-ServiceReasonReference-model.value[x]",1,1,"",""
"shr-core-ServiceReasonReference-model.valueShr-core-Observation-model","Observation","","",1,1,"","","","Reference {[]} {[CanonicalType[http://hl7.org/fhir/us/shr/StructureDefinition/shr-core-Observation-model]]}
","Represents the result of evaluations (measurements, tests, or questions) that have been performed.","Represents the result of evaluations (measurements, tests, or questions) that have been performed.
Observation has a value representing the result (answer), or an DataAbsentReason indicating why the value is not present. Things observed about the subject can include social and behavioral factors, subjective and objective observations, and assessments.
For an Observation, the Code describes the aspect or property of the subject being observed or measured. The Code is the 'question code' that pairs to the 'answer' contained in the Value.","","","","","","","","","",,,,,"",,,,"shr-core-ServiceReasonReference-model.value[x]",1,1,"",""
"shr-core-ServiceReasonReference-model.valueShr-core-Condition-model","Condition","","",1,1,"","","","Reference {[]} {[CanonicalType[http://hl7.org/fhir/us/shr/StructureDefinition/shr-core-Condition-model]]}
","A condition that is or may be present in a subject. 'Condition' is interpreted broadly and could be a disorder, abnormality, problem, injury, complaint, functionality, illness, disease, ailment, sickness, affliction, upset, difficulty, disorder, symptom, worry, or trouble.","A condition that is or may be present in a subject. 'Condition' is interpreted broadly and could be a disorder, abnormality, problem, injury, complaint, functionality, illness, disease, ailment, sickness, affliction, upset, difficulty, disorder, symptom, worry, or trouble.
The Observation-based class, ConditionAbsent, should be used to describe conditions that are not present or negative findings.
SHR Condition uses the SHR BodyLocation structure that includes not only a code, but optional laterality, direction, clock direction, and distance. If included, the distance is measured from the location specified by the code, laterality, and direction.","","","","","","","","","",,,,,"",,,,"shr-core-ServiceReasonReference-model.value[x]",1,1,"",""
