<?xml version="1.0" encoding="UTF-8"?><StructureDefinition xmlns="http://hl7.org/fhir"><id value="shr-core-State-model"/><text><status value="generated"/><div xmlns="http://www.w3.org/1999/xhtml">
  <p><b>State Logical Model</b></p>
  <p>Sub-unit of a country with limited sovereignty in a federally organized country. A code may be used if codes are in common use (i.e. US 2 letter state codes). (Source: HL7 FHIR).</p>
</div></text><url value="http://hl7.org/fhir/us/odh/StructureDefinition/shr-core-State-model"/><identifier><system value="http://hl7.org/fhir/us/odh"/><value value="shr.core.State"/></identifier><version value="1.0.0"/><name value="State"/><title value="shr-core-State"/><status value="draft"/><date value="2019-05-08T00:00:00-04:00"/><publisher value="HL7"/><contact><telecom><system value="url"/><value value="http://standardhealthrecord.org"/></telecom></contact><description value="Sub-unit of a country with limited sovereignty in a federally organized country. A code may be used if codes are in common use (i.e. US 2 letter state codes). (Source: HL7 FHIR)."/><fhirVersion value="3.0.1"/><kind value="logical"/><abstract value="false"/><type value="shr-core-State-model"/><baseDefinition value="http://hl7.org/fhir/StructureDefinition/Element"/><derivation value="specialization"/><snapshot><element id="shr-core-State-model"><path value="shr-core-State-model"/><definition value="Sub-unit of a country with limited sovereignty in a federally organized country. A code may be used if codes are in common use (i.e. US 2 letter state codes). (Source: HL7 FHIR)."/><min value="0"/><max value="*"/><base><path value="shr-core-State-model"/><min value="0"/><max value="*"/></base><mustSupport value="false"/><isModifier value="false"/><isSummary value="false"/></element><element id="shr-core-State-model.value"><path value="shr-core-State-model.value"/><short value="String representing sub-unit of a country with limited sovereignty in a federally organized country. A code may be used if codes are in common use (i.e. US 2 letter state codes). (Source: HL7 FHIR)."/><definition value="String representing sub-unit of a country with limited sovereignty in a federally organized country. A code may be used if codes are in common use (i.e. US 2 letter state codes). (Source: HL7 FHIR)."/><min value="1"/><max value="1"/><base><path value="shr-core-State-model.value"/><min value="1"/><max value="1"/></base><type><code value="string"/></type><mustSupport value="false"/><isModifier value="false"/><isSummary value="false"/></element></snapshot><differential><element id="shr-core-State-model"><path value="shr-core-State-model"/><definition value="Sub-unit of a country with limited sovereignty in a federally organized country. A code may be used if codes are in common use (i.e. US 2 letter state codes). (Source: HL7 FHIR)."/><min value="0"/><max value="*"/><base><path value="shr-core-State-model"/><min value="0"/><max value="*"/></base><mustSupport value="false"/><isModifier value="false"/><isSummary value="false"/></element><element id="shr-core-State-model.value"><path value="shr-core-State-model.value"/><short value="String representing sub-unit of a country with limited sovereignty in a federally organized country. A code may be used if codes are in common use (i.e. US 2 letter state codes). (Source: HL7 FHIR)."/><definition value="String representing sub-unit of a country with limited sovereignty in a federally organized country. A code may be used if codes are in common use (i.e. US 2 letter state codes). (Source: HL7 FHIR)."/><min value="1"/><max value="1"/><base><path value="shr-core-State-model.value"/><min value="1"/><max value="1"/></base><type><code value="string"/></type><mustSupport value="false"/><isModifier value="false"/><isSummary value="false"/></element></differential></StructureDefinition>