<?xml version="1.0" encoding="UTF-8"?><StructureDefinition xmlns="http://hl7.org/fhir"><id value="shr-core-OccurrenceTimeOrPeriod-model"/><text><status value="generated"/><div xmlns="http://www.w3.org/1999/xhtml">
  <p><b>OccurrenceTimeOrPeriod Logical Model</b></p>
  <p>The point in time or span of time in which something happens.</p>
</div></text><url value="http://hl7.org/fhir/us/shr/StructureDefinition/shr-core-OccurrenceTimeOrPeriod-model"/><identifier><system value="http://hl7.org/fhir/us/odh"/><value value="shr.core.OccurrenceTimeOrPeriod"/></identifier><version value="1.0.0"/><name value="OccurrenceTimeOrPeriod"/><title value="shr-core-OccurrenceTimeOrPeriod"/><status value="draft"/><date value="2019-04-08T00:00:00-04:00"/><publisher value="HL7"/><contact><telecom><system value="url"/><value value="http://standardhealthrecord.org"/></telecom></contact><description value="The point in time or span of time in which something happens."/><fhirVersion value="3.0.1"/><kind value="logical"/><abstract value="false"/><type value="shr-core-OccurrenceTimeOrPeriod-model"/><baseDefinition value="http://hl7.org/fhir/StructureDefinition/Element"/><derivation value="specialization"/><snapshot><element id="shr-core-OccurrenceTimeOrPeriod-model"><path value="shr-core-OccurrenceTimeOrPeriod-model"/><definition value="The point in time or span of time in which something happens."/><min value="0"/><max value="*"/><base><path value="shr-core-OccurrenceTimeOrPeriod-model"/><min value="0"/><max value="*"/></base><mustSupport value="false"/><isModifier value="false"/><isSummary value="false"/></element><element id="shr-core-OccurrenceTimeOrPeriod-model.value[x]"><path value="shr-core-OccurrenceTimeOrPeriod-model.value[x]"/><short value="Choice of types representing the point in time or span of time in which something happens."/><definition value="Choice of types representing the point in time or span of time in which something happens."/><min value="1"/><max value="1"/><base><path value="shr-core-OccurrenceTimeOrPeriod-model.value[x]"/><min value="1"/><max value="1"/></base><type><code value="date"/></type><type><code value="dateTime"/></type><type><code value="http://hl7.org/fhir/us/shr/StructureDefinition/shr-core-TimePeriod-model"/></type><mustSupport value="false"/><isModifier value="false"/><isSummary value="false"/></element></snapshot><differential><element id="shr-core-OccurrenceTimeOrPeriod-model"><path value="shr-core-OccurrenceTimeOrPeriod-model"/><definition value="The point in time or span of time in which something happens."/><min value="0"/><max value="*"/><base><path value="shr-core-OccurrenceTimeOrPeriod-model"/><min value="0"/><max value="*"/></base><mustSupport value="false"/><isModifier value="false"/><isSummary value="false"/></element><element id="shr-core-OccurrenceTimeOrPeriod-model.value[x]"><path value="shr-core-OccurrenceTimeOrPeriod-model.value[x]"/><short value="Choice of types representing the point in time or span of time in which something happens."/><definition value="Choice of types representing the point in time or span of time in which something happens."/><min value="1"/><max value="1"/><base><path value="shr-core-OccurrenceTimeOrPeriod-model.value[x]"/><min value="1"/><max value="1"/></base><type><code value="date"/></type><type><code value="dateTime"/></type><type><code value="http://hl7.org/fhir/us/shr/StructureDefinition/shr-core-TimePeriod-model"/></type><mustSupport value="false"/><isModifier value="false"/><isSummary value="false"/></element></differential></StructureDefinition>