<?xml version="1.0" encoding="UTF-8"?><StructureDefinition xmlns="http://hl7.org/fhir"><id value="shr-core-EpisodeOfCare"/><text><status value="generated"/><div xmlns="http://www.w3.org/1999/xhtml">
  <p><b>EpisodeOfCare Profile</b></p>
  <p>An association between a patient and an organization / healthcare provider(s) during which time encounters may occur. The managing organization assumes a level of responsibility for the patient during this time.</p>
  <p><b>Mapping Summary</b></p>
  <p><pre>shr.core.EpisodeOfCare maps to EpisodeOfCare:
  Language maps to language
  Narrative maps to text
  ImplicitRules maps to implicitRules
  Metadata.VersionId maps to meta.versionId
  Metadata.Profile maps to meta.profile
  Metadata.LastUpdated maps to meta.lastUpdated
  Metadata.SecurityLabel maps to meta.security
  Metadata.Tag maps to meta.tag
  Identifier maps to identifier
  Status maps to status
  StatusHistory maps to statusHistory
  StatusHistory.Status maps to statusHistory.status
  StatusHistory.TimePeriod maps to statusHistory.period
  Type maps to type
  EncounterDiagnosis maps to diagnosis
  EncounterDiagnosis.DiagnosisCode maps to diagnosis.extension
  EncounterDiagnosis.Condition maps to diagnosis.condition
  EncounterDiagnosis.Type maps to diagnosis.role
  EncounterDiagnosis.PriorityRank maps to diagnosis.rank
  PatientSubjectOfRecord maps to patient
  Organization maps to managingOrganization
  TimePeriod maps to period
  ReferralRequest maps to referralRequest
  CareManager maps to careManager
</pre></p>
</div></text><url value="http://hl7.org/fhir/us/shr/StructureDefinition/shr-core-EpisodeOfCare"/><identifier><system value="http://hl7.org/fhir/us/odh"/><value value="shr.core.EpisodeOfCare"/></identifier><version value="1.0.0"/><name value="EpisodeOfCare"/><title value="shr-core-EpisodeOfCare"/><status value="draft"/><date value="2019-03-30T00:00:00-04:00"/><publisher value="HL7"/><contact><telecom><system value="url"/><value value="http://standardhealthrecord.org"/></telecom></contact><description value="An association between a patient and an organization / healthcare provider(s) during which time encounters may occur. The managing organization assumes a level of responsibility for the patient during this time."/><fhirVersion value="3.0.1"/><mapping><identity value="rim"/><uri value="http://hl7.org/v3"/><name value="RIM Mapping"/></mapping><mapping><identity value="w5"/><uri value="http://hl7.org/fhir/w5"/><name value="W5 Mapping"/></mapping><kind value="resource"/><abstract value="false"/><type value="EpisodeOfCare"/><baseDefinition value="http://hl7.org/fhir/StructureDefinition/EpisodeOfCare"/><derivation value="constraint"/><snapshot><element id="EpisodeOfCare:shr-core-EpisodeOfCare"><path value="EpisodeOfCare"/><short value="shr-core-EpisodeOfCare"/><definition value="An association between a patient and an organization / healthcare provider(s) during which time encounters may occur. The managing organization assumes a level of responsibility for the patient during this time."/><alias value="Case Program Problem"/><min value="0"/><max value="*"/><constraint><key value="dom-2"/><severity value="error"/><human value="If the resource is contained in another resource, it SHALL NOT contain nested Resources"/><expression value="contained.contained.empty()"/><xpath value="not(parent::f:contained and f:contained)"/><source value="DomainResource"/></constraint><constraint><key value="dom-1"/><severity value="error"/><human value="If the resource is contained in another resource, it SHALL NOT contain any narrative"/><expression value="contained.text.empty()"/><xpath value="not(parent::f:contained and f:text)"/><source value="DomainResource"/></constraint><constraint><key value="dom-4"/><severity value="error"/><human value="If a resource is contained in another resource, it SHALL NOT have a meta.versionId or a meta.lastUpdated"/><expression value="contained.meta.versionId.empty() and contained.meta.lastUpdated.empty()"/><xpath value="not(exists(f:contained/*/f:meta/f:versionId)) and not(exists(f:contained/*/f:meta/f:lastUpdated))"/><source value="DomainResource"/></constraint><constraint><key value="dom-3"/><severity value="error"/><human value="If the resource is contained in another resource, it SHALL be referred to from elsewhere in the resource"/><expression value="contained.where((&#39;#&#39;+id in %resource.descendants().reference).not()).empty()"/><xpath value="not(exists(for $id in f:contained/*/@id return $id[not(ancestor::f:contained/parent::*/descendant::f:reference/@value=concat(&#39;#&#39;, $id))]))"/><source value="DomainResource"/></constraint><mapping><identity value="rim"/><map value="Entity. Role, or Act"/></mapping><mapping><identity value="rim"/><map value="n/a"/></mapping><mapping><identity value="w5"/><map value="workflow.encounter"/></mapping></element><element id="EpisodeOfCare:shr-core-EpisodeOfCare.id"><path value="EpisodeOfCare.id"/><short value="Logical id of this artifact"/><definition value="The logical id of the resource, as used in the URL for the resource. Once assigned, this value never changes."/><comment value="The only time that a resource does not have an id is when it is being submitted to the server using a create operation."/><min value="0"/><max value="1"/><base><path value="Resource.id"/><min value="0"/><max value="1"/></base><type><code value="id"/></type><isSummary value="true"/></element><element id="EpisodeOfCare:shr-core-EpisodeOfCare.meta"><path value="EpisodeOfCare.meta"/><short value="Metadata about the resource"/><definition value="The metadata about the resource. This is content that is maintained by the infrastructure. Changes to the content may not always be associated with version changes to the resource."/><min value="0"/><max value="1"/><base><path value="Resource.meta"/><min value="0"/><max value="1"/></base><type><code value="Meta"/></type><isSummary value="true"/></element><element id="EpisodeOfCare:shr-core-EpisodeOfCare.meta.id"><path value="EpisodeOfCare.meta.id"/><representation value="xmlAttr"/><short value="xml:id (or equivalent in JSON)"/><definition value="unique id for the element within a resource (for internal references). This may be any string value that does not contain spaces."/><min value="0"/><max value="1"/><base><path value="Element.id"/><min value="0"/><max value="1"/></base><type><code value="string"/></type><mapping><identity value="rim"/><map value="n/a"/></mapping></element><element id="EpisodeOfCare:shr-core-EpisodeOfCare.meta.extension"><path value="EpisodeOfCare.meta.extension"/><slicing><discriminator><type value="value"/><path value="url"/></discriminator><description value="Extensions are always sliced by (at least) url"/><rules value="open"/></slicing><short value="Additional Content defined by implementations"/><definition value="May be used to represent additional information that is not part of the basic definition of the element. In order to make the use of extensions safe and manageable, there is a strict set of governance  applied to the definition and use of extensions. Though any implementer is allowed to define an extension, there is a set of requirements that SHALL be met as part of the definition of the extension."/><comment value="There can be no stigma associated with the use of extensions by any application, project, or standard - regardless of the institution or jurisdiction that uses or defines the extensions.  The use of extensions is what allows the FHIR specification to retain a core level of simplicity for everyone."/><alias value="extensions"/><alias value="user content"/><min value="0"/><max value="*"/><base><path value="Element.extension"/><min value="0"/><max value="*"/></base><type><code value="Extension"/></type><mapping><identity value="rim"/><map value="n/a"/></mapping></element><element id="EpisodeOfCare:shr-core-EpisodeOfCare.meta.versionId"><path value="EpisodeOfCare.meta.versionId"/><short value="Version specific identifier"/><definition value="The version specific identifier, as it appears in the version portion of the URL. This values changes when the resource is created, updated, or deleted."/><comment value="The server assigns this value, and ignores what the client specifies, except in the case that the server is imposing version integrity on updates/deletes."/><min value="0"/><max value="1"/><type><code value="id"/></type><isSummary value="true"/></element><element id="EpisodeOfCare:shr-core-EpisodeOfCare.meta.lastUpdated"><path value="EpisodeOfCare.meta.lastUpdated"/><short value="When the resource version last changed"/><definition value="When the resource last changed - e.g. when the version changed."/><comment value="This value is always populated except when the resource is first being created. The server / resource manager sets this value; what a client provides is irrelevant."/><min value="0"/><max value="1"/><type><code value="instant"/></type><isSummary value="true"/></element><element id="EpisodeOfCare:shr-core-EpisodeOfCare.meta.profile"><path value="EpisodeOfCare.meta.profile"/><short value="Profiles this resource claims to conform to"/><definition value="A list of profiles (references to [StructureDefinition](structuredefinition.html#) resources) that this resource claims to conform to. The URL is a reference to [StructureDefinition.url]()."/><comment value="It is up to the server and/or other infrastructure of policy to determine whether/how these claims are verified and/or updated over time.  The list of profile URLs is a set."/><min value="0"/><max value="*"/><type><code value="uri"/></type><isSummary value="true"/></element><element id="EpisodeOfCare:shr-core-EpisodeOfCare.meta.security"><path value="EpisodeOfCare.meta.security"/><short value="Security Labels applied to this resource"/><definition value="Security labels applied to this resource. These tags connect specific resources to the overall security policy and infrastructure."/><comment value="The security labels can be updated without changing the stated version of the resource  The list of security labels is a set. Uniqueness is based the system/code, and version and display are ignored."/><min value="0"/><max value="*"/><type><code value="Coding"/></type><isSummary value="true"/><binding><extension url="http://hl7.org/fhir/StructureDefinition/elementdefinition-bindingName"><valueString value="SecurityLabels"/></extension><extension url="http://hl7.org/fhir/StructureDefinition/elementdefinition-isCommonBinding"><valueBoolean value="true"/></extension><strength value="extensible"/><description value="Security Labels from the Healthcare Privacy and Security Classification System."/><valueSetReference><reference value="http://hl7.org/fhir/ValueSet/security-labels"/></valueSetReference></binding></element><element id="EpisodeOfCare:shr-core-EpisodeOfCare.meta.tag"><path value="EpisodeOfCare.meta.tag"/><short value="Tags applied to this resource"/><definition value="Tags applied to this resource. Tags are intended to be used to identify and relate resources to process and workflow, and applications are not required to consider the tags when interpreting the meaning of a resource."/><comment value="The tags can be updated without changing the stated version of the resource.  The list of tags is a set. Uniqueness is based the system/code, and version and display are ignored."/><min value="0"/><max value="*"/><type><code value="Coding"/></type><isSummary value="true"/><binding><extension url="http://hl7.org/fhir/StructureDefinition/elementdefinition-bindingName"><valueString value="Tags"/></extension><strength value="example"/><description value="Codes that represent various types of tags, commonly workflow-related; e.g. &quot;Needs review by Dr. Jones&quot;"/><valueSetReference><reference value="http://hl7.org/fhir/ValueSet/common-tags"/></valueSetReference></binding></element><element id="EpisodeOfCare:shr-core-EpisodeOfCare.implicitRules"><path value="EpisodeOfCare.implicitRules"/><short value="A set of rules under which this content was created"/><definition value="A reference to a set of rules that were followed when the resource was constructed, and which must be understood when processing the content."/><comment value="Asserting this rule set restricts the content to be only understood by a limited set of trading partners. This inherently limits the usefulness of the data in the long term. However, the existing health eco-system is highly fractured, and not yet ready to define, collect, and exchange data in a generally computable sense. Wherever possible, implementers and/or specification writers should avoid using this element. &#xA;&#xA;This element is labelled as a modifier because the implicit rules may provide additional knowledge about the resource that modifies it&#39;s meaning or interpretation."/><min value="0"/><max value="1"/><base><path value="Resource.implicitRules"/><min value="0"/><max value="1"/></base><type><code value="uri"/></type><isModifier value="true"/><isSummary value="true"/></element><element id="EpisodeOfCare:shr-core-EpisodeOfCare.language"><path value="EpisodeOfCare.language"/><short value="Language of the resource content"/><definition value="The base language in which the resource is written."/><comment value="Language is provided to support indexing and accessibility (typically, services such as text to speech use the language tag). The html language tag in the narrative applies  to the narrative. The language tag on the resource may be used to specify the language of other presentations generated from the data in the resource  Not all the content has to be in the base language. The Resource.language should not be assumed to apply to the narrative automatically. If a language is specified, it should it also be specified on the div element in the html (see rules in HTML5 for information about the relationship between xml:lang and the html lang attribute)."/><min value="0"/><max value="1"/><base><path value="Resource.language"/><min value="0"/><max value="1"/></base><type><code value="code"/></type><binding><extension url="http://hl7.org/fhir/StructureDefinition/elementdefinition-maxValueSet"><valueReference><reference value="http://hl7.org/fhir/ValueSet/all-languages"/></valueReference></extension><extension url="http://hl7.org/fhir/StructureDefinition/elementdefinition-bindingName"><valueString value="Language"/></extension><extension url="http://hl7.org/fhir/StructureDefinition/elementdefinition-isCommonBinding"><valueBoolean value="true"/></extension><strength value="extensible"/><description value="A human language."/><valueSetReference><reference value="http://hl7.org/fhir/ValueSet/languages"/></valueSetReference></binding></element><element id="EpisodeOfCare:shr-core-EpisodeOfCare.text"><path value="EpisodeOfCare.text"/><short value="Text summary of the resource, for human interpretation"/><definition value="A human-readable narrative that contains a summary of the resource, and may be used to represent the content of the resource to a human. The narrative need not encode all the structured data, but is required to contain sufficient detail to make it &quot;clinically safe&quot; for a human to just read the narrative. Resource definitions may define what content should be represented in the narrative to ensure clinical safety."/><comment value="Contained resources do not have narrative. Resources that are not contained SHOULD have a narrative. In some cases, a resource may only have text with little or no additional discrete data (as long as all minOccurs=1 elements are satisfied).  This may be necessary for data from legacy systems where information is captured as a &quot;text blob&quot; or where text is additionally entered raw or narrated and encoded in formation is added later."/><alias value="narrative"/><alias value="html"/><alias value="xhtml"/><alias value="display"/><min value="0"/><max value="1"/><base><path value="DomainResource.text"/><min value="0"/><max value="1"/></base><type><code value="Narrative"/></type><condition value="dom-1"/><mapping><identity value="rim"/><map value="Act.text?"/></mapping></element><element id="EpisodeOfCare:shr-core-EpisodeOfCare.contained"><path value="EpisodeOfCare.contained"/><short value="Contained, inline Resources"/><definition value="These resources do not have an independent existence apart from the resource that contains them - they cannot be identified independently, and nor can they have their own independent transaction scope."/><comment value="This should never be done when the content can be identified properly, as once identification is lost, it is extremely difficult (and context dependent) to restore it again."/><alias value="inline resources"/><alias value="anonymous resources"/><alias value="contained resources"/><min value="0"/><max value="*"/><base><path value="DomainResource.contained"/><min value="0"/><max value="*"/></base><type><code value="Resource"/></type><mapping><identity value="rim"/><map value="N/A"/></mapping></element><element id="EpisodeOfCare:shr-core-EpisodeOfCare.extension"><path value="EpisodeOfCare.extension"/><short value="Additional Content defined by implementations"/><definition value="May be used to represent additional information that is not part of the basic definition of the resource. In order to make the use of extensions safe and manageable, there is a strict set of governance  applied to the definition and use of extensions. Though any implementer is allowed to define an extension, there is a set of requirements that SHALL be met as part of the definition of the extension."/><comment value="There can be no stigma associated with the use of extensions by any application, project, or standard - regardless of the institution or jurisdiction that uses or defines the extensions.  The use of extensions is what allows the FHIR specification to retain a core level of simplicity for everyone."/><alias value="extensions"/><alias value="user content"/><min value="0"/><max value="*"/><base><path value="DomainResource.extension"/><min value="0"/><max value="*"/></base><type><code value="Extension"/></type><mapping><identity value="rim"/><map value="N/A"/></mapping></element><element id="EpisodeOfCare:shr-core-EpisodeOfCare.modifierExtension"><path value="EpisodeOfCare.modifierExtension"/><short value="Extensions that cannot be ignored"/><definition value="May be used to represent additional information that is not part of the basic definition of the resource, and that modifies the understanding of the element that contains it. Usually modifier elements provide negation or qualification. In order to make the use of extensions safe and manageable, there is a strict set of governance applied to the definition and use of extensions. Though any implementer is allowed to define an extension, there is a set of requirements that SHALL be met as part of the definition of the extension. Applications processing a resource are required to check for modifier extensions."/><comment value="There can be no stigma associated with the use of extensions by any application, project, or standard - regardless of the institution or jurisdiction that uses or defines the extensions.  The use of extensions is what allows the FHIR specification to retain a core level of simplicity for everyone."/><alias value="extensions"/><alias value="user content"/><min value="0"/><max value="*"/><base><path value="DomainResource.modifierExtension"/><min value="0"/><max value="*"/></base><type><code value="Extension"/></type><isModifier value="true"/><mapping><identity value="rim"/><map value="N/A"/></mapping></element><element id="EpisodeOfCare:shr-core-EpisodeOfCare.identifier"><path value="EpisodeOfCare.identifier"/><short value="Business Identifier(s) relevant for this EpisodeOfCare"/><definition value="The EpisodeOfCare may be known by different identifiers for different contexts of use, such as when an external agency is tracking the Episode for funding purposes."/><min value="0"/><max value="*"/><type><code value="Identifier"/></type><mapping><identity value="w5"/><map value="id"/></mapping></element><element id="EpisodeOfCare:shr-core-EpisodeOfCare.status"><path value="EpisodeOfCare.status"/><short value="planned | waitlist | active | onhold | finished | cancelled | entered-in-error"/><definition value="planned | waitlist | active | onhold | finished | cancelled."/><comment value="This element is labeled as a modifier because the status contains codes that mark the episode as not currently valid."/><min value="1"/><max value="1"/><type><code value="code"/></type><isModifier value="true"/><isSummary value="true"/><binding><extension url="http://hl7.org/fhir/StructureDefinition/elementdefinition-bindingName"><valueString value="EpisodeOfCareStatus"/></extension><strength value="required"/><description value="The status of the episode of care."/><valueSetReference><reference value="http://hl7.org/fhir/ValueSet/episode-of-care-status"/></valueSetReference></binding><mapping><identity value="w5"/><map value="status"/></mapping></element><element id="EpisodeOfCare:shr-core-EpisodeOfCare.statusHistory"><path value="EpisodeOfCare.statusHistory"/><short value="Past list of status codes (the current status may be included to cover the start date of the status)"/><definition value="The history of statuses that the EpisodeOfCare has been through (without requiring processing the history of the resource)."/><min value="0"/><max value="*"/><type><code value="BackboneElement"/></type><constraint><key value="ele-1"/><severity value="error"/><human value="All FHIR elements must have a @value or children"/><expression value="hasValue() | (children().count() &gt; id.count())"/><xpath value="@value|f:*|h:div"/><source value="Element"/></constraint></element><element id="EpisodeOfCare:shr-core-EpisodeOfCare.statusHistory.id"><path value="EpisodeOfCare.statusHistory.id"/><representation value="xmlAttr"/><short value="xml:id (or equivalent in JSON)"/><definition value="unique id for the element within a resource (for internal references). This may be any string value that does not contain spaces."/><min value="0"/><max value="1"/><base><path value="Element.id"/><min value="0"/><max value="1"/></base><type><code value="string"/></type><mapping><identity value="rim"/><map value="n/a"/></mapping></element><element id="EpisodeOfCare:shr-core-EpisodeOfCare.statusHistory.extension"><path value="EpisodeOfCare.statusHistory.extension"/><short value="Additional Content defined by implementations"/><definition value="May be used to represent additional information that is not part of the basic definition of the element. In order to make the use of extensions safe and manageable, there is a strict set of governance  applied to the definition and use of extensions. Though any implementer is allowed to define an extension, there is a set of requirements that SHALL be met as part of the definition of the extension."/><comment value="There can be no stigma associated with the use of extensions by any application, project, or standard - regardless of the institution or jurisdiction that uses or defines the extensions.  The use of extensions is what allows the FHIR specification to retain a core level of simplicity for everyone."/><alias value="extensions"/><alias value="user content"/><min value="0"/><max value="*"/><base><path value="Element.extension"/><min value="0"/><max value="*"/></base><type><code value="Extension"/></type><mapping><identity value="rim"/><map value="n/a"/></mapping></element><element id="EpisodeOfCare:shr-core-EpisodeOfCare.statusHistory.modifierExtension"><path value="EpisodeOfCare.statusHistory.modifierExtension"/><short value="Extensions that cannot be ignored"/><definition value="May be used to represent additional information that is not part of the basic definition of the element, and that modifies the understanding of the element that contains it. Usually modifier elements provide negation or qualification. In order to make the use of extensions safe and manageable, there is a strict set of governance applied to the definition and use of extensions. Though any implementer is allowed to define an extension, there is a set of requirements that SHALL be met as part of the definition of the extension. Applications processing a resource are required to check for modifier extensions."/><comment value="There can be no stigma associated with the use of extensions by any application, project, or standard - regardless of the institution or jurisdiction that uses or defines the extensions.  The use of extensions is what allows the FHIR specification to retain a core level of simplicity for everyone."/><alias value="extensions"/><alias value="user content"/><alias value="modifiers"/><min value="0"/><max value="*"/><base><path value="BackboneElement.modifierExtension"/><min value="0"/><max value="*"/></base><type><code value="Extension"/></type><isModifier value="true"/><isSummary value="true"/><mapping><identity value="rim"/><map value="N/A"/></mapping></element><element id="EpisodeOfCare:shr-core-EpisodeOfCare.statusHistory.status"><path value="EpisodeOfCare.statusHistory.status"/><short value="planned | waitlist | active | onhold | finished | cancelled | entered-in-error"/><definition value="planned | waitlist | active | onhold | finished | cancelled."/><min value="1"/><max value="1"/><type><code value="code"/></type><binding><extension url="http://hl7.org/fhir/StructureDefinition/elementdefinition-bindingName"><valueString value="EpisodeOfCareStatus"/></extension><strength value="required"/><description value="The status of the episode of care."/><valueSetReference><reference value="http://hl7.org/fhir/ValueSet/episode-of-care-status"/></valueSetReference></binding></element><element id="EpisodeOfCare:shr-core-EpisodeOfCare.statusHistory.period"><path value="EpisodeOfCare.statusHistory.period"/><short value="Duration the EpisodeOfCare was in the specified status"/><definition value="The period during this EpisodeOfCare that the specific status applied."/><min value="1"/><max value="1"/><type><code value="Period"/></type></element><element id="EpisodeOfCare:shr-core-EpisodeOfCare.type"><path value="EpisodeOfCare.type"/><short value="Type/class  - e.g. specialist referral, disease management"/><definition value="A classification of the type of episode of care; e.g. specialist referral, disease management, type of funded care."/><comment value="The type can be very important in processing as this could be used in determining if the EpisodeOfCare is relevant to specific government reporting, or other types of classifications."/><min value="0"/><max value="*"/><type><code value="CodeableConcept"/></type><isSummary value="true"/><binding><extension url="http://hl7.org/fhir/StructureDefinition/elementdefinition-bindingName"><valueString value="EpisodeOfCareType"/></extension><strength value="example"/><description value="The type of the episode of care"/><valueSetReference><reference value="http://hl7.org/fhir/ValueSet/episodeofcare-type"/></valueSetReference></binding><mapping><identity value="w5"/><map value="class"/></mapping></element><element id="EpisodeOfCare:shr-core-EpisodeOfCare.diagnosis"><extension url="http://hl7.org/fhir/StructureDefinition/structuredefinition-explicit-type-name"><valueString value="Diagnosis"/></extension><path value="EpisodeOfCare.diagnosis"/><short value="The list of diagnosis relevant to this episode of care"/><definition value="The list of diagnosis relevant to this episode of care."/><min value="0"/><max value="*"/><type><code value="BackboneElement"/></type><constraint><key value="ele-1"/><severity value="error"/><human value="All FHIR elements must have a @value or children"/><expression value="hasValue() | (children().count() &gt; id.count())"/><xpath value="@value|f:*|h:div"/><source value="Element"/></constraint><isSummary value="true"/></element><element id="EpisodeOfCare:shr-core-EpisodeOfCare.diagnosis.id"><path value="EpisodeOfCare.diagnosis.id"/><representation value="xmlAttr"/><short value="xml:id (or equivalent in JSON)"/><definition value="unique id for the element within a resource (for internal references). This may be any string value that does not contain spaces."/><min value="0"/><max value="1"/><base><path value="Element.id"/><min value="0"/><max value="1"/></base><type><code value="string"/></type><mapping><identity value="rim"/><map value="n/a"/></mapping></element><element id="EpisodeOfCare:shr-core-EpisodeOfCare.diagnosis.extension"><path value="EpisodeOfCare.diagnosis.extension"/><slicing id="1"><discriminator><type value="value"/><path value="url"/></discriminator><ordered value="false"/><rules value="open"/></slicing><short value="Additional Content defined by implementations"/><definition value="May be used to represent additional information that is not part of the basic definition of the element. In order to make the use of extensions safe and manageable, there is a strict set of governance  applied to the definition and use of extensions. Though any implementer is allowed to define an extension, there is a set of requirements that SHALL be met as part of the definition of the extension."/><comment value="There can be no stigma associated with the use of extensions by any application, project, or standard - regardless of the institution or jurisdiction that uses or defines the extensions.  The use of extensions is what allows the FHIR specification to retain a core level of simplicity for everyone."/><alias value="extensions"/><alias value="user content"/><min value="0"/><max value="*"/><base><path value="Element.extension"/><min value="0"/><max value="*"/></base><type><code value="Extension"/></type><mapping><identity value="rim"/><map value="n/a"/></mapping></element><element id="EpisodeOfCare:shr-core-EpisodeOfCare.diagnosis.extension:diagnosiscode"><path value="EpisodeOfCare.diagnosis.extension"/><sliceName value="diagnosiscode"/><definition value="Codes for a diagnosis."/><min value="0"/><max value="*"/><base><path value="Element.extension"/><min value="0"/><max value="*"/></base><type><code value="Extension"/><profile value="http://hl7.org/fhir/us/shr/StructureDefinition/shr-core-DiagnosisCode-extension"/></type></element><element id="EpisodeOfCare:shr-core-EpisodeOfCare.diagnosis.modifierExtension"><path value="EpisodeOfCare.diagnosis.modifierExtension"/><short value="Extensions that cannot be ignored"/><definition value="May be used to represent additional information that is not part of the basic definition of the element, and that modifies the understanding of the element that contains it. Usually modifier elements provide negation or qualification. In order to make the use of extensions safe and manageable, there is a strict set of governance applied to the definition and use of extensions. Though any implementer is allowed to define an extension, there is a set of requirements that SHALL be met as part of the definition of the extension. Applications processing a resource are required to check for modifier extensions."/><comment value="There can be no stigma associated with the use of extensions by any application, project, or standard - regardless of the institution or jurisdiction that uses or defines the extensions.  The use of extensions is what allows the FHIR specification to retain a core level of simplicity for everyone."/><alias value="extensions"/><alias value="user content"/><alias value="modifiers"/><min value="0"/><max value="*"/><base><path value="BackboneElement.modifierExtension"/><min value="0"/><max value="*"/></base><type><code value="Extension"/></type><isModifier value="true"/><isSummary value="true"/><mapping><identity value="rim"/><map value="N/A"/></mapping></element><element id="EpisodeOfCare:shr-core-EpisodeOfCare.diagnosis.condition"><path value="EpisodeOfCare.diagnosis.condition"/><short value="Conditions/problems/diagnoses this episode of care is for"/><definition value="A list of conditions/problems/diagnoses that this episode of care is intended to be providing care for."/><min value="1"/><max value="1"/><type><code value="Reference"/><targetProfile value="http://hl7.org/fhir/us/shr/StructureDefinition/shr-core-Condition"/></type><isSummary value="true"/><mapping><identity value="w5"/><map value="what"/></mapping></element><element id="EpisodeOfCare:shr-core-EpisodeOfCare.diagnosis.role"><path value="EpisodeOfCare.diagnosis.role"/><short value="Role that this diagnosis has within the episode of care (e.g. admission, billing, discharge &#x2026;)"/><definition value="Role that this diagnosis has within the episode of care (e.g. admission, billing, discharge &#x2026;)."/><min value="0"/><max value="1"/><type><code value="CodeableConcept"/></type><isSummary value="true"/><binding><extension url="http://hl7.org/fhir/StructureDefinition/elementdefinition-bindingName"><valueString value="DiagnosisRole"/></extension><extension url="http://hl7.org/fhir/StructureDefinition/elementdefinition-isCommonBinding"><valueBoolean value="true"/></extension><strength value="preferred"/><description value="The type of diagnosis this condition represents"/><valueSetReference><reference value="http://hl7.org/fhir/ValueSet/diagnosis-role"/></valueSetReference></binding></element><element id="EpisodeOfCare:shr-core-EpisodeOfCare.diagnosis.rank"><path value="EpisodeOfCare.diagnosis.rank"/><short value="Ranking of the diagnosis (for each role type)"/><definition value="Ranking of the diagnosis (for each role type)."/><min value="0"/><max value="1"/><type><code value="positiveInt"/></type><isSummary value="true"/></element><element id="EpisodeOfCare:shr-core-EpisodeOfCare.patient"><path value="EpisodeOfCare.patient"/><short value="The patient who is the focus of this episode of care"/><definition value="The patient who is the focus of this episode of care."/><min value="1"/><max value="1"/><type><code value="Reference"/><targetProfile value="http://hl7.org/fhir/us/shr/StructureDefinition/shr-core-Patient"/></type><isSummary value="true"/><mapping><identity value="w5"/><map value="who.focus"/></mapping></element><element id="EpisodeOfCare:shr-core-EpisodeOfCare.managingOrganization"><path value="EpisodeOfCare.managingOrganization"/><short value="Organization that assumes care"/><definition value="The organization that has assumed the specific responsibilities for the specified duration."/><min value="0"/><max value="1"/><type><code value="Reference"/><targetProfile value="http://hl7.org/fhir/us/shr/StructureDefinition/shr-core-Organization"/></type><isSummary value="true"/></element><element id="EpisodeOfCare:shr-core-EpisodeOfCare.period"><path value="EpisodeOfCare.period"/><short value="Interval during responsibility is assumed"/><definition value="The interval during which the managing organization assumes the defined responsibility."/><min value="0"/><max value="1"/><type><code value="Period"/></type><isSummary value="true"/><mapping><identity value="w5"/><map value="when.init"/></mapping></element><element id="EpisodeOfCare:shr-core-EpisodeOfCare.referralRequest"><path value="EpisodeOfCare.referralRequest"/><short value="Originating Referral Request(s)"/><definition value="Referral Request(s) that are fulfilled by this EpisodeOfCare, incoming referrals."/><min value="0"/><max value="*"/><type><code value="Reference"/><targetProfile value="http://hl7.org/fhir/us/shr/StructureDefinition/shr-core-ReferralRequest"/></type></element><element id="EpisodeOfCare:shr-core-EpisodeOfCare.careManager"><path value="EpisodeOfCare.careManager"/><short value="Care manager/care co-ordinator for the patient"/><definition value="The practitioner that is the care manager/care co-ordinator for this patient."/><min value="0"/><max value="1"/><type><code value="Reference"/><targetProfile value="http://hl7.org/fhir/us/shr/StructureDefinition/shr-core-Practitioner"/></type></element><element id="EpisodeOfCare:shr-core-EpisodeOfCare.team"><path value="EpisodeOfCare.team"/><short value="Other practitioners facilitating this episode of care"/><definition value="The list of practitioners that may be facilitating this episode of care for specific purposes."/><alias value="CareTeam"/><min value="0"/><max value="*"/><type><code value="Reference"/><targetProfile value="http://hl7.org/fhir/StructureDefinition/CareTeam"/></type></element><element id="EpisodeOfCare:shr-core-EpisodeOfCare.account"><path value="EpisodeOfCare.account"/><short value="The set of accounts that may be used for billing for this EpisodeOfCare"/><definition value="The set of accounts that may be used for billing for this EpisodeOfCare."/><comment value="The billing system may choose to allocate billable items associated with the EpisodeOfCare to different referenced Accounts based on internal business rules."/><min value="0"/><max value="*"/><type><code value="Reference"/><targetProfile value="http://hl7.org/fhir/StructureDefinition/Account"/></type></element></snapshot><differential><element id="EpisodeOfCare:shr-core-EpisodeOfCare"><path value="EpisodeOfCare"/><short value="shr-core-EpisodeOfCare"/><definition value="An association between a patient and an organization / healthcare provider(s) during which time encounters may occur. The managing organization assumes a level of responsibility for the patient during this time."/></element><element id="EpisodeOfCare:shr-core-EpisodeOfCare.diagnosis"><path value="EpisodeOfCare.diagnosis"/></element><element id="EpisodeOfCare:shr-core-EpisodeOfCare.diagnosis.extension"><path value="EpisodeOfCare.diagnosis.extension"/><slicing id="1"><discriminator><type value="value"/><path value="url"/></discriminator><ordered value="false"/><rules value="open"/></slicing></element><element id="EpisodeOfCare:shr-core-EpisodeOfCare.diagnosis.extension:diagnosiscode"><path value="EpisodeOfCare.diagnosis.extension"/><sliceName value="diagnosiscode"/><definition value="Codes for a diagnosis."/><min value="0"/><max value="*"/><base><path value="Element.extension"/><min value="0"/><max value="*"/></base><type><code value="Extension"/><profile value="http://hl7.org/fhir/us/shr/StructureDefinition/shr-core-DiagnosisCode-extension"/></type></element><element id="EpisodeOfCare:shr-core-EpisodeOfCare.diagnosis.condition"><path value="EpisodeOfCare.diagnosis.condition"/><type><code value="Reference"/><targetProfile value="http://hl7.org/fhir/us/shr/StructureDefinition/shr-core-Condition"/></type></element><element id="EpisodeOfCare:shr-core-EpisodeOfCare.patient"><path value="EpisodeOfCare.patient"/><type><code value="Reference"/><targetProfile value="http://hl7.org/fhir/us/shr/StructureDefinition/shr-core-Patient"/></type></element><element id="EpisodeOfCare:shr-core-EpisodeOfCare.managingOrganization"><path value="EpisodeOfCare.managingOrganization"/><type><code value="Reference"/><targetProfile value="http://hl7.org/fhir/us/shr/StructureDefinition/shr-core-Organization"/></type></element><element id="EpisodeOfCare:shr-core-EpisodeOfCare.referralRequest"><path value="EpisodeOfCare.referralRequest"/><type><code value="Reference"/><targetProfile value="http://hl7.org/fhir/us/shr/StructureDefinition/shr-core-ReferralRequest"/></type></element><element id="EpisodeOfCare:shr-core-EpisodeOfCare.careManager"><path value="EpisodeOfCare.careManager"/><type><code value="Reference"/><targetProfile value="http://hl7.org/fhir/us/shr/StructureDefinition/shr-core-Practitioner"/></type></element></differential></StructureDefinition>