<?xml version="1.0" encoding="UTF-8"?><StructureDefinition xmlns="http://hl7.org/fhir"><id value="obf-Dosage"/><text><status value="generated"/><div xmlns="http://www.w3.org/1999/xhtml">
  <p><b>Dosage Profile</b></p>
  <p>The dosage of the medication. The data structure is flexible and can describe a dosage prescribed, administered, or reported.</p>
  <p><b>Mapping Summary</b></p>
  <p><pre>obf.Dosage maps to Dosage:
  DoseSequenceNumber maps to sequence
  InstructionText maps to text
  InstructionCode maps to additionalInstruction
  PatientInstruction maps to patientInstruction
  Timing maps to timing
  AsNeeded maps to asNeeded[x]
  AdministrationSite maps to site
  RouteIntoBody maps to route
  Method maps to method
  MaxDosePerPeriod maps to maxDosePerPeriod
  MaxDosePerAdministration maps to maxDosePerAdministration
  MaxDosePerLifetime maps to maxDosePerLifetime
  constrain doseAndRate to 0..1
  DoseAndRate.DoseAmount maps to doseAndRate.dose[x]
  DoseAndRate.DoseRate maps to doseAndRate.rate[x]
</pre></p>
</div></text><url value="http://hl7.org/fhir/us/odh/StructureDefinition/obf-Dosage"/><identifier><system value="http://hl7.org/fhir/us/odh"/><value value="obf.Dosage"/></identifier><version value="1.1.0"/><name value="Dosage"/><title value="obf-Dosage"/><status value="draft"/><date value="2019-06-21T00:00:00-04:00"/><publisher value="HL7"/><contact><telecom><system value="url"/><value value="http://standardhealthrecord.org"/></telecom></contact><description value="The dosage of the medication. The data structure is flexible and can describe a dosage prescribed, administered, or reported."/><fhirVersion value="4.0.0"/><mapping><identity value="rim"/><uri value="http://hl7.org/v3"/><name value="RIM Mapping"/></mapping><mapping><identity value="v2"/><uri value="http://hl7.org/v2"/><name value="HL7 v2 Mapping"/></mapping><kind value="complex-type"/><abstract value="false"/><type value="Dosage"/><baseDefinition value="http://hl7.org/fhir/StructureDefinition/Dosage"/><derivation value="constraint"/><snapshot><element id="Dosage:obf-Dosage"><extension url="http://hl7.org/fhir/StructureDefinition/structuredefinition-standards-status"><valueCode value="trial-use"/></extension><path value="Dosage"/><short value="obf-Dosage"/><definition value="The dosage of the medication. The data structure is flexible and can describe a dosage prescribed, administered, or reported."/><min value="0"/><max value="*"/><base><path value="Dosage"/><min value="0"/><max value="*"/></base><isModifier value="false"/><mapping><identity value="rim"/><map value="n/a"/></mapping><mapping><identity value="rim"/><map value=".outboundRelationship[typeCode=COMP].target[classCode=SBADM, moodCode=INT]"/></mapping></element><element id="Dosage:obf-Dosage.id"><path value="Dosage.id"/><representation value="xmlAttr"/><short value="Unique id for inter-element referencing"/><definition value="Unique id for the element within a resource (for internal references). This may be any string value that does not contain spaces."/><min value="0"/><max value="1"/><base><path value="Element.id"/><min value="0"/><max value="1"/></base><type><code value="string"/></type><isModifier value="false"/><isSummary value="false"/><mapping><identity value="rim"/><map value="n/a"/></mapping></element><element id="Dosage:obf-Dosage.extension"><path value="Dosage.extension"/><slicing><discriminator><type value="value"/><path value="url"/></discriminator><description value="Extensions are always sliced by (at least) url"/><rules value="open"/></slicing><short value="Additional content defined by implementations"/><definition value="May be used to represent additional information that is not part of the basic definition of the element. To make the use of extensions safe and manageable, there is a strict set of governance  applied to the definition and use of extensions. Though any implementer can define an extension, there is a set of requirements that SHALL be met as part of the definition of the extension."/><comment value="There can be no stigma associated with the use of extensions by any application, project, or standard - regardless of the institution or jurisdiction that uses or defines the extensions.  The use of extensions is what allows the FHIR specification to retain a core level of simplicity for everyone."/><alias value="extensions"/><alias value="user content"/><min value="0"/><max value="*"/><base><path value="Element.extension"/><min value="0"/><max value="*"/></base><type><code value="Extension"/></type><isModifier value="false"/><isSummary value="false"/><mapping><identity value="rim"/><map value="n/a"/></mapping></element><element id="Dosage:obf-Dosage.modifierExtension"><path value="Dosage.modifierExtension"/><short value="Extensions that cannot be ignored even if unrecognized"/><definition value="May be used to represent additional information that is not part of the basic definition of the element and that modifies the understanding of the element in which it is contained and/or the understanding of the containing element&#39;s descendants. Usually modifier elements provide negation or qualification. To make the use of extensions safe and manageable, there is a strict set of governance applied to the definition and use of extensions. Though any implementer can define an extension, there is a set of requirements that SHALL be met as part of the definition of the extension. Applications processing a resource are required to check for modifier extensions.&#xA;&#xA;Modifier extensions SHALL NOT change the meaning of any elements on Resource or DomainResource (including cannot change the meaning of modifierExtension itself)."/><comment value="There can be no stigma associated with the use of extensions by any application, project, or standard - regardless of the institution or jurisdiction that uses or defines the extensions.  The use of extensions is what allows the FHIR specification to retain a core level of simplicity for everyone."/><requirements value="Modifier extensions allow for extensions that *cannot* be safely ignored to be clearly distinguished from the vast majority of extensions which can be safely ignored.  This promotes interoperability by eliminating the need for implementers to prohibit the presence of extensions. For further information, see the [definition of modifier extensions](extensibility.html#modifierExtension)."/><alias value="extensions"/><alias value="user content"/><alias value="modifiers"/><min value="0"/><max value="*"/><base><path value="BackboneElement.modifierExtension"/><min value="0"/><max value="*"/></base><type><code value="Extension"/></type><isModifier value="true"/><isModifierReason value="Modifier extensions are expected to modify the meaning or interpretation of the element that contains them"/><isSummary value="true"/><mapping><identity value="rim"/><map value="N/A"/></mapping></element><element id="Dosage:obf-Dosage.sequence"><path value="Dosage.sequence"/><short value="The order of the dosage instructions"/><definition value="Indicates the order in which the dosage instructions should be applied or interpreted."/><requirements value="If the sequence number of multiple Dosages is the same, then it is implied that the instructions are to be treated as concurrent.  If the sequence number is different, then the Dosages are intended to be sequential."/><min value="0"/><max value="1"/><base><path value="Dosage.sequence"/><min value="0"/><max value="1"/></base><type><code value="integer"/></type><isModifier value="false"/><isSummary value="true"/><mapping><identity value="v2"/><map value="TQ1-1"/></mapping><mapping><identity value="rim"/><map value=".text"/></mapping></element><element id="Dosage:obf-Dosage.text"><path value="Dosage.text"/><short value="Free text dosage instructions e.g. SIG"/><definition value="Free text dosage instructions e.g. SIG."/><requirements value="Free text dosage instructions can be used for cases where the instructions are too complex to code.  The content of this attribute does not include the name or description of the medication. When coded instructions are present, the free text instructions may still be present for display to humans taking or administering the medication. It is expected that the text instructions will always be populated.  If the dosage.timing attribute is also populated, then the dosage.text should reflect the same information as the timing.  Additional information about administration or preparation of the medication should be included as text."/><min value="0"/><max value="1"/><base><path value="Dosage.text"/><min value="0"/><max value="1"/></base><type><code value="string"/></type><isModifier value="false"/><isSummary value="true"/><mapping><identity value="v2"/><map value="RXO-6; RXE-21"/></mapping><mapping><identity value="rim"/><map value=".text"/></mapping></element><element id="Dosage:obf-Dosage.additionalInstruction"><path value="Dosage.additionalInstruction"/><short value="Supplemental instruction or warnings to the patient - e.g. &quot;with meals&quot;, &quot;may cause drowsiness&quot;"/><definition value="Supplemental instructions to the patient on how to take the medication  (e.g. &quot;with meals&quot; or&quot;take half to one hour before food&quot;) or warnings for the patient about the medication (e.g. &quot;may cause drowsiness&quot; or &quot;avoid exposure of skin to direct sunlight or sunlamps&quot;)."/><comment value="Information about administration or preparation of the medication (e.g. &quot;infuse as rapidly as possibly via intraperitoneal port&quot; or &quot;immediately following drug x&quot;) should be populated in dosage.text."/><requirements value="Additional instruction is intended to be coded, but where no code exists, the element could include text.  For example, &quot;Swallow with plenty of water&quot; which might or might not be coded."/><min value="0"/><max value="*"/><base><path value="Dosage.additionalInstruction"/><min value="0"/><max value="*"/></base><type><code value="CodeableConcept"/></type><isModifier value="false"/><isSummary value="true"/><binding><extension url="http://hl7.org/fhir/StructureDefinition/elementdefinition-bindingName"><valueString value="AdditionalInstruction"/></extension><strength value="example"/><description value="A coded concept identifying additional instructions such as &quot;take with water&quot; or &quot;avoid operating heavy machinery&quot;."/><valueSet value="http://hl7.org/fhir/ValueSet/additional-instruction-codes"/></binding><mapping><identity value="v2"/><map value="RXO-7"/></mapping><mapping><identity value="rim"/><map value=".text"/></mapping></element><element id="Dosage:obf-Dosage.patientInstruction"><path value="Dosage.patientInstruction"/><short value="Patient or consumer oriented instructions"/><definition value="Instructions in terms that are understood by the patient or consumer."/><min value="0"/><max value="1"/><base><path value="Dosage.patientInstruction"/><min value="0"/><max value="1"/></base><type><code value="string"/></type><isModifier value="false"/><isSummary value="true"/><mapping><identity value="v2"/><map value="RXO-7"/></mapping><mapping><identity value="rim"/><map value=".text"/></mapping></element><element id="Dosage:obf-Dosage.timing"><path value="Dosage.timing"/><short value="When medication should be administered"/><definition value="When medication should be administered."/><comment value="This attribute might not always be populated while the Dosage.text is expected to be populated.  If both are populated, then the Dosage.text should reflect the content of the Dosage.timing."/><requirements value="The timing schedule for giving the medication to the patient. This  data type allows many different expressions. For example: &quot;Every 8 hours&quot;; &quot;Three times a day&quot;; &quot;1/2 an hour before breakfast for 10 days from 23-Dec 2011:&quot;; &quot;15 Oct 2013, 17 Oct 2013 and 1 Nov 2013&quot;.  Sometimes, a rate can imply duration when expressed as total volume / duration (e.g.  500mL/2 hours implies a duration of 2 hours).  However, when rate doesn&#39;t imply duration (e.g. 250mL/hour), then the timing.repeat.duration is needed to convey the infuse over time period."/><min value="0"/><max value="1"/><base><path value="Dosage.timing"/><min value="0"/><max value="1"/></base><type><code value="Timing"/><profile value="http://hl7.org/fhir/us/odh/StructureDefinition/shr-core-Timing"/></type><isModifier value="false"/><isSummary value="true"/><mapping><identity value="rim"/><map value=".effectiveTime"/></mapping></element><element id="Dosage:obf-Dosage.asNeeded[x]"><path value="Dosage.asNeeded[x]"/><short value="Take &quot;as needed&quot; (for x)"/><definition value="Indicates whether the Medication is only taken when needed within a specific dosing schedule (Boolean option), or it indicates the precondition for taking the Medication (CodeableConcept)."/><comment value="Can express &quot;as needed&quot; without a reason by setting the Boolean = True.  In this case the CodeableConcept is not populated.  Or you can express &quot;as needed&quot; with a reason by including the CodeableConcept.  In this case the Boolean is assumed to be True.  If you set the Boolean to False, then the dose is given according to the schedule and is not &quot;prn&quot; or &quot;as needed&quot;."/><min value="0"/><max value="1"/><base><path value="Dosage.asNeeded[x]"/><min value="0"/><max value="1"/></base><type><code value="boolean"/></type><type><code value="CodeableConcept"/></type><isModifier value="false"/><isSummary value="true"/><binding><extension url="http://hl7.org/fhir/StructureDefinition/elementdefinition-bindingName"><valueString value="MedicationAsNeededReason"/></extension><strength value="example"/><description value="A coded concept identifying the precondition that should be met or evaluated prior to consuming or administering a medication dose.  For example &quot;pain&quot;, &quot;30 minutes prior to sexual intercourse&quot;, &quot;on flare-up&quot; etc."/><valueSet value="http://hl7.org/fhir/ValueSet/medication-as-needed-reason"/></binding><mapping><identity value="v2"/><map value="TQ1-9"/></mapping><mapping><identity value="rim"/><map value=".outboundRelationship[typeCode=PRCN].target[classCode=OBS, moodCode=EVN, code=&quot;as needed&quot;].value=boolean or codable concept"/></mapping></element><element id="Dosage:obf-Dosage.site"><path value="Dosage.site"/><short value="Body site to administer to"/><definition value="Body site to administer to."/><comment value="If the use case requires attributes from the BodySite resource (e.g. to identify and track separately) then use the standard extension [bodySite](extension-bodysite.html).  May be a summary code, or a reference to a very precise definition of the location, or both."/><requirements value="A coded specification of the anatomic site where the medication first enters the body."/><min value="0"/><max value="1"/><base><path value="Dosage.site"/><min value="0"/><max value="1"/></base><type><code value="CodeableConcept"/></type><isModifier value="false"/><isSummary value="true"/><binding><strength value="example"/><valueSet value="http://hl7.org/fhir/us/odh/ValueSet/shr-core-BodyLocationVS"/></binding><mapping><identity value="v2"/><map value="RXR-2"/></mapping><mapping><identity value="rim"/><map value=".approachSiteCode"/></mapping></element><element id="Dosage:obf-Dosage.route"><path value="Dosage.route"/><short value="How drug should enter body"/><definition value="How drug should enter body."/><requirements value="A code specifying the route or physiological path of administration of a therapeutic agent into or onto a patient&#39;s body."/><min value="0"/><max value="1"/><base><path value="Dosage.route"/><min value="0"/><max value="1"/></base><type><code value="CodeableConcept"/></type><isModifier value="false"/><isSummary value="true"/><binding><extension url="http://hl7.org/fhir/StructureDefinition/elementdefinition-bindingName"><valueString value="RouteOfAdministration"/></extension><strength value="required"/><description value="A coded concept describing the route or physiological path of administration of a therapeutic agent into or onto the body of a subject."/><valueSet value="http://hl7.org/fhir/ValueSet/route-codes"/></binding><mapping><identity value="v2"/><map value="RXR-1"/></mapping><mapping><identity value="rim"/><map value=".routeCode"/></mapping></element><element id="Dosage:obf-Dosage.method"><path value="Dosage.method"/><short value="Technique for administering medication"/><definition value="Technique for administering medication."/><comment value="Terminologies used often pre-coordinate this term with the route and or form of administration."/><requirements value="A coded value indicating the method by which the medication is introduced into or onto the body. Most commonly used for injections.  For examples, Slow Push; Deep IV."/><min value="0"/><max value="1"/><base><path value="Dosage.method"/><min value="0"/><max value="1"/></base><type><code value="CodeableConcept"/></type><isModifier value="false"/><isSummary value="true"/><binding><extension url="http://hl7.org/fhir/StructureDefinition/elementdefinition-bindingName"><valueString value="MedicationAdministrationMethod"/></extension><strength value="preferred"/><description value="A coded concept describing the technique by which the medicine is administered."/><valueSet value="http://hl7.org/fhir/ValueSet/administration-method-codes"/></binding><mapping><identity value="v2"/><map value="RXR-4"/></mapping><mapping><identity value="rim"/><map value=".doseQuantity"/></mapping></element><element id="Dosage:obf-Dosage.doseAndRate"><path value="Dosage.doseAndRate"/><short value="Amount of medication administered"/><definition value="The amount of medication administered."/><min value="0"/><max value="1"/><base><path value="Dosage.doseAndRate"/><min value="0"/><max value="*"/></base><type><code value="Element"/></type><constraint><key value="ele-1"/><severity value="error"/><human value="All FHIR elements must have a @value or children"/><expression value="hasValue() or (children().count() &gt; id.count())"/><xpath value="@value|f:*|h:div"/><source value="Element"/></constraint><isModifier value="false"/><isSummary value="true"/><mapping><identity value="v2"/><map value="TQ1-2"/></mapping></element><element id="Dosage:obf-Dosage.maxDosePerPeriod"><path value="Dosage.maxDosePerPeriod"/><short value="Upper limit on medication per unit of time"/><definition value="Upper limit on medication per unit of time."/><comment value="This is intended for use as an adjunct to the dosage when there is an upper cap.  For example &quot;2 tablets every 4 hours to a maximum of 8/day&quot;."/><requirements value="The maximum total quantity of a therapeutic substance that may be administered to a subject over the period of time.  For example, 1000mg in 24 hours."/><min value="0"/><max value="1"/><base><path value="Dosage.maxDosePerPeriod"/><min value="0"/><max value="1"/></base><type><code value="Ratio"/></type><isModifier value="false"/><isSummary value="true"/><mapping><identity value="v2"/><map value="RXO-23, RXE-19"/></mapping><mapping><identity value="rim"/><map value=".maxDoseQuantity"/></mapping></element><element id="Dosage:obf-Dosage.maxDosePerAdministration"><path value="Dosage.maxDosePerAdministration"/><short value="Upper limit on medication per administration"/><definition value="Upper limit on medication per administration."/><comment value="This is intended for use as an adjunct to the dosage when there is an upper cap.  For example, a body surface area related dose with a maximum amount, such as 1.5 mg/m2 (maximum 2 mg) IV over 5 &#x2013; 10 minutes would have doseQuantity of 1.5 mg/m2 and maxDosePerAdministration of 2 mg."/><requirements value="The maximum total quantity of a therapeutic substance that may be administered to a subject per administration."/><min value="0"/><max value="1"/><base><path value="Dosage.maxDosePerAdministration"/><min value="0"/><max value="1"/></base><type><code value="Quantity"/><profile value="http://hl7.org/fhir/StructureDefinition/SimpleQuantity"/></type><isModifier value="false"/><isSummary value="true"/><mapping><identity value="rim"/><map value="not supported"/></mapping></element><element id="Dosage:obf-Dosage.maxDosePerLifetime"><path value="Dosage.maxDosePerLifetime"/><short value="Upper limit on medication per lifetime of the patient"/><definition value="Upper limit on medication per lifetime of the patient."/><requirements value="The maximum total quantity of a therapeutic substance that may be administered per lifetime of the subject."/><min value="0"/><max value="1"/><base><path value="Dosage.maxDosePerLifetime"/><min value="0"/><max value="1"/></base><type><code value="Quantity"/><profile value="http://hl7.org/fhir/StructureDefinition/SimpleQuantity"/></type><isModifier value="false"/><isSummary value="true"/><mapping><identity value="rim"/><map value="not supported"/></mapping></element></snapshot><differential><element id="Dosage:obf-Dosage"><path value="Dosage"/><short value="obf-Dosage"/><definition value="The dosage of the medication. The data structure is flexible and can describe a dosage prescribed, administered, or reported."/><isModifier value="false"/></element><element id="Dosage:obf-Dosage.timing"><path value="Dosage.timing"/><type><code value="Timing"/><profile value="http://hl7.org/fhir/us/odh/StructureDefinition/shr-core-Timing"/></type></element><element id="Dosage:obf-Dosage.site"><path value="Dosage.site"/><binding><strength value="example"/><valueSet value="http://hl7.org/fhir/us/odh/ValueSet/shr-core-BodyLocationVS"/></binding></element><element id="Dosage:obf-Dosage.route"><path value="Dosage.route"/><binding><extension url="http://hl7.org/fhir/StructureDefinition/elementdefinition-bindingName"><valueString value="RouteOfAdministration"/></extension><strength value="required"/><description value="A coded concept describing the route or physiological path of administration of a therapeutic agent into or onto the body of a subject."/><valueSet value="http://hl7.org/fhir/ValueSet/route-codes"/></binding></element><element id="Dosage:obf-Dosage.method"><path value="Dosage.method"/><binding><extension url="http://hl7.org/fhir/StructureDefinition/elementdefinition-bindingName"><valueString value="MedicationAdministrationMethod"/></extension><strength value="preferred"/><description value="A coded concept describing the technique by which the medicine is administered."/><valueSet value="http://hl7.org/fhir/ValueSet/administration-method-codes"/></binding></element><element id="Dosage:obf-Dosage.doseAndRate"><path value="Dosage.doseAndRate"/><min value="0"/><max value="1"/></element></differential></StructureDefinition>