<?xml version="1.0" encoding="UTF-8"?><StructureDefinition xmlns="http://hl7.org/fhir"><id value="shr-core-FamilyName-model"/><text><status value="generated"/><div xmlns="http://www.w3.org/1999/xhtml">
  <p><b>FamilyName Logical Model</b></p>
  <p>The portion of a person&#39;s name that reflects the genealogy of the person. In western cultures, this is the &#39;last&#39; name. In eastern cultures, the family name appears before the person&#39;s given name(s). In some cultures (e.g. Eritrea) the family name of a son is the first name of his father. (Source: HL7 V3).</p>
</div></text><url value="http://hl7.org/fhir/us/odh/StructureDefinition/shr-core-FamilyName-model"/><identifier><system value="http://hl7.org/fhir/us/odh"/><value value="shr.core.FamilyName"/></identifier><version value="1.0.0"/><name value="FamilyName"/><title value="shr-core-FamilyName"/><status value="draft"/><date value="2019-05-08T00:00:00-04:00"/><publisher value="HL7"/><contact><telecom><system value="url"/><value value="http://standardhealthrecord.org"/></telecom></contact><description value="The portion of a person&#39;s name that reflects the genealogy of the person. In western cultures, this is the &#39;last&#39; name. In eastern cultures, the family name appears before the person&#39;s given name(s). In some cultures (e.g. Eritrea) the family name of a son is the first name of his father. (Source: HL7 V3)."/><keyword><system value="http://loinc.org"/><code value="45394-4"/></keyword><fhirVersion value="3.0.1"/><kind value="logical"/><abstract value="false"/><type value="shr-core-FamilyName-model"/><baseDefinition value="http://hl7.org/fhir/StructureDefinition/Element"/><derivation value="specialization"/><snapshot><element id="shr-core-FamilyName-model"><path value="shr-core-FamilyName-model"/><definition value="The portion of a person&#39;s name that reflects the genealogy of the person. In western cultures, this is the &#39;last&#39; name. In eastern cultures, the family name appears before the person&#39;s given name(s). In some cultures (e.g. Eritrea) the family name of a son is the first name of his father. (Source: HL7 V3)."/><min value="0"/><max value="*"/><base><path value="shr-core-FamilyName-model"/><min value="0"/><max value="*"/></base><mustSupport value="false"/><isModifier value="false"/><isSummary value="false"/></element><element id="shr-core-FamilyName-model.value"><path value="shr-core-FamilyName-model.value"/><short value="String representing the portion of a person&#39;s name that reflects the genealogy of the person. In western cultures, this is the &#39;last&#39; name. In eastern cultures, the family name appears before the person&#39;s given name(s). In some cultures (e.g. Eritrea) the family name of a son is the first name of his father. (Source: HL7 V3)."/><definition value="String representing the portion of a person&#39;s name that reflects the genealogy of the person. In western cultures, this is the &#39;last&#39; name. In eastern cultures, the family name appears before the person&#39;s given name(s). In some cultures (e.g. Eritrea) the family name of a son is the first name of his father. (Source: HL7 V3)."/><min value="1"/><max value="1"/><base><path value="shr-core-FamilyName-model.value"/><min value="1"/><max value="1"/></base><type><code value="string"/></type><mustSupport value="false"/><isModifier value="false"/><isSummary value="false"/></element></snapshot><differential><element id="shr-core-FamilyName-model"><path value="shr-core-FamilyName-model"/><definition value="The portion of a person&#39;s name that reflects the genealogy of the person. In western cultures, this is the &#39;last&#39; name. In eastern cultures, the family name appears before the person&#39;s given name(s). In some cultures (e.g. Eritrea) the family name of a son is the first name of his father. (Source: HL7 V3)."/><min value="0"/><max value="*"/><base><path value="shr-core-FamilyName-model"/><min value="0"/><max value="*"/></base><mustSupport value="false"/><isModifier value="false"/><isSummary value="false"/></element><element id="shr-core-FamilyName-model.value"><path value="shr-core-FamilyName-model.value"/><short value="String representing the portion of a person&#39;s name that reflects the genealogy of the person. In western cultures, this is the &#39;last&#39; name. In eastern cultures, the family name appears before the person&#39;s given name(s). In some cultures (e.g. Eritrea) the family name of a son is the first name of his father. (Source: HL7 V3)."/><definition value="String representing the portion of a person&#39;s name that reflects the genealogy of the person. In western cultures, this is the &#39;last&#39; name. In eastern cultures, the family name appears before the person&#39;s given name(s). In some cultures (e.g. Eritrea) the family name of a son is the first name of his father. (Source: HL7 V3)."/><min value="1"/><max value="1"/><base><path value="shr-core-FamilyName-model.value"/><min value="1"/><max value="1"/></base><type><code value="string"/></type><mustSupport value="false"/><isModifier value="false"/><isSummary value="false"/></element></differential></StructureDefinition>