<?xml version="1.0" encoding="UTF-8"?><StructureDefinition xmlns="http://hl7.org/fhir"><id value="shr-core-Subrogation-model"/><text><status value="generated"/><div xmlns="http://www.w3.org/1999/xhtml">
  <p><b>Subrogation Logical Model</b></p>
  <p>Reimbursement to insurer. When &#39;subrogation=true&#39; this insurance instance has been included not for adjudication but to provide insurers with the details to recover costs.</p>
</div></text><url value="http://hl7.org/fhir/us/odh/StructureDefinition/shr-core-Subrogation-model"/><identifier><system value="http://hl7.org/fhir/us/odh"/><value value="shr.core.Subrogation"/></identifier><version value="1.0.0"/><name value="Subrogation"/><title value="shr-core-Subrogation"/><status value="draft"/><date value="2019-05-08T00:00:00-04:00"/><publisher value="HL7"/><contact><telecom><system value="url"/><value value="http://standardhealthrecord.org"/></telecom></contact><description value="Reimbursement to insurer. When &#39;subrogation=true&#39; this insurance instance has been included not for adjudication but to provide insurers with the details to recover costs."/><fhirVersion value="3.0.1"/><kind value="logical"/><abstract value="false"/><type value="shr-core-Subrogation-model"/><baseDefinition value="http://hl7.org/fhir/StructureDefinition/Element"/><derivation value="specialization"/><snapshot><element id="shr-core-Subrogation-model"><path value="shr-core-Subrogation-model"/><definition value="Reimbursement to insurer. When &#39;subrogation=true&#39; this insurance instance has been included not for adjudication but to provide insurers with the details to recover costs."/><min value="0"/><max value="*"/><base><path value="shr-core-Subrogation-model"/><min value="0"/><max value="*"/></base><mustSupport value="false"/><isModifier value="false"/><isSummary value="false"/></element><element id="shr-core-Subrogation-model.value"><path value="shr-core-Subrogation-model.value"/><short value="Boolean representing reimbursement to insurer. When &#39;subrogation=true&#39; this insurance instance has been included not for adjudication but to provide insurers with the details to recover costs."/><definition value="Boolean representing reimbursement to insurer. When &#39;subrogation=true&#39; this insurance instance has been included not for adjudication but to provide insurers with the details to recover costs."/><min value="1"/><max value="1"/><base><path value="shr-core-Subrogation-model.value"/><min value="1"/><max value="1"/></base><type><code value="boolean"/></type><mustSupport value="false"/><isModifier value="false"/><isSummary value="false"/></element></snapshot><differential><element id="shr-core-Subrogation-model"><path value="shr-core-Subrogation-model"/><definition value="Reimbursement to insurer. When &#39;subrogation=true&#39; this insurance instance has been included not for adjudication but to provide insurers with the details to recover costs."/><min value="0"/><max value="*"/><base><path value="shr-core-Subrogation-model"/><min value="0"/><max value="*"/></base><mustSupport value="false"/><isModifier value="false"/><isSummary value="false"/></element><element id="shr-core-Subrogation-model.value"><path value="shr-core-Subrogation-model.value"/><short value="Boolean representing reimbursement to insurer. When &#39;subrogation=true&#39; this insurance instance has been included not for adjudication but to provide insurers with the details to recover costs."/><definition value="Boolean representing reimbursement to insurer. When &#39;subrogation=true&#39; this insurance instance has been included not for adjudication but to provide insurers with the details to recover costs."/><min value="1"/><max value="1"/><base><path value="shr-core-Subrogation-model.value"/><min value="1"/><max value="1"/></base><type><code value="boolean"/></type><mustSupport value="false"/><isModifier value="false"/><isSummary value="false"/></element></differential></StructureDefinition>