<?xml version="1.0" encoding="UTF-8"?><StructureDefinition xmlns="http://hl7.org/fhir"><id value="shr-core-RelationToLandmark-model"/><text><status value="generated"/><div xmlns="http://www.w3.org/1999/xhtml">
  <p><b>RelationToLandmark Logical Model</b></p>
  <p>An anatomical landmark that helps determine a body location.</p>
</div></text><url value="http://hl7.org/fhir/us/shr/StructureDefinition/shr-core-RelationToLandmark-model"/><identifier><system value="http://hl7.org/fhir/us/odh"/><value value="shr.core.RelationToLandmark"/></identifier><version value="1.0.0"/><name value="RelationToLandmark"/><title value="shr-core-RelationToLandmark"/><status value="draft"/><date value="2019-04-08T00:00:00-04:00"/><publisher value="HL7"/><contact><telecom><system value="url"/><value value="http://standardhealthrecord.org"/></telecom></contact><description value="An anatomical landmark that helps determine a body location."/><fhirVersion value="3.0.1"/><kind value="logical"/><abstract value="false"/><type value="shr-core-RelationToLandmark-model"/><baseDefinition value="http://hl7.org/fhir/StructureDefinition/Element"/><derivation value="specialization"/><snapshot><element id="shr-core-RelationToLandmark-model"><path value="shr-core-RelationToLandmark-model"/><definition value="An anatomical landmark that helps determine a body location."/><min value="0"/><max value="*"/><base><path value="shr-core-RelationToLandmark-model"/><min value="0"/><max value="*"/></base><mustSupport value="false"/><isModifier value="false"/><isSummary value="false"/></element><element id="shr-core-RelationToLandmark-model.landmarkType"><path value="shr-core-RelationToLandmark-model.landmarkType"/><short value="The type of feature that constitutes the landmark, for example, particularly if the landmark is an acquired body structure or physical object."/><definition value="The type of feature that constitutes the landmark, for example, particularly if the landmark is an acquired body structure or physical object."/><min value="0"/><max value="1"/><base><path value="shr-core-RelationToLandmark-model.landmarkType"/><min value="0"/><max value="1"/></base><type><code value="Coding"/></type><mustSupport value="false"/><isModifier value="false"/><isSummary value="false"/><binding><strength value="extensible"/><valueSetReference><reference value="http://hl7.org/fhir/us/odh/shr/core/vs/LandmarkTypeVS"/></valueSetReference></binding></element><element id="shr-core-RelationToLandmark-model.landmarkLocation"><path value="shr-core-RelationToLandmark-model.landmarkLocation"/><short value="The body location of the landmark."/><definition value="The body location of the landmark."/><min value="0"/><max value="1"/><base><path value="shr-core-RelationToLandmark-model.landmarkLocation"/><min value="0"/><max value="1"/></base><type><code value="http://hl7.org/fhir/us/shr/StructureDefinition/shr-core-LandmarkLocation-model"/></type><mustSupport value="false"/><isModifier value="false"/><isSummary value="false"/></element><element id="shr-core-RelationToLandmark-model.landmarkToBodyLocationDirection[x]"><path value="shr-core-RelationToLandmark-model.landmarkToBodyLocationDirection[x]"/><short value="The direction from the landmark to the body location of interest."/><definition value="The direction from the landmark to the body location of interest."/><min value="0"/><max value="1"/><base><path value="shr-core-RelationToLandmark-model.landmarkToBodyLocationDirection[x]"/><min value="0"/><max value="1"/></base><type><code value="http://hl7.org/fhir/us/shr/StructureDefinition/shr-core-ClockFaceDirection-model"/></type><type><code value="http://hl7.org/fhir/us/shr/StructureDefinition/shr-core-AnatomicalDirection-model"/></type><mustSupport value="false"/><isModifier value="false"/><isSummary value="false"/></element><element id="shr-core-RelationToLandmark-model.landmarkToBodyLocationDistance"><path value="shr-core-RelationToLandmark-model.landmarkToBodyLocationDistance"/><short value="How far the anatomical location of interest is from the given landmark"/><definition value="How far the anatomical location of interest is from the given landmark"/><min value="0"/><max value="1"/><base><path value="shr-core-RelationToLandmark-model.landmarkToBodyLocationDistance"/><min value="0"/><max value="1"/></base><type><code value="http://hl7.org/fhir/us/shr/StructureDefinition/shr-core-Quantity-model"/></type><mustSupport value="false"/><isModifier value="false"/><isSummary value="false"/></element><element id="shr-core-RelationToLandmark-model.landmarkToBodyLocationDistance.number"><path value="shr-core-RelationToLandmark-model.landmarkToBodyLocationDistance.number"/><short value="A decimal value."/><definition value="A decimal value."/><min value="0"/><max value="1"/><base><path value="shr-core-RelationToLandmark-model.landmarkToBodyLocationDistance.number"/><min value="0"/><max value="1"/></base><type><code value="decimal"/></type><mustSupport value="false"/><isModifier value="false"/><isSummary value="false"/></element><element id="shr-core-RelationToLandmark-model.landmarkToBodyLocationDistance.comparator"><path value="shr-core-RelationToLandmark-model.landmarkToBodyLocationDistance.comparator"/><short value="A code indicated if the value represents an upper or lower bound"/><definition value="A code indicated if the value represents an upper or lower bound"/><min value="0"/><max value="1"/><base><path value="shr-core-RelationToLandmark-model.landmarkToBodyLocationDistance.comparator"/><min value="0"/><max value="1"/></base><type><code value="Coding"/></type><mustSupport value="false"/><isModifier value="false"/><isSummary value="false"/><binding><strength value="required"/><valueSetReference><reference value="http://hl7.org/fhir/ValueSet/quantity-comparator"/></valueSetReference></binding></element><element id="shr-core-RelationToLandmark-model.landmarkToBodyLocationDistance.units"><path value="shr-core-RelationToLandmark-model.landmarkToBodyLocationDistance.units"/><code><system value="http://ncimeta.nci.nih.gov"/><code value="C0805701"/></code><short value="The unit of measure of the quantity."/><definition value="The unit of measure of the quantity."/><min value="0"/><max value="1"/><base><path value="shr-core-RelationToLandmark-model.landmarkToBodyLocationDistance.units"/><min value="0"/><max value="1"/></base><type><code value="Coding"/></type><mustSupport value="false"/><isModifier value="false"/><isSummary value="false"/><binding><strength value="required"/><valueSetReference><reference value="http://hl7.org/fhir/us/odh/shr/core/vs/UnitsOfLengthVS"/></valueSetReference></binding></element></snapshot><differential><element id="shr-core-RelationToLandmark-model"><path value="shr-core-RelationToLandmark-model"/><definition value="An anatomical landmark that helps determine a body location."/><min value="0"/><max value="*"/><base><path value="shr-core-RelationToLandmark-model"/><min value="0"/><max value="*"/></base><mustSupport value="false"/><isModifier value="false"/><isSummary value="false"/></element><element id="shr-core-RelationToLandmark-model.landmarkType"><path value="shr-core-RelationToLandmark-model.landmarkType"/><short value="The type of feature that constitutes the landmark, for example, particularly if the landmark is an acquired body structure or physical object."/><definition value="The type of feature that constitutes the landmark, for example, particularly if the landmark is an acquired body structure or physical object."/><min value="0"/><max value="1"/><base><path value="shr-core-RelationToLandmark-model.landmarkType"/><min value="0"/><max value="1"/></base><type><code value="Coding"/></type><mustSupport value="false"/><isModifier value="false"/><isSummary value="false"/><binding><strength value="extensible"/><valueSetReference><reference value="http://hl7.org/fhir/us/odh/shr/core/vs/LandmarkTypeVS"/></valueSetReference></binding></element><element id="shr-core-RelationToLandmark-model.landmarkLocation"><path value="shr-core-RelationToLandmark-model.landmarkLocation"/><short value="The body location of the landmark."/><definition value="The body location of the landmark."/><min value="0"/><max value="1"/><base><path value="shr-core-RelationToLandmark-model.landmarkLocation"/><min value="0"/><max value="1"/></base><type><code value="http://hl7.org/fhir/us/shr/StructureDefinition/shr-core-LandmarkLocation-model"/></type><mustSupport value="false"/><isModifier value="false"/><isSummary value="false"/></element><element id="shr-core-RelationToLandmark-model.landmarkToBodyLocationDirection[x]"><path value="shr-core-RelationToLandmark-model.landmarkToBodyLocationDirection[x]"/><short value="The direction from the landmark to the body location of interest."/><definition value="The direction from the landmark to the body location of interest."/><min value="0"/><max value="1"/><base><path value="shr-core-RelationToLandmark-model.landmarkToBodyLocationDirection[x]"/><min value="0"/><max value="1"/></base><type><code value="http://hl7.org/fhir/us/shr/StructureDefinition/shr-core-ClockFaceDirection-model"/></type><type><code value="http://hl7.org/fhir/us/shr/StructureDefinition/shr-core-AnatomicalDirection-model"/></type><mustSupport value="false"/><isModifier value="false"/><isSummary value="false"/></element><element id="shr-core-RelationToLandmark-model.landmarkToBodyLocationDistance"><path value="shr-core-RelationToLandmark-model.landmarkToBodyLocationDistance"/><short value="How far the anatomical location of interest is from the given landmark"/><definition value="How far the anatomical location of interest is from the given landmark"/><min value="0"/><max value="1"/><base><path value="shr-core-RelationToLandmark-model.landmarkToBodyLocationDistance"/><min value="0"/><max value="1"/></base><type><code value="http://hl7.org/fhir/us/shr/StructureDefinition/shr-core-Quantity-model"/></type><mustSupport value="false"/><isModifier value="false"/><isSummary value="false"/></element><element id="shr-core-RelationToLandmark-model.landmarkToBodyLocationDistance.number"><path value="shr-core-RelationToLandmark-model.landmarkToBodyLocationDistance.number"/><short value="A decimal value."/><definition value="A decimal value."/><min value="0"/><max value="1"/><base><path value="shr-core-RelationToLandmark-model.landmarkToBodyLocationDistance.number"/><min value="0"/><max value="1"/></base><type><code value="decimal"/></type><mustSupport value="false"/><isModifier value="false"/><isSummary value="false"/></element><element id="shr-core-RelationToLandmark-model.landmarkToBodyLocationDistance.comparator"><path value="shr-core-RelationToLandmark-model.landmarkToBodyLocationDistance.comparator"/><short value="A code indicated if the value represents an upper or lower bound"/><definition value="A code indicated if the value represents an upper or lower bound"/><min value="0"/><max value="1"/><base><path value="shr-core-RelationToLandmark-model.landmarkToBodyLocationDistance.comparator"/><min value="0"/><max value="1"/></base><type><code value="Coding"/></type><mustSupport value="false"/><isModifier value="false"/><isSummary value="false"/><binding><strength value="required"/><valueSetReference><reference value="http://hl7.org/fhir/ValueSet/quantity-comparator"/></valueSetReference></binding></element><element id="shr-core-RelationToLandmark-model.landmarkToBodyLocationDistance.units"><path value="shr-core-RelationToLandmark-model.landmarkToBodyLocationDistance.units"/><code><system value="http://ncimeta.nci.nih.gov"/><code value="C0805701"/></code><short value="The unit of measure of the quantity."/><definition value="The unit of measure of the quantity."/><min value="0"/><max value="1"/><base><path value="shr-core-RelationToLandmark-model.landmarkToBodyLocationDistance.units"/><min value="0"/><max value="1"/></base><type><code value="Coding"/></type><mustSupport value="false"/><isModifier value="false"/><isSummary value="false"/><binding><strength value="required"/><valueSetReference><reference value="http://hl7.org/fhir/us/odh/shr/core/vs/UnitsOfLengthVS"/></valueSetReference></binding></element></differential></StructureDefinition>