<?xml version="1.0" encoding="UTF-8"?><StructureDefinition xmlns="http://hl7.org/fhir"><id value="shr-core-ClinicalStatement-model"/><text><status value="generated"/><div xmlns="http://www.w3.org/1999/xhtml">
  <p><b>ClinicalStatement Logical Model</b></p>
  <p>This abstract class provides properties and behaviors common to entries in a medical record. Patient and Encounter are ubiquitous in clinical statements. This class also allows for common representation of simple data provenance elements asserter, recorder, and creation date.</p>
</div></text><url value="http://hl7.org/fhir/us/shr/StructureDefinition/shr-core-ClinicalStatement-model"/><identifier><system value="http://hl7.org/fhir/us/odh"/><value value="shr.core.ClinicalStatement"/></identifier><version value="1.0.0"/><name value="ClinicalStatement"/><title value="shr-core-ClinicalStatement"/><status value="draft"/><date value="2019-04-08T00:00:00-04:00"/><publisher value="HL7"/><contact><telecom><system value="url"/><value value="http://standardhealthrecord.org"/></telecom></contact><description value="This abstract class provides properties and behaviors common to entries in a medical record. Patient and Encounter are ubiquitous in clinical statements. This class also allows for common representation of simple data provenance elements asserter, recorder, and creation date."/><fhirVersion value="3.0.1"/><kind value="logical"/><abstract value="false"/><type value="shr-core-ClinicalStatement-model"/><baseDefinition value="http://hl7.org/fhir/StructureDefinition/Element"/><derivation value="specialization"/><snapshot><element id="shr-core-ClinicalStatement-model"><path value="shr-core-ClinicalStatement-model"/><definition value="This abstract class provides properties and behaviors common to entries in a medical record. Patient and Encounter are ubiquitous in clinical statements. This class also allows for common representation of simple data provenance elements asserter, recorder, and creation date."/><min value="0"/><max value="*"/><base><path value="shr-core-ClinicalStatement-model"/><min value="0"/><max value="*"/></base><mustSupport value="false"/><isModifier value="false"/><isSummary value="false"/></element><element id="shr-core-ClinicalStatement-model.metadata"><path value="shr-core-ClinicalStatement-model.metadata"/><short value="Elements that belong to all information items."/><definition value="Elements that belong to all information items."/><min value="0"/><max value="1"/><base><path value="shr-core-ClinicalStatement-model.metadata"/><min value="0"/><max value="1"/></base><type><code value="http://hl7.org/fhir/us/shr/StructureDefinition/shr-core-Metadata-model"/></type><mustSupport value="false"/><isModifier value="false"/><isSummary value="false"/></element><element id="shr-core-ClinicalStatement-model.language"><path value="shr-core-ClinicalStatement-model.language"/><code><system value="http://ncimeta.nci.nih.gov"/><code value="C0023008"/></code><short value="A human language, spoken or written."/><definition value="A human language, spoken or written."/><min value="0"/><max value="1"/><base><path value="shr-core-ClinicalStatement-model.language"/><min value="0"/><max value="1"/></base><type><code value="Coding"/></type><mustSupport value="false"/><isModifier value="false"/><isSummary value="false"/></element><element id="shr-core-ClinicalStatement-model.implicitRules"><path value="shr-core-ClinicalStatement-model.implicitRules"/><short value="A set of rules under which this content was created"/><definition value="A set of rules under which this content was created"/><min value="0"/><max value="1"/><base><path value="shr-core-ClinicalStatement-model.implicitRules"/><min value="0"/><max value="1"/></base><type><code value="uri"/></type><mustSupport value="false"/><isModifier value="false"/><isSummary value="false"/></element><element id="shr-core-ClinicalStatement-model.narrative"><path value="shr-core-ClinicalStatement-model.narrative"/><short value="A human-readable narrative, potentially including images, that contains a summary of the resource, and may be used to represent the content of the resource to a human."/><definition value="A human-readable narrative, potentially including images, that contains a summary of the resource, and may be used to represent the content of the resource to a human."/><min value="0"/><max value="1"/><base><path value="shr-core-ClinicalStatement-model.narrative"/><min value="0"/><max value="1"/></base><type><code value="http://hl7.org/fhir/us/shr/StructureDefinition/shr-core-Narrative-model"/></type><mustSupport value="false"/><isModifier value="false"/><isSummary value="false"/></element><element id="shr-core-ClinicalStatement-model.status"><path value="shr-core-ClinicalStatement-model.status"/><short value="A state that relates to the workflow or interpretation of this resource. Certain status values can modify the meaning of the resource, for example, entered-in-error. When a boolean value is used, Status of true indicates the record is active, false means inactive."/><definition value="A state that relates to the workflow or interpretation of this resource. Certain status values can modify the meaning of the resource, for example, entered-in-error. When a boolean value is used, Status of true indicates the record is active, false means inactive."/><min value="0"/><max value="1"/><base><path value="shr-core-ClinicalStatement-model.status"/><min value="0"/><max value="1"/></base><type><code value="Coding"/></type><mustSupport value="false"/><isModifier value="false"/><isSummary value="false"/></element><element id="shr-core-ClinicalStatement-model.identifier"><path value="shr-core-ClinicalStatement-model.identifier"/><short value="Business identifier or external id for this resource."/><definition value="Business identifier or external id for this resource."/><min value="0"/><max value="*"/><base><path value="shr-core-ClinicalStatement-model.identifier"/><min value="0"/><max value="*"/></base><type><code value="http://hl7.org/fhir/us/shr/StructureDefinition/shr-core-Identifier-model"/></type><mustSupport value="false"/><isModifier value="false"/><isSummary value="false"/></element><element id="shr-core-ClinicalStatement-model.subjectOfRecord[x]"><path value="shr-core-ClinicalStatement-model.subjectOfRecord[x]"/><short value="The subject of a clinical statement, often called the Patient or the Subject. The SubjectOfRecord typically identifies the clinical record in which this statement is contained. If the statement should be in John Doe&#39;s patient record, then John Doe is the subject of record. When there is no patient, the SubjectOfRecord can also be a location, group, or other entity that statement pertains to. For example, observations concerning a hospital ward would have a Location as the SubjectOfRecord."/><definition value="The subject of a clinical statement, often called the Patient or the Subject. The SubjectOfRecord typically identifies the clinical record in which this statement is contained. If the statement should be in John Doe&#39;s patient record, then John Doe is the subject of record. When there is no patient, the SubjectOfRecord can also be a location, group, or other entity that statement pertains to. For example, observations concerning a hospital ward would have a Location as the SubjectOfRecord.&#xA;&#xA;Note that the word &#39;Subject&#39; is used here in the sense of a person or entity subjected to observations or actions, not subject as in a conceptual topic, like heart disease."/><min value="0"/><max value="1"/><base><path value="shr-core-ClinicalStatement-model.subjectOfRecord[x]"/><min value="0"/><max value="1"/></base><type><code value="Reference"/><targetProfile value="http://hl7.org/fhir/us/shr/StructureDefinition/shr-core-Patient-model"/></type><type><code value="Reference"/><targetProfile value="http://hl7.org/fhir/us/shr/StructureDefinition/shr-core-Practitioner-model"/></type><type><code value="Reference"/><targetProfile value="http://hl7.org/fhir/us/shr/StructureDefinition/shr-core-Group-model"/></type><type><code value="Reference"/><targetProfile value="http://hl7.org/fhir/us/shr/StructureDefinition/shr-core-Device-model"/></type><type><code value="Reference"/><targetProfile value="http://hl7.org/fhir/us/shr/StructureDefinition/shr-core-Specimen-model"/></type><type><code value="Reference"/><targetProfile value="http://hl7.org/fhir/us/shr/StructureDefinition/shr-core-Location-model"/></type><type><code value="Reference"/><targetProfile value="http://hl7.org/fhir/us/shr/StructureDefinition/shr-core-Medication-model"/></type><type><code value="Reference"/><targetProfile value="http://hl7.org/fhir/us/shr/StructureDefinition/shr-core-ResearchSubject-model"/></type><mustSupport value="false"/><isModifier value="false"/><isSummary value="false"/></element><element id="shr-core-ClinicalStatement-model.careContext[x]"><path value="shr-core-ClinicalStatement-model.careContext[x]"/><short value="The encounter or episode of care"/><definition value="The encounter or episode of care"/><min value="0"/><max value="1"/><base><path value="shr-core-ClinicalStatement-model.careContext[x]"/><min value="0"/><max value="1"/></base><type><code value="Reference"/><targetProfile value="http://hl7.org/fhir/us/shr/StructureDefinition/shr-core-Encounter-model"/></type><type><code value="Reference"/><targetProfile value="http://hl7.org/fhir/us/shr/StructureDefinition/shr-core-EpisodeOfCare-model"/></type><mustSupport value="false"/><isModifier value="false"/><isSummary value="false"/></element><element id="shr-core-ClinicalStatement-model.statementDateTime"><path value="shr-core-ClinicalStatement-model.statementDateTime"/><code><system value="http://ncimeta.nci.nih.gov"/><code value="C3669169"/></code><short value="The point in time when the statement was created."/><definition value="The point in time when the statement was created."/><min value="0"/><max value="1"/><base><path value="shr-core-ClinicalStatement-model.statementDateTime"/><min value="0"/><max value="1"/></base><type><code value="dateTime"/></type><mustSupport value="false"/><isModifier value="false"/><isSummary value="false"/></element></snapshot><differential><element id="shr-core-ClinicalStatement-model"><path value="shr-core-ClinicalStatement-model"/><definition value="This abstract class provides properties and behaviors common to entries in a medical record. Patient and Encounter are ubiquitous in clinical statements. This class also allows for common representation of simple data provenance elements asserter, recorder, and creation date."/><min value="0"/><max value="*"/><base><path value="shr-core-ClinicalStatement-model"/><min value="0"/><max value="*"/></base><mustSupport value="false"/><isModifier value="false"/><isSummary value="false"/></element><element id="shr-core-ClinicalStatement-model.metadata"><path value="shr-core-ClinicalStatement-model.metadata"/><short value="Elements that belong to all information items."/><definition value="Elements that belong to all information items."/><min value="0"/><max value="1"/><base><path value="shr-core-ClinicalStatement-model.metadata"/><min value="0"/><max value="1"/></base><type><code value="http://hl7.org/fhir/us/shr/StructureDefinition/shr-core-Metadata-model"/></type><mustSupport value="false"/><isModifier value="false"/><isSummary value="false"/></element><element id="shr-core-ClinicalStatement-model.language"><path value="shr-core-ClinicalStatement-model.language"/><code><system value="http://ncimeta.nci.nih.gov"/><code value="C0023008"/></code><short value="A human language, spoken or written."/><definition value="A human language, spoken or written."/><min value="0"/><max value="1"/><base><path value="shr-core-ClinicalStatement-model.language"/><min value="0"/><max value="1"/></base><type><code value="Coding"/></type><mustSupport value="false"/><isModifier value="false"/><isSummary value="false"/></element><element id="shr-core-ClinicalStatement-model.implicitRules"><path value="shr-core-ClinicalStatement-model.implicitRules"/><short value="A set of rules under which this content was created"/><definition value="A set of rules under which this content was created"/><min value="0"/><max value="1"/><base><path value="shr-core-ClinicalStatement-model.implicitRules"/><min value="0"/><max value="1"/></base><type><code value="uri"/></type><mustSupport value="false"/><isModifier value="false"/><isSummary value="false"/></element><element id="shr-core-ClinicalStatement-model.narrative"><path value="shr-core-ClinicalStatement-model.narrative"/><short value="A human-readable narrative, potentially including images, that contains a summary of the resource, and may be used to represent the content of the resource to a human."/><definition value="A human-readable narrative, potentially including images, that contains a summary of the resource, and may be used to represent the content of the resource to a human."/><min value="0"/><max value="1"/><base><path value="shr-core-ClinicalStatement-model.narrative"/><min value="0"/><max value="1"/></base><type><code value="http://hl7.org/fhir/us/shr/StructureDefinition/shr-core-Narrative-model"/></type><mustSupport value="false"/><isModifier value="false"/><isSummary value="false"/></element><element id="shr-core-ClinicalStatement-model.status"><path value="shr-core-ClinicalStatement-model.status"/><short value="A state that relates to the workflow or interpretation of this resource. Certain status values can modify the meaning of the resource, for example, entered-in-error. When a boolean value is used, Status of true indicates the record is active, false means inactive."/><definition value="A state that relates to the workflow or interpretation of this resource. Certain status values can modify the meaning of the resource, for example, entered-in-error. When a boolean value is used, Status of true indicates the record is active, false means inactive."/><min value="0"/><max value="1"/><base><path value="shr-core-ClinicalStatement-model.status"/><min value="0"/><max value="1"/></base><type><code value="Coding"/></type><mustSupport value="false"/><isModifier value="false"/><isSummary value="false"/></element><element id="shr-core-ClinicalStatement-model.identifier"><path value="shr-core-ClinicalStatement-model.identifier"/><short value="Business identifier or external id for this resource."/><definition value="Business identifier or external id for this resource."/><min value="0"/><max value="*"/><base><path value="shr-core-ClinicalStatement-model.identifier"/><min value="0"/><max value="*"/></base><type><code value="http://hl7.org/fhir/us/shr/StructureDefinition/shr-core-Identifier-model"/></type><mustSupport value="false"/><isModifier value="false"/><isSummary value="false"/></element><element id="shr-core-ClinicalStatement-model.subjectOfRecord[x]"><path value="shr-core-ClinicalStatement-model.subjectOfRecord[x]"/><short value="The subject of a clinical statement, often called the Patient or the Subject. The SubjectOfRecord typically identifies the clinical record in which this statement is contained. If the statement should be in John Doe&#39;s patient record, then John Doe is the subject of record. When there is no patient, the SubjectOfRecord can also be a location, group, or other entity that statement pertains to. For example, observations concerning a hospital ward would have a Location as the SubjectOfRecord."/><definition value="The subject of a clinical statement, often called the Patient or the Subject. The SubjectOfRecord typically identifies the clinical record in which this statement is contained. If the statement should be in John Doe&#39;s patient record, then John Doe is the subject of record. When there is no patient, the SubjectOfRecord can also be a location, group, or other entity that statement pertains to. For example, observations concerning a hospital ward would have a Location as the SubjectOfRecord.&#xA;&#xA;Note that the word &#39;Subject&#39; is used here in the sense of a person or entity subjected to observations or actions, not subject as in a conceptual topic, like heart disease."/><min value="0"/><max value="1"/><base><path value="shr-core-ClinicalStatement-model.subjectOfRecord[x]"/><min value="0"/><max value="1"/></base><type><code value="Reference"/><targetProfile value="http://hl7.org/fhir/us/shr/StructureDefinition/shr-core-Patient-model"/></type><type><code value="Reference"/><targetProfile value="http://hl7.org/fhir/us/shr/StructureDefinition/shr-core-Practitioner-model"/></type><type><code value="Reference"/><targetProfile value="http://hl7.org/fhir/us/shr/StructureDefinition/shr-core-Group-model"/></type><type><code value="Reference"/><targetProfile value="http://hl7.org/fhir/us/shr/StructureDefinition/shr-core-Device-model"/></type><type><code value="Reference"/><targetProfile value="http://hl7.org/fhir/us/shr/StructureDefinition/shr-core-Specimen-model"/></type><type><code value="Reference"/><targetProfile value="http://hl7.org/fhir/us/shr/StructureDefinition/shr-core-Location-model"/></type><type><code value="Reference"/><targetProfile value="http://hl7.org/fhir/us/shr/StructureDefinition/shr-core-Medication-model"/></type><type><code value="Reference"/><targetProfile value="http://hl7.org/fhir/us/shr/StructureDefinition/shr-core-ResearchSubject-model"/></type><mustSupport value="false"/><isModifier value="false"/><isSummary value="false"/></element><element id="shr-core-ClinicalStatement-model.careContext[x]"><path value="shr-core-ClinicalStatement-model.careContext[x]"/><short value="The encounter or episode of care"/><definition value="The encounter or episode of care"/><min value="0"/><max value="1"/><base><path value="shr-core-ClinicalStatement-model.careContext[x]"/><min value="0"/><max value="1"/></base><type><code value="Reference"/><targetProfile value="http://hl7.org/fhir/us/shr/StructureDefinition/shr-core-Encounter-model"/></type><type><code value="Reference"/><targetProfile value="http://hl7.org/fhir/us/shr/StructureDefinition/shr-core-EpisodeOfCare-model"/></type><mustSupport value="false"/><isModifier value="false"/><isSummary value="false"/></element><element id="shr-core-ClinicalStatement-model.statementDateTime"><path value="shr-core-ClinicalStatement-model.statementDateTime"/><code><system value="http://ncimeta.nci.nih.gov"/><code value="C3669169"/></code><short value="The point in time when the statement was created."/><definition value="The point in time when the statement was created."/><min value="0"/><max value="1"/><base><path value="shr-core-ClinicalStatement-model.statementDateTime"/><min value="0"/><max value="1"/></base><type><code value="dateTime"/></type><mustSupport value="false"/><isModifier value="false"/><isSummary value="false"/></element></differential></StructureDefinition>