<?xml version="1.0" encoding="UTF-8"?><StructureDefinition xmlns="http://hl7.org/fhir"><id value="shr-core-PriorityRankUnsignedInt-model"/><text><status value="generated"/><div xmlns="http://www.w3.org/1999/xhtml">
  <p><b>PriorityRankUnsignedInt Logical Model</b></p>
  <p>The priority of the procedure, as a number (1 being the highest priority)</p>
</div></text><url value="http://hl7.org/fhir/us/shr/StructureDefinition/shr-core-PriorityRankUnsignedInt-model"/><identifier><system value="http://hl7.org/fhir/us/odh"/><value value="shr.core.PriorityRankUnsignedInt"/></identifier><version value="1.0.0"/><name value="PriorityRankUnsignedInt"/><title value="shr-core-PriorityRankUnsignedInt"/><status value="draft"/><date value="2019-04-08T00:00:00-04:00"/><publisher value="HL7"/><contact><telecom><system value="url"/><value value="http://standardhealthrecord.org"/></telecom></contact><description value="The priority of the procedure, as a number (1 being the highest priority)"/><fhirVersion value="3.0.1"/><kind value="logical"/><abstract value="false"/><type value="shr-core-PriorityRankUnsignedInt-model"/><baseDefinition value="http://hl7.org/fhir/StructureDefinition/Element"/><derivation value="specialization"/><snapshot><element id="shr-core-PriorityRankUnsignedInt-model"><path value="shr-core-PriorityRankUnsignedInt-model"/><definition value="The priority of the procedure, as a number (1 being the highest priority)"/><min value="0"/><max value="*"/><base><path value="shr-core-PriorityRankUnsignedInt-model"/><min value="0"/><max value="*"/></base><mustSupport value="false"/><isModifier value="false"/><isSummary value="false"/></element><element id="shr-core-PriorityRankUnsignedInt-model.value"><path value="shr-core-PriorityRankUnsignedInt-model.value"/><short value="UnsignedInt representing the priority of the procedure, as a number (1 being the highest priority)"/><definition value="UnsignedInt representing the priority of the procedure, as a number (1 being the highest priority)"/><min value="1"/><max value="1"/><base><path value="shr-core-PriorityRankUnsignedInt-model.value"/><min value="1"/><max value="1"/></base><type><code value="unsignedInt"/></type><mustSupport value="false"/><isModifier value="false"/><isSummary value="false"/></element></snapshot><differential><element id="shr-core-PriorityRankUnsignedInt-model"><path value="shr-core-PriorityRankUnsignedInt-model"/><definition value="The priority of the procedure, as a number (1 being the highest priority)"/><min value="0"/><max value="*"/><base><path value="shr-core-PriorityRankUnsignedInt-model"/><min value="0"/><max value="*"/></base><mustSupport value="false"/><isModifier value="false"/><isSummary value="false"/></element><element id="shr-core-PriorityRankUnsignedInt-model.value"><path value="shr-core-PriorityRankUnsignedInt-model.value"/><short value="UnsignedInt representing the priority of the procedure, as a number (1 being the highest priority)"/><definition value="UnsignedInt representing the priority of the procedure, as a number (1 being the highest priority)"/><min value="1"/><max value="1"/><base><path value="shr-core-PriorityRankUnsignedInt-model.value"/><min value="1"/><max value="1"/></base><type><code value="unsignedInt"/></type><mustSupport value="false"/><isModifier value="false"/><isSummary value="false"/></element></differential></StructureDefinition>