<?xml version="1.0" encoding="UTF-8"?><StructureDefinition xmlns="http://hl7.org/fhir"><id value="shr-core-Metadata-model"/><text><status value="generated"/><div xmlns="http://www.w3.org/1999/xhtml">
  <p><b>Metadata Logical Model</b></p>
  <p>Elements that belong to all information items.</p>
</div></text><url value="http://hl7.org/fhir/us/shr/StructureDefinition/shr-core-Metadata-model"/><identifier><system value="http://hl7.org/fhir/us/odh"/><value value="shr.core.Metadata"/></identifier><version value="1.0.0"/><name value="Metadata"/><title value="shr-core-Metadata"/><status value="draft"/><date value="2019-04-08T00:00:00-04:00"/><publisher value="HL7"/><contact><telecom><system value="url"/><value value="http://standardhealthrecord.org"/></telecom></contact><description value="Elements that belong to all information items."/><fhirVersion value="3.0.1"/><kind value="logical"/><abstract value="false"/><type value="shr-core-Metadata-model"/><baseDefinition value="http://hl7.org/fhir/StructureDefinition/Element"/><derivation value="specialization"/><snapshot><element id="shr-core-Metadata-model"><path value="shr-core-Metadata-model"/><definition value="Elements that belong to all information items."/><min value="0"/><max value="*"/><base><path value="shr-core-Metadata-model"/><min value="0"/><max value="*"/></base><mustSupport value="false"/><isModifier value="false"/><isSummary value="false"/></element><element id="shr-core-Metadata-model.versionId"><path value="shr-core-Metadata-model.versionId"/><short value="An identifier associated with the product that denotes a particular release iteration."/><definition value="An identifier associated with the product that denotes a particular release iteration."/><min value="0"/><max value="1"/><base><path value="shr-core-Metadata-model.versionId"/><min value="0"/><max value="1"/></base><type><code value="id"/></type><mustSupport value="false"/><isModifier value="false"/><isSummary value="false"/></element><element id="shr-core-Metadata-model.lastUpdated"><path value="shr-core-Metadata-model.lastUpdated"/><short value="The most recent date the information item was changed."/><definition value="The most recent date the information item was changed."/><min value="0"/><max value="1"/><base><path value="shr-core-Metadata-model.lastUpdated"/><min value="0"/><max value="1"/></base><type><code value="dateTime"/></type><mustSupport value="false"/><isModifier value="false"/><isSummary value="false"/></element><element id="shr-core-Metadata-model.profile"><path value="shr-core-Metadata-model.profile"/><short value="The name of the FHIR profile this resource claims to conform to."/><definition value="The name of the FHIR profile this resource claims to conform to."/><min value="0"/><max value="*"/><base><path value="shr-core-Metadata-model.profile"/><min value="0"/><max value="*"/></base><type><code value="uri"/></type><mustSupport value="false"/><isModifier value="false"/><isSummary value="false"/></element><element id="shr-core-Metadata-model.securityLabel"><path value="shr-core-Metadata-model.securityLabel"/><code><system value="http://ncimeta.nci.nih.gov"/><code value="C3858779"/><display value="security classification"/></code><short value="A code that connects the entry to a security policy. Security labels can be updated when the resource changes, or whenever the security sub-system chooses to."/><definition value="A code that connects the entry to a security policy. Security labels can be updated when the resource changes, or whenever the security sub-system chooses to."/><min value="0"/><max value="*"/><base><path value="shr-core-Metadata-model.securityLabel"/><min value="0"/><max value="*"/></base><type><code value="Coding"/></type><mustSupport value="false"/><isModifier value="false"/><isSummary value="false"/></element><element id="shr-core-Metadata-model.tag"><path value="shr-core-Metadata-model.tag"/><code><system value="http://ncimeta.nci.nih.gov"/><code value="C4280044"/><display value="Metatags"/></code><short value="A code used to relate entries to categories or workflows. Applications are not required to consider the tags when interpreting the meaning of an entry."/><definition value="A code used to relate entries to categories or workflows. Applications are not required to consider the tags when interpreting the meaning of an entry."/><min value="0"/><max value="*"/><base><path value="shr-core-Metadata-model.tag"/><min value="0"/><max value="*"/></base><type><code value="Coding"/></type><mustSupport value="false"/><isModifier value="false"/><isSummary value="false"/></element></snapshot><differential><element id="shr-core-Metadata-model"><path value="shr-core-Metadata-model"/><definition value="Elements that belong to all information items."/><min value="0"/><max value="*"/><base><path value="shr-core-Metadata-model"/><min value="0"/><max value="*"/></base><mustSupport value="false"/><isModifier value="false"/><isSummary value="false"/></element><element id="shr-core-Metadata-model.versionId"><path value="shr-core-Metadata-model.versionId"/><short value="An identifier associated with the product that denotes a particular release iteration."/><definition value="An identifier associated with the product that denotes a particular release iteration."/><min value="0"/><max value="1"/><base><path value="shr-core-Metadata-model.versionId"/><min value="0"/><max value="1"/></base><type><code value="id"/></type><mustSupport value="false"/><isModifier value="false"/><isSummary value="false"/></element><element id="shr-core-Metadata-model.lastUpdated"><path value="shr-core-Metadata-model.lastUpdated"/><short value="The most recent date the information item was changed."/><definition value="The most recent date the information item was changed."/><min value="0"/><max value="1"/><base><path value="shr-core-Metadata-model.lastUpdated"/><min value="0"/><max value="1"/></base><type><code value="dateTime"/></type><mustSupport value="false"/><isModifier value="false"/><isSummary value="false"/></element><element id="shr-core-Metadata-model.profile"><path value="shr-core-Metadata-model.profile"/><short value="The name of the FHIR profile this resource claims to conform to."/><definition value="The name of the FHIR profile this resource claims to conform to."/><min value="0"/><max value="*"/><base><path value="shr-core-Metadata-model.profile"/><min value="0"/><max value="*"/></base><type><code value="uri"/></type><mustSupport value="false"/><isModifier value="false"/><isSummary value="false"/></element><element id="shr-core-Metadata-model.securityLabel"><path value="shr-core-Metadata-model.securityLabel"/><code><system value="http://ncimeta.nci.nih.gov"/><code value="C3858779"/><display value="security classification"/></code><short value="A code that connects the entry to a security policy. Security labels can be updated when the resource changes, or whenever the security sub-system chooses to."/><definition value="A code that connects the entry to a security policy. Security labels can be updated when the resource changes, or whenever the security sub-system chooses to."/><min value="0"/><max value="*"/><base><path value="shr-core-Metadata-model.securityLabel"/><min value="0"/><max value="*"/></base><type><code value="Coding"/></type><mustSupport value="false"/><isModifier value="false"/><isSummary value="false"/></element><element id="shr-core-Metadata-model.tag"><path value="shr-core-Metadata-model.tag"/><code><system value="http://ncimeta.nci.nih.gov"/><code value="C4280044"/><display value="Metatags"/></code><short value="A code used to relate entries to categories or workflows. Applications are not required to consider the tags when interpreting the meaning of an entry."/><definition value="A code used to relate entries to categories or workflows. Applications are not required to consider the tags when interpreting the meaning of an entry."/><min value="0"/><max value="*"/><base><path value="shr-core-Metadata-model.tag"/><min value="0"/><max value="*"/></base><type><code value="Coding"/></type><mustSupport value="false"/><isModifier value="false"/><isSummary value="false"/></element></differential></StructureDefinition>