<?xml version="1.0" encoding="UTF-8"?><StructureDefinition xmlns="http://hl7.org/fhir"><id value="shr-core-CorrectionFactor-model"/><text><status value="generated"/><div xmlns="http://www.w3.org/1999/xhtml">
  <p><b>CorrectionFactor Logical Model</b></p>
  <p>A correction factor that is applied to the sampled data points before they are added to the origin.</p>
</div></text><url value="http://hl7.org/fhir/us/odh/StructureDefinition/shr-core-CorrectionFactor-model"/><identifier><system value="http://hl7.org/fhir/us/odh"/><value value="shr.core.CorrectionFactor"/></identifier><version value="1.0.0"/><name value="CorrectionFactor"/><title value="shr-core-CorrectionFactor"/><status value="draft"/><date value="2019-05-08T00:00:00-04:00"/><publisher value="HL7"/><contact><telecom><system value="url"/><value value="http://standardhealthrecord.org"/></telecom></contact><description value="A correction factor that is applied to the sampled data points before they are added to the origin."/><fhirVersion value="3.0.1"/><kind value="logical"/><abstract value="false"/><type value="shr-core-CorrectionFactor-model"/><baseDefinition value="http://hl7.org/fhir/StructureDefinition/Element"/><derivation value="specialization"/><snapshot><element id="shr-core-CorrectionFactor-model"><path value="shr-core-CorrectionFactor-model"/><definition value="A correction factor that is applied to the sampled data points before they are added to the origin."/><min value="0"/><max value="*"/><base><path value="shr-core-CorrectionFactor-model"/><min value="0"/><max value="*"/></base><mustSupport value="false"/><isModifier value="false"/><isSummary value="false"/></element><element id="shr-core-CorrectionFactor-model.value"><path value="shr-core-CorrectionFactor-model.value"/><short value="Decimal representing a correction factor that is applied to the sampled data points before they are added to the origin."/><definition value="Decimal representing a correction factor that is applied to the sampled data points before they are added to the origin."/><min value="1"/><max value="1"/><base><path value="shr-core-CorrectionFactor-model.value"/><min value="1"/><max value="1"/></base><type><code value="decimal"/></type><mustSupport value="false"/><isModifier value="false"/><isSummary value="false"/></element></snapshot><differential><element id="shr-core-CorrectionFactor-model"><path value="shr-core-CorrectionFactor-model"/><definition value="A correction factor that is applied to the sampled data points before they are added to the origin."/><min value="0"/><max value="*"/><base><path value="shr-core-CorrectionFactor-model"/><min value="0"/><max value="*"/></base><mustSupport value="false"/><isModifier value="false"/><isSummary value="false"/></element><element id="shr-core-CorrectionFactor-model.value"><path value="shr-core-CorrectionFactor-model.value"/><short value="Decimal representing a correction factor that is applied to the sampled data points before they are added to the origin."/><definition value="Decimal representing a correction factor that is applied to the sampled data points before they are added to the origin."/><min value="1"/><max value="1"/><base><path value="shr-core-CorrectionFactor-model.value"/><min value="1"/><max value="1"/></base><type><code value="decimal"/></type><mustSupport value="false"/><isModifier value="false"/><isSummary value="false"/></element></differential></StructureDefinition>