<?xml version="1.0" encoding="UTF-8"?><StructureDefinition xmlns="http://hl7.org/fhir"><id value="shr-core-MoneyAmount-model"/><text><status value="generated"/><div xmlns="http://www.w3.org/1999/xhtml">
  <p><b>MoneyAmount Logical Model</b></p>
  <p>Numerical value (with implicit precision)</p>
</div></text><url value="http://hl7.org/fhir/us/odh/StructureDefinition/shr-core-MoneyAmount-model"/><identifier><system value="http://hl7.org/fhir/us/odh"/><value value="shr.core.MoneyAmount"/></identifier><version value="1.0.0"/><name value="MoneyAmount"/><title value="shr-core-MoneyAmount"/><status value="draft"/><date value="2019-05-08T00:00:00-04:00"/><publisher value="HL7"/><contact><telecom><system value="url"/><value value="http://standardhealthrecord.org"/></telecom></contact><description value="Numerical value (with implicit precision)"/><fhirVersion value="3.0.1"/><kind value="logical"/><abstract value="false"/><type value="shr-core-MoneyAmount-model"/><baseDefinition value="http://hl7.org/fhir/StructureDefinition/Element"/><derivation value="specialization"/><snapshot><element id="shr-core-MoneyAmount-model"><path value="shr-core-MoneyAmount-model"/><definition value="Numerical value (with implicit precision)"/><min value="0"/><max value="*"/><base><path value="shr-core-MoneyAmount-model"/><min value="0"/><max value="*"/></base><mustSupport value="false"/><isModifier value="false"/><isSummary value="false"/></element><element id="shr-core-MoneyAmount-model.value"><path value="shr-core-MoneyAmount-model.value"/><short value="Decimal representing numerical value (with implicit precision)"/><definition value="Decimal representing numerical value (with implicit precision)"/><min value="1"/><max value="1"/><base><path value="shr-core-MoneyAmount-model.value"/><min value="1"/><max value="1"/></base><type><code value="decimal"/></type><mustSupport value="false"/><isModifier value="false"/><isSummary value="false"/></element></snapshot><differential><element id="shr-core-MoneyAmount-model"><path value="shr-core-MoneyAmount-model"/><definition value="Numerical value (with implicit precision)"/><min value="0"/><max value="*"/><base><path value="shr-core-MoneyAmount-model"/><min value="0"/><max value="*"/></base><mustSupport value="false"/><isModifier value="false"/><isSummary value="false"/></element><element id="shr-core-MoneyAmount-model.value"><path value="shr-core-MoneyAmount-model.value"/><short value="Decimal representing numerical value (with implicit precision)"/><definition value="Decimal representing numerical value (with implicit precision)"/><min value="1"/><max value="1"/><base><path value="shr-core-MoneyAmount-model.value"/><min value="1"/><max value="1"/></base><type><code value="decimal"/></type><mustSupport value="false"/><isModifier value="false"/><isSummary value="false"/></element></differential></StructureDefinition>