<?xml version="1.0" encoding="UTF-8"?><StructureDefinition xmlns="http://hl7.org/fhir"><id value="shr-core-CollectionSite-model"/><text><status value="generated"/><div xmlns="http://www.w3.org/1999/xhtml">
  <p><b>CollectionSite Logical Model</b></p>
  <p>The body site where specimen was collected</p>
</div></text><url value="http://hl7.org/fhir/us/shr/StructureDefinition/shr-core-CollectionSite-model"/><identifier><system value="http://hl7.org/fhir/us/odh"/><value value="shr.core.CollectionSite"/></identifier><version value="1.0.0"/><name value="CollectionSite"/><title value="shr-core-CollectionSite"/><status value="draft"/><date value="2019-04-08T00:00:00-04:00"/><publisher value="HL7"/><contact><telecom><system value="url"/><value value="http://standardhealthrecord.org"/></telecom></contact><description value="The body site where specimen was collected"/><fhirVersion value="3.0.1"/><kind value="logical"/><abstract value="false"/><type value="shr-core-CollectionSite-model"/><baseDefinition value="http://hl7.org/fhir/StructureDefinition/Element"/><derivation value="specialization"/><snapshot><element id="shr-core-CollectionSite-model"><path value="shr-core-CollectionSite-model"/><definition value="The body site where specimen was collected"/><min value="0"/><max value="*"/><base><path value="shr-core-CollectionSite-model"/><min value="0"/><max value="*"/></base><mustSupport value="false"/><isModifier value="false"/><isSummary value="false"/></element><element id="shr-core-CollectionSite-model.value"><path value="shr-core-CollectionSite-model.value"/><short value="BodyLocation representing the body site where specimen was collected"/><definition value="BodyLocation representing the body site where specimen was collected"/><min value="1"/><max value="1"/><base><path value="shr-core-CollectionSite-model.value"/><min value="1"/><max value="1"/></base><type><code value="http://hl7.org/fhir/us/shr/StructureDefinition/shr-core-BodyLocation-model"/></type><mustSupport value="false"/><isModifier value="false"/><isSummary value="false"/></element></snapshot><differential><element id="shr-core-CollectionSite-model"><path value="shr-core-CollectionSite-model"/><definition value="The body site where specimen was collected"/><min value="0"/><max value="*"/><base><path value="shr-core-CollectionSite-model"/><min value="0"/><max value="*"/></base><mustSupport value="false"/><isModifier value="false"/><isSummary value="false"/></element><element id="shr-core-CollectionSite-model.value"><path value="shr-core-CollectionSite-model.value"/><short value="BodyLocation representing the body site where specimen was collected"/><definition value="BodyLocation representing the body site where specimen was collected"/><min value="1"/><max value="1"/><base><path value="shr-core-CollectionSite-model.value"/><min value="1"/><max value="1"/></base><type><code value="http://hl7.org/fhir/us/shr/StructureDefinition/shr-core-BodyLocation-model"/></type><mustSupport value="false"/><isModifier value="false"/><isSummary value="false"/></element></differential></StructureDefinition>