<?xml version="1.0" encoding="UTF-8"?><StructureDefinition xmlns="http://hl7.org/fhir"><id value="shr-core-ServiceCategory-model"/><text><status value="generated"/><div xmlns="http://www.w3.org/1999/xhtml">
  <p><b>ServiceCategory Logical Model</b></p>
  <p>A broad categorization of the service (ordered, planned, or performed).</p>
</div></text><url value="http://hl7.org/fhir/us/shr/StructureDefinition/shr-core-ServiceCategory-model"/><identifier><system value="http://hl7.org/fhir/us/odh"/><value value="shr.core.ServiceCategory"/></identifier><version value="1.0.0"/><name value="ServiceCategory"/><title value="shr-core-ServiceCategory"/><status value="draft"/><date value="2019-03-30T00:00:00-04:00"/><publisher value="HL7"/><contact><telecom><system value="url"/><value value="http://standardhealthrecord.org"/></telecom></contact><description value="A broad categorization of the service (ordered, planned, or performed)."/><fhirVersion value="3.0.1"/><kind value="logical"/><abstract value="false"/><type value="shr-core-ServiceCategory-model"/><baseDefinition value="http://hl7.org/fhir/StructureDefinition/Element"/><derivation value="specialization"/><snapshot><element id="shr-core-ServiceCategory-model"><path value="shr-core-ServiceCategory-model"/><definition value="A broad categorization of the service (ordered, planned, or performed)."/><min value="0"/><max value="*"/><base><path value="shr-core-ServiceCategory-model"/><min value="0"/><max value="*"/></base><mustSupport value="false"/><isModifier value="false"/><isSummary value="false"/></element><element id="shr-core-ServiceCategory-model.value"><path value="shr-core-ServiceCategory-model.value"/><short value="Code representing a broad categorization of the service (ordered, planned, or performed)."/><definition value="Code representing a broad categorization of the service (ordered, planned, or performed)."/><min value="1"/><max value="1"/><base><path value="shr-core-ServiceCategory-model.value"/><min value="1"/><max value="1"/></base><type><code value="Coding"/></type><mustSupport value="false"/><isModifier value="false"/><isSummary value="false"/><binding><strength value="example"/><valueSetReference><reference value="http://hl7.org/fhir/ValueSet/service-category"/></valueSetReference></binding></element></snapshot><differential><element id="shr-core-ServiceCategory-model"><path value="shr-core-ServiceCategory-model"/><definition value="A broad categorization of the service (ordered, planned, or performed)."/><min value="0"/><max value="*"/><base><path value="shr-core-ServiceCategory-model"/><min value="0"/><max value="*"/></base><mustSupport value="false"/><isModifier value="false"/><isSummary value="false"/></element><element id="shr-core-ServiceCategory-model.value"><path value="shr-core-ServiceCategory-model.value"/><short value="Code representing a broad categorization of the service (ordered, planned, or performed)."/><definition value="Code representing a broad categorization of the service (ordered, planned, or performed)."/><min value="1"/><max value="1"/><base><path value="shr-core-ServiceCategory-model.value"/><min value="1"/><max value="1"/></base><type><code value="Coding"/></type><mustSupport value="false"/><isModifier value="false"/><isSummary value="false"/><binding><strength value="example"/><valueSetReference><reference value="http://hl7.org/fhir/ValueSet/service-category"/></valueSetReference></binding></element></differential></StructureDefinition>