<?xml version="1.0" encoding="UTF-8"?><StructureDefinition xmlns="http://hl7.org/fhir"><id value="shr-core-CourseOfTherapyType-model"/><text><status value="generated"/><div xmlns="http://www.w3.org/1999/xhtml">
  <p><b>CourseOfTherapyType Logical Model</b></p>
  <p>The description of the overall pattern of the administration of the medication to the patient.</p>
</div></text><url value="http://hl7.org/fhir/us/odh/StructureDefinition/shr-core-CourseOfTherapyType-model"/><identifier><system value="http://hl7.org/fhir/us/odh"/><value value="shr.core.CourseOfTherapyType"/></identifier><version value="1.0.0"/><name value="CourseOfTherapyType"/><title value="shr-core-CourseOfTherapyType"/><status value="draft"/><date value="2019-05-08T00:00:00-04:00"/><publisher value="HL7"/><contact><telecom><system value="url"/><value value="http://standardhealthrecord.org"/></telecom></contact><description value="The description of the overall pattern of the administration of the medication to the patient."/><fhirVersion value="3.0.1"/><kind value="logical"/><abstract value="false"/><type value="shr-core-CourseOfTherapyType-model"/><baseDefinition value="http://hl7.org/fhir/StructureDefinition/Element"/><derivation value="specialization"/><snapshot><element id="shr-core-CourseOfTherapyType-model"><path value="shr-core-CourseOfTherapyType-model"/><definition value="The description of the overall pattern of the administration of the medication to the patient."/><min value="0"/><max value="*"/><base><path value="shr-core-CourseOfTherapyType-model"/><min value="0"/><max value="*"/></base><mustSupport value="false"/><isModifier value="false"/><isSummary value="false"/></element><element id="shr-core-CourseOfTherapyType-model.value"><path value="shr-core-CourseOfTherapyType-model.value"/><short value="Code representing the description of the overall pattern of the administration of the medication to the patient."/><definition value="Code representing the description of the overall pattern of the administration of the medication to the patient."/><min value="1"/><max value="1"/><base><path value="shr-core-CourseOfTherapyType-model.value"/><min value="1"/><max value="1"/></base><type><code value="Coding"/></type><mustSupport value="false"/><isModifier value="false"/><isSummary value="false"/></element></snapshot><differential><element id="shr-core-CourseOfTherapyType-model"><path value="shr-core-CourseOfTherapyType-model"/><definition value="The description of the overall pattern of the administration of the medication to the patient."/><min value="0"/><max value="*"/><base><path value="shr-core-CourseOfTherapyType-model"/><min value="0"/><max value="*"/></base><mustSupport value="false"/><isModifier value="false"/><isSummary value="false"/></element><element id="shr-core-CourseOfTherapyType-model.value"><path value="shr-core-CourseOfTherapyType-model.value"/><short value="Code representing the description of the overall pattern of the administration of the medication to the patient."/><definition value="Code representing the description of the overall pattern of the administration of the medication to the patient."/><min value="1"/><max value="1"/><base><path value="shr-core-CourseOfTherapyType-model.value"/><min value="1"/><max value="1"/></base><type><code value="Coding"/></type><mustSupport value="false"/><isModifier value="false"/><isSummary value="false"/></element></differential></StructureDefinition>