<?xml version="1.0" encoding="UTF-8"?><StructureDefinition xmlns="http://hl7.org/fhir"><id value="shr-core-BasedOn-model"/><text><status value="generated"/><div xmlns="http://www.w3.org/1999/xhtml">
  <p><b>BasedOn Logical Model</b></p>
  <p>The proposal, order, or plan that is partly or wholly fulfilled by this item.</p>
</div></text><url value="http://hl7.org/fhir/us/odh/StructureDefinition/shr-core-BasedOn-model"/><identifier><system value="http://hl7.org/fhir/us/odh"/><value value="shr.core.BasedOn"/></identifier><version value="1.0.0"/><name value="BasedOn"/><title value="shr-core-BasedOn"/><status value="draft"/><date value="2019-05-08T00:00:00-04:00"/><publisher value="HL7"/><contact><telecom><system value="url"/><value value="http://standardhealthrecord.org"/></telecom></contact><description value="The proposal, order, or plan that is partly or wholly fulfilled by this item."/><fhirVersion value="3.0.1"/><kind value="logical"/><abstract value="false"/><type value="shr-core-BasedOn-model"/><baseDefinition value="http://hl7.org/fhir/StructureDefinition/Element"/><derivation value="specialization"/><snapshot><element id="shr-core-BasedOn-model"><path value="shr-core-BasedOn-model"/><definition value="The proposal, order, or plan that is partly or wholly fulfilled by this item."/><min value="0"/><max value="*"/><base><path value="shr-core-BasedOn-model"/><min value="0"/><max value="*"/></base><mustSupport value="false"/><isModifier value="false"/><isSummary value="false"/></element><element id="shr-core-BasedOn-model.value"><path value="shr-core-BasedOn-model.value"/><short value="DomainResource representing the proposal, order, or plan that is partly or wholly fulfilled by this item."/><definition value="DomainResource representing the proposal, order, or plan that is partly or wholly fulfilled by this item."/><min value="1"/><max value="1"/><base><path value="shr-core-BasedOn-model.value"/><min value="1"/><max value="1"/></base><type><code value="Reference"/><targetProfile value="http://hl7.org/fhir/us/odh/StructureDefinition/shr-core-DomainResource-model"/></type><mustSupport value="false"/><isModifier value="false"/><isSummary value="false"/></element></snapshot><differential><element id="shr-core-BasedOn-model"><path value="shr-core-BasedOn-model"/><definition value="The proposal, order, or plan that is partly or wholly fulfilled by this item."/><min value="0"/><max value="*"/><base><path value="shr-core-BasedOn-model"/><min value="0"/><max value="*"/></base><mustSupport value="false"/><isModifier value="false"/><isSummary value="false"/></element><element id="shr-core-BasedOn-model.value"><path value="shr-core-BasedOn-model.value"/><short value="DomainResource representing the proposal, order, or plan that is partly or wholly fulfilled by this item."/><definition value="DomainResource representing the proposal, order, or plan that is partly or wholly fulfilled by this item."/><min value="1"/><max value="1"/><base><path value="shr-core-BasedOn-model.value"/><min value="1"/><max value="1"/></base><type><code value="Reference"/><targetProfile value="http://hl7.org/fhir/us/odh/StructureDefinition/shr-core-DomainResource-model"/></type><mustSupport value="false"/><isModifier value="false"/><isSummary value="false"/></element></differential></StructureDefinition>