<?xml version="1.0" encoding="UTF-8"?><StructureDefinition xmlns="http://hl7.org/fhir"><id value="shr-core-Identifier-model"/><text><status value="generated"/><div xmlns="http://www.w3.org/1999/xhtml">
  <p><b>Identifier Logical Model</b></p>
  <p>Business identifier or external id for this resource.</p>
</div></text><url value="http://hl7.org/fhir/us/shr/StructureDefinition/shr-core-Identifier-model"/><identifier><system value="http://hl7.org/fhir/us/odh"/><value value="shr.core.Identifier"/></identifier><version value="1.0.0"/><name value="Identifier"/><title value="shr-core-Identifier"/><status value="draft"/><date value="2019-03-30T00:00:00-04:00"/><publisher value="HL7"/><contact><telecom><system value="url"/><value value="http://standardhealthrecord.org"/></telecom></contact><description value="Business identifier or external id for this resource."/><fhirVersion value="3.0.1"/><kind value="logical"/><abstract value="false"/><type value="shr-core-Identifier-model"/><baseDefinition value="http://hl7.org/fhir/StructureDefinition/Element"/><derivation value="specialization"/><snapshot><element id="shr-core-Identifier-model"><path value="shr-core-Identifier-model"/><definition value="Business identifier or external id for this resource."/><min value="0"/><max value="*"/><base><path value="shr-core-Identifier-model"/><min value="0"/><max value="*"/></base><mustSupport value="false"/><isModifier value="false"/><isSummary value="false"/></element><element id="shr-core-Identifier-model.identifierString"><path value="shr-core-Identifier-model.identifierString"/><short value="An id for the item expresse as a string."/><definition value="An id for the item expresse as a string."/><min value="0"/><max value="1"/><base><path value="shr-core-Identifier-model.identifierString"/><min value="0"/><max value="1"/></base><type><code value="string"/></type><mustSupport value="false"/><isModifier value="false"/><isSummary value="false"/></element><element id="shr-core-Identifier-model.purpose"><path value="shr-core-Identifier-model.purpose"/><short value="What it should be used for."/><definition value="What it should be used for."/><min value="0"/><max value="1"/><base><path value="shr-core-Identifier-model.purpose"/><min value="0"/><max value="1"/></base><type><code value="Coding"/></type><mustSupport value="false"/><isModifier value="false"/><isSummary value="false"/><binding><strength value="required"/><valueSetReference><reference value="http://hl7.org/fhir/ValueSet/identifier-use"/></valueSetReference></binding></element><element id="shr-core-Identifier-model.type"><path value="shr-core-Identifier-model.type"/><code><system value="http://ncimeta.nci.nih.gov"/><code value="C0332307"/></code><short value="A code describing the item at a greater level of detail."/><definition value="A code describing the item at a greater level of detail."/><min value="0"/><max value="1"/><base><path value="shr-core-Identifier-model.type"/><min value="0"/><max value="1"/></base><type><code value="Coding"/></type><mustSupport value="false"/><isModifier value="false"/><isSummary value="false"/><binding><strength value="extensible"/><valueSetReference><reference value="http://hl7.org/fhir/ValueSet/identifier-type"/></valueSetReference></binding></element><element id="shr-core-Identifier-model.codeSystem"><path value="shr-core-Identifier-model.codeSystem"/><short value="A formal terminology system."/><definition value="A formal terminology system."/><min value="0"/><max value="1"/><base><path value="shr-core-Identifier-model.codeSystem"/><min value="0"/><max value="1"/></base><type><code value="uri"/></type><mustSupport value="false"/><isModifier value="false"/><isSummary value="false"/></element><element id="shr-core-Identifier-model.effectiveTimePeriod"><path value="shr-core-Identifier-model.effectiveTimePeriod"/><code><system value="http://ncimeta.nci.nih.gov"/><code value="C2985763"/></code><short value="The date and time span for which something is active, valid, or in force."/><definition value="The date and time span for which something is active, valid, or in force."/><min value="0"/><max value="1"/><base><path value="shr-core-Identifier-model.effectiveTimePeriod"/><min value="0"/><max value="1"/></base><type><code value="http://hl7.org/fhir/us/shr/StructureDefinition/shr-core-EffectiveTimePeriod-model"/></type><mustSupport value="false"/><isModifier value="false"/><isSummary value="false"/></element></snapshot><differential><element id="shr-core-Identifier-model"><path value="shr-core-Identifier-model"/><definition value="Business identifier or external id for this resource."/><min value="0"/><max value="*"/><base><path value="shr-core-Identifier-model"/><min value="0"/><max value="*"/></base><mustSupport value="false"/><isModifier value="false"/><isSummary value="false"/></element><element id="shr-core-Identifier-model.identifierString"><path value="shr-core-Identifier-model.identifierString"/><short value="An id for the item expresse as a string."/><definition value="An id for the item expresse as a string."/><min value="0"/><max value="1"/><base><path value="shr-core-Identifier-model.identifierString"/><min value="0"/><max value="1"/></base><type><code value="string"/></type><mustSupport value="false"/><isModifier value="false"/><isSummary value="false"/></element><element id="shr-core-Identifier-model.purpose"><path value="shr-core-Identifier-model.purpose"/><short value="What it should be used for."/><definition value="What it should be used for."/><min value="0"/><max value="1"/><base><path value="shr-core-Identifier-model.purpose"/><min value="0"/><max value="1"/></base><type><code value="Coding"/></type><mustSupport value="false"/><isModifier value="false"/><isSummary value="false"/><binding><strength value="required"/><valueSetReference><reference value="http://hl7.org/fhir/ValueSet/identifier-use"/></valueSetReference></binding></element><element id="shr-core-Identifier-model.type"><path value="shr-core-Identifier-model.type"/><code><system value="http://ncimeta.nci.nih.gov"/><code value="C0332307"/></code><short value="A code describing the item at a greater level of detail."/><definition value="A code describing the item at a greater level of detail."/><min value="0"/><max value="1"/><base><path value="shr-core-Identifier-model.type"/><min value="0"/><max value="1"/></base><type><code value="Coding"/></type><mustSupport value="false"/><isModifier value="false"/><isSummary value="false"/><binding><strength value="extensible"/><valueSetReference><reference value="http://hl7.org/fhir/ValueSet/identifier-type"/></valueSetReference></binding></element><element id="shr-core-Identifier-model.codeSystem"><path value="shr-core-Identifier-model.codeSystem"/><short value="A formal terminology system."/><definition value="A formal terminology system."/><min value="0"/><max value="1"/><base><path value="shr-core-Identifier-model.codeSystem"/><min value="0"/><max value="1"/></base><type><code value="uri"/></type><mustSupport value="false"/><isModifier value="false"/><isSummary value="false"/></element><element id="shr-core-Identifier-model.effectiveTimePeriod"><path value="shr-core-Identifier-model.effectiveTimePeriod"/><code><system value="http://ncimeta.nci.nih.gov"/><code value="C2985763"/></code><short value="The date and time span for which something is active, valid, or in force."/><definition value="The date and time span for which something is active, valid, or in force."/><min value="0"/><max value="1"/><base><path value="shr-core-Identifier-model.effectiveTimePeriod"/><min value="0"/><max value="1"/></base><type><code value="http://hl7.org/fhir/us/shr/StructureDefinition/shr-core-EffectiveTimePeriod-model"/></type><mustSupport value="false"/><isModifier value="false"/><isSummary value="false"/></element></differential></StructureDefinition>