<?xml version="1.0" encoding="UTF-8"?><StructureDefinition xmlns="http://hl7.org/fhir"><id value="shr-core-AppointmentParticipation-model"/><text><status value="generated"/><div xmlns="http://www.w3.org/1999/xhtml">
  <p><b>AppointmentParticipation Logical Model</b></p>
  <p>Participants involved in appointment</p>
</div></text><url value="http://hl7.org/fhir/us/shr/StructureDefinition/shr-core-AppointmentParticipation-model"/><identifier><system value="http://hl7.org/fhir/us/odh"/><value value="shr.core.AppointmentParticipation"/></identifier><version value="1.0.0"/><name value="AppointmentParticipation"/><title value="shr-core-AppointmentParticipation"/><status value="draft"/><date value="2019-04-08T00:00:00-04:00"/><publisher value="HL7"/><contact><telecom><system value="url"/><value value="http://standardhealthrecord.org"/></telecom></contact><description value="Participants involved in appointment"/><fhirVersion value="3.0.1"/><kind value="logical"/><abstract value="false"/><type value="shr-core-AppointmentParticipation-model"/><baseDefinition value="http://hl7.org/fhir/StructureDefinition/Element"/><derivation value="specialization"/><snapshot><element id="shr-core-AppointmentParticipation-model"><path value="shr-core-AppointmentParticipation-model"/><definition value="Participants involved in appointment"/><min value="0"/><max value="*"/><base><path value="shr-core-AppointmentParticipation-model"/><min value="0"/><max value="*"/></base><mustSupport value="false"/><isModifier value="false"/><isSummary value="false"/></element><element id="shr-core-AppointmentParticipation-model.participationType"><path value="shr-core-AppointmentParticipation-model.participationType"/><code><system value="http://ncimeta.nci.nih.gov"/><code value="C1553854"/></code><short value="The role played by the participant engaged in the action, for example, as the attending physician, surgical assistant, etc."/><definition value="The role played by the participant engaged in the action, for example, as the attending physician, surgical assistant, etc."/><min value="1"/><max value="*"/><base><path value="shr-core-AppointmentParticipation-model.participationType"/><min value="1"/><max value="*"/></base><type><code value="Coding"/></type><mustSupport value="false"/><isModifier value="false"/><isSummary value="false"/><binding><strength value="required"/><valueSetReference><reference value="http://hl7.org/fhir/ValueSet/encounter-participant-type"/></valueSetReference></binding></element><element id="shr-core-AppointmentParticipation-model.appointmentParticipant[x]"><path value="shr-core-AppointmentParticipation-model.appointmentParticipant[x]"/><short value="A choice of Person (in any role) or Organization, Device or Location as participants."/><definition value="A choice of Person (in any role) or Organization, Device or Location as participants."/><min value="0"/><max value="1"/><base><path value="shr-core-AppointmentParticipation-model.appointmentParticipant[x]"/><min value="0"/><max value="1"/></base><type><code value="Reference"/><targetProfile value="http://hl7.org/fhir/us/shr/StructureDefinition/shr-core-Patient-model"/></type><type><code value="Reference"/><targetProfile value="http://hl7.org/fhir/us/shr/StructureDefinition/shr-core-Practitioner-model"/></type><type><code value="Reference"/><targetProfile value="http://hl7.org/fhir/us/shr/StructureDefinition/shr-core-RelatedPerson-model"/></type><type><code value="Reference"/><targetProfile value="http://hl7.org/fhir/us/shr/StructureDefinition/shr-core-Device-model"/></type><type><code value="Reference"/><targetProfile value="http://hl7.org/fhir/us/shr/StructureDefinition/shr-core-Location-model"/></type><mustSupport value="false"/><isModifier value="false"/><isSummary value="false"/></element><element id="shr-core-AppointmentParticipation-model.need"><path value="shr-core-AppointmentParticipation-model.need"/><short value="A code expressing the degree or type of need for the person or item."/><definition value="A code expressing the degree or type of need for the person or item."/><min value="0"/><max value="1"/><base><path value="shr-core-AppointmentParticipation-model.need"/><min value="0"/><max value="1"/></base><type><code value="Coding"/></type><mustSupport value="false"/><isModifier value="false"/><isSummary value="false"/><binding><strength value="required"/><valueSetReference><reference value="http://hl7.org/fhir/ValueSet/participantrequired"/></valueSetReference></binding></element><element id="shr-core-AppointmentParticipation-model.status"><path value="shr-core-AppointmentParticipation-model.status"/><short value="A state that relates to the workflow or interpretation of this resource. Certain status values can modify the meaning of the resource, for example, entered-in-error. When a boolean value is used, Status of true indicates the record is active, false means inactive."/><definition value="A state that relates to the workflow or interpretation of this resource. Certain status values can modify the meaning of the resource, for example, entered-in-error. When a boolean value is used, Status of true indicates the record is active, false means inactive."/><min value="1"/><max value="1"/><base><path value="shr-core-AppointmentParticipation-model.status"/><min value="1"/><max value="1"/></base><type><code value="Coding"/></type><mustSupport value="false"/><isModifier value="false"/><isSummary value="false"/><binding><strength value="required"/><valueSetReference><reference value="http://hl7.org/fhir/ValueSet/participationstatus"/></valueSetReference></binding></element></snapshot><differential><element id="shr-core-AppointmentParticipation-model"><path value="shr-core-AppointmentParticipation-model"/><definition value="Participants involved in appointment"/><min value="0"/><max value="*"/><base><path value="shr-core-AppointmentParticipation-model"/><min value="0"/><max value="*"/></base><mustSupport value="false"/><isModifier value="false"/><isSummary value="false"/></element><element id="shr-core-AppointmentParticipation-model.participationType"><path value="shr-core-AppointmentParticipation-model.participationType"/><code><system value="http://ncimeta.nci.nih.gov"/><code value="C1553854"/></code><short value="The role played by the participant engaged in the action, for example, as the attending physician, surgical assistant, etc."/><definition value="The role played by the participant engaged in the action, for example, as the attending physician, surgical assistant, etc."/><min value="1"/><max value="*"/><base><path value="shr-core-AppointmentParticipation-model.participationType"/><min value="1"/><max value="*"/></base><type><code value="Coding"/></type><mustSupport value="false"/><isModifier value="false"/><isSummary value="false"/><binding><strength value="required"/><valueSetReference><reference value="http://hl7.org/fhir/ValueSet/encounter-participant-type"/></valueSetReference></binding></element><element id="shr-core-AppointmentParticipation-model.appointmentParticipant[x]"><path value="shr-core-AppointmentParticipation-model.appointmentParticipant[x]"/><short value="A choice of Person (in any role) or Organization, Device or Location as participants."/><definition value="A choice of Person (in any role) or Organization, Device or Location as participants."/><min value="0"/><max value="1"/><base><path value="shr-core-AppointmentParticipation-model.appointmentParticipant[x]"/><min value="0"/><max value="1"/></base><type><code value="Reference"/><targetProfile value="http://hl7.org/fhir/us/shr/StructureDefinition/shr-core-Patient-model"/></type><type><code value="Reference"/><targetProfile value="http://hl7.org/fhir/us/shr/StructureDefinition/shr-core-Practitioner-model"/></type><type><code value="Reference"/><targetProfile value="http://hl7.org/fhir/us/shr/StructureDefinition/shr-core-RelatedPerson-model"/></type><type><code value="Reference"/><targetProfile value="http://hl7.org/fhir/us/shr/StructureDefinition/shr-core-Device-model"/></type><type><code value="Reference"/><targetProfile value="http://hl7.org/fhir/us/shr/StructureDefinition/shr-core-Location-model"/></type><mustSupport value="false"/><isModifier value="false"/><isSummary value="false"/></element><element id="shr-core-AppointmentParticipation-model.need"><path value="shr-core-AppointmentParticipation-model.need"/><short value="A code expressing the degree or type of need for the person or item."/><definition value="A code expressing the degree or type of need for the person or item."/><min value="0"/><max value="1"/><base><path value="shr-core-AppointmentParticipation-model.need"/><min value="0"/><max value="1"/></base><type><code value="Coding"/></type><mustSupport value="false"/><isModifier value="false"/><isSummary value="false"/><binding><strength value="required"/><valueSetReference><reference value="http://hl7.org/fhir/ValueSet/participantrequired"/></valueSetReference></binding></element><element id="shr-core-AppointmentParticipation-model.status"><path value="shr-core-AppointmentParticipation-model.status"/><short value="A state that relates to the workflow or interpretation of this resource. Certain status values can modify the meaning of the resource, for example, entered-in-error. When a boolean value is used, Status of true indicates the record is active, false means inactive."/><definition value="A state that relates to the workflow or interpretation of this resource. Certain status values can modify the meaning of the resource, for example, entered-in-error. When a boolean value is used, Status of true indicates the record is active, false means inactive."/><min value="1"/><max value="1"/><base><path value="shr-core-AppointmentParticipation-model.status"/><min value="1"/><max value="1"/></base><type><code value="Coding"/></type><mustSupport value="false"/><isModifier value="false"/><isSummary value="false"/><binding><strength value="required"/><valueSetReference><reference value="http://hl7.org/fhir/ValueSet/participationstatus"/></valueSetReference></binding></element></differential></StructureDefinition>