<?xml version="1.0" encoding="UTF-8"?><StructureDefinition xmlns="http://hl7.org/fhir"><id value="shr-core-ExpirationDate-model"/><text><status value="generated"/><div xmlns="http://www.w3.org/1999/xhtml">
  <p><b>ExpirationDate Logical Model</b></p>
  <p>When the item (medication, device, etc.) will expire.</p>
</div></text><url value="http://hl7.org/fhir/us/shr/StructureDefinition/shr-core-ExpirationDate-model"/><identifier><system value="http://hl7.org/fhir/us/odh"/><value value="shr.core.ExpirationDate"/></identifier><version value="1.0.0"/><name value="ExpirationDate"/><title value="shr-core-ExpirationDate"/><status value="draft"/><date value="2019-04-08T00:00:00-04:00"/><publisher value="HL7"/><contact><telecom><system value="url"/><value value="http://standardhealthrecord.org"/></telecom></contact><description value="When the item (medication, device, etc.) will expire."/><fhirVersion value="3.0.1"/><kind value="logical"/><abstract value="false"/><type value="shr-core-ExpirationDate-model"/><baseDefinition value="http://hl7.org/fhir/StructureDefinition/Element"/><derivation value="specialization"/><snapshot><element id="shr-core-ExpirationDate-model"><path value="shr-core-ExpirationDate-model"/><definition value="When the item (medication, device, etc.) will expire."/><min value="0"/><max value="*"/><base><path value="shr-core-ExpirationDate-model"/><min value="0"/><max value="*"/></base><mustSupport value="false"/><isModifier value="false"/><isSummary value="false"/></element><element id="shr-core-ExpirationDate-model.value"><path value="shr-core-ExpirationDate-model.value"/><short value="DateTime representing when the item (medication, device, etc.) will expire."/><definition value="DateTime representing when the item (medication, device, etc.) will expire."/><min value="1"/><max value="1"/><base><path value="shr-core-ExpirationDate-model.value"/><min value="1"/><max value="1"/></base><type><code value="dateTime"/></type><mustSupport value="false"/><isModifier value="false"/><isSummary value="false"/></element></snapshot><differential><element id="shr-core-ExpirationDate-model"><path value="shr-core-ExpirationDate-model"/><definition value="When the item (medication, device, etc.) will expire."/><min value="0"/><max value="*"/><base><path value="shr-core-ExpirationDate-model"/><min value="0"/><max value="*"/></base><mustSupport value="false"/><isModifier value="false"/><isSummary value="false"/></element><element id="shr-core-ExpirationDate-model.value"><path value="shr-core-ExpirationDate-model.value"/><short value="DateTime representing when the item (medication, device, etc.) will expire."/><definition value="DateTime representing when the item (medication, device, etc.) will expire."/><min value="1"/><max value="1"/><base><path value="shr-core-ExpirationDate-model.value"/><min value="1"/><max value="1"/></base><type><code value="dateTime"/></type><mustSupport value="false"/><isModifier value="false"/><isSummary value="false"/></element></differential></StructureDefinition>