<?xml version="1.0" encoding="UTF-8"?><StructureDefinition xmlns="http://hl7.org/fhir"><id value="shr-core-GivenName-model"/><text><status value="generated"/><div xmlns="http://www.w3.org/1999/xhtml">
  <p><b>GivenName Logical Model</b></p>
  <p>The person&#39;s given name - e.g., John</p>
</div></text><url value="http://hl7.org/fhir/us/shr/StructureDefinition/shr-core-GivenName-model"/><identifier><system value="http://hl7.org/fhir/us/odh"/><value value="shr.core.GivenName"/></identifier><version value="1.0.0"/><name value="GivenName"/><title value="shr-core-GivenName"/><status value="draft"/><date value="2019-04-08T00:00:00-04:00"/><publisher value="HL7"/><contact><telecom><system value="url"/><value value="http://standardhealthrecord.org"/></telecom></contact><description value="The person&#39;s given name - e.g., John"/><keyword><system value="http://loinc.org"/><code value="45392-8"/></keyword><keyword><system value="http://snomed.info/sct"/><code value="408677003"/></keyword><fhirVersion value="3.0.1"/><kind value="logical"/><abstract value="false"/><type value="shr-core-GivenName-model"/><baseDefinition value="http://hl7.org/fhir/StructureDefinition/Element"/><derivation value="specialization"/><snapshot><element id="shr-core-GivenName-model"><path value="shr-core-GivenName-model"/><definition value="The person&#39;s given name - e.g., John"/><min value="0"/><max value="*"/><base><path value="shr-core-GivenName-model"/><min value="0"/><max value="*"/></base><mustSupport value="false"/><isModifier value="false"/><isSummary value="false"/></element><element id="shr-core-GivenName-model.value"><path value="shr-core-GivenName-model.value"/><short value="String representing the person&#39;s given name - e.g., John"/><definition value="String representing the person&#39;s given name - e.g., John"/><min value="1"/><max value="1"/><base><path value="shr-core-GivenName-model.value"/><min value="1"/><max value="1"/></base><type><code value="string"/></type><mustSupport value="false"/><isModifier value="false"/><isSummary value="false"/></element></snapshot><differential><element id="shr-core-GivenName-model"><path value="shr-core-GivenName-model"/><definition value="The person&#39;s given name - e.g., John"/><min value="0"/><max value="*"/><base><path value="shr-core-GivenName-model"/><min value="0"/><max value="*"/></base><mustSupport value="false"/><isModifier value="false"/><isSummary value="false"/></element><element id="shr-core-GivenName-model.value"><path value="shr-core-GivenName-model.value"/><short value="String representing the person&#39;s given name - e.g., John"/><definition value="String representing the person&#39;s given name - e.g., John"/><min value="1"/><max value="1"/><base><path value="shr-core-GivenName-model.value"/><min value="1"/><max value="1"/></base><type><code value="string"/></type><mustSupport value="false"/><isModifier value="false"/><isSummary value="false"/></element></differential></StructureDefinition>