<?xml version="1.0" encoding="UTF-8"?><StructureDefinition xmlns="http://hl7.org/fhir"><id value="odh-OccupationalDataForHealth-model"/><text><status value="generated"/><div xmlns="http://www.w3.org/1999/xhtml">
  <p><b>OccupationalDataForHealth Logical Model</b></p>
  <p>Current and past activities for profit, wages, salary, or as a service to others.
The profile is based on FHIR Composition that contains a single section, OccupationalDataSection.</p>
</div></text><url value="http://hl7.org/fhir/us/shr/StructureDefinition/odh-OccupationalDataForHealth-model"/><identifier><system value="http://hl7.org/fhir/us/odh"/><value value="odh.OccupationalDataForHealth"/></identifier><version value="1.0.0"/><name value="OccupationalDataForHealth"/><title value="odh-OccupationalDataForHealth"/><status value="draft"/><date value="2019-03-30T00:00:00-04:00"/><publisher value="HL7"/><contact><telecom><system value="url"/><value value="http://standardhealthrecord.org"/></telecom></contact><description value="Current and past activities for profit, wages, salary, or as a service to others.&#xA;The profile is based on FHIR Composition that contains a single section, OccupationalDataSection."/><fhirVersion value="3.0.1"/><kind value="logical"/><abstract value="false"/><type value="odh-OccupationalDataForHealth-model"/><baseDefinition value="http://hl7.org/fhir/StructureDefinition/Element"/><derivation value="specialization"/><snapshot><element id="odh-OccupationalDataForHealth-model"><path value="odh-OccupationalDataForHealth-model"/><definition value="Current and past activities for profit, wages, salary, or as a service to others.&#xA;The profile is based on FHIR Composition that contains a single section, OccupationalDataSection."/><min value="0"/><max value="*"/><base><path value="odh-OccupationalDataForHealth-model"/><min value="0"/><max value="*"/></base><mustSupport value="false"/><isModifier value="false"/><isSummary value="false"/></element><element id="odh-OccupationalDataForHealth-model.metadata"><path value="odh-OccupationalDataForHealth-model.metadata"/><short value="Elements that belong to all information items."/><definition value="Elements that belong to all information items."/><min value="0"/><max value="1"/><base><path value="odh-OccupationalDataForHealth-model.metadata"/><min value="0"/><max value="1"/></base><type><code value="http://hl7.org/fhir/us/shr/StructureDefinition/shr-core-Metadata-model"/></type><mustSupport value="false"/><isModifier value="false"/><isSummary value="false"/></element><element id="odh-OccupationalDataForHealth-model.language"><path value="odh-OccupationalDataForHealth-model.language"/><code><system value="http://ncimeta.nci.nih.gov"/><code value="C0023008"/></code><short value="A human language, spoken or written."/><definition value="A human language, spoken or written."/><min value="0"/><max value="1"/><base><path value="odh-OccupationalDataForHealth-model.language"/><min value="0"/><max value="1"/></base><type><code value="Coding"/></type><mustSupport value="false"/><isModifier value="false"/><isSummary value="false"/></element><element id="odh-OccupationalDataForHealth-model.implicitRules"><path value="odh-OccupationalDataForHealth-model.implicitRules"/><short value="A set of rules under which this content was created"/><definition value="A set of rules under which this content was created"/><min value="0"/><max value="1"/><base><path value="odh-OccupationalDataForHealth-model.implicitRules"/><min value="0"/><max value="1"/></base><type><code value="uri"/></type><mustSupport value="false"/><isModifier value="false"/><isSummary value="false"/></element><element id="odh-OccupationalDataForHealth-model.narrative"><path value="odh-OccupationalDataForHealth-model.narrative"/><short value="A human-readable narrative, potentially including images, that contains a summary of the resource, and may be used to represent the content of the resource to a human."/><definition value="A human-readable narrative, potentially including images, that contains a summary of the resource, and may be used to represent the content of the resource to a human."/><min value="0"/><max value="1"/><base><path value="odh-OccupationalDataForHealth-model.narrative"/><min value="0"/><max value="1"/></base><type><code value="http://hl7.org/fhir/us/shr/StructureDefinition/shr-core-Narrative-model"/></type><mustSupport value="false"/><isModifier value="false"/><isSummary value="false"/></element><element id="odh-OccupationalDataForHealth-model.status"><path value="odh-OccupationalDataForHealth-model.status"/><short value="A state that relates to the workflow or interpretation of this resource. Certain status values can modify the meaning of the resource, for example, entered-in-error. When a boolean value is used, Status of true indicates the record is active, false means inactive."/><definition value="A state that relates to the workflow or interpretation of this resource. Certain status values can modify the meaning of the resource, for example, entered-in-error. When a boolean value is used, Status of true indicates the record is active, false means inactive."/><min value="1"/><max value="1"/><base><path value="odh-OccupationalDataForHealth-model.status"/><min value="1"/><max value="1"/></base><type><code value="Coding"/></type><mustSupport value="false"/><isModifier value="false"/><isSummary value="false"/><binding><strength value="required"/><valueSetReference><reference value="http://hl7.org/fhir/ValueSet/composition-status"/></valueSetReference></binding></element><element id="odh-OccupationalDataForHealth-model.identifier"><path value="odh-OccupationalDataForHealth-model.identifier"/><short value="Business identifier or external id for this resource."/><definition value="Business identifier or external id for this resource."/><min value="0"/><max value="1"/><base><path value="odh-OccupationalDataForHealth-model.identifier"/><min value="0"/><max value="1"/></base><type><code value="http://hl7.org/fhir/us/shr/StructureDefinition/shr-core-Identifier-model"/></type><mustSupport value="false"/><isModifier value="false"/><isSummary value="false"/></element><element id="odh-OccupationalDataForHealth-model.type"><path value="odh-OccupationalDataForHealth-model.type"/><code><system value="http://ncimeta.nci.nih.gov"/><code value="C0332307"/></code><short value="A code describing the item at a greater level of detail."/><definition value="A code describing the item at a greater level of detail."/><min value="1"/><max value="1"/><base><path value="odh-OccupationalDataForHealth-model.type"/><min value="1"/><max value="1"/></base><type><code value="Coding"/></type><mustSupport value="false"/><isModifier value="false"/><isSummary value="false"/></element><element id="odh-OccupationalDataForHealth-model.type.id"><path value="odh-OccupationalDataForHealth-model.type.id"/><representation value="xmlAttr"/><short value="xml:id (or equivalent in JSON)"/><definition value="unique id for the element within a resource (for internal references). This may be any string value that does not contain spaces."/><min value="0"/><max value="1"/><base><path value="Element.id"/><min value="0"/><max value="1"/></base><type><code value="string"/></type><mapping><identity value="rim"/><map value="n/a"/></mapping></element><element id="odh-OccupationalDataForHealth-model.type.extension"><path value="odh-OccupationalDataForHealth-model.type.extension"/><slicing><discriminator><type value="value"/><path value="url"/></discriminator><description value="Extensions are always sliced by (at least) url"/><rules value="open"/></slicing><short value="Additional Content defined by implementations"/><definition value="May be used to represent additional information that is not part of the basic definition of the element. In order to make the use of extensions safe and manageable, there is a strict set of governance  applied to the definition and use of extensions. Though any implementer is allowed to define an extension, there is a set of requirements that SHALL be met as part of the definition of the extension."/><comment value="There can be no stigma associated with the use of extensions by any application, project, or standard - regardless of the institution or jurisdiction that uses or defines the extensions.  The use of extensions is what allows the FHIR specification to retain a core level of simplicity for everyone."/><min value="0"/><max value="*"/><base><path value="Element.extension"/><min value="0"/><max value="*"/></base><type><code value="Extension"/></type><mapping><identity value="rim"/><map value="n/a"/></mapping></element><element id="odh-OccupationalDataForHealth-model.type.system"><path value="odh-OccupationalDataForHealth-model.type.system"/><short value="Identity of the terminology system"/><definition value="The identification of the code system that defines the meaning of the symbol in the code."/><comment value="The URI may be an OID (urn:oid:...) or a UUID (urn:uuid:...).  OIDs and UUIDs SHALL be references to the HL7 OID registry. Otherwise, the URI should come from HL7&#39;s list of FHIR defined special URIs or it should de-reference to some definition that establish the system clearly and unambiguously."/><requirements value="Need to be unambiguous about the source of the definition of the symbol."/><min value="1"/><max value="1"/><base><path value="Coding.system"/><min value="0"/><max value="1"/></base><type><code value="uri"/></type><fixedUri value="http://loinc.org"/><isSummary value="true"/><mapping><identity value="v2"/><map value="C*E.3"/></mapping><mapping><identity value="rim"/><map value="./codeSystem"/></mapping><mapping><identity value="orim"/><map value="fhir:Coding.system rdfs:subPropertyOf dt:CDCoding.codeSystem"/></mapping></element><element id="odh-OccupationalDataForHealth-model.type.version"><path value="odh-OccupationalDataForHealth-model.type.version"/><short value="Version of the system - if relevant"/><definition value="The version of the code system which was used when choosing this code. Note that a well-maintained code system does not need the version reported, because the meaning of codes is consistent across versions. However this cannot consistently be assured. and when the meaning is not guaranteed to be consistent, the version SHOULD be exchanged."/><comment value="Where the terminology does not clearly define what string should be used to identify code system versions, the recommendation is to use the date (expressed in FHIR date format) on which that version was officially published as the version date."/><min value="0"/><max value="1"/><base><path value="Coding.version"/><min value="0"/><max value="1"/></base><type><code value="string"/></type><isSummary value="true"/><mapping><identity value="v2"/><map value="C*E.7"/></mapping><mapping><identity value="rim"/><map value="./codeSystemVersion"/></mapping><mapping><identity value="orim"/><map value="fhir:Coding.version rdfs:subPropertyOf dt:CDCoding.codeSystemVersion"/></mapping></element><element id="odh-OccupationalDataForHealth-model.type.code"><path value="odh-OccupationalDataForHealth-model.type.code"/><short value="Symbol in syntax defined by the system"/><definition value="A symbol in syntax defined by the system. The symbol may be a predefined code or an expression in a syntax defined by the coding system (e.g. post-coordination)."/><requirements value="Need to refer to a particular code in the system."/><min value="1"/><max value="1"/><base><path value="Coding.code"/><min value="0"/><max value="1"/></base><type><code value="code"/></type><fixedCode value="74166-0"/><isSummary value="true"/><mapping><identity value="v2"/><map value="C*E.1"/></mapping><mapping><identity value="rim"/><map value="./code"/></mapping><mapping><identity value="orim"/><map value="fhir:Coding.code rdfs:subPropertyOf dt:CDCoding.code"/></mapping></element><element id="odh-OccupationalDataForHealth-model.type.display"><extension url="http://hl7.org/fhir/StructureDefinition/elementdefinition-translatable"><valueBoolean value="true"/></extension><path value="odh-OccupationalDataForHealth-model.type.display"/><short value="Representation defined by the system"/><definition value="A representation of the meaning of the code in the system, following the rules of the system."/><requirements value="Need to be able to carry a human-readable meaning of the code for readers that do not know  the system."/><min value="0"/><max value="1"/><base><path value="Coding.display"/><min value="0"/><max value="1"/></base><type><code value="string"/></type><isSummary value="true"/><mapping><identity value="v2"/><map value="C*E.2 - but note this is not well followed"/></mapping><mapping><identity value="rim"/><map value="CV.displayName"/></mapping><mapping><identity value="orim"/><map value="fhir:Coding.display rdfs:subPropertyOf dt:CDCoding.displayName"/></mapping></element><element id="odh-OccupationalDataForHealth-model.type.userSelected"><path value="odh-OccupationalDataForHealth-model.type.userSelected"/><short value="If this coding was chosen directly by the user"/><definition value="Indicates that this coding was chosen by a user directly - i.e. off a pick list of available items (codes or displays)."/><comment value="Amongst a set of alternatives, a directly chosen code is the most appropriate starting point for new translations. There is some ambiguity about what exactly &#39;directly chosen&#39; implies, and trading partner agreement may be needed to clarify the use of this element and its consequences more completely."/><requirements value="This has been identified as a clinical safety criterium - that this exact system/code pair was chosen explicitly, rather than inferred by the system based on some rules or language processing."/><min value="0"/><max value="1"/><base><path value="Coding.userSelected"/><min value="0"/><max value="1"/></base><type><code value="boolean"/></type><isSummary value="true"/><mapping><identity value="v2"/><map value="Sometimes implied by being first"/></mapping><mapping><identity value="rim"/><map value="CD.codingRationale"/></mapping><mapping><identity value="orim"/><map value="fhir:Coding.userSelected fhir:mapsTo dt:CDCoding.codingRationale. fhir:Coding.userSelected fhir:hasMap fhir:Coding.userSelected.map. fhir:Coding.userSelected.map a fhir:Map;   fhir:target dt:CDCoding.codingRationale. fhir:Coding.userSelected\#true a [     fhir:source &quot;true&quot;;     fhir:target dt:CDCoding.codingRationale\#O   ]"/></mapping></element><element id="odh-OccupationalDataForHealth-model.occupationalDataSection"><path value="odh-OccupationalDataForHealth-model.occupationalDataSection"/><short value="Section in the OccupationalDataForHealth composition, containing the person&#39;s occupational data, past and present."/><definition value="Section in the OccupationalDataForHealth composition, containing the person&#39;s occupational data, past and present."/><min value="1"/><max value="1"/><base><path value="odh-OccupationalDataForHealth-model.occupationalDataSection"/><min value="1"/><max value="1"/></base><type><code value="http://hl7.org/fhir/us/shr/StructureDefinition/odh-OccupationalDataSection-model"/></type><mustSupport value="false"/><isModifier value="false"/><isSummary value="false"/></element></snapshot><differential><element id="odh-OccupationalDataForHealth-model"><path value="odh-OccupationalDataForHealth-model"/><definition value="Current and past activities for profit, wages, salary, or as a service to others.&#xA;The profile is based on FHIR Composition that contains a single section, OccupationalDataSection."/><min value="0"/><max value="*"/><base><path value="odh-OccupationalDataForHealth-model"/><min value="0"/><max value="*"/></base><mustSupport value="false"/><isModifier value="false"/><isSummary value="false"/></element><element id="odh-OccupationalDataForHealth-model.metadata"><path value="odh-OccupationalDataForHealth-model.metadata"/><short value="Elements that belong to all information items."/><definition value="Elements that belong to all information items."/><min value="0"/><max value="1"/><base><path value="odh-OccupationalDataForHealth-model.metadata"/><min value="0"/><max value="1"/></base><type><code value="http://hl7.org/fhir/us/shr/StructureDefinition/shr-core-Metadata-model"/></type><mustSupport value="false"/><isModifier value="false"/><isSummary value="false"/></element><element id="odh-OccupationalDataForHealth-model.language"><path value="odh-OccupationalDataForHealth-model.language"/><code><system value="http://ncimeta.nci.nih.gov"/><code value="C0023008"/></code><short value="A human language, spoken or written."/><definition value="A human language, spoken or written."/><min value="0"/><max value="1"/><base><path value="odh-OccupationalDataForHealth-model.language"/><min value="0"/><max value="1"/></base><type><code value="Coding"/></type><mustSupport value="false"/><isModifier value="false"/><isSummary value="false"/></element><element id="odh-OccupationalDataForHealth-model.implicitRules"><path value="odh-OccupationalDataForHealth-model.implicitRules"/><short value="A set of rules under which this content was created"/><definition value="A set of rules under which this content was created"/><min value="0"/><max value="1"/><base><path value="odh-OccupationalDataForHealth-model.implicitRules"/><min value="0"/><max value="1"/></base><type><code value="uri"/></type><mustSupport value="false"/><isModifier value="false"/><isSummary value="false"/></element><element id="odh-OccupationalDataForHealth-model.narrative"><path value="odh-OccupationalDataForHealth-model.narrative"/><short value="A human-readable narrative, potentially including images, that contains a summary of the resource, and may be used to represent the content of the resource to a human."/><definition value="A human-readable narrative, potentially including images, that contains a summary of the resource, and may be used to represent the content of the resource to a human."/><min value="0"/><max value="1"/><base><path value="odh-OccupationalDataForHealth-model.narrative"/><min value="0"/><max value="1"/></base><type><code value="http://hl7.org/fhir/us/shr/StructureDefinition/shr-core-Narrative-model"/></type><mustSupport value="false"/><isModifier value="false"/><isSummary value="false"/></element><element id="odh-OccupationalDataForHealth-model.status"><path value="odh-OccupationalDataForHealth-model.status"/><short value="A state that relates to the workflow or interpretation of this resource. Certain status values can modify the meaning of the resource, for example, entered-in-error. When a boolean value is used, Status of true indicates the record is active, false means inactive."/><definition value="A state that relates to the workflow or interpretation of this resource. Certain status values can modify the meaning of the resource, for example, entered-in-error. When a boolean value is used, Status of true indicates the record is active, false means inactive."/><min value="1"/><max value="1"/><base><path value="odh-OccupationalDataForHealth-model.status"/><min value="1"/><max value="1"/></base><type><code value="Coding"/></type><mustSupport value="false"/><isModifier value="false"/><isSummary value="false"/><binding><strength value="required"/><valueSetReference><reference value="http://hl7.org/fhir/ValueSet/composition-status"/></valueSetReference></binding></element><element id="odh-OccupationalDataForHealth-model.identifier"><path value="odh-OccupationalDataForHealth-model.identifier"/><short value="Business identifier or external id for this resource."/><definition value="Business identifier or external id for this resource."/><min value="0"/><max value="1"/><base><path value="odh-OccupationalDataForHealth-model.identifier"/><min value="0"/><max value="1"/></base><type><code value="http://hl7.org/fhir/us/shr/StructureDefinition/shr-core-Identifier-model"/></type><mustSupport value="false"/><isModifier value="false"/><isSummary value="false"/></element><element id="odh-OccupationalDataForHealth-model.type"><path value="odh-OccupationalDataForHealth-model.type"/><code><system value="http://ncimeta.nci.nih.gov"/><code value="C0332307"/></code><short value="A code describing the item at a greater level of detail."/><definition value="A code describing the item at a greater level of detail."/><min value="1"/><max value="1"/><base><path value="odh-OccupationalDataForHealth-model.type"/><min value="1"/><max value="1"/></base><type><code value="Coding"/></type><mustSupport value="false"/><isModifier value="false"/><isSummary value="false"/></element><element id="odh-OccupationalDataForHealth-model.type.id"><path value="odh-OccupationalDataForHealth-model.type.id"/><representation value="xmlAttr"/><short value="xml:id (or equivalent in JSON)"/><definition value="unique id for the element within a resource (for internal references). This may be any string value that does not contain spaces."/><min value="0"/><max value="1"/><base><path value="Element.id"/><min value="0"/><max value="1"/></base><type><code value="string"/></type><mapping><identity value="rim"/><map value="n/a"/></mapping></element><element id="odh-OccupationalDataForHealth-model.type.extension"><path value="odh-OccupationalDataForHealth-model.type.extension"/><slicing><discriminator><type value="value"/><path value="url"/></discriminator><description value="Extensions are always sliced by (at least) url"/><rules value="open"/></slicing><short value="Additional Content defined by implementations"/><definition value="May be used to represent additional information that is not part of the basic definition of the element. In order to make the use of extensions safe and manageable, there is a strict set of governance  applied to the definition and use of extensions. Though any implementer is allowed to define an extension, there is a set of requirements that SHALL be met as part of the definition of the extension."/><comment value="There can be no stigma associated with the use of extensions by any application, project, or standard - regardless of the institution or jurisdiction that uses or defines the extensions.  The use of extensions is what allows the FHIR specification to retain a core level of simplicity for everyone."/><min value="0"/><max value="*"/><base><path value="Element.extension"/><min value="0"/><max value="*"/></base><type><code value="Extension"/></type><mapping><identity value="rim"/><map value="n/a"/></mapping></element><element id="odh-OccupationalDataForHealth-model.type.system"><path value="odh-OccupationalDataForHealth-model.type.system"/><short value="Identity of the terminology system"/><definition value="The identification of the code system that defines the meaning of the symbol in the code."/><comment value="The URI may be an OID (urn:oid:...) or a UUID (urn:uuid:...).  OIDs and UUIDs SHALL be references to the HL7 OID registry. Otherwise, the URI should come from HL7&#39;s list of FHIR defined special URIs or it should de-reference to some definition that establish the system clearly and unambiguously."/><requirements value="Need to be unambiguous about the source of the definition of the symbol."/><min value="1"/><max value="1"/><base><path value="Coding.system"/><min value="0"/><max value="1"/></base><type><code value="uri"/></type><fixedUri value="http://loinc.org"/><isSummary value="true"/><mapping><identity value="v2"/><map value="C*E.3"/></mapping><mapping><identity value="rim"/><map value="./codeSystem"/></mapping><mapping><identity value="orim"/><map value="fhir:Coding.system rdfs:subPropertyOf dt:CDCoding.codeSystem"/></mapping></element><element id="odh-OccupationalDataForHealth-model.type.version"><path value="odh-OccupationalDataForHealth-model.type.version"/><short value="Version of the system - if relevant"/><definition value="The version of the code system which was used when choosing this code. Note that a well-maintained code system does not need the version reported, because the meaning of codes is consistent across versions. However this cannot consistently be assured. and when the meaning is not guaranteed to be consistent, the version SHOULD be exchanged."/><comment value="Where the terminology does not clearly define what string should be used to identify code system versions, the recommendation is to use the date (expressed in FHIR date format) on which that version was officially published as the version date."/><min value="0"/><max value="1"/><base><path value="Coding.version"/><min value="0"/><max value="1"/></base><type><code value="string"/></type><isSummary value="true"/><mapping><identity value="v2"/><map value="C*E.7"/></mapping><mapping><identity value="rim"/><map value="./codeSystemVersion"/></mapping><mapping><identity value="orim"/><map value="fhir:Coding.version rdfs:subPropertyOf dt:CDCoding.codeSystemVersion"/></mapping></element><element id="odh-OccupationalDataForHealth-model.type.code"><path value="odh-OccupationalDataForHealth-model.type.code"/><short value="Symbol in syntax defined by the system"/><definition value="A symbol in syntax defined by the system. The symbol may be a predefined code or an expression in a syntax defined by the coding system (e.g. post-coordination)."/><requirements value="Need to refer to a particular code in the system."/><min value="1"/><max value="1"/><base><path value="Coding.code"/><min value="0"/><max value="1"/></base><type><code value="code"/></type><fixedCode value="74166-0"/><isSummary value="true"/><mapping><identity value="v2"/><map value="C*E.1"/></mapping><mapping><identity value="rim"/><map value="./code"/></mapping><mapping><identity value="orim"/><map value="fhir:Coding.code rdfs:subPropertyOf dt:CDCoding.code"/></mapping></element><element id="odh-OccupationalDataForHealth-model.type.display"><extension url="http://hl7.org/fhir/StructureDefinition/elementdefinition-translatable"><valueBoolean value="true"/></extension><path value="odh-OccupationalDataForHealth-model.type.display"/><short value="Representation defined by the system"/><definition value="A representation of the meaning of the code in the system, following the rules of the system."/><requirements value="Need to be able to carry a human-readable meaning of the code for readers that do not know  the system."/><min value="0"/><max value="1"/><base><path value="Coding.display"/><min value="0"/><max value="1"/></base><type><code value="string"/></type><isSummary value="true"/><mapping><identity value="v2"/><map value="C*E.2 - but note this is not well followed"/></mapping><mapping><identity value="rim"/><map value="CV.displayName"/></mapping><mapping><identity value="orim"/><map value="fhir:Coding.display rdfs:subPropertyOf dt:CDCoding.displayName"/></mapping></element><element id="odh-OccupationalDataForHealth-model.type.userSelected"><path value="odh-OccupationalDataForHealth-model.type.userSelected"/><short value="If this coding was chosen directly by the user"/><definition value="Indicates that this coding was chosen by a user directly - i.e. off a pick list of available items (codes or displays)."/><comment value="Amongst a set of alternatives, a directly chosen code is the most appropriate starting point for new translations. There is some ambiguity about what exactly &#39;directly chosen&#39; implies, and trading partner agreement may be needed to clarify the use of this element and its consequences more completely."/><requirements value="This has been identified as a clinical safety criterium - that this exact system/code pair was chosen explicitly, rather than inferred by the system based on some rules or language processing."/><min value="0"/><max value="1"/><base><path value="Coding.userSelected"/><min value="0"/><max value="1"/></base><type><code value="boolean"/></type><isSummary value="true"/><mapping><identity value="v2"/><map value="Sometimes implied by being first"/></mapping><mapping><identity value="rim"/><map value="CD.codingRationale"/></mapping><mapping><identity value="orim"/><map value="fhir:Coding.userSelected fhir:mapsTo dt:CDCoding.codingRationale. fhir:Coding.userSelected fhir:hasMap fhir:Coding.userSelected.map. fhir:Coding.userSelected.map a fhir:Map;   fhir:target dt:CDCoding.codingRationale. fhir:Coding.userSelected\#true a [     fhir:source &quot;true&quot;;     fhir:target dt:CDCoding.codingRationale\#O   ]"/></mapping></element><element id="odh-OccupationalDataForHealth-model.occupationalDataSection"><path value="odh-OccupationalDataForHealth-model.occupationalDataSection"/><short value="Section in the OccupationalDataForHealth composition, containing the person&#39;s occupational data, past and present."/><definition value="Section in the OccupationalDataForHealth composition, containing the person&#39;s occupational data, past and present."/><min value="1"/><max value="1"/><base><path value="odh-OccupationalDataForHealth-model.occupationalDataSection"/><min value="1"/><max value="1"/></base><type><code value="http://hl7.org/fhir/us/shr/StructureDefinition/odh-OccupationalDataSection-model"/></type><mustSupport value="false"/><isModifier value="false"/><isSummary value="false"/></element></differential></StructureDefinition>