<?xml version="1.0" encoding="UTF-8"?><StructureDefinition xmlns="http://hl7.org/fhir"><id value="shr-core-DurationRange-model"/><text><status value="generated"/><div xmlns="http://www.w3.org/1999/xhtml">
  <p><b>DurationRange Logical Model</b></p>
  <p>A range of durations.</p>
</div></text><url value="http://hl7.org/fhir/us/shr/StructureDefinition/shr-core-DurationRange-model"/><identifier><system value="http://hl7.org/fhir/us/odh"/><value value="shr.core.DurationRange"/></identifier><version value="1.0.0"/><name value="DurationRange"/><title value="shr-core-DurationRange"/><status value="draft"/><date value="2019-03-30T00:00:00-04:00"/><publisher value="HL7"/><contact><telecom><system value="url"/><value value="http://standardhealthrecord.org"/></telecom></contact><description value="A range of durations."/><fhirVersion value="3.0.1"/><kind value="logical"/><abstract value="false"/><type value="shr-core-DurationRange-model"/><baseDefinition value="http://hl7.org/fhir/StructureDefinition/Element"/><derivation value="specialization"/><snapshot><element id="shr-core-DurationRange-model"><path value="shr-core-DurationRange-model"/><definition value="A range of durations."/><min value="0"/><max value="*"/><base><path value="shr-core-DurationRange-model"/><min value="0"/><max value="*"/></base><mustSupport value="false"/><isModifier value="false"/><isSummary value="false"/></element><element id="shr-core-DurationRange-model.lowerBound"><path value="shr-core-DurationRange-model.lowerBound"/><code><system value="http://ncimeta.nci.nih.gov"/><code value="C0449238"/></code><short value="The lower limit on a range"/><definition value="The lower limit on a range"/><min value="0"/><max value="1"/><base><path value="shr-core-DurationRange-model.lowerBound"/><min value="0"/><max value="1"/></base><type><code value="http://hl7.org/fhir/us/shr/StructureDefinition/shr-core-Duration-model"/></type><mustSupport value="false"/><isModifier value="false"/><isSummary value="false"/></element><element id="shr-core-DurationRange-model.upperBound"><path value="shr-core-DurationRange-model.upperBound"/><code><system value="http://ncimeta.nci.nih.gov"/><code value="C0449238"/></code><short value="The upper limit on a quantitative value."/><definition value="The upper limit on a quantitative value."/><min value="0"/><max value="1"/><base><path value="shr-core-DurationRange-model.upperBound"/><min value="0"/><max value="1"/></base><type><code value="http://hl7.org/fhir/us/shr/StructureDefinition/shr-core-Duration-model"/></type><mustSupport value="false"/><isModifier value="false"/><isSummary value="false"/></element></snapshot><differential><element id="shr-core-DurationRange-model"><path value="shr-core-DurationRange-model"/><definition value="A range of durations."/><min value="0"/><max value="*"/><base><path value="shr-core-DurationRange-model"/><min value="0"/><max value="*"/></base><mustSupport value="false"/><isModifier value="false"/><isSummary value="false"/></element><element id="shr-core-DurationRange-model.lowerBound"><path value="shr-core-DurationRange-model.lowerBound"/><code><system value="http://ncimeta.nci.nih.gov"/><code value="C0449238"/></code><short value="The lower limit on a range"/><definition value="The lower limit on a range"/><min value="0"/><max value="1"/><base><path value="shr-core-DurationRange-model.lowerBound"/><min value="0"/><max value="1"/></base><type><code value="http://hl7.org/fhir/us/shr/StructureDefinition/shr-core-Duration-model"/></type><mustSupport value="false"/><isModifier value="false"/><isSummary value="false"/></element><element id="shr-core-DurationRange-model.upperBound"><path value="shr-core-DurationRange-model.upperBound"/><code><system value="http://ncimeta.nci.nih.gov"/><code value="C0449238"/></code><short value="The upper limit on a quantitative value."/><definition value="The upper limit on a quantitative value."/><min value="0"/><max value="1"/><base><path value="shr-core-DurationRange-model.upperBound"/><min value="0"/><max value="1"/></base><type><code value="http://hl7.org/fhir/us/shr/StructureDefinition/shr-core-Duration-model"/></type><mustSupport value="false"/><isModifier value="false"/><isSummary value="false"/></element></differential></StructureDefinition>