<?xml version="1.0" encoding="UTF-8"?><StructureDefinition xmlns="http://hl7.org/fhir"><id value="shr-core-NarrativeText-model"/><text><status value="generated"/><div xmlns="http://www.w3.org/1999/xhtml">
  <p><b>NarrativeText Logical Model</b></p>
  <p>Text of narrative, in xhtml.</p>
</div></text><url value="http://hl7.org/fhir/us/shr/StructureDefinition/shr-core-NarrativeText-model"/><identifier><system value="http://hl7.org/fhir/us/odh"/><value value="shr.core.NarrativeText"/></identifier><version value="1.0.0"/><name value="NarrativeText"/><title value="shr-core-NarrativeText"/><status value="draft"/><date value="2019-03-30T00:00:00-04:00"/><publisher value="HL7"/><contact><telecom><system value="url"/><value value="http://standardhealthrecord.org"/></telecom></contact><description value="Text of narrative, in xhtml."/><fhirVersion value="3.0.1"/><kind value="logical"/><abstract value="false"/><type value="shr-core-NarrativeText-model"/><baseDefinition value="http://hl7.org/fhir/StructureDefinition/Element"/><derivation value="specialization"/><snapshot><element id="shr-core-NarrativeText-model"><path value="shr-core-NarrativeText-model"/><definition value="Text of narrative, in xhtml."/><min value="0"/><max value="*"/><base><path value="shr-core-NarrativeText-model"/><min value="0"/><max value="*"/></base><mustSupport value="false"/><isModifier value="false"/><isSummary value="false"/></element><element id="shr-core-NarrativeText-model.value"><path value="shr-core-NarrativeText-model.value"/><short value="Xhtml representing text of narrative, in xhtml."/><definition value="Xhtml representing text of narrative, in xhtml."/><min value="1"/><max value="1"/><base><path value="shr-core-NarrativeText-model.value"/><min value="1"/><max value="1"/></base><type><code value="xhtml"/></type><mustSupport value="false"/><isModifier value="false"/><isSummary value="false"/></element></snapshot><differential><element id="shr-core-NarrativeText-model"><path value="shr-core-NarrativeText-model"/><definition value="Text of narrative, in xhtml."/><min value="0"/><max value="*"/><base><path value="shr-core-NarrativeText-model"/><min value="0"/><max value="*"/></base><mustSupport value="false"/><isModifier value="false"/><isSummary value="false"/></element><element id="shr-core-NarrativeText-model.value"><path value="shr-core-NarrativeText-model.value"/><short value="Xhtml representing text of narrative, in xhtml."/><definition value="Xhtml representing text of narrative, in xhtml."/><min value="1"/><max value="1"/><base><path value="shr-core-NarrativeText-model.value"/><min value="1"/><max value="1"/></base><type><code value="xhtml"/></type><mustSupport value="false"/><isModifier value="false"/><isSummary value="false"/></element></differential></StructureDefinition>