<?xml version="1.0" encoding="UTF-8"?><StructureDefinition xmlns="http://hl7.org/fhir"><id value="shr-core-RaceDetail-model"/><text><status value="generated"/><div xmlns="http://www.w3.org/1999/xhtml">
  <p><b>RaceDetail Logical Model</b></p>
  <p>Additional description of race or heritage.</p>
</div></text><url value="http://hl7.org/fhir/us/shr/StructureDefinition/shr-core-RaceDetail-model"/><identifier><system value="http://hl7.org/fhir/us/odh"/><value value="shr.core.RaceDetail"/></identifier><version value="1.0.0"/><name value="RaceDetail"/><title value="shr-core-RaceDetail"/><status value="draft"/><date value="2019-04-08T00:00:00-04:00"/><publisher value="HL7"/><contact><telecom><system value="url"/><value value="http://standardhealthrecord.org"/></telecom></contact><description value="Additional description of race or heritage."/><fhirVersion value="3.0.1"/><kind value="logical"/><abstract value="false"/><type value="shr-core-RaceDetail-model"/><baseDefinition value="http://hl7.org/fhir/StructureDefinition/Element"/><derivation value="specialization"/><snapshot><element id="shr-core-RaceDetail-model"><path value="shr-core-RaceDetail-model"/><definition value="Additional description of race or heritage."/><min value="0"/><max value="*"/><base><path value="shr-core-RaceDetail-model"/><min value="0"/><max value="*"/></base><mustSupport value="false"/><isModifier value="false"/><isSummary value="false"/></element><element id="shr-core-RaceDetail-model.value"><path value="shr-core-RaceDetail-model.value"/><short value="Code representing additional description of race or heritage."/><definition value="Code representing additional description of race or heritage."/><min value="1"/><max value="1"/><base><path value="shr-core-RaceDetail-model.value"/><min value="1"/><max value="1"/></base><type><code value="Coding"/></type><mustSupport value="false"/><isModifier value="false"/><isSummary value="false"/><binding><strength value="required"/><valueSetReference><reference value="http://hl7.org/fhir/us/core/ValueSet/detailed-race"/></valueSetReference></binding></element></snapshot><differential><element id="shr-core-RaceDetail-model"><path value="shr-core-RaceDetail-model"/><definition value="Additional description of race or heritage."/><min value="0"/><max value="*"/><base><path value="shr-core-RaceDetail-model"/><min value="0"/><max value="*"/></base><mustSupport value="false"/><isModifier value="false"/><isSummary value="false"/></element><element id="shr-core-RaceDetail-model.value"><path value="shr-core-RaceDetail-model.value"/><short value="Code representing additional description of race or heritage."/><definition value="Code representing additional description of race or heritage."/><min value="1"/><max value="1"/><base><path value="shr-core-RaceDetail-model.value"/><min value="1"/><max value="1"/></base><type><code value="Coding"/></type><mustSupport value="false"/><isModifier value="false"/><isSummary value="false"/><binding><strength value="required"/><valueSetReference><reference value="http://hl7.org/fhir/us/core/ValueSet/detailed-race"/></valueSetReference></binding></element></differential></StructureDefinition>