<?xml version="1.0" encoding="UTF-8"?><StructureDefinition xmlns="http://hl7.org/fhir"><id value="shr-core-ActionRequested-model"/><text><status value="generated"/><div xmlns="http://www.w3.org/1999/xhtml">
  <p><b>ActionRequested Logical Model</b></p>
  <p>Abstract class representing a request for any type of action to be performed.</p>
</div></text><url value="http://hl7.org/fhir/us/shr/StructureDefinition/shr-core-ActionRequested-model"/><identifier><system value="http://hl7.org/fhir/us/odh"/><value value="shr.core.ActionRequested"/></identifier><version value="1.0.0"/><name value="ActionRequested"/><title value="shr-core-ActionRequested"/><status value="draft"/><date value="2019-03-30T00:00:00-04:00"/><publisher value="HL7"/><contact><telecom><system value="url"/><value value="http://standardhealthrecord.org"/></telecom></contact><description value="Abstract class representing a request for any type of action to be performed."/><fhirVersion value="3.0.1"/><kind value="logical"/><abstract value="false"/><type value="shr-core-ActionRequested-model"/><baseDefinition value="http://hl7.org/fhir/StructureDefinition/Element"/><derivation value="specialization"/><snapshot><element id="shr-core-ActionRequested-model"><path value="shr-core-ActionRequested-model"/><definition value="Abstract class representing a request for any type of action to be performed."/><min value="0"/><max value="*"/><base><path value="shr-core-ActionRequested-model"/><min value="0"/><max value="*"/></base><mustSupport value="false"/><isModifier value="false"/><isSummary value="false"/></element><element id="shr-core-ActionRequested-model.metadata"><path value="shr-core-ActionRequested-model.metadata"/><short value="Elements that belong to all information items."/><definition value="Elements that belong to all information items."/><min value="0"/><max value="1"/><base><path value="shr-core-ActionRequested-model.metadata"/><min value="0"/><max value="1"/></base><type><code value="http://hl7.org/fhir/us/shr/StructureDefinition/shr-core-Metadata-model"/></type><mustSupport value="false"/><isModifier value="false"/><isSummary value="false"/></element><element id="shr-core-ActionRequested-model.language"><path value="shr-core-ActionRequested-model.language"/><code><system value="http://ncimeta.nci.nih.gov"/><code value="C0023008"/></code><short value="A human language, spoken or written."/><definition value="A human language, spoken or written."/><min value="0"/><max value="1"/><base><path value="shr-core-ActionRequested-model.language"/><min value="0"/><max value="1"/></base><type><code value="Coding"/></type><mustSupport value="false"/><isModifier value="false"/><isSummary value="false"/></element><element id="shr-core-ActionRequested-model.implicitRules"><path value="shr-core-ActionRequested-model.implicitRules"/><short value="A set of rules under which this content was created"/><definition value="A set of rules under which this content was created"/><min value="0"/><max value="1"/><base><path value="shr-core-ActionRequested-model.implicitRules"/><min value="0"/><max value="1"/></base><type><code value="uri"/></type><mustSupport value="false"/><isModifier value="false"/><isSummary value="false"/></element><element id="shr-core-ActionRequested-model.narrative"><path value="shr-core-ActionRequested-model.narrative"/><short value="A human-readable narrative, potentially including images, that contains a summary of the resource, and may be used to represent the content of the resource to a human."/><definition value="A human-readable narrative, potentially including images, that contains a summary of the resource, and may be used to represent the content of the resource to a human."/><min value="0"/><max value="1"/><base><path value="shr-core-ActionRequested-model.narrative"/><min value="0"/><max value="1"/></base><type><code value="http://hl7.org/fhir/us/shr/StructureDefinition/shr-core-Narrative-model"/></type><mustSupport value="false"/><isModifier value="false"/><isSummary value="false"/></element><element id="shr-core-ActionRequested-model.status"><path value="shr-core-ActionRequested-model.status"/><short value="A state that relates to the workflow or interpretation of this resource. Certain status values can modify the meaning of the resource, for example, entered-in-error. When a boolean value is used, Status of true indicates the record is active, false means inactive."/><definition value="A state that relates to the workflow or interpretation of this resource. Certain status values can modify the meaning of the resource, for example, entered-in-error. When a boolean value is used, Status of true indicates the record is active, false means inactive."/><min value="1"/><max value="1"/><base><path value="shr-core-ActionRequested-model.status"/><min value="1"/><max value="1"/></base><type><code value="Coding"/></type><mustSupport value="false"/><isModifier value="false"/><isSummary value="false"/></element><element id="shr-core-ActionRequested-model.identifier"><path value="shr-core-ActionRequested-model.identifier"/><short value="Business identifier or external id for this resource."/><definition value="Business identifier or external id for this resource."/><min value="0"/><max value="*"/><base><path value="shr-core-ActionRequested-model.identifier"/><min value="0"/><max value="*"/></base><type><code value="http://hl7.org/fhir/us/shr/StructureDefinition/shr-core-Identifier-model"/></type><mustSupport value="false"/><isModifier value="false"/><isSummary value="false"/></element><element id="shr-core-ActionRequested-model.subjectOfRecord[x]"><path value="shr-core-ActionRequested-model.subjectOfRecord[x]"/><short value="The subject of a clinical statement, often called the Patient or the Subject. The SubjectOfRecord typically identifies the clinical record in which this statement is contained. If the statement should be in John Doe&#39;s patient record, then John Doe is the subject of record. When there is no patient, the SubjectOfRecord can also be a location, group, or other entity that statement pertains to. For example, observations concerning a hospital ward would have a Location as the SubjectOfRecord."/><definition value="The subject of a clinical statement, often called the Patient or the Subject. The SubjectOfRecord typically identifies the clinical record in which this statement is contained. If the statement should be in John Doe&#39;s patient record, then John Doe is the subject of record. When there is no patient, the SubjectOfRecord can also be a location, group, or other entity that statement pertains to. For example, observations concerning a hospital ward would have a Location as the SubjectOfRecord.&#xA;&#xA;Note that the word &#39;Subject&#39; is used here in the sense of a person or entity subjected to observations or actions, not subject as in a conceptual topic, like heart disease."/><min value="1"/><max value="1"/><base><path value="shr-core-ActionRequested-model.subjectOfRecord[x]"/><min value="1"/><max value="1"/></base><type><code value="Reference"/><targetProfile value="http://hl7.org/fhir/us/shr/StructureDefinition/shr-core-Patient-model"/></type><type><code value="Reference"/><targetProfile value="http://hl7.org/fhir/us/shr/StructureDefinition/shr-core-Practitioner-model"/></type><type><code value="Reference"/><targetProfile value="http://hl7.org/fhir/us/shr/StructureDefinition/shr-core-Group-model"/></type><type><code value="Reference"/><targetProfile value="http://hl7.org/fhir/us/shr/StructureDefinition/shr-core-Device-model"/></type><type><code value="Reference"/><targetProfile value="http://hl7.org/fhir/us/shr/StructureDefinition/shr-core-Specimen-model"/></type><type><code value="Reference"/><targetProfile value="http://hl7.org/fhir/us/shr/StructureDefinition/shr-core-Location-model"/></type><type><code value="Reference"/><targetProfile value="http://hl7.org/fhir/us/shr/StructureDefinition/shr-core-Medication-model"/></type><type><code value="Reference"/><targetProfile value="http://hl7.org/fhir/us/shr/StructureDefinition/shr-core-ResearchSubject-model"/></type><mustSupport value="false"/><isModifier value="false"/><isSummary value="false"/></element><element id="shr-core-ActionRequested-model.careContext[x]"><path value="shr-core-ActionRequested-model.careContext[x]"/><short value="The encounter or episode of care"/><definition value="The encounter or episode of care"/><min value="0"/><max value="1"/><base><path value="shr-core-ActionRequested-model.careContext[x]"/><min value="0"/><max value="1"/></base><type><code value="Reference"/><targetProfile value="http://hl7.org/fhir/us/shr/StructureDefinition/shr-core-Encounter-model"/></type><type><code value="Reference"/><targetProfile value="http://hl7.org/fhir/us/shr/StructureDefinition/shr-core-EpisodeOfCare-model"/></type><mustSupport value="false"/><isModifier value="false"/><isSummary value="false"/></element><element id="shr-core-ActionRequested-model.statementDateTime"><path value="shr-core-ActionRequested-model.statementDateTime"/><code><system value="http://ncimeta.nci.nih.gov"/><code value="C3669169"/></code><short value="The point in time when the statement was created."/><definition value="The point in time when the statement was created."/><min value="0"/><max value="1"/><base><path value="shr-core-ActionRequested-model.statementDateTime"/><min value="0"/><max value="1"/></base><type><code value="dateTime"/></type><mustSupport value="false"/><isModifier value="false"/><isSummary value="false"/></element><element id="shr-core-ActionRequested-model.reasonCode"><path value="shr-core-ActionRequested-model.reasonCode"/><code><system value="http://ncimeta.nci.nih.gov"/><code value="C0566251"/></code><short value="The justification, as a code."/><definition value="The justification, as a code.&#xA;Reason is a string or CodeableConcept in DSTU2 but in later versions only a CodeableConcept, so we are not going to support a string."/><min value="0"/><max value="*"/><base><path value="shr-core-ActionRequested-model.reasonCode"/><min value="0"/><max value="*"/></base><type><code value="Coding"/></type><mustSupport value="false"/><isModifier value="false"/><isSummary value="false"/></element><element id="shr-core-ActionRequested-model.reasonReference[x]"><path value="shr-core-ActionRequested-model.reasonReference[x]"/><short value="The justification, as reference to a condition or observation."/><definition value="The justification, as reference to a condition or observation."/><min value="0"/><max value="*"/><base><path value="shr-core-ActionRequested-model.reasonReference[x]"/><min value="0"/><max value="*"/></base><type><code value="Reference"/><targetProfile value="http://hl7.org/fhir/us/shr/StructureDefinition/shr-core-Condition-model"/></type><type><code value="Reference"/><targetProfile value="http://hl7.org/fhir/us/shr/StructureDefinition/shr-core-Observation-model"/></type><mustSupport value="false"/><isModifier value="false"/><isSummary value="false"/></element><element id="shr-core-ActionRequested-model.type"><path value="shr-core-ActionRequested-model.type"/><code><system value="http://ncimeta.nci.nih.gov"/><code value="C0332307"/></code><short value="A code describing the item at a greater level of detail."/><definition value="A code describing the item at a greater level of detail."/><min value="0"/><max value="1"/><base><path value="shr-core-ActionRequested-model.type"/><min value="0"/><max value="1"/></base><type><code value="Coding"/></type><mustSupport value="false"/><isModifier value="false"/><isSummary value="false"/></element><element id="shr-core-ActionRequested-model.requestIntent"><path value="shr-core-ActionRequested-model.requestIntent"/><short value="Indicates the level of authority/intentionality associated with the request and where the request fits into the workflow chain."/><definition value="Indicates the level of authority/intentionality associated with the request and where the request fits into the workflow chain."/><min value="1"/><max value="1"/><base><path value="shr-core-ActionRequested-model.requestIntent"/><min value="1"/><max value="1"/></base><type><code value="Coding"/></type><mustSupport value="false"/><isModifier value="false"/><isSummary value="false"/><binding><strength value="preferred"/><valueSetReference><reference value="http://hl7.org/fhir/ValueSet/request-intent"/></valueSetReference></binding></element><element id="shr-core-ActionRequested-model.expectedPerformanceTime[x]"><path value="shr-core-ActionRequested-model.expectedPerformanceTime[x]"/><short value="When an action should be done. If the action is a series or recurs (e.g. daily blood sugar testing in the morning) then a Timing can be used to describe the periodicity."/><definition value="When an action should be done. If the action is a series or recurs (e.g. daily blood sugar testing in the morning) then a Timing can be used to describe the periodicity."/><min value="0"/><max value="1"/><base><path value="shr-core-ActionRequested-model.expectedPerformanceTime[x]"/><min value="0"/><max value="1"/></base><type><code value="dateTime"/></type><type><code value="http://hl7.org/fhir/us/shr/StructureDefinition/shr-core-TimePeriod-model"/></type><type><code value="http://hl7.org/fhir/us/shr/StructureDefinition/shr-core-Timing-model"/></type><mustSupport value="false"/><isModifier value="false"/><isSummary value="false"/></element><element id="shr-core-ActionRequested-model.expectedPerformerType"><path value="shr-core-ActionRequested-model.expectedPerformerType"/><short value="What type of party should carry out the testing."/><definition value="What type of party should carry out the testing."/><min value="0"/><max value="1"/><base><path value="shr-core-ActionRequested-model.expectedPerformerType"/><min value="0"/><max value="1"/></base><type><code value="Coding"/></type><mustSupport value="false"/><isModifier value="false"/><isSummary value="false"/></element><element id="shr-core-ActionRequested-model.recipient[x]"><path value="shr-core-ActionRequested-model.recipient[x]"/><short value="Who this request is being addressed to."/><definition value="Who this request is being addressed to."/><min value="0"/><max value="1"/><base><path value="shr-core-ActionRequested-model.recipient[x]"/><min value="0"/><max value="1"/></base><type><code value="Reference"/><targetProfile value="http://hl7.org/fhir/us/shr/StructureDefinition/shr-core-Patient-model"/></type><type><code value="Reference"/><targetProfile value="http://hl7.org/fhir/us/shr/StructureDefinition/shr-core-Practitioner-model"/></type><type><code value="Reference"/><targetProfile value="http://hl7.org/fhir/us/shr/StructureDefinition/shr-core-RelatedPerson-model"/></type><type><code value="Reference"/><targetProfile value="http://hl7.org/fhir/us/shr/StructureDefinition/shr-core-Organization-model"/></type><type><code value="Reference"/><targetProfile value="http://hl7.org/fhir/us/shr/StructureDefinition/shr-core-Device-model"/></type><mustSupport value="false"/><isModifier value="false"/><isSummary value="false"/></element><element id="shr-core-ActionRequested-model.priorityCode[x]"><path value="shr-core-ActionRequested-model.priorityCode[x]"/><code><system value="http://ncimeta.nci.nih.gov"/><code value="C0549179"/></code><short value="An indication of the importance of an action relative to other actions."/><definition value="An indication of the importance of an action relative to other actions."/><min value="0"/><max value="1"/><base><path value="shr-core-ActionRequested-model.priorityCode[x]"/><min value="0"/><max value="1"/></base><type><code value="positiveInt"/></type><type><code value="Coding"/></type><mustSupport value="false"/><isModifier value="false"/><isSummary value="false"/></element><element id="shr-core-ActionRequested-model.annotation"><path value="shr-core-ActionRequested-model.annotation"/><short value="An added or follow-up note, often after the fact, that contains metadata about who made the statement and when."/><definition value="An added or follow-up note, often after the fact, that contains metadata about who made the statement and when."/><min value="0"/><max value="*"/><base><path value="shr-core-ActionRequested-model.annotation"/><min value="0"/><max value="*"/></base><type><code value="http://hl7.org/fhir/us/shr/StructureDefinition/shr-core-Annotation-model"/></type><mustSupport value="false"/><isModifier value="false"/><isSummary value="false"/></element><element id="shr-core-ActionRequested-model.communicationMethod"><path value="shr-core-ActionRequested-model.communicationMethod"/><short value="This is the method the provider used to communicate. Examples include: Written, Telephoned, Verbal, Electronically Entered, Policy, Service Correction, Duplicate, etc. &#39;Code indicating the origin of the prescription.&#39; - NCPDP Telecommunication (Field 419-DJ, Data Dictionary 201104). Possible values include: Written; Telephone; Electronic; Facsimile; Pharmacy; Not Known."/><definition value="This is the method the provider used to communicate. Examples include: Written, Telephoned, Verbal, Electronically Entered, Policy, Service Correction, Duplicate, etc. &#39;Code indicating the origin of the prescription.&#39; - NCPDP Telecommunication (Field 419-DJ, Data Dictionary 201104). Possible values include: Written; Telephone; Electronic; Facsimile; Pharmacy; Not Known."/><min value="0"/><max value="1"/><base><path value="shr-core-ActionRequested-model.communicationMethod"/><min value="0"/><max value="1"/></base><type><code value="Coding"/></type><mustSupport value="false"/><isModifier value="false"/><isSummary value="false"/></element></snapshot><differential><element id="shr-core-ActionRequested-model"><path value="shr-core-ActionRequested-model"/><definition value="Abstract class representing a request for any type of action to be performed."/><min value="0"/><max value="*"/><base><path value="shr-core-ActionRequested-model"/><min value="0"/><max value="*"/></base><mustSupport value="false"/><isModifier value="false"/><isSummary value="false"/></element><element id="shr-core-ActionRequested-model.metadata"><path value="shr-core-ActionRequested-model.metadata"/><short value="Elements that belong to all information items."/><definition value="Elements that belong to all information items."/><min value="0"/><max value="1"/><base><path value="shr-core-ActionRequested-model.metadata"/><min value="0"/><max value="1"/></base><type><code value="http://hl7.org/fhir/us/shr/StructureDefinition/shr-core-Metadata-model"/></type><mustSupport value="false"/><isModifier value="false"/><isSummary value="false"/></element><element id="shr-core-ActionRequested-model.language"><path value="shr-core-ActionRequested-model.language"/><code><system value="http://ncimeta.nci.nih.gov"/><code value="C0023008"/></code><short value="A human language, spoken or written."/><definition value="A human language, spoken or written."/><min value="0"/><max value="1"/><base><path value="shr-core-ActionRequested-model.language"/><min value="0"/><max value="1"/></base><type><code value="Coding"/></type><mustSupport value="false"/><isModifier value="false"/><isSummary value="false"/></element><element id="shr-core-ActionRequested-model.implicitRules"><path value="shr-core-ActionRequested-model.implicitRules"/><short value="A set of rules under which this content was created"/><definition value="A set of rules under which this content was created"/><min value="0"/><max value="1"/><base><path value="shr-core-ActionRequested-model.implicitRules"/><min value="0"/><max value="1"/></base><type><code value="uri"/></type><mustSupport value="false"/><isModifier value="false"/><isSummary value="false"/></element><element id="shr-core-ActionRequested-model.narrative"><path value="shr-core-ActionRequested-model.narrative"/><short value="A human-readable narrative, potentially including images, that contains a summary of the resource, and may be used to represent the content of the resource to a human."/><definition value="A human-readable narrative, potentially including images, that contains a summary of the resource, and may be used to represent the content of the resource to a human."/><min value="0"/><max value="1"/><base><path value="shr-core-ActionRequested-model.narrative"/><min value="0"/><max value="1"/></base><type><code value="http://hl7.org/fhir/us/shr/StructureDefinition/shr-core-Narrative-model"/></type><mustSupport value="false"/><isModifier value="false"/><isSummary value="false"/></element><element id="shr-core-ActionRequested-model.status"><path value="shr-core-ActionRequested-model.status"/><short value="A state that relates to the workflow or interpretation of this resource. Certain status values can modify the meaning of the resource, for example, entered-in-error. When a boolean value is used, Status of true indicates the record is active, false means inactive."/><definition value="A state that relates to the workflow or interpretation of this resource. Certain status values can modify the meaning of the resource, for example, entered-in-error. When a boolean value is used, Status of true indicates the record is active, false means inactive."/><min value="1"/><max value="1"/><base><path value="shr-core-ActionRequested-model.status"/><min value="1"/><max value="1"/></base><type><code value="Coding"/></type><mustSupport value="false"/><isModifier value="false"/><isSummary value="false"/></element><element id="shr-core-ActionRequested-model.identifier"><path value="shr-core-ActionRequested-model.identifier"/><short value="Business identifier or external id for this resource."/><definition value="Business identifier or external id for this resource."/><min value="0"/><max value="*"/><base><path value="shr-core-ActionRequested-model.identifier"/><min value="0"/><max value="*"/></base><type><code value="http://hl7.org/fhir/us/shr/StructureDefinition/shr-core-Identifier-model"/></type><mustSupport value="false"/><isModifier value="false"/><isSummary value="false"/></element><element id="shr-core-ActionRequested-model.subjectOfRecord[x]"><path value="shr-core-ActionRequested-model.subjectOfRecord[x]"/><short value="The subject of a clinical statement, often called the Patient or the Subject. The SubjectOfRecord typically identifies the clinical record in which this statement is contained. If the statement should be in John Doe&#39;s patient record, then John Doe is the subject of record. When there is no patient, the SubjectOfRecord can also be a location, group, or other entity that statement pertains to. For example, observations concerning a hospital ward would have a Location as the SubjectOfRecord."/><definition value="The subject of a clinical statement, often called the Patient or the Subject. The SubjectOfRecord typically identifies the clinical record in which this statement is contained. If the statement should be in John Doe&#39;s patient record, then John Doe is the subject of record. When there is no patient, the SubjectOfRecord can also be a location, group, or other entity that statement pertains to. For example, observations concerning a hospital ward would have a Location as the SubjectOfRecord.&#xA;&#xA;Note that the word &#39;Subject&#39; is used here in the sense of a person or entity subjected to observations or actions, not subject as in a conceptual topic, like heart disease."/><min value="1"/><max value="1"/><base><path value="shr-core-ActionRequested-model.subjectOfRecord[x]"/><min value="1"/><max value="1"/></base><type><code value="Reference"/><targetProfile value="http://hl7.org/fhir/us/shr/StructureDefinition/shr-core-Patient-model"/></type><type><code value="Reference"/><targetProfile value="http://hl7.org/fhir/us/shr/StructureDefinition/shr-core-Practitioner-model"/></type><type><code value="Reference"/><targetProfile value="http://hl7.org/fhir/us/shr/StructureDefinition/shr-core-Group-model"/></type><type><code value="Reference"/><targetProfile value="http://hl7.org/fhir/us/shr/StructureDefinition/shr-core-Device-model"/></type><type><code value="Reference"/><targetProfile value="http://hl7.org/fhir/us/shr/StructureDefinition/shr-core-Specimen-model"/></type><type><code value="Reference"/><targetProfile value="http://hl7.org/fhir/us/shr/StructureDefinition/shr-core-Location-model"/></type><type><code value="Reference"/><targetProfile value="http://hl7.org/fhir/us/shr/StructureDefinition/shr-core-Medication-model"/></type><type><code value="Reference"/><targetProfile value="http://hl7.org/fhir/us/shr/StructureDefinition/shr-core-ResearchSubject-model"/></type><mustSupport value="false"/><isModifier value="false"/><isSummary value="false"/></element><element id="shr-core-ActionRequested-model.careContext[x]"><path value="shr-core-ActionRequested-model.careContext[x]"/><short value="The encounter or episode of care"/><definition value="The encounter or episode of care"/><min value="0"/><max value="1"/><base><path value="shr-core-ActionRequested-model.careContext[x]"/><min value="0"/><max value="1"/></base><type><code value="Reference"/><targetProfile value="http://hl7.org/fhir/us/shr/StructureDefinition/shr-core-Encounter-model"/></type><type><code value="Reference"/><targetProfile value="http://hl7.org/fhir/us/shr/StructureDefinition/shr-core-EpisodeOfCare-model"/></type><mustSupport value="false"/><isModifier value="false"/><isSummary value="false"/></element><element id="shr-core-ActionRequested-model.statementDateTime"><path value="shr-core-ActionRequested-model.statementDateTime"/><code><system value="http://ncimeta.nci.nih.gov"/><code value="C3669169"/></code><short value="The point in time when the statement was created."/><definition value="The point in time when the statement was created."/><min value="0"/><max value="1"/><base><path value="shr-core-ActionRequested-model.statementDateTime"/><min value="0"/><max value="1"/></base><type><code value="dateTime"/></type><mustSupport value="false"/><isModifier value="false"/><isSummary value="false"/></element><element id="shr-core-ActionRequested-model.reasonCode"><path value="shr-core-ActionRequested-model.reasonCode"/><code><system value="http://ncimeta.nci.nih.gov"/><code value="C0566251"/></code><short value="The justification, as a code."/><definition value="The justification, as a code.&#xA;Reason is a string or CodeableConcept in DSTU2 but in later versions only a CodeableConcept, so we are not going to support a string."/><min value="0"/><max value="*"/><base><path value="shr-core-ActionRequested-model.reasonCode"/><min value="0"/><max value="*"/></base><type><code value="Coding"/></type><mustSupport value="false"/><isModifier value="false"/><isSummary value="false"/></element><element id="shr-core-ActionRequested-model.reasonReference[x]"><path value="shr-core-ActionRequested-model.reasonReference[x]"/><short value="The justification, as reference to a condition or observation."/><definition value="The justification, as reference to a condition or observation."/><min value="0"/><max value="*"/><base><path value="shr-core-ActionRequested-model.reasonReference[x]"/><min value="0"/><max value="*"/></base><type><code value="Reference"/><targetProfile value="http://hl7.org/fhir/us/shr/StructureDefinition/shr-core-Condition-model"/></type><type><code value="Reference"/><targetProfile value="http://hl7.org/fhir/us/shr/StructureDefinition/shr-core-Observation-model"/></type><mustSupport value="false"/><isModifier value="false"/><isSummary value="false"/></element><element id="shr-core-ActionRequested-model.type"><path value="shr-core-ActionRequested-model.type"/><code><system value="http://ncimeta.nci.nih.gov"/><code value="C0332307"/></code><short value="A code describing the item at a greater level of detail."/><definition value="A code describing the item at a greater level of detail."/><min value="0"/><max value="1"/><base><path value="shr-core-ActionRequested-model.type"/><min value="0"/><max value="1"/></base><type><code value="Coding"/></type><mustSupport value="false"/><isModifier value="false"/><isSummary value="false"/></element><element id="shr-core-ActionRequested-model.requestIntent"><path value="shr-core-ActionRequested-model.requestIntent"/><short value="Indicates the level of authority/intentionality associated with the request and where the request fits into the workflow chain."/><definition value="Indicates the level of authority/intentionality associated with the request and where the request fits into the workflow chain."/><min value="1"/><max value="1"/><base><path value="shr-core-ActionRequested-model.requestIntent"/><min value="1"/><max value="1"/></base><type><code value="Coding"/></type><mustSupport value="false"/><isModifier value="false"/><isSummary value="false"/><binding><strength value="preferred"/><valueSetReference><reference value="http://hl7.org/fhir/ValueSet/request-intent"/></valueSetReference></binding></element><element id="shr-core-ActionRequested-model.expectedPerformanceTime[x]"><path value="shr-core-ActionRequested-model.expectedPerformanceTime[x]"/><short value="When an action should be done. If the action is a series or recurs (e.g. daily blood sugar testing in the morning) then a Timing can be used to describe the periodicity."/><definition value="When an action should be done. If the action is a series or recurs (e.g. daily blood sugar testing in the morning) then a Timing can be used to describe the periodicity."/><min value="0"/><max value="1"/><base><path value="shr-core-ActionRequested-model.expectedPerformanceTime[x]"/><min value="0"/><max value="1"/></base><type><code value="dateTime"/></type><type><code value="http://hl7.org/fhir/us/shr/StructureDefinition/shr-core-TimePeriod-model"/></type><type><code value="http://hl7.org/fhir/us/shr/StructureDefinition/shr-core-Timing-model"/></type><mustSupport value="false"/><isModifier value="false"/><isSummary value="false"/></element><element id="shr-core-ActionRequested-model.expectedPerformerType"><path value="shr-core-ActionRequested-model.expectedPerformerType"/><short value="What type of party should carry out the testing."/><definition value="What type of party should carry out the testing."/><min value="0"/><max value="1"/><base><path value="shr-core-ActionRequested-model.expectedPerformerType"/><min value="0"/><max value="1"/></base><type><code value="Coding"/></type><mustSupport value="false"/><isModifier value="false"/><isSummary value="false"/></element><element id="shr-core-ActionRequested-model.recipient[x]"><path value="shr-core-ActionRequested-model.recipient[x]"/><short value="Who this request is being addressed to."/><definition value="Who this request is being addressed to."/><min value="0"/><max value="1"/><base><path value="shr-core-ActionRequested-model.recipient[x]"/><min value="0"/><max value="1"/></base><type><code value="Reference"/><targetProfile value="http://hl7.org/fhir/us/shr/StructureDefinition/shr-core-Patient-model"/></type><type><code value="Reference"/><targetProfile value="http://hl7.org/fhir/us/shr/StructureDefinition/shr-core-Practitioner-model"/></type><type><code value="Reference"/><targetProfile value="http://hl7.org/fhir/us/shr/StructureDefinition/shr-core-RelatedPerson-model"/></type><type><code value="Reference"/><targetProfile value="http://hl7.org/fhir/us/shr/StructureDefinition/shr-core-Organization-model"/></type><type><code value="Reference"/><targetProfile value="http://hl7.org/fhir/us/shr/StructureDefinition/shr-core-Device-model"/></type><mustSupport value="false"/><isModifier value="false"/><isSummary value="false"/></element><element id="shr-core-ActionRequested-model.priorityCode[x]"><path value="shr-core-ActionRequested-model.priorityCode[x]"/><code><system value="http://ncimeta.nci.nih.gov"/><code value="C0549179"/></code><short value="An indication of the importance of an action relative to other actions."/><definition value="An indication of the importance of an action relative to other actions."/><min value="0"/><max value="1"/><base><path value="shr-core-ActionRequested-model.priorityCode[x]"/><min value="0"/><max value="1"/></base><type><code value="positiveInt"/></type><type><code value="Coding"/></type><mustSupport value="false"/><isModifier value="false"/><isSummary value="false"/></element><element id="shr-core-ActionRequested-model.annotation"><path value="shr-core-ActionRequested-model.annotation"/><short value="An added or follow-up note, often after the fact, that contains metadata about who made the statement and when."/><definition value="An added or follow-up note, often after the fact, that contains metadata about who made the statement and when."/><min value="0"/><max value="*"/><base><path value="shr-core-ActionRequested-model.annotation"/><min value="0"/><max value="*"/></base><type><code value="http://hl7.org/fhir/us/shr/StructureDefinition/shr-core-Annotation-model"/></type><mustSupport value="false"/><isModifier value="false"/><isSummary value="false"/></element><element id="shr-core-ActionRequested-model.communicationMethod"><path value="shr-core-ActionRequested-model.communicationMethod"/><short value="This is the method the provider used to communicate. Examples include: Written, Telephoned, Verbal, Electronically Entered, Policy, Service Correction, Duplicate, etc. &#39;Code indicating the origin of the prescription.&#39; - NCPDP Telecommunication (Field 419-DJ, Data Dictionary 201104). Possible values include: Written; Telephone; Electronic; Facsimile; Pharmacy; Not Known."/><definition value="This is the method the provider used to communicate. Examples include: Written, Telephoned, Verbal, Electronically Entered, Policy, Service Correction, Duplicate, etc. &#39;Code indicating the origin of the prescription.&#39; - NCPDP Telecommunication (Field 419-DJ, Data Dictionary 201104). Possible values include: Written; Telephone; Electronic; Facsimile; Pharmacy; Not Known."/><min value="0"/><max value="1"/><base><path value="shr-core-ActionRequested-model.communicationMethod"/><min value="0"/><max value="1"/></base><type><code value="Coding"/></type><mustSupport value="false"/><isModifier value="false"/><isSummary value="false"/></element></differential></StructureDefinition>