<?xml version="1.0" encoding="UTF-8"?><StructureDefinition xmlns="http://hl7.org/fhir"><id value="shr-core-SubstitutionAllowed-model"/><text><status value="generated"/><div xmlns="http://www.w3.org/1999/xhtml">
  <p><b>SubstitutionAllowed Logical Model</b></p>
  <p>Whether substitution is allowed or not.</p>
</div></text><url value="http://hl7.org/fhir/us/shr/StructureDefinition/shr-core-SubstitutionAllowed-model"/><identifier><system value="http://hl7.org/fhir/us/odh"/><value value="shr.core.SubstitutionAllowed"/></identifier><version value="1.0.0"/><name value="SubstitutionAllowed"/><title value="shr-core-SubstitutionAllowed"/><status value="draft"/><date value="2019-03-30T00:00:00-04:00"/><publisher value="HL7"/><contact><telecom><system value="url"/><value value="http://standardhealthrecord.org"/></telecom></contact><description value="Whether substitution is allowed or not."/><fhirVersion value="3.0.1"/><kind value="logical"/><abstract value="false"/><type value="shr-core-SubstitutionAllowed-model"/><baseDefinition value="http://hl7.org/fhir/StructureDefinition/Element"/><derivation value="specialization"/><snapshot><element id="shr-core-SubstitutionAllowed-model"><path value="shr-core-SubstitutionAllowed-model"/><definition value="Whether substitution is allowed or not."/><min value="0"/><max value="*"/><base><path value="shr-core-SubstitutionAllowed-model"/><min value="0"/><max value="*"/></base><mustSupport value="false"/><isModifier value="false"/><isSummary value="false"/></element><element id="shr-core-SubstitutionAllowed-model.value"><path value="shr-core-SubstitutionAllowed-model.value"/><short value="Boolean representing whether substitution is allowed or not."/><definition value="Boolean representing whether substitution is allowed or not."/><min value="1"/><max value="1"/><base><path value="shr-core-SubstitutionAllowed-model.value"/><min value="1"/><max value="1"/></base><type><code value="boolean"/></type><mustSupport value="false"/><isModifier value="false"/><isSummary value="false"/></element></snapshot><differential><element id="shr-core-SubstitutionAllowed-model"><path value="shr-core-SubstitutionAllowed-model"/><definition value="Whether substitution is allowed or not."/><min value="0"/><max value="*"/><base><path value="shr-core-SubstitutionAllowed-model"/><min value="0"/><max value="*"/></base><mustSupport value="false"/><isModifier value="false"/><isSummary value="false"/></element><element id="shr-core-SubstitutionAllowed-model.value"><path value="shr-core-SubstitutionAllowed-model.value"/><short value="Boolean representing whether substitution is allowed or not."/><definition value="Boolean representing whether substitution is allowed or not."/><min value="1"/><max value="1"/><base><path value="shr-core-SubstitutionAllowed-model.value"/><min value="1"/><max value="1"/></base><type><code value="boolean"/></type><mustSupport value="false"/><isModifier value="false"/><isSummary value="false"/></element></differential></StructureDefinition>