<?xml version="1.0" encoding="UTF-8"?><StructureDefinition xmlns="http://hl7.org/fhir"><id value="shr-core-ProcedureParticipant-model"/><text><status value="generated"/><div xmlns="http://www.w3.org/1999/xhtml">
  <p><b>ProcedureParticipant Logical Model</b></p>
  <p>Constrains participants to classes that are accepted by FHIR as actors in procedures in STU 3.</p>
</div></text><url value="http://hl7.org/fhir/us/shr/StructureDefinition/shr-core-ProcedureParticipant-model"/><identifier><system value="http://hl7.org/fhir/us/odh"/><value value="shr.core.ProcedureParticipant"/></identifier><version value="1.0.0"/><name value="ProcedureParticipant"/><title value="shr-core-ProcedureParticipant"/><status value="draft"/><date value="2019-04-08T00:00:00-04:00"/><publisher value="HL7"/><contact><telecom><system value="url"/><value value="http://standardhealthrecord.org"/></telecom></contact><description value="Constrains participants to classes that are accepted by FHIR as actors in procedures in STU 3."/><fhirVersion value="3.0.1"/><kind value="logical"/><abstract value="false"/><type value="shr-core-ProcedureParticipant-model"/><baseDefinition value="http://hl7.org/fhir/StructureDefinition/Element"/><derivation value="specialization"/><snapshot><element id="shr-core-ProcedureParticipant-model"><path value="shr-core-ProcedureParticipant-model"/><definition value="Constrains participants to classes that are accepted by FHIR as actors in procedures in STU 3."/><min value="0"/><max value="*"/><base><path value="shr-core-ProcedureParticipant-model"/><min value="0"/><max value="*"/></base><mustSupport value="false"/><isModifier value="false"/><isSummary value="false"/></element><element id="shr-core-ProcedureParticipant-model.value[x]"><path value="shr-core-ProcedureParticipant-model.value[x]"/><short value="Choice of types representing constrains participants to classes that are accepted by FHIR as actors in procedures in STU 3."/><definition value="Choice of types representing constrains participants to classes that are accepted by FHIR as actors in procedures in STU 3."/><min value="1"/><max value="1"/><base><path value="shr-core-ProcedureParticipant-model.value[x]"/><min value="1"/><max value="1"/></base><type><code value="Reference"/><targetProfile value="http://hl7.org/fhir/us/shr/StructureDefinition/shr-core-Practitioner-model"/></type><type><code value="Reference"/><targetProfile value="http://hl7.org/fhir/us/shr/StructureDefinition/shr-core-Organization-model"/></type><type><code value="Reference"/><targetProfile value="http://hl7.org/fhir/us/shr/StructureDefinition/shr-core-Patient-model"/></type><type><code value="Reference"/><targetProfile value="http://hl7.org/fhir/us/shr/StructureDefinition/shr-core-RelatedPerson-model"/></type><type><code value="Reference"/><targetProfile value="http://hl7.org/fhir/us/shr/StructureDefinition/shr-core-Device-model"/></type><mustSupport value="false"/><isModifier value="false"/><isSummary value="false"/></element></snapshot><differential><element id="shr-core-ProcedureParticipant-model"><path value="shr-core-ProcedureParticipant-model"/><definition value="Constrains participants to classes that are accepted by FHIR as actors in procedures in STU 3."/><min value="0"/><max value="*"/><base><path value="shr-core-ProcedureParticipant-model"/><min value="0"/><max value="*"/></base><mustSupport value="false"/><isModifier value="false"/><isSummary value="false"/></element><element id="shr-core-ProcedureParticipant-model.value[x]"><path value="shr-core-ProcedureParticipant-model.value[x]"/><short value="Choice of types representing constrains participants to classes that are accepted by FHIR as actors in procedures in STU 3."/><definition value="Choice of types representing constrains participants to classes that are accepted by FHIR as actors in procedures in STU 3."/><min value="1"/><max value="1"/><base><path value="shr-core-ProcedureParticipant-model.value[x]"/><min value="1"/><max value="1"/></base><type><code value="Reference"/><targetProfile value="http://hl7.org/fhir/us/shr/StructureDefinition/shr-core-Practitioner-model"/></type><type><code value="Reference"/><targetProfile value="http://hl7.org/fhir/us/shr/StructureDefinition/shr-core-Organization-model"/></type><type><code value="Reference"/><targetProfile value="http://hl7.org/fhir/us/shr/StructureDefinition/shr-core-Patient-model"/></type><type><code value="Reference"/><targetProfile value="http://hl7.org/fhir/us/shr/StructureDefinition/shr-core-RelatedPerson-model"/></type><type><code value="Reference"/><targetProfile value="http://hl7.org/fhir/us/shr/StructureDefinition/shr-core-Device-model"/></type><mustSupport value="false"/><isModifier value="false"/><isSummary value="false"/></element></differential></StructureDefinition>