<?xml version="1.0" encoding="UTF-8"?><StructureDefinition xmlns="http://hl7.org/fhir"><id value="shr-core-ObservationSubjectOfRecord-model"/><text><status value="generated"/><div xmlns="http://www.w3.org/1999/xhtml">
  <p><b>ObservationSubjectOfRecord Logical Model</b></p>
  <p>A choice of Patient, Group, Device, or Location. These are the potential subjects for an Observation.</p>
</div></text><url value="http://hl7.org/fhir/us/shr/StructureDefinition/shr-core-ObservationSubjectOfRecord-model"/><identifier><system value="http://hl7.org/fhir/us/odh"/><value value="shr.core.ObservationSubjectOfRecord"/></identifier><version value="1.0.0"/><name value="ObservationSubjectOfRecord"/><title value="shr-core-ObservationSubjectOfRecord"/><status value="draft"/><date value="2019-04-08T00:00:00-04:00"/><publisher value="HL7"/><contact><telecom><system value="url"/><value value="http://standardhealthrecord.org"/></telecom></contact><description value="A choice of Patient, Group, Device, or Location. These are the potential subjects for an Observation."/><fhirVersion value="3.0.1"/><kind value="logical"/><abstract value="false"/><type value="shr-core-ObservationSubjectOfRecord-model"/><baseDefinition value="http://hl7.org/fhir/StructureDefinition/Element"/><derivation value="specialization"/><snapshot><element id="shr-core-ObservationSubjectOfRecord-model"><path value="shr-core-ObservationSubjectOfRecord-model"/><definition value="A choice of Patient, Group, Device, or Location. These are the potential subjects for an Observation."/><min value="0"/><max value="*"/><base><path value="shr-core-ObservationSubjectOfRecord-model"/><min value="0"/><max value="*"/></base><mustSupport value="false"/><isModifier value="false"/><isSummary value="false"/></element><element id="shr-core-ObservationSubjectOfRecord-model.value[x]"><path value="shr-core-ObservationSubjectOfRecord-model.value[x]"/><short value="Choice of types representing a choice of Patient, Group, Device, or Location. These are the potential subjects for an Observation."/><definition value="Choice of types representing a choice of Patient, Group, Device, or Location. These are the potential subjects for an Observation."/><min value="1"/><max value="1"/><base><path value="shr-core-ObservationSubjectOfRecord-model.value[x]"/><min value="1"/><max value="1"/></base><type><code value="Reference"/><targetProfile value="http://hl7.org/fhir/us/shr/StructureDefinition/shr-core-Patient-model"/></type><type><code value="Reference"/><targetProfile value="http://hl7.org/fhir/us/shr/StructureDefinition/shr-core-Group-model"/></type><type><code value="Reference"/><targetProfile value="http://hl7.org/fhir/us/shr/StructureDefinition/shr-core-Device-model"/></type><type><code value="Reference"/><targetProfile value="http://hl7.org/fhir/us/shr/StructureDefinition/shr-core-Location-model"/></type><mustSupport value="false"/><isModifier value="false"/><isSummary value="false"/></element></snapshot><differential><element id="shr-core-ObservationSubjectOfRecord-model"><path value="shr-core-ObservationSubjectOfRecord-model"/><definition value="A choice of Patient, Group, Device, or Location. These are the potential subjects for an Observation."/><min value="0"/><max value="*"/><base><path value="shr-core-ObservationSubjectOfRecord-model"/><min value="0"/><max value="*"/></base><mustSupport value="false"/><isModifier value="false"/><isSummary value="false"/></element><element id="shr-core-ObservationSubjectOfRecord-model.value[x]"><path value="shr-core-ObservationSubjectOfRecord-model.value[x]"/><short value="Choice of types representing a choice of Patient, Group, Device, or Location. These are the potential subjects for an Observation."/><definition value="Choice of types representing a choice of Patient, Group, Device, or Location. These are the potential subjects for an Observation."/><min value="1"/><max value="1"/><base><path value="shr-core-ObservationSubjectOfRecord-model.value[x]"/><min value="1"/><max value="1"/></base><type><code value="Reference"/><targetProfile value="http://hl7.org/fhir/us/shr/StructureDefinition/shr-core-Patient-model"/></type><type><code value="Reference"/><targetProfile value="http://hl7.org/fhir/us/shr/StructureDefinition/shr-core-Group-model"/></type><type><code value="Reference"/><targetProfile value="http://hl7.org/fhir/us/shr/StructureDefinition/shr-core-Device-model"/></type><type><code value="Reference"/><targetProfile value="http://hl7.org/fhir/us/shr/StructureDefinition/shr-core-Location-model"/></type><mustSupport value="false"/><isModifier value="false"/><isSummary value="false"/></element></differential></StructureDefinition>