<?xml version="1.0" encoding="UTF-8"?><StructureDefinition xmlns="http://hl7.org/fhir"><id value="shr-core-NarrativeQualifier-model"/><text><status value="generated"/><div xmlns="http://www.w3.org/1999/xhtml">
  <p><b>NarrativeQualifier Logical Model</b></p>
  <p>Additional information on how the narrative was generated, and the scope of information contained.</p>
</div></text><url value="http://hl7.org/fhir/us/shr/StructureDefinition/shr-core-NarrativeQualifier-model"/><identifier><system value="http://hl7.org/fhir/us/odh"/><value value="shr.core.NarrativeQualifier"/></identifier><version value="1.0.0"/><name value="NarrativeQualifier"/><title value="shr-core-NarrativeQualifier"/><status value="draft"/><date value="2019-03-30T00:00:00-04:00"/><publisher value="HL7"/><contact><telecom><system value="url"/><value value="http://standardhealthrecord.org"/></telecom></contact><description value="Additional information on how the narrative was generated, and the scope of information contained."/><fhirVersion value="3.0.1"/><kind value="logical"/><abstract value="false"/><type value="shr-core-NarrativeQualifier-model"/><baseDefinition value="http://hl7.org/fhir/StructureDefinition/Element"/><derivation value="specialization"/><snapshot><element id="shr-core-NarrativeQualifier-model"><path value="shr-core-NarrativeQualifier-model"/><definition value="Additional information on how the narrative was generated, and the scope of information contained."/><min value="0"/><max value="*"/><base><path value="shr-core-NarrativeQualifier-model"/><min value="0"/><max value="*"/></base><mustSupport value="false"/><isModifier value="false"/><isSummary value="false"/></element><element id="shr-core-NarrativeQualifier-model.value"><path value="shr-core-NarrativeQualifier-model.value"/><short value="Code representing additional information on how the narrative was generated, and the scope of information contained."/><definition value="Code representing additional information on how the narrative was generated, and the scope of information contained."/><min value="1"/><max value="1"/><base><path value="shr-core-NarrativeQualifier-model.value"/><min value="1"/><max value="1"/></base><type><code value="Coding"/></type><mustSupport value="false"/><isModifier value="false"/><isSummary value="false"/><binding><strength value="required"/><valueSetReference><reference value="http://hl7.org/fhir/ValueSet/narrative-status"/></valueSetReference></binding></element></snapshot><differential><element id="shr-core-NarrativeQualifier-model"><path value="shr-core-NarrativeQualifier-model"/><definition value="Additional information on how the narrative was generated, and the scope of information contained."/><min value="0"/><max value="*"/><base><path value="shr-core-NarrativeQualifier-model"/><min value="0"/><max value="*"/></base><mustSupport value="false"/><isModifier value="false"/><isSummary value="false"/></element><element id="shr-core-NarrativeQualifier-model.value"><path value="shr-core-NarrativeQualifier-model.value"/><short value="Code representing additional information on how the narrative was generated, and the scope of information contained."/><definition value="Code representing additional information on how the narrative was generated, and the scope of information contained."/><min value="1"/><max value="1"/><base><path value="shr-core-NarrativeQualifier-model.value"/><min value="1"/><max value="1"/></base><type><code value="Coding"/></type><mustSupport value="false"/><isModifier value="false"/><isSummary value="false"/><binding><strength value="required"/><valueSetReference><reference value="http://hl7.org/fhir/ValueSet/narrative-status"/></valueSetReference></binding></element></differential></StructureDefinition>