<?xml version="1.0" encoding="UTF-8"?><StructureDefinition xmlns="http://hl7.org/fhir"><id value="shr-core-Orientation-model"/><text><status value="generated"/><div xmlns="http://www.w3.org/1999/xhtml">
  <p><b>Orientation Logical Model</b></p>
  <p>Orientation of the body location, if needed to distinguish from a similar location in another orientation.</p>
</div></text><url value="http://hl7.org/fhir/us/shr/StructureDefinition/shr-core-Orientation-model"/><identifier><system value="http://hl7.org/fhir/us/odh"/><value value="shr.core.Orientation"/></identifier><version value="1.0.0"/><name value="Orientation"/><title value="shr-core-Orientation"/><status value="draft"/><date value="2019-04-08T00:00:00-04:00"/><publisher value="HL7"/><contact><telecom><system value="url"/><value value="http://standardhealthrecord.org"/></telecom></contact><description value="Orientation of the body location, if needed to distinguish from a similar location in another orientation."/><fhirVersion value="3.0.1"/><kind value="logical"/><abstract value="false"/><type value="shr-core-Orientation-model"/><baseDefinition value="http://hl7.org/fhir/StructureDefinition/Element"/><derivation value="specialization"/><snapshot><element id="shr-core-Orientation-model"><path value="shr-core-Orientation-model"/><definition value="Orientation of the body location, if needed to distinguish from a similar location in another orientation."/><min value="0"/><max value="*"/><base><path value="shr-core-Orientation-model"/><min value="0"/><max value="*"/></base><mustSupport value="false"/><isModifier value="false"/><isSummary value="false"/></element><element id="shr-core-Orientation-model.value"><path value="shr-core-Orientation-model.value"/><short value="Code representing orientation of the body location, if needed to distinguish from a similar location in another orientation."/><definition value="Code representing orientation of the body location, if needed to distinguish from a similar location in another orientation."/><min value="1"/><max value="1"/><base><path value="shr-core-Orientation-model.value"/><min value="1"/><max value="1"/></base><type><code value="Coding"/></type><mustSupport value="false"/><isModifier value="false"/><isSummary value="false"/><binding><strength value="extensible"/><valueSetReference><reference value="http://hl7.org/fhir/us/odh/shr/core/vs/OrientationVS"/></valueSetReference></binding></element></snapshot><differential><element id="shr-core-Orientation-model"><path value="shr-core-Orientation-model"/><definition value="Orientation of the body location, if needed to distinguish from a similar location in another orientation."/><min value="0"/><max value="*"/><base><path value="shr-core-Orientation-model"/><min value="0"/><max value="*"/></base><mustSupport value="false"/><isModifier value="false"/><isSummary value="false"/></element><element id="shr-core-Orientation-model.value"><path value="shr-core-Orientation-model.value"/><short value="Code representing orientation of the body location, if needed to distinguish from a similar location in another orientation."/><definition value="Code representing orientation of the body location, if needed to distinguish from a similar location in another orientation."/><min value="1"/><max value="1"/><base><path value="shr-core-Orientation-model.value"/><min value="1"/><max value="1"/></base><type><code value="Coding"/></type><mustSupport value="false"/><isModifier value="false"/><isSummary value="false"/><binding><strength value="extensible"/><valueSetReference><reference value="http://hl7.org/fhir/us/odh/shr/core/vs/OrientationVS"/></valueSetReference></binding></element></differential></StructureDefinition>