<?xml version="1.0" encoding="UTF-8"?><StructureDefinition xmlns="http://hl7.org/fhir"><id value="shr-core-Tag-model"/><text><status value="generated"/><div xmlns="http://www.w3.org/1999/xhtml">
  <p><b>Tag Logical Model</b></p>
  <p>A code used to relate entries to categories or workflows. Applications are not required to consider the tags when interpreting the meaning of an entry.</p>
</div></text><url value="http://hl7.org/fhir/us/odh/StructureDefinition/shr-core-Tag-model"/><identifier><system value="http://hl7.org/fhir/us/odh"/><value value="shr.core.Tag"/></identifier><version value="1.0.0"/><name value="Tag"/><title value="shr-core-Tag"/><status value="draft"/><date value="2019-05-08T00:00:00-04:00"/><publisher value="HL7"/><contact><telecom><system value="url"/><value value="http://standardhealthrecord.org"/></telecom></contact><description value="A code used to relate entries to categories or workflows. Applications are not required to consider the tags when interpreting the meaning of an entry."/><keyword><system value="http://ncimeta.nci.nih.gov"/><code value="C4280044"/><display value="Metatags"/></keyword><fhirVersion value="3.0.1"/><kind value="logical"/><abstract value="false"/><type value="shr-core-Tag-model"/><baseDefinition value="http://hl7.org/fhir/StructureDefinition/Element"/><derivation value="specialization"/><snapshot><element id="shr-core-Tag-model"><path value="shr-core-Tag-model"/><definition value="A code used to relate entries to categories or workflows. Applications are not required to consider the tags when interpreting the meaning of an entry."/><min value="0"/><max value="*"/><base><path value="shr-core-Tag-model"/><min value="0"/><max value="*"/></base><mustSupport value="false"/><isModifier value="false"/><isSummary value="false"/></element><element id="shr-core-Tag-model.value"><path value="shr-core-Tag-model.value"/><short value="Code representing a code used to relate entries to categories or workflows. Applications are not required to consider the tags when interpreting the meaning of an entry."/><definition value="Code representing a code used to relate entries to categories or workflows. Applications are not required to consider the tags when interpreting the meaning of an entry."/><min value="1"/><max value="1"/><base><path value="shr-core-Tag-model.value"/><min value="1"/><max value="1"/></base><type><code value="Coding"/></type><mustSupport value="false"/><isModifier value="false"/><isSummary value="false"/></element></snapshot><differential><element id="shr-core-Tag-model"><path value="shr-core-Tag-model"/><definition value="A code used to relate entries to categories or workflows. Applications are not required to consider the tags when interpreting the meaning of an entry."/><min value="0"/><max value="*"/><base><path value="shr-core-Tag-model"/><min value="0"/><max value="*"/></base><mustSupport value="false"/><isModifier value="false"/><isSummary value="false"/></element><element id="shr-core-Tag-model.value"><path value="shr-core-Tag-model.value"/><short value="Code representing a code used to relate entries to categories or workflows. Applications are not required to consider the tags when interpreting the meaning of an entry."/><definition value="Code representing a code used to relate entries to categories or workflows. Applications are not required to consider the tags when interpreting the meaning of an entry."/><min value="1"/><max value="1"/><base><path value="shr-core-Tag-model.value"/><min value="1"/><max value="1"/></base><type><code value="Coding"/></type><mustSupport value="false"/><isModifier value="false"/><isSummary value="false"/></element></differential></StructureDefinition>