<?xml version="1.0" encoding="UTF-8"?><StructureDefinition xmlns="http://hl7.org/fhir"><id value="shr-core-PackageAmount-extension"/><text><status value="generated"/><div xmlns="http://www.w3.org/1999/xhtml">
  <p><b>PackageAmount Extension</b></p>
  <p>Specific amount of the drug in the packaged product. For example, when specifying a product that has the same strength (For example, Insulin glargine 100 unit per mL solution for injection), this attribute provides additional clarification of the package amount (For example, 3 mL, 10mL, etc.).</p>
</div></text><url value="http://hl7.org/fhir/us/odh/StructureDefinition/shr-core-PackageAmount-extension"/><identifier><system value="http://hl7.org/fhir/us/odh"/><value value="shr.core.PackageAmount"/></identifier><version value="1.0.0"/><name value="PackageAmount"/><title value="shr-core-PackageAmount"/><status value="draft"/><date value="2019-05-08T00:00:00-04:00"/><publisher value="HL7"/><contact><telecom><system value="url"/><value value="http://standardhealthrecord.org"/></telecom></contact><description value="Specific amount of the drug in the packaged product. For example, when specifying a product that has the same strength (For example, Insulin glargine 100 unit per mL solution for injection), this attribute provides additional clarification of the package amount (For example, 3 mL, 10mL, etc.)."/><fhirVersion value="3.0.1"/><kind value="complex-type"/><abstract value="false"/><contextType value="resource"/><context value="*"/><type value="Extension"/><baseDefinition value="http://hl7.org/fhir/StructureDefinition/Extension"/><derivation value="constraint"/><snapshot><element id="Extension:packageamount"><path value="Extension"/><short value="PackageAmount"/><definition value="Specific amount of the drug in the packaged product. For example, when specifying a product that has the same strength (For example, Insulin glargine 100 unit per mL solution for injection), this attribute provides additional clarification of the package amount (For example, 3 mL, 10mL, etc.)."/><min value="0"/><max value="*"/><base><path value="Extension"/><min value="0"/><max value="1"/></base><condition value="ele-1"/><constraint><key value="ele-1"/><severity value="error"/><human value="All FHIR elements must have a @value or children"/><expression value="children().count() &gt; id.count()"/><xpath value="@value|f:*|h:div"/><source value="Element"/></constraint><constraint><key value="ext-1"/><severity value="error"/><human value="Must have either extensions or value[x], not both"/><expression value="extension.exists() != value.exists()"/><xpath value="exists(f:extension)!=exists(f:*[starts-with(local-name(.), &#39;value&#39;)])"/><source value="Extension"/></constraint></element><element id="Extension:packageamount.id"><path value="Extension.id"/><representation value="xmlAttr"/><short value="xml:id (or equivalent in JSON)"/><definition value="unique id for the element within a resource (for internal references). This may be any string value that does not contain spaces."/><min value="0"/><max value="1"/><base><path value="Element.id"/><min value="0"/><max value="1"/></base><type><code value="string"/></type><mapping><identity value="rim"/><map value="N/A"/></mapping></element><element id="Extension:packageamount.extension:extension"><path value="Extension.extension"/><short value="Extension"/><definition value="An Extension"/><min value="0"/><max value="0"/><base><path value="Element.extension"/><min value="0"/><max value="*"/></base><type><code value="Extension"/></type></element><element id="Extension:packageamount.url"><path value="Extension.url"/><representation value="xmlAttr"/><short value="identifies the meaning of the extension"/><definition value="Source of the definition for the extension code - a logical name or a URL."/><min value="1"/><max value="1"/><base><path value="Extension.url"/><min value="1"/><max value="1"/></base><type><code value="uri"/></type><fixedUri value="http://hl7.org/fhir/us/odh/StructureDefinition/shr-core-PackageAmount-extension"/><mapping><identity value="rim"/><map value="N/A"/></mapping></element><element id="Extension:packageamount.valueRatio"><path value="Extension.valueRatio"/><short value="Value of extension"/><definition value="Value of extension - may be a resource or one of a constrained set of the data types (see Extensibility in the spec for list)."/><min value="1"/><max value="1"/><base><path value="Extension.value[x]"/><min value="0"/><max value="1"/></base><type><code value="Ratio"/></type><mapping><identity value="rim"/><map value="N/A"/></mapping></element></snapshot><differential><element id="Extension:packageamount"><path value="Extension"/><short value="PackageAmount"/><definition value="Specific amount of the drug in the packaged product. For example, when specifying a product that has the same strength (For example, Insulin glargine 100 unit per mL solution for injection), this attribute provides additional clarification of the package amount (For example, 3 mL, 10mL, etc.)."/><min value="0"/><max value="*"/></element><element id="Extension:packageamount.extension:extension"><path value="Extension.extension"/><max value="0"/></element><element id="Extension:packageamount.url"><path value="Extension.url"/><type><code value="uri"/></type><fixedUri value="http://hl7.org/fhir/us/odh/StructureDefinition/shr-core-PackageAmount-extension"/></element><element id="Extension:packageamount.valueRatio"><path value="Extension.valueRatio"/><min value="1"/><type><code value="Ratio"/></type></element></differential></StructureDefinition>