<?xml version="1.0" encoding="UTF-8"?><StructureDefinition xmlns="http://hl7.org/fhir"><id value="shr-core-Suffix-model"/><text><status value="generated"/><div xmlns="http://www.w3.org/1999/xhtml">
  <p><b>Suffix Logical Model</b></p>
  <p>Part of the name that is acquired as a title due to academic, legal, employment or nobility status, etc. and that appears at the end of the name.</p>
</div></text><url value="http://hl7.org/fhir/us/shr/StructureDefinition/shr-core-Suffix-model"/><identifier><system value="http://hl7.org/fhir/us/odh"/><value value="shr.core.Suffix"/></identifier><version value="1.0.0"/><name value="Suffix"/><title value="shr-core-Suffix"/><status value="draft"/><date value="2019-04-08T00:00:00-04:00"/><publisher value="HL7"/><contact><telecom><system value="url"/><value value="http://standardhealthrecord.org"/></telecom></contact><description value="Part of the name that is acquired as a title due to academic, legal, employment or nobility status, etc. and that appears at the end of the name."/><keyword><system value="http://loinc.org"/><code value="45395-1"/></keyword><keyword><system value="http://snomed.info/sct"/><code value="715196001"/></keyword><fhirVersion value="3.0.1"/><kind value="logical"/><abstract value="false"/><type value="shr-core-Suffix-model"/><baseDefinition value="http://hl7.org/fhir/StructureDefinition/Element"/><derivation value="specialization"/><snapshot><element id="shr-core-Suffix-model"><path value="shr-core-Suffix-model"/><definition value="Part of the name that is acquired as a title due to academic, legal, employment or nobility status, etc. and that appears at the end of the name."/><min value="0"/><max value="*"/><base><path value="shr-core-Suffix-model"/><min value="0"/><max value="*"/></base><mustSupport value="false"/><isModifier value="false"/><isSummary value="false"/></element><element id="shr-core-Suffix-model.value"><path value="shr-core-Suffix-model.value"/><short value="String representing part of the name that is acquired as a title due to academic, legal, employment or nobility status, etc. and that appears at the end of the name."/><definition value="String representing part of the name that is acquired as a title due to academic, legal, employment or nobility status, etc. and that appears at the end of the name."/><min value="1"/><max value="1"/><base><path value="shr-core-Suffix-model.value"/><min value="1"/><max value="1"/></base><type><code value="string"/></type><mustSupport value="false"/><isModifier value="false"/><isSummary value="false"/></element></snapshot><differential><element id="shr-core-Suffix-model"><path value="shr-core-Suffix-model"/><definition value="Part of the name that is acquired as a title due to academic, legal, employment or nobility status, etc. and that appears at the end of the name."/><min value="0"/><max value="*"/><base><path value="shr-core-Suffix-model"/><min value="0"/><max value="*"/></base><mustSupport value="false"/><isModifier value="false"/><isSummary value="false"/></element><element id="shr-core-Suffix-model.value"><path value="shr-core-Suffix-model.value"/><short value="String representing part of the name that is acquired as a title due to academic, legal, employment or nobility status, etc. and that appears at the end of the name."/><definition value="String representing part of the name that is acquired as a title due to academic, legal, employment or nobility status, etc. and that appears at the end of the name."/><min value="1"/><max value="1"/><base><path value="shr-core-Suffix-model.value"/><min value="1"/><max value="1"/></base><type><code value="string"/></type><mustSupport value="false"/><isModifier value="false"/><isSummary value="false"/></element></differential></StructureDefinition>