<?xml version="1.0" encoding="UTF-8"?><StructureDefinition xmlns="http://hl7.org/fhir"><id value="shr-core-CommentOrDescription-model"/><text><status value="generated"/><div xmlns="http://www.w3.org/1999/xhtml">
  <p><b>CommentOrDescription Logical Model</b></p>
  <p>A text note containing additional details, explanation, description, comment, or summarization.</p>
</div></text><url value="http://hl7.org/fhir/us/shr/StructureDefinition/shr-core-CommentOrDescription-model"/><identifier><system value="http://hl7.org/fhir/us/odh"/><value value="shr.core.CommentOrDescription"/></identifier><version value="1.0.0"/><name value="CommentOrDescription"/><title value="shr-core-CommentOrDescription"/><status value="draft"/><date value="2019-04-08T00:00:00-04:00"/><publisher value="HL7"/><contact><telecom><system value="url"/><value value="http://standardhealthrecord.org"/></telecom></contact><description value="A text note containing additional details, explanation, description, comment, or summarization."/><keyword><system value="http://ncimeta.nci.nih.gov"/><code value="C0947611"/></keyword><fhirVersion value="3.0.1"/><kind value="logical"/><abstract value="false"/><type value="shr-core-CommentOrDescription-model"/><baseDefinition value="http://hl7.org/fhir/StructureDefinition/Element"/><derivation value="specialization"/><snapshot><element id="shr-core-CommentOrDescription-model"><path value="shr-core-CommentOrDescription-model"/><definition value="A text note containing additional details, explanation, description, comment, or summarization."/><min value="0"/><max value="*"/><base><path value="shr-core-CommentOrDescription-model"/><min value="0"/><max value="*"/></base><mustSupport value="false"/><isModifier value="false"/><isSummary value="false"/></element><element id="shr-core-CommentOrDescription-model.value"><path value="shr-core-CommentOrDescription-model.value"/><short value="String representing a text note containing additional details, explanation, description, comment, or summarization."/><definition value="String representing a text note containing additional details, explanation, description, comment, or summarization."/><min value="1"/><max value="1"/><base><path value="shr-core-CommentOrDescription-model.value"/><min value="1"/><max value="1"/></base><type><code value="string"/></type><mustSupport value="false"/><isModifier value="false"/><isSummary value="false"/></element></snapshot><differential><element id="shr-core-CommentOrDescription-model"><path value="shr-core-CommentOrDescription-model"/><definition value="A text note containing additional details, explanation, description, comment, or summarization."/><min value="0"/><max value="*"/><base><path value="shr-core-CommentOrDescription-model"/><min value="0"/><max value="*"/></base><mustSupport value="false"/><isModifier value="false"/><isSummary value="false"/></element><element id="shr-core-CommentOrDescription-model.value"><path value="shr-core-CommentOrDescription-model.value"/><short value="String representing a text note containing additional details, explanation, description, comment, or summarization."/><definition value="String representing a text note containing additional details, explanation, description, comment, or summarization."/><min value="1"/><max value="1"/><base><path value="shr-core-CommentOrDescription-model.value"/><min value="1"/><max value="1"/></base><type><code value="string"/></type><mustSupport value="false"/><isModifier value="false"/><isSummary value="false"/></element></differential></StructureDefinition>