<?xml version="1.0" encoding="UTF-8"?><ValueSet xmlns="http://hl7.org/fhir"><id value="shr-core-PerformanceGradingScaleVS"/><text><status value="generated"/><div xmlns="http://www.w3.org/1999/xhtml">
<p><b>PerformanceGradingScaleVS ValueSet</b></p>
<p>A simple performance grading scale. Also useful for grading quality.</p>
</div></text><url value="http://hl7.org/fhir/us/odh/shr/core/vs/PerformanceGradingScaleVS"/><identifier><system value="http://hl7.org/fhir/us/odh"/><value value="shr.core.PerformanceGradingScaleVS"/></identifier><version value="1.0.0"/><name value="PerformanceGradingScaleVS"/><title value="PerformanceGradingScaleVS"/><status value="draft"/><date value="2019-03-30T00:00:00-04:00"/><publisher value="HL7"/><contact><telecom><system value="url"/><value value="http://standardhealthrecord.org"/></telecom></contact><description value="A simple performance grading scale. Also useful for grading quality."/><compose><include><system value="http://hl7.org/fhir/us/odh/shr/core/cs/PerformanceGradingScaleCS"/><concept><code value="excellent"/><display value="Excellent"/></concept><concept><code value="very_good"/><display value="Very good"/></concept><concept><code value="good"/><display value="Good"/></concept><concept><code value="fair"/><display value="Fair"/></concept><concept><code value="poor"/><display value="Poor"/></concept></include></compose></ValueSet>