<?xml version="1.0" encoding="UTF-8"?><ValueSet xmlns="http://hl7.org/fhir"><id value="obf-TreatmentTerminationReasonVS"/><text><status value="generated"/><div xmlns="http://www.w3.org/1999/xhtml">
<p><b>TreatmentTerminationReasonVS ValueSet</b></p>
<p>Values used to describe the reasons for stopping a treatment. Includes code for &#39;treatment completed&#39; as well as codes for unplanned (early) stoppage. Applies to medications and other treatments that take place over a period of time, such as radiation treatments.</p>
</div></text><url value="http://hl7.org/fhir/us/odh/ValueSet/obf-TreatmentTerminationReasonVS"/><identifier><system value="http://hl7.org/fhir/us/odh"/><value value="obf.TreatmentTerminationReasonVS"/></identifier><version value="1.1.0"/><name value="TreatmentTerminationReasonVS"/><title value="TreatmentTerminationReasonVS"/><status value="draft"/><date value="2019-06-21T00:00:00-04:00"/><publisher value="HL7"/><contact><telecom><system value="url"/><value value="http://standardhealthrecord.org"/></telecom></contact><description value="Values used to describe the reasons for stopping a treatment. Includes code for &#39;treatment completed&#39; as well as codes for unplanned (early) stoppage. Applies to medications and other treatments that take place over a period of time, such as radiation treatments."/><compose><include><system value="http://snomed.info/sct"/><concept><code value="182992009"/><display value="Treatment completed (situation)"/></concept><concept><code value="435501000124106"/><display value="Medication not effective (finding)"/></concept><concept><code value="281647001"/><display value="Adverse reaction (disorder)"/></concept><concept><code value="160932005"/><display value="Financial problem"/></concept><concept><code value="105480006"/><display value="Refusal of treatment by patient"/></concept><concept><code value="107724000"/><display value="Patient transfer"/></concept><concept><code value="309846006"/><display value="Treatment not available"/></concept></include></compose></ValueSet>