<?xml version="1.0" encoding="UTF-8"?><ValueSet xmlns="http://hl7.org/fhir"><id value="shr-core-ClockFaceDirectionVS"/><text><status value="generated"/><div xmlns="http://www.w3.org/1999/xhtml">
<p><b>ClockFaceDirectionVS ValueSet</b></p>
<p>The relative direction of an object described using the analogy of a 12-hour clock to describe angles and directions. One imagines a clock face lying either upright or flat in front of oneself, and identifies the twelve hour markings with the directions in which they point.</p>
</div></text><url value="http://hl7.org/fhir/us/odh/ValueSet/shr-core-ClockFaceDirectionVS"/><identifier><system value="http://hl7.org/fhir/us/odh"/><value value="shr.core.ClockFaceDirectionVS"/></identifier><version value="1.1.0"/><name value="ClockFaceDirectionVS"/><title value="ClockFaceDirectionVS"/><status value="draft"/><date value="2019-06-21T00:00:00-04:00"/><publisher value="HL7"/><contact><telecom><system value="url"/><value value="http://standardhealthrecord.org"/></telecom></contact><description value="The relative direction of an object described using the analogy of a 12-hour clock to describe angles and directions. One imagines a clock face lying either upright or flat in front of oneself, and identifies the twelve hour markings with the directions in which they point."/><compose><include><system value="http://snomed.info/sct"/><filter><property value="concept"/><op value="is-a"/><value value="272485000"/></filter></include></compose></ValueSet>