{"resourceType":"StructureDefinition","id":"shr-core-Name-model","text":{"status":"generated","div":"<div xmlns=\"http://www.w3.org/1999/xhtml\">\n  <p><b>Name Logical Model</b></p>\n  <p>Abstract supertype for the name of an entity.</p>\n</div>"},"url":"http://hl7.org/fhir/us/shr/StructureDefinition/shr-core-Name-model","identifier":[{"system":"http://hl7.org/fhir/us/sw","value":"shr.core.Name"}],"version":"0.5.0","name":"Name","title":"shr-core-Name","status":"draft","date":"2019-03-31T00:00:00-04:00","publisher":"HL7 Patient Care and Clinical Information Modeling Initiative Work Groups","contact":[{"telecom":[{"system":"url","value":"http://standardhealthrecord.org"}]}],"description":"Abstract supertype for the name of an entity.","fhirVersion":"3.0.1","kind":"logical","abstract":false,"type":"shr-core-Name-model","baseDefinition":"http://hl7.org/fhir/StructureDefinition/Element","derivation":"specialization","snapshot":{"element":[{"id":"shr-core-Name-model","path":"shr-core-Name-model","definition":"Abstract supertype for the name of an entity.","min":0,"max":"*","base":{"path":"shr-core-Name-model","min":0,"max":"*"},"mustSupport":false,"isModifier":false,"isSummary":false},{"id":"shr-core-Name-model.nameAsText","path":"shr-core-Name-model.nameAsText","short":"The name as plain unstructured or semi-structured text.","definition":"The name as plain unstructured or semi-structured text.","min":0,"max":"1","base":{"path":"shr-core-Name-model.nameAsText","min":0,"max":"1"},"type":[{"code":"string"}],"mustSupport":false,"isModifier":false,"isSummary":false},{"id":"shr-core-Name-model.purpose","path":"shr-core-Name-model.purpose","short":"What it should be used for.","definition":"What it should be used for.","min":0,"max":"*","base":{"path":"shr-core-Name-model.purpose","min":0,"max":"*"},"type":[{"code":"Coding"}],"mustSupport":false,"isModifier":false,"isSummary":false},{"id":"shr-core-Name-model.effectiveTimePeriod","path":"shr-core-Name-model.effectiveTimePeriod","code":[{"system":"http://ncimeta.nci.nih.gov","code":"C2985763"}],"short":"The date and time span for which something is active, valid, or in force.","definition":"The date and time span for which something is active, valid, or in force.","min":0,"max":"1","base":{"path":"shr-core-Name-model.effectiveTimePeriod","min":0,"max":"1"},"type":[{"code":"http://hl7.org/fhir/us/shr/StructureDefinition/shr-core-EffectiveTimePeriod-model"}],"mustSupport":false,"isModifier":false,"isSummary":false}]},"differential":{"element":[{"id":"shr-core-Name-model","path":"shr-core-Name-model","definition":"Abstract supertype for the name of an entity.","min":0,"max":"*","base":{"path":"shr-core-Name-model","min":0,"max":"*"},"mustSupport":false,"isModifier":false,"isSummary":false},{"id":"shr-core-Name-model.nameAsText","path":"shr-core-Name-model.nameAsText","short":"The name as plain unstructured or semi-structured text.","definition":"The name as plain unstructured or semi-structured text.","min":0,"max":"1","base":{"path":"shr-core-Name-model.nameAsText","min":0,"max":"1"},"type":[{"code":"string"}],"mustSupport":false,"isModifier":false,"isSummary":false},{"id":"shr-core-Name-model.purpose","path":"shr-core-Name-model.purpose","short":"What it should be used for.","definition":"What it should be used for.","min":0,"max":"*","base":{"path":"shr-core-Name-model.purpose","min":0,"max":"*"},"type":[{"code":"Coding"}],"mustSupport":false,"isModifier":false,"isSummary":false},{"id":"shr-core-Name-model.effectiveTimePeriod","path":"shr-core-Name-model.effectiveTimePeriod","code":[{"system":"http://ncimeta.nci.nih.gov","code":"C2985763"}],"short":"The date and time span for which something is active, valid, or in force.","definition":"The date and time span for which something is active, valid, or in force.","min":0,"max":"1","base":{"path":"shr-core-Name-model.effectiveTimePeriod","min":0,"max":"1"},"type":[{"code":"http://hl7.org/fhir/us/shr/StructureDefinition/shr-core-EffectiveTimePeriod-model"}],"mustSupport":false,"isModifier":false,"isSummary":false}]}}