{"resourceType":"StructureDefinition","id":"shr-core-LotNumber-model","text":{"status":"generated","div":"<div xmlns=\"http://www.w3.org/1999/xhtml\">\n  <p><b>LotNumber Logical Model</b></p>\n  <p>A distinctive alpha-numeric identification code assigned by the manufacturer or distributor to a specific quantity of manufactured material or product within a batch.</p>\n</div>"},"url":"http://hl7.org/fhir/us/shr/StructureDefinition/shr-core-LotNumber-model","identifier":[{"system":"http://hl7.org/fhir/us/sw","value":"shr.core.LotNumber"}],"version":"0.5.0","name":"LotNumber","title":"shr-core-LotNumber","status":"draft","date":"2019-03-30T00:00:00-04:00","publisher":"HL7 Patient Care and Clinical Information Modeling Initiative Work Groups","contact":[{"telecom":[{"system":"url","value":"http://standardhealthrecord.org"}]}],"description":"A distinctive alpha-numeric identification code assigned by the manufacturer or distributor to a specific quantity of manufactured material or product within a batch.","keyword":[{"system":"http://ncimeta.nci.nih.gov","code":"C1115660"}],"fhirVersion":"3.0.1","kind":"logical","abstract":false,"type":"shr-core-LotNumber-model","baseDefinition":"http://hl7.org/fhir/StructureDefinition/Element","derivation":"specialization","snapshot":{"element":[{"id":"shr-core-LotNumber-model","path":"shr-core-LotNumber-model","definition":"A distinctive alpha-numeric identification code assigned by the manufacturer or distributor to a specific quantity of manufactured material or product within a batch.","min":0,"max":"*","base":{"path":"shr-core-LotNumber-model","min":0,"max":"*"},"mustSupport":false,"isModifier":false,"isSummary":false},{"id":"shr-core-LotNumber-model.value","path":"shr-core-LotNumber-model.value","short":"String representing a distinctive alpha-numeric identification code assigned by the manufacturer or distributor to a specific quantity of manufactured material or product within a batch.","definition":"String representing a distinctive alpha-numeric identification code assigned by the manufacturer or distributor to a specific quantity of manufactured material or product within a batch.","min":1,"max":"1","base":{"path":"shr-core-LotNumber-model.value","min":1,"max":"1"},"type":[{"code":"string"}],"mustSupport":false,"isModifier":false,"isSummary":false}]},"differential":{"element":[{"id":"shr-core-LotNumber-model","path":"shr-core-LotNumber-model","definition":"A distinctive alpha-numeric identification code assigned by the manufacturer or distributor to a specific quantity of manufactured material or product within a batch.","min":0,"max":"*","base":{"path":"shr-core-LotNumber-model","min":0,"max":"*"},"mustSupport":false,"isModifier":false,"isSummary":false},{"id":"shr-core-LotNumber-model.value","path":"shr-core-LotNumber-model.value","short":"String representing a distinctive alpha-numeric identification code assigned by the manufacturer or distributor to a specific quantity of manufactured material or product within a batch.","definition":"String representing a distinctive alpha-numeric identification code assigned by the manufacturer or distributor to a specific quantity of manufactured material or product within a batch.","min":1,"max":"1","base":{"path":"shr-core-LotNumber-model.value","min":1,"max":"1"},"type":[{"code":"string"}],"mustSupport":false,"isModifier":false,"isSummary":false}]}}