{"resourceType":"StructureDefinition","id":"shr-core-Method-model","text":{"status":"generated","div":"<div xmlns=\"http://www.w3.org/1999/xhtml\">\n  <p><b>Method Logical Model</b></p>\n  <p>The technique used to carry out an action, for example, the specific imaging technical or assessment vehicle.</p>\n</div>"},"url":"http://hl7.org/fhir/us/shr/StructureDefinition/shr-core-Method-model","identifier":[{"system":"http://hl7.org/fhir/us/sw","value":"shr.core.Method"}],"version":"0.5.0","name":"Method","title":"shr-core-Method","status":"draft","date":"2019-03-30T00:00:00-04:00","publisher":"HL7 Patient Care and Clinical Information Modeling Initiative Work Groups","contact":[{"telecom":[{"system":"url","value":"http://standardhealthrecord.org"}]}],"description":"The technique used to carry out an action, for example, the specific imaging technical or assessment vehicle.","fhirVersion":"3.0.1","kind":"logical","abstract":false,"type":"shr-core-Method-model","baseDefinition":"http://hl7.org/fhir/StructureDefinition/Element","derivation":"specialization","snapshot":{"element":[{"id":"shr-core-Method-model","path":"shr-core-Method-model","definition":"The technique used to carry out an action, for example, the specific imaging technical or assessment vehicle.","min":0,"max":"*","base":{"path":"shr-core-Method-model","min":0,"max":"*"},"mustSupport":false,"isModifier":false,"isSummary":false},{"id":"shr-core-Method-model.value","path":"shr-core-Method-model.value","short":"Code representing the technique used to carry out an action, for example, the specific imaging technical or assessment vehicle.","definition":"Code representing the technique used to carry out an action, for example, the specific imaging technical or assessment vehicle.","min":1,"max":"1","base":{"path":"shr-core-Method-model.value","min":1,"max":"1"},"type":[{"code":"Coding"}],"mustSupport":false,"isModifier":false,"isSummary":false}]},"differential":{"element":[{"id":"shr-core-Method-model","path":"shr-core-Method-model","definition":"The technique used to carry out an action, for example, the specific imaging technical or assessment vehicle.","min":0,"max":"*","base":{"path":"shr-core-Method-model","min":0,"max":"*"},"mustSupport":false,"isModifier":false,"isSummary":false},{"id":"shr-core-Method-model.value","path":"shr-core-Method-model.value","short":"Code representing the technique used to carry out an action, for example, the specific imaging technical or assessment vehicle.","definition":"Code representing the technique used to carry out an action, for example, the specific imaging technical or assessment vehicle.","min":1,"max":"1","base":{"path":"shr-core-Method-model.value","min":1,"max":"1"},"type":[{"code":"Coding"}],"mustSupport":false,"isModifier":false,"isSummary":false}]}}