{"resourceType":"StructureDefinition","id":"shr-core-MaximumDosePerTimePeriod-model","text":{"status":"generated","div":"<div xmlns=\"http://www.w3.org/1999/xhtml\">\n  <p><b>MaximumDosePerTimePeriod Logical Model</b></p>\n  <p>The maximum amount of a medication to be taken in a given period of time (e.g., no more than x in any 24-hour period)</p>\n</div>"},"url":"http://hl7.org/fhir/us/shr/StructureDefinition/shr-core-MaximumDosePerTimePeriod-model","identifier":[{"system":"http://hl7.org/fhir/us/sw","value":"shr.core.MaximumDosePerTimePeriod"}],"version":"0.5.0","name":"MaximumDosePerTimePeriod","title":"shr-core-MaximumDosePerTimePeriod","status":"draft","date":"2019-03-31T00:00:00-04:00","publisher":"HL7 Patient Care and Clinical Information Modeling Initiative Work Groups","contact":[{"telecom":[{"system":"url","value":"http://standardhealthrecord.org"}]}],"description":"The maximum amount of a medication to be taken in a given period of time (e.g., no more than x in any 24-hour period)","fhirVersion":"3.0.1","kind":"logical","abstract":false,"type":"shr-core-MaximumDosePerTimePeriod-model","baseDefinition":"http://hl7.org/fhir/StructureDefinition/Element","derivation":"specialization","snapshot":{"element":[{"id":"shr-core-MaximumDosePerTimePeriod-model","path":"shr-core-MaximumDosePerTimePeriod-model","definition":"The maximum amount of a medication to be taken in a given period of time (e.g., no more than x in any 24-hour period)","min":0,"max":"*","base":{"path":"shr-core-MaximumDosePerTimePeriod-model","min":0,"max":"*"},"mustSupport":false,"isModifier":false,"isSummary":false},{"id":"shr-core-MaximumDosePerTimePeriod-model.value","path":"shr-core-MaximumDosePerTimePeriod-model.value","code":[{"system":"http://ncimeta.nci.nih.gov","code":"C0456603"}],"short":"Ratio representing the maximum amount of a medication to be taken in a given period of time (e.g., no more than x in any 24-hour period)","definition":"Ratio representing the maximum amount of a medication to be taken in a given period of time (e.g., no more than x in any 24-hour period)","min":1,"max":"1","base":{"path":"shr-core-MaximumDosePerTimePeriod-model.value","min":1,"max":"1"},"type":[{"code":"http://hl7.org/fhir/us/shr/StructureDefinition/shr-core-Ratio-model"}],"mustSupport":false,"isModifier":false,"isSummary":false}]},"differential":{"element":[{"id":"shr-core-MaximumDosePerTimePeriod-model","path":"shr-core-MaximumDosePerTimePeriod-model","definition":"The maximum amount of a medication to be taken in a given period of time (e.g., no more than x in any 24-hour period)","min":0,"max":"*","base":{"path":"shr-core-MaximumDosePerTimePeriod-model","min":0,"max":"*"},"mustSupport":false,"isModifier":false,"isSummary":false},{"id":"shr-core-MaximumDosePerTimePeriod-model.value","path":"shr-core-MaximumDosePerTimePeriod-model.value","code":[{"system":"http://ncimeta.nci.nih.gov","code":"C0456603"}],"short":"Ratio representing the maximum amount of a medication to be taken in a given period of time (e.g., no more than x in any 24-hour period)","definition":"Ratio representing the maximum amount of a medication to be taken in a given period of time (e.g., no more than x in any 24-hour period)","min":1,"max":"1","base":{"path":"shr-core-MaximumDosePerTimePeriod-model.value","min":1,"max":"1"},"type":[{"code":"http://hl7.org/fhir/us/shr/StructureDefinition/shr-core-Ratio-model"}],"mustSupport":false,"isModifier":false,"isSummary":false}]}}