{"resourceType":"StructureDefinition","id":"shr-core-TreatmentIntent-model","text":{"status":"generated","div":"<div xmlns=\"http://www.w3.org/1999/xhtml\">\n  <p><b>TreatmentIntent Logical Model</b></p>\n  <p>The intended result from a given treatment.  Examples include curative, palliative, and supportive.</p>\n</div>"},"url":"http://hl7.org/fhir/us/shr/StructureDefinition/shr-core-TreatmentIntent-model","identifier":[{"system":"http://hl7.org/fhir/us/sw","value":"shr.core.TreatmentIntent"}],"version":"0.5.0","name":"TreatmentIntent","title":"shr-core-TreatmentIntent","status":"draft","date":"2019-03-30T00:00:00-04:00","publisher":"HL7 Patient Care and Clinical Information Modeling Initiative Work Groups","contact":[{"telecom":[{"system":"url","value":"http://standardhealthrecord.org"}]}],"description":"The intended result from a given treatment.  Examples include curative, palliative, and supportive.","keyword":[{"system":"http://snomed.info/sct","code":"395077000","display":"Treatment intent (situation)"}],"fhirVersion":"3.0.1","kind":"logical","abstract":false,"type":"shr-core-TreatmentIntent-model","baseDefinition":"http://hl7.org/fhir/StructureDefinition/Element","derivation":"specialization","snapshot":{"element":[{"id":"shr-core-TreatmentIntent-model","path":"shr-core-TreatmentIntent-model","definition":"The intended result from a given treatment.  Examples include curative, palliative, and supportive.","min":0,"max":"*","base":{"path":"shr-core-TreatmentIntent-model","min":0,"max":"*"},"mustSupport":false,"isModifier":false,"isSummary":false},{"id":"shr-core-TreatmentIntent-model.value","path":"shr-core-TreatmentIntent-model.value","short":"Code representing the intended result from a given treatment.  Examples include curative, palliative, and supportive.","definition":"Code representing the intended result from a given treatment.  Examples include curative, palliative, and supportive.","min":1,"max":"1","base":{"path":"shr-core-TreatmentIntent-model.value","min":1,"max":"1"},"type":[{"code":"Coding"}],"mustSupport":false,"isModifier":false,"isSummary":false,"binding":{"strength":"required","valueSetReference":{"reference":"http://hl7.org/fhir/us/sw/shr/core/vs/TreatmentIntentVS"}}}]},"differential":{"element":[{"id":"shr-core-TreatmentIntent-model","path":"shr-core-TreatmentIntent-model","definition":"The intended result from a given treatment.  Examples include curative, palliative, and supportive.","min":0,"max":"*","base":{"path":"shr-core-TreatmentIntent-model","min":0,"max":"*"},"mustSupport":false,"isModifier":false,"isSummary":false},{"id":"shr-core-TreatmentIntent-model.value","path":"shr-core-TreatmentIntent-model.value","short":"Code representing the intended result from a given treatment.  Examples include curative, palliative, and supportive.","definition":"Code representing the intended result from a given treatment.  Examples include curative, palliative, and supportive.","min":1,"max":"1","base":{"path":"shr-core-TreatmentIntent-model.value","min":1,"max":"1"},"type":[{"code":"Coding"}],"mustSupport":false,"isModifier":false,"isSummary":false,"binding":{"strength":"required","valueSetReference":{"reference":"http://hl7.org/fhir/us/sw/shr/core/vs/TreatmentIntentVS"}}}]}}