{"resourceType":"StructureDefinition","id":"shr-core-Participation-model","text":{"status":"generated","div":"<div xmlns=\"http://www.w3.org/1999/xhtml\">\n  <p><b>Participation Logical Model</b></p>\n  <p>Record of someone or something involvement in an activity or event.</p>\n</div>"},"url":"http://hl7.org/fhir/us/shr/StructureDefinition/shr-core-Participation-model","identifier":[{"system":"http://hl7.org/fhir/us/sw","value":"shr.core.Participation"}],"version":"0.5.0","name":"Participation","title":"shr-core-Participation","status":"draft","date":"2019-03-30T00:00:00-04:00","publisher":"HL7 Patient Care and Clinical Information Modeling Initiative Work Groups","contact":[{"telecom":[{"system":"url","value":"http://standardhealthrecord.org"}]}],"description":"Record of someone or something involvement in an activity or event.","fhirVersion":"3.0.1","kind":"logical","abstract":false,"type":"shr-core-Participation-model","baseDefinition":"http://hl7.org/fhir/StructureDefinition/Element","derivation":"specialization","snapshot":{"element":[{"id":"shr-core-Participation-model","path":"shr-core-Participation-model","definition":"Record of someone or something involvement in an activity or event.","min":0,"max":"*","base":{"path":"shr-core-Participation-model","min":0,"max":"*"},"mustSupport":false,"isModifier":false,"isSummary":false},{"id":"shr-core-Participation-model.participant[x]","path":"shr-core-Participation-model.participant[x]","code":[{"system":"http://ncimeta.nci.nih.gov","code":"C1550369"}],"short":"An entity (usually a Practitioner, Patient, or Organization but potentially a device or other entity) that participates in a healthcare task or activity.","definition":"An entity (usually a Practitioner, Patient, or Organization but potentially a device or other entity) that participates in a healthcare task or activity.","min":0,"max":"1","base":{"path":"shr-core-Participation-model.participant[x]","min":0,"max":"1"},"type":[{"code":"Reference","targetProfile":"http://hl7.org/fhir/us/shr/StructureDefinition/shr-core-Patient-model"},{"code":"Reference","targetProfile":"http://hl7.org/fhir/us/shr/StructureDefinition/shr-core-Practitioner-model"},{"code":"Reference","targetProfile":"http://hl7.org/fhir/us/shr/StructureDefinition/shr-core-RelatedPerson-model"},{"code":"Reference","targetProfile":"http://hl7.org/fhir/us/shr/StructureDefinition/shr-core-Organization-model"},{"code":"Reference","targetProfile":"http://hl7.org/fhir/us/shr/StructureDefinition/shr-core-Device-model"},{"code":"Reference","targetProfile":"http://hl7.org/fhir/us/shr/StructureDefinition/shr-core-Group-model"},{"code":"Reference","targetProfile":"http://hl7.org/fhir/us/shr/StructureDefinition/shr-core-Location-model"}],"mustSupport":false,"isModifier":false,"isSummary":false},{"id":"shr-core-Participation-model.participationType","path":"shr-core-Participation-model.participationType","code":[{"system":"http://ncimeta.nci.nih.gov","code":"C1553854"}],"short":"The role played by the participant engaged in the action, for example, as the attending physician, surgical assistant, etc.","definition":"The role played by the participant engaged in the action, for example, as the attending physician, surgical assistant, etc.","min":0,"max":"1","base":{"path":"shr-core-Participation-model.participationType","min":0,"max":"1"},"type":[{"code":"Coding"}],"mustSupport":false,"isModifier":false,"isSummary":false,"binding":{"strength":"example","valueSetReference":{"reference":"http://hl7.org/fhir/ValueSet/performer-role"}}},{"id":"shr-core-Participation-model.participationPeriod","path":"shr-core-Participation-model.participationPeriod","code":[{"system":"http://ncimeta.nci.nih.gov","code":"C1948053"}],"short":"The point in time or span of time the participant is involved.","definition":"The point in time or span of time the participant is involved.","min":0,"max":"1","base":{"path":"shr-core-Participation-model.participationPeriod","min":0,"max":"1"},"type":[{"code":"http://hl7.org/fhir/us/shr/StructureDefinition/shr-core-TimePeriod-model"}],"mustSupport":false,"isModifier":false,"isSummary":false},{"id":"shr-core-Participation-model.onBehalfOf[x]","path":"shr-core-Participation-model.onBehalfOf[x]","short":"The party represented by the actual participant.","definition":"The party represented by the actual participant.","min":0,"max":"1","base":{"path":"shr-core-Participation-model.onBehalfOf[x]","min":0,"max":"1"},"type":[{"code":"uri"},{"code":"Reference","targetProfile":"http://hl7.org/fhir/us/shr/StructureDefinition/shr-core-Organization-model"}],"mustSupport":false,"isModifier":false,"isSummary":false}]},"differential":{"element":[{"id":"shr-core-Participation-model","path":"shr-core-Participation-model","definition":"Record of someone or something involvement in an activity or event.","min":0,"max":"*","base":{"path":"shr-core-Participation-model","min":0,"max":"*"},"mustSupport":false,"isModifier":false,"isSummary":false},{"id":"shr-core-Participation-model.participant[x]","path":"shr-core-Participation-model.participant[x]","code":[{"system":"http://ncimeta.nci.nih.gov","code":"C1550369"}],"short":"An entity (usually a Practitioner, Patient, or Organization but potentially a device or other entity) that participates in a healthcare task or activity.","definition":"An entity (usually a Practitioner, Patient, or Organization but potentially a device or other entity) that participates in a healthcare task or activity.","min":0,"max":"1","base":{"path":"shr-core-Participation-model.participant[x]","min":0,"max":"1"},"type":[{"code":"Reference","targetProfile":"http://hl7.org/fhir/us/shr/StructureDefinition/shr-core-Patient-model"},{"code":"Reference","targetProfile":"http://hl7.org/fhir/us/shr/StructureDefinition/shr-core-Practitioner-model"},{"code":"Reference","targetProfile":"http://hl7.org/fhir/us/shr/StructureDefinition/shr-core-RelatedPerson-model"},{"code":"Reference","targetProfile":"http://hl7.org/fhir/us/shr/StructureDefinition/shr-core-Organization-model"},{"code":"Reference","targetProfile":"http://hl7.org/fhir/us/shr/StructureDefinition/shr-core-Device-model"},{"code":"Reference","targetProfile":"http://hl7.org/fhir/us/shr/StructureDefinition/shr-core-Group-model"},{"code":"Reference","targetProfile":"http://hl7.org/fhir/us/shr/StructureDefinition/shr-core-Location-model"}],"mustSupport":false,"isModifier":false,"isSummary":false},{"id":"shr-core-Participation-model.participationType","path":"shr-core-Participation-model.participationType","code":[{"system":"http://ncimeta.nci.nih.gov","code":"C1553854"}],"short":"The role played by the participant engaged in the action, for example, as the attending physician, surgical assistant, etc.","definition":"The role played by the participant engaged in the action, for example, as the attending physician, surgical assistant, etc.","min":0,"max":"1","base":{"path":"shr-core-Participation-model.participationType","min":0,"max":"1"},"type":[{"code":"Coding"}],"mustSupport":false,"isModifier":false,"isSummary":false,"binding":{"strength":"example","valueSetReference":{"reference":"http://hl7.org/fhir/ValueSet/performer-role"}}},{"id":"shr-core-Participation-model.participationPeriod","path":"shr-core-Participation-model.participationPeriod","code":[{"system":"http://ncimeta.nci.nih.gov","code":"C1948053"}],"short":"The point in time or span of time the participant is involved.","definition":"The point in time or span of time the participant is involved.","min":0,"max":"1","base":{"path":"shr-core-Participation-model.participationPeriod","min":0,"max":"1"},"type":[{"code":"http://hl7.org/fhir/us/shr/StructureDefinition/shr-core-TimePeriod-model"}],"mustSupport":false,"isModifier":false,"isSummary":false},{"id":"shr-core-Participation-model.onBehalfOf[x]","path":"shr-core-Participation-model.onBehalfOf[x]","short":"The party represented by the actual participant.","definition":"The party represented by the actual participant.","min":0,"max":"1","base":{"path":"shr-core-Participation-model.onBehalfOf[x]","min":0,"max":"1"},"type":[{"code":"uri"},{"code":"Reference","targetProfile":"http://hl7.org/fhir/us/shr/StructureDefinition/shr-core-Organization-model"}],"mustSupport":false,"isModifier":false,"isSummary":false}]}}