{"resourceType":"StructureDefinition","id":"shr-core-DosageBodyLocation-model","text":{"status":"generated","div":"<div xmlns=\"http://www.w3.org/1999/xhtml\">\n  <p><b>DosageBodyLocation Logical Model</b></p>\n  <p>The anatomic site at which medical intervention is applied.</p>\n</div>"},"url":"http://hl7.org/fhir/us/shr/StructureDefinition/shr-core-DosageBodyLocation-model","identifier":[{"system":"http://hl7.org/fhir/us/sw","value":"shr.core.DosageBodyLocation"}],"version":"0.5.0","name":"DosageBodyLocation","title":"shr-core-DosageBodyLocation","status":"draft","date":"2019-03-31T00:00:00-04:00","publisher":"HL7 Patient Care and Clinical Information Modeling Initiative Work Groups","contact":[{"telecom":[{"system":"url","value":"http://standardhealthrecord.org"}]}],"description":"The anatomic site at which medical intervention is applied.","keyword":[{"system":"http://ncimeta.nci.nih.gov","code":"C0229986"}],"fhirVersion":"3.0.1","kind":"logical","abstract":false,"type":"shr-core-DosageBodyLocation-model","baseDefinition":"http://hl7.org/fhir/StructureDefinition/Element","derivation":"specialization","snapshot":{"element":[{"id":"shr-core-DosageBodyLocation-model","path":"shr-core-DosageBodyLocation-model","definition":"The anatomic site at which medical intervention is applied.","min":0,"max":"*","base":{"path":"shr-core-DosageBodyLocation-model","min":0,"max":"*"},"mustSupport":false,"isModifier":false,"isSummary":false},{"id":"shr-core-DosageBodyLocation-model.value","path":"shr-core-DosageBodyLocation-model.value","short":"Code representing the anatomic site at which medical intervention is applied.","definition":"Code representing the anatomic site at which medical intervention is applied.","min":1,"max":"1","base":{"path":"shr-core-DosageBodyLocation-model.value","min":1,"max":"1"},"type":[{"code":"Coding"}],"mustSupport":false,"isModifier":false,"isSummary":false,"binding":{"strength":"preferred","valueSetReference":{"reference":"http://hl7.org/fhir/us/sw/shr/core/vs/BodyLocationVS"}}}]},"differential":{"element":[{"id":"shr-core-DosageBodyLocation-model","path":"shr-core-DosageBodyLocation-model","definition":"The anatomic site at which medical intervention is applied.","min":0,"max":"*","base":{"path":"shr-core-DosageBodyLocation-model","min":0,"max":"*"},"mustSupport":false,"isModifier":false,"isSummary":false},{"id":"shr-core-DosageBodyLocation-model.value","path":"shr-core-DosageBodyLocation-model.value","short":"Code representing the anatomic site at which medical intervention is applied.","definition":"Code representing the anatomic site at which medical intervention is applied.","min":1,"max":"1","base":{"path":"shr-core-DosageBodyLocation-model.value","min":1,"max":"1"},"type":[{"code":"Coding"}],"mustSupport":false,"isModifier":false,"isSummary":false,"binding":{"strength":"preferred","valueSetReference":{"reference":"http://hl7.org/fhir/us/sw/shr/core/vs/BodyLocationVS"}}}]}}