{"resourceType":"StructureDefinition","id":"shr-core-EntityOrRole-model","text":{"status":"generated","div":"<div xmlns=\"http://www.w3.org/1999/xhtml\">\n  <p><b>EntityOrRole Logical Model</b></p>\n  <p>Abstract parent class for both Entity and Role.</p>\n</div>"},"url":"http://hl7.org/fhir/us/shr/StructureDefinition/shr-core-EntityOrRole-model","identifier":[{"system":"http://hl7.org/fhir/us/sw","value":"shr.core.EntityOrRole"}],"version":"0.5.0","name":"EntityOrRole","title":"shr-core-EntityOrRole","status":"draft","date":"2019-03-31T00:00:00-04:00","publisher":"HL7 Patient Care and Clinical Information Modeling Initiative Work Groups","contact":[{"telecom":[{"system":"url","value":"http://standardhealthrecord.org"}]}],"description":"Abstract parent class for both Entity and Role.","fhirVersion":"3.0.1","kind":"logical","abstract":false,"type":"shr-core-EntityOrRole-model","baseDefinition":"http://hl7.org/fhir/StructureDefinition/Element","derivation":"specialization","snapshot":{"element":[{"id":"shr-core-EntityOrRole-model","path":"shr-core-EntityOrRole-model","definition":"Abstract parent class for both Entity and Role.","min":0,"max":"*","base":{"path":"shr-core-EntityOrRole-model","min":0,"max":"*"},"mustSupport":false,"isModifier":false,"isSummary":false},{"id":"shr-core-EntityOrRole-model.metadata","path":"shr-core-EntityOrRole-model.metadata","short":"Elements that belong to all information items.","definition":"Elements that belong to all information items.","min":0,"max":"1","base":{"path":"shr-core-EntityOrRole-model.metadata","min":0,"max":"1"},"type":[{"code":"http://hl7.org/fhir/us/shr/StructureDefinition/shr-core-Metadata-model"}],"mustSupport":false,"isModifier":false,"isSummary":false},{"id":"shr-core-EntityOrRole-model.language","path":"shr-core-EntityOrRole-model.language","code":[{"system":"http://ncimeta.nci.nih.gov","code":"C0023008"}],"short":"A human language, spoken or written.","definition":"A human language, spoken or written.","min":0,"max":"1","base":{"path":"shr-core-EntityOrRole-model.language","min":0,"max":"1"},"type":[{"code":"Coding"}],"mustSupport":false,"isModifier":false,"isSummary":false},{"id":"shr-core-EntityOrRole-model.implicitRules","path":"shr-core-EntityOrRole-model.implicitRules","short":"A set of rules under which this content was created","definition":"A set of rules under which this content was created","min":0,"max":"1","base":{"path":"shr-core-EntityOrRole-model.implicitRules","min":0,"max":"1"},"type":[{"code":"uri"}],"mustSupport":false,"isModifier":false,"isSummary":false},{"id":"shr-core-EntityOrRole-model.narrative","path":"shr-core-EntityOrRole-model.narrative","short":"A human-readable narrative, potentially including images, that contains a summary of the resource, and may be used to represent the content of the resource to a human.","definition":"A human-readable narrative, potentially including images, that contains a summary of the resource, and may be used to represent the content of the resource to a human.","min":0,"max":"1","base":{"path":"shr-core-EntityOrRole-model.narrative","min":0,"max":"1"},"type":[{"code":"http://hl7.org/fhir/us/shr/StructureDefinition/shr-core-Narrative-model"}],"mustSupport":false,"isModifier":false,"isSummary":false},{"id":"shr-core-EntityOrRole-model.status","path":"shr-core-EntityOrRole-model.status","short":"A state that relates to the workflow or interpretation of this resource. Certain status values can modify the meaning of the resource, for example, entered-in-error. When a boolean value is used, Status of true indicates the record is active, false means inactive.","definition":"A state that relates to the workflow or interpretation of this resource. Certain status values can modify the meaning of the resource, for example, entered-in-error. When a boolean value is used, Status of true indicates the record is active, false means inactive.","min":0,"max":"1","base":{"path":"shr-core-EntityOrRole-model.status","min":0,"max":"1"},"type":[{"code":"Coding"}],"mustSupport":false,"isModifier":false,"isSummary":false},{"id":"shr-core-EntityOrRole-model.identifier","path":"shr-core-EntityOrRole-model.identifier","short":"Business identifier or external id for this resource.","definition":"Business identifier or external id for this resource.","min":0,"max":"*","base":{"path":"shr-core-EntityOrRole-model.identifier","min":0,"max":"*"},"type":[{"code":"http://hl7.org/fhir/us/shr/StructureDefinition/shr-core-Identifier-model"}],"mustSupport":false,"isModifier":false,"isSummary":false}]},"differential":{"element":[{"id":"shr-core-EntityOrRole-model","path":"shr-core-EntityOrRole-model","definition":"Abstract parent class for both Entity and Role.","min":0,"max":"*","base":{"path":"shr-core-EntityOrRole-model","min":0,"max":"*"},"mustSupport":false,"isModifier":false,"isSummary":false},{"id":"shr-core-EntityOrRole-model.metadata","path":"shr-core-EntityOrRole-model.metadata","short":"Elements that belong to all information items.","definition":"Elements that belong to all information items.","min":0,"max":"1","base":{"path":"shr-core-EntityOrRole-model.metadata","min":0,"max":"1"},"type":[{"code":"http://hl7.org/fhir/us/shr/StructureDefinition/shr-core-Metadata-model"}],"mustSupport":false,"isModifier":false,"isSummary":false},{"id":"shr-core-EntityOrRole-model.language","path":"shr-core-EntityOrRole-model.language","code":[{"system":"http://ncimeta.nci.nih.gov","code":"C0023008"}],"short":"A human language, spoken or written.","definition":"A human language, spoken or written.","min":0,"max":"1","base":{"path":"shr-core-EntityOrRole-model.language","min":0,"max":"1"},"type":[{"code":"Coding"}],"mustSupport":false,"isModifier":false,"isSummary":false},{"id":"shr-core-EntityOrRole-model.implicitRules","path":"shr-core-EntityOrRole-model.implicitRules","short":"A set of rules under which this content was created","definition":"A set of rules under which this content was created","min":0,"max":"1","base":{"path":"shr-core-EntityOrRole-model.implicitRules","min":0,"max":"1"},"type":[{"code":"uri"}],"mustSupport":false,"isModifier":false,"isSummary":false},{"id":"shr-core-EntityOrRole-model.narrative","path":"shr-core-EntityOrRole-model.narrative","short":"A human-readable narrative, potentially including images, that contains a summary of the resource, and may be used to represent the content of the resource to a human.","definition":"A human-readable narrative, potentially including images, that contains a summary of the resource, and may be used to represent the content of the resource to a human.","min":0,"max":"1","base":{"path":"shr-core-EntityOrRole-model.narrative","min":0,"max":"1"},"type":[{"code":"http://hl7.org/fhir/us/shr/StructureDefinition/shr-core-Narrative-model"}],"mustSupport":false,"isModifier":false,"isSummary":false},{"id":"shr-core-EntityOrRole-model.status","path":"shr-core-EntityOrRole-model.status","short":"A state that relates to the workflow or interpretation of this resource. Certain status values can modify the meaning of the resource, for example, entered-in-error. When a boolean value is used, Status of true indicates the record is active, false means inactive.","definition":"A state that relates to the workflow or interpretation of this resource. Certain status values can modify the meaning of the resource, for example, entered-in-error. When a boolean value is used, Status of true indicates the record is active, false means inactive.","min":0,"max":"1","base":{"path":"shr-core-EntityOrRole-model.status","min":0,"max":"1"},"type":[{"code":"Coding"}],"mustSupport":false,"isModifier":false,"isSummary":false},{"id":"shr-core-EntityOrRole-model.identifier","path":"shr-core-EntityOrRole-model.identifier","short":"Business identifier or external id for this resource.","definition":"Business identifier or external id for this resource.","min":0,"max":"*","base":{"path":"shr-core-EntityOrRole-model.identifier","min":0,"max":"*"},"type":[{"code":"http://hl7.org/fhir/us/shr/StructureDefinition/shr-core-Identifier-model"}],"mustSupport":false,"isModifier":false,"isSummary":false}]}}