{"resourceType":"StructureDefinition","id":"shr-core-ExpectedPerformanceTime-model","text":{"status":"generated","div":"<div xmlns=\"http://www.w3.org/1999/xhtml\">\n  <p><b>ExpectedPerformanceTime Logical Model</b></p>\n  <p>When an action should be done. If the action is a series or recurs (e.g. daily blood sugar testing in the morning) then a Timing can be used to describe the periodicity.</p>\n</div>"},"url":"http://hl7.org/fhir/us/shr/StructureDefinition/shr-core-ExpectedPerformanceTime-model","identifier":[{"system":"http://hl7.org/fhir/us/sw","value":"shr.core.ExpectedPerformanceTime"}],"version":"0.5.0","name":"ExpectedPerformanceTime","title":"shr-core-ExpectedPerformanceTime","status":"draft","date":"2019-03-31T00:00:00-04:00","publisher":"HL7 Patient Care and Clinical Information Modeling Initiative Work Groups","contact":[{"telecom":[{"system":"url","value":"http://standardhealthrecord.org"}]}],"description":"When an action should be done. If the action is a series or recurs (e.g. daily blood sugar testing in the morning) then a Timing can be used to describe the periodicity.","fhirVersion":"3.0.1","kind":"logical","abstract":false,"type":"shr-core-ExpectedPerformanceTime-model","baseDefinition":"http://hl7.org/fhir/StructureDefinition/Element","derivation":"specialization","snapshot":{"element":[{"id":"shr-core-ExpectedPerformanceTime-model","path":"shr-core-ExpectedPerformanceTime-model","definition":"When an action should be done. If the action is a series or recurs (e.g. daily blood sugar testing in the morning) then a Timing can be used to describe the periodicity.","min":0,"max":"*","base":{"path":"shr-core-ExpectedPerformanceTime-model","min":0,"max":"*"},"mustSupport":false,"isModifier":false,"isSummary":false},{"id":"shr-core-ExpectedPerformanceTime-model.value[x]","path":"shr-core-ExpectedPerformanceTime-model.value[x]","short":"Choice of types representing when an action should be done. If the action is a series or recurs (e.g. daily blood sugar testing in the morning) then a Timing can be used to describe the periodicity.","definition":"Choice of types representing when an action should be done. If the action is a series or recurs (e.g. daily blood sugar testing in the morning) then a Timing can be used to describe the periodicity.","min":1,"max":"1","base":{"path":"shr-core-ExpectedPerformanceTime-model.value[x]","min":1,"max":"1"},"type":[{"code":"dateTime"},{"code":"http://hl7.org/fhir/us/shr/StructureDefinition/shr-core-TimePeriod-model"},{"code":"http://hl7.org/fhir/us/shr/StructureDefinition/shr-core-Timing-model"}],"mustSupport":false,"isModifier":false,"isSummary":false}]},"differential":{"element":[{"id":"shr-core-ExpectedPerformanceTime-model","path":"shr-core-ExpectedPerformanceTime-model","definition":"When an action should be done. If the action is a series or recurs (e.g. daily blood sugar testing in the morning) then a Timing can be used to describe the periodicity.","min":0,"max":"*","base":{"path":"shr-core-ExpectedPerformanceTime-model","min":0,"max":"*"},"mustSupport":false,"isModifier":false,"isSummary":false},{"id":"shr-core-ExpectedPerformanceTime-model.value[x]","path":"shr-core-ExpectedPerformanceTime-model.value[x]","short":"Choice of types representing when an action should be done. If the action is a series or recurs (e.g. daily blood sugar testing in the morning) then a Timing can be used to describe the periodicity.","definition":"Choice of types representing when an action should be done. If the action is a series or recurs (e.g. daily blood sugar testing in the morning) then a Timing can be used to describe the periodicity.","min":1,"max":"1","base":{"path":"shr-core-ExpectedPerformanceTime-model.value[x]","min":1,"max":"1"},"type":[{"code":"dateTime"},{"code":"http://hl7.org/fhir/us/shr/StructureDefinition/shr-core-TimePeriod-model"},{"code":"http://hl7.org/fhir/us/shr/StructureDefinition/shr-core-Timing-model"}],"mustSupport":false,"isModifier":false,"isSummary":false}]}}