{
  "resourceType": "StructureDefinition",
  "id": "shr-core-LandmarkLocation-model",
  "text": {
    "status": "generated",
    "div": "<div xmlns=\"http://www.w3.org/1999/xhtml\">\n  <p><b>LandmarkLocation Logical Model</b></p>\n  <p>The body location of the landmark.</p>\n</div>"
  },
  "url": "http://hl7.org/fhir/us/shr/StructureDefinition/shr-core-LandmarkLocation-model",
  "identifier": [
    {
      "system": "http://hl7.org/fhir/us/odh",
      "value": "shr.core.LandmarkLocation"
    }
  ],
  "version": "1.0.0",
  "name": "LandmarkLocation",
  "title": "shr-core-LandmarkLocation",
  "status": "draft",
  "date": "2019-03-30T00:00:00-04:00",
  "publisher": "HL7",
  "contact": [
    {
      "telecom": [
        {
          "system": "url",
          "value": "http://standardhealthrecord.org"
        }
      ]
    }
  ],
  "description": "The body location of the landmark.",
  "kind": "logical",
  "abstract": false,
  "type": "shr-core-LandmarkLocation-model",
  "baseDefinition": "http://hl7.org/fhir/StructureDefinition/Element",
  "derivation": "specialization",
  "snapshot": {
    "element": [
      {
        "id": "shr-core-LandmarkLocation-model",
        "path": "shr-core-LandmarkLocation-model",
        "definition": "The body location of the landmark.",
        "min": 0,
        "max": "*",
        "base": {
          "path": "shr-core-LandmarkLocation-model",
          "min": 0,
          "max": "*"
        },
        "mustSupport": false,
        "isModifier": false,
        "isSummary": false
      },
      {
        "id": "shr-core-LandmarkLocation-model.locationCode",
        "path": "shr-core-LandmarkLocation-model.locationCode",
        "short": "Code for the body location, optionally pre-coordinating laterality or direction.",
        "definition": "Code for the body location, optionally pre-coordinating laterality or direction.",
        "min": 0,
        "max": "1",
        "base": {
          "path": "shr-core-LandmarkLocation-model.locationCode",
          "min": 0,
          "max": "1"
        },
        "type": [
          {
            "code": "Coding"
          }
        ],
        "mustSupport": false,
        "isModifier": false,
        "isSummary": false,
        "binding": {
          "strength": "preferred",
          "valueSetReference": {
            "reference": "http://hl7.org/fhir/us/odh/shr/core/vs/BodyLocationVS"
          }
        }
      },
      {
        "id": "shr-core-LandmarkLocation-model.laterality",
        "path": "shr-core-LandmarkLocation-model.laterality",
        "short": "Body side of the body location, if needed to distinguish from a similar location on the other side of the body.",
        "definition": "Body side of the body location, if needed to distinguish from a similar location on the other side of the body.",
        "min": 0,
        "max": "1",
        "base": {
          "path": "shr-core-LandmarkLocation-model.laterality",
          "min": 0,
          "max": "1"
        },
        "type": [
          {
            "code": "Coding"
          }
        ],
        "mustSupport": false,
        "isModifier": false,
        "isSummary": false,
        "binding": {
          "strength": "extensible",
          "valueSetReference": {
            "reference": "http://hl7.org/fhir/us/odh/shr/core/vs/LateralityVS"
          }
        }
      },
      {
        "id": "shr-core-LandmarkLocation-model.orientation",
        "path": "shr-core-LandmarkLocation-model.orientation",
        "short": "Orientation of the body location, if needed to distinguish from a similar location in another orientation.",
        "definition": "Orientation of the body location, if needed to distinguish from a similar location in another orientation.",
        "min": 0,
        "max": "1",
        "base": {
          "path": "shr-core-LandmarkLocation-model.orientation",
          "min": 0,
          "max": "1"
        },
        "type": [
          {
            "code": "Coding"
          }
        ],
        "mustSupport": false,
        "isModifier": false,
        "isSummary": false,
        "binding": {
          "strength": "extensible",
          "valueSetReference": {
            "reference": "http://hl7.org/fhir/us/odh/shr/core/vs/OrientationVS"
          }
        }
      }
    ]
  },
  "differential": {
    "element": [
      {
        "id": "shr-core-LandmarkLocation-model",
        "path": "shr-core-LandmarkLocation-model",
        "definition": "The body location of the landmark.",
        "min": 0,
        "max": "*",
        "base": {
          "path": "shr-core-LandmarkLocation-model",
          "min": 0,
          "max": "*"
        },
        "mustSupport": false,
        "isModifier": false,
        "isSummary": false
      },
      {
        "id": "shr-core-LandmarkLocation-model.locationCode",
        "path": "shr-core-LandmarkLocation-model.locationCode",
        "short": "Code for the body location, optionally pre-coordinating laterality or direction.",
        "definition": "Code for the body location, optionally pre-coordinating laterality or direction.",
        "min": 0,
        "max": "1",
        "base": {
          "path": "shr-core-LandmarkLocation-model.locationCode",
          "min": 0,
          "max": "1"
        },
        "type": [
          {
            "code": "Coding"
          }
        ],
        "mustSupport": false,
        "isModifier": false,
        "isSummary": false,
        "binding": {
          "strength": "preferred",
          "valueSetReference": {
            "reference": "http://hl7.org/fhir/us/odh/shr/core/vs/BodyLocationVS"
          }
        }
      },
      {
        "id": "shr-core-LandmarkLocation-model.laterality",
        "path": "shr-core-LandmarkLocation-model.laterality",
        "short": "Body side of the body location, if needed to distinguish from a similar location on the other side of the body.",
        "definition": "Body side of the body location, if needed to distinguish from a similar location on the other side of the body.",
        "min": 0,
        "max": "1",
        "base": {
          "path": "shr-core-LandmarkLocation-model.laterality",
          "min": 0,
          "max": "1"
        },
        "type": [
          {
            "code": "Coding"
          }
        ],
        "mustSupport": false,
        "isModifier": false,
        "isSummary": false,
        "binding": {
          "strength": "extensible",
          "valueSetReference": {
            "reference": "http://hl7.org/fhir/us/odh/shr/core/vs/LateralityVS"
          }
        }
      },
      {
        "id": "shr-core-LandmarkLocation-model.orientation",
        "path": "shr-core-LandmarkLocation-model.orientation",
        "short": "Orientation of the body location, if needed to distinguish from a similar location in another orientation.",
        "definition": "Orientation of the body location, if needed to distinguish from a similar location in another orientation.",
        "min": 0,
        "max": "1",
        "base": {
          "path": "shr-core-LandmarkLocation-model.orientation",
          "min": 0,
          "max": "1"
        },
        "type": [
          {
            "code": "Coding"
          }
        ],
        "mustSupport": false,
        "isModifier": false,
        "isSummary": false,
        "binding": {
          "strength": "extensible",
          "valueSetReference": {
            "reference": "http://hl7.org/fhir/us/odh/shr/core/vs/OrientationVS"
          }
        }
      }
    ]
  }
}