{
  "resourceType": "StructureDefinition",
  "id": "shr-core-PersonAuthor-model",
  "text": {
    "status": "generated",
    "div": "<div xmlns=\"http://www.w3.org/1999/xhtml\">\n  <p><b>PersonAuthor Logical Model</b></p>\n  <p>A human author, patient, practitioner, or related person, as opposed to an organization or device.</p>\n</div>"
  },
  "url": "http://hl7.org/fhir/us/odh/StructureDefinition/shr-core-PersonAuthor-model",
  "identifier": [
    {
      "system": "http://hl7.org/fhir/us/odh",
      "value": "shr.core.PersonAuthor"
    }
  ],
  "version": "1.0.0",
  "name": "PersonAuthor",
  "title": "shr-core-PersonAuthor",
  "status": "draft",
  "date": "2019-05-08T00:00:00-04:00",
  "publisher": "HL7",
  "contact": [
    {
      "telecom": [
        {
          "system": "url",
          "value": "http://standardhealthrecord.org"
        }
      ]
    }
  ],
  "description": "A human author, patient, practitioner, or related person, as opposed to an organization or device.",
  "kind": "logical",
  "abstract": false,
  "type": "shr-core-PersonAuthor-model",
  "baseDefinition": "http://hl7.org/fhir/StructureDefinition/Element",
  "derivation": "specialization",
  "snapshot": {
    "element": [
      {
        "id": "shr-core-PersonAuthor-model",
        "path": "shr-core-PersonAuthor-model",
        "definition": "A human author, patient, practitioner, or related person, as opposed to an organization or device.",
        "min": 0,
        "max": "*",
        "base": {
          "path": "shr-core-PersonAuthor-model",
          "min": 0,
          "max": "*"
        },
        "mustSupport": false,
        "isModifier": false,
        "isSummary": false
      },
      {
        "id": "shr-core-PersonAuthor-model.value[x]",
        "path": "shr-core-PersonAuthor-model.value[x]",
        "short": "Choice of types representing a human author, patient, practitioner, or related person, as opposed to an organization or device.",
        "definition": "Choice of types representing a human author, patient, practitioner, or related person, as opposed to an organization or device.",
        "min": 1,
        "max": "1",
        "base": {
          "path": "shr-core-PersonAuthor-model.value[x]",
          "min": 1,
          "max": "1"
        },
        "type": [
          {
            "code": "Reference",
            "targetProfile": "http://hl7.org/fhir/us/odh/StructureDefinition/shr-core-Patient-model"
          },
          {
            "code": "Reference",
            "targetProfile": "http://hl7.org/fhir/us/odh/StructureDefinition/shr-core-Practitioner-model"
          },
          {
            "code": "Reference",
            "targetProfile": "http://hl7.org/fhir/us/odh/StructureDefinition/shr-core-RelatedPerson-model"
          }
        ],
        "mustSupport": false,
        "isModifier": false,
        "isSummary": false
      }
    ]
  },
  "differential": {
    "element": [
      {
        "id": "shr-core-PersonAuthor-model",
        "path": "shr-core-PersonAuthor-model",
        "definition": "A human author, patient, practitioner, or related person, as opposed to an organization or device.",
        "min": 0,
        "max": "*",
        "base": {
          "path": "shr-core-PersonAuthor-model",
          "min": 0,
          "max": "*"
        },
        "mustSupport": false,
        "isModifier": false,
        "isSummary": false
      },
      {
        "id": "shr-core-PersonAuthor-model.value[x]",
        "path": "shr-core-PersonAuthor-model.value[x]",
        "short": "Choice of types representing a human author, patient, practitioner, or related person, as opposed to an organization or device.",
        "definition": "Choice of types representing a human author, patient, practitioner, or related person, as opposed to an organization or device.",
        "min": 1,
        "max": "1",
        "base": {
          "path": "shr-core-PersonAuthor-model.value[x]",
          "min": 1,
          "max": "1"
        },
        "type": [
          {
            "code": "Reference",
            "targetProfile": "http://hl7.org/fhir/us/odh/StructureDefinition/shr-core-Patient-model"
          },
          {
            "code": "Reference",
            "targetProfile": "http://hl7.org/fhir/us/odh/StructureDefinition/shr-core-Practitioner-model"
          },
          {
            "code": "Reference",
            "targetProfile": "http://hl7.org/fhir/us/odh/StructureDefinition/shr-core-RelatedPerson-model"
          }
        ],
        "mustSupport": false,
        "isModifier": false,
        "isSummary": false
      }
    ]
  }
}