{
  "resourceType": "StructureDefinition",
  "id": "shr-core-PriorityCode-model",
  "text": {
    "status": "generated",
    "div": "<div xmlns=\"http://www.w3.org/1999/xhtml\">\n  <p><b>PriorityCode Logical Model</b></p>\n  <p>An indication of the importance of an action relative to other actions.</p>\n</div>"
  },
  "url": "http://hl7.org/fhir/us/shr/StructureDefinition/shr-core-PriorityCode-model",
  "identifier": [
    {
      "system": "http://hl7.org/fhir/us/odh",
      "value": "shr.core.PriorityCode"
    }
  ],
  "version": "1.0.0",
  "name": "PriorityCode",
  "title": "shr-core-PriorityCode",
  "status": "draft",
  "date": "2019-04-08T00:00:00-04:00",
  "publisher": "HL7",
  "contact": [
    {
      "telecom": [
        {
          "system": "url",
          "value": "http://standardhealthrecord.org"
        }
      ]
    }
  ],
  "description": "An indication of the importance of an action relative to other actions.",
  "keyword": [
    {
      "system": "http://ncimeta.nci.nih.gov",
      "code": "C0549179"
    }
  ],
  "kind": "logical",
  "abstract": false,
  "type": "shr-core-PriorityCode-model",
  "baseDefinition": "http://hl7.org/fhir/StructureDefinition/Element",
  "derivation": "specialization",
  "snapshot": {
    "element": [
      {
        "id": "shr-core-PriorityCode-model",
        "path": "shr-core-PriorityCode-model",
        "definition": "An indication of the importance of an action relative to other actions.",
        "min": 0,
        "max": "*",
        "base": {
          "path": "shr-core-PriorityCode-model",
          "min": 0,
          "max": "*"
        },
        "mustSupport": false,
        "isModifier": false,
        "isSummary": false
      },
      {
        "id": "shr-core-PriorityCode-model.value[x]",
        "path": "shr-core-PriorityCode-model.value[x]",
        "short": "PositiveInt or code representing an indication of the importance of an action relative to other actions.",
        "definition": "PositiveInt or code representing an indication of the importance of an action relative to other actions.",
        "min": 1,
        "max": "1",
        "base": {
          "path": "shr-core-PriorityCode-model.value[x]",
          "min": 1,
          "max": "1"
        },
        "type": [
          {
            "code": "positiveInt"
          },
          {
            "code": "Coding"
          }
        ],
        "mustSupport": false,
        "isModifier": false,
        "isSummary": false
      }
    ]
  },
  "differential": {
    "element": [
      {
        "id": "shr-core-PriorityCode-model",
        "path": "shr-core-PriorityCode-model",
        "definition": "An indication of the importance of an action relative to other actions.",
        "min": 0,
        "max": "*",
        "base": {
          "path": "shr-core-PriorityCode-model",
          "min": 0,
          "max": "*"
        },
        "mustSupport": false,
        "isModifier": false,
        "isSummary": false
      },
      {
        "id": "shr-core-PriorityCode-model.value[x]",
        "path": "shr-core-PriorityCode-model.value[x]",
        "short": "PositiveInt or code representing an indication of the importance of an action relative to other actions.",
        "definition": "PositiveInt or code representing an indication of the importance of an action relative to other actions.",
        "min": 1,
        "max": "1",
        "base": {
          "path": "shr-core-PriorityCode-model.value[x]",
          "min": 1,
          "max": "1"
        },
        "type": [
          {
            "code": "positiveInt"
          },
          {
            "code": "Coding"
          }
        ],
        "mustSupport": false,
        "isModifier": false,
        "isSummary": false
      }
    ]
  }
}