{
  "resourceType": "StructureDefinition",
  "id": "shr-core-Practitioner-model",
  "text": {
    "status": "generated",
    "div": "<div xmlns=\"http://www.w3.org/1999/xhtml\">\n  <p><b>Practitioner Logical Model</b></p>\n  <p>A person who practices a healing art.\nHumanName is limited to one required value by US-Core. Gender is required by US-Core. US-Core required an identifier, either a NPI (preferred) or tax id.</p>\n</div>"
  },
  "url": "http://hl7.org/fhir/us/shr/StructureDefinition/shr-core-Practitioner-model",
  "identifier": [
    {
      "system": "http://hl7.org/fhir/us/odh",
      "value": "shr.core.Practitioner"
    }
  ],
  "version": "1.0.0",
  "name": "Practitioner",
  "title": "shr-core-Practitioner",
  "status": "draft",
  "date": "2019-04-08T00:00:00-04:00",
  "publisher": "HL7",
  "contact": [
    {
      "telecom": [
        {
          "system": "url",
          "value": "http://standardhealthrecord.org"
        }
      ]
    }
  ],
  "description": "A person who practices a healing art.\nHumanName is limited to one required value by US-Core. Gender is required by US-Core. US-Core required an identifier, either a NPI (preferred) or tax id.",
  "keyword": [
    {
      "system": "http://ncimeta.nci.nih.gov",
      "code": "C2220264"
    }
  ],
  "kind": "logical",
  "abstract": false,
  "type": "shr-core-Practitioner-model",
  "baseDefinition": "http://hl7.org/fhir/StructureDefinition/Element",
  "derivation": "specialization",
  "snapshot": {
    "element": [
      {
        "id": "shr-core-Practitioner-model",
        "path": "shr-core-Practitioner-model",
        "definition": "A person who practices a healing art.\nHumanName is limited to one required value by US-Core. Gender is required by US-Core. US-Core required an identifier, either a NPI (preferred) or tax id.",
        "min": 0,
        "max": "*",
        "base": {
          "path": "shr-core-Practitioner-model",
          "min": 0,
          "max": "*"
        },
        "mustSupport": false,
        "isModifier": false,
        "isSummary": false
      },
      {
        "id": "shr-core-Practitioner-model.metadata",
        "path": "shr-core-Practitioner-model.metadata",
        "short": "Elements that belong to all information items.",
        "definition": "Elements that belong to all information items.",
        "min": 0,
        "max": "1",
        "base": {
          "path": "shr-core-Practitioner-model.metadata",
          "min": 0,
          "max": "1"
        },
        "type": [
          {
            "code": "http://hl7.org/fhir/us/shr/StructureDefinition/shr-core-Metadata-model"
          }
        ],
        "mustSupport": false,
        "isModifier": false,
        "isSummary": false
      },
      {
        "id": "shr-core-Practitioner-model.language",
        "path": "shr-core-Practitioner-model.language",
        "code": [
          {
            "system": "http://ncimeta.nci.nih.gov",
            "code": "C0023008"
          }
        ],
        "short": "A human language, spoken or written.",
        "definition": "A human language, spoken or written.",
        "min": 0,
        "max": "1",
        "base": {
          "path": "shr-core-Practitioner-model.language",
          "min": 0,
          "max": "1"
        },
        "type": [
          {
            "code": "Coding"
          }
        ],
        "mustSupport": false,
        "isModifier": false,
        "isSummary": false
      },
      {
        "id": "shr-core-Practitioner-model.implicitRules",
        "path": "shr-core-Practitioner-model.implicitRules",
        "short": "A set of rules under which this content was created",
        "definition": "A set of rules under which this content was created",
        "min": 0,
        "max": "1",
        "base": {
          "path": "shr-core-Practitioner-model.implicitRules",
          "min": 0,
          "max": "1"
        },
        "type": [
          {
            "code": "uri"
          }
        ],
        "mustSupport": false,
        "isModifier": false,
        "isSummary": false
      },
      {
        "id": "shr-core-Practitioner-model.narrative",
        "path": "shr-core-Practitioner-model.narrative",
        "short": "A human-readable narrative, potentially including images, that contains a summary of the resource, and may be used to represent the content of the resource to a human.",
        "definition": "A human-readable narrative, potentially including images, that contains a summary of the resource, and may be used to represent the content of the resource to a human.",
        "min": 0,
        "max": "1",
        "base": {
          "path": "shr-core-Practitioner-model.narrative",
          "min": 0,
          "max": "1"
        },
        "type": [
          {
            "code": "http://hl7.org/fhir/us/shr/StructureDefinition/shr-core-Narrative-model"
          }
        ],
        "mustSupport": false,
        "isModifier": false,
        "isSummary": false
      },
      {
        "id": "shr-core-Practitioner-model.status",
        "path": "shr-core-Practitioner-model.status",
        "short": "A state that relates to the workflow or interpretation of this resource. Certain status values can modify the meaning of the resource, for example, entered-in-error. When a boolean value is used, Status of true indicates the record is active, false means inactive.",
        "definition": "A state that relates to the workflow or interpretation of this resource. Certain status values can modify the meaning of the resource, for example, entered-in-error. When a boolean value is used, Status of true indicates the record is active, false means inactive.",
        "min": 0,
        "max": "1",
        "base": {
          "path": "shr-core-Practitioner-model.status",
          "min": 0,
          "max": "1"
        },
        "type": [
          {
            "code": "Coding"
          }
        ],
        "mustSupport": false,
        "isModifier": false,
        "isSummary": false,
        "binding": {
          "strength": "required",
          "valueSetReference": {
            "reference": "http://hl7.org/fhir/us/odh/shr/core/vs/ActiveOrInactiveVS"
          }
        }
      },
      {
        "id": "shr-core-Practitioner-model.identifier",
        "path": "shr-core-Practitioner-model.identifier",
        "short": "Business identifier or external id for this resource.",
        "definition": "Business identifier or external id for this resource.",
        "min": 1,
        "max": "1",
        "base": {
          "path": "shr-core-Practitioner-model.identifier",
          "min": 1,
          "max": "1"
        },
        "mustSupport": false,
        "isModifier": false,
        "isSummary": false
      },
      {
        "id": "shr-core-Practitioner-model.identifier.nationalProviderIdentifier",
        "path": "shr-core-Practitioner-model.identifier.nationalProviderIdentifier",
        "short": "NPI: a unique 10 digit number to allow US healthcare providers to identify themselves in a standard way throughout the healthcare industry.",
        "definition": "NPI: a unique 10 digit number to allow US healthcare providers to identify themselves in a standard way throughout the healthcare industry.",
        "min": 0,
        "max": "1",
        "base": {
          "path": "shr-core-Practitioner-model.identifier.nationalProviderIdentifier",
          "min": 0,
          "max": "1"
        },
        "type": [
          {
            "code": "http://hl7.org/fhir/us/shr/StructureDefinition/shr-core-NationalProviderIdentifier-model"
          }
        ],
        "mustSupport": false,
        "isModifier": false,
        "isSummary": false
      },
      {
        "id": "shr-core-Practitioner-model.identifier.taxIdentificationNumber",
        "path": "shr-core-Practitioner-model.identifier.taxIdentificationNumber",
        "short": "Tax identification number for the practitioner.",
        "definition": "Tax identification number for the practitioner.",
        "min": 0,
        "max": "1",
        "base": {
          "path": "shr-core-Practitioner-model.identifier.taxIdentificationNumber",
          "min": 0,
          "max": "1"
        },
        "type": [
          {
            "code": "http://hl7.org/fhir/us/shr/StructureDefinition/shr-core-TaxIdentificationNumber-model"
          }
        ],
        "mustSupport": false,
        "isModifier": false,
        "isSummary": false
      },
      {
        "id": "shr-core-Practitioner-model.person",
        "path": "shr-core-Practitioner-model.person",
        "code": [
          {
            "system": "http://ncimeta.nci.nih.gov",
            "code": "C0027361"
          }
        ],
        "short": "A person relevant to the health or social situation of the subject (including the subject him- or herself).",
        "definition": "A person relevant to the health or social situation of the subject (including the subject him- or herself).",
        "min": 1,
        "max": "1",
        "base": {
          "path": "shr-core-Practitioner-model.person",
          "min": 1,
          "max": "1"
        },
        "type": [
          {
            "code": "http://hl7.org/fhir/us/shr/StructureDefinition/shr-core-Person-model"
          }
        ],
        "mustSupport": false,
        "isModifier": false,
        "isSummary": false
      },
      {
        "id": "shr-core-Practitioner-model.person.humanName",
        "path": "shr-core-Practitioner-model.person.humanName",
        "code": [
          {
            "system": "http://ncimeta.nci.nih.gov",
            "code": "C1547383"
          }
        ],
        "short": "A name used by a human being, written as it would be typically expressed. May include a breakdown of the various elements of the name (family name, given name, etc.).",
        "definition": "A name used by a human being, written as it would be typically expressed. May include a breakdown of the various elements of the name (family name, given name, etc.).",
        "min": 1,
        "max": "1",
        "base": {
          "path": "shr-core-Practitioner-model.person.humanName",
          "min": 1,
          "max": "*"
        },
        "type": [
          {
            "code": "http://hl7.org/fhir/us/shr/StructureDefinition/shr-core-HumanName-model"
          }
        ],
        "mustSupport": false,
        "isModifier": false,
        "isSummary": false
      },
      {
        "id": "shr-core-Practitioner-model.person.dateOfBirth[x]",
        "path": "shr-core-Practitioner-model.person.dateOfBirth[x]",
        "code": [
          {
            "system": "http://ncimeta.nci.nih.gov",
            "code": "C2919018"
          },
          {
            "system": "http://loinc.org",
            "code": "21112-8"
          }
        ],
        "short": "A date of birth or approximate year or period (year or date range), if estimated.",
        "definition": "A date of birth or approximate year or period (year or date range), if estimated.",
        "min": 0,
        "max": "1",
        "base": {
          "path": "shr-core-Practitioner-model.person.dateOfBirth[x]",
          "min": 0,
          "max": "1"
        },
        "type": [
          {
            "code": "date"
          },
          {
            "code": "http://hl7.org/fhir/us/shr/StructureDefinition/shr-core-TimePeriod-model"
          }
        ],
        "mustSupport": false,
        "isModifier": false,
        "isSummary": false
      },
      {
        "id": "shr-core-Practitioner-model.person.administrativeGender",
        "path": "shr-core-Practitioner-model.person.administrativeGender",
        "code": [
          {
            "system": "http://ncimeta.nci.nih.gov",
            "code": "C1550327"
          }
        ],
        "short": "A gender classification used for administrative purposes. Administrative gender is not necessarily the same as a biological description or a gender identity. This attribute does not include terms related to clinical gender.",
        "definition": "A gender classification used for administrative purposes. Administrative gender is not necessarily the same as a biological description or a gender identity. This attribute does not include terms related to clinical gender.",
        "min": 1,
        "max": "1",
        "base": {
          "path": "shr-core-Practitioner-model.person.administrativeGender",
          "min": 1,
          "max": "1"
        },
        "type": [
          {
            "code": "Coding"
          }
        ],
        "mustSupport": false,
        "isModifier": false,
        "isSummary": false,
        "binding": {
          "strength": "required",
          "valueSetReference": {
            "reference": "http://hl7.org/fhir/ValueSet/administrative-gender"
          }
        }
      },
      {
        "id": "shr-core-Practitioner-model.person.address",
        "path": "shr-core-Practitioner-model.person.address",
        "code": [
          {
            "system": "http://ncimeta.nci.nih.gov",
            "code": "C0682130"
          }
        ],
        "short": "An address expressed using postal conventions (as opposed to GPS or other location definition formats). This data type may be used to convey addresses for use in delivering mail as well as for visiting locations and which might not be valid for mail delivery. There are a variety of postal address formats defined around the world. (Source: HL7 FHIR).",
        "definition": "An address expressed using postal conventions (as opposed to GPS or other location definition formats). This data type may be used to convey addresses for use in delivering mail as well as for visiting locations and which might not be valid for mail delivery. There are a variety of postal address formats defined around the world. (Source: HL7 FHIR).",
        "min": 0,
        "max": "*",
        "base": {
          "path": "shr-core-Practitioner-model.person.address",
          "min": 0,
          "max": "*"
        },
        "type": [
          {
            "code": "http://hl7.org/fhir/us/shr/StructureDefinition/shr-core-Address-model"
          }
        ],
        "mustSupport": false,
        "isModifier": false,
        "isSummary": false
      },
      {
        "id": "shr-core-Practitioner-model.person.photographicImage",
        "path": "shr-core-Practitioner-model.person.photographicImage",
        "code": [
          {
            "system": "http://loinc.org",
            "code": "72170-4",
            "display": "Photographic image\t[Attachment]"
          }
        ],
        "short": "An attachment of a photographic type. The mime type should be either bmp, gif, jpeg, png, svg, or tiff.",
        "definition": "An attachment of a photographic type. The mime type should be either bmp, gif, jpeg, png, svg, or tiff.",
        "min": 0,
        "max": "*",
        "base": {
          "path": "shr-core-Practitioner-model.person.photographicImage",
          "min": 0,
          "max": "*"
        },
        "type": [
          {
            "code": "http://hl7.org/fhir/us/shr/StructureDefinition/shr-core-PhotographicImage-model"
          }
        ],
        "mustSupport": false,
        "isModifier": false,
        "isSummary": false
      },
      {
        "id": "shr-core-Practitioner-model.person.contactPoint",
        "path": "shr-core-Practitioner-model.person.contactPoint",
        "code": [
          {
            "system": "http://ncimeta.nci.nih.gov",
            "code": "C2986441"
          }
        ],
        "short": "An electronic means of contacting an organization or individual.",
        "definition": "An electronic means of contacting an organization or individual.",
        "min": 0,
        "max": "*",
        "base": {
          "path": "shr-core-Practitioner-model.person.contactPoint",
          "min": 0,
          "max": "*"
        },
        "type": [
          {
            "code": "http://hl7.org/fhir/us/shr/StructureDefinition/shr-core-ContactPoint-model"
          }
        ],
        "mustSupport": false,
        "isModifier": false,
        "isSummary": false
      },
      {
        "id": "shr-core-Practitioner-model.person.communication",
        "path": "shr-core-Practitioner-model.person.communication",
        "short": "Language used for communication by a human, either the subject of record, parent, or other involved person.",
        "definition": "Language used for communication by a human, either the subject of record, parent, or other involved person.",
        "min": 0,
        "max": "*",
        "base": {
          "path": "shr-core-Practitioner-model.person.communication",
          "min": 0,
          "max": "*"
        },
        "type": [
          {
            "code": "http://hl7.org/fhir/us/shr/StructureDefinition/shr-core-Communication-model"
          }
        ],
        "mustSupport": false,
        "isModifier": false,
        "isSummary": false
      },
      {
        "id": "shr-core-Practitioner-model.person.maritalStatus",
        "path": "shr-core-Practitioner-model.person.maritalStatus",
        "code": [
          {
            "system": "http://ncimeta.nci.nih.gov",
            "code": "C0024819"
          }
        ],
        "short": "The most recent marital status of a person.",
        "definition": "The most recent marital status of a person.",
        "min": 0,
        "max": "1",
        "base": {
          "path": "shr-core-Practitioner-model.person.maritalStatus",
          "min": 0,
          "max": "1"
        },
        "type": [
          {
            "code": "Coding"
          }
        ],
        "mustSupport": false,
        "isModifier": false,
        "isSummary": false,
        "binding": {
          "strength": "required",
          "valueSetReference": {
            "reference": "http://hl7.org/fhir/ValueSet/marital-status"
          }
        }
      },
      {
        "id": "shr-core-Practitioner-model.person.multipleBirth[x]",
        "path": "shr-core-Practitioner-model.person.multipleBirth[x]",
        "short": "If the person was part of a multiple birth event, and if so in which order.",
        "definition": "If the person was part of a multiple birth event, and if so in which order.",
        "min": 0,
        "max": "1",
        "base": {
          "path": "shr-core-Practitioner-model.person.multipleBirth[x]",
          "min": 0,
          "max": "1"
        },
        "type": [
          {
            "code": "boolean"
          },
          {
            "code": "integer"
          }
        ],
        "mustSupport": false,
        "isModifier": false,
        "isSummary": false
      },
      {
        "id": "shr-core-Practitioner-model.person.birthSex",
        "path": "shr-core-Practitioner-model.person.birthSex",
        "code": [
          {
            "system": "http://ncimeta.nci.nih.gov",
            "code": "C4086849"
          }
        ],
        "short": "Administrative sex assigned at birth and recorded on birth certificate.",
        "definition": "Administrative sex assigned at birth and recorded on birth certificate.",
        "min": 0,
        "max": "1",
        "base": {
          "path": "shr-core-Practitioner-model.person.birthSex",
          "min": 0,
          "max": "1"
        },
        "type": [
          {
            "code": "Coding"
          }
        ],
        "mustSupport": false,
        "isModifier": false,
        "isSummary": false,
        "binding": {
          "strength": "required",
          "valueSetReference": {
            "reference": "http://hl7.org/fhir/us/core/ValueSet/us-core-birthsex"
          }
        }
      },
      {
        "id": "shr-core-Practitioner-model.person.race",
        "path": "shr-core-Practitioner-model.person.race",
        "code": [
          {
            "system": "http://ncimeta.nci.nih.gov",
            "code": "C0034510"
          }
        ],
        "short": "Subjective association of a person with a named category of humans sharing common history, traits, place of family origin, nationality, tribe, or other inherited background.",
        "definition": "Subjective association of a person with a named category of humans sharing common history, traits, place of family origin, nationality, tribe, or other inherited background.",
        "min": 0,
        "max": "1",
        "base": {
          "path": "shr-core-Practitioner-model.person.race",
          "min": 0,
          "max": "1"
        },
        "type": [
          {
            "code": "http://hl7.org/fhir/us/shr/StructureDefinition/shr-core-Race-model"
          }
        ],
        "mustSupport": false,
        "isModifier": false,
        "isSummary": false
      },
      {
        "id": "shr-core-Practitioner-model.person.ethnicity",
        "path": "shr-core-Practitioner-model.person.ethnicity",
        "code": [
          {
            "system": "http://ncimeta.nci.nih.gov",
            "code": "C0015031"
          }
        ],
        "short": "Indicator of Hispanic or Latino origin.",
        "definition": "Indicator of Hispanic or Latino origin.",
        "min": 0,
        "max": "1",
        "base": {
          "path": "shr-core-Practitioner-model.person.ethnicity",
          "min": 0,
          "max": "1"
        },
        "type": [
          {
            "code": "http://hl7.org/fhir/us/shr/StructureDefinition/shr-core-Ethnicity-model"
          }
        ],
        "mustSupport": false,
        "isModifier": false,
        "isSummary": false
      },
      {
        "id": "shr-core-Practitioner-model.person.deceased[x]",
        "path": "shr-core-Practitioner-model.person.deceased[x]",
        "code": [
          {
            "system": "http://ncimeta.nci.nih.gov",
            "code": "C0011065"
          }
        ],
        "short": "An indication that the person is no longer living, given by a date of death, or boolean value. The latter, when true, indicates the person is deceased.",
        "definition": "An indication that the person is no longer living, given by a date of death, or boolean value. The latter, when true, indicates the person is deceased.",
        "min": 0,
        "max": "1",
        "base": {
          "path": "shr-core-Practitioner-model.person.deceased[x]",
          "min": 0,
          "max": "1"
        },
        "type": [
          {
            "code": "boolean"
          },
          {
            "code": "dateTime"
          }
        ],
        "mustSupport": false,
        "isModifier": false,
        "isSummary": false
      },
      {
        "id": "shr-core-Practitioner-model.qualification",
        "path": "shr-core-Practitioner-model.qualification",
        "code": [
          {
            "system": "http://ncimeta.nci.nih.gov",
            "code": "C0037778"
          }
        ],
        "short": "A right to practice medicine obtained by training and certification.",
        "definition": "A right to practice medicine obtained by training and certification.",
        "min": 0,
        "max": "*",
        "base": {
          "path": "shr-core-Practitioner-model.qualification",
          "min": 0,
          "max": "*"
        },
        "type": [
          {
            "code": "http://hl7.org/fhir/us/shr/StructureDefinition/shr-core-Qualification-model"
          }
        ],
        "mustSupport": false,
        "isModifier": false,
        "isSummary": false
      }
    ]
  },
  "differential": {
    "element": [
      {
        "id": "shr-core-Practitioner-model",
        "path": "shr-core-Practitioner-model",
        "definition": "A person who practices a healing art.\nHumanName is limited to one required value by US-Core. Gender is required by US-Core. US-Core required an identifier, either a NPI (preferred) or tax id.",
        "min": 0,
        "max": "*",
        "base": {
          "path": "shr-core-Practitioner-model",
          "min": 0,
          "max": "*"
        },
        "mustSupport": false,
        "isModifier": false,
        "isSummary": false
      },
      {
        "id": "shr-core-Practitioner-model.metadata",
        "path": "shr-core-Practitioner-model.metadata",
        "short": "Elements that belong to all information items.",
        "definition": "Elements that belong to all information items.",
        "min": 0,
        "max": "1",
        "base": {
          "path": "shr-core-Practitioner-model.metadata",
          "min": 0,
          "max": "1"
        },
        "type": [
          {
            "code": "http://hl7.org/fhir/us/shr/StructureDefinition/shr-core-Metadata-model"
          }
        ],
        "mustSupport": false,
        "isModifier": false,
        "isSummary": false
      },
      {
        "id": "shr-core-Practitioner-model.language",
        "path": "shr-core-Practitioner-model.language",
        "code": [
          {
            "system": "http://ncimeta.nci.nih.gov",
            "code": "C0023008"
          }
        ],
        "short": "A human language, spoken or written.",
        "definition": "A human language, spoken or written.",
        "min": 0,
        "max": "1",
        "base": {
          "path": "shr-core-Practitioner-model.language",
          "min": 0,
          "max": "1"
        },
        "type": [
          {
            "code": "Coding"
          }
        ],
        "mustSupport": false,
        "isModifier": false,
        "isSummary": false
      },
      {
        "id": "shr-core-Practitioner-model.implicitRules",
        "path": "shr-core-Practitioner-model.implicitRules",
        "short": "A set of rules under which this content was created",
        "definition": "A set of rules under which this content was created",
        "min": 0,
        "max": "1",
        "base": {
          "path": "shr-core-Practitioner-model.implicitRules",
          "min": 0,
          "max": "1"
        },
        "type": [
          {
            "code": "uri"
          }
        ],
        "mustSupport": false,
        "isModifier": false,
        "isSummary": false
      },
      {
        "id": "shr-core-Practitioner-model.narrative",
        "path": "shr-core-Practitioner-model.narrative",
        "short": "A human-readable narrative, potentially including images, that contains a summary of the resource, and may be used to represent the content of the resource to a human.",
        "definition": "A human-readable narrative, potentially including images, that contains a summary of the resource, and may be used to represent the content of the resource to a human.",
        "min": 0,
        "max": "1",
        "base": {
          "path": "shr-core-Practitioner-model.narrative",
          "min": 0,
          "max": "1"
        },
        "type": [
          {
            "code": "http://hl7.org/fhir/us/shr/StructureDefinition/shr-core-Narrative-model"
          }
        ],
        "mustSupport": false,
        "isModifier": false,
        "isSummary": false
      },
      {
        "id": "shr-core-Practitioner-model.status",
        "path": "shr-core-Practitioner-model.status",
        "short": "A state that relates to the workflow or interpretation of this resource. Certain status values can modify the meaning of the resource, for example, entered-in-error. When a boolean value is used, Status of true indicates the record is active, false means inactive.",
        "definition": "A state that relates to the workflow or interpretation of this resource. Certain status values can modify the meaning of the resource, for example, entered-in-error. When a boolean value is used, Status of true indicates the record is active, false means inactive.",
        "min": 0,
        "max": "1",
        "base": {
          "path": "shr-core-Practitioner-model.status",
          "min": 0,
          "max": "1"
        },
        "type": [
          {
            "code": "Coding"
          }
        ],
        "mustSupport": false,
        "isModifier": false,
        "isSummary": false,
        "binding": {
          "strength": "required",
          "valueSetReference": {
            "reference": "http://hl7.org/fhir/us/odh/shr/core/vs/ActiveOrInactiveVS"
          }
        }
      },
      {
        "id": "shr-core-Practitioner-model.identifier",
        "path": "shr-core-Practitioner-model.identifier",
        "short": "Business identifier or external id for this resource.",
        "definition": "Business identifier or external id for this resource.",
        "min": 1,
        "max": "1",
        "base": {
          "path": "shr-core-Practitioner-model.identifier",
          "min": 1,
          "max": "1"
        },
        "mustSupport": false,
        "isModifier": false,
        "isSummary": false
      },
      {
        "id": "shr-core-Practitioner-model.identifier.nationalProviderIdentifier",
        "path": "shr-core-Practitioner-model.identifier.nationalProviderIdentifier",
        "short": "NPI: a unique 10 digit number to allow US healthcare providers to identify themselves in a standard way throughout the healthcare industry.",
        "definition": "NPI: a unique 10 digit number to allow US healthcare providers to identify themselves in a standard way throughout the healthcare industry.",
        "min": 0,
        "max": "1",
        "base": {
          "path": "shr-core-Practitioner-model.identifier.nationalProviderIdentifier",
          "min": 0,
          "max": "1"
        },
        "type": [
          {
            "code": "http://hl7.org/fhir/us/shr/StructureDefinition/shr-core-NationalProviderIdentifier-model"
          }
        ],
        "mustSupport": false,
        "isModifier": false,
        "isSummary": false
      },
      {
        "id": "shr-core-Practitioner-model.identifier.taxIdentificationNumber",
        "path": "shr-core-Practitioner-model.identifier.taxIdentificationNumber",
        "short": "Tax identification number for the practitioner.",
        "definition": "Tax identification number for the practitioner.",
        "min": 0,
        "max": "1",
        "base": {
          "path": "shr-core-Practitioner-model.identifier.taxIdentificationNumber",
          "min": 0,
          "max": "1"
        },
        "type": [
          {
            "code": "http://hl7.org/fhir/us/shr/StructureDefinition/shr-core-TaxIdentificationNumber-model"
          }
        ],
        "mustSupport": false,
        "isModifier": false,
        "isSummary": false
      },
      {
        "id": "shr-core-Practitioner-model.person",
        "path": "shr-core-Practitioner-model.person",
        "code": [
          {
            "system": "http://ncimeta.nci.nih.gov",
            "code": "C0027361"
          }
        ],
        "short": "A person relevant to the health or social situation of the subject (including the subject him- or herself).",
        "definition": "A person relevant to the health or social situation of the subject (including the subject him- or herself).",
        "min": 1,
        "max": "1",
        "base": {
          "path": "shr-core-Practitioner-model.person",
          "min": 1,
          "max": "1"
        },
        "type": [
          {
            "code": "http://hl7.org/fhir/us/shr/StructureDefinition/shr-core-Person-model"
          }
        ],
        "mustSupport": false,
        "isModifier": false,
        "isSummary": false
      },
      {
        "id": "shr-core-Practitioner-model.person.humanName",
        "path": "shr-core-Practitioner-model.person.humanName",
        "code": [
          {
            "system": "http://ncimeta.nci.nih.gov",
            "code": "C1547383"
          }
        ],
        "short": "A name used by a human being, written as it would be typically expressed. May include a breakdown of the various elements of the name (family name, given name, etc.).",
        "definition": "A name used by a human being, written as it would be typically expressed. May include a breakdown of the various elements of the name (family name, given name, etc.).",
        "min": 1,
        "max": "1",
        "base": {
          "path": "shr-core-Practitioner-model.person.humanName",
          "min": 1,
          "max": "*"
        },
        "type": [
          {
            "code": "http://hl7.org/fhir/us/shr/StructureDefinition/shr-core-HumanName-model"
          }
        ],
        "mustSupport": false,
        "isModifier": false,
        "isSummary": false
      },
      {
        "id": "shr-core-Practitioner-model.person.dateOfBirth[x]",
        "path": "shr-core-Practitioner-model.person.dateOfBirth[x]",
        "code": [
          {
            "system": "http://ncimeta.nci.nih.gov",
            "code": "C2919018"
          },
          {
            "system": "http://loinc.org",
            "code": "21112-8"
          }
        ],
        "short": "A date of birth or approximate year or period (year or date range), if estimated.",
        "definition": "A date of birth or approximate year or period (year or date range), if estimated.",
        "min": 0,
        "max": "1",
        "base": {
          "path": "shr-core-Practitioner-model.person.dateOfBirth[x]",
          "min": 0,
          "max": "1"
        },
        "type": [
          {
            "code": "date"
          },
          {
            "code": "http://hl7.org/fhir/us/shr/StructureDefinition/shr-core-TimePeriod-model"
          }
        ],
        "mustSupport": false,
        "isModifier": false,
        "isSummary": false
      },
      {
        "id": "shr-core-Practitioner-model.person.administrativeGender",
        "path": "shr-core-Practitioner-model.person.administrativeGender",
        "code": [
          {
            "system": "http://ncimeta.nci.nih.gov",
            "code": "C1550327"
          }
        ],
        "short": "A gender classification used for administrative purposes. Administrative gender is not necessarily the same as a biological description or a gender identity. This attribute does not include terms related to clinical gender.",
        "definition": "A gender classification used for administrative purposes. Administrative gender is not necessarily the same as a biological description or a gender identity. This attribute does not include terms related to clinical gender.",
        "min": 1,
        "max": "1",
        "base": {
          "path": "shr-core-Practitioner-model.person.administrativeGender",
          "min": 1,
          "max": "1"
        },
        "type": [
          {
            "code": "Coding"
          }
        ],
        "mustSupport": false,
        "isModifier": false,
        "isSummary": false,
        "binding": {
          "strength": "required",
          "valueSetReference": {
            "reference": "http://hl7.org/fhir/ValueSet/administrative-gender"
          }
        }
      },
      {
        "id": "shr-core-Practitioner-model.person.address",
        "path": "shr-core-Practitioner-model.person.address",
        "code": [
          {
            "system": "http://ncimeta.nci.nih.gov",
            "code": "C0682130"
          }
        ],
        "short": "An address expressed using postal conventions (as opposed to GPS or other location definition formats). This data type may be used to convey addresses for use in delivering mail as well as for visiting locations and which might not be valid for mail delivery. There are a variety of postal address formats defined around the world. (Source: HL7 FHIR).",
        "definition": "An address expressed using postal conventions (as opposed to GPS or other location definition formats). This data type may be used to convey addresses for use in delivering mail as well as for visiting locations and which might not be valid for mail delivery. There are a variety of postal address formats defined around the world. (Source: HL7 FHIR).",
        "min": 0,
        "max": "*",
        "base": {
          "path": "shr-core-Practitioner-model.person.address",
          "min": 0,
          "max": "*"
        },
        "type": [
          {
            "code": "http://hl7.org/fhir/us/shr/StructureDefinition/shr-core-Address-model"
          }
        ],
        "mustSupport": false,
        "isModifier": false,
        "isSummary": false
      },
      {
        "id": "shr-core-Practitioner-model.person.photographicImage",
        "path": "shr-core-Practitioner-model.person.photographicImage",
        "code": [
          {
            "system": "http://loinc.org",
            "code": "72170-4",
            "display": "Photographic image\t[Attachment]"
          }
        ],
        "short": "An attachment of a photographic type. The mime type should be either bmp, gif, jpeg, png, svg, or tiff.",
        "definition": "An attachment of a photographic type. The mime type should be either bmp, gif, jpeg, png, svg, or tiff.",
        "min": 0,
        "max": "*",
        "base": {
          "path": "shr-core-Practitioner-model.person.photographicImage",
          "min": 0,
          "max": "*"
        },
        "type": [
          {
            "code": "http://hl7.org/fhir/us/shr/StructureDefinition/shr-core-PhotographicImage-model"
          }
        ],
        "mustSupport": false,
        "isModifier": false,
        "isSummary": false
      },
      {
        "id": "shr-core-Practitioner-model.person.contactPoint",
        "path": "shr-core-Practitioner-model.person.contactPoint",
        "code": [
          {
            "system": "http://ncimeta.nci.nih.gov",
            "code": "C2986441"
          }
        ],
        "short": "An electronic means of contacting an organization or individual.",
        "definition": "An electronic means of contacting an organization or individual.",
        "min": 0,
        "max": "*",
        "base": {
          "path": "shr-core-Practitioner-model.person.contactPoint",
          "min": 0,
          "max": "*"
        },
        "type": [
          {
            "code": "http://hl7.org/fhir/us/shr/StructureDefinition/shr-core-ContactPoint-model"
          }
        ],
        "mustSupport": false,
        "isModifier": false,
        "isSummary": false
      },
      {
        "id": "shr-core-Practitioner-model.person.communication",
        "path": "shr-core-Practitioner-model.person.communication",
        "short": "Language used for communication by a human, either the subject of record, parent, or other involved person.",
        "definition": "Language used for communication by a human, either the subject of record, parent, or other involved person.",
        "min": 0,
        "max": "*",
        "base": {
          "path": "shr-core-Practitioner-model.person.communication",
          "min": 0,
          "max": "*"
        },
        "type": [
          {
            "code": "http://hl7.org/fhir/us/shr/StructureDefinition/shr-core-Communication-model"
          }
        ],
        "mustSupport": false,
        "isModifier": false,
        "isSummary": false
      },
      {
        "id": "shr-core-Practitioner-model.person.maritalStatus",
        "path": "shr-core-Practitioner-model.person.maritalStatus",
        "code": [
          {
            "system": "http://ncimeta.nci.nih.gov",
            "code": "C0024819"
          }
        ],
        "short": "The most recent marital status of a person.",
        "definition": "The most recent marital status of a person.",
        "min": 0,
        "max": "1",
        "base": {
          "path": "shr-core-Practitioner-model.person.maritalStatus",
          "min": 0,
          "max": "1"
        },
        "type": [
          {
            "code": "Coding"
          }
        ],
        "mustSupport": false,
        "isModifier": false,
        "isSummary": false,
        "binding": {
          "strength": "required",
          "valueSetReference": {
            "reference": "http://hl7.org/fhir/ValueSet/marital-status"
          }
        }
      },
      {
        "id": "shr-core-Practitioner-model.person.multipleBirth[x]",
        "path": "shr-core-Practitioner-model.person.multipleBirth[x]",
        "short": "If the person was part of a multiple birth event, and if so in which order.",
        "definition": "If the person was part of a multiple birth event, and if so in which order.",
        "min": 0,
        "max": "1",
        "base": {
          "path": "shr-core-Practitioner-model.person.multipleBirth[x]",
          "min": 0,
          "max": "1"
        },
        "type": [
          {
            "code": "boolean"
          },
          {
            "code": "integer"
          }
        ],
        "mustSupport": false,
        "isModifier": false,
        "isSummary": false
      },
      {
        "id": "shr-core-Practitioner-model.person.birthSex",
        "path": "shr-core-Practitioner-model.person.birthSex",
        "code": [
          {
            "system": "http://ncimeta.nci.nih.gov",
            "code": "C4086849"
          }
        ],
        "short": "Administrative sex assigned at birth and recorded on birth certificate.",
        "definition": "Administrative sex assigned at birth and recorded on birth certificate.",
        "min": 0,
        "max": "1",
        "base": {
          "path": "shr-core-Practitioner-model.person.birthSex",
          "min": 0,
          "max": "1"
        },
        "type": [
          {
            "code": "Coding"
          }
        ],
        "mustSupport": false,
        "isModifier": false,
        "isSummary": false,
        "binding": {
          "strength": "required",
          "valueSetReference": {
            "reference": "http://hl7.org/fhir/us/core/ValueSet/us-core-birthsex"
          }
        }
      },
      {
        "id": "shr-core-Practitioner-model.person.race",
        "path": "shr-core-Practitioner-model.person.race",
        "code": [
          {
            "system": "http://ncimeta.nci.nih.gov",
            "code": "C0034510"
          }
        ],
        "short": "Subjective association of a person with a named category of humans sharing common history, traits, place of family origin, nationality, tribe, or other inherited background.",
        "definition": "Subjective association of a person with a named category of humans sharing common history, traits, place of family origin, nationality, tribe, or other inherited background.",
        "min": 0,
        "max": "1",
        "base": {
          "path": "shr-core-Practitioner-model.person.race",
          "min": 0,
          "max": "1"
        },
        "type": [
          {
            "code": "http://hl7.org/fhir/us/shr/StructureDefinition/shr-core-Race-model"
          }
        ],
        "mustSupport": false,
        "isModifier": false,
        "isSummary": false
      },
      {
        "id": "shr-core-Practitioner-model.person.ethnicity",
        "path": "shr-core-Practitioner-model.person.ethnicity",
        "code": [
          {
            "system": "http://ncimeta.nci.nih.gov",
            "code": "C0015031"
          }
        ],
        "short": "Indicator of Hispanic or Latino origin.",
        "definition": "Indicator of Hispanic or Latino origin.",
        "min": 0,
        "max": "1",
        "base": {
          "path": "shr-core-Practitioner-model.person.ethnicity",
          "min": 0,
          "max": "1"
        },
        "type": [
          {
            "code": "http://hl7.org/fhir/us/shr/StructureDefinition/shr-core-Ethnicity-model"
          }
        ],
        "mustSupport": false,
        "isModifier": false,
        "isSummary": false
      },
      {
        "id": "shr-core-Practitioner-model.person.deceased[x]",
        "path": "shr-core-Practitioner-model.person.deceased[x]",
        "code": [
          {
            "system": "http://ncimeta.nci.nih.gov",
            "code": "C0011065"
          }
        ],
        "short": "An indication that the person is no longer living, given by a date of death, or boolean value. The latter, when true, indicates the person is deceased.",
        "definition": "An indication that the person is no longer living, given by a date of death, or boolean value. The latter, when true, indicates the person is deceased.",
        "min": 0,
        "max": "1",
        "base": {
          "path": "shr-core-Practitioner-model.person.deceased[x]",
          "min": 0,
          "max": "1"
        },
        "type": [
          {
            "code": "boolean"
          },
          {
            "code": "dateTime"
          }
        ],
        "mustSupport": false,
        "isModifier": false,
        "isSummary": false
      },
      {
        "id": "shr-core-Practitioner-model.qualification",
        "path": "shr-core-Practitioner-model.qualification",
        "code": [
          {
            "system": "http://ncimeta.nci.nih.gov",
            "code": "C0037778"
          }
        ],
        "short": "A right to practice medicine obtained by training and certification.",
        "definition": "A right to practice medicine obtained by training and certification.",
        "min": 0,
        "max": "*",
        "base": {
          "path": "shr-core-Practitioner-model.qualification",
          "min": 0,
          "max": "*"
        },
        "type": [
          {
            "code": "http://hl7.org/fhir/us/shr/StructureDefinition/shr-core-Qualification-model"
          }
        ],
        "mustSupport": false,
        "isModifier": false,
        "isSummary": false
      }
    ]
  }
}