{
  "resourceType": "StructureDefinition",
  "id": "shr-core-BirthSex-model",
  "text": {
    "status": "generated",
    "div": "<div xmlns=\"http://www.w3.org/1999/xhtml\">\n  <p><b>BirthSex Logical Model</b></p>\n  <p>Administrative sex assigned at birth and recorded on birth certificate.</p>\n</div>"
  },
  "url": "http://hl7.org/fhir/us/shr/StructureDefinition/shr-core-BirthSex-model",
  "identifier": [
    {
      "system": "http://hl7.org/fhir/us/odh",
      "value": "shr.core.BirthSex"
    }
  ],
  "version": "1.0.0",
  "name": "BirthSex",
  "title": "shr-core-BirthSex",
  "status": "draft",
  "date": "2019-04-08T00:00:00-04:00",
  "publisher": "HL7",
  "contact": [
    {
      "telecom": [
        {
          "system": "url",
          "value": "http://standardhealthrecord.org"
        }
      ]
    }
  ],
  "description": "Administrative sex assigned at birth and recorded on birth certificate.",
  "keyword": [
    {
      "system": "http://ncimeta.nci.nih.gov",
      "code": "C4086849"
    }
  ],
  "kind": "logical",
  "abstract": false,
  "type": "shr-core-BirthSex-model",
  "baseDefinition": "http://hl7.org/fhir/StructureDefinition/Element",
  "derivation": "specialization",
  "snapshot": {
    "element": [
      {
        "id": "shr-core-BirthSex-model",
        "path": "shr-core-BirthSex-model",
        "definition": "Administrative sex assigned at birth and recorded on birth certificate.",
        "min": 0,
        "max": "*",
        "base": {
          "path": "shr-core-BirthSex-model",
          "min": 0,
          "max": "*"
        },
        "mustSupport": false,
        "isModifier": false,
        "isSummary": false
      },
      {
        "id": "shr-core-BirthSex-model.value",
        "path": "shr-core-BirthSex-model.value",
        "short": "Code representing administrative sex assigned at birth and recorded on birth certificate.",
        "definition": "Code representing administrative sex assigned at birth and recorded on birth certificate.",
        "min": 1,
        "max": "1",
        "base": {
          "path": "shr-core-BirthSex-model.value",
          "min": 1,
          "max": "1"
        },
        "type": [
          {
            "code": "Coding"
          }
        ],
        "mustSupport": false,
        "isModifier": false,
        "isSummary": false,
        "binding": {
          "strength": "required",
          "valueSetReference": {
            "reference": "http://hl7.org/fhir/us/core/ValueSet/us-core-birthsex"
          }
        }
      }
    ]
  },
  "differential": {
    "element": [
      {
        "id": "shr-core-BirthSex-model",
        "path": "shr-core-BirthSex-model",
        "definition": "Administrative sex assigned at birth and recorded on birth certificate.",
        "min": 0,
        "max": "*",
        "base": {
          "path": "shr-core-BirthSex-model",
          "min": 0,
          "max": "*"
        },
        "mustSupport": false,
        "isModifier": false,
        "isSummary": false
      },
      {
        "id": "shr-core-BirthSex-model.value",
        "path": "shr-core-BirthSex-model.value",
        "short": "Code representing administrative sex assigned at birth and recorded on birth certificate.",
        "definition": "Code representing administrative sex assigned at birth and recorded on birth certificate.",
        "min": 1,
        "max": "1",
        "base": {
          "path": "shr-core-BirthSex-model.value",
          "min": 1,
          "max": "1"
        },
        "type": [
          {
            "code": "Coding"
          }
        ],
        "mustSupport": false,
        "isModifier": false,
        "isSummary": false,
        "binding": {
          "strength": "required",
          "valueSetReference": {
            "reference": "http://hl7.org/fhir/us/core/ValueSet/us-core-birthsex"
          }
        }
      }
    ]
  }
}