{
  "resourceType": "StructureDefinition",
  "id": "shr-core-Additive-model",
  "text": {
    "status": "generated",
    "div": "<div xmlns=\"http://www.w3.org/1999/xhtml\">\n  <p><b>Additive Logical Model</b></p>\n  <p>Additive associated with container.</p>\n</div>"
  },
  "url": "http://hl7.org/fhir/us/shr/StructureDefinition/shr-core-Additive-model",
  "identifier": [
    {
      "system": "http://hl7.org/fhir/us/odh",
      "value": "shr.core.Additive"
    }
  ],
  "version": "1.0.0",
  "name": "Additive",
  "title": "shr-core-Additive",
  "status": "draft",
  "date": "2019-03-30T00:00:00-04:00",
  "publisher": "HL7",
  "contact": [
    {
      "telecom": [
        {
          "system": "url",
          "value": "http://standardhealthrecord.org"
        }
      ]
    }
  ],
  "description": "Additive associated with container.",
  "kind": "logical",
  "abstract": false,
  "type": "shr-core-Additive-model",
  "baseDefinition": "http://hl7.org/fhir/StructureDefinition/Element",
  "derivation": "specialization",
  "snapshot": {
    "element": [
      {
        "id": "shr-core-Additive-model",
        "path": "shr-core-Additive-model",
        "definition": "Additive associated with container.",
        "min": 0,
        "max": "*",
        "base": {
          "path": "shr-core-Additive-model",
          "min": 0,
          "max": "*"
        },
        "mustSupport": false,
        "isModifier": false,
        "isSummary": false
      },
      {
        "id": "shr-core-Additive-model.value[x]",
        "path": "shr-core-Additive-model.value[x]",
        "short": "Code or Substance representing additive associated with container.",
        "definition": "Code or Substance representing additive associated with container.",
        "min": 1,
        "max": "1",
        "base": {
          "path": "shr-core-Additive-model.value[x]",
          "min": 1,
          "max": "1"
        },
        "type": [
          {
            "code": "Coding"
          },
          {
            "code": "Reference",
            "targetProfile": "http://hl7.org/fhir/us/shr/StructureDefinition/shr-core-Substance-model"
          }
        ],
        "mustSupport": false,
        "isModifier": false,
        "isSummary": false
      }
    ]
  },
  "differential": {
    "element": [
      {
        "id": "shr-core-Additive-model",
        "path": "shr-core-Additive-model",
        "definition": "Additive associated with container.",
        "min": 0,
        "max": "*",
        "base": {
          "path": "shr-core-Additive-model",
          "min": 0,
          "max": "*"
        },
        "mustSupport": false,
        "isModifier": false,
        "isSummary": false
      },
      {
        "id": "shr-core-Additive-model.value[x]",
        "path": "shr-core-Additive-model.value[x]",
        "short": "Code or Substance representing additive associated with container.",
        "definition": "Code or Substance representing additive associated with container.",
        "min": 1,
        "max": "1",
        "base": {
          "path": "shr-core-Additive-model.value[x]",
          "min": 1,
          "max": "1"
        },
        "type": [
          {
            "code": "Coding"
          },
          {
            "code": "Reference",
            "targetProfile": "http://hl7.org/fhir/us/shr/StructureDefinition/shr-core-Substance-model"
          }
        ],
        "mustSupport": false,
        "isModifier": false,
        "isSummary": false
      }
    ]
  }
}