{
  "resourceType": "StructureDefinition",
  "id": "shr-core-CreationDateTime-model",
  "text": {
    "status": "generated",
    "div": "<div xmlns=\"http://www.w3.org/1999/xhtml\">\n  <p><b>CreationDateTime Logical Model</b></p>\n  <p>The point in time when the item was created.</p>\n</div>"
  },
  "url": "http://hl7.org/fhir/us/shr/StructureDefinition/shr-core-CreationDateTime-model",
  "identifier": [
    {
      "system": "http://hl7.org/fhir/us/odh",
      "value": "shr.core.CreationDateTime"
    }
  ],
  "version": "1.0.0",
  "name": "CreationDateTime",
  "title": "shr-core-CreationDateTime",
  "status": "draft",
  "date": "2019-04-08T00:00:00-04:00",
  "publisher": "HL7",
  "contact": [
    {
      "telecom": [
        {
          "system": "url",
          "value": "http://standardhealthrecord.org"
        }
      ]
    }
  ],
  "description": "The point in time when the item was created.",
  "keyword": [
    {
      "system": "http://ncimeta.nci.nih.gov",
      "code": "C3669169"
    }
  ],
  "kind": "logical",
  "abstract": false,
  "type": "shr-core-CreationDateTime-model",
  "baseDefinition": "http://hl7.org/fhir/StructureDefinition/Element",
  "derivation": "specialization",
  "snapshot": {
    "element": [
      {
        "id": "shr-core-CreationDateTime-model",
        "path": "shr-core-CreationDateTime-model",
        "definition": "The point in time when the item was created.",
        "min": 0,
        "max": "*",
        "base": {
          "path": "shr-core-CreationDateTime-model",
          "min": 0,
          "max": "*"
        },
        "mustSupport": false,
        "isModifier": false,
        "isSummary": false
      },
      {
        "id": "shr-core-CreationDateTime-model.value",
        "path": "shr-core-CreationDateTime-model.value",
        "short": "DateTime representing the point in time when the item was created.",
        "definition": "DateTime representing the point in time when the item was created.",
        "min": 1,
        "max": "1",
        "base": {
          "path": "shr-core-CreationDateTime-model.value",
          "min": 1,
          "max": "1"
        },
        "type": [
          {
            "code": "dateTime"
          }
        ],
        "mustSupport": false,
        "isModifier": false,
        "isSummary": false
      }
    ]
  },
  "differential": {
    "element": [
      {
        "id": "shr-core-CreationDateTime-model",
        "path": "shr-core-CreationDateTime-model",
        "definition": "The point in time when the item was created.",
        "min": 0,
        "max": "*",
        "base": {
          "path": "shr-core-CreationDateTime-model",
          "min": 0,
          "max": "*"
        },
        "mustSupport": false,
        "isModifier": false,
        "isSummary": false
      },
      {
        "id": "shr-core-CreationDateTime-model.value",
        "path": "shr-core-CreationDateTime-model.value",
        "short": "DateTime representing the point in time when the item was created.",
        "definition": "DateTime representing the point in time when the item was created.",
        "min": 1,
        "max": "1",
        "base": {
          "path": "shr-core-CreationDateTime-model.value",
          "min": 1,
          "max": "1"
        },
        "type": [
          {
            "code": "dateTime"
          }
        ],
        "mustSupport": false,
        "isModifier": false,
        "isSummary": false
      }
    ]
  }
}