{
  "resourceType": "StructureDefinition",
  "id": "shr-core-ReasonCode-model",
  "text": {
    "status": "generated",
    "div": "<div xmlns=\"http://www.w3.org/1999/xhtml\">\n  <p><b>ReasonCode Logical Model</b></p>\n  <p>The justification, as a code.\nReason is a string or CodeableConcept in DSTU2 but in later versions only a CodeableConcept, so we are not going to support a string.</p>\n</div>"
  },
  "url": "http://hl7.org/fhir/us/shr/StructureDefinition/shr-core-ReasonCode-model",
  "identifier": [
    {
      "system": "http://hl7.org/fhir/us/odh",
      "value": "shr.core.ReasonCode"
    }
  ],
  "version": "1.0.0",
  "name": "ReasonCode",
  "title": "shr-core-ReasonCode",
  "status": "draft",
  "date": "2019-03-30T00:00:00-04:00",
  "publisher": "HL7",
  "contact": [
    {
      "telecom": [
        {
          "system": "url",
          "value": "http://standardhealthrecord.org"
        }
      ]
    }
  ],
  "description": "The justification, as a code.\nReason is a string or CodeableConcept in DSTU2 but in later versions only a CodeableConcept, so we are not going to support a string.",
  "keyword": [
    {
      "system": "http://ncimeta.nci.nih.gov",
      "code": "C0566251"
    }
  ],
  "kind": "logical",
  "abstract": false,
  "type": "shr-core-ReasonCode-model",
  "baseDefinition": "http://hl7.org/fhir/StructureDefinition/Element",
  "derivation": "specialization",
  "snapshot": {
    "element": [
      {
        "id": "shr-core-ReasonCode-model",
        "path": "shr-core-ReasonCode-model",
        "definition": "The justification, as a code.\nReason is a string or CodeableConcept in DSTU2 but in later versions only a CodeableConcept, so we are not going to support a string.",
        "min": 0,
        "max": "*",
        "base": {
          "path": "shr-core-ReasonCode-model",
          "min": 0,
          "max": "*"
        },
        "mustSupport": false,
        "isModifier": false,
        "isSummary": false
      },
      {
        "id": "shr-core-ReasonCode-model.value",
        "path": "shr-core-ReasonCode-model.value",
        "short": "Code representing the justification, as a code.",
        "definition": "Code representing the justification, as a code.\nReason is a string or CodeableConcept in DSTU2 but in later versions only a CodeableConcept, so we are not going to support a string.",
        "min": 1,
        "max": "1",
        "base": {
          "path": "shr-core-ReasonCode-model.value",
          "min": 1,
          "max": "1"
        },
        "type": [
          {
            "code": "Coding"
          }
        ],
        "mustSupport": false,
        "isModifier": false,
        "isSummary": false
      }
    ]
  },
  "differential": {
    "element": [
      {
        "id": "shr-core-ReasonCode-model",
        "path": "shr-core-ReasonCode-model",
        "definition": "The justification, as a code.\nReason is a string or CodeableConcept in DSTU2 but in later versions only a CodeableConcept, so we are not going to support a string.",
        "min": 0,
        "max": "*",
        "base": {
          "path": "shr-core-ReasonCode-model",
          "min": 0,
          "max": "*"
        },
        "mustSupport": false,
        "isModifier": false,
        "isSummary": false
      },
      {
        "id": "shr-core-ReasonCode-model.value",
        "path": "shr-core-ReasonCode-model.value",
        "short": "Code representing the justification, as a code.",
        "definition": "Code representing the justification, as a code.\nReason is a string or CodeableConcept in DSTU2 but in later versions only a CodeableConcept, so we are not going to support a string.",
        "min": 1,
        "max": "1",
        "base": {
          "path": "shr-core-ReasonCode-model.value",
          "min": 1,
          "max": "1"
        },
        "type": [
          {
            "code": "Coding"
          }
        ],
        "mustSupport": false,
        "isModifier": false,
        "isSummary": false
      }
    ]
  }
}