{
  "resourceType": "StructureDefinition",
  "id": "shr-core-ParticipationType-model",
  "text": {
    "status": "generated",
    "div": "<div xmlns=\"http://www.w3.org/1999/xhtml\">\n  <p><b>ParticipationType Logical Model</b></p>\n  <p>The role played by the participant engaged in the action, for example, as the attending physician, surgical assistant, etc.</p>\n</div>"
  },
  "url": "http://hl7.org/fhir/us/odh/StructureDefinition/shr-core-ParticipationType-model",
  "identifier": [
    {
      "system": "http://hl7.org/fhir/us/odh",
      "value": "shr.core.ParticipationType"
    }
  ],
  "version": "1.0.0",
  "name": "ParticipationType",
  "title": "shr-core-ParticipationType",
  "status": "draft",
  "date": "2019-05-08T00:00:00-04:00",
  "publisher": "HL7",
  "contact": [
    {
      "telecom": [
        {
          "system": "url",
          "value": "http://standardhealthrecord.org"
        }
      ]
    }
  ],
  "description": "The role played by the participant engaged in the action, for example, as the attending physician, surgical assistant, etc.",
  "kind": "logical",
  "abstract": false,
  "type": "shr-core-ParticipationType-model",
  "baseDefinition": "http://hl7.org/fhir/StructureDefinition/Element",
  "derivation": "specialization",
  "snapshot": {
    "element": [
      {
        "id": "shr-core-ParticipationType-model",
        "path": "shr-core-ParticipationType-model",
        "definition": "The role played by the participant engaged in the action, for example, as the attending physician, surgical assistant, etc.",
        "min": 0,
        "max": "*",
        "base": {
          "path": "shr-core-ParticipationType-model",
          "min": 0,
          "max": "*"
        },
        "mustSupport": false,
        "isModifier": false,
        "isSummary": false
      },
      {
        "id": "shr-core-ParticipationType-model.value",
        "path": "shr-core-ParticipationType-model.value",
        "short": "Code representing the role played by the participant engaged in the action, for example, as the attending physician, surgical assistant, etc.",
        "definition": "Code representing the role played by the participant engaged in the action, for example, as the attending physician, surgical assistant, etc.",
        "min": 1,
        "max": "1",
        "base": {
          "path": "shr-core-ParticipationType-model.value",
          "min": 1,
          "max": "1"
        },
        "type": [
          {
            "code": "Coding"
          }
        ],
        "mustSupport": false,
        "isModifier": false,
        "isSummary": false,
        "binding": {
          "strength": "example",
          "valueSetReference": {
            "reference": "http://hl7.org/fhir/ValueSet/performer-role"
          }
        }
      }
    ]
  },
  "differential": {
    "element": [
      {
        "id": "shr-core-ParticipationType-model",
        "path": "shr-core-ParticipationType-model",
        "definition": "The role played by the participant engaged in the action, for example, as the attending physician, surgical assistant, etc.",
        "min": 0,
        "max": "*",
        "base": {
          "path": "shr-core-ParticipationType-model",
          "min": 0,
          "max": "*"
        },
        "mustSupport": false,
        "isModifier": false,
        "isSummary": false
      },
      {
        "id": "shr-core-ParticipationType-model.value",
        "path": "shr-core-ParticipationType-model.value",
        "short": "Code representing the role played by the participant engaged in the action, for example, as the attending physician, surgical assistant, etc.",
        "definition": "Code representing the role played by the participant engaged in the action, for example, as the attending physician, surgical assistant, etc.",
        "min": 1,
        "max": "1",
        "base": {
          "path": "shr-core-ParticipationType-model.value",
          "min": 1,
          "max": "1"
        },
        "type": [
          {
            "code": "Coding"
          }
        ],
        "mustSupport": false,
        "isModifier": false,
        "isSummary": false,
        "binding": {
          "strength": "example",
          "valueSetReference": {
            "reference": "http://hl7.org/fhir/ValueSet/performer-role"
          }
        }
      }
    ]
  }
}