{
  "resourceType": "StructureDefinition",
  "id": "shr-core-BodyLocation-model",
  "text": {
    "status": "generated",
    "div": "<div xmlns=\"http://www.w3.org/1999/xhtml\">\n  <p><b>BodyLocation Logical Model</b></p>\n  <p>A location or structure in the body, including tissues, regions, cavities, and spaces; for example, right elbow, or left ventricle of the heart.\nThe BodyLocation includes code and optional qualifiers of anatomical side or direction. The body location can also be determined from one or more body landmarks.\nIf the code for the body location includes laterality and/or anatomical direction, the corresponding attributes might be unnecessary.\nNote that BodyLocation is a data type, a reusable structure, not a stand-alone entity. The concept is similar to how an address structure can apply to a person, location, or organization. This contrasts with FHIR's stand-alone BodySite (aka BodyStructure in r4) which 'is not ... intended for describing the type of anatomical location but rather a specific body site on a specific patient' (FHIR 3.5).</p>\n</div>"
  },
  "url": "http://hl7.org/fhir/us/shr/StructureDefinition/shr-core-BodyLocation-model",
  "identifier": [
    {
      "system": "http://hl7.org/fhir/us/odh",
      "value": "shr.core.BodyLocation"
    }
  ],
  "version": "1.0.0",
  "name": "BodyLocation",
  "title": "shr-core-BodyLocation",
  "status": "draft",
  "date": "2019-04-08T00:00:00-04:00",
  "publisher": "HL7",
  "contact": [
    {
      "telecom": [
        {
          "system": "url",
          "value": "http://standardhealthrecord.org"
        }
      ]
    }
  ],
  "description": "A location or structure in the body, including tissues, regions, cavities, and spaces; for example, right elbow, or left ventricle of the heart.\nThe BodyLocation includes code and optional qualifiers of anatomical side or direction. The body location can also be determined from one or more body landmarks.\nIf the code for the body location includes laterality and/or anatomical direction, the corresponding attributes might be unnecessary.\nNote that BodyLocation is a data type, a reusable structure, not a stand-alone entity. The concept is similar to how an address structure can apply to a person, location, or organization. This contrasts with FHIR's stand-alone BodySite (aka BodyStructure in r4) which 'is not ... intended for describing the type of anatomical location but rather a specific body site on a specific patient' (FHIR 3.5).",
  "kind": "logical",
  "abstract": false,
  "type": "shr-core-BodyLocation-model",
  "baseDefinition": "http://hl7.org/fhir/StructureDefinition/Element",
  "derivation": "specialization",
  "snapshot": {
    "element": [
      {
        "id": "shr-core-BodyLocation-model",
        "path": "shr-core-BodyLocation-model",
        "definition": "A location or structure in the body, including tissues, regions, cavities, and spaces; for example, right elbow, or left ventricle of the heart.\nThe BodyLocation includes code and optional qualifiers of anatomical side or direction. The body location can also be determined from one or more body landmarks.\nIf the code for the body location includes laterality and/or anatomical direction, the corresponding attributes might be unnecessary.\nNote that BodyLocation is a data type, a reusable structure, not a stand-alone entity. The concept is similar to how an address structure can apply to a person, location, or organization. This contrasts with FHIR's stand-alone BodySite (aka BodyStructure in r4) which 'is not ... intended for describing the type of anatomical location but rather a specific body site on a specific patient' (FHIR 3.5).",
        "min": 0,
        "max": "*",
        "base": {
          "path": "shr-core-BodyLocation-model",
          "min": 0,
          "max": "*"
        },
        "mustSupport": false,
        "isModifier": false,
        "isSummary": false
      },
      {
        "id": "shr-core-BodyLocation-model.locationCode",
        "path": "shr-core-BodyLocation-model.locationCode",
        "short": "Code for the body location, optionally pre-coordinating laterality or direction.",
        "definition": "Code for the body location, optionally pre-coordinating laterality or direction.",
        "min": 1,
        "max": "1",
        "base": {
          "path": "shr-core-BodyLocation-model.locationCode",
          "min": 1,
          "max": "1"
        },
        "type": [
          {
            "code": "Coding"
          }
        ],
        "mustSupport": false,
        "isModifier": false,
        "isSummary": false,
        "binding": {
          "strength": "preferred",
          "valueSetReference": {
            "reference": "http://hl7.org/fhir/us/odh/shr/core/vs/BodyLocationVS"
          }
        }
      },
      {
        "id": "shr-core-BodyLocation-model.laterality",
        "path": "shr-core-BodyLocation-model.laterality",
        "short": "Body side of the body location, if needed to distinguish from a similar location on the other side of the body.",
        "definition": "Body side of the body location, if needed to distinguish from a similar location on the other side of the body.",
        "min": 0,
        "max": "1",
        "base": {
          "path": "shr-core-BodyLocation-model.laterality",
          "min": 0,
          "max": "1"
        },
        "type": [
          {
            "code": "Coding"
          }
        ],
        "mustSupport": false,
        "isModifier": false,
        "isSummary": false,
        "binding": {
          "strength": "extensible",
          "valueSetReference": {
            "reference": "http://hl7.org/fhir/us/odh/shr/core/vs/LateralityVS"
          }
        }
      },
      {
        "id": "shr-core-BodyLocation-model.orientation",
        "path": "shr-core-BodyLocation-model.orientation",
        "short": "Orientation of the body location, if needed to distinguish from a similar location in another orientation.",
        "definition": "Orientation of the body location, if needed to distinguish from a similar location in another orientation.",
        "min": 0,
        "max": "1",
        "base": {
          "path": "shr-core-BodyLocation-model.orientation",
          "min": 0,
          "max": "1"
        },
        "type": [
          {
            "code": "Coding"
          }
        ],
        "mustSupport": false,
        "isModifier": false,
        "isSummary": false,
        "binding": {
          "strength": "extensible",
          "valueSetReference": {
            "reference": "http://hl7.org/fhir/us/odh/shr/core/vs/OrientationVS"
          }
        }
      },
      {
        "id": "shr-core-BodyLocation-model.relationToLandmark",
        "path": "shr-core-BodyLocation-model.relationToLandmark",
        "short": "An anatomical landmark that helps determine a body location.",
        "definition": "An anatomical landmark that helps determine a body location.",
        "min": 0,
        "max": "*",
        "base": {
          "path": "shr-core-BodyLocation-model.relationToLandmark",
          "min": 0,
          "max": "*"
        },
        "type": [
          {
            "code": "http://hl7.org/fhir/us/shr/StructureDefinition/shr-core-RelationToLandmark-model"
          }
        ],
        "mustSupport": false,
        "isModifier": false,
        "isSummary": false
      }
    ]
  },
  "differential": {
    "element": [
      {
        "id": "shr-core-BodyLocation-model",
        "path": "shr-core-BodyLocation-model",
        "definition": "A location or structure in the body, including tissues, regions, cavities, and spaces; for example, right elbow, or left ventricle of the heart.\nThe BodyLocation includes code and optional qualifiers of anatomical side or direction. The body location can also be determined from one or more body landmarks.\nIf the code for the body location includes laterality and/or anatomical direction, the corresponding attributes might be unnecessary.\nNote that BodyLocation is a data type, a reusable structure, not a stand-alone entity. The concept is similar to how an address structure can apply to a person, location, or organization. This contrasts with FHIR's stand-alone BodySite (aka BodyStructure in r4) which 'is not ... intended for describing the type of anatomical location but rather a specific body site on a specific patient' (FHIR 3.5).",
        "min": 0,
        "max": "*",
        "base": {
          "path": "shr-core-BodyLocation-model",
          "min": 0,
          "max": "*"
        },
        "mustSupport": false,
        "isModifier": false,
        "isSummary": false
      },
      {
        "id": "shr-core-BodyLocation-model.locationCode",
        "path": "shr-core-BodyLocation-model.locationCode",
        "short": "Code for the body location, optionally pre-coordinating laterality or direction.",
        "definition": "Code for the body location, optionally pre-coordinating laterality or direction.",
        "min": 1,
        "max": "1",
        "base": {
          "path": "shr-core-BodyLocation-model.locationCode",
          "min": 1,
          "max": "1"
        },
        "type": [
          {
            "code": "Coding"
          }
        ],
        "mustSupport": false,
        "isModifier": false,
        "isSummary": false,
        "binding": {
          "strength": "preferred",
          "valueSetReference": {
            "reference": "http://hl7.org/fhir/us/odh/shr/core/vs/BodyLocationVS"
          }
        }
      },
      {
        "id": "shr-core-BodyLocation-model.laterality",
        "path": "shr-core-BodyLocation-model.laterality",
        "short": "Body side of the body location, if needed to distinguish from a similar location on the other side of the body.",
        "definition": "Body side of the body location, if needed to distinguish from a similar location on the other side of the body.",
        "min": 0,
        "max": "1",
        "base": {
          "path": "shr-core-BodyLocation-model.laterality",
          "min": 0,
          "max": "1"
        },
        "type": [
          {
            "code": "Coding"
          }
        ],
        "mustSupport": false,
        "isModifier": false,
        "isSummary": false,
        "binding": {
          "strength": "extensible",
          "valueSetReference": {
            "reference": "http://hl7.org/fhir/us/odh/shr/core/vs/LateralityVS"
          }
        }
      },
      {
        "id": "shr-core-BodyLocation-model.orientation",
        "path": "shr-core-BodyLocation-model.orientation",
        "short": "Orientation of the body location, if needed to distinguish from a similar location in another orientation.",
        "definition": "Orientation of the body location, if needed to distinguish from a similar location in another orientation.",
        "min": 0,
        "max": "1",
        "base": {
          "path": "shr-core-BodyLocation-model.orientation",
          "min": 0,
          "max": "1"
        },
        "type": [
          {
            "code": "Coding"
          }
        ],
        "mustSupport": false,
        "isModifier": false,
        "isSummary": false,
        "binding": {
          "strength": "extensible",
          "valueSetReference": {
            "reference": "http://hl7.org/fhir/us/odh/shr/core/vs/OrientationVS"
          }
        }
      },
      {
        "id": "shr-core-BodyLocation-model.relationToLandmark",
        "path": "shr-core-BodyLocation-model.relationToLandmark",
        "short": "An anatomical landmark that helps determine a body location.",
        "definition": "An anatomical landmark that helps determine a body location.",
        "min": 0,
        "max": "*",
        "base": {
          "path": "shr-core-BodyLocation-model.relationToLandmark",
          "min": 0,
          "max": "*"
        },
        "type": [
          {
            "code": "http://hl7.org/fhir/us/shr/StructureDefinition/shr-core-RelationToLandmark-model"
          }
        ],
        "mustSupport": false,
        "isModifier": false,
        "isSummary": false
      }
    ]
  }
}