{
  "resourceType": "StructureDefinition",
  "id": "shr-core-Observation-model",
  "text": {
    "status": "generated",
    "div": "<div xmlns=\"http://www.w3.org/1999/xhtml\">\n  <p><b>Observation Logical Model</b></p>\n  <p>Represents the result of evaluations (measurements, tests, or questions) that have been performed.\nObservation has a value representing the result (answer), or an DataAbsentReason indicating why the value is not present. Things observed about the subject can include social and behavioral factors, subjective and objective observations, and assessments.\nFor an Observation, the Code describes the aspect or property of the subject being observed or measured. The Code is the 'question code' that pairs to the 'answer' contained in the Value.</p>\n</div>"
  },
  "url": "http://hl7.org/fhir/us/shr/StructureDefinition/shr-core-Observation-model",
  "identifier": [
    {
      "system": "http://hl7.org/fhir/us/odh",
      "value": "shr.core.Observation"
    }
  ],
  "version": "1.0.0",
  "name": "Observation",
  "title": "shr-core-Observation",
  "status": "draft",
  "date": "2019-04-08T00:00:00-04:00",
  "publisher": "HL7",
  "contact": [
    {
      "telecom": [
        {
          "system": "url",
          "value": "http://standardhealthrecord.org"
        }
      ]
    }
  ],
  "description": "Represents the result of evaluations (measurements, tests, or questions) that have been performed.\nObservation has a value representing the result (answer), or an DataAbsentReason indicating why the value is not present. Things observed about the subject can include social and behavioral factors, subjective and objective observations, and assessments.\nFor an Observation, the Code describes the aspect or property of the subject being observed or measured. The Code is the 'question code' that pairs to the 'answer' contained in the Value.",
  "kind": "logical",
  "abstract": false,
  "type": "shr-core-Observation-model",
  "baseDefinition": "http://hl7.org/fhir/StructureDefinition/Element",
  "derivation": "specialization",
  "snapshot": {
    "element": [
      {
        "id": "shr-core-Observation-model",
        "path": "shr-core-Observation-model",
        "definition": "Represents the result of evaluations (measurements, tests, or questions) that have been performed.\nObservation has a value representing the result (answer), or an DataAbsentReason indicating why the value is not present. Things observed about the subject can include social and behavioral factors, subjective and objective observations, and assessments.\nFor an Observation, the Code describes the aspect or property of the subject being observed or measured. The Code is the 'question code' that pairs to the 'answer' contained in the Value.",
        "min": 0,
        "max": "*",
        "base": {
          "path": "shr-core-Observation-model",
          "min": 0,
          "max": "*"
        },
        "mustSupport": false,
        "isModifier": false,
        "isSummary": false
      },
      {
        "id": "shr-core-Observation-model.metadata",
        "path": "shr-core-Observation-model.metadata",
        "short": "Elements that belong to all information items.",
        "definition": "Elements that belong to all information items.",
        "min": 0,
        "max": "1",
        "base": {
          "path": "shr-core-Observation-model.metadata",
          "min": 0,
          "max": "1"
        },
        "type": [
          {
            "code": "http://hl7.org/fhir/us/shr/StructureDefinition/shr-core-Metadata-model"
          }
        ],
        "mustSupport": false,
        "isModifier": false,
        "isSummary": false
      },
      {
        "id": "shr-core-Observation-model.language",
        "path": "shr-core-Observation-model.language",
        "code": [
          {
            "system": "http://ncimeta.nci.nih.gov",
            "code": "C0023008"
          }
        ],
        "short": "A human language, spoken or written.",
        "definition": "A human language, spoken or written.",
        "min": 0,
        "max": "1",
        "base": {
          "path": "shr-core-Observation-model.language",
          "min": 0,
          "max": "1"
        },
        "type": [
          {
            "code": "Coding"
          }
        ],
        "mustSupport": false,
        "isModifier": false,
        "isSummary": false
      },
      {
        "id": "shr-core-Observation-model.implicitRules",
        "path": "shr-core-Observation-model.implicitRules",
        "short": "A set of rules under which this content was created",
        "definition": "A set of rules under which this content was created",
        "min": 0,
        "max": "1",
        "base": {
          "path": "shr-core-Observation-model.implicitRules",
          "min": 0,
          "max": "1"
        },
        "type": [
          {
            "code": "uri"
          }
        ],
        "mustSupport": false,
        "isModifier": false,
        "isSummary": false
      },
      {
        "id": "shr-core-Observation-model.narrative",
        "path": "shr-core-Observation-model.narrative",
        "short": "A human-readable narrative, potentially including images, that contains a summary of the resource, and may be used to represent the content of the resource to a human.",
        "definition": "A human-readable narrative, potentially including images, that contains a summary of the resource, and may be used to represent the content of the resource to a human.",
        "min": 0,
        "max": "1",
        "base": {
          "path": "shr-core-Observation-model.narrative",
          "min": 0,
          "max": "1"
        },
        "type": [
          {
            "code": "http://hl7.org/fhir/us/shr/StructureDefinition/shr-core-Narrative-model"
          }
        ],
        "mustSupport": false,
        "isModifier": false,
        "isSummary": false
      },
      {
        "id": "shr-core-Observation-model.status",
        "path": "shr-core-Observation-model.status",
        "short": "A state that relates to the workflow or interpretation of this resource. Certain status values can modify the meaning of the resource, for example, entered-in-error. When a boolean value is used, Status of true indicates the record is active, false means inactive.",
        "definition": "A state that relates to the workflow or interpretation of this resource. Certain status values can modify the meaning of the resource, for example, entered-in-error. When a boolean value is used, Status of true indicates the record is active, false means inactive.",
        "min": 1,
        "max": "1",
        "base": {
          "path": "shr-core-Observation-model.status",
          "min": 1,
          "max": "1"
        },
        "type": [
          {
            "code": "Coding"
          }
        ],
        "mustSupport": false,
        "isModifier": false,
        "isSummary": false,
        "binding": {
          "strength": "required",
          "valueSetReference": {
            "reference": "http://hl7.org/fhir/ValueSet/observation-status"
          }
        }
      },
      {
        "id": "shr-core-Observation-model.identifier",
        "path": "shr-core-Observation-model.identifier",
        "short": "Business identifier or external id for this resource.",
        "definition": "Business identifier or external id for this resource.",
        "min": 0,
        "max": "*",
        "base": {
          "path": "shr-core-Observation-model.identifier",
          "min": 0,
          "max": "*"
        },
        "type": [
          {
            "code": "http://hl7.org/fhir/us/shr/StructureDefinition/shr-core-Identifier-model"
          }
        ],
        "mustSupport": false,
        "isModifier": false,
        "isSummary": false
      },
      {
        "id": "shr-core-Observation-model.observationSubjectOfRecord[x]",
        "path": "shr-core-Observation-model.observationSubjectOfRecord[x]",
        "short": "A choice of Patient, Group, Device, or Location. These are the potential subjects for an Observation.",
        "definition": "A choice of Patient, Group, Device, or Location. These are the potential subjects for an Observation.",
        "min": 1,
        "max": "1",
        "base": {
          "path": "shr-core-Observation-model.observationSubjectOfRecord[x]",
          "min": 1,
          "max": "1"
        },
        "type": [
          {
            "code": "Reference",
            "targetProfile": "http://hl7.org/fhir/us/shr/StructureDefinition/shr-core-Patient-model"
          },
          {
            "code": "Reference",
            "targetProfile": "http://hl7.org/fhir/us/shr/StructureDefinition/shr-core-Group-model"
          },
          {
            "code": "Reference",
            "targetProfile": "http://hl7.org/fhir/us/shr/StructureDefinition/shr-core-Device-model"
          },
          {
            "code": "Reference",
            "targetProfile": "http://hl7.org/fhir/us/shr/StructureDefinition/shr-core-Location-model"
          }
        ],
        "mustSupport": false,
        "isModifier": false,
        "isSummary": false
      },
      {
        "id": "shr-core-Observation-model.careContext",
        "path": "shr-core-Observation-model.careContext",
        "short": "The encounter or episode of care",
        "definition": "The encounter or episode of care",
        "min": 0,
        "max": "1",
        "base": {
          "path": "shr-core-Observation-model.careContext",
          "min": 0,
          "max": "1"
        },
        "type": [
          {
            "code": "Reference",
            "targetProfile": "http://hl7.org/fhir/us/shr/StructureDefinition/shr-core-Encounter-model"
          }
        ],
        "mustSupport": false,
        "isModifier": false,
        "isSummary": false
      },
      {
        "id": "shr-core-Observation-model.statementDateTime",
        "path": "shr-core-Observation-model.statementDateTime",
        "code": [
          {
            "system": "http://ncimeta.nci.nih.gov",
            "code": "C3669169"
          }
        ],
        "short": "The point in time when the statement was created.",
        "definition": "The point in time when the statement was created.",
        "min": 0,
        "max": "1",
        "base": {
          "path": "shr-core-Observation-model.statementDateTime",
          "min": 0,
          "max": "1"
        },
        "type": [
          {
            "code": "dateTime"
          }
        ],
        "mustSupport": false,
        "isModifier": false,
        "isSummary": false
      },
      {
        "id": "shr-core-Observation-model.code",
        "path": "shr-core-Observation-model.code",
        "short": "The main type identifier for a lab, procedure, condition, etc., usually drawn from a controlled vocabulary.",
        "definition": "The main type identifier for a lab, procedure, condition, etc., usually drawn from a controlled vocabulary.",
        "min": 1,
        "max": "1",
        "base": {
          "path": "shr-core-Observation-model.code",
          "min": 1,
          "max": "1"
        },
        "type": [
          {
            "code": "Coding"
          }
        ],
        "mustSupport": false,
        "isModifier": false,
        "isSummary": false
      },
      {
        "id": "shr-core-Observation-model.dataValue[x]",
        "path": "shr-core-Observation-model.dataValue[x]",
        "short": "The value or result of a test, evaluation, or judgment, for example, a systolic blood pressure, or if a condition or body structure is present or absent.",
        "definition": "The value or result of a test, evaluation, or judgment, for example, a systolic blood pressure, or if a condition or body structure is present or absent.",
        "min": 0,
        "max": "1",
        "base": {
          "path": "shr-core-Observation-model.dataValue[x]",
          "min": 0,
          "max": "1"
        },
        "type": [
          {
            "code": "Coding"
          },
          {
            "code": "http://hl7.org/fhir/us/shr/StructureDefinition/shr-core-Quantity-model"
          },
          {
            "code": "string"
          },
          {
            "code": "http://hl7.org/fhir/us/shr/StructureDefinition/shr-core-Range-model"
          },
          {
            "code": "http://hl7.org/fhir/us/shr/StructureDefinition/shr-core-Ratio-model"
          },
          {
            "code": "time"
          },
          {
            "code": "dateTime"
          },
          {
            "code": "http://hl7.org/fhir/us/shr/StructureDefinition/shr-core-TimePeriod-model"
          }
        ],
        "mustSupport": false,
        "isModifier": false,
        "isSummary": false
      },
      {
        "id": "shr-core-Observation-model.dataAbsentReason",
        "path": "shr-core-Observation-model.dataAbsentReason",
        "short": "Reason that a value associated with a test or other finding is missing.",
        "definition": "Reason that a value associated with a test or other finding is missing.",
        "min": 0,
        "max": "1",
        "base": {
          "path": "shr-core-Observation-model.dataAbsentReason",
          "min": 0,
          "max": "1"
        },
        "type": [
          {
            "code": "Coding"
          }
        ],
        "mustSupport": false,
        "isModifier": false,
        "isSummary": false,
        "binding": {
          "strength": "extensible",
          "valueSetReference": {
            "reference": "http://hl7.org/fhir/ValueSet/data-absent-reason"
          }
        }
      },
      {
        "id": "shr-core-Observation-model.method",
        "path": "shr-core-Observation-model.method",
        "short": "The technique used to carry out an action, for example, the specific imaging technical or assessment vehicle.",
        "definition": "The technique used to carry out an action, for example, the specific imaging technical or assessment vehicle.",
        "min": 0,
        "max": "1",
        "base": {
          "path": "shr-core-Observation-model.method",
          "min": 0,
          "max": "1"
        },
        "type": [
          {
            "code": "Coding"
          }
        ],
        "mustSupport": false,
        "isModifier": false,
        "isSummary": false
      },
      {
        "id": "shr-core-Observation-model.relevantTime[x]",
        "path": "shr-core-Observation-model.relevantTime[x]",
        "short": "The time or time period that the statement addresses.",
        "definition": "The time or time period that the statement addresses.\nThe clinically relevant time is not necessarily when the information is gathered or when a test is carried out, but for example, when a specimen was collected, or the time period referred to by the question. Use a TimePeriod for a measurement or specimen collection continued over a significant period of time (e.g. 24 hour Urine Sodium).",
        "min": 0,
        "max": "1",
        "base": {
          "path": "shr-core-Observation-model.relevantTime[x]",
          "min": 0,
          "max": "1"
        },
        "type": [
          {
            "code": "dateTime"
          },
          {
            "code": "http://hl7.org/fhir/us/shr/StructureDefinition/shr-core-TimePeriod-model"
          }
        ],
        "mustSupport": false,
        "isModifier": false,
        "isSummary": false
      },
      {
        "id": "shr-core-Observation-model.category",
        "path": "shr-core-Observation-model.category",
        "short": "The type, kind, or class of this item.",
        "definition": "The type, kind, or class of this item.",
        "min": 0,
        "max": "1",
        "base": {
          "path": "shr-core-Observation-model.category",
          "min": 0,
          "max": "1"
        },
        "type": [
          {
            "code": "Coding"
          }
        ],
        "mustSupport": false,
        "isModifier": false,
        "isSummary": false,
        "binding": {
          "strength": "extensible",
          "valueSetReference": {
            "reference": "http://hl7.org/fhir/ValueSet/observation-category"
          }
        }
      },
      {
        "id": "shr-core-Observation-model.performer[x]",
        "path": "shr-core-Observation-model.performer[x]",
        "short": "The actor that carried out the observation or action.",
        "definition": "The actor that carried out the observation or action.",
        "min": 0,
        "max": "*",
        "base": {
          "path": "shr-core-Observation-model.performer[x]",
          "min": 0,
          "max": "*"
        },
        "type": [
          {
            "code": "Reference",
            "targetProfile": "http://hl7.org/fhir/us/shr/StructureDefinition/shr-core-Practitioner-model"
          },
          {
            "code": "Reference",
            "targetProfile": "http://hl7.org/fhir/us/shr/StructureDefinition/shr-core-Organization-model"
          },
          {
            "code": "Reference",
            "targetProfile": "http://hl7.org/fhir/us/shr/StructureDefinition/shr-core-Patient-model"
          },
          {
            "code": "Reference",
            "targetProfile": "http://hl7.org/fhir/us/shr/StructureDefinition/shr-core-RelatedPerson-model"
          }
        ],
        "mustSupport": false,
        "isModifier": false,
        "isSummary": false
      },
      {
        "id": "shr-core-Observation-model.bodyLocation",
        "path": "shr-core-Observation-model.bodyLocation",
        "short": "A location or structure in the body, including tissues, regions, cavities, and spaces; for example, right elbow, or left ventricle of the heart.",
        "definition": "A location or structure in the body, including tissues, regions, cavities, and spaces; for example, right elbow, or left ventricle of the heart.\nThe BodyLocation includes code and optional qualifiers of anatomical side or direction. The body location can also be determined from one or more body landmarks.\nIf the code for the body location includes laterality and/or anatomical direction, the corresponding attributes might be unnecessary.\nNote that BodyLocation is a data type, a reusable structure, not a stand-alone entity. The concept is similar to how an address structure can apply to a person, location, or organization. This contrasts with FHIR's stand-alone BodySite (aka BodyStructure in r4) which 'is not ... intended for describing the type of anatomical location but rather a specific body site on a specific patient' (FHIR 3.5).",
        "min": 0,
        "max": "1",
        "base": {
          "path": "shr-core-Observation-model.bodyLocation",
          "min": 0,
          "max": "1"
        },
        "type": [
          {
            "code": "http://hl7.org/fhir/us/shr/StructureDefinition/shr-core-BodyLocation-model"
          }
        ],
        "mustSupport": false,
        "isModifier": false,
        "isSummary": false
      },
      {
        "id": "shr-core-Observation-model.commentOrDescription",
        "path": "shr-core-Observation-model.commentOrDescription",
        "code": [
          {
            "system": "http://ncimeta.nci.nih.gov",
            "code": "C0947611"
          }
        ],
        "short": "A text note containing additional details, explanation, description, comment, or summarization.",
        "definition": "A text note containing additional details, explanation, description, comment, or summarization.",
        "min": 0,
        "max": "1",
        "base": {
          "path": "shr-core-Observation-model.commentOrDescription",
          "min": 0,
          "max": "1"
        },
        "type": [
          {
            "code": "string"
          }
        ],
        "mustSupport": false,
        "isModifier": false,
        "isSummary": false
      },
      {
        "id": "shr-core-Observation-model.interpretation",
        "path": "shr-core-Observation-model.interpretation",
        "code": [
          {
            "system": "http://ncimeta.nci.nih.gov",
            "code": "C0420833"
          }
        ],
        "short": "A clinical interpretation of a finding (applies to both assertions and observation).",
        "definition": "A clinical interpretation of a finding (applies to both assertions and observation).",
        "min": 0,
        "max": "1",
        "base": {
          "path": "shr-core-Observation-model.interpretation",
          "min": 0,
          "max": "1"
        },
        "type": [
          {
            "code": "Coding"
          }
        ],
        "mustSupport": false,
        "isModifier": false,
        "isSummary": false,
        "binding": {
          "strength": "extensible",
          "valueSetReference": {
            "reference": "http://hl7.org/fhir/ValueSet/observation-interpretation"
          }
        }
      },
      {
        "id": "shr-core-Observation-model.device",
        "path": "shr-core-Observation-model.device",
        "short": "A specific durable physical device used in diagnosis or treatment. The value is the coding for a type of device, for example, a CPAP machine. The same device might be used on multiple patients.",
        "definition": "A specific durable physical device used in diagnosis or treatment. The value is the coding for a type of device, for example, a CPAP machine. The same device might be used on multiple patients.\nDevice status cannot be reconciled between Argonaut and US-Core, each having different required value sets.\nDevice type has extensible mappings to different value sets in Argonaut and US-Core, however both value sets have identical SNOMED content (descendants of 49062001 (Device). We adopt the US-Core value set, which is allowable because the binding is extensible.",
        "min": 0,
        "max": "1",
        "base": {
          "path": "shr-core-Observation-model.device",
          "min": 0,
          "max": "1"
        },
        "type": [
          {
            "code": "http://hl7.org/fhir/us/shr/StructureDefinition/shr-core-Device-model"
          }
        ],
        "mustSupport": false,
        "isModifier": false,
        "isSummary": false
      },
      {
        "id": "shr-core-Observation-model.referenceRange",
        "path": "shr-core-Observation-model.referenceRange",
        "code": [
          {
            "system": "http://ncimeta.nci.nih.gov",
            "code": "C0883335"
          }
        ],
        "short": "The usual or acceptable range for a test result.",
        "definition": "The usual or acceptable range for a test result.",
        "min": 0,
        "max": "1",
        "base": {
          "path": "shr-core-Observation-model.referenceRange",
          "min": 0,
          "max": "1"
        },
        "type": [
          {
            "code": "http://hl7.org/fhir/us/shr/StructureDefinition/shr-core-ReferenceRange-model"
          }
        ],
        "mustSupport": false,
        "isModifier": false,
        "isSummary": false
      },
      {
        "id": "shr-core-Observation-model.components",
        "path": "shr-core-Observation-model.components",
        "short": "Sub-observations that are part of this observation. A sub-observation contributs to the parent observation and are always treated a part of a single observation (they are not separable). However, the reference range for the primary observation value is not inherited by the component values and is required when appropriate for each component observation.",
        "definition": "Sub-observations that are part of this observation. A sub-observation contributs to the parent observation and are always treated a part of a single observation (they are not separable). However, the reference range for the primary observation value is not inherited by the component values and is required when appropriate for each component observation.",
        "min": 0,
        "max": "1",
        "base": {
          "path": "shr-core-Observation-model.components",
          "min": 0,
          "max": "1"
        },
        "type": [
          {
            "code": "http://hl7.org/fhir/us/shr/StructureDefinition/shr-core-Components-model"
          }
        ],
        "mustSupport": false,
        "isModifier": false,
        "isSummary": false
      },
      {
        "id": "shr-core-Observation-model.panelMembers",
        "path": "shr-core-Observation-model.panelMembers",
        "short": "PanelMembers represent the elements of a group of a related but independent evaluations.",
        "definition": "PanelMembers represent the elements of a group of a related but independent evaluations.\n\nExamples are the measurements that compose a complete blood count (CBC), or the elements of a pathology report. Each member is an independent evaluation, but the grouping reflects a composite lab order, shared specimen, or a single report author. Typically the Category and ReasonCode are not given for individual findings that are part of the panel, but rather given at the level of the panel itself.",
        "min": 0,
        "max": "1",
        "base": {
          "path": "shr-core-Observation-model.panelMembers",
          "min": 0,
          "max": "1"
        },
        "type": [
          {
            "code": "http://hl7.org/fhir/us/shr/StructureDefinition/shr-core-PanelMembers-model"
          }
        ],
        "mustSupport": false,
        "isModifier": false,
        "isSummary": false
      }
    ]
  },
  "differential": {
    "element": [
      {
        "id": "shr-core-Observation-model",
        "path": "shr-core-Observation-model",
        "definition": "Represents the result of evaluations (measurements, tests, or questions) that have been performed.\nObservation has a value representing the result (answer), or an DataAbsentReason indicating why the value is not present. Things observed about the subject can include social and behavioral factors, subjective and objective observations, and assessments.\nFor an Observation, the Code describes the aspect or property of the subject being observed or measured. The Code is the 'question code' that pairs to the 'answer' contained in the Value.",
        "min": 0,
        "max": "*",
        "base": {
          "path": "shr-core-Observation-model",
          "min": 0,
          "max": "*"
        },
        "mustSupport": false,
        "isModifier": false,
        "isSummary": false
      },
      {
        "id": "shr-core-Observation-model.metadata",
        "path": "shr-core-Observation-model.metadata",
        "short": "Elements that belong to all information items.",
        "definition": "Elements that belong to all information items.",
        "min": 0,
        "max": "1",
        "base": {
          "path": "shr-core-Observation-model.metadata",
          "min": 0,
          "max": "1"
        },
        "type": [
          {
            "code": "http://hl7.org/fhir/us/shr/StructureDefinition/shr-core-Metadata-model"
          }
        ],
        "mustSupport": false,
        "isModifier": false,
        "isSummary": false
      },
      {
        "id": "shr-core-Observation-model.language",
        "path": "shr-core-Observation-model.language",
        "code": [
          {
            "system": "http://ncimeta.nci.nih.gov",
            "code": "C0023008"
          }
        ],
        "short": "A human language, spoken or written.",
        "definition": "A human language, spoken or written.",
        "min": 0,
        "max": "1",
        "base": {
          "path": "shr-core-Observation-model.language",
          "min": 0,
          "max": "1"
        },
        "type": [
          {
            "code": "Coding"
          }
        ],
        "mustSupport": false,
        "isModifier": false,
        "isSummary": false
      },
      {
        "id": "shr-core-Observation-model.implicitRules",
        "path": "shr-core-Observation-model.implicitRules",
        "short": "A set of rules under which this content was created",
        "definition": "A set of rules under which this content was created",
        "min": 0,
        "max": "1",
        "base": {
          "path": "shr-core-Observation-model.implicitRules",
          "min": 0,
          "max": "1"
        },
        "type": [
          {
            "code": "uri"
          }
        ],
        "mustSupport": false,
        "isModifier": false,
        "isSummary": false
      },
      {
        "id": "shr-core-Observation-model.narrative",
        "path": "shr-core-Observation-model.narrative",
        "short": "A human-readable narrative, potentially including images, that contains a summary of the resource, and may be used to represent the content of the resource to a human.",
        "definition": "A human-readable narrative, potentially including images, that contains a summary of the resource, and may be used to represent the content of the resource to a human.",
        "min": 0,
        "max": "1",
        "base": {
          "path": "shr-core-Observation-model.narrative",
          "min": 0,
          "max": "1"
        },
        "type": [
          {
            "code": "http://hl7.org/fhir/us/shr/StructureDefinition/shr-core-Narrative-model"
          }
        ],
        "mustSupport": false,
        "isModifier": false,
        "isSummary": false
      },
      {
        "id": "shr-core-Observation-model.status",
        "path": "shr-core-Observation-model.status",
        "short": "A state that relates to the workflow or interpretation of this resource. Certain status values can modify the meaning of the resource, for example, entered-in-error. When a boolean value is used, Status of true indicates the record is active, false means inactive.",
        "definition": "A state that relates to the workflow or interpretation of this resource. Certain status values can modify the meaning of the resource, for example, entered-in-error. When a boolean value is used, Status of true indicates the record is active, false means inactive.",
        "min": 1,
        "max": "1",
        "base": {
          "path": "shr-core-Observation-model.status",
          "min": 1,
          "max": "1"
        },
        "type": [
          {
            "code": "Coding"
          }
        ],
        "mustSupport": false,
        "isModifier": false,
        "isSummary": false,
        "binding": {
          "strength": "required",
          "valueSetReference": {
            "reference": "http://hl7.org/fhir/ValueSet/observation-status"
          }
        }
      },
      {
        "id": "shr-core-Observation-model.identifier",
        "path": "shr-core-Observation-model.identifier",
        "short": "Business identifier or external id for this resource.",
        "definition": "Business identifier or external id for this resource.",
        "min": 0,
        "max": "*",
        "base": {
          "path": "shr-core-Observation-model.identifier",
          "min": 0,
          "max": "*"
        },
        "type": [
          {
            "code": "http://hl7.org/fhir/us/shr/StructureDefinition/shr-core-Identifier-model"
          }
        ],
        "mustSupport": false,
        "isModifier": false,
        "isSummary": false
      },
      {
        "id": "shr-core-Observation-model.observationSubjectOfRecord[x]",
        "path": "shr-core-Observation-model.observationSubjectOfRecord[x]",
        "short": "A choice of Patient, Group, Device, or Location. These are the potential subjects for an Observation.",
        "definition": "A choice of Patient, Group, Device, or Location. These are the potential subjects for an Observation.",
        "min": 1,
        "max": "1",
        "base": {
          "path": "shr-core-Observation-model.observationSubjectOfRecord[x]",
          "min": 1,
          "max": "1"
        },
        "type": [
          {
            "code": "Reference",
            "targetProfile": "http://hl7.org/fhir/us/shr/StructureDefinition/shr-core-Patient-model"
          },
          {
            "code": "Reference",
            "targetProfile": "http://hl7.org/fhir/us/shr/StructureDefinition/shr-core-Group-model"
          },
          {
            "code": "Reference",
            "targetProfile": "http://hl7.org/fhir/us/shr/StructureDefinition/shr-core-Device-model"
          },
          {
            "code": "Reference",
            "targetProfile": "http://hl7.org/fhir/us/shr/StructureDefinition/shr-core-Location-model"
          }
        ],
        "mustSupport": false,
        "isModifier": false,
        "isSummary": false
      },
      {
        "id": "shr-core-Observation-model.careContext",
        "path": "shr-core-Observation-model.careContext",
        "short": "The encounter or episode of care",
        "definition": "The encounter or episode of care",
        "min": 0,
        "max": "1",
        "base": {
          "path": "shr-core-Observation-model.careContext",
          "min": 0,
          "max": "1"
        },
        "type": [
          {
            "code": "Reference",
            "targetProfile": "http://hl7.org/fhir/us/shr/StructureDefinition/shr-core-Encounter-model"
          }
        ],
        "mustSupport": false,
        "isModifier": false,
        "isSummary": false
      },
      {
        "id": "shr-core-Observation-model.statementDateTime",
        "path": "shr-core-Observation-model.statementDateTime",
        "code": [
          {
            "system": "http://ncimeta.nci.nih.gov",
            "code": "C3669169"
          }
        ],
        "short": "The point in time when the statement was created.",
        "definition": "The point in time when the statement was created.",
        "min": 0,
        "max": "1",
        "base": {
          "path": "shr-core-Observation-model.statementDateTime",
          "min": 0,
          "max": "1"
        },
        "type": [
          {
            "code": "dateTime"
          }
        ],
        "mustSupport": false,
        "isModifier": false,
        "isSummary": false
      },
      {
        "id": "shr-core-Observation-model.code",
        "path": "shr-core-Observation-model.code",
        "short": "The main type identifier for a lab, procedure, condition, etc., usually drawn from a controlled vocabulary.",
        "definition": "The main type identifier for a lab, procedure, condition, etc., usually drawn from a controlled vocabulary.",
        "min": 1,
        "max": "1",
        "base": {
          "path": "shr-core-Observation-model.code",
          "min": 1,
          "max": "1"
        },
        "type": [
          {
            "code": "Coding"
          }
        ],
        "mustSupport": false,
        "isModifier": false,
        "isSummary": false
      },
      {
        "id": "shr-core-Observation-model.dataValue[x]",
        "path": "shr-core-Observation-model.dataValue[x]",
        "short": "The value or result of a test, evaluation, or judgment, for example, a systolic blood pressure, or if a condition or body structure is present or absent.",
        "definition": "The value or result of a test, evaluation, or judgment, for example, a systolic blood pressure, or if a condition or body structure is present or absent.",
        "min": 0,
        "max": "1",
        "base": {
          "path": "shr-core-Observation-model.dataValue[x]",
          "min": 0,
          "max": "1"
        },
        "type": [
          {
            "code": "Coding"
          },
          {
            "code": "http://hl7.org/fhir/us/shr/StructureDefinition/shr-core-Quantity-model"
          },
          {
            "code": "string"
          },
          {
            "code": "http://hl7.org/fhir/us/shr/StructureDefinition/shr-core-Range-model"
          },
          {
            "code": "http://hl7.org/fhir/us/shr/StructureDefinition/shr-core-Ratio-model"
          },
          {
            "code": "time"
          },
          {
            "code": "dateTime"
          },
          {
            "code": "http://hl7.org/fhir/us/shr/StructureDefinition/shr-core-TimePeriod-model"
          }
        ],
        "mustSupport": false,
        "isModifier": false,
        "isSummary": false
      },
      {
        "id": "shr-core-Observation-model.dataAbsentReason",
        "path": "shr-core-Observation-model.dataAbsentReason",
        "short": "Reason that a value associated with a test or other finding is missing.",
        "definition": "Reason that a value associated with a test or other finding is missing.",
        "min": 0,
        "max": "1",
        "base": {
          "path": "shr-core-Observation-model.dataAbsentReason",
          "min": 0,
          "max": "1"
        },
        "type": [
          {
            "code": "Coding"
          }
        ],
        "mustSupport": false,
        "isModifier": false,
        "isSummary": false,
        "binding": {
          "strength": "extensible",
          "valueSetReference": {
            "reference": "http://hl7.org/fhir/ValueSet/data-absent-reason"
          }
        }
      },
      {
        "id": "shr-core-Observation-model.method",
        "path": "shr-core-Observation-model.method",
        "short": "The technique used to carry out an action, for example, the specific imaging technical or assessment vehicle.",
        "definition": "The technique used to carry out an action, for example, the specific imaging technical or assessment vehicle.",
        "min": 0,
        "max": "1",
        "base": {
          "path": "shr-core-Observation-model.method",
          "min": 0,
          "max": "1"
        },
        "type": [
          {
            "code": "Coding"
          }
        ],
        "mustSupport": false,
        "isModifier": false,
        "isSummary": false
      },
      {
        "id": "shr-core-Observation-model.relevantTime[x]",
        "path": "shr-core-Observation-model.relevantTime[x]",
        "short": "The time or time period that the statement addresses.",
        "definition": "The time or time period that the statement addresses.\nThe clinically relevant time is not necessarily when the information is gathered or when a test is carried out, but for example, when a specimen was collected, or the time period referred to by the question. Use a TimePeriod for a measurement or specimen collection continued over a significant period of time (e.g. 24 hour Urine Sodium).",
        "min": 0,
        "max": "1",
        "base": {
          "path": "shr-core-Observation-model.relevantTime[x]",
          "min": 0,
          "max": "1"
        },
        "type": [
          {
            "code": "dateTime"
          },
          {
            "code": "http://hl7.org/fhir/us/shr/StructureDefinition/shr-core-TimePeriod-model"
          }
        ],
        "mustSupport": false,
        "isModifier": false,
        "isSummary": false
      },
      {
        "id": "shr-core-Observation-model.category",
        "path": "shr-core-Observation-model.category",
        "short": "The type, kind, or class of this item.",
        "definition": "The type, kind, or class of this item.",
        "min": 0,
        "max": "1",
        "base": {
          "path": "shr-core-Observation-model.category",
          "min": 0,
          "max": "1"
        },
        "type": [
          {
            "code": "Coding"
          }
        ],
        "mustSupport": false,
        "isModifier": false,
        "isSummary": false,
        "binding": {
          "strength": "extensible",
          "valueSetReference": {
            "reference": "http://hl7.org/fhir/ValueSet/observation-category"
          }
        }
      },
      {
        "id": "shr-core-Observation-model.performer[x]",
        "path": "shr-core-Observation-model.performer[x]",
        "short": "The actor that carried out the observation or action.",
        "definition": "The actor that carried out the observation or action.",
        "min": 0,
        "max": "*",
        "base": {
          "path": "shr-core-Observation-model.performer[x]",
          "min": 0,
          "max": "*"
        },
        "type": [
          {
            "code": "Reference",
            "targetProfile": "http://hl7.org/fhir/us/shr/StructureDefinition/shr-core-Practitioner-model"
          },
          {
            "code": "Reference",
            "targetProfile": "http://hl7.org/fhir/us/shr/StructureDefinition/shr-core-Organization-model"
          },
          {
            "code": "Reference",
            "targetProfile": "http://hl7.org/fhir/us/shr/StructureDefinition/shr-core-Patient-model"
          },
          {
            "code": "Reference",
            "targetProfile": "http://hl7.org/fhir/us/shr/StructureDefinition/shr-core-RelatedPerson-model"
          }
        ],
        "mustSupport": false,
        "isModifier": false,
        "isSummary": false
      },
      {
        "id": "shr-core-Observation-model.bodyLocation",
        "path": "shr-core-Observation-model.bodyLocation",
        "short": "A location or structure in the body, including tissues, regions, cavities, and spaces; for example, right elbow, or left ventricle of the heart.",
        "definition": "A location or structure in the body, including tissues, regions, cavities, and spaces; for example, right elbow, or left ventricle of the heart.\nThe BodyLocation includes code and optional qualifiers of anatomical side or direction. The body location can also be determined from one or more body landmarks.\nIf the code for the body location includes laterality and/or anatomical direction, the corresponding attributes might be unnecessary.\nNote that BodyLocation is a data type, a reusable structure, not a stand-alone entity. The concept is similar to how an address structure can apply to a person, location, or organization. This contrasts with FHIR's stand-alone BodySite (aka BodyStructure in r4) which 'is not ... intended for describing the type of anatomical location but rather a specific body site on a specific patient' (FHIR 3.5).",
        "min": 0,
        "max": "1",
        "base": {
          "path": "shr-core-Observation-model.bodyLocation",
          "min": 0,
          "max": "1"
        },
        "type": [
          {
            "code": "http://hl7.org/fhir/us/shr/StructureDefinition/shr-core-BodyLocation-model"
          }
        ],
        "mustSupport": false,
        "isModifier": false,
        "isSummary": false
      },
      {
        "id": "shr-core-Observation-model.commentOrDescription",
        "path": "shr-core-Observation-model.commentOrDescription",
        "code": [
          {
            "system": "http://ncimeta.nci.nih.gov",
            "code": "C0947611"
          }
        ],
        "short": "A text note containing additional details, explanation, description, comment, or summarization.",
        "definition": "A text note containing additional details, explanation, description, comment, or summarization.",
        "min": 0,
        "max": "1",
        "base": {
          "path": "shr-core-Observation-model.commentOrDescription",
          "min": 0,
          "max": "1"
        },
        "type": [
          {
            "code": "string"
          }
        ],
        "mustSupport": false,
        "isModifier": false,
        "isSummary": false
      },
      {
        "id": "shr-core-Observation-model.interpretation",
        "path": "shr-core-Observation-model.interpretation",
        "code": [
          {
            "system": "http://ncimeta.nci.nih.gov",
            "code": "C0420833"
          }
        ],
        "short": "A clinical interpretation of a finding (applies to both assertions and observation).",
        "definition": "A clinical interpretation of a finding (applies to both assertions and observation).",
        "min": 0,
        "max": "1",
        "base": {
          "path": "shr-core-Observation-model.interpretation",
          "min": 0,
          "max": "1"
        },
        "type": [
          {
            "code": "Coding"
          }
        ],
        "mustSupport": false,
        "isModifier": false,
        "isSummary": false,
        "binding": {
          "strength": "extensible",
          "valueSetReference": {
            "reference": "http://hl7.org/fhir/ValueSet/observation-interpretation"
          }
        }
      },
      {
        "id": "shr-core-Observation-model.device",
        "path": "shr-core-Observation-model.device",
        "short": "A specific durable physical device used in diagnosis or treatment. The value is the coding for a type of device, for example, a CPAP machine. The same device might be used on multiple patients.",
        "definition": "A specific durable physical device used in diagnosis or treatment. The value is the coding for a type of device, for example, a CPAP machine. The same device might be used on multiple patients.\nDevice status cannot be reconciled between Argonaut and US-Core, each having different required value sets.\nDevice type has extensible mappings to different value sets in Argonaut and US-Core, however both value sets have identical SNOMED content (descendants of 49062001 (Device). We adopt the US-Core value set, which is allowable because the binding is extensible.",
        "min": 0,
        "max": "1",
        "base": {
          "path": "shr-core-Observation-model.device",
          "min": 0,
          "max": "1"
        },
        "type": [
          {
            "code": "http://hl7.org/fhir/us/shr/StructureDefinition/shr-core-Device-model"
          }
        ],
        "mustSupport": false,
        "isModifier": false,
        "isSummary": false
      },
      {
        "id": "shr-core-Observation-model.referenceRange",
        "path": "shr-core-Observation-model.referenceRange",
        "code": [
          {
            "system": "http://ncimeta.nci.nih.gov",
            "code": "C0883335"
          }
        ],
        "short": "The usual or acceptable range for a test result.",
        "definition": "The usual or acceptable range for a test result.",
        "min": 0,
        "max": "1",
        "base": {
          "path": "shr-core-Observation-model.referenceRange",
          "min": 0,
          "max": "1"
        },
        "type": [
          {
            "code": "http://hl7.org/fhir/us/shr/StructureDefinition/shr-core-ReferenceRange-model"
          }
        ],
        "mustSupport": false,
        "isModifier": false,
        "isSummary": false
      },
      {
        "id": "shr-core-Observation-model.components",
        "path": "shr-core-Observation-model.components",
        "short": "Sub-observations that are part of this observation. A sub-observation contributs to the parent observation and are always treated a part of a single observation (they are not separable). However, the reference range for the primary observation value is not inherited by the component values and is required when appropriate for each component observation.",
        "definition": "Sub-observations that are part of this observation. A sub-observation contributs to the parent observation and are always treated a part of a single observation (they are not separable). However, the reference range for the primary observation value is not inherited by the component values and is required when appropriate for each component observation.",
        "min": 0,
        "max": "1",
        "base": {
          "path": "shr-core-Observation-model.components",
          "min": 0,
          "max": "1"
        },
        "type": [
          {
            "code": "http://hl7.org/fhir/us/shr/StructureDefinition/shr-core-Components-model"
          }
        ],
        "mustSupport": false,
        "isModifier": false,
        "isSummary": false
      },
      {
        "id": "shr-core-Observation-model.panelMembers",
        "path": "shr-core-Observation-model.panelMembers",
        "short": "PanelMembers represent the elements of a group of a related but independent evaluations.",
        "definition": "PanelMembers represent the elements of a group of a related but independent evaluations.\n\nExamples are the measurements that compose a complete blood count (CBC), or the elements of a pathology report. Each member is an independent evaluation, but the grouping reflects a composite lab order, shared specimen, or a single report author. Typically the Category and ReasonCode are not given for individual findings that are part of the panel, but rather given at the level of the panel itself.",
        "min": 0,
        "max": "1",
        "base": {
          "path": "shr-core-Observation-model.panelMembers",
          "min": 0,
          "max": "1"
        },
        "type": [
          {
            "code": "http://hl7.org/fhir/us/shr/StructureDefinition/shr-core-PanelMembers-model"
          }
        ],
        "mustSupport": false,
        "isModifier": false,
        "isSummary": false
      }
    ]
  }
}