{
  "resourceType": "StructureDefinition",
  "id": "shr-core-SubjectOfRecord-model",
  "text": {
    "status": "generated",
    "div": "<div xmlns=\"http://www.w3.org/1999/xhtml\">\n  <p><b>SubjectOfRecord Logical Model</b></p>\n  <p>The subject of a clinical statement, often called the Patient or the Subject. The SubjectOfRecord typically identifies the clinical record in which this statement is contained. If the statement should be in John Doe's patient record, then John Doe is the subject of record. When there is no patient, the SubjectOfRecord can also be a location, group, or other entity that statement pertains to. For example, observations concerning a hospital ward would have a Location as the SubjectOfRecord.\n\nNote that the word 'Subject' is used here in the sense of a person or entity subjected to observations or actions, not subject as in a conceptual topic, like heart disease.</p>\n</div>"
  },
  "url": "http://hl7.org/fhir/us/shr/StructureDefinition/shr-core-SubjectOfRecord-model",
  "identifier": [
    {
      "system": "http://hl7.org/fhir/us/odh",
      "value": "shr.core.SubjectOfRecord"
    }
  ],
  "version": "1.0.0",
  "name": "SubjectOfRecord",
  "title": "shr-core-SubjectOfRecord",
  "status": "draft",
  "date": "2019-03-30T00:00:00-04:00",
  "publisher": "HL7",
  "contact": [
    {
      "telecom": [
        {
          "system": "url",
          "value": "http://standardhealthrecord.org"
        }
      ]
    }
  ],
  "description": "The subject of a clinical statement, often called the Patient or the Subject. The SubjectOfRecord typically identifies the clinical record in which this statement is contained. If the statement should be in John Doe's patient record, then John Doe is the subject of record. When there is no patient, the SubjectOfRecord can also be a location, group, or other entity that statement pertains to. For example, observations concerning a hospital ward would have a Location as the SubjectOfRecord.\n\nNote that the word 'Subject' is used here in the sense of a person or entity subjected to observations or actions, not subject as in a conceptual topic, like heart disease.",
  "kind": "logical",
  "abstract": false,
  "type": "shr-core-SubjectOfRecord-model",
  "baseDefinition": "http://hl7.org/fhir/StructureDefinition/Element",
  "derivation": "specialization",
  "snapshot": {
    "element": [
      {
        "id": "shr-core-SubjectOfRecord-model",
        "path": "shr-core-SubjectOfRecord-model",
        "definition": "The subject of a clinical statement, often called the Patient or the Subject. The SubjectOfRecord typically identifies the clinical record in which this statement is contained. If the statement should be in John Doe's patient record, then John Doe is the subject of record. When there is no patient, the SubjectOfRecord can also be a location, group, or other entity that statement pertains to. For example, observations concerning a hospital ward would have a Location as the SubjectOfRecord.\n\nNote that the word 'Subject' is used here in the sense of a person or entity subjected to observations or actions, not subject as in a conceptual topic, like heart disease.",
        "min": 0,
        "max": "*",
        "base": {
          "path": "shr-core-SubjectOfRecord-model",
          "min": 0,
          "max": "*"
        },
        "mustSupport": false,
        "isModifier": false,
        "isSummary": false
      },
      {
        "id": "shr-core-SubjectOfRecord-model.value[x]",
        "path": "shr-core-SubjectOfRecord-model.value[x]",
        "short": "Choice of types representing the subject of a clinical statement, often called the Patient or the Subject. The SubjectOfRecord typically identifies the clinical record in which this statement is contained. If the statement should be in John Doe's patient record, then John Doe is the subject of record. When there is no patient, the SubjectOfRecord can also be a location, group, or other entity that statement pertains to. For example, observations concerning a hospital ward would have a Location as the SubjectOfRecord.",
        "definition": "Choice of types representing the subject of a clinical statement, often called the Patient or the Subject. The SubjectOfRecord typically identifies the clinical record in which this statement is contained. If the statement should be in John Doe's patient record, then John Doe is the subject of record. When there is no patient, the SubjectOfRecord can also be a location, group, or other entity that statement pertains to. For example, observations concerning a hospital ward would have a Location as the SubjectOfRecord.\n\nNote that the word 'Subject' is used here in the sense of a person or entity subjected to observations or actions, not subject as in a conceptual topic, like heart disease.",
        "min": 1,
        "max": "1",
        "base": {
          "path": "shr-core-SubjectOfRecord-model.value[x]",
          "min": 1,
          "max": "1"
        },
        "type": [
          {
            "code": "Reference",
            "targetProfile": "http://hl7.org/fhir/us/shr/StructureDefinition/shr-core-Patient-model"
          },
          {
            "code": "Reference",
            "targetProfile": "http://hl7.org/fhir/us/shr/StructureDefinition/shr-core-Practitioner-model"
          },
          {
            "code": "Reference",
            "targetProfile": "http://hl7.org/fhir/us/shr/StructureDefinition/shr-core-Group-model"
          },
          {
            "code": "Reference",
            "targetProfile": "http://hl7.org/fhir/us/shr/StructureDefinition/shr-core-Device-model"
          },
          {
            "code": "Reference",
            "targetProfile": "http://hl7.org/fhir/us/shr/StructureDefinition/shr-core-Specimen-model"
          },
          {
            "code": "Reference",
            "targetProfile": "http://hl7.org/fhir/us/shr/StructureDefinition/shr-core-Location-model"
          },
          {
            "code": "Reference",
            "targetProfile": "http://hl7.org/fhir/us/shr/StructureDefinition/shr-core-Medication-model"
          },
          {
            "code": "Reference",
            "targetProfile": "http://hl7.org/fhir/us/shr/StructureDefinition/shr-core-ResearchSubject-model"
          }
        ],
        "mustSupport": false,
        "isModifier": false,
        "isSummary": false
      }
    ]
  },
  "differential": {
    "element": [
      {
        "id": "shr-core-SubjectOfRecord-model",
        "path": "shr-core-SubjectOfRecord-model",
        "definition": "The subject of a clinical statement, often called the Patient or the Subject. The SubjectOfRecord typically identifies the clinical record in which this statement is contained. If the statement should be in John Doe's patient record, then John Doe is the subject of record. When there is no patient, the SubjectOfRecord can also be a location, group, or other entity that statement pertains to. For example, observations concerning a hospital ward would have a Location as the SubjectOfRecord.\n\nNote that the word 'Subject' is used here in the sense of a person or entity subjected to observations or actions, not subject as in a conceptual topic, like heart disease.",
        "min": 0,
        "max": "*",
        "base": {
          "path": "shr-core-SubjectOfRecord-model",
          "min": 0,
          "max": "*"
        },
        "mustSupport": false,
        "isModifier": false,
        "isSummary": false
      },
      {
        "id": "shr-core-SubjectOfRecord-model.value[x]",
        "path": "shr-core-SubjectOfRecord-model.value[x]",
        "short": "Choice of types representing the subject of a clinical statement, often called the Patient or the Subject. The SubjectOfRecord typically identifies the clinical record in which this statement is contained. If the statement should be in John Doe's patient record, then John Doe is the subject of record. When there is no patient, the SubjectOfRecord can also be a location, group, or other entity that statement pertains to. For example, observations concerning a hospital ward would have a Location as the SubjectOfRecord.",
        "definition": "Choice of types representing the subject of a clinical statement, often called the Patient or the Subject. The SubjectOfRecord typically identifies the clinical record in which this statement is contained. If the statement should be in John Doe's patient record, then John Doe is the subject of record. When there is no patient, the SubjectOfRecord can also be a location, group, or other entity that statement pertains to. For example, observations concerning a hospital ward would have a Location as the SubjectOfRecord.\n\nNote that the word 'Subject' is used here in the sense of a person or entity subjected to observations or actions, not subject as in a conceptual topic, like heart disease.",
        "min": 1,
        "max": "1",
        "base": {
          "path": "shr-core-SubjectOfRecord-model.value[x]",
          "min": 1,
          "max": "1"
        },
        "type": [
          {
            "code": "Reference",
            "targetProfile": "http://hl7.org/fhir/us/shr/StructureDefinition/shr-core-Patient-model"
          },
          {
            "code": "Reference",
            "targetProfile": "http://hl7.org/fhir/us/shr/StructureDefinition/shr-core-Practitioner-model"
          },
          {
            "code": "Reference",
            "targetProfile": "http://hl7.org/fhir/us/shr/StructureDefinition/shr-core-Group-model"
          },
          {
            "code": "Reference",
            "targetProfile": "http://hl7.org/fhir/us/shr/StructureDefinition/shr-core-Device-model"
          },
          {
            "code": "Reference",
            "targetProfile": "http://hl7.org/fhir/us/shr/StructureDefinition/shr-core-Specimen-model"
          },
          {
            "code": "Reference",
            "targetProfile": "http://hl7.org/fhir/us/shr/StructureDefinition/shr-core-Location-model"
          },
          {
            "code": "Reference",
            "targetProfile": "http://hl7.org/fhir/us/shr/StructureDefinition/shr-core-Medication-model"
          },
          {
            "code": "Reference",
            "targetProfile": "http://hl7.org/fhir/us/shr/StructureDefinition/shr-core-ResearchSubject-model"
          }
        ],
        "mustSupport": false,
        "isModifier": false,
        "isSummary": false
      }
    ]
  }
}