{
  "resourceType": "StructureDefinition",
  "id": "shr-core-Specialty-model",
  "text": {
    "status": "generated",
    "div": "<div xmlns=\"http://www.w3.org/1999/xhtml\">\n  <p><b>Specialty Logical Model</b></p>\n  <p>The specialty of a practitioner who (should, will, or did) perform a service.</p>\n</div>"
  },
  "url": "http://hl7.org/fhir/us/shr/StructureDefinition/shr-core-Specialty-model",
  "identifier": [
    {
      "system": "http://hl7.org/fhir/us/odh",
      "value": "shr.core.Specialty"
    }
  ],
  "version": "1.0.0",
  "name": "Specialty",
  "title": "shr-core-Specialty",
  "status": "draft",
  "date": "2019-04-08T00:00:00-04:00",
  "publisher": "HL7",
  "contact": [
    {
      "telecom": [
        {
          "system": "url",
          "value": "http://standardhealthrecord.org"
        }
      ]
    }
  ],
  "description": "The specialty of a practitioner who (should, will, or did) perform a service.",
  "kind": "logical",
  "abstract": false,
  "type": "shr-core-Specialty-model",
  "baseDefinition": "http://hl7.org/fhir/StructureDefinition/Element",
  "derivation": "specialization",
  "snapshot": {
    "element": [
      {
        "id": "shr-core-Specialty-model",
        "path": "shr-core-Specialty-model",
        "definition": "The specialty of a practitioner who (should, will, or did) perform a service.",
        "min": 0,
        "max": "*",
        "base": {
          "path": "shr-core-Specialty-model",
          "min": 0,
          "max": "*"
        },
        "mustSupport": false,
        "isModifier": false,
        "isSummary": false
      },
      {
        "id": "shr-core-Specialty-model.value",
        "path": "shr-core-Specialty-model.value",
        "short": "Code representing the specialty of a practitioner who (should, will, or did) perform a service.",
        "definition": "Code representing the specialty of a practitioner who (should, will, or did) perform a service.",
        "min": 1,
        "max": "1",
        "base": {
          "path": "shr-core-Specialty-model.value",
          "min": 1,
          "max": "1"
        },
        "type": [
          {
            "code": "Coding"
          }
        ],
        "mustSupport": false,
        "isModifier": false,
        "isSummary": false,
        "binding": {
          "strength": "preferred",
          "valueSetReference": {
            "reference": "http://hl7.org/fhir/ValueSet/c80-practice-codes"
          }
        }
      }
    ]
  },
  "differential": {
    "element": [
      {
        "id": "shr-core-Specialty-model",
        "path": "shr-core-Specialty-model",
        "definition": "The specialty of a practitioner who (should, will, or did) perform a service.",
        "min": 0,
        "max": "*",
        "base": {
          "path": "shr-core-Specialty-model",
          "min": 0,
          "max": "*"
        },
        "mustSupport": false,
        "isModifier": false,
        "isSummary": false
      },
      {
        "id": "shr-core-Specialty-model.value",
        "path": "shr-core-Specialty-model.value",
        "short": "Code representing the specialty of a practitioner who (should, will, or did) perform a service.",
        "definition": "Code representing the specialty of a practitioner who (should, will, or did) perform a service.",
        "min": 1,
        "max": "1",
        "base": {
          "path": "shr-core-Specialty-model.value",
          "min": 1,
          "max": "1"
        },
        "type": [
          {
            "code": "Coding"
          }
        ],
        "mustSupport": false,
        "isModifier": false,
        "isSummary": false,
        "binding": {
          "strength": "preferred",
          "valueSetReference": {
            "reference": "http://hl7.org/fhir/ValueSet/c80-practice-codes"
          }
        }
      }
    ]
  }
}