{
  "resourceType": "StructureDefinition",
  "id": "shr-core-IsActiveIngredient-model",
  "text": {
    "status": "generated",
    "div": "<div xmlns=\"http://www.w3.org/1999/xhtml\">\n  <p><b>IsActiveIngredient Logical Model</b></p>\n  <p>True if the ingredient is an active ingredient in the medication.</p>\n</div>"
  },
  "url": "http://hl7.org/fhir/us/odh/StructureDefinition/shr-core-IsActiveIngredient-model",
  "identifier": [
    {
      "system": "http://hl7.org/fhir/us/odh",
      "value": "shr.core.IsActiveIngredient"
    }
  ],
  "version": "1.0.0",
  "name": "IsActiveIngredient",
  "title": "shr-core-IsActiveIngredient",
  "status": "draft",
  "date": "2019-05-08T00:00:00-04:00",
  "publisher": "HL7",
  "contact": [
    {
      "telecom": [
        {
          "system": "url",
          "value": "http://standardhealthrecord.org"
        }
      ]
    }
  ],
  "description": "True if the ingredient is an active ingredient in the medication.",
  "kind": "logical",
  "abstract": false,
  "type": "shr-core-IsActiveIngredient-model",
  "baseDefinition": "http://hl7.org/fhir/StructureDefinition/Element",
  "derivation": "specialization",
  "snapshot": {
    "element": [
      {
        "id": "shr-core-IsActiveIngredient-model",
        "path": "shr-core-IsActiveIngredient-model",
        "definition": "True if the ingredient is an active ingredient in the medication.",
        "min": 0,
        "max": "*",
        "base": {
          "path": "shr-core-IsActiveIngredient-model",
          "min": 0,
          "max": "*"
        },
        "mustSupport": false,
        "isModifier": false,
        "isSummary": false
      },
      {
        "id": "shr-core-IsActiveIngredient-model.value",
        "path": "shr-core-IsActiveIngredient-model.value",
        "short": "Boolean representing true if the ingredient is an active ingredient in the medication.",
        "definition": "Boolean representing true if the ingredient is an active ingredient in the medication.",
        "min": 1,
        "max": "1",
        "base": {
          "path": "shr-core-IsActiveIngredient-model.value",
          "min": 1,
          "max": "1"
        },
        "type": [
          {
            "code": "boolean"
          }
        ],
        "mustSupport": false,
        "isModifier": false,
        "isSummary": false
      }
    ]
  },
  "differential": {
    "element": [
      {
        "id": "shr-core-IsActiveIngredient-model",
        "path": "shr-core-IsActiveIngredient-model",
        "definition": "True if the ingredient is an active ingredient in the medication.",
        "min": 0,
        "max": "*",
        "base": {
          "path": "shr-core-IsActiveIngredient-model",
          "min": 0,
          "max": "*"
        },
        "mustSupport": false,
        "isModifier": false,
        "isSummary": false
      },
      {
        "id": "shr-core-IsActiveIngredient-model.value",
        "path": "shr-core-IsActiveIngredient-model.value",
        "short": "Boolean representing true if the ingredient is an active ingredient in the medication.",
        "definition": "Boolean representing true if the ingredient is an active ingredient in the medication.",
        "min": 1,
        "max": "1",
        "base": {
          "path": "shr-core-IsActiveIngredient-model.value",
          "min": 1,
          "max": "1"
        },
        "type": [
          {
            "code": "boolean"
          }
        ],
        "mustSupport": false,
        "isModifier": false,
        "isSummary": false
      }
    ]
  }
}