{
  "resourceType": "StructureDefinition",
  "id": "odh-OccupationalDataForHealth-model",
  "text": {
    "status": "generated",
    "div": "<div xmlns=\"http://www.w3.org/1999/xhtml\">\n  <p><b>OccupationalDataForHealth Logical Model</b></p>\n  <p>Current and past activities for profit, wages, salary, or as a service to others.\nThe profile is based on FHIR Composition that contains a single section, OccupationalDataSection.</p>\n</div>"
  },
  "url": "http://hl7.org/fhir/us/shr/StructureDefinition/odh-OccupationalDataForHealth-model",
  "identifier": [
    {
      "system": "http://hl7.org/fhir/us/odh",
      "value": "odh.OccupationalDataForHealth"
    }
  ],
  "version": "1.0.0",
  "name": "OccupationalDataForHealth",
  "title": "odh-OccupationalDataForHealth",
  "status": "draft",
  "date": "2019-04-08T00:00:00-04:00",
  "publisher": "HL7",
  "contact": [
    {
      "telecom": [
        {
          "system": "url",
          "value": "http://standardhealthrecord.org"
        }
      ]
    }
  ],
  "description": "Current and past activities for profit, wages, salary, or as a service to others.\nThe profile is based on FHIR Composition that contains a single section, OccupationalDataSection.",
  "kind": "logical",
  "abstract": false,
  "type": "odh-OccupationalDataForHealth-model",
  "baseDefinition": "http://hl7.org/fhir/StructureDefinition/Element",
  "derivation": "specialization",
  "snapshot": {
    "element": [
      {
        "id": "odh-OccupationalDataForHealth-model",
        "path": "odh-OccupationalDataForHealth-model",
        "definition": "Current and past activities for profit, wages, salary, or as a service to others.\nThe profile is based on FHIR Composition that contains a single section, OccupationalDataSection.",
        "min": 0,
        "max": "*",
        "base": {
          "path": "odh-OccupationalDataForHealth-model",
          "min": 0,
          "max": "*"
        },
        "mustSupport": false,
        "isModifier": false,
        "isSummary": false
      },
      {
        "id": "odh-OccupationalDataForHealth-model.metadata",
        "path": "odh-OccupationalDataForHealth-model.metadata",
        "short": "Elements that belong to all information items.",
        "definition": "Elements that belong to all information items.",
        "min": 0,
        "max": "1",
        "base": {
          "path": "odh-OccupationalDataForHealth-model.metadata",
          "min": 0,
          "max": "1"
        },
        "type": [
          {
            "code": "http://hl7.org/fhir/us/shr/StructureDefinition/shr-core-Metadata-model"
          }
        ],
        "mustSupport": false,
        "isModifier": false,
        "isSummary": false
      },
      {
        "id": "odh-OccupationalDataForHealth-model.language",
        "path": "odh-OccupationalDataForHealth-model.language",
        "code": [
          {
            "system": "http://ncimeta.nci.nih.gov",
            "code": "C0023008"
          }
        ],
        "short": "A human language, spoken or written.",
        "definition": "A human language, spoken or written.",
        "min": 0,
        "max": "1",
        "base": {
          "path": "odh-OccupationalDataForHealth-model.language",
          "min": 0,
          "max": "1"
        },
        "type": [
          {
            "code": "Coding"
          }
        ],
        "mustSupport": false,
        "isModifier": false,
        "isSummary": false
      },
      {
        "id": "odh-OccupationalDataForHealth-model.implicitRules",
        "path": "odh-OccupationalDataForHealth-model.implicitRules",
        "short": "A set of rules under which this content was created",
        "definition": "A set of rules under which this content was created",
        "min": 0,
        "max": "1",
        "base": {
          "path": "odh-OccupationalDataForHealth-model.implicitRules",
          "min": 0,
          "max": "1"
        },
        "type": [
          {
            "code": "uri"
          }
        ],
        "mustSupport": false,
        "isModifier": false,
        "isSummary": false
      },
      {
        "id": "odh-OccupationalDataForHealth-model.narrative",
        "path": "odh-OccupationalDataForHealth-model.narrative",
        "short": "A human-readable narrative, potentially including images, that contains a summary of the resource, and may be used to represent the content of the resource to a human.",
        "definition": "A human-readable narrative, potentially including images, that contains a summary of the resource, and may be used to represent the content of the resource to a human.",
        "min": 0,
        "max": "1",
        "base": {
          "path": "odh-OccupationalDataForHealth-model.narrative",
          "min": 0,
          "max": "1"
        },
        "type": [
          {
            "code": "http://hl7.org/fhir/us/shr/StructureDefinition/shr-core-Narrative-model"
          }
        ],
        "mustSupport": false,
        "isModifier": false,
        "isSummary": false
      },
      {
        "id": "odh-OccupationalDataForHealth-model.status",
        "path": "odh-OccupationalDataForHealth-model.status",
        "short": "A state that relates to the workflow or interpretation of this resource. Certain status values can modify the meaning of the resource, for example, entered-in-error. When a boolean value is used, Status of true indicates the record is active, false means inactive.",
        "definition": "A state that relates to the workflow or interpretation of this resource. Certain status values can modify the meaning of the resource, for example, entered-in-error. When a boolean value is used, Status of true indicates the record is active, false means inactive.",
        "min": 1,
        "max": "1",
        "base": {
          "path": "odh-OccupationalDataForHealth-model.status",
          "min": 1,
          "max": "1"
        },
        "type": [
          {
            "code": "Coding"
          }
        ],
        "mustSupport": false,
        "isModifier": false,
        "isSummary": false,
        "binding": {
          "strength": "required",
          "valueSetReference": {
            "reference": "http://hl7.org/fhir/ValueSet/composition-status"
          }
        }
      },
      {
        "id": "odh-OccupationalDataForHealth-model.identifier",
        "path": "odh-OccupationalDataForHealth-model.identifier",
        "short": "Business identifier or external id for this resource.",
        "definition": "Business identifier or external id for this resource.",
        "min": 0,
        "max": "1",
        "base": {
          "path": "odh-OccupationalDataForHealth-model.identifier",
          "min": 0,
          "max": "1"
        },
        "type": [
          {
            "code": "http://hl7.org/fhir/us/shr/StructureDefinition/shr-core-Identifier-model"
          }
        ],
        "mustSupport": false,
        "isModifier": false,
        "isSummary": false
      },
      {
        "id": "odh-OccupationalDataForHealth-model.type",
        "path": "odh-OccupationalDataForHealth-model.type",
        "code": [
          {
            "system": "http://ncimeta.nci.nih.gov",
            "code": "C0332307"
          }
        ],
        "short": "A code describing the item at a greater level of detail.",
        "definition": "A code describing the item at a greater level of detail.",
        "min": 1,
        "max": "1",
        "base": {
          "path": "odh-OccupationalDataForHealth-model.type",
          "min": 1,
          "max": "1"
        },
        "type": [
          {
            "code": "Coding"
          }
        ],
        "mustSupport": false,
        "isModifier": false,
        "isSummary": false
      },
      {
        "id": "odh-OccupationalDataForHealth-model.type.id",
        "path": "odh-OccupationalDataForHealth-model.type.id",
        "representation": [
          "xmlAttr"
        ],
        "short": "xml:id (or equivalent in JSON)",
        "definition": "unique id for the element within a resource (for internal references). This may be any string value that does not contain spaces.",
        "min": 0,
        "max": "1",
        "base": {
          "path": "Element.id",
          "min": 0,
          "max": "1"
        },
        "type": [
          {
            "code": "string"
          }
        ],
        "mapping": [
          {
            "identity": "rim",
            "map": "n/a"
          }
        ]
      },
      {
        "id": "odh-OccupationalDataForHealth-model.type.extension",
        "path": "odh-OccupationalDataForHealth-model.type.extension",
        "slicing": {
          "discriminator": [
            {
              "type": "value",
              "path": "url"
            }
          ],
          "description": "Extensions are always sliced by (at least) url",
          "rules": "open"
        },
        "short": "Additional Content defined by implementations",
        "definition": "May be used to represent additional information that is not part of the basic definition of the element. In order to make the use of extensions safe and manageable, there is a strict set of governance  applied to the definition and use of extensions. Though any implementer is allowed to define an extension, there is a set of requirements that SHALL be met as part of the definition of the extension.",
        "comment": "There can be no stigma associated with the use of extensions by any application, project, or standard - regardless of the institution or jurisdiction that uses or defines the extensions.  The use of extensions is what allows the FHIR specification to retain a core level of simplicity for everyone.",
        "min": 0,
        "max": "*",
        "base": {
          "path": "Element.extension",
          "min": 0,
          "max": "*"
        },
        "type": [
          {
            "code": "Extension"
          }
        ],
        "mapping": [
          {
            "identity": "rim",
            "map": "n/a"
          }
        ]
      },
      {
        "id": "odh-OccupationalDataForHealth-model.type.system",
        "path": "odh-OccupationalDataForHealth-model.type.system",
        "short": "Identity of the terminology system",
        "definition": "The identification of the code system that defines the meaning of the symbol in the code.",
        "comment": "The URI may be an OID (urn:oid:...) or a UUID (urn:uuid:...).  OIDs and UUIDs SHALL be references to the HL7 OID registry. Otherwise, the URI should come from HL7's list of FHIR defined special URIs or it should de-reference to some definition that establish the system clearly and unambiguously.",
        "requirements": "Need to be unambiguous about the source of the definition of the symbol.",
        "min": 1,
        "max": "1",
        "base": {
          "path": "Coding.system",
          "min": 0,
          "max": "1"
        },
        "type": [
          {
            "code": "uri"
          }
        ],
        "fixedUri": "http://loinc.org",
        "isSummary": true,
        "mapping": [
          {
            "identity": "v2",
            "map": "C*E.3"
          },
          {
            "identity": "rim",
            "map": "./codeSystem"
          },
          {
            "identity": "orim",
            "map": "fhir:Coding.system rdfs:subPropertyOf dt:CDCoding.codeSystem"
          }
        ]
      },
      {
        "id": "odh-OccupationalDataForHealth-model.type.version",
        "path": "odh-OccupationalDataForHealth-model.type.version",
        "short": "Version of the system - if relevant",
        "definition": "The version of the code system which was used when choosing this code. Note that a well-maintained code system does not need the version reported, because the meaning of codes is consistent across versions. However this cannot consistently be assured. and when the meaning is not guaranteed to be consistent, the version SHOULD be exchanged.",
        "comment": "Where the terminology does not clearly define what string should be used to identify code system versions, the recommendation is to use the date (expressed in FHIR date format) on which that version was officially published as the version date.",
        "min": 0,
        "max": "1",
        "base": {
          "path": "Coding.version",
          "min": 0,
          "max": "1"
        },
        "type": [
          {
            "code": "string"
          }
        ],
        "isSummary": true,
        "mapping": [
          {
            "identity": "v2",
            "map": "C*E.7"
          },
          {
            "identity": "rim",
            "map": "./codeSystemVersion"
          },
          {
            "identity": "orim",
            "map": "fhir:Coding.version rdfs:subPropertyOf dt:CDCoding.codeSystemVersion"
          }
        ]
      },
      {
        "id": "odh-OccupationalDataForHealth-model.type.code",
        "path": "odh-OccupationalDataForHealth-model.type.code",
        "short": "Symbol in syntax defined by the system",
        "definition": "A symbol in syntax defined by the system. The symbol may be a predefined code or an expression in a syntax defined by the coding system (e.g. post-coordination).",
        "requirements": "Need to refer to a particular code in the system.",
        "min": 1,
        "max": "1",
        "base": {
          "path": "Coding.code",
          "min": 0,
          "max": "1"
        },
        "type": [
          {
            "code": "code"
          }
        ],
        "fixedCode": "74166-0",
        "isSummary": true,
        "mapping": [
          {
            "identity": "v2",
            "map": "C*E.1"
          },
          {
            "identity": "rim",
            "map": "./code"
          },
          {
            "identity": "orim",
            "map": "fhir:Coding.code rdfs:subPropertyOf dt:CDCoding.code"
          }
        ]
      },
      {
        "id": "odh-OccupationalDataForHealth-model.type.display",
        "extension": [
          {
            "url": "http://hl7.org/fhir/StructureDefinition/elementdefinition-translatable",
            "valueBoolean": true
          }
        ],
        "path": "odh-OccupationalDataForHealth-model.type.display",
        "short": "Representation defined by the system",
        "definition": "A representation of the meaning of the code in the system, following the rules of the system.",
        "requirements": "Need to be able to carry a human-readable meaning of the code for readers that do not know  the system.",
        "min": 0,
        "max": "1",
        "base": {
          "path": "Coding.display",
          "min": 0,
          "max": "1"
        },
        "type": [
          {
            "code": "string"
          }
        ],
        "isSummary": true,
        "mapping": [
          {
            "identity": "v2",
            "map": "C*E.2 - but note this is not well followed"
          },
          {
            "identity": "rim",
            "map": "CV.displayName"
          },
          {
            "identity": "orim",
            "map": "fhir:Coding.display rdfs:subPropertyOf dt:CDCoding.displayName"
          }
        ]
      },
      {
        "id": "odh-OccupationalDataForHealth-model.type.userSelected",
        "path": "odh-OccupationalDataForHealth-model.type.userSelected",
        "short": "If this coding was chosen directly by the user",
        "definition": "Indicates that this coding was chosen by a user directly - i.e. off a pick list of available items (codes or displays).",
        "comment": "Amongst a set of alternatives, a directly chosen code is the most appropriate starting point for new translations. There is some ambiguity about what exactly 'directly chosen' implies, and trading partner agreement may be needed to clarify the use of this element and its consequences more completely.",
        "requirements": "This has been identified as a clinical safety criterium - that this exact system/code pair was chosen explicitly, rather than inferred by the system based on some rules or language processing.",
        "min": 0,
        "max": "1",
        "base": {
          "path": "Coding.userSelected",
          "min": 0,
          "max": "1"
        },
        "type": [
          {
            "code": "boolean"
          }
        ],
        "isSummary": true,
        "mapping": [
          {
            "identity": "v2",
            "map": "Sometimes implied by being first"
          },
          {
            "identity": "rim",
            "map": "CD.codingRationale"
          },
          {
            "identity": "orim",
            "map": "fhir:Coding.userSelected fhir:mapsTo dt:CDCoding.codingRationale. fhir:Coding.userSelected fhir:hasMap fhir:Coding.userSelected.map. fhir:Coding.userSelected.map a fhir:Map;   fhir:target dt:CDCoding.codingRationale. fhir:Coding.userSelected\\#true a [     fhir:source \"true\";     fhir:target dt:CDCoding.codingRationale\\#O   ]"
          }
        ]
      },
      {
        "id": "odh-OccupationalDataForHealth-model.occupationalDataSection",
        "path": "odh-OccupationalDataForHealth-model.occupationalDataSection",
        "short": "Section in the OccupationalDataForHealth composition, containing the person's occupational data, past and present.",
        "definition": "Section in the OccupationalDataForHealth composition, containing the person's occupational data, past and present.",
        "min": 1,
        "max": "1",
        "base": {
          "path": "odh-OccupationalDataForHealth-model.occupationalDataSection",
          "min": 1,
          "max": "1"
        },
        "type": [
          {
            "code": "http://hl7.org/fhir/us/shr/StructureDefinition/odh-OccupationalDataSection-model"
          }
        ],
        "mustSupport": false,
        "isModifier": false,
        "isSummary": false
      }
    ]
  },
  "differential": {
    "element": [
      {
        "id": "odh-OccupationalDataForHealth-model",
        "path": "odh-OccupationalDataForHealth-model",
        "definition": "Current and past activities for profit, wages, salary, or as a service to others.\nThe profile is based on FHIR Composition that contains a single section, OccupationalDataSection.",
        "min": 0,
        "max": "*",
        "base": {
          "path": "odh-OccupationalDataForHealth-model",
          "min": 0,
          "max": "*"
        },
        "mustSupport": false,
        "isModifier": false,
        "isSummary": false
      },
      {
        "id": "odh-OccupationalDataForHealth-model.metadata",
        "path": "odh-OccupationalDataForHealth-model.metadata",
        "short": "Elements that belong to all information items.",
        "definition": "Elements that belong to all information items.",
        "min": 0,
        "max": "1",
        "base": {
          "path": "odh-OccupationalDataForHealth-model.metadata",
          "min": 0,
          "max": "1"
        },
        "type": [
          {
            "code": "http://hl7.org/fhir/us/shr/StructureDefinition/shr-core-Metadata-model"
          }
        ],
        "mustSupport": false,
        "isModifier": false,
        "isSummary": false
      },
      {
        "id": "odh-OccupationalDataForHealth-model.language",
        "path": "odh-OccupationalDataForHealth-model.language",
        "code": [
          {
            "system": "http://ncimeta.nci.nih.gov",
            "code": "C0023008"
          }
        ],
        "short": "A human language, spoken or written.",
        "definition": "A human language, spoken or written.",
        "min": 0,
        "max": "1",
        "base": {
          "path": "odh-OccupationalDataForHealth-model.language",
          "min": 0,
          "max": "1"
        },
        "type": [
          {
            "code": "Coding"
          }
        ],
        "mustSupport": false,
        "isModifier": false,
        "isSummary": false
      },
      {
        "id": "odh-OccupationalDataForHealth-model.implicitRules",
        "path": "odh-OccupationalDataForHealth-model.implicitRules",
        "short": "A set of rules under which this content was created",
        "definition": "A set of rules under which this content was created",
        "min": 0,
        "max": "1",
        "base": {
          "path": "odh-OccupationalDataForHealth-model.implicitRules",
          "min": 0,
          "max": "1"
        },
        "type": [
          {
            "code": "uri"
          }
        ],
        "mustSupport": false,
        "isModifier": false,
        "isSummary": false
      },
      {
        "id": "odh-OccupationalDataForHealth-model.narrative",
        "path": "odh-OccupationalDataForHealth-model.narrative",
        "short": "A human-readable narrative, potentially including images, that contains a summary of the resource, and may be used to represent the content of the resource to a human.",
        "definition": "A human-readable narrative, potentially including images, that contains a summary of the resource, and may be used to represent the content of the resource to a human.",
        "min": 0,
        "max": "1",
        "base": {
          "path": "odh-OccupationalDataForHealth-model.narrative",
          "min": 0,
          "max": "1"
        },
        "type": [
          {
            "code": "http://hl7.org/fhir/us/shr/StructureDefinition/shr-core-Narrative-model"
          }
        ],
        "mustSupport": false,
        "isModifier": false,
        "isSummary": false
      },
      {
        "id": "odh-OccupationalDataForHealth-model.status",
        "path": "odh-OccupationalDataForHealth-model.status",
        "short": "A state that relates to the workflow or interpretation of this resource. Certain status values can modify the meaning of the resource, for example, entered-in-error. When a boolean value is used, Status of true indicates the record is active, false means inactive.",
        "definition": "A state that relates to the workflow or interpretation of this resource. Certain status values can modify the meaning of the resource, for example, entered-in-error. When a boolean value is used, Status of true indicates the record is active, false means inactive.",
        "min": 1,
        "max": "1",
        "base": {
          "path": "odh-OccupationalDataForHealth-model.status",
          "min": 1,
          "max": "1"
        },
        "type": [
          {
            "code": "Coding"
          }
        ],
        "mustSupport": false,
        "isModifier": false,
        "isSummary": false,
        "binding": {
          "strength": "required",
          "valueSetReference": {
            "reference": "http://hl7.org/fhir/ValueSet/composition-status"
          }
        }
      },
      {
        "id": "odh-OccupationalDataForHealth-model.identifier",
        "path": "odh-OccupationalDataForHealth-model.identifier",
        "short": "Business identifier or external id for this resource.",
        "definition": "Business identifier or external id for this resource.",
        "min": 0,
        "max": "1",
        "base": {
          "path": "odh-OccupationalDataForHealth-model.identifier",
          "min": 0,
          "max": "1"
        },
        "type": [
          {
            "code": "http://hl7.org/fhir/us/shr/StructureDefinition/shr-core-Identifier-model"
          }
        ],
        "mustSupport": false,
        "isModifier": false,
        "isSummary": false
      },
      {
        "id": "odh-OccupationalDataForHealth-model.type",
        "path": "odh-OccupationalDataForHealth-model.type",
        "code": [
          {
            "system": "http://ncimeta.nci.nih.gov",
            "code": "C0332307"
          }
        ],
        "short": "A code describing the item at a greater level of detail.",
        "definition": "A code describing the item at a greater level of detail.",
        "min": 1,
        "max": "1",
        "base": {
          "path": "odh-OccupationalDataForHealth-model.type",
          "min": 1,
          "max": "1"
        },
        "type": [
          {
            "code": "Coding"
          }
        ],
        "mustSupport": false,
        "isModifier": false,
        "isSummary": false
      },
      {
        "id": "odh-OccupationalDataForHealth-model.type.id",
        "path": "odh-OccupationalDataForHealth-model.type.id",
        "representation": [
          "xmlAttr"
        ],
        "short": "xml:id (or equivalent in JSON)",
        "definition": "unique id for the element within a resource (for internal references). This may be any string value that does not contain spaces.",
        "min": 0,
        "max": "1",
        "base": {
          "path": "Element.id",
          "min": 0,
          "max": "1"
        },
        "type": [
          {
            "code": "string"
          }
        ],
        "mapping": [
          {
            "identity": "rim",
            "map": "n/a"
          }
        ]
      },
      {
        "id": "odh-OccupationalDataForHealth-model.type.extension",
        "path": "odh-OccupationalDataForHealth-model.type.extension",
        "slicing": {
          "discriminator": [
            {
              "type": "value",
              "path": "url"
            }
          ],
          "description": "Extensions are always sliced by (at least) url",
          "rules": "open"
        },
        "short": "Additional Content defined by implementations",
        "definition": "May be used to represent additional information that is not part of the basic definition of the element. In order to make the use of extensions safe and manageable, there is a strict set of governance  applied to the definition and use of extensions. Though any implementer is allowed to define an extension, there is a set of requirements that SHALL be met as part of the definition of the extension.",
        "comment": "There can be no stigma associated with the use of extensions by any application, project, or standard - regardless of the institution or jurisdiction that uses or defines the extensions.  The use of extensions is what allows the FHIR specification to retain a core level of simplicity for everyone.",
        "min": 0,
        "max": "*",
        "base": {
          "path": "Element.extension",
          "min": 0,
          "max": "*"
        },
        "type": [
          {
            "code": "Extension"
          }
        ],
        "mapping": [
          {
            "identity": "rim",
            "map": "n/a"
          }
        ]
      },
      {
        "id": "odh-OccupationalDataForHealth-model.type.system",
        "path": "odh-OccupationalDataForHealth-model.type.system",
        "short": "Identity of the terminology system",
        "definition": "The identification of the code system that defines the meaning of the symbol in the code.",
        "comment": "The URI may be an OID (urn:oid:...) or a UUID (urn:uuid:...).  OIDs and UUIDs SHALL be references to the HL7 OID registry. Otherwise, the URI should come from HL7's list of FHIR defined special URIs or it should de-reference to some definition that establish the system clearly and unambiguously.",
        "requirements": "Need to be unambiguous about the source of the definition of the symbol.",
        "min": 1,
        "max": "1",
        "base": {
          "path": "Coding.system",
          "min": 0,
          "max": "1"
        },
        "type": [
          {
            "code": "uri"
          }
        ],
        "fixedUri": "http://loinc.org",
        "isSummary": true,
        "mapping": [
          {
            "identity": "v2",
            "map": "C*E.3"
          },
          {
            "identity": "rim",
            "map": "./codeSystem"
          },
          {
            "identity": "orim",
            "map": "fhir:Coding.system rdfs:subPropertyOf dt:CDCoding.codeSystem"
          }
        ]
      },
      {
        "id": "odh-OccupationalDataForHealth-model.type.version",
        "path": "odh-OccupationalDataForHealth-model.type.version",
        "short": "Version of the system - if relevant",
        "definition": "The version of the code system which was used when choosing this code. Note that a well-maintained code system does not need the version reported, because the meaning of codes is consistent across versions. However this cannot consistently be assured. and when the meaning is not guaranteed to be consistent, the version SHOULD be exchanged.",
        "comment": "Where the terminology does not clearly define what string should be used to identify code system versions, the recommendation is to use the date (expressed in FHIR date format) on which that version was officially published as the version date.",
        "min": 0,
        "max": "1",
        "base": {
          "path": "Coding.version",
          "min": 0,
          "max": "1"
        },
        "type": [
          {
            "code": "string"
          }
        ],
        "isSummary": true,
        "mapping": [
          {
            "identity": "v2",
            "map": "C*E.7"
          },
          {
            "identity": "rim",
            "map": "./codeSystemVersion"
          },
          {
            "identity": "orim",
            "map": "fhir:Coding.version rdfs:subPropertyOf dt:CDCoding.codeSystemVersion"
          }
        ]
      },
      {
        "id": "odh-OccupationalDataForHealth-model.type.code",
        "path": "odh-OccupationalDataForHealth-model.type.code",
        "short": "Symbol in syntax defined by the system",
        "definition": "A symbol in syntax defined by the system. The symbol may be a predefined code or an expression in a syntax defined by the coding system (e.g. post-coordination).",
        "requirements": "Need to refer to a particular code in the system.",
        "min": 1,
        "max": "1",
        "base": {
          "path": "Coding.code",
          "min": 0,
          "max": "1"
        },
        "type": [
          {
            "code": "code"
          }
        ],
        "fixedCode": "74166-0",
        "isSummary": true,
        "mapping": [
          {
            "identity": "v2",
            "map": "C*E.1"
          },
          {
            "identity": "rim",
            "map": "./code"
          },
          {
            "identity": "orim",
            "map": "fhir:Coding.code rdfs:subPropertyOf dt:CDCoding.code"
          }
        ]
      },
      {
        "id": "odh-OccupationalDataForHealth-model.type.display",
        "extension": [
          {
            "url": "http://hl7.org/fhir/StructureDefinition/elementdefinition-translatable",
            "valueBoolean": true
          }
        ],
        "path": "odh-OccupationalDataForHealth-model.type.display",
        "short": "Representation defined by the system",
        "definition": "A representation of the meaning of the code in the system, following the rules of the system.",
        "requirements": "Need to be able to carry a human-readable meaning of the code for readers that do not know  the system.",
        "min": 0,
        "max": "1",
        "base": {
          "path": "Coding.display",
          "min": 0,
          "max": "1"
        },
        "type": [
          {
            "code": "string"
          }
        ],
        "isSummary": true,
        "mapping": [
          {
            "identity": "v2",
            "map": "C*E.2 - but note this is not well followed"
          },
          {
            "identity": "rim",
            "map": "CV.displayName"
          },
          {
            "identity": "orim",
            "map": "fhir:Coding.display rdfs:subPropertyOf dt:CDCoding.displayName"
          }
        ]
      },
      {
        "id": "odh-OccupationalDataForHealth-model.type.userSelected",
        "path": "odh-OccupationalDataForHealth-model.type.userSelected",
        "short": "If this coding was chosen directly by the user",
        "definition": "Indicates that this coding was chosen by a user directly - i.e. off a pick list of available items (codes or displays).",
        "comment": "Amongst a set of alternatives, a directly chosen code is the most appropriate starting point for new translations. There is some ambiguity about what exactly 'directly chosen' implies, and trading partner agreement may be needed to clarify the use of this element and its consequences more completely.",
        "requirements": "This has been identified as a clinical safety criterium - that this exact system/code pair was chosen explicitly, rather than inferred by the system based on some rules or language processing.",
        "min": 0,
        "max": "1",
        "base": {
          "path": "Coding.userSelected",
          "min": 0,
          "max": "1"
        },
        "type": [
          {
            "code": "boolean"
          }
        ],
        "isSummary": true,
        "mapping": [
          {
            "identity": "v2",
            "map": "Sometimes implied by being first"
          },
          {
            "identity": "rim",
            "map": "CD.codingRationale"
          },
          {
            "identity": "orim",
            "map": "fhir:Coding.userSelected fhir:mapsTo dt:CDCoding.codingRationale. fhir:Coding.userSelected fhir:hasMap fhir:Coding.userSelected.map. fhir:Coding.userSelected.map a fhir:Map;   fhir:target dt:CDCoding.codingRationale. fhir:Coding.userSelected\\#true a [     fhir:source \"true\";     fhir:target dt:CDCoding.codingRationale\\#O   ]"
          }
        ]
      },
      {
        "id": "odh-OccupationalDataForHealth-model.occupationalDataSection",
        "path": "odh-OccupationalDataForHealth-model.occupationalDataSection",
        "short": "Section in the OccupationalDataForHealth composition, containing the person's occupational data, past and present.",
        "definition": "Section in the OccupationalDataForHealth composition, containing the person's occupational data, past and present.",
        "min": 1,
        "max": "1",
        "base": {
          "path": "odh-OccupationalDataForHealth-model.occupationalDataSection",
          "min": 1,
          "max": "1"
        },
        "type": [
          {
            "code": "http://hl7.org/fhir/us/shr/StructureDefinition/odh-OccupationalDataSection-model"
          }
        ],
        "mustSupport": false,
        "isModifier": false,
        "isSummary": false
      }
    ]
  }
}