{
  "resourceType": "StructureDefinition",
  "id": "shr-core-Issuer-model",
  "text": {
    "status": "generated",
    "div": "<div xmlns=\"http://www.w3.org/1999/xhtml\">\n  <p><b>Issuer Logical Model</b></p>\n  <p>An organization who issues a qualification, identifier, or license.</p>\n</div>"
  },
  "url": "http://hl7.org/fhir/us/shr/StructureDefinition/shr-core-Issuer-model",
  "identifier": [
    {
      "system": "http://hl7.org/fhir/us/odh",
      "value": "shr.core.Issuer"
    }
  ],
  "version": "1.0.0",
  "name": "Issuer",
  "title": "shr-core-Issuer",
  "status": "draft",
  "date": "2019-04-08T00:00:00-04:00",
  "publisher": "HL7",
  "contact": [
    {
      "telecom": [
        {
          "system": "url",
          "value": "http://standardhealthrecord.org"
        }
      ]
    }
  ],
  "description": "An organization who issues a qualification, identifier, or license.",
  "kind": "logical",
  "abstract": false,
  "type": "shr-core-Issuer-model",
  "baseDefinition": "http://hl7.org/fhir/StructureDefinition/Element",
  "derivation": "specialization",
  "snapshot": {
    "element": [
      {
        "id": "shr-core-Issuer-model",
        "path": "shr-core-Issuer-model",
        "definition": "An organization who issues a qualification, identifier, or license.",
        "min": 0,
        "max": "*",
        "base": {
          "path": "shr-core-Issuer-model",
          "min": 0,
          "max": "*"
        },
        "mustSupport": false,
        "isModifier": false,
        "isSummary": false
      },
      {
        "id": "shr-core-Issuer-model.value",
        "path": "shr-core-Issuer-model.value",
        "code": [
          {
            "system": "http://ncimeta.nci.nih.gov",
            "code": "C1561598"
          }
        ],
        "short": "Organization representing an organization who issues a qualification, identifier, or license.",
        "definition": "Organization representing an organization who issues a qualification, identifier, or license.",
        "min": 1,
        "max": "1",
        "base": {
          "path": "shr-core-Issuer-model.value",
          "min": 1,
          "max": "1"
        },
        "type": [
          {
            "code": "Reference",
            "targetProfile": "http://hl7.org/fhir/us/shr/StructureDefinition/shr-core-Organization-model"
          }
        ],
        "mustSupport": false,
        "isModifier": false,
        "isSummary": false
      }
    ]
  },
  "differential": {
    "element": [
      {
        "id": "shr-core-Issuer-model",
        "path": "shr-core-Issuer-model",
        "definition": "An organization who issues a qualification, identifier, or license.",
        "min": 0,
        "max": "*",
        "base": {
          "path": "shr-core-Issuer-model",
          "min": 0,
          "max": "*"
        },
        "mustSupport": false,
        "isModifier": false,
        "isSummary": false
      },
      {
        "id": "shr-core-Issuer-model.value",
        "path": "shr-core-Issuer-model.value",
        "code": [
          {
            "system": "http://ncimeta.nci.nih.gov",
            "code": "C1561598"
          }
        ],
        "short": "Organization representing an organization who issues a qualification, identifier, or license.",
        "definition": "Organization representing an organization who issues a qualification, identifier, or license.",
        "min": 1,
        "max": "1",
        "base": {
          "path": "shr-core-Issuer-model.value",
          "min": 1,
          "max": "1"
        },
        "type": [
          {
            "code": "Reference",
            "targetProfile": "http://hl7.org/fhir/us/shr/StructureDefinition/shr-core-Organization-model"
          }
        ],
        "mustSupport": false,
        "isModifier": false,
        "isSummary": false
      }
    ]
  }
}