{
  "resourceType": "StructureDefinition",
  "id": "shr-core-SituationStatement-model",
  "text": {
    "status": "generated",
    "div": "<div xmlns=\"http://www.w3.org/1999/xhtml\">\n  <p><b>SituationStatement Logical Model</b></p>\n  <p>An assertion, determination, opinion, evaluation, result, observation, or measurement made by a person or device.</p>\n</div>"
  },
  "url": "http://hl7.org/fhir/us/odh/StructureDefinition/shr-core-SituationStatement-model",
  "identifier": [
    {
      "system": "http://hl7.org/fhir/us/odh",
      "value": "shr.core.SituationStatement"
    }
  ],
  "version": "1.0.0",
  "name": "SituationStatement",
  "title": "shr-core-SituationStatement",
  "status": "draft",
  "date": "2019-05-08T00:00:00-04:00",
  "publisher": "HL7",
  "contact": [
    {
      "telecom": [
        {
          "system": "url",
          "value": "http://standardhealthrecord.org"
        }
      ]
    }
  ],
  "description": "An assertion, determination, opinion, evaluation, result, observation, or measurement made by a person or device.",
  "kind": "logical",
  "abstract": false,
  "type": "shr-core-SituationStatement-model",
  "baseDefinition": "http://hl7.org/fhir/StructureDefinition/Element",
  "derivation": "specialization",
  "snapshot": {
    "element": [
      {
        "id": "shr-core-SituationStatement-model",
        "path": "shr-core-SituationStatement-model",
        "definition": "An assertion, determination, opinion, evaluation, result, observation, or measurement made by a person or device.",
        "min": 0,
        "max": "*",
        "base": {
          "path": "shr-core-SituationStatement-model",
          "min": 0,
          "max": "*"
        },
        "mustSupport": false,
        "isModifier": false,
        "isSummary": false
      },
      {
        "id": "shr-core-SituationStatement-model.metadata",
        "path": "shr-core-SituationStatement-model.metadata",
        "short": "Elements that belong to all information items.",
        "definition": "Elements that belong to all information items.",
        "min": 0,
        "max": "1",
        "base": {
          "path": "shr-core-SituationStatement-model.metadata",
          "min": 0,
          "max": "1"
        },
        "type": [
          {
            "code": "http://hl7.org/fhir/us/odh/StructureDefinition/shr-core-Metadata-model"
          }
        ],
        "mustSupport": false,
        "isModifier": false,
        "isSummary": false
      },
      {
        "id": "shr-core-SituationStatement-model.language",
        "path": "shr-core-SituationStatement-model.language",
        "short": "A human language, spoken or written.",
        "definition": "A human language, spoken or written.",
        "min": 0,
        "max": "1",
        "base": {
          "path": "shr-core-SituationStatement-model.language",
          "min": 0,
          "max": "1"
        },
        "type": [
          {
            "code": "Coding"
          }
        ],
        "mustSupport": false,
        "isModifier": false,
        "isSummary": false
      },
      {
        "id": "shr-core-SituationStatement-model.implicitRules",
        "path": "shr-core-SituationStatement-model.implicitRules",
        "short": "A set of rules under which this content was created",
        "definition": "A set of rules under which this content was created",
        "min": 0,
        "max": "1",
        "base": {
          "path": "shr-core-SituationStatement-model.implicitRules",
          "min": 0,
          "max": "1"
        },
        "type": [
          {
            "code": "uri"
          }
        ],
        "mustSupport": false,
        "isModifier": false,
        "isSummary": false
      },
      {
        "id": "shr-core-SituationStatement-model.narrative",
        "path": "shr-core-SituationStatement-model.narrative",
        "short": "A human-readable narrative, potentially including images, that contains a summary of the resource, and may be used to represent the content of the resource to a human.",
        "definition": "A human-readable narrative, potentially including images, that contains a summary of the resource, and may be used to represent the content of the resource to a human.",
        "min": 0,
        "max": "1",
        "base": {
          "path": "shr-core-SituationStatement-model.narrative",
          "min": 0,
          "max": "1"
        },
        "type": [
          {
            "code": "http://hl7.org/fhir/us/odh/StructureDefinition/shr-core-Narrative-model"
          }
        ],
        "mustSupport": false,
        "isModifier": false,
        "isSummary": false
      },
      {
        "id": "shr-core-SituationStatement-model.status",
        "path": "shr-core-SituationStatement-model.status",
        "short": "A state that relates to the workflow or interpretation of this resource. Certain status values can modify the meaning of the resource, for example, entered-in-error. When a boolean value is used, Status of true indicates the record is active, false means inactive.",
        "definition": "A state that relates to the workflow or interpretation of this resource. Certain status values can modify the meaning of the resource, for example, entered-in-error. When a boolean value is used, Status of true indicates the record is active, false means inactive.",
        "min": 0,
        "max": "1",
        "base": {
          "path": "shr-core-SituationStatement-model.status",
          "min": 0,
          "max": "1"
        },
        "type": [
          {
            "code": "Coding"
          }
        ],
        "mustSupport": false,
        "isModifier": false,
        "isSummary": false
      },
      {
        "id": "shr-core-SituationStatement-model.identifier",
        "path": "shr-core-SituationStatement-model.identifier",
        "short": "Business identifier or external id for this resource.",
        "definition": "Business identifier or external id for this resource.",
        "min": 0,
        "max": "*",
        "base": {
          "path": "shr-core-SituationStatement-model.identifier",
          "min": 0,
          "max": "*"
        },
        "type": [
          {
            "code": "http://hl7.org/fhir/us/odh/StructureDefinition/shr-core-Identifier-model"
          }
        ],
        "mustSupport": false,
        "isModifier": false,
        "isSummary": false
      },
      {
        "id": "shr-core-SituationStatement-model.subjectOfRecord[x]",
        "path": "shr-core-SituationStatement-model.subjectOfRecord[x]",
        "short": "The subject of a clinical statement, often called the Patient or the Subject. The SubjectOfRecord typically identifies the clinical record in which this statement is contained. If the statement should be in John Doe's patient record, then John Doe is the subject of record. When there is no patient, the SubjectOfRecord can also be a location, group, or other entity that statement pertains to. For example, observations concerning a hospital ward would have a Location as the SubjectOfRecord.",
        "definition": "The subject of a clinical statement, often called the Patient or the Subject. The SubjectOfRecord typically identifies the clinical record in which this statement is contained. If the statement should be in John Doe's patient record, then John Doe is the subject of record. When there is no patient, the SubjectOfRecord can also be a location, group, or other entity that statement pertains to. For example, observations concerning a hospital ward would have a Location as the SubjectOfRecord.\n\nNote that the word 'Subject' is used here in the sense of a person or entity subjected to observations or actions, not subject as in a conceptual topic, like heart disease.",
        "min": 0,
        "max": "1",
        "base": {
          "path": "shr-core-SituationStatement-model.subjectOfRecord[x]",
          "min": 0,
          "max": "1"
        },
        "type": [
          {
            "code": "Reference",
            "targetProfile": "http://hl7.org/fhir/us/odh/StructureDefinition/shr-core-Patient-model"
          },
          {
            "code": "Reference",
            "targetProfile": "http://hl7.org/fhir/us/odh/StructureDefinition/shr-core-Practitioner-model"
          },
          {
            "code": "Reference",
            "targetProfile": "http://hl7.org/fhir/us/odh/StructureDefinition/shr-core-Group-model"
          },
          {
            "code": "Reference",
            "targetProfile": "http://hl7.org/fhir/us/odh/StructureDefinition/shr-core-Device-model"
          },
          {
            "code": "Reference",
            "targetProfile": "http://hl7.org/fhir/us/odh/StructureDefinition/shr-core-Specimen-model"
          },
          {
            "code": "Reference",
            "targetProfile": "http://hl7.org/fhir/us/odh/StructureDefinition/shr-core-Location-model"
          },
          {
            "code": "Reference",
            "targetProfile": "http://hl7.org/fhir/us/odh/StructureDefinition/shr-core-Medication-model"
          },
          {
            "code": "Reference",
            "targetProfile": "http://hl7.org/fhir/us/odh/StructureDefinition/shr-core-ResearchSubject-model"
          }
        ],
        "mustSupport": false,
        "isModifier": false,
        "isSummary": false
      },
      {
        "id": "shr-core-SituationStatement-model.careContext[x]",
        "path": "shr-core-SituationStatement-model.careContext[x]",
        "short": "The encounter or episode of care",
        "definition": "The encounter or episode of care",
        "min": 0,
        "max": "1",
        "base": {
          "path": "shr-core-SituationStatement-model.careContext[x]",
          "min": 0,
          "max": "1"
        },
        "type": [
          {
            "code": "Reference",
            "targetProfile": "http://hl7.org/fhir/us/odh/StructureDefinition/shr-core-Encounter-model"
          },
          {
            "code": "Reference",
            "targetProfile": "http://hl7.org/fhir/us/odh/StructureDefinition/shr-core-EpisodeOfCare-model"
          }
        ],
        "mustSupport": false,
        "isModifier": false,
        "isSummary": false
      },
      {
        "id": "shr-core-SituationStatement-model.statementDateTime",
        "path": "shr-core-SituationStatement-model.statementDateTime",
        "code": [
          {
            "system": "http://ncimeta.nci.nih.gov",
            "code": "C3669169"
          }
        ],
        "short": "The point in time when the statement was created.",
        "definition": "The point in time when the statement was created.",
        "min": 0,
        "max": "1",
        "base": {
          "path": "shr-core-SituationStatement-model.statementDateTime",
          "min": 0,
          "max": "1"
        },
        "type": [
          {
            "code": "dateTime"
          }
        ],
        "mustSupport": false,
        "isModifier": false,
        "isSummary": false
      },
      {
        "id": "shr-core-SituationStatement-model.code",
        "path": "shr-core-SituationStatement-model.code",
        "short": "The main type identifier for a lab, procedure, condition, etc., usually drawn from a controlled vocabulary.",
        "definition": "The main type identifier for a lab, procedure, condition, etc., usually drawn from a controlled vocabulary.",
        "min": 1,
        "max": "1",
        "base": {
          "path": "shr-core-SituationStatement-model.code",
          "min": 1,
          "max": "1"
        },
        "type": [
          {
            "code": "Coding"
          }
        ],
        "mustSupport": false,
        "isModifier": false,
        "isSummary": false
      }
    ]
  },
  "differential": {
    "element": [
      {
        "id": "shr-core-SituationStatement-model",
        "path": "shr-core-SituationStatement-model",
        "definition": "An assertion, determination, opinion, evaluation, result, observation, or measurement made by a person or device.",
        "min": 0,
        "max": "*",
        "base": {
          "path": "shr-core-SituationStatement-model",
          "min": 0,
          "max": "*"
        },
        "mustSupport": false,
        "isModifier": false,
        "isSummary": false
      },
      {
        "id": "shr-core-SituationStatement-model.metadata",
        "path": "shr-core-SituationStatement-model.metadata",
        "short": "Elements that belong to all information items.",
        "definition": "Elements that belong to all information items.",
        "min": 0,
        "max": "1",
        "base": {
          "path": "shr-core-SituationStatement-model.metadata",
          "min": 0,
          "max": "1"
        },
        "type": [
          {
            "code": "http://hl7.org/fhir/us/odh/StructureDefinition/shr-core-Metadata-model"
          }
        ],
        "mustSupport": false,
        "isModifier": false,
        "isSummary": false
      },
      {
        "id": "shr-core-SituationStatement-model.language",
        "path": "shr-core-SituationStatement-model.language",
        "short": "A human language, spoken or written.",
        "definition": "A human language, spoken or written.",
        "min": 0,
        "max": "1",
        "base": {
          "path": "shr-core-SituationStatement-model.language",
          "min": 0,
          "max": "1"
        },
        "type": [
          {
            "code": "Coding"
          }
        ],
        "mustSupport": false,
        "isModifier": false,
        "isSummary": false
      },
      {
        "id": "shr-core-SituationStatement-model.implicitRules",
        "path": "shr-core-SituationStatement-model.implicitRules",
        "short": "A set of rules under which this content was created",
        "definition": "A set of rules under which this content was created",
        "min": 0,
        "max": "1",
        "base": {
          "path": "shr-core-SituationStatement-model.implicitRules",
          "min": 0,
          "max": "1"
        },
        "type": [
          {
            "code": "uri"
          }
        ],
        "mustSupport": false,
        "isModifier": false,
        "isSummary": false
      },
      {
        "id": "shr-core-SituationStatement-model.narrative",
        "path": "shr-core-SituationStatement-model.narrative",
        "short": "A human-readable narrative, potentially including images, that contains a summary of the resource, and may be used to represent the content of the resource to a human.",
        "definition": "A human-readable narrative, potentially including images, that contains a summary of the resource, and may be used to represent the content of the resource to a human.",
        "min": 0,
        "max": "1",
        "base": {
          "path": "shr-core-SituationStatement-model.narrative",
          "min": 0,
          "max": "1"
        },
        "type": [
          {
            "code": "http://hl7.org/fhir/us/odh/StructureDefinition/shr-core-Narrative-model"
          }
        ],
        "mustSupport": false,
        "isModifier": false,
        "isSummary": false
      },
      {
        "id": "shr-core-SituationStatement-model.status",
        "path": "shr-core-SituationStatement-model.status",
        "short": "A state that relates to the workflow or interpretation of this resource. Certain status values can modify the meaning of the resource, for example, entered-in-error. When a boolean value is used, Status of true indicates the record is active, false means inactive.",
        "definition": "A state that relates to the workflow or interpretation of this resource. Certain status values can modify the meaning of the resource, for example, entered-in-error. When a boolean value is used, Status of true indicates the record is active, false means inactive.",
        "min": 0,
        "max": "1",
        "base": {
          "path": "shr-core-SituationStatement-model.status",
          "min": 0,
          "max": "1"
        },
        "type": [
          {
            "code": "Coding"
          }
        ],
        "mustSupport": false,
        "isModifier": false,
        "isSummary": false
      },
      {
        "id": "shr-core-SituationStatement-model.identifier",
        "path": "shr-core-SituationStatement-model.identifier",
        "short": "Business identifier or external id for this resource.",
        "definition": "Business identifier or external id for this resource.",
        "min": 0,
        "max": "*",
        "base": {
          "path": "shr-core-SituationStatement-model.identifier",
          "min": 0,
          "max": "*"
        },
        "type": [
          {
            "code": "http://hl7.org/fhir/us/odh/StructureDefinition/shr-core-Identifier-model"
          }
        ],
        "mustSupport": false,
        "isModifier": false,
        "isSummary": false
      },
      {
        "id": "shr-core-SituationStatement-model.subjectOfRecord[x]",
        "path": "shr-core-SituationStatement-model.subjectOfRecord[x]",
        "short": "The subject of a clinical statement, often called the Patient or the Subject. The SubjectOfRecord typically identifies the clinical record in which this statement is contained. If the statement should be in John Doe's patient record, then John Doe is the subject of record. When there is no patient, the SubjectOfRecord can also be a location, group, or other entity that statement pertains to. For example, observations concerning a hospital ward would have a Location as the SubjectOfRecord.",
        "definition": "The subject of a clinical statement, often called the Patient or the Subject. The SubjectOfRecord typically identifies the clinical record in which this statement is contained. If the statement should be in John Doe's patient record, then John Doe is the subject of record. When there is no patient, the SubjectOfRecord can also be a location, group, or other entity that statement pertains to. For example, observations concerning a hospital ward would have a Location as the SubjectOfRecord.\n\nNote that the word 'Subject' is used here in the sense of a person or entity subjected to observations or actions, not subject as in a conceptual topic, like heart disease.",
        "min": 0,
        "max": "1",
        "base": {
          "path": "shr-core-SituationStatement-model.subjectOfRecord[x]",
          "min": 0,
          "max": "1"
        },
        "type": [
          {
            "code": "Reference",
            "targetProfile": "http://hl7.org/fhir/us/odh/StructureDefinition/shr-core-Patient-model"
          },
          {
            "code": "Reference",
            "targetProfile": "http://hl7.org/fhir/us/odh/StructureDefinition/shr-core-Practitioner-model"
          },
          {
            "code": "Reference",
            "targetProfile": "http://hl7.org/fhir/us/odh/StructureDefinition/shr-core-Group-model"
          },
          {
            "code": "Reference",
            "targetProfile": "http://hl7.org/fhir/us/odh/StructureDefinition/shr-core-Device-model"
          },
          {
            "code": "Reference",
            "targetProfile": "http://hl7.org/fhir/us/odh/StructureDefinition/shr-core-Specimen-model"
          },
          {
            "code": "Reference",
            "targetProfile": "http://hl7.org/fhir/us/odh/StructureDefinition/shr-core-Location-model"
          },
          {
            "code": "Reference",
            "targetProfile": "http://hl7.org/fhir/us/odh/StructureDefinition/shr-core-Medication-model"
          },
          {
            "code": "Reference",
            "targetProfile": "http://hl7.org/fhir/us/odh/StructureDefinition/shr-core-ResearchSubject-model"
          }
        ],
        "mustSupport": false,
        "isModifier": false,
        "isSummary": false
      },
      {
        "id": "shr-core-SituationStatement-model.careContext[x]",
        "path": "shr-core-SituationStatement-model.careContext[x]",
        "short": "The encounter or episode of care",
        "definition": "The encounter or episode of care",
        "min": 0,
        "max": "1",
        "base": {
          "path": "shr-core-SituationStatement-model.careContext[x]",
          "min": 0,
          "max": "1"
        },
        "type": [
          {
            "code": "Reference",
            "targetProfile": "http://hl7.org/fhir/us/odh/StructureDefinition/shr-core-Encounter-model"
          },
          {
            "code": "Reference",
            "targetProfile": "http://hl7.org/fhir/us/odh/StructureDefinition/shr-core-EpisodeOfCare-model"
          }
        ],
        "mustSupport": false,
        "isModifier": false,
        "isSummary": false
      },
      {
        "id": "shr-core-SituationStatement-model.statementDateTime",
        "path": "shr-core-SituationStatement-model.statementDateTime",
        "code": [
          {
            "system": "http://ncimeta.nci.nih.gov",
            "code": "C3669169"
          }
        ],
        "short": "The point in time when the statement was created.",
        "definition": "The point in time when the statement was created.",
        "min": 0,
        "max": "1",
        "base": {
          "path": "shr-core-SituationStatement-model.statementDateTime",
          "min": 0,
          "max": "1"
        },
        "type": [
          {
            "code": "dateTime"
          }
        ],
        "mustSupport": false,
        "isModifier": false,
        "isSummary": false
      },
      {
        "id": "shr-core-SituationStatement-model.code",
        "path": "shr-core-SituationStatement-model.code",
        "short": "The main type identifier for a lab, procedure, condition, etc., usually drawn from a controlled vocabulary.",
        "definition": "The main type identifier for a lab, procedure, condition, etc., usually drawn from a controlled vocabulary.",
        "min": 1,
        "max": "1",
        "base": {
          "path": "shr-core-SituationStatement-model.code",
          "min": 1,
          "max": "1"
        },
        "type": [
          {
            "code": "Coding"
          }
        ],
        "mustSupport": false,
        "isModifier": false,
        "isSummary": false
      }
    ]
  }
}