{
  "resourceType": "ValueSet",
  "id": "obf-ResearchSubjectTerminationReasonVS",
  "text": {
    "status": "generated",
    "div": "<div xmlns=\"http://www.w3.org/1999/xhtml\">\n<p><b>ResearchSubjectTerminationReasonVS ValueSet</b></p>\n<p>The reason for a research subject leaving a research study.</p>\n</div>"
  },
  "url": "http://hl7.org/fhir/us/odh/ValueSet/obf-ResearchSubjectTerminationReasonVS",
  "identifier": [
    {
      "system": "http://hl7.org/fhir/us/odh",
      "value": "obf.ResearchSubjectTerminationReasonVS"
    }
  ],
  "version": "1.1.0",
  "name": "ResearchSubjectTerminationReasonVS",
  "title": "ResearchSubjectTerminationReasonVS",
  "status": "draft",
  "date": "2019-06-21T00:00:00-04:00",
  "publisher": "HL7",
  "contact": [
    {
      "telecom": [
        {
          "system": "url",
          "value": "http://standardhealthrecord.org"
        }
      ]
    }
  ],
  "description": "The reason for a research subject leaving a research study.",
  "compose": {
    "include": [
      {
        "system": "http://hl7.org/fhir/us/odh/CodeSystem/obf-ResearchSubjectTerminationReasonCS",
        "concept": [
          {
            "code": "moved",
            "display": "Subject relocated"
          },
          {
            "code": "died",
            "display": "Suject passed away"
          },
          {
            "code": "ended",
            "display": "Research study ended"
          },
          {
            "code": "adverse",
            "display": "Subject could not tolerate treatement"
          },
          {
            "code": "protocol",
            "display": "Subject could not follow protocol, e.g. required appointments, dosing schedule, etc."
          },
          {
            "code": "unknown",
            "display": "Reason not known"
          }
        ]
      }
    ]
  }
}