<?xml version="1.0" encoding="UTF-8"?>

<ValueSet xmlns="http://hl7.org/fhir">
  <id value="shr-core-UnitsOfLengthVS"/>
  <text>
    <status value="generated"/><div xmlns="http://www.w3.org/1999/xhtml">
<p><b>UnitsOfLengthVS ValueSet</b></p>
<p>Units of measure related to length or distance.</p>
</div>
  </text>
  <url value="http://hl7.org/fhir/us/obf/ValueSet/shr-core-UnitsOfLengthVS"/>
  <identifier>
    <system value="http://hl7.org/fhir/us/obf"/>
    <value value="shr.core.UnitsOfLengthVS"/>
  </identifier>
  <version value="0.8.0"/>
  <name value="UnitsOfLengthVS"/>
  <title value="UnitsOfLengthVS"/>
  <status value="draft"/>
  <date value="2019-06-10T00:00:00-04:00"/>
  <publisher value="The MITRE Corporation"/>
  <contact>
    <telecom>
      <system value="url"/>
      <value value="http://www.standardhealthrecord.org"/>
    </telecom>
  </contact>
  <description value="Units of measure related to length or distance."/>
  <compose>
    <include>
      <system value="http://unitsofmeasure.org"/>
      <concept>
        <code value="pm"/>
        <display value="Picometer"/>
      </concept>
      <concept>
        <code value="nm"/>
        <display value="Nanometer"/>
      </concept>
      <concept>
        <code value="mm"/>
        <display value="Millimeter"/>
      </concept>
      <concept>
        <code value="cm"/>
        <display value="Centimeter"/>
      </concept>
      <concept>
        <code value="m"/>
        <display value="Meter"/>
      </concept>
      <concept>
        <code value="ft-us"/>
        <display value="Foot"/>
      </concept>
      <concept>
        <code value="in-us"/>
        <display value="Inch"/>
      </concept>
    </include>
  </compose>
</ValueSet>