"Path","Slice Name","Alias(s)","Label","Min","Max","Must Support?","Is Modifier?","Is Summary?","Type(s)","Short","Definition","Comments","Requirements","Default Value","Meaning When Missing","Fixed Value","Pattern","Example","Minimum Value","Maximum Value","Maximum Length","Binding Strength","Binding Description","Binding Value Set","Code","Slicing Discriminator","Slicing Description","Slicing Ordered","Slicing Rules","Base Path","Base Min","Base Max","Condition(s)","Constraint(s)"
"odh-CombatZonePeriod-model","","","",0,*,"","","","","CombatZonePeriod","CombatZonePeriod","","","","","","","","","",,,,,"",,,,"odh-CombatZonePeriod-model",0,*,"",""
"odh-CombatZonePeriod-model.metadata","","","",0,1,"","","","http://hl7.org/fhir/us/shr/StructureDefinition/shr-core-Metadata-model {[]} {[]}
","Elements that belong to all information items.","Elements that belong to all information items.","","","","","","","","","",,,,,"",,,,"odh-CombatZonePeriod-model.metadata",0,1,"",""
"odh-CombatZonePeriod-model.language","","","",0,1,"","","","Coding {[]} {[]}
","A human language, spoken or written.","A human language, spoken or written.","","","","","","","","","",,,,,"http://ncimeta.nci.nih.gov#C0023008
",,,,"odh-CombatZonePeriod-model.language",0,1,"",""
"odh-CombatZonePeriod-model.implicitRules","","","",0,1,"","","","uri {[]} {[]}
","A set of rules under which this content was created","A set of rules under which this content was created","","","","","","","","","",,,,,"",,,,"odh-CombatZonePeriod-model.implicitRules",0,1,"",""
"odh-CombatZonePeriod-model.narrative","","","",0,1,"","","","http://hl7.org/fhir/us/shr/StructureDefinition/shr-core-Narrative-model {[]} {[]}
","A human-readable narrative, potentially including images, that contains a summary of the resource, and may be used to represent the content of the resource to a human.","A human-readable narrative, potentially including images, that contains a summary of the resource, and may be used to represent the content of the resource to a human.","","","","","","","","","",,,,,"",,,,"odh-CombatZonePeriod-model.narrative",0,1,"",""
"odh-CombatZonePeriod-model.status","","","",1,1,"","","","Coding {[]} {[]}
","A state that relates to the workflow or interpretation of this resource. Certain status values can modify the meaning of the resource, for example, entered-in-error. When a boolean value is used, Status of true indicates the record is active, false means inactive.","A state that relates to the workflow or interpretation of this resource. Certain status values can modify the meaning of the resource, for example, entered-in-error. When a boolean value is used, Status of true indicates the record is active, false means inactive.","","","","","","","","","",,"required","","http://hl7.org/fhir/ValueSet/observation-status","",,,,"odh-CombatZonePeriod-model.status",1,1,"",""
"odh-CombatZonePeriod-model.identifier","","","",0,*,"","","","http://hl7.org/fhir/us/shr/StructureDefinition/shr-core-Identifier-model {[]} {[]}
","Business identifier or external id for this resource.","Business identifier or external id for this resource.","","","","","","","","","",,,,,"",,,,"odh-CombatZonePeriod-model.identifier",0,*,"",""
"odh-CombatZonePeriod-model.patientSubjectOfRecord","","","",1,1,"","","","Reference {[]} {[CanonicalType[http://hl7.org/fhir/us/shr/StructureDefinition/shr-core-Patient-model]]}
","The SubjectOfRecord when restricted to being a Patient resource.","The SubjectOfRecord when restricted to being a Patient resource.","","","","","","","","","",,,,,"http://ncimeta.nci.nih.gov#C1299487
",,,,"odh-CombatZonePeriod-model.patientSubjectOfRecord",1,1,"",""
"odh-CombatZonePeriod-model.careContext","","","",0,1,"","","","Reference {[]} {[CanonicalType[http://hl7.org/fhir/us/shr/StructureDefinition/shr-core-Encounter-model]]}
","The encounter or episode of care","The encounter or episode of care","","","","","","","","","",,,,,"",,,,"odh-CombatZonePeriod-model.careContext",0,1,"",""
"odh-CombatZonePeriod-model.statementDateTime","","","",0,1,"","","","dateTime {[]} {[]}
","The point in time when the statement was created.","The point in time when the statement was created.","","","","","","","","","",,,,,"http://ncimeta.nci.nih.gov#C3669169
",,,,"odh-CombatZonePeriod-model.statementDateTime",0,1,"",""
"odh-CombatZonePeriod-model.code","","","",1,1,"","","","Coding {[]} {[]}
","The main type identifier for a lab, procedure, condition, etc., usually drawn from a controlled vocabulary.","The main type identifier for a lab, procedure, condition, etc., usually drawn from a controlled vocabulary.","","","","","","","","","",,,,,"",,,,"odh-CombatZonePeriod-model.code",1,1,"",""
"odh-CombatZonePeriod-model.dataValue[x]","","","",0,1,"","","","Coding {[]} {[]}
http://hl7.org/fhir/us/shr/StructureDefinition/shr-core-Quantity-model {[]} {[]}string {[]} {[]}http://hl7.org/fhir/us/shr/StructureDefinition/shr-core-Range-model {[]} {[]}http://hl7.org/fhir/us/shr/StructureDefinition/shr-core-Ratio-model {[]} {[]}time {[]} {[]}dateTime {[]} {[]}http://hl7.org/fhir/us/shr/StructureDefinition/shr-core-TimePeriod-model {[]} {[]}","The value or result of a test, evaluation, or judgment, for example, a systolic blood pressure, or if a condition or body structure is present or absent.","The value or result of a test, evaluation, or judgment, for example, a systolic blood pressure, or if a condition or body structure is present or absent.","","","","","","","","","",,,,,"",,,,"odh-CombatZonePeriod-model.dataValue[x]",0,1,"",""
"odh-CombatZonePeriod-model.dataAbsentReason","","","",0,0,"","","","Coding {[]} {[]}
","Reason that a value associated with a test or other finding is missing.","Reason that a value associated with a test or other finding is missing.","","","","","","","","","",,"extensible","","http://hl7.org/fhir/ValueSet/data-absent-reason","",,,,"odh-CombatZonePeriod-model.dataAbsentReason",0,0,"",""
"odh-CombatZonePeriod-model.method","","","",0,0,"","","","Coding {[]} {[]}
","The technique used to carry out an action, for example, the specific imaging technical or assessment vehicle.","The technique used to carry out an action, for example, the specific imaging technical or assessment vehicle.","","","","","","","","","",,,,,"",,,,"odh-CombatZonePeriod-model.method",0,0,"",""
"odh-CombatZonePeriod-model.relevantTime[x]","","","",0,0,"","","","dateTime {[]} {[]}
http://hl7.org/fhir/us/shr/StructureDefinition/shr-core-TimePeriod-model {[]} {[]}","The time or time period that the statement addresses.","The time or time period that the statement addresses.
The clinically relevant time is not necessarily when the information is gathered or when a test is carried out, but for example, when a specimen was collected, or the time period referred to by the question. Use a TimePeriod for a measurement or specimen collection continued over a significant period of time (e.g. 24 hour Urine Sodium).","","","","","","","","","",,,,,"",,,,"odh-CombatZonePeriod-model.relevantTime[x]",0,0,"",""
"odh-CombatZonePeriod-model.category","","","",0,1,"","","","Coding {[]} {[]}
","The type, kind, or class of this item.","The type, kind, or class of this item.","","","","","","","","","",,,,,"",,,,"odh-CombatZonePeriod-model.category",0,1,"",""
"odh-CombatZonePeriod-model.category.id","","","",0,1,"","","","string {[]} {[]}
","xml:id (or equivalent in JSON)","unique id for the element within a resource (for internal references). This may be any string value that does not contain spaces.","","","","","","","","","",,,,,"",,,,"Element.id",0,1,"",""
"odh-CombatZonePeriod-model.category.extension","","","",0,*,"","","","Extension {[]} {[]}
","Additional Content defined by implementations","May be used to represent additional information that is not part of the basic definition of the element. In order to make the use of extensions safe and manageable, there is a strict set of governance  applied to the definition and use of extensions. Though any implementer is allowed to define an extension, there is a set of requirements that SHALL be met as part of the definition of the extension.","There can be no stigma associated with the use of extensions by any application, project, or standard - regardless of the institution or jurisdiction that uses or defines the extensions.  The use of extensions is what allows the FHIR specification to retain a core level of simplicity for everyone.","","","","","","","","",,,,,"","value:url}
","Extensions are always sliced by (at least) url",,"open","Element.extension",0,*,"",""
"odh-CombatZonePeriod-model.category.system","","","",1,1,"","","Y","uri {[]} {[]}
","Identity of the terminology system","The identification of the code system that defines the meaning of the symbol in the code.","The URI may be an OID (urn:oid:...) or a UUID (urn:uuid:...).  OIDs and UUIDs SHALL be references to the HL7 OID registry. Otherwise, the URI should come from HL7's list of FHIR defined special URIs or it should de-reference to some definition that establish the system clearly and unambiguously.","Need to be unambiguous about the source of the definition of the symbol.","","","<valueUri xmlns=""http://hl7.org/fhir"" value=""http://hl7.org/fhir/observation-category""/>","","","","",,,,,"",,,,"Coding.system",0,1,"",""
"odh-CombatZonePeriod-model.category.version","","","",0,1,"","","Y","string {[]} {[]}
","Version of the system - if relevant","The version of the code system which was used when choosing this code. Note that a well-maintained code system does not need the version reported, because the meaning of codes is consistent across versions. However this cannot consistently be assured. and when the meaning is not guaranteed to be consistent, the version SHOULD be exchanged.","Where the terminology does not clearly define what string should be used to identify code system versions, the recommendation is to use the date (expressed in FHIR date format) on which that version was officially published as the version date.","","","","","","","","",,,,,"",,,,"Coding.version",0,1,"",""
"odh-CombatZonePeriod-model.category.code","","","",1,1,"","","Y","code {[]} {[]}
","Symbol in syntax defined by the system","A symbol in syntax defined by the system. The symbol may be a predefined code or an expression in a syntax defined by the coding system (e.g. post-coordination).","","Need to refer to a particular code in the system.","","","<valueCode xmlns=""http://hl7.org/fhir"" value=""social-history""/>","","","","",,,,,"",,,,"Coding.code",0,1,"",""
"odh-CombatZonePeriod-model.category.display","","","",0,1,"","","Y","string {[]} {[]}
","Representation defined by the system","A representation of the meaning of the code in the system, following the rules of the system.","","Need to be able to carry a human-readable meaning of the code for readers that do not know  the system.","","","","","","","",,,,,"",,,,"Coding.display",0,1,"",""
"odh-CombatZonePeriod-model.category.userSelected","","","",0,1,"","","Y","boolean {[]} {[]}
","If this coding was chosen directly by the user","Indicates that this coding was chosen by a user directly - i.e. off a pick list of available items (codes or displays).","Amongst a set of alternatives, a directly chosen code is the most appropriate starting point for new translations. There is some ambiguity about what exactly 'directly chosen' implies, and trading partner agreement may be needed to clarify the use of this element and its consequences more completely.","This has been identified as a clinical safety criterium - that this exact system/code pair was chosen explicitly, rather than inferred by the system based on some rules or language processing.","","","","","","","",,,,,"",,,,"Coding.userSelected",0,1,"",""
"odh-CombatZonePeriod-model.performer[x]","","","",0,*,"","","","Reference {[]} {[CanonicalType[http://hl7.org/fhir/us/shr/StructureDefinition/shr-core-Practitioner-model], CanonicalType[http://hl7.org/fhir/us/shr/StructureDefinition/shr-core-Organization-model], CanonicalType[http://hl7.org/fhir/us/shr/StructureDefinition/shr-core-Patient-model], CanonicalType[http://hl7.org/fhir/us/shr/StructureDefinition/shr-core-RelatedPerson-model]]}
","The actor that carried out the observation or action.","The actor that carried out the observation or action.","","","","","","","","","",,,,,"",,,,"odh-CombatZonePeriod-model.performer[x]",0,*,"",""
"odh-CombatZonePeriod-model.bodyLocation","","","",0,0,"","","","http://hl7.org/fhir/us/shr/StructureDefinition/shr-core-BodyLocation-model {[]} {[]}
","A location or structure in the body, including tissues, regions, cavities, and spaces; for example, right elbow, or left ventricle of the heart.","A location or structure in the body, including tissues, regions, cavities, and spaces; for example, right elbow, or left ventricle of the heart.
The BodyLocation includes code and optional qualifiers of anatomical side or direction. The body location can also be determined from one or more body landmarks.
If the code for the body location includes laterality and/or anatomical direction, the corresponding attributes might be unnecessary.
Note that BodyLocation is a data type, a reusable structure, not a stand-alone entity. The concept is similar to how an address structure can apply to a person, location, or organization. This contrasts with FHIR's stand-alone BodySite (aka BodyStructure in r4) which 'is not ... intended for describing the type of anatomical location but rather a specific body site on a specific patient' (FHIR 3.5).","","","","","","","","","",,,,,"",,,,"odh-CombatZonePeriod-model.bodyLocation",0,0,"",""
"odh-CombatZonePeriod-model.commentOrDescription","","","",0,1,"","","","string {[]} {[]}
","A text note containing additional details, explanation, description, comment, or summarization.","A text note containing additional details, explanation, description, comment, or summarization.","","","","","","","","","",,,,,"http://ncimeta.nci.nih.gov#C0947611
",,,,"odh-CombatZonePeriod-model.commentOrDescription",0,1,"",""
"odh-CombatZonePeriod-model.interpretation","","","",0,1,"","","","Coding {[]} {[]}
","A clinical interpretation of a finding (applies to both assertions and observation).","A clinical interpretation of a finding (applies to both assertions and observation).","","","","","","","","","",,"extensible","","http://hl7.org/fhir/ValueSet/observation-interpretation","http://ncimeta.nci.nih.gov#C0420833
",,,,"odh-CombatZonePeriod-model.interpretation",0,1,"",""
"odh-CombatZonePeriod-model.device","","","",0,0,"","","","http://hl7.org/fhir/us/shr/StructureDefinition/shr-core-Device-model {[]} {[]}
","A specific durable physical device used in diagnosis or treatment. The value is the coding for a type of device, for example, a CPAP machine. The same device might be used on multiple patients.","A specific durable physical device used in diagnosis or treatment. The value is the coding for a type of device, for example, a CPAP machine. The same device might be used on multiple patients.
Device status cannot be reconciled between Argonaut and US-Core, each having different required value sets.
Device type has extensible mappings to different value sets in Argonaut and US-Core, however both value sets have identical SNOMED content (descendants of 49062001 (Device). We adopt the US-Core value set, which is allowable because the binding is extensible.","","","","","","","","","",,,,,"",,,,"odh-CombatZonePeriod-model.device",0,0,"",""
"odh-CombatZonePeriod-model.referenceRange","","","",0,0,"","","","http://hl7.org/fhir/us/shr/StructureDefinition/shr-core-ReferenceRange-model {[]} {[]}
","The usual or acceptable range for a test result.","The usual or acceptable range for a test result.","","","","","","","","","",,,,,"http://ncimeta.nci.nih.gov#C0883335
",,,,"odh-CombatZonePeriod-model.referenceRange",0,0,"",""
"odh-CombatZonePeriod-model.components","","","",0,0,"","","","http://hl7.org/fhir/us/shr/StructureDefinition/shr-core-Components-model {[]} {[]}
","Sub-observations that are part of this observation. A sub-observation contributs to the parent observation and are always treated a part of a single observation (they are not separable). However, the reference range for the primary observation value is not inherited by the component values and is required when appropriate for each component observation.","Sub-observations that are part of this observation. A sub-observation contributs to the parent observation and are always treated a part of a single observation (they are not separable). However, the reference range for the primary observation value is not inherited by the component values and is required when appropriate for each component observation.","","","","","","","","","",,,,,"",,,,"odh-CombatZonePeriod-model.components",0,0,"",""
"odh-CombatZonePeriod-model.panelMembers","","","",0,0,"","","","http://hl7.org/fhir/us/shr/StructureDefinition/shr-core-PanelMembers-model {[]} {[]}
","PanelMembers represent the elements of a group of a related but independent evaluations.","PanelMembers represent the elements of a group of a related but independent evaluations.

Examples are the measurements that compose a complete blood count (CBC), or the elements of a pathology report. Each member is an independent evaluation, but the grouping reflects a composite lab order, shared specimen, or a single report author. Typically the Category and ReasonCode are not given for individual findings that are part of the panel, but rather given at the level of the panel itself.","","","","","","","","","",,,,,"",,,,"odh-CombatZonePeriod-model.panelMembers",0,0,"",""
