"Path","Slice Name","Alias(s)","Label","Min","Max","Must Support?","Is Modifier?","Is Summary?","Type(s)","Short","Definition","Comments","Requirements","Default Value","Meaning When Missing","Fixed Value","Pattern","Example","Minimum Value","Maximum Value","Maximum Length","Binding Strength","Binding Description","Binding Value Set","Code","Slicing Discriminator","Slicing Description","Slicing Ordered","Slicing Rules","Base Path","Base Min","Base Max","Condition(s)","Constraint(s)"
"shr-core-Duration-model","","","",0,*,"","","","","","The length of time that something continues.","","","","","","","","","",,,,,"",,,,"shr-core-Duration-model",0,*,"",""
"shr-core-Duration-model.number","","","",0,1,"","","","decimal {[]} {[]}
","A decimal value.","A decimal value.","","","","","","","","","",,,,,"",,,,"shr-core-Duration-model.number",0,1,"",""
"shr-core-Duration-model.comparator","","","",0,0,"","","","Coding {[]} {[]}
","A code indicated if the value represents an upper or lower bound","A code indicated if the value represents an upper or lower bound","","","","","","","","","",,"required","","http://hl7.org/fhir/ValueSet/quantity-comparator","",,,,"shr-core-Duration-model.comparator",0,0,"",""
"shr-core-Duration-model.units","","","",0,1,"","","","Coding {[]} {[]}
","The unit of measure of the quantity.","The unit of measure of the quantity.","","","","","","","","","",,"required","","http://hl7.org/fhir/us/odh/shr/core/vs/TimeUnitOfMeasureVS","http://ncimeta.nci.nih.gov#C0805701
",,,,"shr-core-Duration-model.units",0,1,"",""
