"Path","Slice Name","Alias(s)","Label","Min","Max","Must Support?","Is Modifier?","Is Summary?","Type(s)","Short","Definition","Comments","Requirements","Default Value","Meaning When Missing","Fixed Value","Pattern","Example","Minimum Value","Maximum Value","Maximum Length","Binding Strength","Binding Description","Binding Value Set","Code","Slicing Discriminator","Slicing Description","Slicing Ordered","Slicing Rules","Base Path","Base Min","Base Max","Condition(s)","Constraint(s)"
"shr-core-Name-model","","","",0,*,"","","","","","Abstract supertype for the name of an entity.","","","","","","","","","",,,,,"",,,,"shr-core-Name-model",0,*,"",""
"shr-core-Name-model.nameAsText","","","",0,1,"","","","string {[]} {[]}
","The name as plain unstructured or semi-structured text.","The name as plain unstructured or semi-structured text.","","","","","","","","","",,,,,"",,,,"shr-core-Name-model.nameAsText",0,1,"",""
"shr-core-Name-model.purpose","","","",0,*,"","","","Coding {[]} {[]}
","What it should be used for.","What it should be used for.","","","","","","","","","",,,,,"",,,,"shr-core-Name-model.purpose",0,*,"",""
"shr-core-Name-model.effectiveTimePeriod","","","",0,1,"","","","http://hl7.org/fhir/us/shr/StructureDefinition/shr-core-EffectiveTimePeriod-model {[]} {[]}
","The date and time span for which something is active, valid, or in force.","The date and time span for which something is active, valid, or in force.","","","","","","","","","",,,,,"http://ncimeta.nci.nih.gov#C2985763
",,,,"shr-core-Name-model.effectiveTimePeriod",0,1,"",""
