"Path","Slice Name","Alias(s)","Label","Min","Max","Must Support?","Is Modifier?","Is Summary?","Type(s)","Short","Definition","Comments","Requirements","Default Value","Meaning When Missing","Fixed Value","Pattern","Example","Minimum Value","Maximum Value","Maximum Length","Binding Strength","Binding Description","Binding Value Set","Code","Slicing Discriminator","Slicing Description","Slicing Ordered","Slicing Rules","Base Path","Base Min","Base Max","Condition(s)","Constraint(s)"
"shr-core-CareManager-model","","","",0,*,"","","","","","Care manager/care co-ordinator for the patient","","","","","","","","","",,,,,"",,,,"shr-core-CareManager-model",0,*,"",""
"shr-core-CareManager-model.value","","","",1,1,"","","","Reference {[]} {[CanonicalType[http://hl7.org/fhir/us/odh/StructureDefinition/shr-core-Practitioner-model]]}
","Practitioner representing care manager/care co-ordinator for the patient","Practitioner representing care manager/care co-ordinator for the patient","","","","","","","","","",,,,,"http://ncimeta.nci.nih.gov#C2220264
",,,,"shr-core-CareManager-model.value",1,1,"",""
