"Path","Slice Name","Alias(s)","Label","Min","Max","Must Support?","Is Modifier?","Is Summary?","Type(s)","Short","Definition","Comments","Requirements","Default Value","Meaning When Missing","Fixed Value","Pattern","Example","Minimum Value","Maximum Value","Maximum Length","Binding Strength","Binding Description","Binding Value Set","Code","Slicing Discriminator","Slicing Description","Slicing Ordered","Slicing Rules","Base Path","Base Min","Base Max","Condition(s)","Constraint(s)"
"shr-core-ContactPoint-model","","","",0,*,"","","","","","An electronic means of contacting an organization or individual.","","","","","","","","","",,,,,"",,,,"shr-core-ContactPoint-model",0,*,"",""
"shr-core-ContactPoint-model.telecomNumberOrAddress","","","",0,1,"","","","string {[]} {[]}
","A user name or other identifier on a telecommunication network, such as a telephone number (including country code and extension, if necessary), email address, or SkypeID.","A user name or other identifier on a telecommunication network, such as a telephone number (including country code and extension, if necessary), email address, or SkypeID.","","","","","","","","","",,,,,"",,,,"shr-core-ContactPoint-model.telecomNumberOrAddress",0,1,"",""
"shr-core-ContactPoint-model.type","","","",0,1,"","","","Coding {[]} {[]}
","A code describing the item at a greater level of detail.","A code describing the item at a greater level of detail.","","","","","","","","","",,"required","","http://hl7.org/fhir/ValueSet/contact-point-system","http://ncimeta.nci.nih.gov#C0332307
",,,,"shr-core-ContactPoint-model.type",0,1,"",""
"shr-core-ContactPoint-model.purpose","","","",0,1,"","","","Coding {[]} {[]}
","What it should be used for.","What it should be used for.","","","","","","","","","",,"required","","http://hl7.org/fhir/ValueSet/contact-point-use","",,,,"shr-core-ContactPoint-model.purpose",0,1,"",""
"shr-core-ContactPoint-model.priorityRank","","","",0,1,"","","","positiveInt {[]} {[]}
","The priority of the procedure, as a number (1 being the highest priority)","The priority of the procedure, as a number (1 being the highest priority)","","","","","","","","","",,,,,"",,,,"shr-core-ContactPoint-model.priorityRank",0,1,"",""
"shr-core-ContactPoint-model.effectiveTimePeriod","","","",0,1,"","","","http://hl7.org/fhir/us/shr/StructureDefinition/shr-core-EffectiveTimePeriod-model {[]} {[]}
","The date and time span for which something is active, valid, or in force.","The date and time span for which something is active, valid, or in force.","","","","","","","","","",,,,,"http://ncimeta.nci.nih.gov#C2985763
",,,,"shr-core-ContactPoint-model.effectiveTimePeriod",0,1,"",""
