"Path","Slice Name","Alias(s)","Label","Min","Max","Must Support?","Is Modifier?","Is Summary?","Type(s)","Short","Definition","Comments","Requirements","Default Value","Meaning When Missing","Fixed Value","Pattern","Example","Minimum Value","Maximum Value","Maximum Length","Binding Strength","Binding Description","Binding Value Set","Code","Slicing Discriminator","Slicing Description","Slicing Ordered","Slicing Rules","Base Path","Base Min","Base Max","Condition(s)","Constraint(s)"
"shr-core-AppointmentParticipation-model","","","",0,*,"","","","","","Participants involved in appointment","","","","","","","","","",,,,,"",,,,"shr-core-AppointmentParticipation-model",0,*,"",""
"shr-core-AppointmentParticipation-model.appointmentParticipant[x]","","","",0,1,"","","","Reference {[]} {[CanonicalType[http://hl7.org/fhir/us/odh/StructureDefinition/shr-core-Patient-model], CanonicalType[http://hl7.org/fhir/us/odh/StructureDefinition/shr-core-Practitioner-model], CanonicalType[http://hl7.org/fhir/us/odh/StructureDefinition/shr-core-RelatedPerson-model], CanonicalType[http://hl7.org/fhir/us/odh/StructureDefinition/shr-core-Device-model], CanonicalType[http://hl7.org/fhir/us/odh/StructureDefinition/shr-core-Location-model]]}
","A choice of Person (in any role) or Organization, Device or Location as participants.","A choice of Person (in any role) or Organization, Device or Location as participants.","","","","","","","","","",,,,,"",,,,"shr-core-AppointmentParticipation-model.appointmentParticipant[x]",0,1,"",""
"shr-core-AppointmentParticipation-model.participationType","","","",1,1,"","","","Coding {[]} {[]}
","The role played by the participant engaged in the action, for example, as the attending physician, surgical assistant, etc.","The role played by the participant engaged in the action, for example, as the attending physician, surgical assistant, etc.","","","","","","","","","",,"required","","http://hl7.org/fhir/ValueSet/encounter-participant-type","",,,,"shr-core-AppointmentParticipation-model.participationType",1,1,"",""
"shr-core-AppointmentParticipation-model.participationPeriod","","","",0,0,"","","","http://hl7.org/fhir/us/odh/StructureDefinition/shr-core-TimePeriod-model {[]} {[]}
","The point in time or span of time the participant is involved.","The point in time or span of time the participant is involved.","","","","","","","","","",,,,,"",,,,"shr-core-AppointmentParticipation-model.participationPeriod",0,0,"",""
"shr-core-AppointmentParticipation-model.onBehalfOf[x]","","","",0,0,"","","","Reference {[]} {[CanonicalType[http://hl7.org/fhir/us/odh/StructureDefinition/shr-core-Practitioner-model], CanonicalType[http://hl7.org/fhir/us/odh/StructureDefinition/shr-core-RelatedPerson-model], CanonicalType[http://hl7.org/fhir/us/odh/StructureDefinition/shr-core-Patient-model], CanonicalType[http://hl7.org/fhir/us/odh/StructureDefinition/shr-core-Device-model], CanonicalType[http://hl7.org/fhir/us/odh/StructureDefinition/shr-core-Organization-model]]}
","The party represented by the actual participant.","The party represented by the actual participant.","","","","","","","","","",,,,,"",,,,"shr-core-AppointmentParticipation-model.onBehalfOf[x]",0,0,"",""
"shr-core-AppointmentParticipation-model.need","","","",0,1,"","","","Coding {[]} {[]}
","A code expressing the degree or type of need for the person or item.","A code expressing the degree or type of need for the person or item.","","","","","","","","","",,"required","","http://hl7.org/fhir/ValueSet/participantrequired","",,,,"shr-core-AppointmentParticipation-model.need",0,1,"",""
"shr-core-AppointmentParticipation-model.status","","","",1,1,"","","","Coding {[]} {[]}
","A state that relates to the workflow or interpretation of this resource. Certain status values can modify the meaning of the resource, for example, entered-in-error. When a boolean value is used, Status of true indicates the record is active, false means inactive.","A state that relates to the workflow or interpretation of this resource. Certain status values can modify the meaning of the resource, for example, entered-in-error. When a boolean value is used, Status of true indicates the record is active, false means inactive.","","","","","","","","","",,"required","","http://hl7.org/fhir/ValueSet/participationstatus","",,,,"shr-core-AppointmentParticipation-model.status",1,1,"",""
