"Path","Slice Name","Alias(s)","Label","Min","Max","Must Support?","Is Modifier?","Is Summary?","Type(s)","Short","Definition","Comments","Requirements","Default Value","Meaning When Missing","Fixed Value","Pattern","Example","Minimum Value","Maximum Value","Maximum Length","Binding Strength","Binding Description","Binding Value Set","Code","Slicing Discriminator","Slicing Description","Slicing Ordered","Slicing Rules","Base Path","Base Min","Base Max","Condition(s)","Constraint(s)"
"shr-core-Ingredient-model","","","",0,*,"","","","","","Specifies an material component in a non-medication substance.","","","","","","","","","",,,,,"",,,,"shr-core-Ingredient-model",0,*,"",""
"shr-core-Ingredient-model.substanceOrCode[x]","","","",1,1,"","","","Coding {[]} {[]}
Reference {[]} {[CanonicalType[http://hl7.org/fhir/us/odh/StructureDefinition/shr-core-Substance-model], CanonicalType[http://hl7.org/fhir/us/odh/StructureDefinition/shr-core-Medication-model]]}","A code or substance reference identifying the ingredient.","A code or substance reference identifying the ingredient.","","","","","","","","","",,,,,"",,,,"shr-core-Ingredient-model.substanceOrCode[x]",1,1,"",""
"shr-core-Ingredient-model.ingredientStrength","","","",1,1,"","","","http://hl7.org/fhir/us/odh/StructureDefinition/shr-core-Ratio-model {[]} {[]}
","Specifies how many (or how much) of the items there are in this Medication. For example, 250 mg per tablet. This is expressed as a ratio where the numerator is 250mg and the denominator is 1 tablet.","Specifies how many (or how much) of the items there are in this Medication. For example, 250 mg per tablet. This is expressed as a ratio where the numerator is 250mg and the denominator is 1 tablet.","","","","","","","","","",,,,,"",,,,"shr-core-Ingredient-model.ingredientStrength",1,1,"",""
"shr-core-Ingredient-model.isActiveIngredient","","","",0,1,"","","","boolean {[]} {[]}
","True if the ingredient is an active ingredient in the medication.","True if the ingredient is an active ingredient in the medication.","","","","","","","","","",,,,,"",,,,"shr-core-Ingredient-model.isActiveIngredient",0,1,"",""
