"Path","Slice Name","Alias(s)","Label","Min","Max","Must Support?","Is Modifier?","Is Summary?","Type(s)","Short","Definition","Comments","Requirements","Default Value","Meaning When Missing","Fixed Value","Pattern","Example","Minimum Value","Maximum Value","Maximum Length","Binding Strength","Binding Description","Binding Value Set","Code","Slicing Discriminator","Slicing Description","Slicing Ordered","Slicing Rules","Base Path","Base Min","Base Max","Condition(s)","Constraint(s)"
"shr-core-Money-model","","","",0,*,"","","","","","Representation of an amount of currency or monetary value.","","","","","","","","","",,,,,"",,,,"shr-core-Money-model",0,*,"",""
"shr-core-Money-model.number","","","",0,1,"","","","decimal {[]} {[]}
","A decimal value.","A decimal value.","","","","","","","","","",,,,,"",,,,"shr-core-Money-model.number",0,1,"",""
"shr-core-Money-model.comparator","","","",0,1,"","","","Coding {[]} {[]}
","A code indicated if the value represents an upper or lower bound","A code indicated if the value represents an upper or lower bound","","","","","","","","","",,"required","","http://hl7.org/fhir/ValueSet/quantity-comparator","",,,,"shr-core-Money-model.comparator",0,1,"",""
"shr-core-Money-model.units","","","",0,1,"","","","Coding {[]} {[]}
","The unit of measure of the quantity.","The unit of measure of the quantity.","","","","","","","","","",,,,,"http://ncimeta.nci.nih.gov#C0805701
",,,,"shr-core-Money-model.units",0,1,"",""
"shr-core-Money-model.moneyAmount","","","",0,1,"","","","decimal {[]} {[]}
","Numerical value (with implicit precision)","Numerical value (with implicit precision)","","","","","","","","","",,,,,"",,,,"shr-core-Money-model.moneyAmount",0,1,"",""
"shr-core-Money-model.currency","","","",0,1,"","","","code {[]} {[]}
","ISO 4217 Currency Code","ISO 4217 Currency Code","","","","","","","","","",,"required","","http://hl7.org/fhir/ValueSet/currencies","",,,,"shr-core-Money-model.currency",0,1,"",""
