"Path","Slice Name","Alias(s)","Label","Min","Max","Must Support?","Is Modifier?","Is Summary?","Type(s)","Short","Definition","Comments","Requirements","Default Value","Meaning When Missing","Fixed Value","Pattern","Example","Minimum Value","Maximum Value","Maximum Length","Binding Strength","Binding Description","Binding Value Set","Code","Slicing Discriminator","Slicing Description","Slicing Ordered","Slicing Rules","Base Path","Base Min","Base Max","Condition(s)","Constraint(s)"
"shr-core-Answer-model","","","",0,*,"","","","","","The respondent's answer(s) to the question.","","","","","","","","","",,,,,"",,,,"shr-core-Answer-model",0,*,"",""
"shr-core-Answer-model.answerValue[x]","","","",0,1,"","","","boolean {[]} {[]}
decimal {[]} {[]}integer {[]} {[]}date {[]} {[]}dateTime {[]} {[]}time {[]} {[]}string {[]} {[]}uri {[]} {[]}Coding {[]} {[]}http://hl7.org/fhir/us/odh/StructureDefinition/shr-core-Quantity-model {[]} {[]}Reference {[]} {[CanonicalType[http://hl7.org/fhir/us/odh/StructureDefinition/shr-core-DomainResource-model]]}","The answer to a question.","The answer to a question.","","","","","","","","","",,,,,"",,,,"shr-core-Answer-model.answerValue[x]",0,1,"",""
"shr-core-Answer-model.questionnaireResponseItem","","","",0,*,"","","","http://hl7.org/fhir/us/odh/StructureDefinition/shr-core-QuestionnaireResponseItem-model {[]} {[]}
","Questions and sections within the Questionnaire.","Questions and sections within the Questionnaire.","","","","","","","","","",,,,,"",,,,"shr-core-Answer-model.questionnaireResponseItem",0,*,"",""
