"Path","Slice Name","Alias(s)","Label","Min","Max","Must Support?","Is Modifier?","Is Summary?","Type(s)","Short","Definition","Comments","Requirements","Default Value","Meaning When Missing","Fixed Value","Pattern","Example","Minimum Value","Maximum Value","Maximum Length","Binding Strength","Binding Description","Binding Value Set","Code","Slicing Discriminator","Slicing Description","Slicing Ordered","Slicing Rules","Base Path","Base Min","Base Max","Condition(s)","Constraint(s)"
"shr-core-SampledData-model","","","",0,*,"","","","","","Data that comes from a series of measurements taken by a device, which may have upper and lower limits. The data type also supports more than one dimension in the data.","","","","","","","","","",,,,,"",,,,"shr-core-SampledData-model",0,*,"",""
"shr-core-SampledData-model.dataAsString","","","",1,1,"","","","string {[]} {[]}
","Data represented as a text sting.","Data represented as a text sting.","","","","","","","","","",,,,,"",,,,"shr-core-SampledData-model.dataAsString",1,1,"",""
"shr-core-SampledData-model.origin","","","",1,1,"","","","http://hl7.org/fhir/us/odh/StructureDefinition/shr-core-SimpleQuantity-model {[]} {[]}
","The shr.base quantity that a measured value of zero represents. In addition, this provides the units of the entire measurement series.","The shr.base quantity that a measured value of zero represents. In addition, this provides the units of the entire measurement series.","","","","","","","","","",,,,,"",,,,"shr-core-SampledData-model.origin",1,1,"",""
"shr-core-SampledData-model.millisecondsBetweenSamples","","","",1,1,"","","","decimal {[]} {[]}
","The length of time between sampling times, measured in milliseconds.","The length of time between sampling times, measured in milliseconds.","","","","","","","","","",,,,,"",,,,"shr-core-SampledData-model.millisecondsBetweenSamples",1,1,"",""
"shr-core-SampledData-model.correctionFactor","","","",0,1,"","","","decimal {[]} {[]}
","A correction factor that is applied to the sampled data points before they are added to the origin.","A correction factor that is applied to the sampled data points before they are added to the origin.","","","","","","","","","",,,,,"",,,,"shr-core-SampledData-model.correctionFactor",0,1,"",""
"shr-core-SampledData-model.lowerLimit","","","",0,1,"","","","decimal {[]} {[]}
","The lower limit of detection of the measured points. This is needed if any of the data points have the value 'L' (lower than detection limit).","The lower limit of detection of the measured points. This is needed if any of the data points have the value 'L' (lower than detection limit).","","","","","","","","","",,,,,"",,,,"shr-core-SampledData-model.lowerLimit",0,1,"",""
"shr-core-SampledData-model.upperLimit","","","",0,1,"","","","decimal {[]} {[]}
","The upper limit of detection of the measured points. This is needed if any of the data points have the value 'U' (higher than detection limit).","The upper limit of detection of the measured points. This is needed if any of the data points have the value 'U' (higher than detection limit).","","","","","","","","","",,,,,"",,,,"shr-core-SampledData-model.upperLimit",0,1,"",""
"shr-core-SampledData-model.dimensions","","","",1,1,"","","","positiveInt {[]} {[]}
","The number of sample points at each time point. If this value is greater than one, then the dimensions will be interlaced - all the sample points for a point in time will be recorded at once.","The number of sample points at each time point. If this value is greater than one, then the dimensions will be interlaced - all the sample points for a point in time will be recorded at once.","","","","","","","","","",,,,,"",,,,"shr-core-SampledData-model.dimensions",1,1,"",""
