"Path","Slice Name","Alias(s)","Label","Min","Max","Must Support?","Is Modifier?","Is Summary?","Type(s)","Short","Definition","Comments","Requirements","Default Value","Meaning When Missing","Fixed Value","Pattern","Example","Minimum Value","Maximum Value","Maximum Length","Binding Strength","Binding Description","Binding Value Set","Code","Slicing Discriminator","Slicing Description","Slicing Ordered","Slicing Rules","Base Path","Base Min","Base Max","Condition(s)","Constraint(s)"
"shr-core-Qualification-model","","","",0,*,"","","","","","A right to practice medicine obtained by training and certification.","","","","","","","","","",,,,,"",,,,"shr-core-Qualification-model",0,*,"",""
"shr-core-Qualification-model.identifier","","","",0,*,"","","","http://hl7.org/fhir/us/shr/StructureDefinition/shr-core-Identifier-model {[]} {[]}
","Business identifier or external id for this resource.","Business identifier or external id for this resource.","","","","","","","","","",,,,,"",,,,"shr-core-Qualification-model.identifier",0,*,"",""
"shr-core-Qualification-model.type","","","",1,1,"","","","Coding {[]} {[]}
","A code describing the item at a greater level of detail.","A code describing the item at a greater level of detail.","","","","","","","","","",,"example","","http://hl7.org/fhir/ValueSet/v2-2.7-0360","http://ncimeta.nci.nih.gov#C0332307
",,,,"shr-core-Qualification-model.type",1,1,"",""
"shr-core-Qualification-model.effectiveTimePeriod","","","",0,1,"","","","http://hl7.org/fhir/us/shr/StructureDefinition/shr-core-EffectiveTimePeriod-model {[]} {[]}
","The date and time span for which something is active, valid, or in force.","The date and time span for which something is active, valid, or in force.","","","","","","","","","",,,,,"http://ncimeta.nci.nih.gov#C2985763
",,,,"shr-core-Qualification-model.effectiveTimePeriod",0,1,"",""
"shr-core-Qualification-model.issuer","","","",0,1,"","","","Reference {[]} {[CanonicalType[http://hl7.org/fhir/us/shr/StructureDefinition/shr-core-Organization-model]]}
","An organization who issues a qualification, identifier, or license.","An organization who issues a qualification, identifier, or license.","","","","","","","","","",,,,,"http://ncimeta.nci.nih.gov#C1561598
",,,,"shr-core-Qualification-model.issuer",0,1,"",""
