"Path","Slice Name","Alias(s)","Label","Min","Max","Must Support?","Is Modifier?","Is Summary?","Type(s)","Short","Definition","Comments","Requirements","Default Value","Meaning When Missing","Fixed Value","Pattern","Example","Minimum Value","Maximum Value","Maximum Length","Binding Strength","Binding Description","Binding Value Set","Code","Slicing Discriminator","Slicing Description","Slicing Ordered","Slicing Rules","Base Path","Base Min","Base Max","Condition(s)","Constraint(s)"
"shr-core-BodyLocation-model","","","",0,*,"","","","","","A location or structure in the body, including tissues, regions, cavities, and spaces; for example, right elbow, or left ventricle of the heart.
The BodyLocation includes code and optional qualifiers of anatomical side or direction. The body location can also be determined from one or more body landmarks.
If the code for the body location includes laterality and/or anatomical direction, the corresponding attributes might be unnecessary.
Note that BodyLocation is a data type, a reusable structure, not a stand-alone entity. The concept is similar to how an address structure can apply to a person, location, or organization. This contrasts with FHIR's stand-alone BodySite (aka BodyStructure in r4) which 'is not ... intended for describing the type of anatomical location but rather a specific body site on a specific patient' (FHIR 3.5).","","","","","","","","","",,,,,"",,,,"shr-core-BodyLocation-model",0,*,"",""
"shr-core-BodyLocation-model.locationCode","","","",1,1,"","","","Coding {[]} {[]}
","Code for the body location, optionally pre-coordinating laterality or direction.","Code for the body location, optionally pre-coordinating laterality or direction.","","","","","","","","","",,"preferred","","http://hl7.org/fhir/us/odh/shr/core/vs/BodyLocationVS","",,,,"shr-core-BodyLocation-model.locationCode",1,1,"",""
"shr-core-BodyLocation-model.laterality","","","",0,1,"","","","Coding {[]} {[]}
","Body side of the body location, if needed to distinguish from a similar location on the other side of the body.","Body side of the body location, if needed to distinguish from a similar location on the other side of the body.","","","","","","","","","",,"extensible","","http://hl7.org/fhir/us/odh/shr/core/vs/LateralityVS","",,,,"shr-core-BodyLocation-model.laterality",0,1,"",""
"shr-core-BodyLocation-model.orientation","","","",0,1,"","","","Coding {[]} {[]}
","Orientation of the body location, if needed to distinguish from a similar location in another orientation.","Orientation of the body location, if needed to distinguish from a similar location in another orientation.","","","","","","","","","",,"extensible","","http://hl7.org/fhir/us/odh/shr/core/vs/OrientationVS","",,,,"shr-core-BodyLocation-model.orientation",0,1,"",""
"shr-core-BodyLocation-model.relationToLandmark","","","",0,*,"","","","http://hl7.org/fhir/us/shr/StructureDefinition/shr-core-RelationToLandmark-model {[]} {[]}
","An anatomical landmark that helps determine a body location.","An anatomical landmark that helps determine a body location.","","","","","","","","","",,,,,"",,,,"shr-core-BodyLocation-model.relationToLandmark",0,*,"",""
