"Path","Slice Name","Alias(s)","Label","Min","Max","Must Support?","Is Modifier?","Is Summary?","Type(s)","Short","Definition","Comments","Requirements","Default Value","Meaning When Missing","Fixed Value","Pattern","Example","Minimum Value","Maximum Value","Maximum Length","Binding Strength","Binding Description","Binding Value Set","Code","Slicing Discriminator","Slicing Description","Slicing Ordered","Slicing Rules","Base Path","Base Min","Base Max","Condition(s)","Constraint(s)"
"shr-core-GroupCharacteristic-model","","","",0,*,"","","","","","An inclusion or exclusion criterion as part of defining a cohort.","","","","","","","","","",,,,,"",,,,"shr-core-GroupCharacteristic-model",0,*,"",""
"shr-core-GroupCharacteristic-model.code","","","",1,1,"","","","Coding {[]} {[]}
","The main type identifier for a lab, procedure, condition, etc., usually drawn from a controlled vocabulary.","The main type identifier for a lab, procedure, condition, etc., usually drawn from a controlled vocabulary.","","","","","","","","","",,,,,"",,,,"shr-core-GroupCharacteristic-model.code",1,1,"",""
"shr-core-GroupCharacteristic-model.groupCharacteristicValue[x]","","","",0,1,"","","","boolean {[]} {[]}
http://hl7.org/fhir/us/odh/StructureDefinition/shr-core-Quantity-model {[]} {[]}http://hl7.org/fhir/us/odh/StructureDefinition/shr-core-Range-model {[]} {[]}","The value or range of the characteristic.","The value or range of the characteristic.","","","","","","","","","",,,,,"",,,,"shr-core-GroupCharacteristic-model.groupCharacteristicValue[x]",0,1,"",""
"shr-core-GroupCharacteristic-model.excludeFlag","","","",1,1,"","","","boolean {[]} {[]}
","If true, exclude the subjects that match the criterion.","If true, exclude the subjects that match the criterion.","","","","","","","","","",,,,,"http://ncimeta.nci.nih.gov#C0680251
",,,,"shr-core-GroupCharacteristic-model.excludeFlag",1,1,"",""
"shr-core-GroupCharacteristic-model.timePeriod","","","",0,1,"","","","http://hl7.org/fhir/us/odh/StructureDefinition/shr-core-TimePeriod-model {[]} {[]}
","A period of time defined by a start and end time, date, or year.","A period of time defined by a start and end time, date, or year.
If the start date/time is missing, the start of the period is not known. If the end date/time is missing, it means that the period is ongoing.","","","","","","","","","",,,,,"",,,,"shr-core-GroupCharacteristic-model.timePeriod",0,1,"",""
