"Path","Slice Name","Alias(s)","Label","Min","Max","Must Support?","Is Modifier?","Is Summary?","Type(s)","Short","Definition","Comments","Requirements","Default Value","Meaning When Missing","Fixed Value","Pattern","Example","Minimum Value","Maximum Value","Maximum Length","Binding Strength","Binding Description","Binding Value Set","Code","Slicing Discriminator","Slicing Description","Slicing Ordered","Slicing Rules","Base Path","Base Min","Base Max","Condition(s)","Constraint(s)","Mapping: Argonaut DQ DSTU2","Mapping: SNOMED CT Concept Domain Binding","Mapping: HL7 v2 Mapping","Mapping: RIM Mapping","Mapping: W5 Mapping","Mapping: SNOMED CT Attribute Binding"
"Condition","","","",0,*,"","","","","shr-core-Condition","A condition that is or may be present in a subject. 'Condition' is interpreted broadly and could be a disorder, abnormality, problem, injury, complaint, functionality, illness, disease, ailment, sickness, affliction, upset, difficulty, disorder, symptom, worry, or trouble.
The Observation-based class, ConditionAbsent, should be used to describe conditions that are not present or negative findings.
SHR Condition uses the SHR BodyLocation structure that includes not only a code, but optional laterality, direction, clock direction, and distance. If included, the distance is measured from the location specified by the code, laterality, and direction.","","","","","","","","","",,,,,"",,,,"Condition",0,*,"","dom-2:If the resource is contained in another resource, it SHALL NOT contain nested Resources {contained.contained.empty()}
dom-1:If the resource is contained in another resource, it SHALL NOT contain any narrative {contained.text.empty()}dom-4:If a resource is contained in another resource, it SHALL NOT have a meta.versionId or a meta.lastUpdated {contained.meta.versionId.empty() and contained.meta.lastUpdated.empty()}dom-3:If the resource is contained in another resource, it SHALL be referred to from elsewhere in the resource {contained.where(('#'+id in %resource.descendants().reference).not()).empty()}con-4:If condition is abated, then clinicalStatus must be either inactive, resolved, or remission {abatement.empty() or (abatement as boolean).not()  or clinicalStatus='resolved' or clinicalStatus='remission' or clinicalStatus='inactive'}con-3:Condition.clinicalStatus SHALL be present if verificationStatus is not entered-in-error {verificationStatus='entered-in-error' or clinicalStatus.exists()}us-core-1:A code in Condition.category SHOULD be from US Core Condition Category Codes value set. {where(category in 'http://hl7.org/fhir/us/core/ValueSet/us-core-condition-category').exists()}","Condition","< 243796009 |Situation with explicit context|:
246090004 |Associated finding| =
((< 404684003 |Clinical finding| MINUS
<< 420134006 |Propensity to adverse reactions| MINUS 
<< 473010000 |Hypersensitivity condition| MINUS 
<< 79899007 |Drug interaction| MINUS
<< 69449002 |Drug action| MINUS 
<< 441742003 |Evaluation finding| MINUS 
<< 307824009 |Administrative status| MINUS 
<< 385356007 |Tumor stage finding|) OR
< 272379006 |Event|)","PPR message","Entity. Role, or Act","Observation[classCode=OBS, moodCode=EVN, code=ASSERTION, value<Diagnosis]","clinical.general"
"Condition.id","","","",0,1,"","","Y","id {[]} {[]}
","Logical id of this artifact","The logical id of the resource, as used in the URL for the resource. Once assigned, this value never changes.","The only time that a resource does not have an id is when it is being submitted to the server using a create operation.","","","","","","","","",,,,,"",,,,"Resource.id",0,1,"",""
"Condition.meta","","","",0,1,"","","Y","Meta {[]} {[]}
","Metadata about the resource","The metadata about the resource. This is content that is maintained by the infrastructure. Changes to the content may not always be associated with version changes to the resource.","","","","","","","","","",,,,,"",,,,"Resource.meta",0,1,"",""
"Condition.meta.id","","","",0,1,"","","","string {[]} {[]}
","xml:id (or equivalent in JSON)","unique id for the element within a resource (for internal references). This may be any string value that does not contain spaces.","","","","","","","","","",,,,,"",,,,"Element.id",0,1,"","","n/a"
"Condition.meta.extension","","extensions
user content","",0,*,"","","","Extension {[]} {[]}
","Additional Content defined by implementations","May be used to represent additional information that is not part of the basic definition of the element. In order to make the use of extensions safe and manageable, there is a strict set of governance  applied to the definition and use of extensions. Though any implementer is allowed to define an extension, there is a set of requirements that SHALL be met as part of the definition of the extension.","There can be no stigma associated with the use of extensions by any application, project, or standard - regardless of the institution or jurisdiction that uses or defines the extensions.  The use of extensions is what allows the FHIR specification to retain a core level of simplicity for everyone.","","","","","","","","",,,,,"","value:url}
","Extensions are always sliced by (at least) url",,"open","Element.extension",0,*,"","","n/a"
"Condition.meta.extension","sourcesystem","","",0,1,"","","","Extension {[CanonicalType[http://hl7.org/fhir/us/odh/StructureDefinition/shr-core-SourceSystem-extension]]} {[]}
","","FHIR: This provides a minimal amount of Provenance information that can be used to track or differentiate the source of information in the resource. The source may identify another FHIR server, document, message, database, etc.
FHIM: Identifies the computer system that created the medical record. This optional field may also be used to indicate that the medical record was originally created by a different organization from the one that is currently storing or utilizing the record in that the assigning authority of the Id could be set to that originating organization. This property is optional, as some systems will assume that all records that it contains originated in that system, however it is anticipated that it will become increasingly commonplace for records from multiple systems and organizations will be comingled in order to provide a complete picture of the patient's health record.","","","","","","","","","",,,,,"",,,,"Element.extension",0,*,"",""
"Condition.meta.versionId","","","",0,1,"","","Y","id {[]} {[]}
","Version specific identifier","The version specific identifier, as it appears in the version portion of the URL. This values changes when the resource is created, updated, or deleted.","The server assigns this value, and ignores what the client specifies, except in the case that the server is imposing version integrity on updates/deletes.","","","","","","","","",,,,,"",,,,"",0,null,"",""
"Condition.meta.lastUpdated","","","",0,1,"","","Y","instant {[]} {[]}
","When the resource version last changed","When the resource last changed - e.g. when the version changed.","This value is always populated except when the resource is first being created. The server / resource manager sets this value; what a client provides is irrelevant.","","","","","","","","",,,,,"",,,,"",0,null,"",""
"Condition.meta.profile","","","",0,*,"","","Y","uri {[]} {[]}
","Profiles this resource claims to conform to","A list of profiles (references to [StructureDefinition](structuredefinition.html#) resources) that this resource claims to conform to. The URL is a reference to [StructureDefinition.url]().","It is up to the server and/or other infrastructure of policy to determine whether/how these claims are verified and/or updated over time.  The list of profile URLs is a set.","","","","","","","","",,,,,"",,,,"",0,null,"",""
"Condition.meta.security","","","",0,*,"","","Y","Coding {[]} {[]}
","Security Labels applied to this resource","Security labels applied to this resource. These tags connect specific resources to the overall security policy and infrastructure.","The security labels can be updated without changing the stated version of the resource  The list of security labels is a set. Uniqueness is based the system/code, and version and display are ignored.","","","","","","","","",,"extensible","Security Labels from the Healthcare Privacy and Security Classification System.","http://hl7.org/fhir/ValueSet/security-labels","",,,,"",0,null,"",""
"Condition.meta.tag","","","",0,*,"","","Y","Coding {[]} {[]}
","Tags applied to this resource","Tags applied to this resource. Tags are intended to be used to identify and relate resources to process and workflow, and applications are not required to consider the tags when interpreting the meaning of a resource.","The tags can be updated without changing the stated version of the resource.  The list of tags is a set. Uniqueness is based the system/code, and version and display are ignored.","","","","","","","","",,"example","Codes that represent various types of tags, commonly workflow-related; e.g. ""Needs review by Dr. Jones""","http://hl7.org/fhir/ValueSet/common-tags","",,,,"",0,null,"",""
"Condition.implicitRules","","","",0,1,"","Y","Y","uri {[]} {[]}
","A set of rules under which this content was created","A reference to a set of rules that were followed when the resource was constructed, and which must be understood when processing the content.","Asserting this rule set restricts the content to be only understood by a limited set of trading partners. This inherently limits the usefulness of the data in the long term. However, the existing health eco-system is highly fractured, and not yet ready to define, collect, and exchange data in a generally computable sense. Wherever possible, implementers and/or specification writers should avoid using this element. 

This element is labelled as a modifier because the implicit rules may provide additional knowledge about the resource that modifies it's meaning or interpretation.","","","","","","","","",,,,,"",,,,"Resource.implicitRules",0,1,"",""
"Condition.language","","","",0,1,"","","","code {[]} {[]}
","Language of the resource content","The base language in which the resource is written.","Language is provided to support indexing and accessibility (typically, services such as text to speech use the language tag). The html language tag in the narrative applies  to the narrative. The language tag on the resource may be used to specify the language of other presentations generated from the data in the resource  Not all the content has to be in the base language. The Resource.language should not be assumed to apply to the narrative automatically. If a language is specified, it should it also be specified on the div element in the html (see rules in HTML5 for information about the relationship between xml:lang and the html lang attribute).","","","","","","","","",,"extensible","A human language.","http://hl7.org/fhir/ValueSet/languages","",,,,"Resource.language",0,1,"",""
"Condition.text","","narrative
htmlxhtmldisplay","",0,1,"","","","Narrative {[]} {[]}
","Text summary of the resource, for human interpretation","A human-readable narrative that contains a summary of the resource, and may be used to represent the content of the resource to a human. The narrative need not encode all the structured data, but is required to contain sufficient detail to make it ""clinically safe"" for a human to just read the narrative. Resource definitions may define what content should be represented in the narrative to ensure clinical safety.","Contained resources do not have narrative. Resources that are not contained SHOULD have a narrative. In some cases, a resource may only have text with little or no additional discrete data (as long as all minOccurs=1 elements are satisfied).  This may be necessary for data from legacy systems where information is captured as a ""text blob"" or where text is additionally entered raw or narrated and encoded in formation is added later.","","","","","","","","",,,,,"",,,,"DomainResource.text",0,1,"dom-1
","","Act.text?"
"Condition.contained","","inline resources
anonymous resourcescontained resources","",0,*,"","","","Resource {[]} {[]}
","Contained, inline Resources","These resources do not have an independent existence apart from the resource that contains them - they cannot be identified independently, and nor can they have their own independent transaction scope.","This should never be done when the content can be identified properly, as once identification is lost, it is extremely difficult (and context dependent) to restore it again.","","","","","","","","",,,,,"",,,,"DomainResource.contained",0,*,"","","N/A"
"Condition.extension","","extensions
user content","",0,*,"","","","Extension {[]} {[]}
","Additional Content defined by implementations","May be used to represent additional information that is not part of the basic definition of the resource. In order to make the use of extensions safe and manageable, there is a strict set of governance  applied to the definition and use of extensions. Though any implementer is allowed to define an extension, there is a set of requirements that SHALL be met as part of the definition of the extension.","There can be no stigma associated with the use of extensions by any application, project, or standard - regardless of the institution or jurisdiction that uses or defines the extensions.  The use of extensions is what allows the FHIR specification to retain a core level of simplicity for everyone.","","","","","","","","",,,,,"","value:url}
","",,"open","DomainResource.extension",0,*,"","","N/A"
"Condition.extension","author","","",0,1,"","","","Extension {[CanonicalType[http://hl7.org/fhir/us/odh/StructureDefinition/shr-core-Author-extension]]} {[]}
","","The actor who created the item and it responsible for the content (regardless of the information source or who recorded it). If only the author is given, it is assumed the author is the information source and the recorder.","","","","","","","","","",,,,,"",,,,"DomainResource.extension",0,*,"",""
"Condition.extension","dateofdiagnosis","","",0,1,"","","","Extension {[CanonicalType[http://hl7.org/fhir/us/odh/StructureDefinition/shr-core-DateOfDiagnosis-extension]]} {[]}
","","The date the disease was first clinically recognized with sufficient certainty, regardless of whether it was fully characterized at that time.","","","","","","","","","",,,,,"",,,,"DomainResource.extension",0,*,"",""
"Condition.modifierExtension","","extensions
user content","",0,*,"","Y","","Extension {[]} {[]}
","Extensions that cannot be ignored","May be used to represent additional information that is not part of the basic definition of the resource, and that modifies the understanding of the element that contains it. Usually modifier elements provide negation or qualification. In order to make the use of extensions safe and manageable, there is a strict set of governance applied to the definition and use of extensions. Though any implementer is allowed to define an extension, there is a set of requirements that SHALL be met as part of the definition of the extension. Applications processing a resource are required to check for modifier extensions.","There can be no stigma associated with the use of extensions by any application, project, or standard - regardless of the institution or jurisdiction that uses or defines the extensions.  The use of extensions is what allows the FHIR specification to retain a core level of simplicity for everyone.","","","","","","","","",,,,,"",,,,"DomainResource.modifierExtension",0,*,"","","N/A"
"Condition.identifier","","","",0,*,"","","Y","Identifier {[]} {[]}
","External Ids for this condition","This records identifiers associated with this condition that are defined by business processes and/or used to refer to it when a direct URL reference to the resource itself is not appropriate (e.g. in CDA documents, or in written / printed documentation).","","Need to allow connection to a wider workflow.","","","","","","","",,,,,"",,,,"Condition.identifier",0,*,"","",".id","id"
"Condition.clinicalStatus","","","",1,1,"Y","Y","Y","code {[]} {[]}
","active | recurrence | inactive | remission | resolved","The clinical status of the condition.","This element is labeled as a modifier because the status contains codes that mark the condition as not currently valid or of concern.","","","","","","","","",,"required","","http://hl7.org/fhir/ValueSet/condition-clinical","",,,,"Condition.clinicalStatus",0,1,"con-3
con-4","","Condition.clinicalStatus","< 303105007 |Disease phases|","PRB-14 / DG1-6","Observation ACT
.inboundRelationship[typeCode=COMP].source[classCode=OBS, code=""clinicalStatus"", moodCode=EVN].value","status"
"Condition.verificationStatus","","","",1,1,"Y","Y","Y","code {[]} {[]}
","provisional | differential | confirmed | refuted | entered-in-error | unknown","The verification status to support the clinical status of the condition.","verificationStatus is not required.  For example, when a patient has abdominal pain in the ED, there is not likely going to be a verification status.

This element is labeled as a modifier because the status contains the code refuted and entered-in-error that mark the Condition as not currently valid.","","<valueCode xmlns=""http://hl7.org/fhir"" value=""unknown""/>","","","","","","",,"required","","http://hl7.org/fhir/ValueSet/condition-ver-status","",,,,"Condition.verificationStatus",0,1,"con-3
","","Condition.verificationStatus","< 410514004 |Finding context value|","PRB-13","Observation ACT
.inboundRelationship[typeCode=COMP].source[classCode=OBS, code=""verificationStatus"", moodCode=EVN].value","status","408729009"
"Condition.category","","","",1,1,"Y","","","CodeableConcept {[]} {[]}
","problem-list-item | encounter-diagnosis","A category assigned to the condition.","The categorization is often highly contextual and may appear poorly differentiated or not very useful in other contexts.","","","","","","","","",,"extensible","","http://hl7.org/fhir/us/odh/ValueSet/shr-core-ConditionCategoryVS","",,,,"Condition.category",0,*,"","","Condition.category","< 404684003 |Clinical finding|","'problem' if from PRB-3. 'diagnosis' if from DG1 segment in PV1 message",".code","class"
"Condition.severity","","","",0,1,"","","","CodeableConcept {[]} {[]}
","Subjective severity of condition","A subjective assessment of the severity of the condition as evaluated by the clinician.","Coding of the severity with a terminology is preferred, where possible.","","","","","","","","",,"preferred","A subjective assessment of the severity of the condition as evaluated by the clinician.","http://hl7.org/fhir/ValueSet/condition-severity","",,,,"Condition.severity",0,1,"","","< 272141005 |Severities|","PRB-26 / ABS-3","Can be pre/post-coordinated into value.  Or ./inboundRelationship[typeCode=SUBJ].source[classCode=OBS, moodCode=EVN, code=""severity""].value","grade","246112005"
"Condition.code","","type
","",1,1,"Y","","Y","CodeableConcept {[]} {[]}
","Identification of the condition, problem or diagnosis","Identification of the condition, problem or diagnosis.","","0..1 to account for primarily narrative only resources.","","","","","","","",,"extensible","Valueset to describe the actual problem experienced by the patient","http://hl7.org/fhir/us/core/ValueSet/us-core-problem","",,,,"Condition.code",0,1,"","","Condition.code","code 246090004 |Associated finding| (< 404684003 |Clinical finding| MINUS
<< 420134006 |Propensity to adverse reactions| MINUS 
<< 473010000 |Hypersensitivity condition| MINUS 
<< 79899007 |Drug interaction| MINUS
<< 69449002 |Drug action| MINUS 
<< 441742003 |Evaluation finding| MINUS 
<< 307824009 |Administrative status| MINUS 
<< 385356007 |Tumor stage finding|) 
OR < 413350009 |Finding with explicit context|
OR < 272379006 |Event|","PRB-3",".value","what","246090004"
"Condition.bodySite","","","",0,*,"","","Y","CodeableConcept {[]} {[]}
","Anatomical location, if relevant","The anatomical location where this condition manifests itself.","Only used if not implicit in code found in Condition.code. If the use case requires attributes from the BodySite resource (e.g. to identify and track separately) then use the standard extension [body-site-instance](extension-body-site-instance.html).  May be a summary code, or a reference to a very precise definition of the location, or both.","","","","","","","","",,"preferred","","http://hl7.org/fhir/us/odh/ValueSet/shr-core-BodyLocationVS","",,,,"Condition.bodySite",0,*,"","","< 442083009  |Anatomical or acquired body structure|",".targetBodySiteCode","363698007"
"Condition.bodySite.id","","","",0,1,"","","","string {[]} {[]}
","xml:id (or equivalent in JSON)","unique id for the element within a resource (for internal references). This may be any string value that does not contain spaces.","","","","","","","","","",,,,,"",,,,"Element.id",0,1,"","","n/a"
"Condition.bodySite.extension","","extensions
user content","",0,*,"","","","Extension {[]} {[]}
","Additional Content defined by implementations","May be used to represent additional information that is not part of the basic definition of the element. In order to make the use of extensions safe and manageable, there is a strict set of governance  applied to the definition and use of extensions. Though any implementer is allowed to define an extension, there is a set of requirements that SHALL be met as part of the definition of the extension.","There can be no stigma associated with the use of extensions by any application, project, or standard - regardless of the institution or jurisdiction that uses or defines the extensions.  The use of extensions is what allows the FHIR specification to retain a core level of simplicity for everyone.","","","","","","","","",,,,,"","value:url}
","Extensions are always sliced by (at least) url",,"open","Element.extension",0,*,"","","n/a"
"Condition.bodySite.extension","laterality","","",0,*,"","","","Extension {[CanonicalType[http://hl7.org/fhir/us/odh/StructureDefinition/shr-core-Laterality-extension]]} {[]}
","","Body side of the body location, if needed to distinguish from a similar location on the other side of the body.

The laterality element is part of BodyLocation, a flexible structure that allows the location to be determined by a single code, or a code plus laterality and/or orientation. The body location can also be specified in relation to one or more body landmarks. SNOMED CT is used in all cases.

+ Code only: The code should include (precoordinate) laterality and/orientation to the degree necessary to completely specify the body location.
+ Code plus laterality and/or orientation: The basic code augmented by codes specifying the body side and/or anatomical orientation.
+ Relation to landmark: The location relative to a landmark is specified by:
- Establishing the location and type of landmark using a body site code and optional laterality/orientation, and
- Specifying the direction and distance from the landmark to the body location.

Note that BodyLocation is a data type (a reusable structure), not a stand-alone entity. The concept is similar to how a postal address can apply to a person, location, or organization. This contrasts with FHIR's stand-alone BodySite (aka BodyStructure in r4) which 'is not ... intended for describing the type of anatomical location but rather a specific body site on a specific patient' (FHIR 3.5).","","","","","","","","","",,,,,"",,,,"Element.extension",0,*,"",""
"Condition.bodySite.extension","orientation","","",0,*,"","","","Extension {[CanonicalType[http://hl7.org/fhir/us/odh/StructureDefinition/shr-core-Orientation-extension]]} {[]}
","","Orientation of the body location, if needed to distinguish from a similar location in another orientation.
The orientation element is part of BodyLocation, a flexible structure that allows the location to be determined by a single code, or a code plus laterality and/or orientation. The body location can also be specified in relation to one or more body landmarks. SNOMED CT is used in all cases.

+ Code only: The code should include (precoordinate) laterality and/orientation to the degree necessary to completely specify the body location.
+ Code plus laterality and/or orientation: The basic code augmented by codes specifying the body side and/or anatomical orientation.
+ Relation to landmark: The location relative to a landmark is specified by:
- Establishing the location and type of landmark using a body site code and optional laterality/orientation, and
- Specifying the direction and distance from the landmark to the body location.

Note that BodyLocation is a data type (a reusable structure), not a stand-alone entity. The concept is similar to how a postal address can apply to a person, location, or organization. This contrasts with FHIR's stand-alone BodySite (aka BodyStructure in r4) which 'is not ... intended for describing the type of anatomical location but rather a specific body site on a specific patient' (FHIR 3.5).","","","","","","","","","",,,,,"",,,,"Element.extension",0,*,"",""
"Condition.bodySite.extension","relationtolandmark","","",0,*,"","","","Extension {[CanonicalType[http://hl7.org/fhir/us/odh/StructureDefinition/shr-core-RelationToLandmark-extension]]} {[]}
","","The relationship between a landmark that helps determine a body location and the body location itself. The location relative to a landmark is specified by:
* Specifying the location and type of landmark using a body site code and optional laterality/orientation,
* Specifying the direction from the landmark to the body location, and
* Specifying the distance from the landmark to the body location.

The RelationToLandmark element is part of BodyLocation, a flexible structure that allows the location to be determined by a single code, or a code plus laterality and/or orientation. The body location can also be specified in relation to one or more body landmarks. SNOMED CT is used in all cases.

+ Code only: The code should include (precoordinate) laterality and/orientation to the degree necessary to completely specify the body location.
+ Code plus laterality and/or orientation: The basic code augmented by codes specifying the body side and/or anatomical orientation.
+ Relation to landmark: The location relative to a landmark is specified by:
- Establishing the location and type of landmark using a body site code and optional laterality/orientation, and
- Specifying the direction and distance from the landmark to the body location.

Note that BodyLocation is a data type (a reusable structure), not a stand-alone entity. The concept is similar to how a postal address can apply to a person, location, or organization. This contrasts with FHIR's stand-alone BodySite (aka BodyStructure in r4) which 'is not ... intended for describing the type of anatomical location but rather a specific body site on a specific patient' (FHIR 3.5).","","","","","","","","","",,,,,"",,,,"Element.extension",0,*,"",""
"Condition.bodySite.coding","","","",0,*,"","","Y","Coding {[]} {[]}
","Code defined by a terminology system","A reference to a code defined by a terminology system.","Codes may be defined very casually in enumerations, or code lists, up to very formal definitions such as SNOMED CT - see the HL7 v3 Core Principles for more information.  Ordering of codings is undefined and SHALL NOT be used to infer meaning. Generally, at most only one of the coding values will be labeled as UserSelected = true.","Allows for translations and alternate encodings within a code system.  Also supports communication of the same instance to systems requiring different encodings.","","","","","","","",,,,,"",,,,"",0,null,"","","C*E.1-8, C*E.10-22","union(., ./translation)"
"Condition.bodySite.text","","","",0,1,"","","Y","string {[]} {[]}
","Plain text representation of the concept","A human language representation of the concept as seen/selected/uttered by the user who entered the data and/or which represents the intended meaning of the user.","Very often the text is the same as a displayName of one of the codings.","The codes from the terminologies do not always capture the correct meaning with all the nuances of the human using them, or sometimes there is no appropriate code at all. In these cases, the text is used to capture the full meaning of the source.","","","","","","","",,,,,"",,,,"",0,null,"","","C*E.9. But note many systems use C*E.2 for this","./originalText[mediaType/code=""text/plain""]/data"
"Condition.subject","","patient
","",1,1,"Y","","Y","Reference {[]} {[CanonicalType[http://hl7.org/fhir/us/odh/StructureDefinition/shr-core-Patient]]}
","Who has the condition?","Indicates the patient or group who the condition record is associated with.","","Group is typically used for veterinary or public health use cases.","","","","","","","",,,,,"",,,,"Condition.subject",1,1,"","","Condition.patient","PID-3",".participation[typeCode=SBJ].role[classCode=PAT]","who.focus"
"Condition.context","","encounter
","",0,1,"","","Y","Reference {[]} {[CanonicalType[http://hl7.org/fhir/us/odh/StructureDefinition/shr-core-Encounter]]}
","Encounter or episode when condition first asserted","Encounter during which the condition was first asserted.","This record indicates the encounter this particular record is associated with.  In the case of a ""new"" diagnosis reflecting ongoing/revised information about the condition, this might be distinct from the first encounter in which the underlying condition was first ""known"".","","","","","","","","",,,,,"",,,,"Condition.context",0,1,"","","PV1-19 (+PV1-54)",".inboundRelationship[typeCode=COMP].source[classCode=ENC, moodCode=EVN]","context"
"Condition.onset[x]","","","",0,1,"","","Y","dateTime {[]} {[]}
Age {[]} {[]}Period {[]} {[]}Range {[]} {[]}string {[]} {[]}","Estimated or actual date,  date-time, or age","Estimated or actual date or date-time  the condition began, in the opinion of the clinician.","Age is generally used when the patient reports an age at which the Condition began to occur.","","","","","","","","",,,,,"",,,,"Condition.onset[x]",0,1,"","","PRB-16",".effectiveTime.low or .inboundRelationship[typeCode=SUBJ].source[classCode=OBS, moodCode=EVN, code=""age at onset""].value","when.init"
"Condition.abatement[x]","","","",0,1,"","","","dateTime {[]} {[]}
Age {[]} {[]}boolean {[]} {[]}Period {[]} {[]}Range {[]} {[]}string {[]} {[]}","If/when in resolution/remission","The date or estimated date that the condition resolved or went into remission. This is called ""abatement"" because of the many overloaded connotations associated with ""remission"" or ""resolution"" - Conditions are never really resolved, but they can abate.","There is no explicit distinction between resolution and remission because in many cases the distinction is not clear. Age is generally used when the patient reports an age at which the Condition abated.  If there is no abatement element, it is unknown whether the condition has resolved or entered remission; applications and users should generally assume that the condition is still valid.  When abatementString exists, it implies the condition is abated.","","","","","","","","",,,,,"",,,,"Condition.abatement[x]",0,1,"con-4
","",".effectiveTime.high or .inboundRelationship[typeCode=SUBJ].source[classCode=OBS, moodCode=EVN, code=""age at remission""].value or .inboundRelationship[typeCode=SUBJ]source[classCode=CONC, moodCode=EVN].status=completed","when.done"
"Condition.assertedDate","","","",0,1,"","","Y","dateTime {[]} {[]}
","Date record was believed accurate","The date on which the existance of the Condition was first asserted or acknowledged.","The assertedDate represents the date when this particular Condition record was created in the EHR, not the date of the most recent update in terms of when severity, abatement, etc. were specified.  The date of the last record modification can be retrieved from the resource metadata.","","","","","","","","",,,,,"",,,,"Condition.assertedDate",0,1,"","","REL-11",".participation[typeCode=AUT].time","when.recorded"
"Condition.asserter","","","",0,1,"","","Y","Reference {[]} {[CanonicalType[http://hl7.org/fhir/us/odh/StructureDefinition/shr-core-Practitioner], CanonicalType[http://hl7.org/fhir/us/odh/StructureDefinition/shr-core-Patient], CanonicalType[http://hl7.org/fhir/us/odh/StructureDefinition/shr-core-RelatedPerson]]}
","Person who asserts this condition","Individual who is making the condition statement.","","","","","","","","","",,,,,"",,,,"Condition.asserter",0,1,"","","REL-7.1 identifier + REL-7.12 type code",".participation[typeCode=AUT].role","who.author"
"Condition.stage","","","",0,1,"","","","BackboneElement {[]} {[]}
","Stage/grade, usually assessed formally","Clinical stage or grade of a condition. May include formal severity assessments.","","","","","","","","","",,,,,"",,,,"Condition.stage",0,1,"","ele-1:All FHIR elements must have a @value or children {hasValue() | (children().count() > id.count())}
con-1:Stage SHALL have summary or assessment {summary.exists() or assessment.exists()}","./inboundRelationship[typeCode=SUBJ].source[classCode=OBS, moodCode=EVN, code=""stage/grade""]"
"Condition.stage.id","","","",0,1,"","","","string {[]} {[]}
","xml:id (or equivalent in JSON)","unique id for the element within a resource (for internal references). This may be any string value that does not contain spaces.","","","","","","","","","",,,,,"",,,,"Element.id",0,1,"","","n/a"
"Condition.stage.extension","","extensions
user content","",0,*,"","","","Extension {[]} {[]}
","Additional Content defined by implementations","May be used to represent additional information that is not part of the basic definition of the element. In order to make the use of extensions safe and manageable, there is a strict set of governance  applied to the definition and use of extensions. Though any implementer is allowed to define an extension, there is a set of requirements that SHALL be met as part of the definition of the extension.","There can be no stigma associated with the use of extensions by any application, project, or standard - regardless of the institution or jurisdiction that uses or defines the extensions.  The use of extensions is what allows the FHIR specification to retain a core level of simplicity for everyone.","","","","","","","","",,,,,"","value:url}
","",,"open","Element.extension",0,*,"","","n/a"
"Condition.stage.extension","type","","",0,1,"","","","Extension {[CanonicalType[http://hl7.org/fhir/us/odh/StructureDefinition/shr-core-Type-extension]]} {[]}
","","A code describing the item at a greater level of detail.","","","","","","","","","",,,,,"",,,,"Element.extension",0,*,"",""
"Condition.stage.extension.id","","","",0,1,"","","","string {[]} {[]}
","xml:id (or equivalent in JSON)","unique id for the element within a resource (for internal references). This may be any string value that does not contain spaces.","","","","","","","","","",,,,,"",,,,"Element.id",0,1,"","","N/A"
"Condition.stage.extension.extension","","","",0,0,"","","","Extension {[]} {[]}
","Extension","An Extension","","","","","","","","","",,,,,"",,,,"Element.extension",0,*,"",""
"Condition.stage.extension.url","","","",1,1,"","","","uri {[]} {[]}
","identifies the meaning of the extension","Source of the definition for the extension code - a logical name or a URL.","","","","","<valueUri xmlns=""http://hl7.org/fhir"" value=""http://hl7.org/fhir/us/odh/StructureDefinition/shr-core-Type-extension""/>","","","","",,,,,"",,,,"Extension.url",1,1,"","","N/A"
"Condition.stage.extension.valueCodeableConcept","","","",1,1,"","","","CodeableConcept {[]} {[]}
","Value of extension","Value of extension - may be a resource or one of a constrained set of the data types (see Extensibility in the spec for list).","","","","","","","","","",,"example","","http://hl7.org/fhir/ValueSet/condition-stage-type","",,,,"Extension.value[x]",0,1,"","","N/A"
"Condition.stage.modifierExtension","","extensions
user contentmodifiers","",0,*,"","Y","Y","Extension {[]} {[]}
","Extensions that cannot be ignored","May be used to represent additional information that is not part of the basic definition of the element, and that modifies the understanding of the element that contains it. Usually modifier elements provide negation or qualification. In order to make the use of extensions safe and manageable, there is a strict set of governance applied to the definition and use of extensions. Though any implementer is allowed to define an extension, there is a set of requirements that SHALL be met as part of the definition of the extension. Applications processing a resource are required to check for modifier extensions.","There can be no stigma associated with the use of extensions by any application, project, or standard - regardless of the institution or jurisdiction that uses or defines the extensions.  The use of extensions is what allows the FHIR specification to retain a core level of simplicity for everyone.","","","","","","","","",,,,,"",,,,"BackboneElement.modifierExtension",0,*,"","","N/A"
"Condition.stage.summary","","","",0,1,"","","","CodeableConcept {[]} {[]}
","Simple summary (disease specific)","A simple summary of the stage such as ""Stage 3"". The determination of the stage is disease-specific.","","","","","","","","","",,"example","Codes describing condition stages (e.g. Cancer stages).","http://hl7.org/fhir/ValueSet/condition-stage","",,,,"Condition.stage.summary",0,1,"con-1
","","< 254291000 |Staging and scales|","PRB-14",".value"
"Condition.stage.assessment","","","",0,1,"","","","Reference {[]} {[CanonicalType[http://hl7.org/fhir/us/odh/StructureDefinition/shr-core-DiagnosticReport], CanonicalType[http://hl7.org/fhir/us/odh/StructureDefinition/shr-core-Observation]]}
","Formal record of assessment","Reference to a formal record of the evidence on which the staging assessment is based.","","","","","","","","","",,,,,"",,,,"Condition.stage.assessment",0,*,"con-1
","",".self"
"Condition.evidence","","","",0,*,"","","","BackboneElement {[]} {[]}
","Supporting evidence","Supporting Evidence / manifestations that are the basis on which this condition is suspected or confirmed.","The evidence may be a simple list of coded symptoms/manifestations, or references to observations or formal assessments, or both.","","","","","","","","",,,,,"",,,,"Condition.evidence",0,*,"","ele-1:All FHIR elements must have a @value or children {hasValue() | (children().count() > id.count())}
con-2:evidence SHALL have code or details {code.exists() or detail.exists()}",".outboundRelationship[typeCode=SPRT].target[classCode=OBS, moodCode=EVN]"
"Condition.evidence.id","","","",0,1,"","","","string {[]} {[]}
","xml:id (or equivalent in JSON)","unique id for the element within a resource (for internal references). This may be any string value that does not contain spaces.","","","","","","","","","",,,,,"",,,,"Element.id",0,1,"","","n/a"
"Condition.evidence.extension","","extensions
user content","",0,*,"","","","Extension {[]} {[]}
","Additional Content defined by implementations","May be used to represent additional information that is not part of the basic definition of the element. In order to make the use of extensions safe and manageable, there is a strict set of governance  applied to the definition and use of extensions. Though any implementer is allowed to define an extension, there is a set of requirements that SHALL be met as part of the definition of the extension.","There can be no stigma associated with the use of extensions by any application, project, or standard - regardless of the institution or jurisdiction that uses or defines the extensions.  The use of extensions is what allows the FHIR specification to retain a core level of simplicity for everyone.","","","","","","","","",,,,,"",,,,"Element.extension",0,*,"","","n/a"
"Condition.evidence.modifierExtension","","extensions
user contentmodifiers","",0,*,"","Y","Y","Extension {[]} {[]}
","Extensions that cannot be ignored","May be used to represent additional information that is not part of the basic definition of the element, and that modifies the understanding of the element that contains it. Usually modifier elements provide negation or qualification. In order to make the use of extensions safe and manageable, there is a strict set of governance applied to the definition and use of extensions. Though any implementer is allowed to define an extension, there is a set of requirements that SHALL be met as part of the definition of the extension. Applications processing a resource are required to check for modifier extensions.","There can be no stigma associated with the use of extensions by any application, project, or standard - regardless of the institution or jurisdiction that uses or defines the extensions.  The use of extensions is what allows the FHIR specification to retain a core level of simplicity for everyone.","","","","","","","","",,,,,"",,,,"BackboneElement.modifierExtension",0,*,"","","N/A"
"Condition.evidence.code","","","",0,*,"","","Y","CodeableConcept {[]} {[]}
","Manifestation/symptom","A manifestation or symptom that led to the recording of this condition.","","","","","","","","","",,"example","","http://hl7.org/fhir/ValueSet/clinical-findings","",,,,"Condition.evidence.code",0,*,"con-2
","","< 404684003 |Clinical finding|","[code=""diagnosis""].value","why"
"Condition.evidence.detail","","","",0,*,"","","Y","Reference {[]} {[CanonicalType[http://hl7.org/fhir/us/odh/StructureDefinition/shr-core-DomainResource]]}
","Supporting information found elsewhere","Links to other relevant information, including pathology reports.","","","","","","","","","",,,,,"",,,,"Condition.evidence.detail",0,*,"con-2
","",".self","why"
"Condition.note","","","",0,*,"","","","Annotation {[CanonicalType[http://hl7.org/fhir/us/odh/StructureDefinition/shr-core-Annotation]]} {[]}
","Additional information about the Condition","Additional information about the Condition. This is a general notes/comments entry  for description of the Condition, its diagnosis and prognosis.","","","","","","","","","",,,,,"",,,,"Condition.note",0,*,"","","NTE child of PRB",".inboundRelationship[typeCode=SUBJ].source[classCode=OBS, moodCode=EVN, code=""annotation""].value"
