"Path","Slice Name","Alias(s)","Label","Min","Max","Must Support?","Is Modifier?","Is Summary?","Type(s)","Short","Definition","Comments","Requirements","Default Value","Meaning When Missing","Fixed Value","Pattern","Example","Minimum Value","Maximum Value","Maximum Length","Binding Strength","Binding Description","Binding Value Set","Code","Slicing Discriminator","Slicing Description","Slicing Ordered","Slicing Rules","Base Path","Base Min","Base Max","Condition(s)","Constraint(s)"
"shr-core-ResearchSubject-model","","","",0,*,"","","","","","Record of a subject's enrollment and participation in a research study.","","","","","","","","","",,,,,"",,,,"shr-core-ResearchSubject-model",0,*,"",""
"shr-core-ResearchSubject-model.metadata","","","",0,1,"","","","http://hl7.org/fhir/us/shr/StructureDefinition/shr-core-Metadata-model {[]} {[]}
","Elements that belong to all information items.","Elements that belong to all information items.","","","","","","","","","",,,,,"",,,,"shr-core-ResearchSubject-model.metadata",0,1,"",""
"shr-core-ResearchSubject-model.language","","","",0,1,"","","","Coding {[]} {[]}
","A human language, spoken or written.","A human language, spoken or written.","","","","","","","","","",,,,,"http://ncimeta.nci.nih.gov#C0023008
",,,,"shr-core-ResearchSubject-model.language",0,1,"",""
"shr-core-ResearchSubject-model.implicitRules","","","",0,1,"","","","uri {[]} {[]}
","A set of rules under which this content was created","A set of rules under which this content was created","","","","","","","","","",,,,,"",,,,"shr-core-ResearchSubject-model.implicitRules",0,1,"",""
"shr-core-ResearchSubject-model.narrative","","","",0,1,"","","","http://hl7.org/fhir/us/shr/StructureDefinition/shr-core-Narrative-model {[]} {[]}
","A human-readable narrative, potentially including images, that contains a summary of the resource, and may be used to represent the content of the resource to a human.","A human-readable narrative, potentially including images, that contains a summary of the resource, and may be used to represent the content of the resource to a human.","","","","","","","","","",,,,,"",,,,"shr-core-ResearchSubject-model.narrative",0,1,"",""
"shr-core-ResearchSubject-model.status","","","",1,1,"","","","Coding {[]} {[]}
","A state that relates to the workflow or interpretation of this resource. Certain status values can modify the meaning of the resource, for example, entered-in-error. When a boolean value is used, Status of true indicates the record is active, false means inactive.","A state that relates to the workflow or interpretation of this resource. Certain status values can modify the meaning of the resource, for example, entered-in-error. When a boolean value is used, Status of true indicates the record is active, false means inactive.","","","","","","","","","",,"required","","http://hl7.org/fhir/ValueSet/research-subject-status","",,,,"shr-core-ResearchSubject-model.status",1,1,"",""
"shr-core-ResearchSubject-model.identifier","","","",0,1,"","","","http://hl7.org/fhir/us/shr/StructureDefinition/shr-core-Identifier-model {[]} {[]}
","Business identifier or external id for this resource.","Business identifier or external id for this resource.","","","","","","","","","",,,,,"",,,,"shr-core-ResearchSubject-model.identifier",0,1,"",""
"shr-core-ResearchSubject-model.patient","","","",1,1,"","","","Reference {[]} {[CanonicalType[http://hl7.org/fhir/us/shr/StructureDefinition/shr-core-Patient-model]]}
","A person in the role of a patient. Sometimes, the patient is not the subject of information in a clinical statement where the Patient is the SubjectOfRecord.","A person in the role of a patient. Sometimes, the patient is not the subject of information in a clinical statement where the Patient is the SubjectOfRecord.

SHR follows Argonaut and makes the value set binding on marital status required. SHR also adds optional extensions on communication ability to more fully characterize language skills.
MaritalStatus has a required binding in Argonaut, but an extensible binding in US-Core. To be feasible under both DSTU2 Argonaut and STU3 US-Core, the required binding strength is adopted.","","","","","","","","","",,,,,"http://ncimeta.nci.nih.gov#C1299487
",,,,"shr-core-ResearchSubject-model.patient",1,1,"",""
"shr-core-ResearchSubject-model.researchStudy","","","",1,1,"","","","Reference {[]} {[CanonicalType[http://hl7.org/fhir/us/shr/StructureDefinition/shr-core-ResearchStudy-model]]}
","A clinical trial or similar research study. Reference: list of FDA data elements describing a research study: prsinfo.clinicaltrials.gov/definitions.html","A clinical trial or similar research study. Reference: list of FDA data elements describing a research study: prsinfo.clinicaltrials.gov/definitions.html","","","","","","","","","",,,,,"",,,,"shr-core-ResearchSubject-model.researchStudy",1,1,"",""
"shr-core-ResearchSubject-model.participationPeriod","","","",1,1,"","","","http://hl7.org/fhir/us/shr/StructureDefinition/shr-core-TimePeriod-model {[]} {[]}
","The point in time or span of time the participant is involved.","The point in time or span of time the participant is involved.","","","","","","","","","",,,,,"http://ncimeta.nci.nih.gov#C1948053
",,,,"shr-core-ResearchSubject-model.participationPeriod",1,1,"",""
"shr-core-ResearchSubject-model.terminationReason","","","",0,1,"","","","Coding {[]} {[]}
","A code explaining unplanned or premature termination of a plan of treatment, course of medication, or research study.","A code explaining unplanned or premature termination of a plan of treatment, course of medication, or research study.","","","","","","","","","",,"required","","http://hl7.org/fhir/us/odh/shr/core/vs/ResearchSubjectTerminationReasonVS","",,,,"shr-core-ResearchSubject-model.terminationReason",0,1,"",""
