"Path","Slice Name","Alias(s)","Label","Min","Max","Must Support?","Is Modifier?","Is Summary?","Type(s)","Short","Definition","Comments","Requirements","Default Value","Meaning When Missing","Fixed Value","Pattern","Example","Minimum Value","Maximum Value","Maximum Length","Binding Strength","Binding Description","Binding Value Set","Code","Slicing Discriminator","Slicing Description","Slicing Ordered","Slicing Rules","Base Path","Base Min","Base Max","Condition(s)","Constraint(s)"
"shr-core-FocalDevice-model","","","",0,*,"","","","","","Activity involving a device that is implanted, removed or otherwise manipulated (e.g., calibration, battery replacement, fitting a prosthesis, attaching a wound-vac, etc.) as a focal portion of the Procedure.","","","","","","","","","",,,,,"",,,,"shr-core-FocalDevice-model",0,*,"",""
"shr-core-FocalDevice-model.device","","","",1,1,"","","","Reference {[]} {[CanonicalType[http://hl7.org/fhir/us/odh/StructureDefinition/shr-core-Device-model]]}
","A specific durable physical device used in diagnosis or treatment. The value is the coding for a type of device, for example, a CPAP machine. The same device might be used on multiple patients.","A specific durable physical device used in diagnosis or treatment. The value is the coding for a type of device, for example, a CPAP machine. The same device might be used on multiple patients.
Device status cannot be reconciled between Argonaut and US-Core, each having different required value sets.
Device type has extensible mappings to different value sets in Argonaut and US-Core, however both value sets have identical SNOMED content (descendants of 49062001 (Device). We adopt the US-Core value set, which is allowable because the binding is extensible.","","","","","","","","","",,,,,"",,,,"shr-core-FocalDevice-model.device",1,1,"",""
"shr-core-FocalDevice-model.focalDeviceAction","","","",0,1,"","","","Coding {[]} {[]}
","The kind of change that happened to the device during the procedure.","The kind of change that happened to the device during the procedure.","","","","","","","","","",,"required","","http://hl7.org/fhir/ValueSet/device-action","",,,,"shr-core-FocalDevice-model.focalDeviceAction",0,1,"",""
