"Path","Slice Name","Alias(s)","Label","Min","Max","Must Support?","Is Modifier?","Is Summary?","Type(s)","Short","Definition","Comments","Requirements","Default Value","Meaning When Missing","Fixed Value","Pattern","Example","Minimum Value","Maximum Value","Maximum Length","Binding Strength","Binding Description","Binding Value Set","Code","Slicing Discriminator","Slicing Description","Slicing Ordered","Slicing Rules","Base Path","Base Min","Base Max","Condition(s)","Constraint(s)"
"shr-core-ObservationComponent-model","","","",0,*,"","","","","","A sub-observation contributing to the parent observation, expressed as separate code value pairs that share the same attributes. Examples include systolic and diastolic component observations for blood pressure measurement and multiple component observations for genetics observations. Component observations share the same attributes in the Observation resource as the primary observation and are always treated a part of a single observation (they are not separable). However, the reference range for the primary observation value is not inherited by the component values and is required when appropriate for each component observation.","","","","","","","","","",,,,,"",,,,"shr-core-ObservationComponent-model",0,*,"",""
"shr-core-ObservationComponent-model.code","","","",1,1,"","","","Coding {[]} {[]}
","The main type identifier for a lab, procedure, condition, etc., usually drawn from a controlled vocabulary.","The main type identifier for a lab, procedure, condition, etc., usually drawn from a controlled vocabulary.","","","","","","","","","",,,,,"",,,,"shr-core-ObservationComponent-model.code",1,1,"",""
"shr-core-ObservationComponent-model.dataValue[x]","","","",0,1,"","","","Coding {[]} {[]}
http://hl7.org/fhir/us/odh/StructureDefinition/shr-core-Quantity-model {[]} {[]}string {[]} {[]}http://hl7.org/fhir/us/odh/StructureDefinition/shr-core-Range-model {[]} {[]}http://hl7.org/fhir/us/odh/StructureDefinition/shr-core-Ratio-model {[]} {[]}time {[]} {[]}dateTime {[]} {[]}http://hl7.org/fhir/us/odh/StructureDefinition/shr-core-TimePeriod-model {[]} {[]}http://hl7.org/fhir/us/odh/StructureDefinition/shr-core-SampledData-model {[]} {[]}","The value or result of a test, evaluation, or judgment, for example, a systolic blood pressure, or if a condition or body structure is present or absent.","The value or result of a test, evaluation, or judgment, for example, a systolic blood pressure, or if a condition or body structure is present or absent.","","","","","","","","","",,,,,"",,,,"shr-core-ObservationComponent-model.dataValue[x]",0,1,"",""
"shr-core-ObservationComponent-model.dataAbsentReason","","","",0,1,"","","","Coding {[]} {[]}
","Reason that a value associated with a test or other finding is missing.","Reason that a value associated with a test or other finding is missing.","","","","","","","","","",,"extensible","","http://hl7.org/fhir/ValueSet/data-absent-reason","",,,,"shr-core-ObservationComponent-model.dataAbsentReason",0,1,"",""
"shr-core-ObservationComponent-model.interpretation","","","",0,1,"","","","Coding {[]} {[]}
","A clinical interpretation of a finding (applies to both assertions and observation).","A clinical interpretation of a finding (applies to both assertions and observation).","","","","","","","","","",,"extensible","","http://hl7.org/fhir/ValueSet/observation-interpretation","",,,,"shr-core-ObservationComponent-model.interpretation",0,1,"",""
"shr-core-ObservationComponent-model.referenceRange","","","",0,1,"","","","http://hl7.org/fhir/us/odh/StructureDefinition/shr-core-ReferenceRange-model {[]} {[]}
","The usual or acceptable range for a test result.","The usual or acceptable range for a test result.","","","","","","","","","",,,,,"http://ncimeta.nci.nih.gov#C0883335
",,,,"shr-core-ObservationComponent-model.referenceRange",0,1,"",""
