"Path","Slice Name","Alias(s)","Label","Min","Max","Must Support?","Is Modifier?","Is Summary?","Type(s)","Short","Definition","Comments","Requirements","Default Value","Meaning When Missing","Fixed Value","Pattern","Example","Minimum Value","Maximum Value","Maximum Length","Binding Strength","Binding Description","Binding Value Set","Code","Slicing Discriminator","Slicing Description","Slicing Ordered","Slicing Rules","Base Path","Base Min","Base Max","Condition(s)","Constraint(s)"
"shr-core-Insurance-model","","","",0,*,"","","","","","Insurance plans, coverage extensions, pre-authorizations and/or pre-determinations that may be needed for delivering the requested service.","","","","","","","","","",,,,,"",,,,"shr-core-Insurance-model",0,*,"",""
"shr-core-Insurance-model.value","","","",1,1,"","","","Reference {[]} {[CanonicalType[http://hl7.org/fhir/us/odh/StructureDefinition/shr-core-Coverage-model]]}
","Coverage representing insurance plans, coverage extensions, pre-authorizations and/or pre-determinations that may be needed for delivering the requested service.","Coverage representing insurance plans, coverage extensions, pre-authorizations and/or pre-determinations that may be needed for delivering the requested service.","","","","","","","","","",,,,,"http://ncimeta.nci.nih.gov#C0021682 (HealthInsurance)
",,,,"shr-core-Insurance-model.value",1,1,"",""
