"Path","Slice Name","Alias(s)","Label","Min","Max","Must Support?","Is Modifier?","Is Summary?","Type(s)","Short","Definition","Comments","Requirements","Default Value","Meaning When Missing","Fixed Value","Pattern","Example","Minimum Value","Maximum Value","Maximum Length","Binding Strength","Binding Description","Binding Value Set","Code","Slicing Discriminator","Slicing Description","Slicing Ordered","Slicing Rules","Base Path","Base Min","Base Max","Condition(s)","Constraint(s)"
"shr-core-Substance-model","","","",0,*,"","","","","","Any matter of defined composition that has discrete existence, whose origin may be biological, mineral or chemical.","","","","","","","","","",,,,,"",,,,"shr-core-Substance-model",0,*,"",""
"shr-core-Substance-model.metadata","","","",0,1,"","","","http://hl7.org/fhir/us/odh/StructureDefinition/shr-core-Metadata-model {[]} {[]}
","Elements that belong to all information items.","Elements that belong to all information items.","","","","","","","","","",,,,,"",,,,"shr-core-Substance-model.metadata",0,1,"",""
"shr-core-Substance-model.language","","","",0,1,"","","","Coding {[]} {[]}
","A human language, spoken or written.","A human language, spoken or written.","","","","","","","","","",,,,,"",,,,"shr-core-Substance-model.language",0,1,"",""
"shr-core-Substance-model.implicitRules","","","",0,1,"","","","uri {[]} {[]}
","A set of rules under which this content was created","A set of rules under which this content was created","","","","","","","","","",,,,,"",,,,"shr-core-Substance-model.implicitRules",0,1,"",""
"shr-core-Substance-model.narrative","","","",0,1,"","","","http://hl7.org/fhir/us/odh/StructureDefinition/shr-core-Narrative-model {[]} {[]}
","A human-readable narrative, potentially including images, that contains a summary of the resource, and may be used to represent the content of the resource to a human.","A human-readable narrative, potentially including images, that contains a summary of the resource, and may be used to represent the content of the resource to a human.","","","","","","","","","",,,,,"",,,,"shr-core-Substance-model.narrative",0,1,"",""
"shr-core-Substance-model.status","","","",0,1,"","","","Coding {[]} {[]}
","A state that relates to the workflow or interpretation of this resource. Certain status values can modify the meaning of the resource, for example, entered-in-error. When a boolean value is used, Status of true indicates the record is active, false means inactive.","A state that relates to the workflow or interpretation of this resource. Certain status values can modify the meaning of the resource, for example, entered-in-error. When a boolean value is used, Status of true indicates the record is active, false means inactive.","","","","","","","","","",,"required","","http://hl7.org/fhir/ValueSet/substance-status","",,,,"shr-core-Substance-model.status",0,1,"",""
"shr-core-Substance-model.identifier","","","",0,*,"","","","http://hl7.org/fhir/us/odh/StructureDefinition/shr-core-Identifier-model {[]} {[]}
","Business identifier or external id for this resource.","Business identifier or external id for this resource.","","","","","","","","","",,,,,"",,,,"shr-core-Substance-model.identifier",0,*,"",""
"shr-core-Substance-model.partOf","","","",0,0,"","","","Reference {[]} {[CanonicalType[http://hl7.org/fhir/us/odh/StructureDefinition/shr-core-DomainResource-model]]}
","The larger entity that the asserted item is a portion of. For example, an organization part of a larger organization, or an encounter with a hospitalist might be part of a larger hospitalization encounter.","The larger entity that the asserted item is a portion of. For example, an organization part of a larger organization, or an encounter with a hospitalist might be part of a larger hospitalization encounter.","","","","","","","","","",,,,,"",,,,"shr-core-Substance-model.partOf",0,0,"",""
"shr-core-Substance-model.category","","","",0,*,"","","","Coding {[]} {[]}
","The general type or class of this item.","The general type or class of this item.","","","","","","","","","",,"extensible","","http://hl7.org/fhir/ValueSet/substance-category","",,,,"shr-core-Substance-model.category",0,*,"",""
"shr-core-Substance-model.code","","","",1,1,"","","","Coding {[]} {[]}
","The main type identifier for a lab, procedure, condition, etc., usually drawn from a controlled vocabulary.","The main type identifier for a lab, procedure, condition, etc., usually drawn from a controlled vocabulary.","","","","","","","","","",,"example","","http://hl7.org/fhir/ValueSet/substance-code","",,,,"shr-core-Substance-model.code",1,1,"",""
"shr-core-Substance-model.commentOrDescription","","","",0,1,"","","","string {[]} {[]}
","A text note containing additional details, explanation, description, comment, or summarization.","A text note containing additional details, explanation, description, comment, or summarization.","","","","","","","","","",,,,,"",,,,"shr-core-Substance-model.commentOrDescription",0,1,"",""
"shr-core-Substance-model.ingredient","","","",0,*,"","","","http://hl7.org/fhir/us/odh/StructureDefinition/shr-core-Ingredient-model {[]} {[]}
","Specifies an material component in a non-medication substance.","Specifies an material component in a non-medication substance.","","","","","","","","","",,,,,"http://ncimeta.nci.nih.gov#C3176062
",,,,"shr-core-Substance-model.ingredient",0,*,"",""
