"Path","Slice Name","Alias(s)","Label","Min","Max","Must Support?","Is Modifier?","Is Summary?","Type(s)","Short","Definition","Comments","Requirements","Default Value","Meaning When Missing","Fixed Value","Pattern","Example","Minimum Value","Maximum Value","Maximum Length","Binding Strength","Binding Description","Binding Value Set","Code","Slicing Discriminator","Slicing Description","Slicing Ordered","Slicing Rules","Base Path","Base Min","Base Max","Condition(s)","Constraint(s)"
"shr-core-RelevantTime-model","","","",0,*,"","","","","","The time or time period that the statement addresses.
The clinically relevant time is not necessarily when the information is gathered or when a test is carried out, but for example, when a specimen was collected, or the time period referred to by the question. Use a TimePeriod for a measurement or specimen collection continued over a significant period of time (e.g. 24 hour Urine Sodium).","","","","","","","","","",,,,,"",,,,"shr-core-RelevantTime-model",0,*,"",""
"shr-core-RelevantTime-model.value[x]","","","",1,1,"","","","dateTime {[]} {[]}
http://hl7.org/fhir/us/odh/StructureDefinition/shr-core-TimePeriod-model {[]} {[]}","DateTime or TimePeriod representing the time or time period that the statement addresses.","DateTime or TimePeriod representing the time or time period that the statement addresses.
The clinically relevant time is not necessarily when the information is gathered or when a test is carried out, but for example, when a specimen was collected, or the time period referred to by the question. Use a TimePeriod for a measurement or specimen collection continued over a significant period of time (e.g. 24 hour Urine Sodium).","","","","","","","","","",,,,,"",,,,"shr-core-RelevantTime-model.value[x]",1,1,"",""
