"Path","Slice Name","Alias(s)","Label","Min","Max","Must Support?","Is Modifier?","Is Summary?","Type(s)","Short","Definition","Comments","Requirements","Default Value","Meaning When Missing","Fixed Value","Pattern","Example","Minimum Value","Maximum Value","Maximum Length","Binding Strength","Binding Description","Binding Value Set","Code","Slicing Discriminator","Slicing Description","Slicing Ordered","Slicing Rules","Base Path","Base Min","Base Max","Condition(s)","Constraint(s)"
"shr-core-MedicationAdministrationPartOf-model","","","",0,*,"","","","","","A larger event of which this particular event is a component or step.","","","","","","","","","",,,,,"",,,,"shr-core-MedicationAdministrationPartOf-model",0,*,"",""
"shr-core-MedicationAdministrationPartOf-model.value[x]","","","",1,1,"","","","Reference {[]} {[CanonicalType[http://hl7.org/fhir/us/odh/StructureDefinition/shr-core-MedicationAdministration-model], CanonicalType[http://hl7.org/fhir/us/odh/StructureDefinition/shr-core-Procedure-model]]}
","DomainResource or DomainResource representing a larger event of which this particular event is a component or step.","DomainResource or DomainResource representing a larger event of which this particular event is a component or step.","","","","","","","","","",,,,,"","type:$this}
","",,"open","shr-core-MedicationAdministrationPartOf-model.value[x]",1,1,"",""
"shr-core-MedicationAdministrationPartOf-model.valueShr-core-Procedure-model","Procedure","","",1,1,"","","","Reference {[]} {[CanonicalType[http://hl7.org/fhir/us/odh/StructureDefinition/shr-core-Procedure-model]]}
","An action that is or was performed on or for a patient. This can be a physical intervention like an operation, or less invasive like long term services, counseling, or hypnotherapy.","An action that is or was performed on or for a patient. This can be a physical intervention like an operation, or less invasive like long term services, counseling, or hypnotherapy.","","","","","","","","","",,,,,"",,,,"shr-core-MedicationAdministrationPartOf-model.value[x]",1,1,"",""
"shr-core-MedicationAdministrationPartOf-model.valueShr-core-MedicationAdministration-model","MedicationAdministration","","",1,1,"","","","Reference {[]} {[CanonicalType[http://hl7.org/fhir/us/odh/StructureDefinition/shr-core-MedicationAdministration-model]]}
","A record of the use of a medication. If the medication is given as part of a course of treatment, the PartOf attribute should refer to the CourseOfTreatment.","A record of the use of a medication. If the medication is given as part of a course of treatment, the PartOf attribute should refer to the CourseOfTreatment.
Although FHIR MedicationAdministration supports date of administration, information source, performer, it lacks common provenance elements, statement creation date, author, and recorder. These are supported as optional extensions.
FHIR DSTU2 lacks a category attribute, which is provided as an extension in that version.
SHR does not allow the 'not given' attributes from DSTU2 and STU3, since they are dropped in R4. The status element is used to document medications not given.","","","","","","","","","",,,,,"",,,,"shr-core-MedicationAdministrationPartOf-model.value[x]",1,1,"",""
