"Path","Slice Name","Alias(s)","Label","Min","Max","Must Support?","Is Modifier?","Is Summary?","Type(s)","Short","Definition","Comments","Requirements","Default Value","Meaning When Missing","Fixed Value","Pattern","Example","Minimum Value","Maximum Value","Maximum Length","Binding Strength","Binding Description","Binding Value Set","Code","Slicing Discriminator","Slicing Description","Slicing Ordered","Slicing Rules","Base Path","Base Min","Base Max","Condition(s)","Constraint(s)"
"shr-core-ClassHistory-model","","","",0,*,"","","","","","List of past encounter statuses","","","","","","","","","",,,,,"",,,,"shr-core-ClassHistory-model",0,*,"",""
"shr-core-ClassHistory-model.encounterClass","","","",1,1,"","","","Coding {[]} {[]}
","Concepts representing classification of patient encounter such as ambulatory (outpatient), inpatient, emergency, home health or others due to local variations.","Concepts representing classification of patient encounter such as ambulatory (outpatient), inpatient, emergency, home health or others due to local variations.","","","","","","","","","",,,,,"",,,,"shr-core-ClassHistory-model.encounterClass",1,1,"",""
"shr-core-ClassHistory-model.timePeriod","","","",1,1,"","","","http://hl7.org/fhir/us/odh/StructureDefinition/shr-core-TimePeriod-model {[]} {[]}
","A period of time defined by a start and end time, date, or year.","A period of time defined by a start and end time, date, or year.
If the start date/time is missing, the start of the period is not known. If the end date/time is missing, it means that the period is ongoing.","","","","","","","","","",,,,,"",,,,"shr-core-ClassHistory-model.timePeriod",1,1,"",""
