"Path","Slice Name","Alias(s)","Label","Min","Max","Must Support?","Is Modifier?","Is Summary?","Type(s)","Short","Definition","Comments","Requirements","Default Value","Meaning When Missing","Fixed Value","Pattern","Example","Minimum Value","Maximum Value","Maximum Length","Binding Strength","Binding Description","Binding Value Set","Code","Slicing Discriminator","Slicing Description","Slicing Ordered","Slicing Rules","Base Path","Base Min","Base Max","Condition(s)","Constraint(s)"
"shr-core-Sponsor-model","","","",0,*,"","","","","","The organization responsible for the execution of the study.","","","","","","","","","",,,,,"",,,,"shr-core-Sponsor-model",0,*,"",""
"shr-core-Sponsor-model.value","","","",1,1,"","","","Reference {[]} {[CanonicalType[http://hl7.org/fhir/us/shr/StructureDefinition/shr-core-Organization-model]]}
","Organization representing the organization responsible for the execution of the study.","Organization representing the organization responsible for the execution of the study.","","","","","","","","","",,,,,"http://ncimeta.nci.nih.gov#C1561598
",,,,"shr-core-Sponsor-model.value",1,1,"",""
