"Path","Slice Name","Alias(s)","Label","Min","Max","Must Support?","Is Modifier?","Is Summary?","Type(s)","Short","Definition","Comments","Requirements","Default Value","Meaning When Missing","Fixed Value","Pattern","Example","Minimum Value","Maximum Value","Maximum Length","Binding Strength","Binding Description","Binding Value Set","Code","Slicing Discriminator","Slicing Description","Slicing Ordered","Slicing Rules","Base Path","Base Min","Base Max","Condition(s)","Constraint(s)"
"shr-core-EncounterDiagnosis-model","","","",0,*,"","","","","","A diagnosis, which is a disease or injury determined to be present through evaluation of patient history, examination, and/or review of laboratory data. This element is not a stand-alone representation of the condition that was diagnosed, but is meant to be used as an sub-structure in a resource, such as Encounter.","","","","","","","","","",,,,,"",,,,"shr-core-EncounterDiagnosis-model",0,*,"",""
"shr-core-EncounterDiagnosis-model.diagnosisCode","","","",0,1,"","","","Coding {[]} {[]}
","Codes for a diagnosis.","Codes for a diagnosis.","","","","","","","","","",,,,,"",,,,"shr-core-EncounterDiagnosis-model.diagnosisCode",0,1,"",""
"shr-core-EncounterDiagnosis-model.condition","","","",1,1,"","","","Reference {[]} {[CanonicalType[http://hl7.org/fhir/us/odh/StructureDefinition/shr-core-Condition-model]]}
","A condition that is or may be present in a subject. 'Condition' is interpreted broadly and could be a disorder, abnormality, problem, injury, complaint, functionality, illness, disease, ailment, sickness, affliction, upset, difficulty, disorder, symptom, worry, or trouble.","A condition that is or may be present in a subject. 'Condition' is interpreted broadly and could be a disorder, abnormality, problem, injury, complaint, functionality, illness, disease, ailment, sickness, affliction, upset, difficulty, disorder, symptom, worry, or trouble.
The Observation-based class, ConditionAbsent, should be used to describe conditions that are not present or negative findings.
SHR Condition uses the SHR BodyLocation structure that includes not only a code, but optional laterality, direction, clock direction, and distance. If included, the distance is measured from the location specified by the code, laterality, and direction.","","","","","","","","","",,,,,"",,,,"shr-core-EncounterDiagnosis-model.condition",1,1,"",""
"shr-core-EncounterDiagnosis-model.priorityRank","","","",0,1,"","","","positiveInt {[]} {[]}
","The priority of the procedure, as a number (1 being the highest priority)","The priority of the procedure, as a number (1 being the highest priority)","","","","","","","","","",,,,,"",,,,"shr-core-EncounterDiagnosis-model.priorityRank",0,1,"",""
"shr-core-EncounterDiagnosis-model.type","","","",0,1,"","","","Coding {[]} {[]}
","A code describing the item at a greater level of detail.","A code describing the item at a greater level of detail.","","","","","","","","","",,"preferred","","http://hl7.org/fhir/ValueSet/diagnosis-role","http://ncimeta.nci.nih.gov#C0332307
",,,,"shr-core-EncounterDiagnosis-model.type",0,1,"",""
