"Path","Slice Name","Alias(s)","Label","Min","Max","Must Support?","Is Modifier?","Is Summary?","Type(s)","Short","Definition","Comments","Requirements","Default Value","Meaning When Missing","Fixed Value","Pattern","Example","Minimum Value","Maximum Value","Maximum Length","Binding Strength","Binding Description","Binding Value Set","Code","Slicing Discriminator","Slicing Description","Slicing Ordered","Slicing Rules","Base Path","Base Min","Base Max","Condition(s)","Constraint(s)"
"shr-core-HumanName-model","","","",0,*,"","","","","","A name used by a human being, written as it would be typically expressed. May include a breakdown of the various elements of the name (family name, given name, etc.).","","","","","","","","","",,,,,"",,,,"shr-core-HumanName-model",0,*,"",""
"shr-core-HumanName-model.nameAsText","","","",0,1,"","","","string {[]} {[]}
","The name as plain unstructured or semi-structured text.","The name as plain unstructured or semi-structured text.","","","","","","","","","",,,,,"",,,,"shr-core-HumanName-model.nameAsText",0,1,"",""
"shr-core-HumanName-model.purpose","","","",0,1,"","","","Coding {[]} {[]}
","What it should be used for.","What it should be used for.","","","","","","","","","",,"required","","http://hl7.org/fhir/ValueSet/name-use","",,,,"shr-core-HumanName-model.purpose",0,1,"",""
"shr-core-HumanName-model.effectiveTimePeriod","","","",0,1,"","","","http://hl7.org/fhir/us/shr/StructureDefinition/shr-core-EffectiveTimePeriod-model {[]} {[]}
","The date and time span for which something is active, valid, or in force.","The date and time span for which something is active, valid, or in force.","","","","","","","","","",,,,,"http://ncimeta.nci.nih.gov#C2985763
",,,,"shr-core-HumanName-model.effectiveTimePeriod",0,1,"",""
"shr-core-HumanName-model.prefix","","","",0,*,"","","","string {[]} {[]}
","A string that should precede the item; for example, an honorific before a person's name, or a question number before a question.","A string that should precede the item; for example, an honorific before a person's name, or a question number before a question.","","","","","","","","","",,,,,"",,,,"shr-core-HumanName-model.prefix",0,*,"",""
"shr-core-HumanName-model.givenName","","","",0,*,"","","","string {[]} {[]}
","The person's given name - e.g., John","The person's given name - e.g., John","","","","","","","","","",,,,,"http://loinc.org#45392-8
http://snomed.info/sct#408677003",,,,"shr-core-HumanName-model.givenName",0,*,"",""
"shr-core-HumanName-model.familyName","","","",0,1,"","","","string {[]} {[]}
","The portion of a person's name that reflects the genealogy of the person. In western cultures, this is the 'last' name. In eastern cultures, the family name appears before the person's given name(s). In some cultures (e.g. Eritrea) the family name of a son is the first name of his father. (Source: HL7 V3).","The portion of a person's name that reflects the genealogy of the person. In western cultures, this is the 'last' name. In eastern cultures, the family name appears before the person's given name(s). In some cultures (e.g. Eritrea) the family name of a son is the first name of his father. (Source: HL7 V3).","","","","","","","","","",,,,,"http://loinc.org#45394-4
",,,,"shr-core-HumanName-model.familyName",0,1,"",""
"shr-core-HumanName-model.suffix","","","",0,*,"","","","string {[]} {[]}
","Part of the name that is acquired as a title due to academic, legal, employment or nobility status, etc. and that appears at the end of the name.","Part of the name that is acquired as a title due to academic, legal, employment or nobility status, etc. and that appears at the end of the name.","","","","","","","","","",,,,,"http://loinc.org#45395-1
http://snomed.info/sct#715196001",,,,"shr-core-HumanName-model.suffix",0,*,"",""
