"Path","Slice Name","Alias(s)","Label","Min","Max","Must Support?","Is Modifier?","Is Summary?","Type(s)","Short","Definition","Comments","Requirements","Default Value","Meaning When Missing","Fixed Value","Pattern","Example","Minimum Value","Maximum Value","Maximum Length","Binding Strength","Binding Description","Binding Value Set","Code","Slicing Discriminator","Slicing Description","Slicing Ordered","Slicing Rules","Base Path","Base Min","Base Max","Condition(s)","Constraint(s)"
"shr-core-MedicationStatementPartOf-model","","","",0,*,"","","","","","A larger event of which this particular event is a component or step.","","","","","","","","","",,,,,"",,,,"shr-core-MedicationStatementPartOf-model",0,*,"",""
"shr-core-MedicationStatementPartOf-model.value[x]","","","",1,1,"","","","Reference {[]} {[CanonicalType[http://hl7.org/fhir/us/odh/StructureDefinition/shr-core-MedicationAdministration-model], CanonicalType[http://hl7.org/fhir/us/odh/StructureDefinition/shr-core-MedicationDispense-model], CanonicalType[http://hl7.org/fhir/us/odh/StructureDefinition/shr-core-MedicationStatement-model], CanonicalType[http://hl7.org/fhir/us/odh/StructureDefinition/shr-core-Procedure-model], CanonicalType[http://hl7.org/fhir/us/odh/StructureDefinition/shr-core-Observation-model]]}
","Choice of types representing a larger event of which this particular event is a component or step.","Choice of types representing a larger event of which this particular event is a component or step.","","","","","","","","","",,,,,"","type:$this}
","",,"open","shr-core-MedicationStatementPartOf-model.value[x]",1,1,"",""
"shr-core-MedicationStatementPartOf-model.valueShr-core-Observation-model","Observation","","",1,1,"","","","Reference {[]} {[CanonicalType[http://hl7.org/fhir/us/odh/StructureDefinition/shr-core-Observation-model]]}
","Represents the result of evaluations (measurements, tests, or questions) that have been performed.","Represents the result of evaluations (measurements, tests, or questions) that have been performed.
Observation has a value representing the result (answer), or an DataAbsentReason indicating why the value is not present. Things observed about the subject can include social and behavioral factors, subjective and objective observations, and assessments.
For an Observation, the Code describes the aspect or property of the subject being observed or measured. The Code is the 'question code' that pairs to the 'answer' contained in the Value.","","","","","","","","","",,,,,"",,,,"shr-core-MedicationStatementPartOf-model.value[x]",1,1,"",""
"shr-core-MedicationStatementPartOf-model.valueShr-core-Procedure-model","Procedure","","",1,1,"","","","Reference {[]} {[CanonicalType[http://hl7.org/fhir/us/odh/StructureDefinition/shr-core-Procedure-model]]}
","An action that is or was performed on or for a patient. This can be a physical intervention like an operation, or less invasive like long term services, counseling, or hypnotherapy.","An action that is or was performed on or for a patient. This can be a physical intervention like an operation, or less invasive like long term services, counseling, or hypnotherapy.","","","","","","","","","",,,,,"",,,,"shr-core-MedicationStatementPartOf-model.value[x]",1,1,"",""
"shr-core-MedicationStatementPartOf-model.valueShr-core-MedicationStatement-model","MedicationStatement","","",1,1,"","","","Reference {[]} {[CanonicalType[http://hl7.org/fhir/us/odh/StructureDefinition/shr-core-MedicationStatement-model]]}
","A record of the use of a medication. The use may be reported by the patient or clinician and adminstration does not have to be directly observed.","A record of the use of a medication. The use may be reported by the patient or clinician and adminstration does not have to be directly observed.

FHIR Notes:

Although FHIR supports the asserter (information source) and date asserted, it does not have a place for the author (who created and is responsible for the statement) and recorder (who entered the statement). Extensions are provided.

The treatment of 'not taken' has changed from DSTU2 and STU3 to R4. In R4, status and statusReason are used to indicate medications not taken. For upward compatibility, the 'not taken' attributes are profiled out.
ReasonCode is a choice of CodeableConcept or ref(Condition) in DSTU2, and limited to one reason (pick a type). In STU3 and R4, there can be multiple reason codes, and multiple reason references, simultaneously.

Preference is given to using the National Library of Medicine (NLM) RxNorm terminology for medications. RxNorm is a coding standard established by the Office of the National Coordinator (ONC). However, RxNorm is restricted to FDA-approved drugs and does not include clinical trial drugs. MedicationStatement allows for the inclusion of other coding systems like the NCI Thesaurus (NCIT) to represent clinical trial oncology drugs.","","","","","","","","","",,,,,"",,,,"shr-core-MedicationStatementPartOf-model.value[x]",1,1,"",""
"shr-core-MedicationStatementPartOf-model.valueShr-core-MedicationDispense-model","MedicationDispense","","",1,1,"","","","Reference {[]} {[CanonicalType[http://hl7.org/fhir/us/odh/StructureDefinition/shr-core-MedicationDispense-model]]}
","Indicates that a medication product has been dispensed for a named person/patient. This includes a description of the medication product (supply) provided and the instructions for administering the medication. The medication dispense is the result of a pharmacy system responding to a medication order.","Indicates that a medication product has been dispensed for a named person/patient. This includes a description of the medication product (supply) provided and the instructions for administering the medication. The medication dispense is the result of a pharmacy system responding to a medication order.","","","","","","","","","",,,,,"",,,,"shr-core-MedicationStatementPartOf-model.value[x]",1,1,"",""
"shr-core-MedicationStatementPartOf-model.valueShr-core-MedicationAdministration-model","MedicationAdministration","","",1,1,"","","","Reference {[]} {[CanonicalType[http://hl7.org/fhir/us/odh/StructureDefinition/shr-core-MedicationAdministration-model]]}
","A record of the use of a medication. If the medication is given as part of a course of treatment, the PartOf attribute should refer to the CourseOfTreatment.","A record of the use of a medication. If the medication is given as part of a course of treatment, the PartOf attribute should refer to the CourseOfTreatment.
Although FHIR MedicationAdministration supports date of administration, information source, performer, it lacks common provenance elements, statement creation date, author, and recorder. These are supported as optional extensions.
FHIR DSTU2 lacks a category attribute, which is provided as an extension in that version.
SHR does not allow the 'not given' attributes from DSTU2 and STU3, since they are dropped in R4. The status element is used to document medications not given.","","","","","","","","","",,,,,"",,,,"shr-core-MedicationStatementPartOf-model.value[x]",1,1,"",""
