"Path","Slice Name","Alias(s)","Label","Min","Max","Must Support?","Is Modifier?","Is Summary?","Type(s)","Short","Definition","Comments","Requirements","Default Value","Meaning When Missing","Fixed Value","Pattern","Example","Minimum Value","Maximum Value","Maximum Length","Binding Strength","Binding Description","Binding Value Set","Code","Slicing Discriminator","Slicing Description","Slicing Ordered","Slicing Rules","Base Path","Base Min","Base Max","Condition(s)","Constraint(s)"
"shr-core-QuestionnaireResponseItem-model","","","",0,*,"","","","","","Questions and sections within the Questionnaire.","","","","","","","","","",,,,,"",,,,"shr-core-QuestionnaireResponseItem-model",0,*,"",""
"shr-core-QuestionnaireResponseItem-model.identifierString","","","",1,1,"","","","string {[]} {[]}
","An id for the item expressed as a string.","An id for the item expressed as a string.","","","","","","","","","",,,,,"",,,,"shr-core-QuestionnaireResponseItem-model.identifierString",1,1,"",""
"shr-core-QuestionnaireResponseItem-model.detailsUri","","","",0,1,"","","","uri {[]} {[]}
","A URI that refers to an ElementDefinition that provides information about this item, including information that might otherwise be included in the instance of the Questionnaire resource.","A URI that refers to an ElementDefinition that provides information about this item, including information that might otherwise be included in the instance of the Questionnaire resource.","","","","","","","","","",,,,,"",,,,"shr-core-QuestionnaireResponseItem-model.detailsUri",0,1,"",""
"shr-core-QuestionnaireResponseItem-model.questionnaireResponseItem","","","",0,*,"","","","http://hl7.org/fhir/us/odh/StructureDefinition/shr-core-QuestionnaireResponseItem-model {[]} {[]}
","Questions and sections within the Questionnaire.","Questions and sections within the Questionnaire.","","","","","","","","","",,,,,"",,,,"shr-core-QuestionnaireResponseItem-model.questionnaireResponseItem",0,*,"",""
"shr-core-QuestionnaireResponseItem-model.question","","","",0,1,"","","","string {[]} {[]}
","The text of the question.","The text of the question.","","","","","","","","","",,,,,"",,,,"shr-core-QuestionnaireResponseItem-model.question",0,1,"",""
"shr-core-QuestionnaireResponseItem-model.focalSubject","","","",0,1,"","","","http://hl7.org/fhir/us/odh/StructureDefinition/shr-core-DomainResource-model {[]} {[]}
","The person or entity that the information in this resource relates to, if different than the person of record. The subject of information can be a reference or a code, the latter when the subject is described generically, for example, in terms of a relationship to the subject of record (e.g., wife).","The person or entity that the information in this resource relates to, if different than the person of record. The subject of information can be a reference or a code, the latter when the subject is described generically, for example, in terms of a relationship to the subject of record (e.g., wife).","","","","","","","","","",,,,,"",,,,"shr-core-QuestionnaireResponseItem-model.focalSubject",0,1,"",""
"shr-core-QuestionnaireResponseItem-model.answer","","","",0,*,"","","","http://hl7.org/fhir/us/odh/StructureDefinition/shr-core-Answer-model {[]} {[]}
","The respondent's answer(s) to the question.","The respondent's answer(s) to the question.","","","","","","","","","",,,,,"",,,,"shr-core-QuestionnaireResponseItem-model.answer",0,*,"",""
