"Path","Slice Name","Alias(s)","Label","Min","Max","Must Support?","Is Modifier?","Is Summary?","Type(s)","Short","Definition","Comments","Requirements","Default Value","Meaning When Missing","Fixed Value","Pattern","Example","Minimum Value","Maximum Value","Maximum Length","Binding Strength","Binding Description","Binding Value Set","Code","Slicing Discriminator","Slicing Description","Slicing Ordered","Slicing Rules","Base Path","Base Min","Base Max","Condition(s)","Constraint(s)"
"shr-core-Range-model","","","",0,*,"","","","","","An interval defined by a quantitative upper and/or lower bound. One of the two bounds must be specified, and the lower bound must be less than the upper bound. When Quantities are specified, the units of measure must be the same.","","","","","","","","","",,,,,"",,,,"shr-core-Range-model",0,*,"",""
"shr-core-Range-model.lowerBound","","","",0,1,"","","","http://hl7.org/fhir/us/odh/StructureDefinition/shr-core-SimpleQuantity-model {[]} {[]}
","The lower limit on a range","The lower limit on a range","","","","","","","","","",,,,,"",,,,"shr-core-Range-model.lowerBound",0,1,"",""
"shr-core-Range-model.upperBound","","","",0,1,"","","","http://hl7.org/fhir/us/odh/StructureDefinition/shr-core-SimpleQuantity-model {[]} {[]}
","The upper limit on a quantitative value.","The upper limit on a quantitative value.","","","","","","","","","",,,,,"",,,,"shr-core-Range-model.upperBound",0,1,"",""
