"Path","Slice Name","Alias(s)","Label","Min","Max","Must Support?","Is Modifier?","Is Summary?","Type(s)","Short","Definition","Comments","Requirements","Default Value","Meaning When Missing","Fixed Value","Pattern","Example","Minimum Value","Maximum Value","Maximum Length","Binding Strength","Binding Description","Binding Value Set","Code","Slicing Discriminator","Slicing Description","Slicing Ordered","Slicing Rules","Base Path","Base Min","Base Max","Condition(s)","Constraint(s)"
"shr-core-Issuer-model","","","",0,*,"","","","","","An organization who issues a qualification, identifier, or license.","","","","","","","","","",,,,,"",,,,"shr-core-Issuer-model",0,*,"",""
"shr-core-Issuer-model.value","","","",1,1,"","","","Reference {[]} {[CanonicalType[http://hl7.org/fhir/us/shr/StructureDefinition/shr-core-Organization-model]]}
","Organization representing an organization who issues a qualification, identifier, or license.","Organization representing an organization who issues a qualification, identifier, or license.","","","","","","","","","",,,,,"http://ncimeta.nci.nih.gov#C1561598
",,,,"shr-core-Issuer-model.value",1,1,"",""
