"Path","Slice Name","Alias(s)","Label","Min","Max","Must Support?","Is Modifier?","Is Summary?","Type(s)","Short","Definition","Comments","Requirements","Default Value","Meaning When Missing","Fixed Value","Pattern","Example","Minimum Value","Maximum Value","Maximum Length","Binding Strength","Binding Description","Binding Value Set","Code","Slicing Discriminator","Slicing Description","Slicing Ordered","Slicing Rules","Base Path","Base Min","Base Max","Condition(s)","Constraint(s)"
"shr-core-QuestionnaireResponseBasedOn-model","","","",0,*,"","","","","QuestionnaireResponseBasedOn","QuestionnaireResponseBasedOn","","","","","","","","","",,,,,"",,,,"shr-core-QuestionnaireResponseBasedOn-model",0,*,"",""
"shr-core-QuestionnaireResponseBasedOn-model.value[x]","","","",1,1,"","","","Reference {[]} {[CanonicalType[http://hl7.org/fhir/us/odh/StructureDefinition/shr-core-ServiceRequest-model], CanonicalType[http://hl7.org/fhir/us/odh/StructureDefinition/shr-core-ReferralRequest-model], CanonicalType[http://hl7.org/fhir/us/odh/StructureDefinition/shr-core-ProcedureRequest-model]]}
","Choice of types representing the logical model instance","Choice of types representing the logical model instance","","","","","","","","","",,,,,"","type:$this}
","",,"open","shr-core-QuestionnaireResponseBasedOn-model.value[x]",1,1,"",""
"shr-core-QuestionnaireResponseBasedOn-model.valueShr-core-ProcedureRequest-model","ProcedureRequest","","",1,1,"","","","Reference {[]} {[CanonicalType[http://hl7.org/fhir/us/odh/StructureDefinition/shr-core-ProcedureRequest-model]]}
","A request for a procedure to be performed. May be a proposal or an order.","A request for a procedure to be performed. May be a proposal or an order.","","","","","","","","","",,,,,"",,,,"shr-core-QuestionnaireResponseBasedOn-model.value[x]",1,1,"",""
"shr-core-QuestionnaireResponseBasedOn-model.valueShr-core-ReferralRequest-model","ReferralRequest","","",1,1,"","","","Reference {[]} {[CanonicalType[http://hl7.org/fhir/us/odh/StructureDefinition/shr-core-ReferralRequest-model]]}
","Used to record and send details about a request for referral service or transfer of a patient to the care of another provider or provider organization.","Used to record and send details about a request for referral service or transfer of a patient to the care of another provider or provider organization.","","","","","","","","","",,,,,"",,,,"shr-core-QuestionnaireResponseBasedOn-model.value[x]",1,1,"",""
"shr-core-QuestionnaireResponseBasedOn-model.valueShr-core-ServiceRequest-model","ServiceRequest","","",1,1,"","","","Reference {[]} {[CanonicalType[http://hl7.org/fhir/us/odh/StructureDefinition/shr-core-ServiceRequest-model]]}
","A record of a request for service such as diagnostic investigations, treatments, or operations to be performed.","A record of a request for service such as diagnostic investigations, treatments, or operations to be performed.","","","","","","","","","",,,,,"",,,,"shr-core-QuestionnaireResponseBasedOn-model.value[x]",1,1,"",""
