"Path","Slice Name","Alias(s)","Label","Min","Max","Must Support?","Is Modifier?","Is Summary?","Type(s)","Short","Definition","Comments","Requirements","Default Value","Meaning When Missing","Fixed Value","Pattern","Example","Minimum Value","Maximum Value","Maximum Length","Binding Strength","Binding Description","Binding Value Set","Code","Slicing Discriminator","Slicing Description","Slicing Ordered","Slicing Rules","Base Path","Base Min","Base Max","Condition(s)","Constraint(s)"
"shr-core-CostToBeneficiary-model","","","",0,*,"","","","","","A suite of codes indicating the cost category and associated amount which have been detailed in the policy and may have been included on the health card. Alternate names include co-pay, deductible, exceptions.","","","","","","","","","",,,,,"",,,,"shr-core-CostToBeneficiary-model",0,*,"",""
"shr-core-CostToBeneficiary-model.type","","","",0,1,"","","","Coding {[]} {[]}
","A code describing the item at a greater level of detail.","A code describing the item at a greater level of detail.","","","","","","","","","",,"extensible","","http://hl7.org/fhir/ValueSet/coverage-copay-type","http://ncimeta.nci.nih.gov#C0332307
",,,,"shr-core-CostToBeneficiary-model.type",0,1,"",""
"shr-core-CostToBeneficiary-model.costOrPercentage[x]","","","",1,1,"","","","http://hl7.org/fhir/us/odh/StructureDefinition/shr-core-Money-model {[]} {[]}
http://hl7.org/fhir/us/odh/StructureDefinition/shr-core-SimpleQuantity-model {[]} {[]}","The amount due from the patient for the cost category.","The amount due from the patient for the cost category.","","","","","","","","","",,,,,"",,,,"shr-core-CostToBeneficiary-model.costOrPercentage[x]",1,1,"",""
"shr-core-CostToBeneficiary-model.exception","","","",0,*,"","","","http://hl7.org/fhir/us/odh/StructureDefinition/shr-core-Exception-model {[]} {[]}
","A suite of codes indicating exceptions or reductions to patient costs and their effective periods.","A suite of codes indicating exceptions or reductions to patient costs and their effective periods.","","","","","","","","","",,,,,"",,,,"shr-core-CostToBeneficiary-model.exception",0,*,"",""
