<?xml version="1.0" encoding="UTF-8"?><ValueSet xmlns="http://hl7.org/fhir"><id value="obf-StudyArmTypeVS"/><text><status value="generated"/><div xmlns="http://www.w3.org/1999/xhtml">
<p><b>StudyArmTypeVS ValueSet</b></p>
<p>The role of each arm in the clinical trial.

FHIR is currently unable to handle values from NCI Thesaurus, so no values are listed in the Expansion, below. The values ARE in the downloads. For convenience, here is a listing of values in this value set:
NCIT#C94487     &#39;Intervention Group&#39;
NCIT#C68609     &#39;Active Comparator&#39;
NCIT#C49648     &#39;Placebo Control&#39;
NCIT#C116527    &#39;Sham Intervention&#39;
</p>
</div></text><url value="http://mcodeinitiative.org/us/icare/ValueSet/obf-StudyArmTypeVS"/><version value="0.1.0"/><name value="StudyArmTypeVS"/><status value="draft"/><publisher value="The MITRE Corporation"/><contact><telecom><system value="other"/><value value="http://standardhealthrecord.org"/><rank value="0"/></telecom></contact><date value="2019-09-05T00:00:00-04:00"/><description value="The role of each arm in the clinical trial.&#xA;&#xA;FHIR is currently unable to handle values from NCI Thesaurus, so no values are listed in the Expansion, below. The values ARE in the downloads. For convenience, here is a listing of values in this value set:&#xA;NCIT#C94487     &#39;Intervention Group&#39;&#xA;NCIT#C68609     &#39;Active Comparator&#39;&#xA;NCIT#C49648     &#39;Placebo Control&#39;&#xA;NCIT#C116527    &#39;Sham Intervention&#39;"/><immutable value="false"/><compose><include><system value="https://ncit.nci.nih.gov"/><concept><code value="C94487"/><display value="Intervention Group"/></concept><concept><code value="C68609"/><display value="Active Comparator"/></concept><concept><code value="C49648"/><display value="Placebo Control"/></concept><concept><code value="C116527"/><display value="Sham Intervention"/></concept></include></compose></ValueSet>