<?xml version="1.0" encoding="UTF-8"?>

<Observation xmlns="http://hl7.org/fhir">
  <id value="mCODETNMClinicalRegionalNodesCategoryExample01"/>
  <meta>
    <profile value="http://hl7.org/fhir/us/mcode/StructureDefinition/onco-core-TNMClinicalRegionalNodesCategory"/>
  </meta>
  <text>
    <status value="generated"/><div xmlns="http://www.w3.org/1999/xhtml"><p><b>*** mCODE Example: TNM Regional Nodes Category ***</b></p><p><b>Name</b>: John B. Anyperson </p><p><b>MRN</b>: m123 </p><p><b>Date</b>: 04/01/19 </p><p><b>Cancer staging system</b>: AJCC Version 8</p><p><b>N Category</b>: N3</p></div>
  </text>
  <extension url="http://hl7.org/fhir/us/mcode/StructureDefinition/onco-core-PrimaryCancerCondition-extension">
    <valueReference>
      <reference value="Condition/mCODEPrimaryCancerConditionExample01"/>
    </valueReference>
  </extension>
  <status value="final"/>
  <category>
    <coding>
      <system value="http://terminology.hl7.org/CodeSystem/observation-category"/>
      <code value="laboratory"/>
    </coding>
  </category>
  <code>
    <coding>
      <system value="http://loinc.org"/>
      <code value="21906-3"/>
      <display value="Regional lymph nodes.clinical [Class] Cancer"/>
    </coding>
  </code>
  <subject>
    <reference value="Patient/mCODEPatientExample01"/>
    <display value="John B. Anyperson"/>
  </subject>
  <effectiveDateTime value="2019-04-01"/>
  <valueCodeableConcept>
    <coding>
      <system value="http://cancerstaging.org"/>
      <code value="cN3"/>
      <display value="N3"/>
    </coding>
  </valueCodeableConcept>
  <method>
    <text value="AJCC Version 8"/>
  </method>
</Observation>