<?xml version="1.0" encoding="UTF-8"?><StructureDefinition xmlns="http://hl7.org/fhir"><id value="obf-MedicationRequest"/><text><status value="generated"/><div xmlns="http://www.w3.org/1999/xhtml">
  <p><b>MedicationRequest Profile</b></p>
  <p>An order for a medication to be dispensed and instructions for use.
Value sets for status are in direct conflict between DSTU2 Argonaut and STU3 US-Core.
Category does not exist in DSTU2 and is provided as an extension.
Intent was added in STU3 and is provided as an extension with required binding.</p>
  <p><b>Mapping Summary</b></p>
  <p><pre>obf.MedicationRequest maps to MedicationRequest:
  Language maps to language
  Narrative maps to text
  ImplicitRules maps to implicitRules
  Metadata.VersionId maps to meta.versionId
  Metadata.SourceSystem maps to meta.source
  Metadata.Profile maps to meta.profile
  Metadata.LastUpdated maps to meta.lastUpdated
  Metadata.SecurityLabel maps to meta.security
  Metadata.Tag maps to meta.tag
  Identifier maps to identifier
  Status maps to status
  StatusReason maps to statusReason
  RequestIntent maps to intent
  Category maps to category
  PriorityCode maps to priority
  DoNotPerform maps to doNotPerform
  Reported maps to reported[x]
  MedicationCodeOrReference maps to medication[x]
  SubjectOfRecord maps to subject
  CareContext maps to encounter
  SupportingInformation maps to supportingInformation
  StatementDateTime maps to authoredOn
  Requester maps to requester
  ExpectedPerformer maps to performer
  ExpectedPerformerType maps to performerType
  Author maps to recorder
  ReasonCode maps to reasonCode
  MedicationReasonReference maps to reasonReference
  MedicationBasedOn maps to basedOn
  GroupIdentifier maps to groupIdentifier
  CourseOfTherapyType maps to courseOfTherapyType
  Insurance maps to insurance
  Annotation maps to note
  Dosage maps to dosageInstruction
  DispenseRequest maps to dispenseRequest
  DispenseRequest.InitialFill maps to dispenseRequest.initialFill
  DispenseRequest.InitialFill.SimpleQuantity maps to dispenseRequest.initialFill.quantity
  DispenseRequest.InitialFill.Duration maps to dispenseRequest.initialFill.duration
  DispenseRequest.DispenseInterval maps to dispenseRequest.dispenseInterval
  DispenseRequest.ValidityPeriod maps to dispenseRequest.validityPeriod
  DispenseRequest.NumberOfRefillsAllowed maps to dispenseRequest.numberOfRepeatsAllowed
  DispenseRequest.QuantityPerDispense maps to dispenseRequest.quantity
  DispenseRequest.SupplyDuration maps to dispenseRequest.expectedSupplyDuration
  DispenseRequest.ExpectedPerformer maps to dispenseRequest.performer
  Substitution maps to substitution
  Substitution.SubstitutionAllowed maps to substitution.allowed[x]
  Substitution.SubstitutionReason maps to substitution.reason
  Replaces maps to priorPrescription
</pre></p>
</div></text><url value="http://hl7.org/fhir/us/odh/StructureDefinition/obf-MedicationRequest"/><identifier><system value="http://hl7.org/fhir/us/odh"/><value value="obf.MedicationRequest"/></identifier><version value="1.1.0"/><name value="MedicationRequest"/><title value="obf-MedicationRequest"/><status value="draft"/><date value="2019-06-18T00:00:00-04:00"/><publisher value="HL7"/><contact><telecom><system value="url"/><value value="http://standardhealthrecord.org"/></telecom></contact><description value="An order for a medication to be dispensed and instructions for use.&#xA;Value sets for status are in direct conflict between DSTU2 Argonaut and STU3 US-Core.&#xA;Category does not exist in DSTU2 and is provided as an extension.&#xA;Intent was added in STU3 and is provided as an extension with required binding."/><fhirVersion value="4.0.0"/><mapping><identity value="workflow"/><uri value="http://hl7.org/fhir/workflow"/><name value="Workflow Pattern"/></mapping><mapping><identity value="script10.6"/><uri value="http://ncpdp.org/SCRIPT10_6"/><name value="Mapping to NCPDP SCRIPT 10.6"/></mapping><mapping><identity value="rim"/><uri value="http://hl7.org/v3"/><name value="RIM Mapping"/></mapping><mapping><identity value="w5"/><uri value="http://hl7.org/fhir/fivews"/><name value="FiveWs Pattern Mapping"/></mapping><mapping><identity value="v2"/><uri value="http://hl7.org/v2"/><name value="HL7 v2 Mapping"/></mapping><kind value="resource"/><abstract value="false"/><type value="MedicationRequest"/><baseDefinition value="http://hl7.org/fhir/StructureDefinition/MedicationRequest"/><derivation value="constraint"/><snapshot><element id="MedicationRequest:obf-MedicationRequest"><path value="MedicationRequest"/><short value="obf-MedicationRequest"/><definition value="An order for a medication to be dispensed and instructions for use.&#xA;Value sets for status are in direct conflict between DSTU2 Argonaut and STU3 US-Core.&#xA;Category does not exist in DSTU2 and is provided as an extension.&#xA;Intent was added in STU3 and is provided as an extension with required binding."/><alias value="Prescription"/><alias value="Order"/><min value="0"/><max value="*"/><base><path value="MedicationRequest"/><min value="0"/><max value="*"/></base><constraint><key value="dom-2"/><severity value="error"/><human value="If the resource is contained in another resource, it SHALL NOT contain nested Resources"/><expression value="contained.contained.empty()"/><xpath value="not(parent::f:contained and f:contained)"/><source value="DomainResource"/></constraint><constraint><key value="dom-4"/><severity value="error"/><human value="If a resource is contained in another resource, it SHALL NOT have a meta.versionId or a meta.lastUpdated"/><expression value="contained.meta.versionId.empty() and contained.meta.lastUpdated.empty()"/><xpath value="not(exists(f:contained/*/f:meta/f:versionId)) and not(exists(f:contained/*/f:meta/f:lastUpdated))"/><source value="DomainResource"/></constraint><constraint><key value="dom-3"/><severity value="error"/><human value="If the resource is contained in another resource, it SHALL be referred to from elsewhere in the resource or SHALL refer to the containing resource"/><expression value="contained.where(((&#39;#&#39;+id in (%resource.descendants().reference | %resource.descendants().as(canonical) | %resource.descendants().as(uri) | %resource.descendants().as(url))) or descendants().where(reference = &#39;#&#39;).exists() or descendants().where(as(canonical) = &#39;#&#39;).exists() or descendants().where(as(canonical) = &#39;#&#39;).exists()).not()).trace(&#39;unmatched&#39;, id).empty()"/><xpath value="not(exists(for $contained in f:contained return $contained[not(parent::*/descendant::f:reference/@value=concat(&#39;#&#39;, $contained/*/id/@value) or descendant::f:reference[@value=&#39;#&#39;])]))"/><source value="DomainResource"/></constraint><constraint><extension url="http://hl7.org/fhir/StructureDefinition/elementdefinition-bestpractice"><valueBoolean value="true"/></extension><extension url="http://hl7.org/fhir/StructureDefinition/elementdefinition-bestpractice-explanation"><valueMarkdown value="When a resource has no narrative, only systems that fully understand the data can display the resource to a human safely. Including a human readable representation in the resource makes for a much more robust eco-system and cheaper handling of resources by intermediary systems. Some ecosystems restrict distribution of resources to only those systems that do fully understand the resources, and as a consequence implementers may believe that the narrative is superfluous. However experience shows that such eco-systems often open up to new participants over time."/></extension><key value="dom-6"/><severity value="warning"/><human value="A resource should have narrative for robust management"/><expression value="text.div.exists()"/><xpath value="exists(f:text/h:div)"/><source value="DomainResource"/></constraint><constraint><key value="dom-5"/><severity value="error"/><human value="If a resource is contained in another resource, it SHALL NOT have a security label"/><expression value="contained.meta.security.empty()"/><xpath value="not(exists(f:contained/*/f:meta/f:security))"/><source value="DomainResource"/></constraint><isModifier value="false"/><isSummary value="false"/><mapping><identity value="rim"/><map value="Entity. Role, or Act"/></mapping><mapping><identity value="workflow"/><map value="Request"/></mapping><mapping><identity value="script10.6"/><map value="Message/Body/NewRx"/></mapping><mapping><identity value="rim"/><map value="CombinedMedicationRequest"/></mapping></element><element id="MedicationRequest:obf-MedicationRequest.id"><path value="MedicationRequest.id"/><short value="Logical id of this artifact"/><definition value="The logical id of the resource, as used in the URL for the resource. Once assigned, this value never changes."/><comment value="The only time that a resource does not have an id is when it is being submitted to the server using a create operation."/><min value="0"/><max value="1"/><base><path value="Resource.id"/><min value="0"/><max value="1"/></base><type><code value="id"/></type><isModifier value="false"/><isSummary value="true"/></element><element id="MedicationRequest:obf-MedicationRequest.meta"><path value="MedicationRequest.meta"/><short value="Metadata about the resource"/><definition value="The metadata about the resource. This is content that is maintained by the infrastructure. Changes to the content might not always be associated with version changes to the resource."/><min value="0"/><max value="1"/><base><path value="Resource.meta"/><min value="0"/><max value="1"/></base><type><code value="Meta"/></type><isModifier value="false"/><isSummary value="true"/></element><element id="MedicationRequest:obf-MedicationRequest.implicitRules"><path value="MedicationRequest.implicitRules"/><short value="A set of rules under which this content was created"/><definition value="A reference to a set of rules that were followed when the resource was constructed, and which must be understood when processing the content. Often, this is a reference to an implementation guide that defines the special rules along with other profiles etc."/><comment value="Asserting this rule set restricts the content to be only understood by a limited set of trading partners. This inherently limits the usefulness of the data in the long term. However, the existing health eco-system is highly fractured, and not yet ready to define, collect, and exchange data in a generally computable sense. Wherever possible, implementers and/or specification writers should avoid using this element. Often, when used, the URL is a reference to an implementation guide that defines these special rules as part of it&#39;s narrative along with other profiles, value sets, etc."/><min value="0"/><max value="1"/><base><path value="Resource.implicitRules"/><min value="0"/><max value="1"/></base><type><code value="uri"/></type><isModifier value="true"/><isModifierReason value="This element is labeled as a modifier because the implicit rules may provide additional knowledge about the resource that modifies it&#39;s meaning or interpretation"/><isSummary value="true"/></element><element id="MedicationRequest:obf-MedicationRequest.language"><path value="MedicationRequest.language"/><short value="Language of the resource content"/><definition value="The base language in which the resource is written."/><comment value="Language is provided to support indexing and accessibility (typically, services such as text to speech use the language tag). The html language tag in the narrative applies  to the narrative. The language tag on the resource may be used to specify the language of other presentations generated from the data in the resource. Not all the content has to be in the base language. The Resource.language should not be assumed to apply to the narrative automatically. If a language is specified, it should it also be specified on the div element in the html (see rules in HTML5 for information about the relationship between xml:lang and the html lang attribute)."/><min value="0"/><max value="1"/><base><path value="Resource.language"/><min value="0"/><max value="1"/></base><type><code value="code"/></type><isModifier value="false"/><isSummary value="false"/><binding><extension url="http://hl7.org/fhir/StructureDefinition/elementdefinition-maxValueSet"><valueCanonical value="http://hl7.org/fhir/ValueSet/all-languages"/></extension><extension url="http://hl7.org/fhir/StructureDefinition/elementdefinition-bindingName"><valueString value="Language"/></extension><extension url="http://hl7.org/fhir/StructureDefinition/elementdefinition-isCommonBinding"><valueBoolean value="true"/></extension><strength value="preferred"/><description value="A human language."/><valueSet value="http://hl7.org/fhir/ValueSet/languages"/></binding></element><element id="MedicationRequest:obf-MedicationRequest.text"><path value="MedicationRequest.text"/><short value="Text summary of the resource, for human interpretation"/><definition value="A human-readable narrative that contains a summary of the resource and can be used to represent the content of the resource to a human. The narrative need not encode all the structured data, but is required to contain sufficient detail to make it &quot;clinically safe&quot; for a human to just read the narrative. Resource definitions may define what content should be represented in the narrative to ensure clinical safety."/><comment value="Contained resources do not have narrative. Resources that are not contained SHOULD have a narrative. In some cases, a resource may only have text with little or no additional discrete data (as long as all minOccurs=1 elements are satisfied).  This may be necessary for data from legacy systems where information is captured as a &quot;text blob&quot; or where text is additionally entered raw or narrated and encoded information is added later."/><alias value="narrative"/><alias value="html"/><alias value="xhtml"/><alias value="display"/><min value="0"/><max value="1"/><base><path value="DomainResource.text"/><min value="0"/><max value="1"/></base><type><code value="Narrative"/></type><isModifier value="false"/><isSummary value="false"/><mapping><identity value="rim"/><map value="Act.text?"/></mapping></element><element id="MedicationRequest:obf-MedicationRequest.contained"><path value="MedicationRequest.contained"/><short value="Contained, inline Resources"/><definition value="These resources do not have an independent existence apart from the resource that contains them - they cannot be identified independently, and nor can they have their own independent transaction scope."/><comment value="This should never be done when the content can be identified properly, as once identification is lost, it is extremely difficult (and context dependent) to restore it again. Contained resources may have profiles and tags In their meta elements, but SHALL NOT have security labels."/><alias value="inline resources"/><alias value="anonymous resources"/><alias value="contained resources"/><min value="0"/><max value="*"/><base><path value="DomainResource.contained"/><min value="0"/><max value="*"/></base><type><code value="Resource"/></type><isModifier value="false"/><isSummary value="false"/><mapping><identity value="rim"/><map value="N/A"/></mapping></element><element id="MedicationRequest:obf-MedicationRequest.extension"><path value="MedicationRequest.extension"/><slicing id="1"><discriminator><type value="value"/><path value="url"/></discriminator><ordered value="false"/><rules value="open"/></slicing><short value="Additional content defined by implementations"/><definition value="May be used to represent additional information that is not part of the basic definition of the resource. To make the use of extensions safe and manageable, there is a strict set of governance  applied to the definition and use of extensions. Though any implementer can define an extension, there is a set of requirements that SHALL be met as part of the definition of the extension."/><comment value="There can be no stigma associated with the use of extensions by any application, project, or standard - regardless of the institution or jurisdiction that uses or defines the extensions.  The use of extensions is what allows the FHIR specification to retain a core level of simplicity for everyone."/><alias value="extensions"/><alias value="user content"/><min value="0"/><max value="*"/><base><path value="DomainResource.extension"/><min value="0"/><max value="*"/></base><type><code value="Extension"/></type><isModifier value="false"/><isSummary value="false"/><mapping><identity value="rim"/><map value="N/A"/></mapping></element><element id="MedicationRequest:obf-MedicationRequest.extension:code"><path value="MedicationRequest.extension"/><sliceName value="code"/><definition value="The main type identifier for a lab, procedure, condition, etc., usually drawn from a controlled vocabulary."/><min value="0"/><max value="1"/><base><path value="DomainResource.extension"/><min value="0"/><max value="*"/></base><type><code value="Extension"/><profile value="http://hl7.org/fhir/us/odh/StructureDefinition/shr-core-Code-extension"/></type><isModifier value="false"/><isSummary value="false"/></element><element id="MedicationRequest:obf-MedicationRequest.extension:expectedperformancetime"><path value="MedicationRequest.extension"/><sliceName value="expectedperformancetime"/><definition value="When an action should be done. If the action is a series or recurs (e.g. daily blood sugar testing in the morning) then a Timing can be used to describe the periodicity."/><min value="0"/><max value="1"/><base><path value="DomainResource.extension"/><min value="0"/><max value="*"/></base><type><code value="Extension"/><profile value="http://hl7.org/fhir/us/odh/StructureDefinition/obf-ExpectedPerformanceTime-extension"/></type><isModifier value="false"/><isSummary value="false"/></element><element id="MedicationRequest:obf-MedicationRequest.modifierExtension"><path value="MedicationRequest.modifierExtension"/><short value="Extensions that cannot be ignored"/><definition value="May be used to represent additional information that is not part of the basic definition of the resource and that modifies the understanding of the element that contains it and/or the understanding of the containing element&#39;s descendants. Usually modifier elements provide negation or qualification. To make the use of extensions safe and manageable, there is a strict set of governance applied to the definition and use of extensions. Though any implementer is allowed to define an extension, there is a set of requirements that SHALL be met as part of the definition of the extension. Applications processing a resource are required to check for modifier extensions.&#xA;&#xA;Modifier extensions SHALL NOT change the meaning of any elements on Resource or DomainResource (including cannot change the meaning of modifierExtension itself)."/><comment value="There can be no stigma associated with the use of extensions by any application, project, or standard - regardless of the institution or jurisdiction that uses or defines the extensions.  The use of extensions is what allows the FHIR specification to retain a core level of simplicity for everyone."/><requirements value="Modifier extensions allow for extensions that *cannot* be safely ignored to be clearly distinguished from the vast majority of extensions which can be safely ignored.  This promotes interoperability by eliminating the need for implementers to prohibit the presence of extensions. For further information, see the [definition of modifier extensions](extensibility.html#modifierExtension)."/><alias value="extensions"/><alias value="user content"/><min value="0"/><max value="*"/><base><path value="DomainResource.modifierExtension"/><min value="0"/><max value="*"/></base><type><code value="Extension"/></type><isModifier value="true"/><isModifierReason value="Modifier extensions are expected to modify the meaning or interpretation of the resource that contains them"/><isSummary value="false"/><mapping><identity value="rim"/><map value="N/A"/></mapping></element><element id="MedicationRequest:obf-MedicationRequest.identifier"><path value="MedicationRequest.identifier"/><short value="External ids for this request"/><definition value="Identifiers associated with this medication request that are defined by business processes and/or used to refer to it when a direct URL reference to the resource itself is not appropriate. They are business identifiers assigned to this resource by the performer or other systems and remain constant as the resource is updated and propagates from server to server."/><comment value="This is a business identifier, not a resource identifier."/><min value="0"/><max value="*"/><base><path value="MedicationRequest.identifier"/><min value="0"/><max value="*"/></base><type><code value="Identifier"/></type><isModifier value="false"/><isSummary value="false"/><mapping><identity value="workflow"/><map value="Request.identifier"/></mapping><mapping><identity value="script10.6"/><map value="Message/Header/PrescriberOrderNumber"/></mapping><mapping><identity value="w5"/><map value="FiveWs.identifier"/></mapping><mapping><identity value="v2"/><map value="ORC-2-Placer Order Number / ORC-3-Filler Order Number"/></mapping><mapping><identity value="rim"/><map value=".id"/></mapping></element><element id="MedicationRequest:obf-MedicationRequest.status"><path value="MedicationRequest.status"/><short value="active | on-hold | cancelled | completed | entered-in-error | stopped | draft | unknown"/><definition value="A code specifying the current state of the order.  Generally, this will be active or completed state."/><comment value="This element is labeled as a modifier because the status contains codes that mark the resource as not currently valid."/><min value="1"/><max value="1"/><base><path value="MedicationRequest.status"/><min value="1"/><max value="1"/></base><type><code value="code"/></type><isModifier value="true"/><isModifierReason value="This element is labeled as a modifier because it is a status element that contains status entered-in-error which means that the resource should not be treated as valid"/><isSummary value="true"/><binding><extension url="http://hl7.org/fhir/StructureDefinition/elementdefinition-bindingName"><valueString value="MedicationRequestStatus"/></extension><strength value="required"/><description value="A coded concept specifying the state of the prescribing event. Describes the lifecycle of the prescription."/><valueSet value="http://hl7.org/fhir/ValueSet/medicationrequest-status|4.0.0"/></binding><mapping><identity value="workflow"/><map value="Request.status"/></mapping><mapping><identity value="script10.6"/><map value="no mapping"/></mapping><mapping><identity value="w5"/><map value="FiveWs.status"/></mapping><mapping><identity value="rim"/><map value=".statusCode"/></mapping></element><element id="MedicationRequest:obf-MedicationRequest.statusReason"><path value="MedicationRequest.statusReason"/><short value="Reason for current status"/><definition value="Captures the reason for the current state of the MedicationRequest."/><comment value="This is generally only used for &quot;exception&quot; statuses such as &quot;suspended&quot; or &quot;cancelled&quot;. The reason why the MedicationRequest was created at all is captured in reasonCode, not here."/><min value="0"/><max value="1"/><base><path value="MedicationRequest.statusReason"/><min value="0"/><max value="1"/></base><type><code value="CodeableConcept"/></type><isModifier value="false"/><isSummary value="false"/><binding><extension url="http://hl7.org/fhir/StructureDefinition/elementdefinition-bindingName"><valueString value="MedicationRequestStatusReason"/></extension><strength value="example"/><description value="Identifies the reasons for a given status."/><valueSet value="http://hl7.org/fhir/ValueSet/medicationrequest-status-reason"/></binding><mapping><identity value="workflow"/><map value="Request.statusReason"/></mapping><mapping><identity value="rim"/><map value=".inboundRelationship[typeCode=SUBJ].source[classCode=CACT, moodCode=EVN].reasonCOde"/></mapping></element><element id="MedicationRequest:obf-MedicationRequest.intent"><path value="MedicationRequest.intent"/><short value="proposal | plan | order | original-order | instance-order | option"/><definition value="Whether the request is a proposal, plan, or an original order."/><comment value="It is expected that the type of requester will be restricted for different stages of a MedicationRequest.  For example, Proposals can be created by a patient, relatedPerson, Practitioner or Device.  Plans can be created by Practitioners, Patients, RelatedPersons and Devices.  Original orders can be created by a Practitioner only.&#xD;&#xD;An instance-order is an instantiation of a request or order and may be used to populate Medication Administration Record.&#xD;&#xD;This element is labeled as a modifier because the intent alters when and how the resource is actually applicable."/><min value="1"/><max value="1"/><base><path value="MedicationRequest.intent"/><min value="1"/><max value="1"/></base><type><code value="code"/></type><isModifier value="true"/><isModifierReason value="This element changes the interpretation of all descriptive attributes. For example &quot;the time the request is recommended to occur&quot; vs. &quot;the time the request is authorized to occur&quot; or &quot;who is recommended to perform the request&quot; vs. &quot;who is authorized to perform the request"/><isSummary value="true"/><binding><extension url="http://hl7.org/fhir/StructureDefinition/elementdefinition-bindingName"><valueString value="MedicationRequestIntent"/></extension><strength value="required"/><description value="The kind of medication order."/><valueSet value="http://hl7.org/fhir/ValueSet/medicationrequest-intent|4.0.0"/></binding><mapping><identity value="workflow"/><map value="Request.intent"/></mapping><mapping><identity value="w5"/><map value="FiveWs.class"/></mapping><mapping><identity value="rim"/><map value=".moodCode (nuances beyond PRP/PLAN/RQO would need to be elsewhere)"/></mapping></element><element id="MedicationRequest:obf-MedicationRequest.category"><path value="MedicationRequest.category"/><short value="Type of medication usage"/><definition value="Indicates the type of medication request (for example, where the medication is expected to be consumed or administered (i.e. inpatient or outpatient))."/><comment value="The category can be used to include where the medication is expected to be consumed or other types of requests."/><min value="0"/><max value="1"/><base><path value="MedicationRequest.category"/><min value="0"/><max value="*"/></base><type><code value="CodeableConcept"/></type><isModifier value="false"/><isSummary value="false"/><binding><strength value="preferred"/><valueSet value="http://hl7.org/fhir/ValueSet/medication-admin-category"/></binding><mapping><identity value="script10.6"/><map value="Message/Body/NewRx/MedicationPrescribed/Directions&#xD;&#xD;or &#xD;&#xD;Message/Body/NewRx/MedicationPrescribed/StructuredSIG"/></mapping><mapping><identity value="w5"/><map value="FiveWs.class"/></mapping><mapping><identity value="rim"/><map value=".inboundRelationship[typeCode=COMP].source[classCode=OBS, moodCode=EVN, code=&quot;type of medication usage&quot;].value"/></mapping></element><element id="MedicationRequest:obf-MedicationRequest.priority"><path value="MedicationRequest.priority"/><short value="routine | urgent | asap | stat"/><definition value="Indicates how quickly the Medication Request should be addressed with respect to other requests."/><min value="0"/><max value="1"/><base><path value="MedicationRequest.priority"/><min value="0"/><max value="1"/></base><type><code value="code"/></type><isModifier value="false"/><isSummary value="true"/><binding><extension url="http://hl7.org/fhir/StructureDefinition/elementdefinition-bindingName"><valueString value="MedicationRequestPriority"/></extension><strength value="required"/><description value="Identifies the level of importance to be assigned to actioning the request."/><valueSet value="http://hl7.org/fhir/ValueSet/request-priority|4.0.0"/></binding><mapping><identity value="workflow"/><map value="Request.priority"/></mapping><mapping><identity value="w5"/><map value="FiveWs.grade"/></mapping><mapping><identity value="rim"/><map value=".priorityCode"/></mapping></element><element id="MedicationRequest:obf-MedicationRequest.doNotPerform"><path value="MedicationRequest.doNotPerform"/><short value="True if request is prohibiting action"/><definition value="If true indicates that the provider is asking for the medication request not to occur."/><comment value="If do not perform is not specified, the request is a positive request e.g. &quot;do perform&quot;."/><min value="0"/><max value="1"/><base><path value="MedicationRequest.doNotPerform"/><min value="0"/><max value="1"/></base><type><code value="boolean"/></type><isModifier value="true"/><isModifierReason value="This element is labeled as a modifier because this element negates the request to occur (ie, this is a request for the medication not to be ordered or prescribed, etc)"/><isSummary value="true"/><mapping><identity value="rim"/><map value="SubstanceAdministration.actionNegationInd"/></mapping></element><element id="MedicationRequest:obf-MedicationRequest.reported[x]"><path value="MedicationRequest.reported[x]"/><short value="Reported rather than primary record"/><definition value="Indicates if this record was captured as a secondary &#39;reported&#39; record rather than as an original primary source-of-truth record.  It may also indicate the source of the report."/><min value="0"/><max value="1"/><base><path value="MedicationRequest.reported[x]"/><min value="0"/><max value="1"/></base><type><code value="boolean"/></type><type><code value="Reference"/><targetProfile value="http://hl7.org/fhir/us/odh/StructureDefinition/obf-Patient"/><targetProfile value="http://hl7.org/fhir/us/odh/StructureDefinition/obf-Practitioner"/><targetProfile value="http://hl7.org/fhir/us/odh/StructureDefinition/obf-RelatedPerson"/><targetProfile value="http://hl7.org/fhir/us/odh/StructureDefinition/obf-Organization"/></type><isModifier value="false"/><isSummary value="true"/><mapping><identity value="rim"/><map value=".participation[typeCode=INF].role"/></mapping></element><element id="MedicationRequest:obf-MedicationRequest.medication[x]"><path value="MedicationRequest.medication[x]"/><short value="Medication to be taken"/><definition value="Identifies the medication being requested. This is a link to a resource that represents the medication which may be the details of the medication or simply an attribute carrying a code that identifies the medication from a known list of medications."/><comment value="If only a code is specified, then it needs to be a code for a specific product. If more information is required, then the use of the Medication resource is recommended.  For example, if you require form or lot number or if the medication is compounded or extemporaneously prepared, then you must reference the Medication resource."/><min value="1"/><max value="1"/><base><path value="MedicationRequest.medication[x]"/><min value="1"/><max value="1"/></base><type><code value="CodeableConcept"/></type><type><code value="Reference"/><targetProfile value="http://hl7.org/fhir/us/odh/StructureDefinition/obf-Medication"/></type><isModifier value="false"/><isSummary value="true"/><binding><strength value="extensible"/><valueSet value="http://h7.org/fhir/us/core/ValueSet/us-core-medication-codes"/></binding><mapping><identity value="workflow"/><map value="Request.code"/></mapping><mapping><identity value="script10.6"/><map value="Message/Body/NewRx/MedicationPrescribed&#xD;&#xD;Medication.code.coding.code = Message/Body/NewRx/MedicationPrescribed/DrugCoded/ProductCode&#xD;&#xD;Medication.code.coding.system = Message/Body/NewRx/MedicationPrescribed/DrugCoded/ProductCodeQualifier&#xD;&#xD;Medication.code.coding.display = Message/Body/NewRx/MedicationPrescribed/DrugDescription"/></mapping><mapping><identity value="w5"/><map value="FiveWs.what[x]"/></mapping><mapping><identity value="v2"/><map value="RXE-2-Give Code / RXO-1-Requested Give Code / RXC-2-Component Code"/></mapping><mapping><identity value="rim"/><map value="consumable.administrableMedication"/></mapping></element><element id="MedicationRequest:obf-MedicationRequest.subject"><path value="MedicationRequest.subject"/><short value="Who or group medication request is for"/><definition value="A link to a resource representing the person or set of individuals to whom the medication will be given."/><comment value="The subject on a medication request is mandatory.  For the secondary use case where the actual subject is not provided, there still must be an anonymized subject specified."/><min value="1"/><max value="1"/><base><path value="MedicationRequest.subject"/><min value="1"/><max value="1"/></base><type><code value="Reference"/><targetProfile value="http://hl7.org/fhir/us/odh/StructureDefinition/obf-Patient"/></type><isModifier value="false"/><isSummary value="true"/><mapping><identity value="workflow"/><map value="Request.subject"/></mapping><mapping><identity value="script10.6"/><map value="Message/Body/NewRx/Patient&#xD;&#xD;(need detail to link to specific patient &#x2026; Patient.Identification in SCRIPT)"/></mapping><mapping><identity value="w5"/><map value="FiveWs.subject[x]"/></mapping><mapping><identity value="v2"/><map value="PID-3-Patient ID List"/></mapping><mapping><identity value="rim"/><map value=".participation[typeCode=AUT].role"/></mapping><mapping><identity value="w5"/><map value="FiveWs.subject"/></mapping></element><element id="MedicationRequest:obf-MedicationRequest.encounter"><path value="MedicationRequest.encounter"/><short value="Encounter created as part of encounter/admission/stay"/><definition value="The Encounter during which this [x] was created or to which the creation of this record is tightly associated."/><comment value="This will typically be the encounter the event occurred within, but some activities may be initiated prior to or after the official completion of an encounter but still be tied to the context of the encounter.&quot;    If there is a need to link to episodes of care they will be handled with an extension."/><min value="0"/><max value="1"/><base><path value="MedicationRequest.encounter"/><min value="0"/><max value="1"/></base><type><code value="Reference"/><targetProfile value="http://hl7.org/fhir/us/odh/StructureDefinition/obf-Encounter"/></type><isModifier value="false"/><isSummary value="false"/><mapping><identity value="workflow"/><map value="Request.context"/></mapping><mapping><identity value="script10.6"/><map value="no mapping"/></mapping><mapping><identity value="w5"/><map value="FiveWs.context"/></mapping><mapping><identity value="v2"/><map value="PV1-19-Visit Number"/></mapping><mapping><identity value="rim"/><map value=".inboundRelationship[typeCode=COMP].source[classCode=ENC, moodCode=EVN, code=&quot;type of encounter or episode&quot;]"/></mapping></element><element id="MedicationRequest:obf-MedicationRequest.supportingInformation"><path value="MedicationRequest.supportingInformation"/><short value="Information to support ordering of the medication"/><definition value="Include additional information (for example, patient height and weight) that supports the ordering of the medication."/><min value="0"/><max value="*"/><base><path value="MedicationRequest.supportingInformation"/><min value="0"/><max value="*"/></base><type><code value="Reference"/><targetProfile value="http://hl7.org/fhir/us/odh/StructureDefinition/obf-DomainResource"/></type><isModifier value="false"/><isSummary value="false"/><mapping><identity value="workflow"/><map value="Request.supportingInfo"/></mapping><mapping><identity value="w5"/><map value="FiveWs.context"/></mapping><mapping><identity value="rim"/><map value=".outboundRelationship[typeCode=PERT].target[A_SupportingClinicalStatement CMET minimal with many different choices of classCodes(ORG, ENC, PROC, SPLY, SBADM, OBS) and each of the act class codes draws from one or more of the following moodCodes (EVN, DEF, INT PRMS, RQO, PRP, APT, ARQ, GOL)]"/></mapping></element><element id="MedicationRequest:obf-MedicationRequest.authoredOn"><path value="MedicationRequest.authoredOn"/><short value="When request was initially authored"/><definition value="The date (and perhaps time) when the prescription was initially written or authored on."/><min value="1"/><max value="1"/><base><path value="MedicationRequest.authoredOn"/><min value="0"/><max value="1"/></base><type><code value="dateTime"/></type><isModifier value="false"/><isSummary value="true"/><mapping><identity value="workflow"/><map value="Request.authoredOn"/></mapping><mapping><identity value="script10.6"/><map value="Message/Body/NewRx/MedicationPrescribed/WrittenDate"/></mapping><mapping><identity value="w5"/><map value="FiveWs.recorded"/></mapping><mapping><identity value="v2"/><map value="RXE-32-Original Order Date/Time / ORC-9-Date/Time of Transaction"/></mapping><mapping><identity value="rim"/><map value="author.time"/></mapping></element><element id="MedicationRequest:obf-MedicationRequest.requester"><path value="MedicationRequest.requester"/><short value="Who/What requested the Request"/><definition value="The individual, organization, or device that initiated the request and has responsibility for its activation."/><min value="1"/><max value="1"/><base><path value="MedicationRequest.requester"/><min value="0"/><max value="1"/></base><type><code value="Reference"/><targetProfile value="http://hl7.org/fhir/us/odh/StructureDefinition/obf-Practitioner"/><targetProfile value="http://hl7.org/fhir/us/odh/StructureDefinition/obf-Organization"/><targetProfile value="http://hl7.org/fhir/us/odh/StructureDefinition/obf-Patient"/><targetProfile value="http://hl7.org/fhir/us/odh/StructureDefinition/obf-RelatedPerson"/><targetProfile value="http://hl7.org/fhir/us/odh/StructureDefinition/obf-Device"/></type><isModifier value="false"/><isSummary value="true"/><mapping><identity value="workflow"/><map value="Request.requester"/></mapping><mapping><identity value="w5"/><map value="FiveWs.author"/></mapping><mapping><identity value="rim"/><map value=".participation[typeCode=AUT].role"/></mapping></element><element id="MedicationRequest:obf-MedicationRequest.performer"><path value="MedicationRequest.performer"/><short value="Intended performer of administration"/><definition value="The specified desired performer of the medication treatment (e.g. the performer of the medication administration)."/><min value="0"/><max value="1"/><base><path value="MedicationRequest.performer"/><min value="0"/><max value="1"/></base><type><code value="Reference"/><targetProfile value="http://hl7.org/fhir/us/odh/StructureDefinition/obf-Patient"/><targetProfile value="http://hl7.org/fhir/us/odh/StructureDefinition/obf-Practitioner"/><targetProfile value="http://hl7.org/fhir/us/odh/StructureDefinition/obf-RelatedPerson"/><targetProfile value="http://hl7.org/fhir/us/odh/StructureDefinition/obf-Organization"/><targetProfile value="http://hl7.org/fhir/us/odh/StructureDefinition/obf-Device"/></type><isModifier value="false"/><isSummary value="false"/><mapping><identity value="workflow"/><map value="Request.performer"/></mapping><mapping><identity value="w5"/><map value="FiveWs.actor"/></mapping><mapping><identity value="rim"/><map value=".participation[typeCode=PRF].role[scoper.determinerCode=INSTANCE]"/></mapping></element><element id="MedicationRequest:obf-MedicationRequest.performerType"><path value="MedicationRequest.performerType"/><short value="Desired kind of performer of the medication administration"/><definition value="Indicates the type of performer of the administration of the medication."/><comment value="If specified without indicating a performer, this indicates that the performer must be of the specified type. If specified with a performer then it indicates the requirements of the performer if the designated performer is not available."/><min value="0"/><max value="1"/><base><path value="MedicationRequest.performerType"/><min value="0"/><max value="1"/></base><type><code value="CodeableConcept"/></type><isModifier value="false"/><isSummary value="true"/><binding><extension url="http://hl7.org/fhir/StructureDefinition/elementdefinition-bindingName"><valueString value="MedicationRequestPerformerType"/></extension><strength value="example"/><description value="Identifies the type of individual that is desired to administer the medication."/><valueSet value="http://hl7.org/fhir/ValueSet/performer-role"/></binding><mapping><identity value="workflow"/><map value="Request.performerType"/></mapping><mapping><identity value="rim"/><map value=".participation[typeCode=PRF].role[scoper.determinerCode=KIND].code"/></mapping></element><element id="MedicationRequest:obf-MedicationRequest.recorder"><path value="MedicationRequest.recorder"/><short value="Person who entered the request"/><definition value="The person who entered the order on behalf of another individual for example in the case of a verbal or a telephone order."/><min value="0"/><max value="1"/><base><path value="MedicationRequest.recorder"/><min value="0"/><max value="1"/></base><type><code value="Reference"/><targetProfile value="http://hl7.org/fhir/us/odh/StructureDefinition/obf-Practitioner"/></type><isModifier value="false"/><isSummary value="false"/><mapping><identity value="w5"/><map value="FiveWs.who"/></mapping><mapping><identity value="rim"/><map value=".participation[typeCode=TRANS].role[classCode=ASSIGNED].code (HealthcareProviderType)"/></mapping></element><element id="MedicationRequest:obf-MedicationRequest.reasonCode"><path value="MedicationRequest.reasonCode"/><short value="Reason or indication for ordering or not ordering the medication"/><definition value="The reason or the indication for ordering or not ordering the medication."/><comment value="This could be a diagnosis code. If a full condition record exists or additional detail is needed, use reasonReference."/><min value="0"/><max value="1"/><base><path value="MedicationRequest.reasonCode"/><min value="0"/><max value="*"/></base><type><code value="CodeableConcept"/></type><isModifier value="false"/><isSummary value="false"/><binding><extension url="http://hl7.org/fhir/StructureDefinition/elementdefinition-bindingName"><valueString value="MedicationRequestReason"/></extension><strength value="example"/><description value="A coded concept indicating why the medication was ordered."/><valueSet value="http://hl7.org/fhir/ValueSet/condition-code"/></binding><mapping><identity value="workflow"/><map value="Request.reasonCode"/></mapping><mapping><identity value="script10.6"/><map value="Message/Body/NewRx/MedicationPrescribed/Diagnosis/Primary/Value"/></mapping><mapping><identity value="w5"/><map value="FiveWs.why[x]"/></mapping><mapping><identity value="v2"/><map value="ORC-16-Order Control Code Reason /RXE-27-Give Indication/RXO-20-Indication / RXD-21-Indication / RXG-22-Indication / RXA-19-Indication"/></mapping><mapping><identity value="rim"/><map value="reason.observation.reasonCode"/></mapping></element><element id="MedicationRequest:obf-MedicationRequest.reasonReference"><path value="MedicationRequest.reasonReference"/><short value="Condition or observation that supports why the prescription is being written"/><definition value="Condition or observation that supports why the medication was ordered."/><comment value="This is a reference to a condition or observation that is the reason for the medication order.  If only a code exists, use reasonCode."/><min value="0"/><max value="1"/><base><path value="MedicationRequest.reasonReference"/><min value="0"/><max value="*"/></base><type><code value="Reference"/><targetProfile value="http://hl7.org/fhir/us/odh/StructureDefinition/obf-Condition"/><targetProfile value="http://hl7.org/fhir/us/odh/StructureDefinition/obf-Observation"/></type><isModifier value="false"/><isSummary value="false"/><mapping><identity value="workflow"/><map value="Request.reasonReference"/></mapping><mapping><identity value="script10.6"/><map value="no mapping"/></mapping><mapping><identity value="w5"/><map value="FiveWs.why[x]"/></mapping><mapping><identity value="rim"/><map value="reason.observation[code=ASSERTION].value"/></mapping></element><element id="MedicationRequest:obf-MedicationRequest.instantiatesCanonical"><path value="MedicationRequest.instantiatesCanonical"/><short value="Instantiates FHIR protocol or definition"/><definition value="The URL pointing to a protocol, guideline, orderset, or other definition that is adhered to in whole or in part by this MedicationRequest."/><min value="0"/><max value="*"/><base><path value="MedicationRequest.instantiatesCanonical"/><min value="0"/><max value="*"/></base><type><code value="canonical"/></type><isModifier value="false"/><isSummary value="true"/><mapping><identity value="workflow"/><map value="Request.instantiates"/></mapping><mapping><identity value="rim"/><map value=".outboundRelationship[typeCode=DEFN].target"/></mapping></element><element id="MedicationRequest:obf-MedicationRequest.instantiatesUri"><path value="MedicationRequest.instantiatesUri"/><short value="Instantiates external protocol or definition"/><definition value="The URL pointing to an externally maintained protocol, guideline, orderset or other definition that is adhered to in whole or in part by this MedicationRequest."/><min value="0"/><max value="*"/><base><path value="MedicationRequest.instantiatesUri"/><min value="0"/><max value="*"/></base><type><code value="uri"/></type><isModifier value="false"/><isSummary value="true"/><mapping><identity value="rim"/><map value=".outboundRelationship[typeCode=DEFN].target"/></mapping></element><element id="MedicationRequest:obf-MedicationRequest.basedOn"><path value="MedicationRequest.basedOn"/><short value="What request fulfills"/><definition value="A plan or request that is fulfilled in whole or in part by this medication request."/><min value="0"/><max value="*"/><base><path value="MedicationRequest.basedOn"/><min value="0"/><max value="*"/></base><type><code value="Reference"/><targetProfile value="http://hl7.org/fhir/us/odh/StructureDefinition/obf-ServiceRequest"/><targetProfile value="http://hl7.org/fhir/us/odh/StructureDefinition/obf-MedicationRequest"/><targetProfile value="http://hl7.org/fhir/us/odh/StructureDefinition/obf-ReferralRequest"/><targetProfile value="http://hl7.org/fhir/us/odh/StructureDefinition/obf-ProcedureRequest"/></type><isModifier value="false"/><isSummary value="true"/><mapping><identity value="workflow"/><map value="Request.basedOn"/></mapping><mapping><identity value="rim"/><map value=".outboundRelationship[typeCode=FLFS].target[classCode=SBADM or PROC or PCPR or OBS, moodCode=RQO orPLAN or PRP]"/></mapping></element><element id="MedicationRequest:obf-MedicationRequest.groupIdentifier"><path value="MedicationRequest.groupIdentifier"/><short value="Composite request this is part of"/><definition value="A shared identifier common to all requests that were authorized more or less simultaneously by a single author, representing the identifier of the requisition or prescription."/><requirements value="Requests are linked either by a &quot;basedOn&quot; relationship (i.e. one request is fulfilling another) or by having a common requisition. Requests that are part of the same requisition are generally treated independently from the perspective of changing their state or maintaining them after initial creation."/><min value="0"/><max value="1"/><base><path value="MedicationRequest.groupIdentifier"/><min value="0"/><max value="1"/></base><type><code value="Identifier"/></type><isModifier value="false"/><isSummary value="true"/><mapping><identity value="workflow"/><map value="Request.groupIdentifier"/></mapping><mapping><identity value="rim"/><map value=".outboundRelationship(typeCode=COMP].target[classCode=SBADM, moodCode=INT].id"/></mapping></element><element id="MedicationRequest:obf-MedicationRequest.courseOfTherapyType"><path value="MedicationRequest.courseOfTherapyType"/><short value="Overall pattern of medication administration"/><definition value="The description of the overall patte3rn of the administration of the medication to the patient."/><comment value="This attribute should not be confused with the protocol of the medication."/><min value="0"/><max value="1"/><base><path value="MedicationRequest.courseOfTherapyType"/><min value="0"/><max value="1"/></base><type><code value="CodeableConcept"/></type><isModifier value="false"/><isSummary value="false"/><binding><extension url="http://hl7.org/fhir/StructureDefinition/elementdefinition-bindingName"><valueString value="MedicationRequestCourseOfTherapy"/></extension><strength value="example"/><description value="Identifies the overall pattern of medication administratio."/><valueSet value="http://hl7.org/fhir/ValueSet/medicationrequest-course-of-therapy"/></binding><mapping><identity value="rim"/><map value="Act.code where classCode = LIST and moodCode = EVN"/></mapping></element><element id="MedicationRequest:obf-MedicationRequest.insurance"><path value="MedicationRequest.insurance"/><short value="Associated insurance coverage"/><definition value="Insurance plans, coverage extensions, pre-authorizations and/or pre-determinations that may be required for delivering the requested service."/><min value="0"/><max value="*"/><base><path value="MedicationRequest.insurance"/><min value="0"/><max value="*"/></base><type><code value="Reference"/><targetProfile value="http://hl7.org/fhir/us/odh/StructureDefinition/obf-Coverage"/></type><isModifier value="false"/><isSummary value="false"/><mapping><identity value="workflow"/><map value="Request.insurance"/></mapping><mapping><identity value="rim"/><map value=".outboundRelationship[typeCode=COVBY].target"/></mapping></element><element id="MedicationRequest:obf-MedicationRequest.note"><path value="MedicationRequest.note"/><short value="Information about the prescription"/><definition value="Extra information about the prescription that could not be conveyed by the other attributes."/><min value="0"/><max value="1"/><base><path value="MedicationRequest.note"/><min value="0"/><max value="*"/></base><type><code value="Annotation"/><profile value="http://hl7.org/fhir/us/odh/StructureDefinition/obf-Annotation"/></type><isModifier value="false"/><isSummary value="false"/><mapping><identity value="workflow"/><map value="Request.note"/></mapping><mapping><identity value="script10.6"/><map value="Message/Body/NewRx/MedicationPrescribed/Note"/></mapping><mapping><identity value="rim"/><map value=".inboundRelationship[typeCode=SUBJ]/source[classCode=OBS,moodCode=EVN,code=&quot;annotation&quot;].value"/></mapping></element><element id="MedicationRequest:obf-MedicationRequest.dosageInstruction"><path value="MedicationRequest.dosageInstruction"/><short value="How the medication should be taken"/><definition value="Indicates how the medication is to be used by the patient."/><comment value="There are examples where a medication request may include the option of an oral dose or an Intravenous or Intramuscular dose.  For example, &quot;Ondansetron 8mg orally or IV twice a day as needed for nausea&quot; or &quot;Compazine&#xAE; (prochlorperazine) 5-10mg PO or 25mg PR bid prn nausea or vomiting&quot;.  In these cases, two medication requests would be created that could be grouped together.  The decision on which dose and route of administration to use is based on the patient&#39;s condition at the time the dose is needed."/><min value="0"/><max value="*"/><base><path value="MedicationRequest.dosageInstruction"/><min value="0"/><max value="*"/></base><type><code value="Dosage"/><profile value="http://hl7.org/fhir/us/odh/StructureDefinition/obf-Dosage"/></type><isModifier value="false"/><isSummary value="false"/><mapping><identity value="workflow"/><map value="Request.occurrence[x]"/></mapping><mapping><identity value="rim"/><map value="see dosageInstruction mapping"/></mapping></element><element id="MedicationRequest:obf-MedicationRequest.dispenseRequest"><path value="MedicationRequest.dispenseRequest"/><short value="Medication supply authorization"/><definition value="Indicates the specific details for the dispense or medication supply part of a medication request (also known as a Medication Prescription or Medication Order).  Note that this information is not always sent with the order.  There may be in some settings (e.g. hospitals) institutional or system support for completing the dispense details in the pharmacy department."/><min value="0"/><max value="1"/><base><path value="MedicationRequest.dispenseRequest"/><min value="0"/><max value="1"/></base><type><code value="BackboneElement"/></type><constraint><key value="ele-1"/><severity value="error"/><human value="All FHIR elements must have a @value or children"/><expression value="hasValue() or (children().count() &gt; id.count())"/><xpath value="@value|f:*|h:div"/><source value="Element"/></constraint><isModifier value="false"/><isSummary value="false"/><mapping><identity value="script10.6"/><map value="Message/Body/NewRx/MedicationPrescribed/ExpirationDate"/></mapping><mapping><identity value="rim"/><map value="component.supplyEvent"/></mapping></element><element id="MedicationRequest:obf-MedicationRequest.dispenseRequest.id"><path value="MedicationRequest.dispenseRequest.id"/><representation value="xmlAttr"/><short value="Unique id for inter-element referencing"/><definition value="Unique id for the element within a resource (for internal references). This may be any string value that does not contain spaces."/><min value="0"/><max value="1"/><base><path value="Element.id"/><min value="0"/><max value="1"/></base><type><code value="string"/></type><isModifier value="false"/><isSummary value="false"/><mapping><identity value="rim"/><map value="n/a"/></mapping></element><element id="MedicationRequest:obf-MedicationRequest.dispenseRequest.extension"><path value="MedicationRequest.dispenseRequest.extension"/><short value="Additional content defined by implementations"/><definition value="May be used to represent additional information that is not part of the basic definition of the element. To make the use of extensions safe and manageable, there is a strict set of governance  applied to the definition and use of extensions. Though any implementer can define an extension, there is a set of requirements that SHALL be met as part of the definition of the extension."/><comment value="There can be no stigma associated with the use of extensions by any application, project, or standard - regardless of the institution or jurisdiction that uses or defines the extensions.  The use of extensions is what allows the FHIR specification to retain a core level of simplicity for everyone."/><alias value="extensions"/><alias value="user content"/><min value="0"/><max value="*"/><base><path value="Element.extension"/><min value="0"/><max value="*"/></base><type><code value="Extension"/></type><isModifier value="false"/><isSummary value="false"/><mapping><identity value="rim"/><map value="n/a"/></mapping></element><element id="MedicationRequest:obf-MedicationRequest.dispenseRequest.modifierExtension"><path value="MedicationRequest.dispenseRequest.modifierExtension"/><short value="Extensions that cannot be ignored even if unrecognized"/><definition value="May be used to represent additional information that is not part of the basic definition of the element and that modifies the understanding of the element in which it is contained and/or the understanding of the containing element&#39;s descendants. Usually modifier elements provide negation or qualification. To make the use of extensions safe and manageable, there is a strict set of governance applied to the definition and use of extensions. Though any implementer can define an extension, there is a set of requirements that SHALL be met as part of the definition of the extension. Applications processing a resource are required to check for modifier extensions.&#xA;&#xA;Modifier extensions SHALL NOT change the meaning of any elements on Resource or DomainResource (including cannot change the meaning of modifierExtension itself)."/><comment value="There can be no stigma associated with the use of extensions by any application, project, or standard - regardless of the institution or jurisdiction that uses or defines the extensions.  The use of extensions is what allows the FHIR specification to retain a core level of simplicity for everyone."/><requirements value="Modifier extensions allow for extensions that *cannot* be safely ignored to be clearly distinguished from the vast majority of extensions which can be safely ignored.  This promotes interoperability by eliminating the need for implementers to prohibit the presence of extensions. For further information, see the [definition of modifier extensions](extensibility.html#modifierExtension)."/><alias value="extensions"/><alias value="user content"/><alias value="modifiers"/><min value="0"/><max value="*"/><base><path value="BackboneElement.modifierExtension"/><min value="0"/><max value="*"/></base><type><code value="Extension"/></type><isModifier value="true"/><isModifierReason value="Modifier extensions are expected to modify the meaning or interpretation of the element that contains them"/><isSummary value="true"/><mapping><identity value="rim"/><map value="N/A"/></mapping></element><element id="MedicationRequest:obf-MedicationRequest.dispenseRequest.initialFill"><path value="MedicationRequest.dispenseRequest.initialFill"/><short value="First fill details"/><definition value="Indicates the quantity or duration for the first dispense of the medication."/><comment value="If populating this element, either the quantity or the duration must be included."/><min value="0"/><max value="1"/><base><path value="MedicationRequest.dispenseRequest.initialFill"/><min value="0"/><max value="1"/></base><type><code value="BackboneElement"/></type><constraint><key value="ele-1"/><severity value="error"/><human value="All FHIR elements must have a @value or children"/><expression value="hasValue() or (children().count() &gt; id.count())"/><xpath value="@value|f:*|h:div"/><source value="Element"/></constraint><isModifier value="false"/><isSummary value="false"/><mapping><identity value="rim"/><map value="SubstanceAdministration -&gt; ActRelationship[sequenceNumber = &#39;1&#39;] -&gt; Supply"/></mapping></element><element id="MedicationRequest:obf-MedicationRequest.dispenseRequest.initialFill.id"><path value="MedicationRequest.dispenseRequest.initialFill.id"/><representation value="xmlAttr"/><short value="Unique id for inter-element referencing"/><definition value="Unique id for the element within a resource (for internal references). This may be any string value that does not contain spaces."/><min value="0"/><max value="1"/><base><path value="Element.id"/><min value="0"/><max value="1"/></base><type><code value="string"/></type><isModifier value="false"/><isSummary value="false"/><mapping><identity value="rim"/><map value="n/a"/></mapping></element><element id="MedicationRequest:obf-MedicationRequest.dispenseRequest.initialFill.extension"><path value="MedicationRequest.dispenseRequest.initialFill.extension"/><short value="Additional content defined by implementations"/><definition value="May be used to represent additional information that is not part of the basic definition of the element. To make the use of extensions safe and manageable, there is a strict set of governance  applied to the definition and use of extensions. Though any implementer can define an extension, there is a set of requirements that SHALL be met as part of the definition of the extension."/><comment value="There can be no stigma associated with the use of extensions by any application, project, or standard - regardless of the institution or jurisdiction that uses or defines the extensions.  The use of extensions is what allows the FHIR specification to retain a core level of simplicity for everyone."/><alias value="extensions"/><alias value="user content"/><min value="0"/><max value="*"/><base><path value="Element.extension"/><min value="0"/><max value="*"/></base><type><code value="Extension"/></type><isModifier value="false"/><isSummary value="false"/><mapping><identity value="rim"/><map value="n/a"/></mapping></element><element id="MedicationRequest:obf-MedicationRequest.dispenseRequest.initialFill.modifierExtension"><path value="MedicationRequest.dispenseRequest.initialFill.modifierExtension"/><short value="Extensions that cannot be ignored even if unrecognized"/><definition value="May be used to represent additional information that is not part of the basic definition of the element and that modifies the understanding of the element in which it is contained and/or the understanding of the containing element&#39;s descendants. Usually modifier elements provide negation or qualification. To make the use of extensions safe and manageable, there is a strict set of governance applied to the definition and use of extensions. Though any implementer can define an extension, there is a set of requirements that SHALL be met as part of the definition of the extension. Applications processing a resource are required to check for modifier extensions.&#xA;&#xA;Modifier extensions SHALL NOT change the meaning of any elements on Resource or DomainResource (including cannot change the meaning of modifierExtension itself)."/><comment value="There can be no stigma associated with the use of extensions by any application, project, or standard - regardless of the institution or jurisdiction that uses or defines the extensions.  The use of extensions is what allows the FHIR specification to retain a core level of simplicity for everyone."/><requirements value="Modifier extensions allow for extensions that *cannot* be safely ignored to be clearly distinguished from the vast majority of extensions which can be safely ignored.  This promotes interoperability by eliminating the need for implementers to prohibit the presence of extensions. For further information, see the [definition of modifier extensions](extensibility.html#modifierExtension)."/><alias value="extensions"/><alias value="user content"/><alias value="modifiers"/><min value="0"/><max value="*"/><base><path value="BackboneElement.modifierExtension"/><min value="0"/><max value="*"/></base><type><code value="Extension"/></type><isModifier value="true"/><isModifierReason value="Modifier extensions are expected to modify the meaning or interpretation of the element that contains them"/><isSummary value="true"/><mapping><identity value="rim"/><map value="N/A"/></mapping></element><element id="MedicationRequest:obf-MedicationRequest.dispenseRequest.initialFill.quantity"><path value="MedicationRequest.dispenseRequest.initialFill.quantity"/><short value="First fill quantity"/><definition value="The amount or quantity to provide as part of the first dispense."/><min value="0"/><max value="1"/><base><path value="MedicationRequest.dispenseRequest.initialFill.quantity"/><min value="0"/><max value="1"/></base><type><code value="Quantity"/><profile value="http://hl7.org/fhir/StructureDefinition/SimpleQuantity"/></type><isModifier value="false"/><isSummary value="false"/><mapping><identity value="rim"/><map value="Supply.quantity[moodCode=RQO]"/></mapping></element><element id="MedicationRequest:obf-MedicationRequest.dispenseRequest.initialFill.duration"><path value="MedicationRequest.dispenseRequest.initialFill.duration"/><short value="First fill duration"/><definition value="The length of time that the first dispense is expected to last."/><min value="0"/><max value="1"/><base><path value="MedicationRequest.dispenseRequest.initialFill.duration"/><min value="0"/><max value="1"/></base><type><code value="Duration"/><profile value="http://hl7.org/fhir/us/odh/StructureDefinition/shr-core-Duration"/></type><isModifier value="false"/><isSummary value="false"/><mapping><identity value="rim"/><map value="Supply.effectivetime[moodCode=RQO]"/></mapping></element><element id="MedicationRequest:obf-MedicationRequest.dispenseRequest.dispenseInterval"><path value="MedicationRequest.dispenseRequest.dispenseInterval"/><short value="Minimum period of time between dispenses"/><definition value="The minimum period of time that must occur between dispenses of the medication."/><min value="0"/><max value="1"/><base><path value="MedicationRequest.dispenseRequest.dispenseInterval"/><min value="0"/><max value="1"/></base><type><code value="Duration"/><profile value="http://hl7.org/fhir/us/odh/StructureDefinition/shr-core-Duration"/></type><isModifier value="false"/><isSummary value="false"/><mapping><identity value="rim"/><map value="Supply.effectivetime[moodCode=RQO]"/></mapping></element><element id="MedicationRequest:obf-MedicationRequest.dispenseRequest.validityPeriod"><path value="MedicationRequest.dispenseRequest.validityPeriod"/><short value="Time period supply is authorized for"/><definition value="This indicates the validity period of a prescription (stale dating the Prescription)."/><comment value="It reflects the prescribers&#39; perspective for the validity of the prescription. Dispenses must not be made against the prescription outside of this period. The lower-bound of the Dispensing Window signifies the earliest date that the prescription can be filled for the first time. If an upper-bound is not specified then the Prescription is open-ended or will default to a stale-date based on regulations."/><requirements value="Indicates when the Prescription becomes valid, and when it ceases to be a dispensable Prescription."/><min value="0"/><max value="1"/><base><path value="MedicationRequest.dispenseRequest.validityPeriod"/><min value="0"/><max value="1"/></base><type><code value="Period"/></type><isModifier value="false"/><isSummary value="false"/><mapping><identity value="script10.6"/><map value="Message/Body/NewRx/MedicationPrescribed/Refills"/></mapping><mapping><identity value="rim"/><map value="effectiveTime"/></mapping></element><element id="MedicationRequest:obf-MedicationRequest.dispenseRequest.numberOfRepeatsAllowed"><path value="MedicationRequest.dispenseRequest.numberOfRepeatsAllowed"/><short value="Number of refills authorized"/><definition value="An integer indicating the number of times, in addition to the original dispense, (aka refills or repeats) that the patient can receive the prescribed medication. Usage Notes: This integer does not include the original order dispense. This means that if an order indicates dispense 30 tablets plus &quot;3 repeats&quot;, then the order can be dispensed a total of 4 times and the patient can receive a total of 120 tablets.  A prescriber may explicitly say that zero refills are permitted after the initial dispense."/><comment value="If displaying &quot;number of authorized fills&quot;, add 1 to this number."/><min value="0"/><max value="1"/><base><path value="MedicationRequest.dispenseRequest.numberOfRepeatsAllowed"/><min value="0"/><max value="1"/></base><type><code value="unsignedInt"/></type><isModifier value="false"/><isSummary value="false"/><mapping><identity value="script10.6"/><map value="Message/Body/NewRx/MedicationPrescribed/Quantity"/></mapping><mapping><identity value="v2"/><map value="RXE-12-Number of Refills"/></mapping><mapping><identity value="rim"/><map value="repeatNumber"/></mapping></element><element id="MedicationRequest:obf-MedicationRequest.dispenseRequest.quantity"><path value="MedicationRequest.dispenseRequest.quantity"/><short value="Amount of medication to supply per dispense"/><definition value="The amount that is to be dispensed for one fill."/><min value="0"/><max value="1"/><base><path value="MedicationRequest.dispenseRequest.quantity"/><min value="0"/><max value="1"/></base><type><code value="Quantity"/><profile value="http://hl7.org/fhir/StructureDefinition/SimpleQuantity"/></type><isModifier value="false"/><isSummary value="false"/><mapping><identity value="script10.6"/><map value="Message/Body/NewRx/MedicationPrescribed/DaysSupply"/></mapping><mapping><identity value="v2"/><map value="RXD-4-Actual Dispense Amount / RXD-5.1-Actual Dispense Units.code / RXD-5.3-Actual Dispense Units.name of coding system"/></mapping><mapping><identity value="rim"/><map value="quantity"/></mapping></element><element id="MedicationRequest:obf-MedicationRequest.dispenseRequest.expectedSupplyDuration"><path value="MedicationRequest.dispenseRequest.expectedSupplyDuration"/><short value="Number of days supply per dispense"/><definition value="Identifies the period time over which the supplied product is expected to be used, or the length of time the dispense is expected to last."/><comment value="In some situations, this attribute may be used instead of quantity to identify the amount supplied by how long it is expected to last, rather than the physical quantity issued, e.g. 90 days supply of medication (based on an ordered dosage). When possible, it is always better to specify quantity, as this tends to be more precise. expectedSupplyDuration will always be an estimate that can be influenced by external factors."/><min value="0"/><max value="1"/><base><path value="MedicationRequest.dispenseRequest.expectedSupplyDuration"/><min value="0"/><max value="1"/></base><type><code value="Duration"/><profile value="http://hl7.org/fhir/us/odh/StructureDefinition/shr-core-Duration"/></type><isModifier value="false"/><isSummary value="false"/><mapping><identity value="script10.6"/><map value="Message/Body/NewRx/MedicationPrescribed/Substitutions"/></mapping><mapping><identity value="rim"/><map value="expectedUseTime"/></mapping></element><element id="MedicationRequest:obf-MedicationRequest.dispenseRequest.performer"><path value="MedicationRequest.dispenseRequest.performer"/><short value="Intended dispenser"/><definition value="Indicates the intended dispensing Organization specified by the prescriber."/><min value="0"/><max value="1"/><base><path value="MedicationRequest.dispenseRequest.performer"/><min value="0"/><max value="1"/></base><type><code value="Reference"/><targetProfile value="http://hl7.org/fhir/us/odh/StructureDefinition/obf-Organization"/></type><isModifier value="false"/><isSummary value="false"/><mapping><identity value="w5"/><map value="FiveWs.who"/></mapping><mapping><identity value="rim"/><map value=".outboundRelationship[typeCode=COMP].target[classCode=SPLY, moodCode=RQO] .participation[typeCode=PRF].role[scoper.determinerCode=INSTANCE]"/></mapping></element><element id="MedicationRequest:obf-MedicationRequest.substitution"><path value="MedicationRequest.substitution"/><short value="Any restrictions on medication substitution"/><definition value="Indicates whether or not substitution can or should be part of the dispense. In some cases, substitution must happen, in other cases substitution must not happen. This block explains the prescriber&#39;s intent. If nothing is specified substitution may be done."/><min value="0"/><max value="1"/><base><path value="MedicationRequest.substitution"/><min value="0"/><max value="1"/></base><type><code value="BackboneElement"/></type><constraint><key value="ele-1"/><severity value="error"/><human value="All FHIR elements must have a @value or children"/><expression value="hasValue() or (children().count() &gt; id.count())"/><xpath value="@value|f:*|h:div"/><source value="Element"/></constraint><isModifier value="false"/><isSummary value="false"/><mapping><identity value="script10.6"/><map value="specific values within Message/Body/NewRx/MedicationPrescribed/Substitutions"/></mapping><mapping><identity value="rim"/><map value="subjectOf.substitutionPersmission"/></mapping></element><element id="MedicationRequest:obf-MedicationRequest.substitution.id"><path value="MedicationRequest.substitution.id"/><representation value="xmlAttr"/><short value="Unique id for inter-element referencing"/><definition value="Unique id for the element within a resource (for internal references). This may be any string value that does not contain spaces."/><min value="0"/><max value="1"/><base><path value="Element.id"/><min value="0"/><max value="1"/></base><type><code value="string"/></type><isModifier value="false"/><isSummary value="false"/><mapping><identity value="rim"/><map value="n/a"/></mapping></element><element id="MedicationRequest:obf-MedicationRequest.substitution.extension"><path value="MedicationRequest.substitution.extension"/><short value="Additional content defined by implementations"/><definition value="May be used to represent additional information that is not part of the basic definition of the element. To make the use of extensions safe and manageable, there is a strict set of governance  applied to the definition and use of extensions. Though any implementer can define an extension, there is a set of requirements that SHALL be met as part of the definition of the extension."/><comment value="There can be no stigma associated with the use of extensions by any application, project, or standard - regardless of the institution or jurisdiction that uses or defines the extensions.  The use of extensions is what allows the FHIR specification to retain a core level of simplicity for everyone."/><alias value="extensions"/><alias value="user content"/><min value="0"/><max value="*"/><base><path value="Element.extension"/><min value="0"/><max value="*"/></base><type><code value="Extension"/></type><isModifier value="false"/><isSummary value="false"/><mapping><identity value="rim"/><map value="n/a"/></mapping></element><element id="MedicationRequest:obf-MedicationRequest.substitution.modifierExtension"><path value="MedicationRequest.substitution.modifierExtension"/><short value="Extensions that cannot be ignored even if unrecognized"/><definition value="May be used to represent additional information that is not part of the basic definition of the element and that modifies the understanding of the element in which it is contained and/or the understanding of the containing element&#39;s descendants. Usually modifier elements provide negation or qualification. To make the use of extensions safe and manageable, there is a strict set of governance applied to the definition and use of extensions. Though any implementer can define an extension, there is a set of requirements that SHALL be met as part of the definition of the extension. Applications processing a resource are required to check for modifier extensions.&#xA;&#xA;Modifier extensions SHALL NOT change the meaning of any elements on Resource or DomainResource (including cannot change the meaning of modifierExtension itself)."/><comment value="There can be no stigma associated with the use of extensions by any application, project, or standard - regardless of the institution or jurisdiction that uses or defines the extensions.  The use of extensions is what allows the FHIR specification to retain a core level of simplicity for everyone."/><requirements value="Modifier extensions allow for extensions that *cannot* be safely ignored to be clearly distinguished from the vast majority of extensions which can be safely ignored.  This promotes interoperability by eliminating the need for implementers to prohibit the presence of extensions. For further information, see the [definition of modifier extensions](extensibility.html#modifierExtension)."/><alias value="extensions"/><alias value="user content"/><alias value="modifiers"/><min value="0"/><max value="*"/><base><path value="BackboneElement.modifierExtension"/><min value="0"/><max value="*"/></base><type><code value="Extension"/></type><isModifier value="true"/><isModifierReason value="Modifier extensions are expected to modify the meaning or interpretation of the element that contains them"/><isSummary value="true"/><mapping><identity value="rim"/><map value="N/A"/></mapping></element><element id="MedicationRequest:obf-MedicationRequest.substitution.allowed[x]"><path value="MedicationRequest.substitution.allowed[x]"/><short value="Whether substitution is allowed or not"/><definition value="True if the prescriber allows a different drug to be dispensed from what was prescribed."/><comment value="This element is labeled as a modifier because whether substitution is allow or not, it cannot be ignored."/><min value="1"/><max value="1"/><base><path value="MedicationRequest.substitution.allowed[x]"/><min value="1"/><max value="1"/></base><type><code value="boolean"/></type><type><code value="CodeableConcept"/></type><isModifier value="false"/><isSummary value="false"/><binding><extension url="http://hl7.org/fhir/StructureDefinition/elementdefinition-bindingName"><valueString value="MedicationRequestSubstitution"/></extension><strength value="example"/><description value="Identifies the type of substitution allowed."/><valueSet value="http://terminology.hl7.org/ValueSet/v3-ActSubstanceAdminSubstitutionCode"/></binding><mapping><identity value="script10.6"/><map value="specific values within Message/Body/NewRx/MedicationPrescribed/Substitutions"/></mapping><mapping><identity value="v2"/><map value="RXO-9-Allow Substitutions / RXE-9-Substitution Status"/></mapping><mapping><identity value="rim"/><map value="code"/></mapping></element><element id="MedicationRequest:obf-MedicationRequest.substitution.reason"><path value="MedicationRequest.substitution.reason"/><short value="Why should (not) substitution be made"/><definition value="Indicates the reason for the substitution, or why substitution must or must not be performed."/><min value="0"/><max value="1"/><base><path value="MedicationRequest.substitution.reason"/><min value="0"/><max value="1"/></base><type><code value="CodeableConcept"/></type><isModifier value="false"/><isSummary value="false"/><binding><strength value="example"/><valueSet value="http://hl7.org/fhir/ValueSet/v3-SubstanceAdminSubstitutionReason"/></binding><mapping><identity value="script10.6"/><map value="not mapped"/></mapping><mapping><identity value="v2"/><map value="RXE-9 Substition status"/></mapping><mapping><identity value="rim"/><map value="reasonCode"/></mapping></element><element id="MedicationRequest:obf-MedicationRequest.priorPrescription"><path value="MedicationRequest.priorPrescription"/><short value="An order/prescription that is being replaced"/><definition value="A link to a resource representing an earlier order related order or prescription."/><min value="0"/><max value="1"/><base><path value="MedicationRequest.priorPrescription"/><min value="0"/><max value="1"/></base><type><code value="Reference"/><targetProfile value="http://hl7.org/fhir/us/odh/StructureDefinition/obf-MedicationRequest"/></type><isModifier value="false"/><isSummary value="false"/><mapping><identity value="workflow"/><map value="Request.replaces"/></mapping><mapping><identity value="script10.6"/><map value="not mapped"/></mapping><mapping><identity value="rim"/><map value=".outboundRelationship[typeCode=?RPLC or ?SUCC]/target[classCode=SBADM,moodCode=RQO]"/></mapping></element><element id="MedicationRequest:obf-MedicationRequest.detectedIssue"><path value="MedicationRequest.detectedIssue"/><short value="Clinical Issue with action"/><definition value="Indicates an actual or potential clinical issue with or between one or more active or proposed clinical actions for a patient; e.g. Drug-drug interaction, duplicate therapy, dosage alert etc."/><comment value="This element can include a detected issue that has been identified either by a decision support system or by a clinician and may include information on the steps that were taken to address the issue."/><alias value="Contraindication"/><alias value="Drug Utilization Review (DUR)"/><alias value="Alert"/><min value="0"/><max value="*"/><base><path value="MedicationRequest.detectedIssue"/><min value="0"/><max value="*"/></base><type><code value="Reference"/><targetProfile value="http://hl7.org/fhir/StructureDefinition/DetectedIssue"/></type><isModifier value="false"/><isSummary value="false"/><mapping><identity value="rim"/><map value=".inboundRelationship[typeCode=SUBJ]/source[classCode=ALRT,moodCode=EVN].value"/></mapping></element><element id="MedicationRequest:obf-MedicationRequest.eventHistory"><path value="MedicationRequest.eventHistory"/><short value="A list of events of interest in the lifecycle"/><definition value="Links to Provenance records for past versions of this resource or fulfilling request or event resources that identify key state transitions or updates that are likely to be relevant to a user looking at the current version of the resource."/><comment value="This might not include provenances for all versions of the request &#x2013; only those deemed &#x201C;relevant&#x201D; or important. This SHALL NOT include the provenance associated with this current version of the resource. (If that provenance is deemed to be a &#x201C;relevant&#x201D; change, it will need to be added as part of a later update. Until then, it can be queried directly as the provenance that points to this version using _revinclude All Provenances should have some historical version of this Request as their subject.)."/><min value="0"/><max value="*"/><base><path value="MedicationRequest.eventHistory"/><min value="0"/><max value="*"/></base><type><code value="Reference"/><targetProfile value="http://hl7.org/fhir/StructureDefinition/Provenance"/></type><isModifier value="false"/><isSummary value="false"/><mapping><identity value="workflow"/><map value="Request.relevantHistory"/></mapping><mapping><identity value="rim"/><map value=".inboundRelationship(typeCode=SUBJ].source[classCode=CACT, moodCode=EVN]"/></mapping></element></snapshot><differential><element id="MedicationRequest:obf-MedicationRequest"><path value="MedicationRequest"/><short value="obf-MedicationRequest"/><definition value="An order for a medication to be dispensed and instructions for use.&#xA;Value sets for status are in direct conflict between DSTU2 Argonaut and STU3 US-Core.&#xA;Category does not exist in DSTU2 and is provided as an extension.&#xA;Intent was added in STU3 and is provided as an extension with required binding."/><isModifier value="false"/><isSummary value="false"/></element><element id="MedicationRequest:obf-MedicationRequest.extension"><path value="MedicationRequest.extension"/><slicing id="1"><discriminator><type value="value"/><path value="url"/></discriminator><ordered value="false"/><rules value="open"/></slicing></element><element id="MedicationRequest:obf-MedicationRequest.extension:code"><path value="MedicationRequest.extension"/><sliceName value="code"/><definition value="The main type identifier for a lab, procedure, condition, etc., usually drawn from a controlled vocabulary."/><min value="0"/><max value="1"/><base><path value="DomainResource.extension"/><min value="0"/><max value="*"/></base><type><code value="Extension"/><profile value="http://hl7.org/fhir/us/odh/StructureDefinition/shr-core-Code-extension"/></type><isModifier value="false"/><isSummary value="false"/></element><element id="MedicationRequest:obf-MedicationRequest.extension:expectedperformancetime"><path value="MedicationRequest.extension"/><sliceName value="expectedperformancetime"/><definition value="When an action should be done. If the action is a series or recurs (e.g. daily blood sugar testing in the morning) then a Timing can be used to describe the periodicity."/><min value="0"/><max value="1"/><base><path value="DomainResource.extension"/><min value="0"/><max value="*"/></base><type><code value="Extension"/><profile value="http://hl7.org/fhir/us/odh/StructureDefinition/obf-ExpectedPerformanceTime-extension"/></type><isModifier value="false"/><isSummary value="false"/></element><element id="MedicationRequest:obf-MedicationRequest.category"><path value="MedicationRequest.category"/><min value="0"/><max value="1"/><binding><strength value="preferred"/><valueSet value="http://hl7.org/fhir/ValueSet/medication-admin-category"/></binding></element><element id="MedicationRequest:obf-MedicationRequest.reported[x]"><path value="MedicationRequest.reported[x]"/><type><code value="boolean"/></type><type><code value="Reference"/><targetProfile value="http://hl7.org/fhir/us/odh/StructureDefinition/obf-Patient"/><targetProfile value="http://hl7.org/fhir/us/odh/StructureDefinition/obf-Practitioner"/><targetProfile value="http://hl7.org/fhir/us/odh/StructureDefinition/obf-RelatedPerson"/><targetProfile value="http://hl7.org/fhir/us/odh/StructureDefinition/obf-Organization"/></type></element><element id="MedicationRequest:obf-MedicationRequest.medication[x]"><path value="MedicationRequest.medication[x]"/><type><code value="CodeableConcept"/></type><type><code value="Reference"/><targetProfile value="http://hl7.org/fhir/us/odh/StructureDefinition/obf-Medication"/></type><binding><strength value="extensible"/><valueSet value="http://h7.org/fhir/us/core/ValueSet/us-core-medication-codes"/></binding></element><element id="MedicationRequest:obf-MedicationRequest.subject"><path value="MedicationRequest.subject"/><type><code value="Reference"/><targetProfile value="http://hl7.org/fhir/us/odh/StructureDefinition/obf-Patient"/></type></element><element id="MedicationRequest:obf-MedicationRequest.encounter"><path value="MedicationRequest.encounter"/><type><code value="Reference"/><targetProfile value="http://hl7.org/fhir/us/odh/StructureDefinition/obf-Encounter"/></type></element><element id="MedicationRequest:obf-MedicationRequest.supportingInformation"><path value="MedicationRequest.supportingInformation"/><type><code value="Reference"/><targetProfile value="http://hl7.org/fhir/us/odh/StructureDefinition/obf-DomainResource"/></type></element><element id="MedicationRequest:obf-MedicationRequest.authoredOn"><path value="MedicationRequest.authoredOn"/><min value="1"/><max value="1"/></element><element id="MedicationRequest:obf-MedicationRequest.requester"><path value="MedicationRequest.requester"/><min value="1"/><max value="1"/><type><code value="Reference"/><targetProfile value="http://hl7.org/fhir/us/odh/StructureDefinition/obf-Practitioner"/><targetProfile value="http://hl7.org/fhir/us/odh/StructureDefinition/obf-Organization"/><targetProfile value="http://hl7.org/fhir/us/odh/StructureDefinition/obf-Patient"/><targetProfile value="http://hl7.org/fhir/us/odh/StructureDefinition/obf-RelatedPerson"/><targetProfile value="http://hl7.org/fhir/us/odh/StructureDefinition/obf-Device"/></type></element><element id="MedicationRequest:obf-MedicationRequest.performer"><path value="MedicationRequest.performer"/><type><code value="Reference"/><targetProfile value="http://hl7.org/fhir/us/odh/StructureDefinition/obf-Patient"/><targetProfile value="http://hl7.org/fhir/us/odh/StructureDefinition/obf-Practitioner"/><targetProfile value="http://hl7.org/fhir/us/odh/StructureDefinition/obf-RelatedPerson"/><targetProfile value="http://hl7.org/fhir/us/odh/StructureDefinition/obf-Organization"/><targetProfile value="http://hl7.org/fhir/us/odh/StructureDefinition/obf-Device"/></type></element><element id="MedicationRequest:obf-MedicationRequest.recorder"><path value="MedicationRequest.recorder"/><type><code value="Reference"/><targetProfile value="http://hl7.org/fhir/us/odh/StructureDefinition/obf-Practitioner"/></type></element><element id="MedicationRequest:obf-MedicationRequest.reasonCode"><path value="MedicationRequest.reasonCode"/><min value="0"/><max value="1"/></element><element id="MedicationRequest:obf-MedicationRequest.reasonReference"><path value="MedicationRequest.reasonReference"/><min value="0"/><max value="1"/><type><code value="Reference"/><targetProfile value="http://hl7.org/fhir/us/odh/StructureDefinition/obf-Condition"/><targetProfile value="http://hl7.org/fhir/us/odh/StructureDefinition/obf-Observation"/></type></element><element id="MedicationRequest:obf-MedicationRequest.basedOn"><path value="MedicationRequest.basedOn"/><type><code value="Reference"/><targetProfile value="http://hl7.org/fhir/us/odh/StructureDefinition/obf-ServiceRequest"/><targetProfile value="http://hl7.org/fhir/us/odh/StructureDefinition/obf-MedicationRequest"/><targetProfile value="http://hl7.org/fhir/us/odh/StructureDefinition/obf-ReferralRequest"/><targetProfile value="http://hl7.org/fhir/us/odh/StructureDefinition/obf-ProcedureRequest"/></type></element><element id="MedicationRequest:obf-MedicationRequest.insurance"><path value="MedicationRequest.insurance"/><type><code value="Reference"/><targetProfile value="http://hl7.org/fhir/us/odh/StructureDefinition/obf-Coverage"/></type></element><element id="MedicationRequest:obf-MedicationRequest.note"><path value="MedicationRequest.note"/><min value="0"/><max value="1"/><type><code value="Annotation"/><profile value="http://hl7.org/fhir/us/odh/StructureDefinition/obf-Annotation"/></type></element><element id="MedicationRequest:obf-MedicationRequest.dosageInstruction"><path value="MedicationRequest.dosageInstruction"/><type><code value="Dosage"/><profile value="http://hl7.org/fhir/us/odh/StructureDefinition/obf-Dosage"/></type></element><element id="MedicationRequest:obf-MedicationRequest.dispenseRequest"><path value="MedicationRequest.dispenseRequest"/></element><element id="MedicationRequest:obf-MedicationRequest.dispenseRequest.initialFill"><path value="MedicationRequest.dispenseRequest.initialFill"/></element><element id="MedicationRequest:obf-MedicationRequest.dispenseRequest.initialFill.duration"><path value="MedicationRequest.dispenseRequest.initialFill.duration"/><type><code value="Duration"/><profile value="http://hl7.org/fhir/us/odh/StructureDefinition/shr-core-Duration"/></type></element><element id="MedicationRequest:obf-MedicationRequest.dispenseRequest.dispenseInterval"><path value="MedicationRequest.dispenseRequest.dispenseInterval"/><type><code value="Duration"/><profile value="http://hl7.org/fhir/us/odh/StructureDefinition/shr-core-Duration"/></type></element><element id="MedicationRequest:obf-MedicationRequest.dispenseRequest.expectedSupplyDuration"><path value="MedicationRequest.dispenseRequest.expectedSupplyDuration"/><type><code value="Duration"/><profile value="http://hl7.org/fhir/us/odh/StructureDefinition/shr-core-Duration"/></type></element><element id="MedicationRequest:obf-MedicationRequest.dispenseRequest.performer"><path value="MedicationRequest.dispenseRequest.performer"/><type><code value="Reference"/><targetProfile value="http://hl7.org/fhir/us/odh/StructureDefinition/obf-Organization"/></type></element><element id="MedicationRequest:obf-MedicationRequest.substitution"><path value="MedicationRequest.substitution"/></element><element id="MedicationRequest:obf-MedicationRequest.substitution.reason"><path value="MedicationRequest.substitution.reason"/><binding><strength value="example"/><valueSet value="http://hl7.org/fhir/ValueSet/v3-SubstanceAdminSubstitutionReason"/></binding></element><element id="MedicationRequest:obf-MedicationRequest.priorPrescription"><path value="MedicationRequest.priorPrescription"/><type><code value="Reference"/><targetProfile value="http://hl7.org/fhir/us/odh/StructureDefinition/obf-MedicationRequest"/></type></element></differential></StructureDefinition>