<?xml version="1.0" encoding="UTF-8"?><ValueSet xmlns="http://hl7.org/fhir"><id value="obf-lab-ChoiceOfUnitsVS-g-per-dL"/><text><status value="generated"/><div xmlns="http://www.w3.org/1999/xhtml">
<p><b>ChoiceOfUnitsVS-g-per-dL ValueSet</b></p>
<p>Choice of units for mass concentration.</p>
</div></text><url value="http://hl7.org/fhir/us/mcode/ValueSet/obf-lab-ChoiceOfUnitsVS-g-per-dL"/><identifier><system value="http://hl7.org/fhir/us/mcode"/><value value="obf.lab.ChoiceOfUnitsVS-g-per-dL"/></identifier><version value="0.9.1"/><name value="ChoiceOfUnitsVS_g_per_dL"/><title value="ChoiceOfUnitsVS-g-per-dL"/><status value="draft"/><date value="2019-07-13T00:00:00-04:00"/><publisher value="The MITRE Corporation"/><contact><telecom><system value="url"/><value value="http://standardhealthrecord.org"/></telecom></contact><description value="Choice of units for mass concentration."/><compose><include><system value="http://unitsofmeasure.org"/><concept><code value="g/dL"/><display value="Grams per deciliter"/></concept><concept><code value="g/L"/><display value="Grams per liter"/></concept><concept><code value="mg/dL"/><display value="Milligrams per deciliter"/></concept></include></compose></ValueSet>