<?xml version="1.0" encoding="UTF-8"?><ValueSet xmlns="http://hl7.org/fhir"><id value="obf-TreatmentIntentVS"/><text><status value="generated"/><div xmlns="http://www.w3.org/1999/xhtml">
<p><b>TreatmentIntentVS ValueSet</b></p>
<p>The purpose of a treatment. The value set includes &#39;curative&#39; and &#39;palliative&#39;. Curative is defined as any treatment meant to reduce or control a disease process, even if a &#39;cure&#39; is not anticipated. Palliative includes treatments meant to reduce symptoms and side effects, such as antiemetics.</p>
</div></text><url value="http://hl7.org/fhir/us/mcode/ValueSet/obf-TreatmentIntentVS"/><version value="0.9.1"/><name value="TreatmentIntentVS"/><title value="TreatmentIntentVS"/><status value="draft"/><date value="2019-08-01T00:00:00-04:00"/><publisher value="HL7 International Clinical Interoperability Council"/><contact><telecom><system value="url"/><value value="http://www.hl7.org/Special/committees/cic"/></telecom></contact><description value="The purpose of a treatment. The value set includes &#39;curative&#39; and &#39;palliative&#39;. Curative is defined as any treatment meant to reduce or control a disease process, even if a &#39;cure&#39; is not anticipated. Palliative includes treatments meant to reduce symptoms and side effects, such as antiemetics."/><compose><include><system value="http://snomed.info/sct"/><concept><code value="373808002"/><display value="Curative - procedure intent"/></concept><concept><code value="363676003"/><display value="Palliative - procedure intent"/></concept></include></compose></ValueSet>