<?xml version="1.0" encoding="UTF-8"?><ValueSet xmlns="http://hl7.org/fhir"><id value="shr-core-AnatomicalDirectionVS"/><text><status value="generated"/><div xmlns="http://www.w3.org/1999/xhtml">
<p><b>AnatomicalDirectionVS ValueSet</b></p>
<p>Terms that specify anatomical direction.</p>
</div></text><url value="http://hl7.org/fhir/us/mcode/ValueSet/shr-core-AnatomicalDirectionVS"/><version value="0.9.1"/><name value="AnatomicalDirectionVS"/><title value="AnatomicalDirectionVS"/><status value="draft"/><date value="2019-07-18T00:00:00-04:00"/><publisher value="The MITRE Corporation"/><contact><telecom><system value="url"/><value value="http://standardhealthrecord.org"/></telecom></contact><description value="Terms that specify anatomical direction."/><compose><include><system value="http://snomed.info/sct"/><filter><property value="concept"/><op value="is-a"/><value value="272424004"/></filter></include></compose></ValueSet>