<?xml version="1.0" encoding="UTF-8"?><ValueSet xmlns="http://hl7.org/fhir"><id value="shr-core-ConditionStatusTrendVS"/><text><status value="generated"/><div xmlns="http://www.w3.org/1999/xhtml">
<p><b>ConditionStatusTrendVS ValueSet</b></p>
<p>Standardized value set that describes the trend or status of a disease, condition, or ability. Based on LOINC answer lists LL2751-7 and LL4721-8. The value&#xA0;SNOMED-CT 260415000 (Not Detected) should be used to express No Evidence of Disease (NED), condition resolved, or full remission.</p>
</div></text><url value="http://hl7.org/fhir/us/mcode/ValueSet/shr-core-ConditionStatusTrendVS"/><version value="0.9.1"/><name value="ConditionStatusTrendVS"/><title value="ConditionStatusTrendVS"/><status value="draft"/><date value="2019-07-18T00:00:00-04:00"/><publisher value="The MITRE Corporation"/><contact><telecom><system value="url"/><value value="http://standardhealthrecord.org"/></telecom></contact><description value="Standardized value set that describes the trend or status of a disease, condition, or ability. Based on LOINC answer lists LL2751-7 and LL4721-8. The value&#xA0;SNOMED-CT 260415000 (Not Detected) should be used to express No Evidence of Disease (NED), condition resolved, or full remission."/><compose><include><system value="http://snomed.info/sct"/><concept><code value="260415000"/><display value="Not detected. Use this term for expressing NED (no evidence of disease), condition resolved, or full remission."/></concept><concept><code value="385633008"/><display value="Improving"/></concept><concept><code value="58158008"/><display value="Stable"/></concept><concept><code value="230993007"/><display value="Worsening"/></concept><concept><code value="42425007"/><display value="Equivocal. Equivocal represents a borderline value, too close to call; for example, a value very close to a cut-off between positive and negative."/></concept><concept><code value="82334004"/><display value="Indeterminate. Indeterminate means the results were uninterpretable, or cannot be determined; technical issues prevented obtaining a valid result."/></concept></include></compose></ValueSet>