<?xml version="1.0" encoding="UTF-8"?><ValueSet xmlns="http://hl7.org/fhir"><id value="vital-BodyHeightLengthUnitsVS"/><text><status value="generated"/><div xmlns="http://www.w3.org/1999/xhtml">
<p><b>BodyHeightLengthUnitsVS ValueSet</b></p>
<p>Codes representing acceptable units for body height or length.</p>
</div></text><url value="http://hl7.org/fhir/us/mcode/ValueSet/vital-BodyHeightLengthUnitsVS"/><version value="0.9.1"/><name value="BodyHeightLengthUnitsVS"/><title value="BodyHeightLengthUnitsVS"/><status value="draft"/><date value="2019-08-01T00:00:00-04:00"/><publisher value="HL7 International Clinical Interoperability Council"/><contact><telecom><system value="url"/><value value="http://www.hl7.org/Special/committees/cic"/></telecom></contact><description value="Codes representing acceptable units for body height or length."/><compose><include><system value="http://unitsofmeasure.org"/><concept><code value="cm"/><display value="Centimeters"/></concept><concept><code value="[in_i]"/><display value="Inches"/></concept></include></compose></ValueSet>