<?xml version="1.0" encoding="UTF-8"?><ValueSet xmlns="http://hl7.org/fhir"><id value="obf-SurgicalProcedureVS"/><text><status value="generated"/><div xmlns="http://www.w3.org/1999/xhtml">
<p><b>SurgicalProcedureVS ValueSet</b></p>
<p>Codes describing surgical procedures. Includes codes from SNOMED CT under the hierarchy of 387713003 &#39;Surgical procedure&#39;. Codes from ICD-10-PCS and CPT are acceptable. CPT codes are not listed here due to intellectual property restrictions. ICD-10-PCS codes are not listed because of a limitation in the FHIR Implementation Guide publisher. For CPT and ICD-10-PCS, only codes representing surgical procedures should be included.</p>
</div></text><url value="http://hl7.org/fhir/us/mcode/ValueSet/obf-SurgicalProcedureVS"/><identifier><system value="http://hl7.org/fhir/us/mcode"/><value value="obf.SurgicalProcedureVS"/></identifier><version value="0.9.1"/><name value="SurgicalProcedureVS"/><title value="SurgicalProcedureVS"/><status value="draft"/><date value="2019-07-03T00:00:00-04:00"/><publisher value="The MITRE Corporation"/><contact><telecom><system value="url"/><value value="http://standardhealthrecord.org"/></telecom></contact><description value="Codes describing surgical procedures. Includes codes from SNOMED CT under the hierarchy of 387713003 &#39;Surgical procedure&#39;. Codes from ICD-10-PCS and CPT are acceptable. CPT codes are not listed here due to intellectual property restrictions. ICD-10-PCS codes are not listed because of a limitation in the FHIR Implementation Guide publisher. For CPT and ICD-10-PCS, only codes representing surgical procedures should be included."/><compose><include><system value="http://snomed.info/sct"/><filter><property value="concept"/><op value="is-a"/><value value="387713003"/></filter></include></compose></ValueSet>