<?xml version="1.0" encoding="UTF-8"?><ValueSet xmlns="http://hl7.org/fhir"><id value="obf-lab-EquivalentUnitsVS-thousand-per-uL"/><text><status value="generated"/><div xmlns="http://www.w3.org/1999/xhtml">
<p><b>EquivalentUnitsVS-thousand-per-uL ValueSet</b></p>
<p>Units equivalent to 10*3/uL</p>
</div></text><url value="http://hl7.org/fhir/us/mcode/ValueSet/obf-lab-EquivalentUnitsVS-thousand-per-uL"/><identifier><system value="http://hl7.org/fhir/us/mcode"/><value value="obf.lab.EquivalentUnitsVS-thousand-per-uL"/></identifier><version value="0.9.1"/><name value="EquivalentUnitsVS_thousand_per_uL"/><title value="EquivalentUnitsVS-thousand-per-uL"/><status value="draft"/><date value="2019-07-03T00:00:00-04:00"/><publisher value="The MITRE Corporation"/><contact><telecom><system value="url"/><value value="http://standardhealthrecord.org"/></telecom></contact><description value="Units equivalent to 10*3/uL"/><compose><include><system value="http://unitsofmeasure.org"/><concept><code value="10*3/uL"/><display value="Thousand per microliter"/></concept><concept><code value="10*6/mL"/><display value="Million per milliliter"/></concept><concept><code value="10*9/L"/><display value="Billion per liter"/></concept><concept><code value="10*3/mm3"/><display value="Thousand per cubic millimeter"/></concept></include></compose></ValueSet>