<?xml version="1.0" encoding="UTF-8"?>

<StructureDefinition xmlns="http://hl7.org/fhir">
  <id value="shr-core-AddressLine-model"/>
  <text>
    <status value="generated"/><div xmlns="http://www.w3.org/1999/xhtml">
  <p><b>AddressLine Logical Model</b></p>
  <p>Part of an address that contains the house number, apartment number, street name, street direction, P.O. Box number, delivery hints, and similar address information. (Source: HL7 FHIR).</p>
</div>
  </text>
  <url value="http://hl7.org/fhir/us/shr/StructureDefinition/shr-core-AddressLine-model"/>
  <identifier>
    <system value="http://hl7.org/fhir/us/sdoh"/>
    <value value="shr.core.AddressLine"/>
  </identifier>
  <version value="0.1.0"/>
  <name value="AddressLine"/>
  <title value="shr-core-AddressLine"/>
  <status value="draft"/>
  <date value="2019-04-01T00:00:00-04:00"/>
  <publisher value="MITRE Corporation"/>
  <contact>
    <telecom>
      <system value="url"/>
      <value value="http://standardhealthrecord.org"/>
    </telecom>
  </contact>
  <description value="Part of an address that contains the house number, apartment number, street name, street direction, P.O. Box number, delivery hints, and similar address information. (Source: HL7 FHIR)."/>
  <kind value="logical"/>
  <abstract value="false"/>
  <type value="shr-core-AddressLine-model"/>
  <baseDefinition value="http://hl7.org/fhir/StructureDefinition/Element"/>
  <derivation value="specialization"/>
  <snapshot>
    <element id="shr-core-AddressLine-model">
      <path value="shr-core-AddressLine-model"/>
      <definition value="Part of an address that contains the house number, apartment number, street name, street direction, P.O. Box number, delivery hints, and similar address information. (Source: HL7 FHIR)."/>
      <min value="0"/>
      <max value="*"/>
      <base>
        <path value="shr-core-AddressLine-model"/>
        <min value="0"/>
        <max value="*"/>
      </base>
      <mustSupport value="false"/>
      <isModifier value="false"/>
      <isSummary value="false"/>
    </element>
    <element id="shr-core-AddressLine-model.value">
      <path value="shr-core-AddressLine-model.value"/>
      <short value="String representing part of an address that contains the house number, apartment number, street name, street direction, P.O. Box number, delivery hints, and similar address information. (Source: HL7 FHIR)."/>
      <definition value="String representing part of an address that contains the house number, apartment number, street name, street direction, P.O. Box number, delivery hints, and similar address information. (Source: HL7 FHIR)."/>
      <min value="1"/>
      <max value="1"/>
      <base>
        <path value="shr-core-AddressLine-model.value"/>
        <min value="1"/>
        <max value="1"/>
      </base>
      <type>
        <code value="string"/>
      </type>
      <mustSupport value="false"/>
      <isModifier value="false"/>
      <isSummary value="false"/>
    </element>
  </snapshot>
  <differential>
    <element id="shr-core-AddressLine-model">
      <path value="shr-core-AddressLine-model"/>
      <definition value="Part of an address that contains the house number, apartment number, street name, street direction, P.O. Box number, delivery hints, and similar address information. (Source: HL7 FHIR)."/>
      <min value="0"/>
      <max value="*"/>
      <base>
        <path value="shr-core-AddressLine-model"/>
        <min value="0"/>
        <max value="*"/>
      </base>
      <mustSupport value="false"/>
      <isModifier value="false"/>
      <isSummary value="false"/>
    </element>
    <element id="shr-core-AddressLine-model.value">
      <path value="shr-core-AddressLine-model.value"/>
      <short value="String representing part of an address that contains the house number, apartment number, street name, street direction, P.O. Box number, delivery hints, and similar address information. (Source: HL7 FHIR)."/>
      <definition value="String representing part of an address that contains the house number, apartment number, street name, street direction, P.O. Box number, delivery hints, and similar address information. (Source: HL7 FHIR)."/>
      <min value="1"/>
      <max value="1"/>
      <base>
        <path value="shr-core-AddressLine-model.value"/>
        <min value="1"/>
        <max value="1"/>
      </base>
      <type>
        <code value="string"/>
      </type>
      <mustSupport value="false"/>
      <isModifier value="false"/>
      <isSummary value="false"/>
    </element>
  </differential>
</StructureDefinition>