<?xml version="1.0" encoding="UTF-8"?>

<StructureDefinition xmlns="http://hl7.org/fhir">
  <id value="shr-core-Narrative-model"/>
  <text>
    <status value="generated"/><div xmlns="http://www.w3.org/1999/xhtml">
  <p><b>Narrative Logical Model</b></p>
  <p>A human-readable narrative, potentially including images, that contains a summary of the resource, and may be used to represent the content of the resource to a human.</p>
</div>
  </text>
  <url value="http://hl7.org/fhir/us/shr/StructureDefinition/shr-core-Narrative-model"/>
  <identifier>
    <system value="http://hl7.org/fhir/us/sdoh"/>
    <value value="shr.core.Narrative"/>
  </identifier>
  <version value="0.1.0"/>
  <name value="Narrative"/>
  <title value="shr-core-Narrative"/>
  <status value="draft"/>
  <date value="2019-04-01T00:00:00-04:00"/>
  <publisher value="MITRE Corporation"/>
  <contact>
    <telecom>
      <system value="url"/>
      <value value="http://standardhealthrecord.org"/>
    </telecom>
  </contact>
  <description value="A human-readable narrative, potentially including images, that contains a summary of the resource, and may be used to represent the content of the resource to a human."/>
  <kind value="logical"/>
  <abstract value="false"/>
  <type value="shr-core-Narrative-model"/>
  <baseDefinition value="http://hl7.org/fhir/StructureDefinition/Element"/>
  <derivation value="specialization"/>
  <snapshot>
    <element id="shr-core-Narrative-model">
      <path value="shr-core-Narrative-model"/>
      <definition value="A human-readable narrative, potentially including images, that contains a summary of the resource, and may be used to represent the content of the resource to a human."/>
      <min value="0"/>
      <max value="*"/>
      <base>
        <path value="shr-core-Narrative-model"/>
        <min value="0"/>
        <max value="*"/>
      </base>
      <mustSupport value="false"/>
      <isModifier value="false"/>
      <isSummary value="false"/>
    </element>
    <element id="shr-core-Narrative-model.narrativeText">
      <path value="shr-core-Narrative-model.narrativeText"/>
      <short value="Text of narrative, in xhtml."/>
      <definition value="Text of narrative, in xhtml."/>
      <min value="1"/>
      <max value="1"/>
      <base>
        <path value="shr-core-Narrative-model.narrativeText"/>
        <min value="1"/>
        <max value="1"/>
      </base>
      <type>
        <code value="xhtml"/>
      </type>
      <mustSupport value="false"/>
      <isModifier value="false"/>
      <isSummary value="false"/>
    </element>
    <element id="shr-core-Narrative-model.narrativeQualifier">
      <path value="shr-core-Narrative-model.narrativeQualifier"/>
      <short value="Additional information on how the narrative was generated, and the scope of information contained."/>
      <definition value="Additional information on how the narrative was generated, and the scope of information contained."/>
      <min value="1"/>
      <max value="1"/>
      <base>
        <path value="shr-core-Narrative-model.narrativeQualifier"/>
        <min value="1"/>
        <max value="1"/>
      </base>
      <type>
        <code value="Coding"/>
      </type>
      <mustSupport value="false"/>
      <isModifier value="false"/>
      <isSummary value="false"/>
      <binding>
        <strength value="required"/>
        <valueSetReference>
          <reference value="http://hl7.org/fhir/ValueSet/narrative-status"/>
        </valueSetReference>
      </binding>
    </element>
  </snapshot>
  <differential>
    <element id="shr-core-Narrative-model">
      <path value="shr-core-Narrative-model"/>
      <definition value="A human-readable narrative, potentially including images, that contains a summary of the resource, and may be used to represent the content of the resource to a human."/>
      <min value="0"/>
      <max value="*"/>
      <base>
        <path value="shr-core-Narrative-model"/>
        <min value="0"/>
        <max value="*"/>
      </base>
      <mustSupport value="false"/>
      <isModifier value="false"/>
      <isSummary value="false"/>
    </element>
    <element id="shr-core-Narrative-model.narrativeText">
      <path value="shr-core-Narrative-model.narrativeText"/>
      <short value="Text of narrative, in xhtml."/>
      <definition value="Text of narrative, in xhtml."/>
      <min value="1"/>
      <max value="1"/>
      <base>
        <path value="shr-core-Narrative-model.narrativeText"/>
        <min value="1"/>
        <max value="1"/>
      </base>
      <type>
        <code value="xhtml"/>
      </type>
      <mustSupport value="false"/>
      <isModifier value="false"/>
      <isSummary value="false"/>
    </element>
    <element id="shr-core-Narrative-model.narrativeQualifier">
      <path value="shr-core-Narrative-model.narrativeQualifier"/>
      <short value="Additional information on how the narrative was generated, and the scope of information contained."/>
      <definition value="Additional information on how the narrative was generated, and the scope of information contained."/>
      <min value="1"/>
      <max value="1"/>
      <base>
        <path value="shr-core-Narrative-model.narrativeQualifier"/>
        <min value="1"/>
        <max value="1"/>
      </base>
      <type>
        <code value="Coding"/>
      </type>
      <mustSupport value="false"/>
      <isModifier value="false"/>
      <isSummary value="false"/>
      <binding>
        <strength value="required"/>
        <valueSetReference>
          <reference value="http://hl7.org/fhir/ValueSet/narrative-status"/>
        </valueSetReference>
      </binding>
    </element>
  </differential>
</StructureDefinition>