<?xml version="1.0" encoding="UTF-8"?>

<StructureDefinition xmlns="http://hl7.org/fhir">
  <id value="shr-core-Abatement-model"/>
  <text>
    <status value="generated"/><div xmlns="http://www.w3.org/1999/xhtml">
  <p><b>Abatement Logical Model</b></p>
  <p>The end, remission or resolution.</p>
</div>
  </text>
  <url value="http://hl7.org/fhir/us/shr/StructureDefinition/shr-core-Abatement-model"/>
  <identifier>
    <system value="http://hl7.org/fhir/us/sdoh"/>
    <value value="shr.core.Abatement"/>
  </identifier>
  <version value="0.1.0"/>
  <name value="Abatement"/>
  <title value="shr-core-Abatement"/>
  <status value="draft"/>
  <date value="2019-04-01T00:00:00-04:00"/>
  <publisher value="MITRE Corporation"/>
  <contact>
    <telecom>
      <system value="url"/>
      <value value="http://standardhealthrecord.org"/>
    </telecom>
  </contact>
  <description value="The end, remission or resolution."/>
  <keyword>
    <system value="http://loinc.org"/>
    <code value="88878-4"/>
  </keyword>
  <kind value="logical"/>
  <abstract value="false"/>
  <type value="shr-core-Abatement-model"/>
  <baseDefinition value="http://hl7.org/fhir/StructureDefinition/Element"/>
  <derivation value="specialization"/>
  <snapshot>
    <element id="shr-core-Abatement-model">
      <path value="shr-core-Abatement-model"/>
      <definition value="The end, remission or resolution."/>
      <min value="0"/>
      <max value="*"/>
      <base>
        <path value="shr-core-Abatement-model"/>
        <min value="0"/>
        <max value="*"/>
      </base>
      <mustSupport value="false"/>
      <isModifier value="false"/>
      <isSummary value="false"/>
    </element>
    <element id="shr-core-Abatement-model.value[x]">
      <path value="shr-core-Abatement-model.value[x]"/>
      <short value="Choice of types representing the end, remission or resolution."/>
      <definition value="Choice of types representing the end, remission or resolution."/>
      <min value="1"/>
      <max value="1"/>
      <base>
        <path value="shr-core-Abatement-model.value[x]"/>
        <min value="1"/>
        <max value="1"/>
      </base>
      <type>
        <code value="dateTime"/>
      </type>
      <type>
        <code value="http://hl7.org/fhir/us/shr/StructureDefinition/shr-core-Age-model"/>
      </type>
      <type>
        <code value="boolean"/>
      </type>
      <type>
        <code value="http://hl7.org/fhir/us/shr/StructureDefinition/shr-core-TimePeriod-model"/>
      </type>
      <type>
        <code value="http://hl7.org/fhir/us/shr/StructureDefinition/shr-core-Range-model"/>
      </type>
      <type>
        <code value="string"/>
      </type>
      <mustSupport value="false"/>
      <isModifier value="false"/>
      <isSummary value="false"/>
    </element>
  </snapshot>
  <differential>
    <element id="shr-core-Abatement-model">
      <path value="shr-core-Abatement-model"/>
      <definition value="The end, remission or resolution."/>
      <min value="0"/>
      <max value="*"/>
      <base>
        <path value="shr-core-Abatement-model"/>
        <min value="0"/>
        <max value="*"/>
      </base>
      <mustSupport value="false"/>
      <isModifier value="false"/>
      <isSummary value="false"/>
    </element>
    <element id="shr-core-Abatement-model.value[x]">
      <path value="shr-core-Abatement-model.value[x]"/>
      <short value="Choice of types representing the end, remission or resolution."/>
      <definition value="Choice of types representing the end, remission or resolution."/>
      <min value="1"/>
      <max value="1"/>
      <base>
        <path value="shr-core-Abatement-model.value[x]"/>
        <min value="1"/>
        <max value="1"/>
      </base>
      <type>
        <code value="dateTime"/>
      </type>
      <type>
        <code value="http://hl7.org/fhir/us/shr/StructureDefinition/shr-core-Age-model"/>
      </type>
      <type>
        <code value="boolean"/>
      </type>
      <type>
        <code value="http://hl7.org/fhir/us/shr/StructureDefinition/shr-core-TimePeriod-model"/>
      </type>
      <type>
        <code value="http://hl7.org/fhir/us/shr/StructureDefinition/shr-core-Range-model"/>
      </type>
      <type>
        <code value="string"/>
      </type>
      <mustSupport value="false"/>
      <isModifier value="false"/>
      <isSummary value="false"/>
    </element>
  </differential>
</StructureDefinition>