<?xml version="1.0" encoding="UTF-8"?>

<StructureDefinition xmlns="http://hl7.org/fhir">
  <id value="shr-core-StageInformation-model"/>
  <text>
    <status value="generated"/><div xmlns="http://www.w3.org/1999/xhtml">
  <p><b>StageInformation Logical Model</b></p>
  <p>The relative advancement in the course of a disease. The StageCode is the summary stage or stage group. StageDetail optionally contains the full staging information.</p>
</div>
  </text>
  <url value="http://hl7.org/fhir/us/shr/StructureDefinition/shr-core-StageInformation-model"/>
  <identifier>
    <system value="http://hl7.org/fhir/us/sdoh"/>
    <value value="shr.core.StageInformation"/>
  </identifier>
  <version value="0.1.0"/>
  <name value="StageInformation"/>
  <title value="shr-core-StageInformation"/>
  <status value="draft"/>
  <date value="2019-04-01T00:00:00-04:00"/>
  <publisher value="MITRE Corporation"/>
  <contact>
    <telecom>
      <system value="url"/>
      <value value="http://standardhealthrecord.org"/>
    </telecom>
  </contact>
  <description value="The relative advancement in the course of a disease. The StageCode is the summary stage or stage group. StageDetail optionally contains the full staging information."/>
  <keyword>
    <system value="http://ncimeta.nci.nih.gov"/>
    <code value="C0699749"/>
  </keyword>
  <kind value="logical"/>
  <abstract value="false"/>
  <type value="shr-core-StageInformation-model"/>
  <baseDefinition value="http://hl7.org/fhir/StructureDefinition/Element"/>
  <derivation value="specialization"/>
  <snapshot>
    <element id="shr-core-StageInformation-model">
      <path value="shr-core-StageInformation-model"/>
      <definition value="The relative advancement in the course of a disease. The StageCode is the summary stage or stage group. StageDetail optionally contains the full staging information."/>
      <min value="0"/>
      <max value="*"/>
      <base>
        <path value="shr-core-StageInformation-model"/>
        <min value="0"/>
        <max value="*"/>
      </base>
      <mustSupport value="false"/>
      <isModifier value="false"/>
      <isSummary value="false"/>
    </element>
    <element id="shr-core-StageInformation-model.stageSummary">
      <path value="shr-core-StageInformation-model.stageSummary"/>
      <short value="A code representing the current stage of a disease."/>
      <definition value="A code representing the current stage of a disease."/>
      <min value="0"/>
      <max value="1"/>
      <base>
        <path value="shr-core-StageInformation-model.stageSummary"/>
        <min value="0"/>
        <max value="1"/>
      </base>
      <type>
        <code value="Coding"/>
      </type>
      <mustSupport value="false"/>
      <isModifier value="false"/>
      <isSummary value="false"/>
    </element>
    <element id="shr-core-StageInformation-model.stageDetail">
      <path value="shr-core-StageInformation-model.stageDetail"/>
      <short value="The full staging information"/>
      <definition value="The full staging information"/>
      <min value="0"/>
      <max value="1"/>
      <base>
        <path value="shr-core-StageInformation-model.stageDetail"/>
        <min value="0"/>
        <max value="1"/>
      </base>
      <type>
        <code value="Reference"/>
        <targetProfile value="http://hl7.org/fhir/us/shr/StructureDefinition/shr-core-Observation-model"/>
      </type>
      <mustSupport value="false"/>
      <isModifier value="false"/>
      <isSummary value="false"/>
    </element>
  </snapshot>
  <differential>
    <element id="shr-core-StageInformation-model">
      <path value="shr-core-StageInformation-model"/>
      <definition value="The relative advancement in the course of a disease. The StageCode is the summary stage or stage group. StageDetail optionally contains the full staging information."/>
      <min value="0"/>
      <max value="*"/>
      <base>
        <path value="shr-core-StageInformation-model"/>
        <min value="0"/>
        <max value="*"/>
      </base>
      <mustSupport value="false"/>
      <isModifier value="false"/>
      <isSummary value="false"/>
    </element>
    <element id="shr-core-StageInformation-model.stageSummary">
      <path value="shr-core-StageInformation-model.stageSummary"/>
      <short value="A code representing the current stage of a disease."/>
      <definition value="A code representing the current stage of a disease."/>
      <min value="0"/>
      <max value="1"/>
      <base>
        <path value="shr-core-StageInformation-model.stageSummary"/>
        <min value="0"/>
        <max value="1"/>
      </base>
      <type>
        <code value="Coding"/>
      </type>
      <mustSupport value="false"/>
      <isModifier value="false"/>
      <isSummary value="false"/>
    </element>
    <element id="shr-core-StageInformation-model.stageDetail">
      <path value="shr-core-StageInformation-model.stageDetail"/>
      <short value="The full staging information"/>
      <definition value="The full staging information"/>
      <min value="0"/>
      <max value="1"/>
      <base>
        <path value="shr-core-StageInformation-model.stageDetail"/>
        <min value="0"/>
        <max value="1"/>
      </base>
      <type>
        <code value="Reference"/>
        <targetProfile value="http://hl7.org/fhir/us/shr/StructureDefinition/shr-core-Observation-model"/>
      </type>
      <mustSupport value="false"/>
      <isModifier value="false"/>
      <isSummary value="false"/>
    </element>
  </differential>
</StructureDefinition>