<?xml version="1.0" encoding="UTF-8"?>

<StructureDefinition xmlns="http://hl7.org/fhir">
  <id value="shr-sdoh-TroubleAffordingHousing-model"/>
  <text>
    <status value="generated"/><div xmlns="http://www.w3.org/1999/xhtml">
  <p><b>TroubleAffordingHousing Logical Model</b></p>
  <p>How often does the subject have trouble affording housing?</p>
</div>
  </text>
  <url value="http://hl7.org/fhir/us/shr/StructureDefinition/shr-sdoh-TroubleAffordingHousing-model"/>
  <identifier>
    <system value="http://hl7.org/fhir/us/sdoh"/>
    <value value="shr.sdoh.TroubleAffordingHousing"/>
  </identifier>
  <version value="0.1.0"/>
  <name value="TroubleAffordingHousing"/>
  <title value="shr-sdoh-TroubleAffordingHousing"/>
  <status value="draft"/>
  <date value="2019-04-01T00:00:00-04:00"/>
  <publisher value="MITRE Corporation"/>
  <contact>
    <telecom>
      <system value="url"/>
      <value value="http://standardhealthrecord.org"/>
    </telecom>
  </contact>
  <description value="How often does the subject have trouble affording housing?"/>
  <kind value="logical"/>
  <abstract value="false"/>
  <type value="shr-sdoh-TroubleAffordingHousing-model"/>
  <baseDefinition value="http://hl7.org/fhir/StructureDefinition/Element"/>
  <derivation value="specialization"/>
  <snapshot>
    <element id="shr-sdoh-TroubleAffordingHousing-model">
      <path value="shr-sdoh-TroubleAffordingHousing-model"/>
      <definition value="How often does the subject have trouble affording housing?"/>
      <min value="0"/>
      <max value="*"/>
      <base>
        <path value="shr-sdoh-TroubleAffordingHousing-model"/>
        <min value="0"/>
        <max value="*"/>
      </base>
      <mustSupport value="false"/>
      <isModifier value="false"/>
      <isSummary value="false"/>
    </element>
    <element id="shr-sdoh-TroubleAffordingHousing-model.code">
      <path value="shr-sdoh-TroubleAffordingHousing-model.code"/>
      <short value="The main type identifier for a lab, procedure, condition, etc., usually drawn from a controlled vocabulary."/>
      <definition value="The main type identifier for a lab, procedure, condition, etc., usually drawn from a controlled vocabulary."/>
      <min value="1"/>
      <max value="1"/>
      <base>
        <path value="shr-sdoh-TroubleAffordingHousing-model.code"/>
        <min value="1"/>
        <max value="1"/>
      </base>
      <type>
        <code value="Coding"/>
      </type>
      <mustSupport value="false"/>
      <isModifier value="false"/>
      <isSummary value="false"/>
    </element>
    <element id="shr-sdoh-TroubleAffordingHousing-model.dataValue">
      <path value="shr-sdoh-TroubleAffordingHousing-model.dataValue"/>
      <short value="The value or result of a test, evaluation, or judgment, for example, a systolic blood pressure, or if a condition or body structure is present or absent."/>
      <definition value="The value or result of a test, evaluation, or judgment, for example, a systolic blood pressure, or if a condition or body structure is present or absent."/>
      <min value="0"/>
      <max value="1"/>
      <base>
        <path value="shr-sdoh-TroubleAffordingHousing-model.dataValue"/>
        <min value="0"/>
        <max value="1"/>
      </base>
      <type>
        <code value="Coding"/>
      </type>
      <mustSupport value="false"/>
      <isModifier value="false"/>
      <isSummary value="false"/>
      <binding>
        <strength value="required"/>
        <valueSetReference>
          <reference value="http://hl7.org/fhir/us/sdoh/shr/core/vs/QualitativeFrequencyVS"/>
        </valueSetReference>
      </binding>
    </element>
    <element id="shr-sdoh-TroubleAffordingHousing-model.dataAbsentReason">
      <path value="shr-sdoh-TroubleAffordingHousing-model.dataAbsentReason"/>
      <short value="Reason that a value associated with a test or other finding is missing."/>
      <definition value="Reason that a value associated with a test or other finding is missing."/>
      <min value="0"/>
      <max value="1"/>
      <base>
        <path value="shr-sdoh-TroubleAffordingHousing-model.dataAbsentReason"/>
        <min value="0"/>
        <max value="1"/>
      </base>
      <type>
        <code value="Coding"/>
      </type>
      <mustSupport value="false"/>
      <isModifier value="false"/>
      <isSummary value="false"/>
      <binding>
        <strength value="extensible"/>
        <valueSetReference>
          <reference value="http://hl7.org/fhir/ValueSet/data-absent-reason"/>
        </valueSetReference>
      </binding>
    </element>
    <element id="shr-sdoh-TroubleAffordingHousing-model.referenceRange">
      <path value="shr-sdoh-TroubleAffordingHousing-model.referenceRange"/>
      <code>
        <system value="http://ncimeta.nci.nih.gov"/>
        <code value="C0883335"/>
      </code>
      <short value="The usual or acceptable range for a test result."/>
      <definition value="The usual or acceptable range for a test result."/>
      <min value="0"/>
      <max value="0"/>
      <base>
        <path value="shr-sdoh-TroubleAffordingHousing-model.referenceRange"/>
        <min value="0"/>
        <max value="0"/>
      </base>
      <type>
        <code value="http://hl7.org/fhir/us/shr/StructureDefinition/shr-core-ReferenceRange-model"/>
      </type>
      <mustSupport value="false"/>
      <isModifier value="false"/>
      <isSummary value="false"/>
    </element>
    <element id="shr-sdoh-TroubleAffordingHousing-model.interpretation">
      <path value="shr-sdoh-TroubleAffordingHousing-model.interpretation"/>
      <code>
        <system value="http://ncimeta.nci.nih.gov"/>
        <code value="C0420833"/>
      </code>
      <short value="A clinical interpretation of a finding (applies to both assertions and observation)."/>
      <definition value="A clinical interpretation of a finding (applies to both assertions and observation)."/>
      <min value="0"/>
      <max value="1"/>
      <base>
        <path value="shr-sdoh-TroubleAffordingHousing-model.interpretation"/>
        <min value="0"/>
        <max value="1"/>
      </base>
      <type>
        <code value="Coding"/>
      </type>
      <mustSupport value="false"/>
      <isModifier value="false"/>
      <isSummary value="false"/>
      <binding>
        <strength value="extensible"/>
        <valueSetReference>
          <reference value="http://hl7.org/fhir/ValueSet/observation-interpretation"/>
        </valueSetReference>
      </binding>
    </element>
  </snapshot>
  <differential>
    <element id="shr-sdoh-TroubleAffordingHousing-model">
      <path value="shr-sdoh-TroubleAffordingHousing-model"/>
      <definition value="How often does the subject have trouble affording housing?"/>
      <min value="0"/>
      <max value="*"/>
      <base>
        <path value="shr-sdoh-TroubleAffordingHousing-model"/>
        <min value="0"/>
        <max value="*"/>
      </base>
      <mustSupport value="false"/>
      <isModifier value="false"/>
      <isSummary value="false"/>
    </element>
    <element id="shr-sdoh-TroubleAffordingHousing-model.code">
      <path value="shr-sdoh-TroubleAffordingHousing-model.code"/>
      <short value="The main type identifier for a lab, procedure, condition, etc., usually drawn from a controlled vocabulary."/>
      <definition value="The main type identifier for a lab, procedure, condition, etc., usually drawn from a controlled vocabulary."/>
      <min value="1"/>
      <max value="1"/>
      <base>
        <path value="shr-sdoh-TroubleAffordingHousing-model.code"/>
        <min value="1"/>
        <max value="1"/>
      </base>
      <type>
        <code value="Coding"/>
      </type>
      <mustSupport value="false"/>
      <isModifier value="false"/>
      <isSummary value="false"/>
    </element>
    <element id="shr-sdoh-TroubleAffordingHousing-model.dataValue">
      <path value="shr-sdoh-TroubleAffordingHousing-model.dataValue"/>
      <short value="The value or result of a test, evaluation, or judgment, for example, a systolic blood pressure, or if a condition or body structure is present or absent."/>
      <definition value="The value or result of a test, evaluation, or judgment, for example, a systolic blood pressure, or if a condition or body structure is present or absent."/>
      <min value="0"/>
      <max value="1"/>
      <base>
        <path value="shr-sdoh-TroubleAffordingHousing-model.dataValue"/>
        <min value="0"/>
        <max value="1"/>
      </base>
      <type>
        <code value="Coding"/>
      </type>
      <mustSupport value="false"/>
      <isModifier value="false"/>
      <isSummary value="false"/>
      <binding>
        <strength value="required"/>
        <valueSetReference>
          <reference value="http://hl7.org/fhir/us/sdoh/shr/core/vs/QualitativeFrequencyVS"/>
        </valueSetReference>
      </binding>
    </element>
    <element id="shr-sdoh-TroubleAffordingHousing-model.dataAbsentReason">
      <path value="shr-sdoh-TroubleAffordingHousing-model.dataAbsentReason"/>
      <short value="Reason that a value associated with a test or other finding is missing."/>
      <definition value="Reason that a value associated with a test or other finding is missing."/>
      <min value="0"/>
      <max value="1"/>
      <base>
        <path value="shr-sdoh-TroubleAffordingHousing-model.dataAbsentReason"/>
        <min value="0"/>
        <max value="1"/>
      </base>
      <type>
        <code value="Coding"/>
      </type>
      <mustSupport value="false"/>
      <isModifier value="false"/>
      <isSummary value="false"/>
      <binding>
        <strength value="extensible"/>
        <valueSetReference>
          <reference value="http://hl7.org/fhir/ValueSet/data-absent-reason"/>
        </valueSetReference>
      </binding>
    </element>
    <element id="shr-sdoh-TroubleAffordingHousing-model.referenceRange">
      <path value="shr-sdoh-TroubleAffordingHousing-model.referenceRange"/>
      <code>
        <system value="http://ncimeta.nci.nih.gov"/>
        <code value="C0883335"/>
      </code>
      <short value="The usual or acceptable range for a test result."/>
      <definition value="The usual or acceptable range for a test result."/>
      <min value="0"/>
      <max value="0"/>
      <base>
        <path value="shr-sdoh-TroubleAffordingHousing-model.referenceRange"/>
        <min value="0"/>
        <max value="0"/>
      </base>
      <type>
        <code value="http://hl7.org/fhir/us/shr/StructureDefinition/shr-core-ReferenceRange-model"/>
      </type>
      <mustSupport value="false"/>
      <isModifier value="false"/>
      <isSummary value="false"/>
    </element>
    <element id="shr-sdoh-TroubleAffordingHousing-model.interpretation">
      <path value="shr-sdoh-TroubleAffordingHousing-model.interpretation"/>
      <code>
        <system value="http://ncimeta.nci.nih.gov"/>
        <code value="C0420833"/>
      </code>
      <short value="A clinical interpretation of a finding (applies to both assertions and observation)."/>
      <definition value="A clinical interpretation of a finding (applies to both assertions and observation)."/>
      <min value="0"/>
      <max value="1"/>
      <base>
        <path value="shr-sdoh-TroubleAffordingHousing-model.interpretation"/>
        <min value="0"/>
        <max value="1"/>
      </base>
      <type>
        <code value="Coding"/>
      </type>
      <mustSupport value="false"/>
      <isModifier value="false"/>
      <isSummary value="false"/>
      <binding>
        <strength value="extensible"/>
        <valueSetReference>
          <reference value="http://hl7.org/fhir/ValueSet/observation-interpretation"/>
        </valueSetReference>
      </binding>
    </element>
  </differential>
</StructureDefinition>