<?xml version="1.0" encoding="UTF-8"?>

<StructureDefinition xmlns="http://hl7.org/fhir">
  <id value="shr-sdoh-Coinhabitant-model"/>
  <text>
    <status value="generated"/><div xmlns="http://www.w3.org/1999/xhtml">
  <p><b>Coinhabitant Logical Model</b></p>
  <p>A person living with the subject.</p>
</div>
  </text>
  <url value="http://hl7.org/fhir/us/shr/StructureDefinition/shr-sdoh-Coinhabitant-model"/>
  <identifier>
    <system value="http://hl7.org/fhir/us/sdoh"/>
    <value value="shr.sdoh.Coinhabitant"/>
  </identifier>
  <version value="0.1.0"/>
  <name value="Coinhabitant"/>
  <title value="shr-sdoh-Coinhabitant"/>
  <status value="draft"/>
  <date value="2019-04-01T00:00:00-04:00"/>
  <publisher value="MITRE Corporation"/>
  <contact>
    <telecom>
      <system value="url"/>
      <value value="http://standardhealthrecord.org"/>
    </telecom>
  </contact>
  <description value="A person living with the subject."/>
  <kind value="logical"/>
  <abstract value="false"/>
  <type value="shr-sdoh-Coinhabitant-model"/>
  <baseDefinition value="http://hl7.org/fhir/StructureDefinition/Element"/>
  <derivation value="specialization"/>
  <snapshot>
    <element id="shr-sdoh-Coinhabitant-model">
      <path value="shr-sdoh-Coinhabitant-model"/>
      <definition value="A person living with the subject."/>
      <min value="0"/>
      <max value="*"/>
      <base>
        <path value="shr-sdoh-Coinhabitant-model"/>
        <min value="0"/>
        <max value="*"/>
      </base>
      <mustSupport value="false"/>
      <isModifier value="false"/>
      <isSummary value="false"/>
    </element>
    <element id="shr-sdoh-Coinhabitant-model.metadata">
      <path value="shr-sdoh-Coinhabitant-model.metadata"/>
      <short value="Elements that belong to all information items."/>
      <definition value="Elements that belong to all information items."/>
      <min value="0"/>
      <max value="1"/>
      <base>
        <path value="shr-sdoh-Coinhabitant-model.metadata"/>
        <min value="0"/>
        <max value="1"/>
      </base>
      <type>
        <code value="http://hl7.org/fhir/us/shr/StructureDefinition/shr-core-Metadata-model"/>
      </type>
      <mustSupport value="false"/>
      <isModifier value="false"/>
      <isSummary value="false"/>
    </element>
    <element id="shr-sdoh-Coinhabitant-model.language">
      <path value="shr-sdoh-Coinhabitant-model.language"/>
      <code>
        <system value="http://ncimeta.nci.nih.gov"/>
        <code value="C0023008"/>
      </code>
      <short value="A human language, spoken or written."/>
      <definition value="A human language, spoken or written."/>
      <min value="0"/>
      <max value="1"/>
      <base>
        <path value="shr-sdoh-Coinhabitant-model.language"/>
        <min value="0"/>
        <max value="1"/>
      </base>
      <type>
        <code value="Coding"/>
      </type>
      <mustSupport value="false"/>
      <isModifier value="false"/>
      <isSummary value="false"/>
    </element>
    <element id="shr-sdoh-Coinhabitant-model.implicitRules">
      <path value="shr-sdoh-Coinhabitant-model.implicitRules"/>
      <short value="A set of rules under which this content was created"/>
      <definition value="A set of rules under which this content was created"/>
      <min value="0"/>
      <max value="1"/>
      <base>
        <path value="shr-sdoh-Coinhabitant-model.implicitRules"/>
        <min value="0"/>
        <max value="1"/>
      </base>
      <type>
        <code value="uri"/>
      </type>
      <mustSupport value="false"/>
      <isModifier value="false"/>
      <isSummary value="false"/>
    </element>
    <element id="shr-sdoh-Coinhabitant-model.narrative">
      <path value="shr-sdoh-Coinhabitant-model.narrative"/>
      <short value="A human-readable narrative, potentially including images, that contains a summary of the resource, and may be used to represent the content of the resource to a human."/>
      <definition value="A human-readable narrative, potentially including images, that contains a summary of the resource, and may be used to represent the content of the resource to a human."/>
      <min value="0"/>
      <max value="1"/>
      <base>
        <path value="shr-sdoh-Coinhabitant-model.narrative"/>
        <min value="0"/>
        <max value="1"/>
      </base>
      <type>
        <code value="http://hl7.org/fhir/us/shr/StructureDefinition/shr-core-Narrative-model"/>
      </type>
      <mustSupport value="false"/>
      <isModifier value="false"/>
      <isSummary value="false"/>
    </element>
    <element id="shr-sdoh-Coinhabitant-model.status">
      <path value="shr-sdoh-Coinhabitant-model.status"/>
      <short value="A state that relates to the workflow or interpretation of this resource. Certain status values can modify the meaning of the resource, for example, entered-in-error. When a boolean value is used, Status of true indicates the record is active, false means inactive."/>
      <definition value="A state that relates to the workflow or interpretation of this resource. Certain status values can modify the meaning of the resource, for example, entered-in-error. When a boolean value is used, Status of true indicates the record is active, false means inactive."/>
      <min value="1"/>
      <max value="1"/>
      <base>
        <path value="shr-sdoh-Coinhabitant-model.status"/>
        <min value="1"/>
        <max value="1"/>
      </base>
      <type>
        <code value="Coding"/>
      </type>
      <mustSupport value="false"/>
      <isModifier value="false"/>
      <isSummary value="false"/>
      <binding>
        <strength value="required"/>
        <valueSetReference>
          <reference value="http://hl7.org/fhir/ValueSet/observation-status"/>
        </valueSetReference>
      </binding>
    </element>
    <element id="shr-sdoh-Coinhabitant-model.identifier">
      <path value="shr-sdoh-Coinhabitant-model.identifier"/>
      <short value="Business identifier or external id for this resource."/>
      <definition value="Business identifier or external id for this resource."/>
      <min value="0"/>
      <max value="*"/>
      <base>
        <path value="shr-sdoh-Coinhabitant-model.identifier"/>
        <min value="0"/>
        <max value="*"/>
      </base>
      <type>
        <code value="http://hl7.org/fhir/us/shr/StructureDefinition/shr-core-Identifier-model"/>
      </type>
      <mustSupport value="false"/>
      <isModifier value="false"/>
      <isSummary value="false"/>
    </element>
    <element id="shr-sdoh-Coinhabitant-model.patientSubjectOfRecord">
      <path value="shr-sdoh-Coinhabitant-model.patientSubjectOfRecord"/>
      <code>
        <system value="http://ncimeta.nci.nih.gov"/>
        <code value="C1299487"/>
      </code>
      <short value="The SubjectOfRecord when restricted to being a Patient resource."/>
      <definition value="The SubjectOfRecord when restricted to being a Patient resource."/>
      <min value="1"/>
      <max value="1"/>
      <base>
        <path value="shr-sdoh-Coinhabitant-model.patientSubjectOfRecord"/>
        <min value="1"/>
        <max value="1"/>
      </base>
      <type>
        <code value="Reference"/>
        <targetProfile value="http://hl7.org/fhir/us/shr/StructureDefinition/shr-core-Patient-model"/>
      </type>
      <mustSupport value="false"/>
      <isModifier value="false"/>
      <isSummary value="false"/>
    </element>
    <element id="shr-sdoh-Coinhabitant-model.careContext">
      <path value="shr-sdoh-Coinhabitant-model.careContext"/>
      <short value="The encounter or episode of care"/>
      <definition value="The encounter or episode of care"/>
      <min value="0"/>
      <max value="1"/>
      <base>
        <path value="shr-sdoh-Coinhabitant-model.careContext"/>
        <min value="0"/>
        <max value="1"/>
      </base>
      <type>
        <code value="Reference"/>
        <targetProfile value="http://hl7.org/fhir/us/shr/StructureDefinition/shr-core-Encounter-model"/>
      </type>
      <mustSupport value="false"/>
      <isModifier value="false"/>
      <isSummary value="false"/>
    </element>
    <element id="shr-sdoh-Coinhabitant-model.statementDateTime">
      <path value="shr-sdoh-Coinhabitant-model.statementDateTime"/>
      <code>
        <system value="http://ncimeta.nci.nih.gov"/>
        <code value="C3669169"/>
      </code>
      <short value="The point in time when the statement was created."/>
      <definition value="The point in time when the statement was created."/>
      <min value="0"/>
      <max value="1"/>
      <base>
        <path value="shr-sdoh-Coinhabitant-model.statementDateTime"/>
        <min value="0"/>
        <max value="1"/>
      </base>
      <type>
        <code value="dateTime"/>
      </type>
      <mustSupport value="false"/>
      <isModifier value="false"/>
      <isSummary value="false"/>
    </element>
    <element id="shr-sdoh-Coinhabitant-model.code">
      <path value="shr-sdoh-Coinhabitant-model.code"/>
      <short value="The main type identifier for a lab, procedure, condition, etc., usually drawn from a controlled vocabulary."/>
      <definition value="The main type identifier for a lab, procedure, condition, etc., usually drawn from a controlled vocabulary."/>
      <min value="1"/>
      <max value="1"/>
      <base>
        <path value="shr-sdoh-Coinhabitant-model.code"/>
        <min value="1"/>
        <max value="1"/>
      </base>
      <type>
        <code value="Coding"/>
      </type>
      <mustSupport value="false"/>
      <isModifier value="false"/>
      <isSummary value="false"/>
    </element>
    <element id="shr-sdoh-Coinhabitant-model.code.id">
      <path value="shr-sdoh-Coinhabitant-model.code.id"/>
      <representation value="xmlAttr"/>
      <short value="xml:id (or equivalent in JSON)"/>
      <definition value="unique id for the element within a resource (for internal references). This may be any string value that does not contain spaces."/>
      <min value="0"/>
      <max value="1"/>
      <base>
        <path value="Element.id"/>
        <min value="0"/>
        <max value="1"/>
      </base>
      <type>
        <code value="string"/>
      </type>
      <mapping>
        <identity value="rim"/>
        <map value="n/a"/>
      </mapping>
    </element>
    <element id="shr-sdoh-Coinhabitant-model.code.extension">
      <path value="shr-sdoh-Coinhabitant-model.code.extension"/>
      <slicing>
        <discriminator>
          <type value="value"/>
          <path value="url"/>
        </discriminator>
        <description value="Extensions are always sliced by (at least) url"/>
        <rules value="open"/>
      </slicing>
      <short value="Additional Content defined by implementations"/>
      <definition value="May be used to represent additional information that is not part of the basic definition of the element. In order to make the use of extensions safe and manageable, there is a strict set of governance  applied to the definition and use of extensions. Though any implementer is allowed to define an extension, there is a set of requirements that SHALL be met as part of the definition of the extension."/>
      <comment value="There can be no stigma associated with the use of extensions by any application, project, or standard - regardless of the institution or jurisdiction that uses or defines the extensions.  The use of extensions is what allows the FHIR specification to retain a core level of simplicity for everyone."/>
      <min value="0"/>
      <max value="*"/>
      <base>
        <path value="Element.extension"/>
        <min value="0"/>
        <max value="*"/>
      </base>
      <type>
        <code value="Extension"/>
      </type>
      <mapping>
        <identity value="rim"/>
        <map value="n/a"/>
      </mapping>
    </element>
    <element id="shr-sdoh-Coinhabitant-model.code.system">
      <path value="shr-sdoh-Coinhabitant-model.code.system"/>
      <short value="Identity of the terminology system"/>
      <definition value="The identification of the code system that defines the meaning of the symbol in the code."/>
      <comment value="The URI may be an OID (urn:oid:...) or a UUID (urn:uuid:...).  OIDs and UUIDs SHALL be references to the HL7 OID registry. Otherwise, the URI should come from HL7&#39;s list of FHIR defined special URIs or it should de-reference to some definition that establish the system clearly and unambiguously."/>
      <requirements value="Need to be unambiguous about the source of the definition of the symbol."/>
      <min value="1"/>
      <max value="1"/>
      <base>
        <path value="Coding.system"/>
        <min value="0"/>
        <max value="1"/>
      </base>
      <type>
        <code value="uri"/>
      </type>
      <fixedUri value="http://snomed.info/sct"/>
      <isSummary value="true"/>
      <mapping>
        <identity value="v2"/>
        <map value="C*E.3"/>
      </mapping>
      <mapping>
        <identity value="rim"/>
        <map value="./codeSystem"/>
      </mapping>
      <mapping>
        <identity value="orim"/>
        <map value="fhir:Coding.system rdfs:subPropertyOf dt:CDCoding.codeSystem"/>
      </mapping>
    </element>
    <element id="shr-sdoh-Coinhabitant-model.code.version">
      <path value="shr-sdoh-Coinhabitant-model.code.version"/>
      <short value="Version of the system - if relevant"/>
      <definition value="The version of the code system which was used when choosing this code. Note that a well-maintained code system does not need the version reported, because the meaning of codes is consistent across versions. However this cannot consistently be assured. and when the meaning is not guaranteed to be consistent, the version SHOULD be exchanged."/>
      <comment value="Where the terminology does not clearly define what string should be used to identify code system versions, the recommendation is to use the date (expressed in FHIR date format) on which that version was officially published as the version date."/>
      <min value="0"/>
      <max value="1"/>
      <base>
        <path value="Coding.version"/>
        <min value="0"/>
        <max value="1"/>
      </base>
      <type>
        <code value="string"/>
      </type>
      <isSummary value="true"/>
      <mapping>
        <identity value="v2"/>
        <map value="C*E.7"/>
      </mapping>
      <mapping>
        <identity value="rim"/>
        <map value="./codeSystemVersion"/>
      </mapping>
      <mapping>
        <identity value="orim"/>
        <map value="fhir:Coding.version rdfs:subPropertyOf dt:CDCoding.codeSystemVersion"/>
      </mapping>
    </element>
    <element id="shr-sdoh-Coinhabitant-model.code.code">
      <path value="shr-sdoh-Coinhabitant-model.code.code"/>
      <short value="Symbol in syntax defined by the system"/>
      <definition value="A symbol in syntax defined by the system. The symbol may be a predefined code or an expression in a syntax defined by the coding system (e.g. post-coordination)."/>
      <requirements value="Need to refer to a particular code in the system."/>
      <min value="1"/>
      <max value="1"/>
      <base>
        <path value="Coding.code"/>
        <min value="0"/>
        <max value="1"/>
      </base>
      <type>
        <code value="code"/>
      </type>
      <fixedCode value="224085006"/>
      <isSummary value="true"/>
      <mapping>
        <identity value="v2"/>
        <map value="C*E.1"/>
      </mapping>
      <mapping>
        <identity value="rim"/>
        <map value="./code"/>
      </mapping>
      <mapping>
        <identity value="orim"/>
        <map value="fhir:Coding.code rdfs:subPropertyOf dt:CDCoding.code"/>
      </mapping>
    </element>
    <element id="shr-sdoh-Coinhabitant-model.code.display">
      <extension url="http://hl7.org/fhir/StructureDefinition/elementdefinition-translatable">
        <valueBoolean value="true"/>
      </extension>
      <path value="shr-sdoh-Coinhabitant-model.code.display"/>
      <short value="Representation defined by the system"/>
      <definition value="A representation of the meaning of the code in the system, following the rules of the system."/>
      <requirements value="Need to be able to carry a human-readable meaning of the code for readers that do not know  the system."/>
      <min value="0"/>
      <max value="1"/>
      <base>
        <path value="Coding.display"/>
        <min value="0"/>
        <max value="1"/>
      </base>
      <type>
        <code value="string"/>
      </type>
      <isSummary value="true"/>
      <mapping>
        <identity value="v2"/>
        <map value="C*E.2 - but note this is not well followed"/>
      </mapping>
      <mapping>
        <identity value="rim"/>
        <map value="CV.displayName"/>
      </mapping>
      <mapping>
        <identity value="orim"/>
        <map value="fhir:Coding.display rdfs:subPropertyOf dt:CDCoding.displayName"/>
      </mapping>
    </element>
    <element id="shr-sdoh-Coinhabitant-model.code.userSelected">
      <path value="shr-sdoh-Coinhabitant-model.code.userSelected"/>
      <short value="If this coding was chosen directly by the user"/>
      <definition value="Indicates that this coding was chosen by a user directly - i.e. off a pick list of available items (codes or displays)."/>
      <comment value="Amongst a set of alternatives, a directly chosen code is the most appropriate starting point for new translations. There is some ambiguity about what exactly &#39;directly chosen&#39; implies, and trading partner agreement may be needed to clarify the use of this element and its consequences more completely."/>
      <requirements value="This has been identified as a clinical safety criterium - that this exact system/code pair was chosen explicitly, rather than inferred by the system based on some rules or language processing."/>
      <min value="0"/>
      <max value="1"/>
      <base>
        <path value="Coding.userSelected"/>
        <min value="0"/>
        <max value="1"/>
      </base>
      <type>
        <code value="boolean"/>
      </type>
      <isSummary value="true"/>
      <mapping>
        <identity value="v2"/>
        <map value="Sometimes implied by being first"/>
      </mapping>
      <mapping>
        <identity value="rim"/>
        <map value="CD.codingRationale"/>
      </mapping>
      <mapping>
        <identity value="orim"/>
        <map value="fhir:Coding.userSelected fhir:mapsTo dt:CDCoding.codingRationale. fhir:Coding.userSelected fhir:hasMap fhir:Coding.userSelected.map. fhir:Coding.userSelected.map a fhir:Map;   fhir:target dt:CDCoding.codingRationale. fhir:Coding.userSelected\#true a [     fhir:source &quot;true&quot;;     fhir:target dt:CDCoding.codingRationale\#O   ]"/>
      </mapping>
    </element>
    <element id="shr-sdoh-Coinhabitant-model.dataValue">
      <path value="shr-sdoh-Coinhabitant-model.dataValue"/>
      <short value="The value or result of a test, evaluation, or judgment, for example, a systolic blood pressure, or if a condition or body structure is present or absent."/>
      <definition value="The value or result of a test, evaluation, or judgment, for example, a systolic blood pressure, or if a condition or body structure is present or absent."/>
      <min value="0"/>
      <max value="1"/>
      <base>
        <path value="shr-sdoh-Coinhabitant-model.dataValue"/>
        <min value="0"/>
        <max value="1"/>
      </base>
      <type>
        <code value="Coding"/>
      </type>
      <mustSupport value="false"/>
      <isModifier value="false"/>
      <isSummary value="false"/>
      <binding>
        <strength value="required"/>
        <valueSetReference>
          <reference value="http://hl7.org/fhir/ValueSet/relatedperson-relationshiptype"/>
        </valueSetReference>
      </binding>
    </element>
    <element id="shr-sdoh-Coinhabitant-model.dataAbsentReason">
      <path value="shr-sdoh-Coinhabitant-model.dataAbsentReason"/>
      <short value="Reason that a value associated with a test or other finding is missing."/>
      <definition value="Reason that a value associated with a test or other finding is missing."/>
      <min value="0"/>
      <max value="0"/>
      <base>
        <path value="shr-sdoh-Coinhabitant-model.dataAbsentReason"/>
        <min value="0"/>
        <max value="0"/>
      </base>
      <type>
        <code value="Coding"/>
      </type>
      <mustSupport value="false"/>
      <isModifier value="false"/>
      <isSummary value="false"/>
      <binding>
        <strength value="extensible"/>
        <valueSetReference>
          <reference value="http://hl7.org/fhir/ValueSet/data-absent-reason"/>
        </valueSetReference>
      </binding>
    </element>
    <element id="shr-sdoh-Coinhabitant-model.method">
      <path value="shr-sdoh-Coinhabitant-model.method"/>
      <short value="The technique used to carry out an action, for example, the specific imaging technical or assessment vehicle."/>
      <definition value="The technique used to carry out an action, for example, the specific imaging technical or assessment vehicle."/>
      <min value="0"/>
      <max value="0"/>
      <base>
        <path value="shr-sdoh-Coinhabitant-model.method"/>
        <min value="0"/>
        <max value="0"/>
      </base>
      <type>
        <code value="Coding"/>
      </type>
      <mustSupport value="false"/>
      <isModifier value="false"/>
      <isSummary value="false"/>
    </element>
    <element id="shr-sdoh-Coinhabitant-model.relevantTime[x]">
      <path value="shr-sdoh-Coinhabitant-model.relevantTime[x]"/>
      <short value="The time or time period that the statement addresses."/>
      <definition value="The time or time period that the statement addresses.&#xA;The clinically relevant time is not necessarily when the information is gathered or when a test is carried out, but for example, when a specimen was collected, or the time period referred to by the question. Use a TimePeriod for a measurement or specimen collection continued over a significant period of time (e.g. 24 hour Urine Sodium)."/>
      <min value="0"/>
      <max value="1"/>
      <base>
        <path value="shr-sdoh-Coinhabitant-model.relevantTime[x]"/>
        <min value="0"/>
        <max value="1"/>
      </base>
      <type>
        <code value="dateTime"/>
      </type>
      <type>
        <code value="http://hl7.org/fhir/us/shr/StructureDefinition/shr-core-TimePeriod-model"/>
      </type>
      <mustSupport value="false"/>
      <isModifier value="false"/>
      <isSummary value="false"/>
    </element>
    <element id="shr-sdoh-Coinhabitant-model.category">
      <path value="shr-sdoh-Coinhabitant-model.category"/>
      <short value="The type, kind, or class of this item."/>
      <definition value="The type, kind, or class of this item."/>
      <min value="0"/>
      <max value="1"/>
      <base>
        <path value="shr-sdoh-Coinhabitant-model.category"/>
        <min value="0"/>
        <max value="1"/>
      </base>
      <type>
        <code value="Coding"/>
      </type>
      <mustSupport value="false"/>
      <isModifier value="false"/>
      <isSummary value="false"/>
    </element>
    <element id="shr-sdoh-Coinhabitant-model.category.id">
      <path value="shr-sdoh-Coinhabitant-model.category.id"/>
      <representation value="xmlAttr"/>
      <short value="xml:id (or equivalent in JSON)"/>
      <definition value="unique id for the element within a resource (for internal references). This may be any string value that does not contain spaces."/>
      <min value="0"/>
      <max value="1"/>
      <base>
        <path value="Element.id"/>
        <min value="0"/>
        <max value="1"/>
      </base>
      <type>
        <code value="string"/>
      </type>
      <mapping>
        <identity value="rim"/>
        <map value="n/a"/>
      </mapping>
    </element>
    <element id="shr-sdoh-Coinhabitant-model.category.extension">
      <path value="shr-sdoh-Coinhabitant-model.category.extension"/>
      <slicing>
        <discriminator>
          <type value="value"/>
          <path value="url"/>
        </discriminator>
        <description value="Extensions are always sliced by (at least) url"/>
        <rules value="open"/>
      </slicing>
      <short value="Additional Content defined by implementations"/>
      <definition value="May be used to represent additional information that is not part of the basic definition of the element. In order to make the use of extensions safe and manageable, there is a strict set of governance  applied to the definition and use of extensions. Though any implementer is allowed to define an extension, there is a set of requirements that SHALL be met as part of the definition of the extension."/>
      <comment value="There can be no stigma associated with the use of extensions by any application, project, or standard - regardless of the institution or jurisdiction that uses or defines the extensions.  The use of extensions is what allows the FHIR specification to retain a core level of simplicity for everyone."/>
      <min value="0"/>
      <max value="*"/>
      <base>
        <path value="Element.extension"/>
        <min value="0"/>
        <max value="*"/>
      </base>
      <type>
        <code value="Extension"/>
      </type>
      <mapping>
        <identity value="rim"/>
        <map value="n/a"/>
      </mapping>
    </element>
    <element id="shr-sdoh-Coinhabitant-model.category.system">
      <path value="shr-sdoh-Coinhabitant-model.category.system"/>
      <short value="Identity of the terminology system"/>
      <definition value="The identification of the code system that defines the meaning of the symbol in the code."/>
      <comment value="The URI may be an OID (urn:oid:...) or a UUID (urn:uuid:...).  OIDs and UUIDs SHALL be references to the HL7 OID registry. Otherwise, the URI should come from HL7&#39;s list of FHIR defined special URIs or it should de-reference to some definition that establish the system clearly and unambiguously."/>
      <requirements value="Need to be unambiguous about the source of the definition of the symbol."/>
      <min value="1"/>
      <max value="1"/>
      <base>
        <path value="Coding.system"/>
        <min value="0"/>
        <max value="1"/>
      </base>
      <type>
        <code value="uri"/>
      </type>
      <fixedUri value="http://hl7.org/fhir/observation-category"/>
      <isSummary value="true"/>
      <mapping>
        <identity value="v2"/>
        <map value="C*E.3"/>
      </mapping>
      <mapping>
        <identity value="rim"/>
        <map value="./codeSystem"/>
      </mapping>
      <mapping>
        <identity value="orim"/>
        <map value="fhir:Coding.system rdfs:subPropertyOf dt:CDCoding.codeSystem"/>
      </mapping>
    </element>
    <element id="shr-sdoh-Coinhabitant-model.category.version">
      <path value="shr-sdoh-Coinhabitant-model.category.version"/>
      <short value="Version of the system - if relevant"/>
      <definition value="The version of the code system which was used when choosing this code. Note that a well-maintained code system does not need the version reported, because the meaning of codes is consistent across versions. However this cannot consistently be assured. and when the meaning is not guaranteed to be consistent, the version SHOULD be exchanged."/>
      <comment value="Where the terminology does not clearly define what string should be used to identify code system versions, the recommendation is to use the date (expressed in FHIR date format) on which that version was officially published as the version date."/>
      <min value="0"/>
      <max value="1"/>
      <base>
        <path value="Coding.version"/>
        <min value="0"/>
        <max value="1"/>
      </base>
      <type>
        <code value="string"/>
      </type>
      <isSummary value="true"/>
      <mapping>
        <identity value="v2"/>
        <map value="C*E.7"/>
      </mapping>
      <mapping>
        <identity value="rim"/>
        <map value="./codeSystemVersion"/>
      </mapping>
      <mapping>
        <identity value="orim"/>
        <map value="fhir:Coding.version rdfs:subPropertyOf dt:CDCoding.codeSystemVersion"/>
      </mapping>
    </element>
    <element id="shr-sdoh-Coinhabitant-model.category.code">
      <path value="shr-sdoh-Coinhabitant-model.category.code"/>
      <short value="Symbol in syntax defined by the system"/>
      <definition value="A symbol in syntax defined by the system. The symbol may be a predefined code or an expression in a syntax defined by the coding system (e.g. post-coordination)."/>
      <requirements value="Need to refer to a particular code in the system."/>
      <min value="1"/>
      <max value="1"/>
      <base>
        <path value="Coding.code"/>
        <min value="0"/>
        <max value="1"/>
      </base>
      <type>
        <code value="code"/>
      </type>
      <fixedCode value="social-history"/>
      <isSummary value="true"/>
      <mapping>
        <identity value="v2"/>
        <map value="C*E.1"/>
      </mapping>
      <mapping>
        <identity value="rim"/>
        <map value="./code"/>
      </mapping>
      <mapping>
        <identity value="orim"/>
        <map value="fhir:Coding.code rdfs:subPropertyOf dt:CDCoding.code"/>
      </mapping>
    </element>
    <element id="shr-sdoh-Coinhabitant-model.category.display">
      <extension url="http://hl7.org/fhir/StructureDefinition/elementdefinition-translatable">
        <valueBoolean value="true"/>
      </extension>
      <path value="shr-sdoh-Coinhabitant-model.category.display"/>
      <short value="Representation defined by the system"/>
      <definition value="A representation of the meaning of the code in the system, following the rules of the system."/>
      <requirements value="Need to be able to carry a human-readable meaning of the code for readers that do not know  the system."/>
      <min value="0"/>
      <max value="1"/>
      <base>
        <path value="Coding.display"/>
        <min value="0"/>
        <max value="1"/>
      </base>
      <type>
        <code value="string"/>
      </type>
      <isSummary value="true"/>
      <mapping>
        <identity value="v2"/>
        <map value="C*E.2 - but note this is not well followed"/>
      </mapping>
      <mapping>
        <identity value="rim"/>
        <map value="CV.displayName"/>
      </mapping>
      <mapping>
        <identity value="orim"/>
        <map value="fhir:Coding.display rdfs:subPropertyOf dt:CDCoding.displayName"/>
      </mapping>
    </element>
    <element id="shr-sdoh-Coinhabitant-model.category.userSelected">
      <path value="shr-sdoh-Coinhabitant-model.category.userSelected"/>
      <short value="If this coding was chosen directly by the user"/>
      <definition value="Indicates that this coding was chosen by a user directly - i.e. off a pick list of available items (codes or displays)."/>
      <comment value="Amongst a set of alternatives, a directly chosen code is the most appropriate starting point for new translations. There is some ambiguity about what exactly &#39;directly chosen&#39; implies, and trading partner agreement may be needed to clarify the use of this element and its consequences more completely."/>
      <requirements value="This has been identified as a clinical safety criterium - that this exact system/code pair was chosen explicitly, rather than inferred by the system based on some rules or language processing."/>
      <min value="0"/>
      <max value="1"/>
      <base>
        <path value="Coding.userSelected"/>
        <min value="0"/>
        <max value="1"/>
      </base>
      <type>
        <code value="boolean"/>
      </type>
      <isSummary value="true"/>
      <mapping>
        <identity value="v2"/>
        <map value="Sometimes implied by being first"/>
      </mapping>
      <mapping>
        <identity value="rim"/>
        <map value="CD.codingRationale"/>
      </mapping>
      <mapping>
        <identity value="orim"/>
        <map value="fhir:Coding.userSelected fhir:mapsTo dt:CDCoding.codingRationale. fhir:Coding.userSelected fhir:hasMap fhir:Coding.userSelected.map. fhir:Coding.userSelected.map a fhir:Map;   fhir:target dt:CDCoding.codingRationale. fhir:Coding.userSelected\#true a [     fhir:source &quot;true&quot;;     fhir:target dt:CDCoding.codingRationale\#O   ]"/>
      </mapping>
    </element>
    <element id="shr-sdoh-Coinhabitant-model.performer[x]">
      <path value="shr-sdoh-Coinhabitant-model.performer[x]"/>
      <short value="The actor that carried out the observation or action."/>
      <definition value="The actor that carried out the observation or action."/>
      <min value="0"/>
      <max value="*"/>
      <base>
        <path value="shr-sdoh-Coinhabitant-model.performer[x]"/>
        <min value="0"/>
        <max value="*"/>
      </base>
      <type>
        <code value="Reference"/>
        <targetProfile value="http://hl7.org/fhir/us/shr/StructureDefinition/shr-core-Practitioner-model"/>
      </type>
      <type>
        <code value="Reference"/>
        <targetProfile value="http://hl7.org/fhir/us/shr/StructureDefinition/shr-core-Organization-model"/>
      </type>
      <type>
        <code value="Reference"/>
        <targetProfile value="http://hl7.org/fhir/us/shr/StructureDefinition/shr-core-Patient-model"/>
      </type>
      <type>
        <code value="Reference"/>
        <targetProfile value="http://hl7.org/fhir/us/shr/StructureDefinition/shr-core-RelatedPerson-model"/>
      </type>
      <mustSupport value="false"/>
      <isModifier value="false"/>
      <isSummary value="false"/>
    </element>
    <element id="shr-sdoh-Coinhabitant-model.bodyLocation">
      <path value="shr-sdoh-Coinhabitant-model.bodyLocation"/>
      <short value="A location or structure in the body, including tissues, regions, cavities, and spaces; for example, right elbow, or left ventricle of the heart."/>
      <definition value="A location or structure in the body, including tissues, regions, cavities, and spaces; for example, right elbow, or left ventricle of the heart.&#xA;The BodyLocation includes code and optional qualifiers of anatomical side or direction. The body location can also be determined from one or more body landmarks.&#xA;If the code for the body location includes laterality and/or anatomical direction, the corresponding attributes might be unnecessary.&#xA;Note that BodyLocation is a data type, a reusable structure, not a stand-alone entity. The concept is similar to how an address structure can apply to a person, location, or organization. This contrasts with FHIR&#39;s stand-alone BodySite (aka BodyStructure in r4) which &#39;is not ... intended for describing the type of anatomical location but rather a specific body site on a specific patient&#39; (FHIR 3.5)."/>
      <min value="0"/>
      <max value="0"/>
      <base>
        <path value="shr-sdoh-Coinhabitant-model.bodyLocation"/>
        <min value="0"/>
        <max value="0"/>
      </base>
      <type>
        <code value="http://hl7.org/fhir/us/shr/StructureDefinition/shr-core-BodyLocation-model"/>
      </type>
      <mustSupport value="false"/>
      <isModifier value="false"/>
      <isSummary value="false"/>
    </element>
    <element id="shr-sdoh-Coinhabitant-model.commentOrDescription">
      <path value="shr-sdoh-Coinhabitant-model.commentOrDescription"/>
      <code>
        <system value="http://ncimeta.nci.nih.gov"/>
        <code value="C0947611"/>
      </code>
      <short value="A text note containing additional details, explanation, description, comment, or summarization."/>
      <definition value="A text note containing additional details, explanation, description, comment, or summarization."/>
      <min value="0"/>
      <max value="1"/>
      <base>
        <path value="shr-sdoh-Coinhabitant-model.commentOrDescription"/>
        <min value="0"/>
        <max value="1"/>
      </base>
      <type>
        <code value="string"/>
      </type>
      <mustSupport value="false"/>
      <isModifier value="false"/>
      <isSummary value="false"/>
    </element>
    <element id="shr-sdoh-Coinhabitant-model.interpretation">
      <path value="shr-sdoh-Coinhabitant-model.interpretation"/>
      <code>
        <system value="http://ncimeta.nci.nih.gov"/>
        <code value="C0420833"/>
      </code>
      <short value="A clinical interpretation of a finding (applies to both assertions and observation)."/>
      <definition value="A clinical interpretation of a finding (applies to both assertions and observation)."/>
      <min value="0"/>
      <max value="1"/>
      <base>
        <path value="shr-sdoh-Coinhabitant-model.interpretation"/>
        <min value="0"/>
        <max value="1"/>
      </base>
      <type>
        <code value="Coding"/>
      </type>
      <mustSupport value="false"/>
      <isModifier value="false"/>
      <isSummary value="false"/>
      <binding>
        <strength value="extensible"/>
        <valueSetReference>
          <reference value="http://hl7.org/fhir/ValueSet/observation-interpretation"/>
        </valueSetReference>
      </binding>
    </element>
    <element id="shr-sdoh-Coinhabitant-model.device">
      <path value="shr-sdoh-Coinhabitant-model.device"/>
      <short value="A specific durable physical device used in diagnosis or treatment. The value is the coding for a type of device, for example, a CPAP machine. The same device might be used on multiple patients."/>
      <definition value="A specific durable physical device used in diagnosis or treatment. The value is the coding for a type of device, for example, a CPAP machine. The same device might be used on multiple patients.&#xA;Device status cannot be reconciled between Argonaut and US-Core, each having different required value sets.&#xA;Device type has extensible mappings to different value sets in Argonaut and US-Core, however both value sets have identical SNOMED content (descendants of 49062001 (Device). We adopt the US-Core value set, which is allowable because the binding is extensible."/>
      <min value="0"/>
      <max value="0"/>
      <base>
        <path value="shr-sdoh-Coinhabitant-model.device"/>
        <min value="0"/>
        <max value="0"/>
      </base>
      <type>
        <code value="http://hl7.org/fhir/us/shr/StructureDefinition/shr-core-Device-model"/>
      </type>
      <mustSupport value="false"/>
      <isModifier value="false"/>
      <isSummary value="false"/>
    </element>
    <element id="shr-sdoh-Coinhabitant-model.referenceRange">
      <path value="shr-sdoh-Coinhabitant-model.referenceRange"/>
      <code>
        <system value="http://ncimeta.nci.nih.gov"/>
        <code value="C0883335"/>
      </code>
      <short value="The usual or acceptable range for a test result."/>
      <definition value="The usual or acceptable range for a test result."/>
      <min value="0"/>
      <max value="0"/>
      <base>
        <path value="shr-sdoh-Coinhabitant-model.referenceRange"/>
        <min value="0"/>
        <max value="0"/>
      </base>
      <type>
        <code value="http://hl7.org/fhir/us/shr/StructureDefinition/shr-core-ReferenceRange-model"/>
      </type>
      <mustSupport value="false"/>
      <isModifier value="false"/>
      <isSummary value="false"/>
    </element>
    <element id="shr-sdoh-Coinhabitant-model.components">
      <path value="shr-sdoh-Coinhabitant-model.components"/>
      <short value="Sub-observations that are part of this observation. A sub-observation contributs to the parent observation and are always treated a part of a single observation (they are not separable). However, the reference range for the primary observation value is not inherited by the component values and is required when appropriate for each component observation."/>
      <definition value="Sub-observations that are part of this observation. A sub-observation contributs to the parent observation and are always treated a part of a single observation (they are not separable). However, the reference range for the primary observation value is not inherited by the component values and is required when appropriate for each component observation."/>
      <min value="0"/>
      <max value="1"/>
      <base>
        <path value="shr-sdoh-Coinhabitant-model.components"/>
        <min value="0"/>
        <max value="1"/>
      </base>
      <type>
        <code value="http://hl7.org/fhir/us/shr/StructureDefinition/shr-core-Components-model"/>
      </type>
      <mustSupport value="false"/>
      <isModifier value="false"/>
      <isSummary value="false"/>
    </element>
    <element id="shr-sdoh-Coinhabitant-model.panelMembers">
      <path value="shr-sdoh-Coinhabitant-model.panelMembers"/>
      <short value="PanelMembers represent the elements of a group of a related but independent evaluations."/>
      <definition value="PanelMembers represent the elements of a group of a related but independent evaluations.&#xA;&#xA;Examples are the measurements that compose a complete blood count (CBC), or the elements of a pathology report. Each member is an independent evaluation, but the grouping reflects a composite lab order, shared specimen, or a single report author. Typically the Category and ReasonCode are not given for individual findings that are part of the panel, but rather given at the level of the panel itself."/>
      <min value="0"/>
      <max value="0"/>
      <base>
        <path value="shr-sdoh-Coinhabitant-model.panelMembers"/>
        <min value="0"/>
        <max value="0"/>
      </base>
      <type>
        <code value="http://hl7.org/fhir/us/shr/StructureDefinition/shr-core-PanelMembers-model"/>
      </type>
      <mustSupport value="false"/>
      <isModifier value="false"/>
      <isSummary value="false"/>
    </element>
    <element id="shr-sdoh-Coinhabitant-model.subjectOfInformationCode">
      <path value="shr-sdoh-Coinhabitant-model.subjectOfInformationCode"/>
      <short value="The person that the information in this resource relates to, if different than the person of record. The subject of information is described not by name but in terms of their relationship to the subject of record (e.g., wife)."/>
      <definition value="The person that the information in this resource relates to, if different than the person of record. The subject of information is described not by name but in terms of their relationship to the subject of record (e.g., wife)."/>
      <min value="0"/>
      <max value="0"/>
      <base>
        <path value="shr-sdoh-Coinhabitant-model.subjectOfInformationCode"/>
        <min value="0"/>
        <max value="0"/>
      </base>
      <type>
        <code value="Coding"/>
      </type>
      <mustSupport value="false"/>
      <isModifier value="false"/>
      <isSummary value="false"/>
    </element>
  </snapshot>
  <differential>
    <element id="shr-sdoh-Coinhabitant-model">
      <path value="shr-sdoh-Coinhabitant-model"/>
      <definition value="A person living with the subject."/>
      <min value="0"/>
      <max value="*"/>
      <base>
        <path value="shr-sdoh-Coinhabitant-model"/>
        <min value="0"/>
        <max value="*"/>
      </base>
      <mustSupport value="false"/>
      <isModifier value="false"/>
      <isSummary value="false"/>
    </element>
    <element id="shr-sdoh-Coinhabitant-model.metadata">
      <path value="shr-sdoh-Coinhabitant-model.metadata"/>
      <short value="Elements that belong to all information items."/>
      <definition value="Elements that belong to all information items."/>
      <min value="0"/>
      <max value="1"/>
      <base>
        <path value="shr-sdoh-Coinhabitant-model.metadata"/>
        <min value="0"/>
        <max value="1"/>
      </base>
      <type>
        <code value="http://hl7.org/fhir/us/shr/StructureDefinition/shr-core-Metadata-model"/>
      </type>
      <mustSupport value="false"/>
      <isModifier value="false"/>
      <isSummary value="false"/>
    </element>
    <element id="shr-sdoh-Coinhabitant-model.language">
      <path value="shr-sdoh-Coinhabitant-model.language"/>
      <code>
        <system value="http://ncimeta.nci.nih.gov"/>
        <code value="C0023008"/>
      </code>
      <short value="A human language, spoken or written."/>
      <definition value="A human language, spoken or written."/>
      <min value="0"/>
      <max value="1"/>
      <base>
        <path value="shr-sdoh-Coinhabitant-model.language"/>
        <min value="0"/>
        <max value="1"/>
      </base>
      <type>
        <code value="Coding"/>
      </type>
      <mustSupport value="false"/>
      <isModifier value="false"/>
      <isSummary value="false"/>
    </element>
    <element id="shr-sdoh-Coinhabitant-model.implicitRules">
      <path value="shr-sdoh-Coinhabitant-model.implicitRules"/>
      <short value="A set of rules under which this content was created"/>
      <definition value="A set of rules under which this content was created"/>
      <min value="0"/>
      <max value="1"/>
      <base>
        <path value="shr-sdoh-Coinhabitant-model.implicitRules"/>
        <min value="0"/>
        <max value="1"/>
      </base>
      <type>
        <code value="uri"/>
      </type>
      <mustSupport value="false"/>
      <isModifier value="false"/>
      <isSummary value="false"/>
    </element>
    <element id="shr-sdoh-Coinhabitant-model.narrative">
      <path value="shr-sdoh-Coinhabitant-model.narrative"/>
      <short value="A human-readable narrative, potentially including images, that contains a summary of the resource, and may be used to represent the content of the resource to a human."/>
      <definition value="A human-readable narrative, potentially including images, that contains a summary of the resource, and may be used to represent the content of the resource to a human."/>
      <min value="0"/>
      <max value="1"/>
      <base>
        <path value="shr-sdoh-Coinhabitant-model.narrative"/>
        <min value="0"/>
        <max value="1"/>
      </base>
      <type>
        <code value="http://hl7.org/fhir/us/shr/StructureDefinition/shr-core-Narrative-model"/>
      </type>
      <mustSupport value="false"/>
      <isModifier value="false"/>
      <isSummary value="false"/>
    </element>
    <element id="shr-sdoh-Coinhabitant-model.status">
      <path value="shr-sdoh-Coinhabitant-model.status"/>
      <short value="A state that relates to the workflow or interpretation of this resource. Certain status values can modify the meaning of the resource, for example, entered-in-error. When a boolean value is used, Status of true indicates the record is active, false means inactive."/>
      <definition value="A state that relates to the workflow or interpretation of this resource. Certain status values can modify the meaning of the resource, for example, entered-in-error. When a boolean value is used, Status of true indicates the record is active, false means inactive."/>
      <min value="1"/>
      <max value="1"/>
      <base>
        <path value="shr-sdoh-Coinhabitant-model.status"/>
        <min value="1"/>
        <max value="1"/>
      </base>
      <type>
        <code value="Coding"/>
      </type>
      <mustSupport value="false"/>
      <isModifier value="false"/>
      <isSummary value="false"/>
      <binding>
        <strength value="required"/>
        <valueSetReference>
          <reference value="http://hl7.org/fhir/ValueSet/observation-status"/>
        </valueSetReference>
      </binding>
    </element>
    <element id="shr-sdoh-Coinhabitant-model.identifier">
      <path value="shr-sdoh-Coinhabitant-model.identifier"/>
      <short value="Business identifier or external id for this resource."/>
      <definition value="Business identifier or external id for this resource."/>
      <min value="0"/>
      <max value="*"/>
      <base>
        <path value="shr-sdoh-Coinhabitant-model.identifier"/>
        <min value="0"/>
        <max value="*"/>
      </base>
      <type>
        <code value="http://hl7.org/fhir/us/shr/StructureDefinition/shr-core-Identifier-model"/>
      </type>
      <mustSupport value="false"/>
      <isModifier value="false"/>
      <isSummary value="false"/>
    </element>
    <element id="shr-sdoh-Coinhabitant-model.patientSubjectOfRecord">
      <path value="shr-sdoh-Coinhabitant-model.patientSubjectOfRecord"/>
      <code>
        <system value="http://ncimeta.nci.nih.gov"/>
        <code value="C1299487"/>
      </code>
      <short value="The SubjectOfRecord when restricted to being a Patient resource."/>
      <definition value="The SubjectOfRecord when restricted to being a Patient resource."/>
      <min value="1"/>
      <max value="1"/>
      <base>
        <path value="shr-sdoh-Coinhabitant-model.patientSubjectOfRecord"/>
        <min value="1"/>
        <max value="1"/>
      </base>
      <type>
        <code value="Reference"/>
        <targetProfile value="http://hl7.org/fhir/us/shr/StructureDefinition/shr-core-Patient-model"/>
      </type>
      <mustSupport value="false"/>
      <isModifier value="false"/>
      <isSummary value="false"/>
    </element>
    <element id="shr-sdoh-Coinhabitant-model.careContext">
      <path value="shr-sdoh-Coinhabitant-model.careContext"/>
      <short value="The encounter or episode of care"/>
      <definition value="The encounter or episode of care"/>
      <min value="0"/>
      <max value="1"/>
      <base>
        <path value="shr-sdoh-Coinhabitant-model.careContext"/>
        <min value="0"/>
        <max value="1"/>
      </base>
      <type>
        <code value="Reference"/>
        <targetProfile value="http://hl7.org/fhir/us/shr/StructureDefinition/shr-core-Encounter-model"/>
      </type>
      <mustSupport value="false"/>
      <isModifier value="false"/>
      <isSummary value="false"/>
    </element>
    <element id="shr-sdoh-Coinhabitant-model.statementDateTime">
      <path value="shr-sdoh-Coinhabitant-model.statementDateTime"/>
      <code>
        <system value="http://ncimeta.nci.nih.gov"/>
        <code value="C3669169"/>
      </code>
      <short value="The point in time when the statement was created."/>
      <definition value="The point in time when the statement was created."/>
      <min value="0"/>
      <max value="1"/>
      <base>
        <path value="shr-sdoh-Coinhabitant-model.statementDateTime"/>
        <min value="0"/>
        <max value="1"/>
      </base>
      <type>
        <code value="dateTime"/>
      </type>
      <mustSupport value="false"/>
      <isModifier value="false"/>
      <isSummary value="false"/>
    </element>
    <element id="shr-sdoh-Coinhabitant-model.code">
      <path value="shr-sdoh-Coinhabitant-model.code"/>
      <short value="The main type identifier for a lab, procedure, condition, etc., usually drawn from a controlled vocabulary."/>
      <definition value="The main type identifier for a lab, procedure, condition, etc., usually drawn from a controlled vocabulary."/>
      <min value="1"/>
      <max value="1"/>
      <base>
        <path value="shr-sdoh-Coinhabitant-model.code"/>
        <min value="1"/>
        <max value="1"/>
      </base>
      <type>
        <code value="Coding"/>
      </type>
      <mustSupport value="false"/>
      <isModifier value="false"/>
      <isSummary value="false"/>
    </element>
    <element id="shr-sdoh-Coinhabitant-model.code.id">
      <path value="shr-sdoh-Coinhabitant-model.code.id"/>
      <representation value="xmlAttr"/>
      <short value="xml:id (or equivalent in JSON)"/>
      <definition value="unique id for the element within a resource (for internal references). This may be any string value that does not contain spaces."/>
      <min value="0"/>
      <max value="1"/>
      <base>
        <path value="Element.id"/>
        <min value="0"/>
        <max value="1"/>
      </base>
      <type>
        <code value="string"/>
      </type>
      <mapping>
        <identity value="rim"/>
        <map value="n/a"/>
      </mapping>
    </element>
    <element id="shr-sdoh-Coinhabitant-model.code.extension">
      <path value="shr-sdoh-Coinhabitant-model.code.extension"/>
      <slicing>
        <discriminator>
          <type value="value"/>
          <path value="url"/>
        </discriminator>
        <description value="Extensions are always sliced by (at least) url"/>
        <rules value="open"/>
      </slicing>
      <short value="Additional Content defined by implementations"/>
      <definition value="May be used to represent additional information that is not part of the basic definition of the element. In order to make the use of extensions safe and manageable, there is a strict set of governance  applied to the definition and use of extensions. Though any implementer is allowed to define an extension, there is a set of requirements that SHALL be met as part of the definition of the extension."/>
      <comment value="There can be no stigma associated with the use of extensions by any application, project, or standard - regardless of the institution or jurisdiction that uses or defines the extensions.  The use of extensions is what allows the FHIR specification to retain a core level of simplicity for everyone."/>
      <min value="0"/>
      <max value="*"/>
      <base>
        <path value="Element.extension"/>
        <min value="0"/>
        <max value="*"/>
      </base>
      <type>
        <code value="Extension"/>
      </type>
      <mapping>
        <identity value="rim"/>
        <map value="n/a"/>
      </mapping>
    </element>
    <element id="shr-sdoh-Coinhabitant-model.code.system">
      <path value="shr-sdoh-Coinhabitant-model.code.system"/>
      <short value="Identity of the terminology system"/>
      <definition value="The identification of the code system that defines the meaning of the symbol in the code."/>
      <comment value="The URI may be an OID (urn:oid:...) or a UUID (urn:uuid:...).  OIDs and UUIDs SHALL be references to the HL7 OID registry. Otherwise, the URI should come from HL7&#39;s list of FHIR defined special URIs or it should de-reference to some definition that establish the system clearly and unambiguously."/>
      <requirements value="Need to be unambiguous about the source of the definition of the symbol."/>
      <min value="1"/>
      <max value="1"/>
      <base>
        <path value="Coding.system"/>
        <min value="0"/>
        <max value="1"/>
      </base>
      <type>
        <code value="uri"/>
      </type>
      <fixedUri value="http://snomed.info/sct"/>
      <isSummary value="true"/>
      <mapping>
        <identity value="v2"/>
        <map value="C*E.3"/>
      </mapping>
      <mapping>
        <identity value="rim"/>
        <map value="./codeSystem"/>
      </mapping>
      <mapping>
        <identity value="orim"/>
        <map value="fhir:Coding.system rdfs:subPropertyOf dt:CDCoding.codeSystem"/>
      </mapping>
    </element>
    <element id="shr-sdoh-Coinhabitant-model.code.version">
      <path value="shr-sdoh-Coinhabitant-model.code.version"/>
      <short value="Version of the system - if relevant"/>
      <definition value="The version of the code system which was used when choosing this code. Note that a well-maintained code system does not need the version reported, because the meaning of codes is consistent across versions. However this cannot consistently be assured. and when the meaning is not guaranteed to be consistent, the version SHOULD be exchanged."/>
      <comment value="Where the terminology does not clearly define what string should be used to identify code system versions, the recommendation is to use the date (expressed in FHIR date format) on which that version was officially published as the version date."/>
      <min value="0"/>
      <max value="1"/>
      <base>
        <path value="Coding.version"/>
        <min value="0"/>
        <max value="1"/>
      </base>
      <type>
        <code value="string"/>
      </type>
      <isSummary value="true"/>
      <mapping>
        <identity value="v2"/>
        <map value="C*E.7"/>
      </mapping>
      <mapping>
        <identity value="rim"/>
        <map value="./codeSystemVersion"/>
      </mapping>
      <mapping>
        <identity value="orim"/>
        <map value="fhir:Coding.version rdfs:subPropertyOf dt:CDCoding.codeSystemVersion"/>
      </mapping>
    </element>
    <element id="shr-sdoh-Coinhabitant-model.code.code">
      <path value="shr-sdoh-Coinhabitant-model.code.code"/>
      <short value="Symbol in syntax defined by the system"/>
      <definition value="A symbol in syntax defined by the system. The symbol may be a predefined code or an expression in a syntax defined by the coding system (e.g. post-coordination)."/>
      <requirements value="Need to refer to a particular code in the system."/>
      <min value="1"/>
      <max value="1"/>
      <base>
        <path value="Coding.code"/>
        <min value="0"/>
        <max value="1"/>
      </base>
      <type>
        <code value="code"/>
      </type>
      <fixedCode value="224085006"/>
      <isSummary value="true"/>
      <mapping>
        <identity value="v2"/>
        <map value="C*E.1"/>
      </mapping>
      <mapping>
        <identity value="rim"/>
        <map value="./code"/>
      </mapping>
      <mapping>
        <identity value="orim"/>
        <map value="fhir:Coding.code rdfs:subPropertyOf dt:CDCoding.code"/>
      </mapping>
    </element>
    <element id="shr-sdoh-Coinhabitant-model.code.display">
      <extension url="http://hl7.org/fhir/StructureDefinition/elementdefinition-translatable">
        <valueBoolean value="true"/>
      </extension>
      <path value="shr-sdoh-Coinhabitant-model.code.display"/>
      <short value="Representation defined by the system"/>
      <definition value="A representation of the meaning of the code in the system, following the rules of the system."/>
      <requirements value="Need to be able to carry a human-readable meaning of the code for readers that do not know  the system."/>
      <min value="0"/>
      <max value="1"/>
      <base>
        <path value="Coding.display"/>
        <min value="0"/>
        <max value="1"/>
      </base>
      <type>
        <code value="string"/>
      </type>
      <isSummary value="true"/>
      <mapping>
        <identity value="v2"/>
        <map value="C*E.2 - but note this is not well followed"/>
      </mapping>
      <mapping>
        <identity value="rim"/>
        <map value="CV.displayName"/>
      </mapping>
      <mapping>
        <identity value="orim"/>
        <map value="fhir:Coding.display rdfs:subPropertyOf dt:CDCoding.displayName"/>
      </mapping>
    </element>
    <element id="shr-sdoh-Coinhabitant-model.code.userSelected">
      <path value="shr-sdoh-Coinhabitant-model.code.userSelected"/>
      <short value="If this coding was chosen directly by the user"/>
      <definition value="Indicates that this coding was chosen by a user directly - i.e. off a pick list of available items (codes or displays)."/>
      <comment value="Amongst a set of alternatives, a directly chosen code is the most appropriate starting point for new translations. There is some ambiguity about what exactly &#39;directly chosen&#39; implies, and trading partner agreement may be needed to clarify the use of this element and its consequences more completely."/>
      <requirements value="This has been identified as a clinical safety criterium - that this exact system/code pair was chosen explicitly, rather than inferred by the system based on some rules or language processing."/>
      <min value="0"/>
      <max value="1"/>
      <base>
        <path value="Coding.userSelected"/>
        <min value="0"/>
        <max value="1"/>
      </base>
      <type>
        <code value="boolean"/>
      </type>
      <isSummary value="true"/>
      <mapping>
        <identity value="v2"/>
        <map value="Sometimes implied by being first"/>
      </mapping>
      <mapping>
        <identity value="rim"/>
        <map value="CD.codingRationale"/>
      </mapping>
      <mapping>
        <identity value="orim"/>
        <map value="fhir:Coding.userSelected fhir:mapsTo dt:CDCoding.codingRationale. fhir:Coding.userSelected fhir:hasMap fhir:Coding.userSelected.map. fhir:Coding.userSelected.map a fhir:Map;   fhir:target dt:CDCoding.codingRationale. fhir:Coding.userSelected\#true a [     fhir:source &quot;true&quot;;     fhir:target dt:CDCoding.codingRationale\#O   ]"/>
      </mapping>
    </element>
    <element id="shr-sdoh-Coinhabitant-model.dataValue">
      <path value="shr-sdoh-Coinhabitant-model.dataValue"/>
      <short value="The value or result of a test, evaluation, or judgment, for example, a systolic blood pressure, or if a condition or body structure is present or absent."/>
      <definition value="The value or result of a test, evaluation, or judgment, for example, a systolic blood pressure, or if a condition or body structure is present or absent."/>
      <min value="0"/>
      <max value="1"/>
      <base>
        <path value="shr-sdoh-Coinhabitant-model.dataValue"/>
        <min value="0"/>
        <max value="1"/>
      </base>
      <type>
        <code value="Coding"/>
      </type>
      <mustSupport value="false"/>
      <isModifier value="false"/>
      <isSummary value="false"/>
      <binding>
        <strength value="required"/>
        <valueSetReference>
          <reference value="http://hl7.org/fhir/ValueSet/relatedperson-relationshiptype"/>
        </valueSetReference>
      </binding>
    </element>
    <element id="shr-sdoh-Coinhabitant-model.dataAbsentReason">
      <path value="shr-sdoh-Coinhabitant-model.dataAbsentReason"/>
      <short value="Reason that a value associated with a test or other finding is missing."/>
      <definition value="Reason that a value associated with a test or other finding is missing."/>
      <min value="0"/>
      <max value="0"/>
      <base>
        <path value="shr-sdoh-Coinhabitant-model.dataAbsentReason"/>
        <min value="0"/>
        <max value="0"/>
      </base>
      <type>
        <code value="Coding"/>
      </type>
      <mustSupport value="false"/>
      <isModifier value="false"/>
      <isSummary value="false"/>
      <binding>
        <strength value="extensible"/>
        <valueSetReference>
          <reference value="http://hl7.org/fhir/ValueSet/data-absent-reason"/>
        </valueSetReference>
      </binding>
    </element>
    <element id="shr-sdoh-Coinhabitant-model.method">
      <path value="shr-sdoh-Coinhabitant-model.method"/>
      <short value="The technique used to carry out an action, for example, the specific imaging technical or assessment vehicle."/>
      <definition value="The technique used to carry out an action, for example, the specific imaging technical or assessment vehicle."/>
      <min value="0"/>
      <max value="0"/>
      <base>
        <path value="shr-sdoh-Coinhabitant-model.method"/>
        <min value="0"/>
        <max value="0"/>
      </base>
      <type>
        <code value="Coding"/>
      </type>
      <mustSupport value="false"/>
      <isModifier value="false"/>
      <isSummary value="false"/>
    </element>
    <element id="shr-sdoh-Coinhabitant-model.relevantTime[x]">
      <path value="shr-sdoh-Coinhabitant-model.relevantTime[x]"/>
      <short value="The time or time period that the statement addresses."/>
      <definition value="The time or time period that the statement addresses.&#xA;The clinically relevant time is not necessarily when the information is gathered or when a test is carried out, but for example, when a specimen was collected, or the time period referred to by the question. Use a TimePeriod for a measurement or specimen collection continued over a significant period of time (e.g. 24 hour Urine Sodium)."/>
      <min value="0"/>
      <max value="1"/>
      <base>
        <path value="shr-sdoh-Coinhabitant-model.relevantTime[x]"/>
        <min value="0"/>
        <max value="1"/>
      </base>
      <type>
        <code value="dateTime"/>
      </type>
      <type>
        <code value="http://hl7.org/fhir/us/shr/StructureDefinition/shr-core-TimePeriod-model"/>
      </type>
      <mustSupport value="false"/>
      <isModifier value="false"/>
      <isSummary value="false"/>
    </element>
    <element id="shr-sdoh-Coinhabitant-model.category">
      <path value="shr-sdoh-Coinhabitant-model.category"/>
      <short value="The type, kind, or class of this item."/>
      <definition value="The type, kind, or class of this item."/>
      <min value="0"/>
      <max value="1"/>
      <base>
        <path value="shr-sdoh-Coinhabitant-model.category"/>
        <min value="0"/>
        <max value="1"/>
      </base>
      <type>
        <code value="Coding"/>
      </type>
      <mustSupport value="false"/>
      <isModifier value="false"/>
      <isSummary value="false"/>
    </element>
    <element id="shr-sdoh-Coinhabitant-model.category.id">
      <path value="shr-sdoh-Coinhabitant-model.category.id"/>
      <representation value="xmlAttr"/>
      <short value="xml:id (or equivalent in JSON)"/>
      <definition value="unique id for the element within a resource (for internal references). This may be any string value that does not contain spaces."/>
      <min value="0"/>
      <max value="1"/>
      <base>
        <path value="Element.id"/>
        <min value="0"/>
        <max value="1"/>
      </base>
      <type>
        <code value="string"/>
      </type>
      <mapping>
        <identity value="rim"/>
        <map value="n/a"/>
      </mapping>
    </element>
    <element id="shr-sdoh-Coinhabitant-model.category.extension">
      <path value="shr-sdoh-Coinhabitant-model.category.extension"/>
      <slicing>
        <discriminator>
          <type value="value"/>
          <path value="url"/>
        </discriminator>
        <description value="Extensions are always sliced by (at least) url"/>
        <rules value="open"/>
      </slicing>
      <short value="Additional Content defined by implementations"/>
      <definition value="May be used to represent additional information that is not part of the basic definition of the element. In order to make the use of extensions safe and manageable, there is a strict set of governance  applied to the definition and use of extensions. Though any implementer is allowed to define an extension, there is a set of requirements that SHALL be met as part of the definition of the extension."/>
      <comment value="There can be no stigma associated with the use of extensions by any application, project, or standard - regardless of the institution or jurisdiction that uses or defines the extensions.  The use of extensions is what allows the FHIR specification to retain a core level of simplicity for everyone."/>
      <min value="0"/>
      <max value="*"/>
      <base>
        <path value="Element.extension"/>
        <min value="0"/>
        <max value="*"/>
      </base>
      <type>
        <code value="Extension"/>
      </type>
      <mapping>
        <identity value="rim"/>
        <map value="n/a"/>
      </mapping>
    </element>
    <element id="shr-sdoh-Coinhabitant-model.category.system">
      <path value="shr-sdoh-Coinhabitant-model.category.system"/>
      <short value="Identity of the terminology system"/>
      <definition value="The identification of the code system that defines the meaning of the symbol in the code."/>
      <comment value="The URI may be an OID (urn:oid:...) or a UUID (urn:uuid:...).  OIDs and UUIDs SHALL be references to the HL7 OID registry. Otherwise, the URI should come from HL7&#39;s list of FHIR defined special URIs or it should de-reference to some definition that establish the system clearly and unambiguously."/>
      <requirements value="Need to be unambiguous about the source of the definition of the symbol."/>
      <min value="1"/>
      <max value="1"/>
      <base>
        <path value="Coding.system"/>
        <min value="0"/>
        <max value="1"/>
      </base>
      <type>
        <code value="uri"/>
      </type>
      <fixedUri value="http://hl7.org/fhir/observation-category"/>
      <isSummary value="true"/>
      <mapping>
        <identity value="v2"/>
        <map value="C*E.3"/>
      </mapping>
      <mapping>
        <identity value="rim"/>
        <map value="./codeSystem"/>
      </mapping>
      <mapping>
        <identity value="orim"/>
        <map value="fhir:Coding.system rdfs:subPropertyOf dt:CDCoding.codeSystem"/>
      </mapping>
    </element>
    <element id="shr-sdoh-Coinhabitant-model.category.version">
      <path value="shr-sdoh-Coinhabitant-model.category.version"/>
      <short value="Version of the system - if relevant"/>
      <definition value="The version of the code system which was used when choosing this code. Note that a well-maintained code system does not need the version reported, because the meaning of codes is consistent across versions. However this cannot consistently be assured. and when the meaning is not guaranteed to be consistent, the version SHOULD be exchanged."/>
      <comment value="Where the terminology does not clearly define what string should be used to identify code system versions, the recommendation is to use the date (expressed in FHIR date format) on which that version was officially published as the version date."/>
      <min value="0"/>
      <max value="1"/>
      <base>
        <path value="Coding.version"/>
        <min value="0"/>
        <max value="1"/>
      </base>
      <type>
        <code value="string"/>
      </type>
      <isSummary value="true"/>
      <mapping>
        <identity value="v2"/>
        <map value="C*E.7"/>
      </mapping>
      <mapping>
        <identity value="rim"/>
        <map value="./codeSystemVersion"/>
      </mapping>
      <mapping>
        <identity value="orim"/>
        <map value="fhir:Coding.version rdfs:subPropertyOf dt:CDCoding.codeSystemVersion"/>
      </mapping>
    </element>
    <element id="shr-sdoh-Coinhabitant-model.category.code">
      <path value="shr-sdoh-Coinhabitant-model.category.code"/>
      <short value="Symbol in syntax defined by the system"/>
      <definition value="A symbol in syntax defined by the system. The symbol may be a predefined code or an expression in a syntax defined by the coding system (e.g. post-coordination)."/>
      <requirements value="Need to refer to a particular code in the system."/>
      <min value="1"/>
      <max value="1"/>
      <base>
        <path value="Coding.code"/>
        <min value="0"/>
        <max value="1"/>
      </base>
      <type>
        <code value="code"/>
      </type>
      <fixedCode value="social-history"/>
      <isSummary value="true"/>
      <mapping>
        <identity value="v2"/>
        <map value="C*E.1"/>
      </mapping>
      <mapping>
        <identity value="rim"/>
        <map value="./code"/>
      </mapping>
      <mapping>
        <identity value="orim"/>
        <map value="fhir:Coding.code rdfs:subPropertyOf dt:CDCoding.code"/>
      </mapping>
    </element>
    <element id="shr-sdoh-Coinhabitant-model.category.display">
      <extension url="http://hl7.org/fhir/StructureDefinition/elementdefinition-translatable">
        <valueBoolean value="true"/>
      </extension>
      <path value="shr-sdoh-Coinhabitant-model.category.display"/>
      <short value="Representation defined by the system"/>
      <definition value="A representation of the meaning of the code in the system, following the rules of the system."/>
      <requirements value="Need to be able to carry a human-readable meaning of the code for readers that do not know  the system."/>
      <min value="0"/>
      <max value="1"/>
      <base>
        <path value="Coding.display"/>
        <min value="0"/>
        <max value="1"/>
      </base>
      <type>
        <code value="string"/>
      </type>
      <isSummary value="true"/>
      <mapping>
        <identity value="v2"/>
        <map value="C*E.2 - but note this is not well followed"/>
      </mapping>
      <mapping>
        <identity value="rim"/>
        <map value="CV.displayName"/>
      </mapping>
      <mapping>
        <identity value="orim"/>
        <map value="fhir:Coding.display rdfs:subPropertyOf dt:CDCoding.displayName"/>
      </mapping>
    </element>
    <element id="shr-sdoh-Coinhabitant-model.category.userSelected">
      <path value="shr-sdoh-Coinhabitant-model.category.userSelected"/>
      <short value="If this coding was chosen directly by the user"/>
      <definition value="Indicates that this coding was chosen by a user directly - i.e. off a pick list of available items (codes or displays)."/>
      <comment value="Amongst a set of alternatives, a directly chosen code is the most appropriate starting point for new translations. There is some ambiguity about what exactly &#39;directly chosen&#39; implies, and trading partner agreement may be needed to clarify the use of this element and its consequences more completely."/>
      <requirements value="This has been identified as a clinical safety criterium - that this exact system/code pair was chosen explicitly, rather than inferred by the system based on some rules or language processing."/>
      <min value="0"/>
      <max value="1"/>
      <base>
        <path value="Coding.userSelected"/>
        <min value="0"/>
        <max value="1"/>
      </base>
      <type>
        <code value="boolean"/>
      </type>
      <isSummary value="true"/>
      <mapping>
        <identity value="v2"/>
        <map value="Sometimes implied by being first"/>
      </mapping>
      <mapping>
        <identity value="rim"/>
        <map value="CD.codingRationale"/>
      </mapping>
      <mapping>
        <identity value="orim"/>
        <map value="fhir:Coding.userSelected fhir:mapsTo dt:CDCoding.codingRationale. fhir:Coding.userSelected fhir:hasMap fhir:Coding.userSelected.map. fhir:Coding.userSelected.map a fhir:Map;   fhir:target dt:CDCoding.codingRationale. fhir:Coding.userSelected\#true a [     fhir:source &quot;true&quot;;     fhir:target dt:CDCoding.codingRationale\#O   ]"/>
      </mapping>
    </element>
    <element id="shr-sdoh-Coinhabitant-model.performer[x]">
      <path value="shr-sdoh-Coinhabitant-model.performer[x]"/>
      <short value="The actor that carried out the observation or action."/>
      <definition value="The actor that carried out the observation or action."/>
      <min value="0"/>
      <max value="*"/>
      <base>
        <path value="shr-sdoh-Coinhabitant-model.performer[x]"/>
        <min value="0"/>
        <max value="*"/>
      </base>
      <type>
        <code value="Reference"/>
        <targetProfile value="http://hl7.org/fhir/us/shr/StructureDefinition/shr-core-Practitioner-model"/>
      </type>
      <type>
        <code value="Reference"/>
        <targetProfile value="http://hl7.org/fhir/us/shr/StructureDefinition/shr-core-Organization-model"/>
      </type>
      <type>
        <code value="Reference"/>
        <targetProfile value="http://hl7.org/fhir/us/shr/StructureDefinition/shr-core-Patient-model"/>
      </type>
      <type>
        <code value="Reference"/>
        <targetProfile value="http://hl7.org/fhir/us/shr/StructureDefinition/shr-core-RelatedPerson-model"/>
      </type>
      <mustSupport value="false"/>
      <isModifier value="false"/>
      <isSummary value="false"/>
    </element>
    <element id="shr-sdoh-Coinhabitant-model.bodyLocation">
      <path value="shr-sdoh-Coinhabitant-model.bodyLocation"/>
      <short value="A location or structure in the body, including tissues, regions, cavities, and spaces; for example, right elbow, or left ventricle of the heart."/>
      <definition value="A location or structure in the body, including tissues, regions, cavities, and spaces; for example, right elbow, or left ventricle of the heart.&#xA;The BodyLocation includes code and optional qualifiers of anatomical side or direction. The body location can also be determined from one or more body landmarks.&#xA;If the code for the body location includes laterality and/or anatomical direction, the corresponding attributes might be unnecessary.&#xA;Note that BodyLocation is a data type, a reusable structure, not a stand-alone entity. The concept is similar to how an address structure can apply to a person, location, or organization. This contrasts with FHIR&#39;s stand-alone BodySite (aka BodyStructure in r4) which &#39;is not ... intended for describing the type of anatomical location but rather a specific body site on a specific patient&#39; (FHIR 3.5)."/>
      <min value="0"/>
      <max value="0"/>
      <base>
        <path value="shr-sdoh-Coinhabitant-model.bodyLocation"/>
        <min value="0"/>
        <max value="0"/>
      </base>
      <type>
        <code value="http://hl7.org/fhir/us/shr/StructureDefinition/shr-core-BodyLocation-model"/>
      </type>
      <mustSupport value="false"/>
      <isModifier value="false"/>
      <isSummary value="false"/>
    </element>
    <element id="shr-sdoh-Coinhabitant-model.commentOrDescription">
      <path value="shr-sdoh-Coinhabitant-model.commentOrDescription"/>
      <code>
        <system value="http://ncimeta.nci.nih.gov"/>
        <code value="C0947611"/>
      </code>
      <short value="A text note containing additional details, explanation, description, comment, or summarization."/>
      <definition value="A text note containing additional details, explanation, description, comment, or summarization."/>
      <min value="0"/>
      <max value="1"/>
      <base>
        <path value="shr-sdoh-Coinhabitant-model.commentOrDescription"/>
        <min value="0"/>
        <max value="1"/>
      </base>
      <type>
        <code value="string"/>
      </type>
      <mustSupport value="false"/>
      <isModifier value="false"/>
      <isSummary value="false"/>
    </element>
    <element id="shr-sdoh-Coinhabitant-model.interpretation">
      <path value="shr-sdoh-Coinhabitant-model.interpretation"/>
      <code>
        <system value="http://ncimeta.nci.nih.gov"/>
        <code value="C0420833"/>
      </code>
      <short value="A clinical interpretation of a finding (applies to both assertions and observation)."/>
      <definition value="A clinical interpretation of a finding (applies to both assertions and observation)."/>
      <min value="0"/>
      <max value="1"/>
      <base>
        <path value="shr-sdoh-Coinhabitant-model.interpretation"/>
        <min value="0"/>
        <max value="1"/>
      </base>
      <type>
        <code value="Coding"/>
      </type>
      <mustSupport value="false"/>
      <isModifier value="false"/>
      <isSummary value="false"/>
      <binding>
        <strength value="extensible"/>
        <valueSetReference>
          <reference value="http://hl7.org/fhir/ValueSet/observation-interpretation"/>
        </valueSetReference>
      </binding>
    </element>
    <element id="shr-sdoh-Coinhabitant-model.device">
      <path value="shr-sdoh-Coinhabitant-model.device"/>
      <short value="A specific durable physical device used in diagnosis or treatment. The value is the coding for a type of device, for example, a CPAP machine. The same device might be used on multiple patients."/>
      <definition value="A specific durable physical device used in diagnosis or treatment. The value is the coding for a type of device, for example, a CPAP machine. The same device might be used on multiple patients.&#xA;Device status cannot be reconciled between Argonaut and US-Core, each having different required value sets.&#xA;Device type has extensible mappings to different value sets in Argonaut and US-Core, however both value sets have identical SNOMED content (descendants of 49062001 (Device). We adopt the US-Core value set, which is allowable because the binding is extensible."/>
      <min value="0"/>
      <max value="0"/>
      <base>
        <path value="shr-sdoh-Coinhabitant-model.device"/>
        <min value="0"/>
        <max value="0"/>
      </base>
      <type>
        <code value="http://hl7.org/fhir/us/shr/StructureDefinition/shr-core-Device-model"/>
      </type>
      <mustSupport value="false"/>
      <isModifier value="false"/>
      <isSummary value="false"/>
    </element>
    <element id="shr-sdoh-Coinhabitant-model.referenceRange">
      <path value="shr-sdoh-Coinhabitant-model.referenceRange"/>
      <code>
        <system value="http://ncimeta.nci.nih.gov"/>
        <code value="C0883335"/>
      </code>
      <short value="The usual or acceptable range for a test result."/>
      <definition value="The usual or acceptable range for a test result."/>
      <min value="0"/>
      <max value="0"/>
      <base>
        <path value="shr-sdoh-Coinhabitant-model.referenceRange"/>
        <min value="0"/>
        <max value="0"/>
      </base>
      <type>
        <code value="http://hl7.org/fhir/us/shr/StructureDefinition/shr-core-ReferenceRange-model"/>
      </type>
      <mustSupport value="false"/>
      <isModifier value="false"/>
      <isSummary value="false"/>
    </element>
    <element id="shr-sdoh-Coinhabitant-model.components">
      <path value="shr-sdoh-Coinhabitant-model.components"/>
      <short value="Sub-observations that are part of this observation. A sub-observation contributs to the parent observation and are always treated a part of a single observation (they are not separable). However, the reference range for the primary observation value is not inherited by the component values and is required when appropriate for each component observation."/>
      <definition value="Sub-observations that are part of this observation. A sub-observation contributs to the parent observation and are always treated a part of a single observation (they are not separable). However, the reference range for the primary observation value is not inherited by the component values and is required when appropriate for each component observation."/>
      <min value="0"/>
      <max value="1"/>
      <base>
        <path value="shr-sdoh-Coinhabitant-model.components"/>
        <min value="0"/>
        <max value="1"/>
      </base>
      <type>
        <code value="http://hl7.org/fhir/us/shr/StructureDefinition/shr-core-Components-model"/>
      </type>
      <mustSupport value="false"/>
      <isModifier value="false"/>
      <isSummary value="false"/>
    </element>
    <element id="shr-sdoh-Coinhabitant-model.panelMembers">
      <path value="shr-sdoh-Coinhabitant-model.panelMembers"/>
      <short value="PanelMembers represent the elements of a group of a related but independent evaluations."/>
      <definition value="PanelMembers represent the elements of a group of a related but independent evaluations.&#xA;&#xA;Examples are the measurements that compose a complete blood count (CBC), or the elements of a pathology report. Each member is an independent evaluation, but the grouping reflects a composite lab order, shared specimen, or a single report author. Typically the Category and ReasonCode are not given for individual findings that are part of the panel, but rather given at the level of the panel itself."/>
      <min value="0"/>
      <max value="0"/>
      <base>
        <path value="shr-sdoh-Coinhabitant-model.panelMembers"/>
        <min value="0"/>
        <max value="0"/>
      </base>
      <type>
        <code value="http://hl7.org/fhir/us/shr/StructureDefinition/shr-core-PanelMembers-model"/>
      </type>
      <mustSupport value="false"/>
      <isModifier value="false"/>
      <isSummary value="false"/>
    </element>
    <element id="shr-sdoh-Coinhabitant-model.subjectOfInformationCode">
      <path value="shr-sdoh-Coinhabitant-model.subjectOfInformationCode"/>
      <short value="The person that the information in this resource relates to, if different than the person of record. The subject of information is described not by name but in terms of their relationship to the subject of record (e.g., wife)."/>
      <definition value="The person that the information in this resource relates to, if different than the person of record. The subject of information is described not by name but in terms of their relationship to the subject of record (e.g., wife)."/>
      <min value="0"/>
      <max value="0"/>
      <base>
        <path value="shr-sdoh-Coinhabitant-model.subjectOfInformationCode"/>
        <min value="0"/>
        <max value="0"/>
      </base>
      <type>
        <code value="Coding"/>
      </type>
      <mustSupport value="false"/>
      <isModifier value="false"/>
      <isSummary value="false"/>
    </element>
  </differential>
</StructureDefinition>