<?xml version="1.0" encoding="UTF-8"?>

<StructureDefinition xmlns="http://hl7.org/fhir">
  <id value="shr-core-Altitude-model"/>
  <text>
    <status value="generated"/><div xmlns="http://www.w3.org/1999/xhtml">
  <p><b>Altitude Logical Model</b></p>
  <p>Height above sea level or above the earth's surface. Measured with with WGS84 datum.</p>
</div>
  </text>
  <url value="http://hl7.org/fhir/us/shr/StructureDefinition/shr-core-Altitude-model"/>
  <identifier>
    <system value="http://hl7.org/fhir/us/sdoh"/>
    <value value="shr.core.Altitude"/>
  </identifier>
  <version value="0.1.0"/>
  <name value="Altitude"/>
  <title value="shr-core-Altitude"/>
  <status value="draft"/>
  <date value="2019-04-01T00:00:00-04:00"/>
  <publisher value="MITRE Corporation"/>
  <contact>
    <telecom>
      <system value="url"/>
      <value value="http://standardhealthrecord.org"/>
    </telecom>
  </contact>
  <description value="Height above sea level or above the earth&#39;s surface. Measured with with WGS84 datum."/>
  <keyword>
    <system value="http://ncimeta.nci.nih.gov"/>
    <code value="C0002349"/>
  </keyword>
  <kind value="logical"/>
  <abstract value="false"/>
  <type value="shr-core-Altitude-model"/>
  <baseDefinition value="http://hl7.org/fhir/StructureDefinition/Element"/>
  <derivation value="specialization"/>
  <snapshot>
    <element id="shr-core-Altitude-model">
      <path value="shr-core-Altitude-model"/>
      <definition value="Height above sea level or above the earth&#39;s surface. Measured with with WGS84 datum."/>
      <min value="0"/>
      <max value="*"/>
      <base>
        <path value="shr-core-Altitude-model"/>
        <min value="0"/>
        <max value="*"/>
      </base>
      <mustSupport value="false"/>
      <isModifier value="false"/>
      <isSummary value="false"/>
    </element>
    <element id="shr-core-Altitude-model.value">
      <path value="shr-core-Altitude-model.value"/>
      <short value="Decimal representing height above sea level or above the earth&#39;s surface. Measured with with WGS84 datum."/>
      <definition value="Decimal representing height above sea level or above the earth&#39;s surface. Measured with with WGS84 datum."/>
      <min value="1"/>
      <max value="1"/>
      <base>
        <path value="shr-core-Altitude-model.value"/>
        <min value="1"/>
        <max value="1"/>
      </base>
      <type>
        <code value="decimal"/>
      </type>
      <mustSupport value="false"/>
      <isModifier value="false"/>
      <isSummary value="false"/>
    </element>
  </snapshot>
  <differential>
    <element id="shr-core-Altitude-model">
      <path value="shr-core-Altitude-model"/>
      <definition value="Height above sea level or above the earth&#39;s surface. Measured with with WGS84 datum."/>
      <min value="0"/>
      <max value="*"/>
      <base>
        <path value="shr-core-Altitude-model"/>
        <min value="0"/>
        <max value="*"/>
      </base>
      <mustSupport value="false"/>
      <isModifier value="false"/>
      <isSummary value="false"/>
    </element>
    <element id="shr-core-Altitude-model.value">
      <path value="shr-core-Altitude-model.value"/>
      <short value="Decimal representing height above sea level or above the earth&#39;s surface. Measured with with WGS84 datum."/>
      <definition value="Decimal representing height above sea level or above the earth&#39;s surface. Measured with with WGS84 datum."/>
      <min value="1"/>
      <max value="1"/>
      <base>
        <path value="shr-core-Altitude-model.value"/>
        <min value="1"/>
        <max value="1"/>
      </base>
      <type>
        <code value="decimal"/>
      </type>
      <mustSupport value="false"/>
      <isModifier value="false"/>
      <isSummary value="false"/>
    </element>
  </differential>
</StructureDefinition>