<?xml version="1.0" encoding="UTF-8"?>

<StructureDefinition xmlns="http://hl7.org/fhir">
  <id value="shr-core-ExpectedPerformer-model"/>
  <text>
    <status value="generated"/><div xmlns="http://www.w3.org/1999/xhtml">
  <p><b>ExpectedPerformer Logical Model</b></p>
  <p>A choice of Person (in any role) or organization as recipient of a request. Needed for mapping to FHIR.</p>
</div>
  </text>
  <url value="http://hl7.org/fhir/us/shr/StructureDefinition/shr-core-ExpectedPerformer-model"/>
  <identifier>
    <system value="http://hl7.org/fhir/us/sdoh"/>
    <value value="shr.core.ExpectedPerformer"/>
  </identifier>
  <version value="0.1.0"/>
  <name value="ExpectedPerformer"/>
  <title value="shr-core-ExpectedPerformer"/>
  <status value="draft"/>
  <date value="2019-04-01T00:00:00-04:00"/>
  <publisher value="MITRE Corporation"/>
  <contact>
    <telecom>
      <system value="url"/>
      <value value="http://standardhealthrecord.org"/>
    </telecom>
  </contact>
  <description value="A choice of Person (in any role) or organization as recipient of a request. Needed for mapping to FHIR."/>
  <kind value="logical"/>
  <abstract value="false"/>
  <type value="shr-core-ExpectedPerformer-model"/>
  <baseDefinition value="http://hl7.org/fhir/StructureDefinition/Element"/>
  <derivation value="specialization"/>
  <snapshot>
    <element id="shr-core-ExpectedPerformer-model">
      <path value="shr-core-ExpectedPerformer-model"/>
      <definition value="A choice of Person (in any role) or organization as recipient of a request. Needed for mapping to FHIR."/>
      <min value="0"/>
      <max value="*"/>
      <base>
        <path value="shr-core-ExpectedPerformer-model"/>
        <min value="0"/>
        <max value="*"/>
      </base>
      <mustSupport value="false"/>
      <isModifier value="false"/>
      <isSummary value="false"/>
    </element>
    <element id="shr-core-ExpectedPerformer-model.value[x]">
      <path value="shr-core-ExpectedPerformer-model.value[x]"/>
      <short value="Choice of types representing a choice of Person (in any role) or organization as recipient of a request. Needed for mapping to FHIR."/>
      <definition value="Choice of types representing a choice of Person (in any role) or organization as recipient of a request. Needed for mapping to FHIR."/>
      <min value="1"/>
      <max value="1"/>
      <base>
        <path value="shr-core-ExpectedPerformer-model.value[x]"/>
        <min value="1"/>
        <max value="1"/>
      </base>
      <type>
        <code value="Reference"/>
        <targetProfile value="http://hl7.org/fhir/us/shr/StructureDefinition/shr-core-Patient-model"/>
      </type>
      <type>
        <code value="Reference"/>
        <targetProfile value="http://hl7.org/fhir/us/shr/StructureDefinition/shr-core-Practitioner-model"/>
      </type>
      <type>
        <code value="Reference"/>
        <targetProfile value="http://hl7.org/fhir/us/shr/StructureDefinition/shr-core-RelatedPerson-model"/>
      </type>
      <type>
        <code value="Reference"/>
        <targetProfile value="http://hl7.org/fhir/us/shr/StructureDefinition/shr-core-Organization-model"/>
      </type>
      <type>
        <code value="Reference"/>
        <targetProfile value="http://hl7.org/fhir/us/shr/StructureDefinition/shr-core-Device-model"/>
      </type>
      <mustSupport value="false"/>
      <isModifier value="false"/>
      <isSummary value="false"/>
    </element>
  </snapshot>
  <differential>
    <element id="shr-core-ExpectedPerformer-model">
      <path value="shr-core-ExpectedPerformer-model"/>
      <definition value="A choice of Person (in any role) or organization as recipient of a request. Needed for mapping to FHIR."/>
      <min value="0"/>
      <max value="*"/>
      <base>
        <path value="shr-core-ExpectedPerformer-model"/>
        <min value="0"/>
        <max value="*"/>
      </base>
      <mustSupport value="false"/>
      <isModifier value="false"/>
      <isSummary value="false"/>
    </element>
    <element id="shr-core-ExpectedPerformer-model.value[x]">
      <path value="shr-core-ExpectedPerformer-model.value[x]"/>
      <short value="Choice of types representing a choice of Person (in any role) or organization as recipient of a request. Needed for mapping to FHIR."/>
      <definition value="Choice of types representing a choice of Person (in any role) or organization as recipient of a request. Needed for mapping to FHIR."/>
      <min value="1"/>
      <max value="1"/>
      <base>
        <path value="shr-core-ExpectedPerformer-model.value[x]"/>
        <min value="1"/>
        <max value="1"/>
      </base>
      <type>
        <code value="Reference"/>
        <targetProfile value="http://hl7.org/fhir/us/shr/StructureDefinition/shr-core-Patient-model"/>
      </type>
      <type>
        <code value="Reference"/>
        <targetProfile value="http://hl7.org/fhir/us/shr/StructureDefinition/shr-core-Practitioner-model"/>
      </type>
      <type>
        <code value="Reference"/>
        <targetProfile value="http://hl7.org/fhir/us/shr/StructureDefinition/shr-core-RelatedPerson-model"/>
      </type>
      <type>
        <code value="Reference"/>
        <targetProfile value="http://hl7.org/fhir/us/shr/StructureDefinition/shr-core-Organization-model"/>
      </type>
      <type>
        <code value="Reference"/>
        <targetProfile value="http://hl7.org/fhir/us/shr/StructureDefinition/shr-core-Device-model"/>
      </type>
      <mustSupport value="false"/>
      <isModifier value="false"/>
      <isSummary value="false"/>
    </element>
  </differential>
</StructureDefinition>