<?xml version="1.0" encoding="UTF-8"?>

<StructureDefinition xmlns="http://hl7.org/fhir">
  <id value="shr-core-SimpleQuantity-model"/>
  <text>
    <status value="generated"/><div xmlns="http://www.w3.org/1999/xhtml">
  <p><b>SimpleQuantity Logical Model</b></p>
  <p>A quantity where the comparator is not used, as defined in FHIR</p>
</div>
  </text>
  <url value="http://hl7.org/fhir/us/shr/StructureDefinition/shr-core-SimpleQuantity-model"/>
  <identifier>
    <system value="http://hl7.org/fhir/us/sdoh"/>
    <value value="shr.core.SimpleQuantity"/>
  </identifier>
  <version value="0.1.0"/>
  <name value="SimpleQuantity"/>
  <title value="shr-core-SimpleQuantity"/>
  <status value="draft"/>
  <date value="2019-04-01T00:00:00-04:00"/>
  <publisher value="MITRE Corporation"/>
  <contact>
    <telecom>
      <system value="url"/>
      <value value="http://standardhealthrecord.org"/>
    </telecom>
  </contact>
  <description value="A quantity where the comparator is not used, as defined in FHIR"/>
  <kind value="logical"/>
  <abstract value="false"/>
  <type value="shr-core-SimpleQuantity-model"/>
  <baseDefinition value="http://hl7.org/fhir/StructureDefinition/Element"/>
  <derivation value="specialization"/>
  <snapshot>
    <element id="shr-core-SimpleQuantity-model">
      <path value="shr-core-SimpleQuantity-model"/>
      <definition value="A quantity where the comparator is not used, as defined in FHIR"/>
      <min value="0"/>
      <max value="*"/>
      <base>
        <path value="shr-core-SimpleQuantity-model"/>
        <min value="0"/>
        <max value="*"/>
      </base>
      <mustSupport value="false"/>
      <isModifier value="false"/>
      <isSummary value="false"/>
    </element>
    <element id="shr-core-SimpleQuantity-model.number">
      <path value="shr-core-SimpleQuantity-model.number"/>
      <short value="A decimal value."/>
      <definition value="A decimal value."/>
      <min value="0"/>
      <max value="1"/>
      <base>
        <path value="shr-core-SimpleQuantity-model.number"/>
        <min value="0"/>
        <max value="1"/>
      </base>
      <type>
        <code value="decimal"/>
      </type>
      <mustSupport value="false"/>
      <isModifier value="false"/>
      <isSummary value="false"/>
    </element>
    <element id="shr-core-SimpleQuantity-model.comparator">
      <path value="shr-core-SimpleQuantity-model.comparator"/>
      <short value="A code indicated if the value represents an upper or lower bound"/>
      <definition value="A code indicated if the value represents an upper or lower bound"/>
      <min value="0"/>
      <max value="0"/>
      <base>
        <path value="shr-core-SimpleQuantity-model.comparator"/>
        <min value="0"/>
        <max value="0"/>
      </base>
      <type>
        <code value="Coding"/>
      </type>
      <mustSupport value="false"/>
      <isModifier value="false"/>
      <isSummary value="false"/>
      <binding>
        <strength value="required"/>
        <valueSetReference>
          <reference value="http://hl7.org/fhir/ValueSet/quantity-comparator"/>
        </valueSetReference>
      </binding>
    </element>
    <element id="shr-core-SimpleQuantity-model.units">
      <path value="shr-core-SimpleQuantity-model.units"/>
      <code>
        <system value="http://ncimeta.nci.nih.gov"/>
        <code value="C0805701"/>
      </code>
      <short value="The unit of measure of the quantity."/>
      <definition value="The unit of measure of the quantity."/>
      <min value="0"/>
      <max value="1"/>
      <base>
        <path value="shr-core-SimpleQuantity-model.units"/>
        <min value="0"/>
        <max value="1"/>
      </base>
      <type>
        <code value="Coding"/>
      </type>
      <mustSupport value="false"/>
      <isModifier value="false"/>
      <isSummary value="false"/>
      <binding>
        <strength value="preferred"/>
        <valueSetReference>
          <reference value="http://hl7.org/fhir/us/sdoh/shr/core/vs/AllUnitsVS"/>
        </valueSetReference>
      </binding>
    </element>
  </snapshot>
  <differential>
    <element id="shr-core-SimpleQuantity-model">
      <path value="shr-core-SimpleQuantity-model"/>
      <definition value="A quantity where the comparator is not used, as defined in FHIR"/>
      <min value="0"/>
      <max value="*"/>
      <base>
        <path value="shr-core-SimpleQuantity-model"/>
        <min value="0"/>
        <max value="*"/>
      </base>
      <mustSupport value="false"/>
      <isModifier value="false"/>
      <isSummary value="false"/>
    </element>
    <element id="shr-core-SimpleQuantity-model.number">
      <path value="shr-core-SimpleQuantity-model.number"/>
      <short value="A decimal value."/>
      <definition value="A decimal value."/>
      <min value="0"/>
      <max value="1"/>
      <base>
        <path value="shr-core-SimpleQuantity-model.number"/>
        <min value="0"/>
        <max value="1"/>
      </base>
      <type>
        <code value="decimal"/>
      </type>
      <mustSupport value="false"/>
      <isModifier value="false"/>
      <isSummary value="false"/>
    </element>
    <element id="shr-core-SimpleQuantity-model.comparator">
      <path value="shr-core-SimpleQuantity-model.comparator"/>
      <short value="A code indicated if the value represents an upper or lower bound"/>
      <definition value="A code indicated if the value represents an upper or lower bound"/>
      <min value="0"/>
      <max value="0"/>
      <base>
        <path value="shr-core-SimpleQuantity-model.comparator"/>
        <min value="0"/>
        <max value="0"/>
      </base>
      <type>
        <code value="Coding"/>
      </type>
      <mustSupport value="false"/>
      <isModifier value="false"/>
      <isSummary value="false"/>
      <binding>
        <strength value="required"/>
        <valueSetReference>
          <reference value="http://hl7.org/fhir/ValueSet/quantity-comparator"/>
        </valueSetReference>
      </binding>
    </element>
    <element id="shr-core-SimpleQuantity-model.units">
      <path value="shr-core-SimpleQuantity-model.units"/>
      <code>
        <system value="http://ncimeta.nci.nih.gov"/>
        <code value="C0805701"/>
      </code>
      <short value="The unit of measure of the quantity."/>
      <definition value="The unit of measure of the quantity."/>
      <min value="0"/>
      <max value="1"/>
      <base>
        <path value="shr-core-SimpleQuantity-model.units"/>
        <min value="0"/>
        <max value="1"/>
      </base>
      <type>
        <code value="Coding"/>
      </type>
      <mustSupport value="false"/>
      <isModifier value="false"/>
      <isSummary value="false"/>
      <binding>
        <strength value="preferred"/>
        <valueSetReference>
          <reference value="http://hl7.org/fhir/us/sdoh/shr/core/vs/AllUnitsVS"/>
        </valueSetReference>
      </binding>
    </element>
  </differential>
</StructureDefinition>