<?xml version="1.0" encoding="UTF-8"?>

<StructureDefinition xmlns="http://hl7.org/fhir">
  <id value="shr-core-DosageMethod-model"/>
  <text>
    <status value="generated"/><div xmlns="http://www.w3.org/1999/xhtml">
  <p><b>DosageMethod Logical Model</b></p>
  <p>Technique for administering medication.</p>
</div>
  </text>
  <url value="http://hl7.org/fhir/us/shr/StructureDefinition/shr-core-DosageMethod-model"/>
  <identifier>
    <system value="http://hl7.org/fhir/us/sdoh"/>
    <value value="shr.core.DosageMethod"/>
  </identifier>
  <version value="0.1.0"/>
  <name value="DosageMethod"/>
  <title value="shr-core-DosageMethod"/>
  <status value="draft"/>
  <date value="2019-04-01T00:00:00-04:00"/>
  <publisher value="MITRE Corporation"/>
  <contact>
    <telecom>
      <system value="url"/>
      <value value="http://standardhealthrecord.org"/>
    </telecom>
  </contact>
  <description value="Technique for administering medication."/>
  <keyword>
    <system value="http://ncimeta.nci.nih.gov"/>
    <code value="C1547585"/>
  </keyword>
  <kind value="logical"/>
  <abstract value="false"/>
  <type value="shr-core-DosageMethod-model"/>
  <baseDefinition value="http://hl7.org/fhir/StructureDefinition/Element"/>
  <derivation value="specialization"/>
  <snapshot>
    <element id="shr-core-DosageMethod-model">
      <path value="shr-core-DosageMethod-model"/>
      <definition value="Technique for administering medication."/>
      <min value="0"/>
      <max value="*"/>
      <base>
        <path value="shr-core-DosageMethod-model"/>
        <min value="0"/>
        <max value="*"/>
      </base>
      <mustSupport value="false"/>
      <isModifier value="false"/>
      <isSummary value="false"/>
    </element>
    <element id="shr-core-DosageMethod-model.value">
      <path value="shr-core-DosageMethod-model.value"/>
      <short value="Code representing technique for administering medication."/>
      <definition value="Code representing technique for administering medication."/>
      <min value="1"/>
      <max value="1"/>
      <base>
        <path value="shr-core-DosageMethod-model.value"/>
        <min value="1"/>
        <max value="1"/>
      </base>
      <type>
        <code value="Coding"/>
      </type>
      <mustSupport value="false"/>
      <isModifier value="false"/>
      <isSummary value="false"/>
    </element>
  </snapshot>
  <differential>
    <element id="shr-core-DosageMethod-model">
      <path value="shr-core-DosageMethod-model"/>
      <definition value="Technique for administering medication."/>
      <min value="0"/>
      <max value="*"/>
      <base>
        <path value="shr-core-DosageMethod-model"/>
        <min value="0"/>
        <max value="*"/>
      </base>
      <mustSupport value="false"/>
      <isModifier value="false"/>
      <isSummary value="false"/>
    </element>
    <element id="shr-core-DosageMethod-model.value">
      <path value="shr-core-DosageMethod-model.value"/>
      <short value="Code representing technique for administering medication."/>
      <definition value="Code representing technique for administering medication."/>
      <min value="1"/>
      <max value="1"/>
      <base>
        <path value="shr-core-DosageMethod-model.value"/>
        <min value="1"/>
        <max value="1"/>
      </base>
      <type>
        <code value="Coding"/>
      </type>
      <mustSupport value="false"/>
      <isModifier value="false"/>
      <isSummary value="false"/>
    </element>
  </differential>
</StructureDefinition>