<?xml version="1.0" encoding="UTF-8"?>

<StructureDefinition xmlns="http://hl7.org/fhir">
  <id value="shr-core-DailyLifeEvent-model"/>
  <text>
    <status value="generated"/><div xmlns="http://www.w3.org/1999/xhtml">
  <p><b>DailyLifeEvent Logical Model</b></p>
  <p>A quotidian landmark, such as rising, mealtime, or bedtime, when an event should take place.</p>
</div>
  </text>
  <url value="http://hl7.org/fhir/us/shr/StructureDefinition/shr-core-DailyLifeEvent-model"/>
  <identifier>
    <system value="http://hl7.org/fhir/us/sdoh"/>
    <value value="shr.core.DailyLifeEvent"/>
  </identifier>
  <version value="0.1.0"/>
  <name value="DailyLifeEvent"/>
  <title value="shr-core-DailyLifeEvent"/>
  <status value="draft"/>
  <date value="2019-04-01T00:00:00-04:00"/>
  <publisher value="MITRE Corporation"/>
  <contact>
    <telecom>
      <system value="url"/>
      <value value="http://standardhealthrecord.org"/>
    </telecom>
  </contact>
  <description value="A quotidian landmark, such as rising, mealtime, or bedtime, when an event should take place."/>
  <kind value="logical"/>
  <abstract value="false"/>
  <type value="shr-core-DailyLifeEvent-model"/>
  <baseDefinition value="http://hl7.org/fhir/StructureDefinition/Element"/>
  <derivation value="specialization"/>
  <snapshot>
    <element id="shr-core-DailyLifeEvent-model">
      <path value="shr-core-DailyLifeEvent-model"/>
      <definition value="A quotidian landmark, such as rising, mealtime, or bedtime, when an event should take place."/>
      <min value="0"/>
      <max value="*"/>
      <base>
        <path value="shr-core-DailyLifeEvent-model"/>
        <min value="0"/>
        <max value="*"/>
      </base>
      <mustSupport value="false"/>
      <isModifier value="false"/>
      <isSummary value="false"/>
    </element>
    <element id="shr-core-DailyLifeEvent-model.value">
      <path value="shr-core-DailyLifeEvent-model.value"/>
      <short value="Code representing a quotidian landmark, such as rising, mealtime, or bedtime, when an event should take place."/>
      <definition value="Code representing a quotidian landmark, such as rising, mealtime, or bedtime, when an event should take place."/>
      <min value="1"/>
      <max value="1"/>
      <base>
        <path value="shr-core-DailyLifeEvent-model.value"/>
        <min value="1"/>
        <max value="1"/>
      </base>
      <type>
        <code value="Coding"/>
      </type>
      <mustSupport value="false"/>
      <isModifier value="false"/>
      <isSummary value="false"/>
      <binding>
        <strength value="required"/>
        <valueSetReference>
          <reference value="http://hl7.org/fhir/ValueSet/event-timing"/>
        </valueSetReference>
      </binding>
    </element>
  </snapshot>
  <differential>
    <element id="shr-core-DailyLifeEvent-model">
      <path value="shr-core-DailyLifeEvent-model"/>
      <definition value="A quotidian landmark, such as rising, mealtime, or bedtime, when an event should take place."/>
      <min value="0"/>
      <max value="*"/>
      <base>
        <path value="shr-core-DailyLifeEvent-model"/>
        <min value="0"/>
        <max value="*"/>
      </base>
      <mustSupport value="false"/>
      <isModifier value="false"/>
      <isSummary value="false"/>
    </element>
    <element id="shr-core-DailyLifeEvent-model.value">
      <path value="shr-core-DailyLifeEvent-model.value"/>
      <short value="Code representing a quotidian landmark, such as rising, mealtime, or bedtime, when an event should take place."/>
      <definition value="Code representing a quotidian landmark, such as rising, mealtime, or bedtime, when an event should take place."/>
      <min value="1"/>
      <max value="1"/>
      <base>
        <path value="shr-core-DailyLifeEvent-model.value"/>
        <min value="1"/>
        <max value="1"/>
      </base>
      <type>
        <code value="Coding"/>
      </type>
      <mustSupport value="false"/>
      <isModifier value="false"/>
      <isSummary value="false"/>
      <binding>
        <strength value="required"/>
        <valueSetReference>
          <reference value="http://hl7.org/fhir/ValueSet/event-timing"/>
        </valueSetReference>
      </binding>
    </element>
  </differential>
</StructureDefinition>