<?xml version="1.0" encoding="UTF-8"?>

<StructureDefinition xmlns="http://hl7.org/fhir">
  <id value="shr-core-NumberOfRefillsAllowed-model"/>
  <text>
    <status value="generated"/><div xmlns="http://www.w3.org/1999/xhtml">
  <p><b>NumberOfRefillsAllowed Logical Model</b></p>
  <p>The maximum number of times the dispense can be repeated. For medication dispense, this integer does NOT include the original order dispense. This means that if an order indicates dispense 30 tablets plus 3 repeats, then the order can be dispensed a total of 4 times and the patient can receive a total of 120 tablets.</p>
</div>
  </text>
  <url value="http://hl7.org/fhir/us/shr/StructureDefinition/shr-core-NumberOfRefillsAllowed-model"/>
  <identifier>
    <system value="http://hl7.org/fhir/us/sdoh"/>
    <value value="shr.core.NumberOfRefillsAllowed"/>
  </identifier>
  <version value="0.1.0"/>
  <name value="NumberOfRefillsAllowed"/>
  <title value="shr-core-NumberOfRefillsAllowed"/>
  <status value="draft"/>
  <date value="2019-04-01T00:00:00-04:00"/>
  <publisher value="MITRE Corporation"/>
  <contact>
    <telecom>
      <system value="url"/>
      <value value="http://standardhealthrecord.org"/>
    </telecom>
  </contact>
  <description value="The maximum number of times the dispense can be repeated. For medication dispense, this integer does NOT include the original order dispense. This means that if an order indicates dispense 30 tablets plus 3 repeats, then the order can be dispensed a total of 4 times and the patient can receive a total of 120 tablets."/>
  <kind value="logical"/>
  <abstract value="false"/>
  <type value="shr-core-NumberOfRefillsAllowed-model"/>
  <baseDefinition value="http://hl7.org/fhir/StructureDefinition/Element"/>
  <derivation value="specialization"/>
  <snapshot>
    <element id="shr-core-NumberOfRefillsAllowed-model">
      <path value="shr-core-NumberOfRefillsAllowed-model"/>
      <definition value="The maximum number of times the dispense can be repeated. For medication dispense, this integer does NOT include the original order dispense. This means that if an order indicates dispense 30 tablets plus 3 repeats, then the order can be dispensed a total of 4 times and the patient can receive a total of 120 tablets."/>
      <min value="0"/>
      <max value="*"/>
      <base>
        <path value="shr-core-NumberOfRefillsAllowed-model"/>
        <min value="0"/>
        <max value="*"/>
      </base>
      <mustSupport value="false"/>
      <isModifier value="false"/>
      <isSummary value="false"/>
    </element>
    <element id="shr-core-NumberOfRefillsAllowed-model.value">
      <path value="shr-core-NumberOfRefillsAllowed-model.value"/>
      <short value="PositiveInt representing the maximum number of times the dispense can be repeated. For medication dispense, this integer does NOT include the original order dispense. This means that if an order indicates dispense 30 tablets plus 3 repeats, then the order can be dispensed a total of 4 times and the patient can receive a total of 120 tablets."/>
      <definition value="PositiveInt representing the maximum number of times the dispense can be repeated. For medication dispense, this integer does NOT include the original order dispense. This means that if an order indicates dispense 30 tablets plus 3 repeats, then the order can be dispensed a total of 4 times and the patient can receive a total of 120 tablets."/>
      <min value="1"/>
      <max value="1"/>
      <base>
        <path value="shr-core-NumberOfRefillsAllowed-model.value"/>
        <min value="1"/>
        <max value="1"/>
      </base>
      <type>
        <code value="positiveInt"/>
      </type>
      <mustSupport value="false"/>
      <isModifier value="false"/>
      <isSummary value="false"/>
    </element>
  </snapshot>
  <differential>
    <element id="shr-core-NumberOfRefillsAllowed-model">
      <path value="shr-core-NumberOfRefillsAllowed-model"/>
      <definition value="The maximum number of times the dispense can be repeated. For medication dispense, this integer does NOT include the original order dispense. This means that if an order indicates dispense 30 tablets plus 3 repeats, then the order can be dispensed a total of 4 times and the patient can receive a total of 120 tablets."/>
      <min value="0"/>
      <max value="*"/>
      <base>
        <path value="shr-core-NumberOfRefillsAllowed-model"/>
        <min value="0"/>
        <max value="*"/>
      </base>
      <mustSupport value="false"/>
      <isModifier value="false"/>
      <isSummary value="false"/>
    </element>
    <element id="shr-core-NumberOfRefillsAllowed-model.value">
      <path value="shr-core-NumberOfRefillsAllowed-model.value"/>
      <short value="PositiveInt representing the maximum number of times the dispense can be repeated. For medication dispense, this integer does NOT include the original order dispense. This means that if an order indicates dispense 30 tablets plus 3 repeats, then the order can be dispensed a total of 4 times and the patient can receive a total of 120 tablets."/>
      <definition value="PositiveInt representing the maximum number of times the dispense can be repeated. For medication dispense, this integer does NOT include the original order dispense. This means that if an order indicates dispense 30 tablets plus 3 repeats, then the order can be dispensed a total of 4 times and the patient can receive a total of 120 tablets."/>
      <min value="1"/>
      <max value="1"/>
      <base>
        <path value="shr-core-NumberOfRefillsAllowed-model.value"/>
        <min value="1"/>
        <max value="1"/>
      </base>
      <type>
        <code value="positiveInt"/>
      </type>
      <mustSupport value="false"/>
      <isModifier value="false"/>
      <isSummary value="false"/>
    </element>
  </differential>
</StructureDefinition>