<?xml version="1.0" encoding="UTF-8"?>

<StructureDefinition xmlns="http://hl7.org/fhir">
  <id value="shr-core-Ethnicity-model"/>
  <text>
    <status value="generated"/><div xmlns="http://www.w3.org/1999/xhtml">
  <p><b>Ethnicity Logical Model</b></p>
  <p>Indicator of Hispanic or Latino origin.</p>
</div>
  </text>
  <url value="http://hl7.org/fhir/us/shr/StructureDefinition/shr-core-Ethnicity-model"/>
  <identifier>
    <system value="http://hl7.org/fhir/us/sdoh"/>
    <value value="shr.core.Ethnicity"/>
  </identifier>
  <version value="0.1.0"/>
  <name value="Ethnicity"/>
  <title value="shr-core-Ethnicity"/>
  <status value="draft"/>
  <date value="2019-04-01T00:00:00-04:00"/>
  <publisher value="MITRE Corporation"/>
  <contact>
    <telecom>
      <system value="url"/>
      <value value="http://standardhealthrecord.org"/>
    </telecom>
  </contact>
  <description value="Indicator of Hispanic or Latino origin."/>
  <keyword>
    <system value="http://ncimeta.nci.nih.gov"/>
    <code value="C0015031"/>
  </keyword>
  <kind value="logical"/>
  <abstract value="false"/>
  <type value="shr-core-Ethnicity-model"/>
  <baseDefinition value="http://hl7.org/fhir/StructureDefinition/Element"/>
  <derivation value="specialization"/>
  <snapshot>
    <element id="shr-core-Ethnicity-model">
      <path value="shr-core-Ethnicity-model"/>
      <definition value="Indicator of Hispanic or Latino origin."/>
      <min value="0"/>
      <max value="*"/>
      <base>
        <path value="shr-core-Ethnicity-model"/>
        <min value="0"/>
        <max value="*"/>
      </base>
      <mustSupport value="false"/>
      <isModifier value="false"/>
      <isSummary value="false"/>
    </element>
    <element id="shr-core-Ethnicity-model.ethnicityCode">
      <path value="shr-core-Ethnicity-model.ethnicityCode"/>
      <short value="A code for the person&#39;s ethnicity"/>
      <definition value="A code for the person&#39;s ethnicity"/>
      <min value="1"/>
      <max value="1"/>
      <base>
        <path value="shr-core-Ethnicity-model.ethnicityCode"/>
        <min value="1"/>
        <max value="1"/>
      </base>
      <type>
        <code value="Coding"/>
      </type>
      <mustSupport value="false"/>
      <isModifier value="false"/>
      <isSummary value="false"/>
      <binding>
        <strength value="required"/>
        <valueSetReference>
          <reference value="http://hl7.org/fhir/us/core/ValueSet/omb-ethnicity"/>
        </valueSetReference>
      </binding>
    </element>
    <element id="shr-core-Ethnicity-model.ethnicityDetail">
      <path value="shr-core-Ethnicity-model.ethnicityDetail"/>
      <short value="Additional description of ethnicity."/>
      <definition value="Additional description of ethnicity."/>
      <min value="0"/>
      <max value="*"/>
      <base>
        <path value="shr-core-Ethnicity-model.ethnicityDetail"/>
        <min value="0"/>
        <max value="*"/>
      </base>
      <type>
        <code value="Coding"/>
      </type>
      <mustSupport value="false"/>
      <isModifier value="false"/>
      <isSummary value="false"/>
      <binding>
        <strength value="required"/>
        <valueSetReference>
          <reference value="http://hl7.org/fhir/us/core/ValueSet/detailed-ethnicity"/>
        </valueSetReference>
      </binding>
    </element>
  </snapshot>
  <differential>
    <element id="shr-core-Ethnicity-model">
      <path value="shr-core-Ethnicity-model"/>
      <definition value="Indicator of Hispanic or Latino origin."/>
      <min value="0"/>
      <max value="*"/>
      <base>
        <path value="shr-core-Ethnicity-model"/>
        <min value="0"/>
        <max value="*"/>
      </base>
      <mustSupport value="false"/>
      <isModifier value="false"/>
      <isSummary value="false"/>
    </element>
    <element id="shr-core-Ethnicity-model.ethnicityCode">
      <path value="shr-core-Ethnicity-model.ethnicityCode"/>
      <short value="A code for the person&#39;s ethnicity"/>
      <definition value="A code for the person&#39;s ethnicity"/>
      <min value="1"/>
      <max value="1"/>
      <base>
        <path value="shr-core-Ethnicity-model.ethnicityCode"/>
        <min value="1"/>
        <max value="1"/>
      </base>
      <type>
        <code value="Coding"/>
      </type>
      <mustSupport value="false"/>
      <isModifier value="false"/>
      <isSummary value="false"/>
      <binding>
        <strength value="required"/>
        <valueSetReference>
          <reference value="http://hl7.org/fhir/us/core/ValueSet/omb-ethnicity"/>
        </valueSetReference>
      </binding>
    </element>
    <element id="shr-core-Ethnicity-model.ethnicityDetail">
      <path value="shr-core-Ethnicity-model.ethnicityDetail"/>
      <short value="Additional description of ethnicity."/>
      <definition value="Additional description of ethnicity."/>
      <min value="0"/>
      <max value="*"/>
      <base>
        <path value="shr-core-Ethnicity-model.ethnicityDetail"/>
        <min value="0"/>
        <max value="*"/>
      </base>
      <type>
        <code value="Coding"/>
      </type>
      <mustSupport value="false"/>
      <isModifier value="false"/>
      <isSummary value="false"/>
      <binding>
        <strength value="required"/>
        <valueSetReference>
          <reference value="http://hl7.org/fhir/us/core/ValueSet/detailed-ethnicity"/>
        </valueSetReference>
      </binding>
    </element>
  </differential>
</StructureDefinition>