<?xml version="1.0" encoding="UTF-8"?>

<StructureDefinition xmlns="http://hl7.org/fhir">
  <id value="shr-core-GroupCharacteristic-model"/>
  <text>
    <status value="generated"/><div xmlns="http://www.w3.org/1999/xhtml">
  <p><b>GroupCharacteristic Logical Model</b></p>
  <p>An inclusion or exclusion criterion as part of defining a cohort.</p>
</div>
  </text>
  <url value="http://hl7.org/fhir/us/shr/StructureDefinition/shr-core-GroupCharacteristic-model"/>
  <identifier>
    <system value="http://hl7.org/fhir/us/sdoh"/>
    <value value="shr.core.GroupCharacteristic"/>
  </identifier>
  <version value="0.1.0"/>
  <name value="GroupCharacteristic"/>
  <title value="shr-core-GroupCharacteristic"/>
  <status value="draft"/>
  <date value="2019-04-01T00:00:00-04:00"/>
  <publisher value="MITRE Corporation"/>
  <contact>
    <telecom>
      <system value="url"/>
      <value value="http://standardhealthrecord.org"/>
    </telecom>
  </contact>
  <description value="An inclusion or exclusion criterion as part of defining a cohort."/>
  <keyword>
    <system value="http://ncimeta.nci.nih.gov"/>
    <code value="C0599755"/>
  </keyword>
  <kind value="logical"/>
  <abstract value="false"/>
  <type value="shr-core-GroupCharacteristic-model"/>
  <baseDefinition value="http://hl7.org/fhir/StructureDefinition/Element"/>
  <derivation value="specialization"/>
  <snapshot>
    <element id="shr-core-GroupCharacteristic-model">
      <path value="shr-core-GroupCharacteristic-model"/>
      <definition value="An inclusion or exclusion criterion as part of defining a cohort."/>
      <min value="0"/>
      <max value="*"/>
      <base>
        <path value="shr-core-GroupCharacteristic-model"/>
        <min value="0"/>
        <max value="*"/>
      </base>
      <mustSupport value="false"/>
      <isModifier value="false"/>
      <isSummary value="false"/>
    </element>
    <element id="shr-core-GroupCharacteristic-model.code">
      <path value="shr-core-GroupCharacteristic-model.code"/>
      <short value="The main type identifier for a lab, procedure, condition, etc., usually drawn from a controlled vocabulary."/>
      <definition value="The main type identifier for a lab, procedure, condition, etc., usually drawn from a controlled vocabulary."/>
      <min value="1"/>
      <max value="1"/>
      <base>
        <path value="shr-core-GroupCharacteristic-model.code"/>
        <min value="1"/>
        <max value="1"/>
      </base>
      <type>
        <code value="Coding"/>
      </type>
      <mustSupport value="false"/>
      <isModifier value="false"/>
      <isSummary value="false"/>
    </element>
    <element id="shr-core-GroupCharacteristic-model.groupCharacteristicValue[x]">
      <path value="shr-core-GroupCharacteristic-model.groupCharacteristicValue[x]"/>
      <short value="The value or range of the characteristic."/>
      <definition value="The value or range of the characteristic."/>
      <min value="0"/>
      <max value="1"/>
      <base>
        <path value="shr-core-GroupCharacteristic-model.groupCharacteristicValue[x]"/>
        <min value="0"/>
        <max value="1"/>
      </base>
      <type>
        <code value="boolean"/>
      </type>
      <type>
        <code value="http://hl7.org/fhir/us/shr/StructureDefinition/shr-core-Quantity-model"/>
      </type>
      <type>
        <code value="http://hl7.org/fhir/us/shr/StructureDefinition/shr-core-Range-model"/>
      </type>
      <mustSupport value="false"/>
      <isModifier value="false"/>
      <isSummary value="false"/>
    </element>
    <element id="shr-core-GroupCharacteristic-model.excludeFlag">
      <path value="shr-core-GroupCharacteristic-model.excludeFlag"/>
      <code>
        <system value="http://ncimeta.nci.nih.gov"/>
        <code value="C0680251"/>
      </code>
      <short value="If true, exclude the subjects that match the criterion."/>
      <definition value="If true, exclude the subjects that match the criterion."/>
      <min value="1"/>
      <max value="1"/>
      <base>
        <path value="shr-core-GroupCharacteristic-model.excludeFlag"/>
        <min value="1"/>
        <max value="1"/>
      </base>
      <type>
        <code value="boolean"/>
      </type>
      <mustSupport value="false"/>
      <isModifier value="false"/>
      <isSummary value="false"/>
    </element>
    <element id="shr-core-GroupCharacteristic-model.timePeriod">
      <path value="shr-core-GroupCharacteristic-model.timePeriod"/>
      <code>
        <system value="http://ncimeta.nci.nih.gov"/>
        <code value="C1948053"/>
      </code>
      <short value="A period of time defined by a start and end time, date, or year."/>
      <definition value="A period of time defined by a start and end time, date, or year.&#xA;If the start element is missing, the start of the period is not known. If the end element is missing, it means that the period is ongoing, or the start may be in the past, and the end date in the future, which means that period is expected/planned to end at the specified time. The end value includes any matching date/time. For example, the period 2011-05-23 to 2011-05-27 includes all the times from the start of the 23rd May through to the end of the 27th of May."/>
      <min value="0"/>
      <max value="1"/>
      <base>
        <path value="shr-core-GroupCharacteristic-model.timePeriod"/>
        <min value="0"/>
        <max value="1"/>
      </base>
      <type>
        <code value="http://hl7.org/fhir/us/shr/StructureDefinition/shr-core-TimePeriod-model"/>
      </type>
      <mustSupport value="false"/>
      <isModifier value="false"/>
      <isSummary value="false"/>
    </element>
  </snapshot>
  <differential>
    <element id="shr-core-GroupCharacteristic-model">
      <path value="shr-core-GroupCharacteristic-model"/>
      <definition value="An inclusion or exclusion criterion as part of defining a cohort."/>
      <min value="0"/>
      <max value="*"/>
      <base>
        <path value="shr-core-GroupCharacteristic-model"/>
        <min value="0"/>
        <max value="*"/>
      </base>
      <mustSupport value="false"/>
      <isModifier value="false"/>
      <isSummary value="false"/>
    </element>
    <element id="shr-core-GroupCharacteristic-model.code">
      <path value="shr-core-GroupCharacteristic-model.code"/>
      <short value="The main type identifier for a lab, procedure, condition, etc., usually drawn from a controlled vocabulary."/>
      <definition value="The main type identifier for a lab, procedure, condition, etc., usually drawn from a controlled vocabulary."/>
      <min value="1"/>
      <max value="1"/>
      <base>
        <path value="shr-core-GroupCharacteristic-model.code"/>
        <min value="1"/>
        <max value="1"/>
      </base>
      <type>
        <code value="Coding"/>
      </type>
      <mustSupport value="false"/>
      <isModifier value="false"/>
      <isSummary value="false"/>
    </element>
    <element id="shr-core-GroupCharacteristic-model.groupCharacteristicValue[x]">
      <path value="shr-core-GroupCharacteristic-model.groupCharacteristicValue[x]"/>
      <short value="The value or range of the characteristic."/>
      <definition value="The value or range of the characteristic."/>
      <min value="0"/>
      <max value="1"/>
      <base>
        <path value="shr-core-GroupCharacteristic-model.groupCharacteristicValue[x]"/>
        <min value="0"/>
        <max value="1"/>
      </base>
      <type>
        <code value="boolean"/>
      </type>
      <type>
        <code value="http://hl7.org/fhir/us/shr/StructureDefinition/shr-core-Quantity-model"/>
      </type>
      <type>
        <code value="http://hl7.org/fhir/us/shr/StructureDefinition/shr-core-Range-model"/>
      </type>
      <mustSupport value="false"/>
      <isModifier value="false"/>
      <isSummary value="false"/>
    </element>
    <element id="shr-core-GroupCharacteristic-model.excludeFlag">
      <path value="shr-core-GroupCharacteristic-model.excludeFlag"/>
      <code>
        <system value="http://ncimeta.nci.nih.gov"/>
        <code value="C0680251"/>
      </code>
      <short value="If true, exclude the subjects that match the criterion."/>
      <definition value="If true, exclude the subjects that match the criterion."/>
      <min value="1"/>
      <max value="1"/>
      <base>
        <path value="shr-core-GroupCharacteristic-model.excludeFlag"/>
        <min value="1"/>
        <max value="1"/>
      </base>
      <type>
        <code value="boolean"/>
      </type>
      <mustSupport value="false"/>
      <isModifier value="false"/>
      <isSummary value="false"/>
    </element>
    <element id="shr-core-GroupCharacteristic-model.timePeriod">
      <path value="shr-core-GroupCharacteristic-model.timePeriod"/>
      <code>
        <system value="http://ncimeta.nci.nih.gov"/>
        <code value="C1948053"/>
      </code>
      <short value="A period of time defined by a start and end time, date, or year."/>
      <definition value="A period of time defined by a start and end time, date, or year.&#xA;If the start element is missing, the start of the period is not known. If the end element is missing, it means that the period is ongoing, or the start may be in the past, and the end date in the future, which means that period is expected/planned to end at the specified time. The end value includes any matching date/time. For example, the period 2011-05-23 to 2011-05-27 includes all the times from the start of the 23rd May through to the end of the 27th of May."/>
      <min value="0"/>
      <max value="1"/>
      <base>
        <path value="shr-core-GroupCharacteristic-model.timePeriod"/>
        <min value="0"/>
        <max value="1"/>
      </base>
      <type>
        <code value="http://hl7.org/fhir/us/shr/StructureDefinition/shr-core-TimePeriod-model"/>
      </type>
      <mustSupport value="false"/>
      <isModifier value="false"/>
      <isSummary value="false"/>
    </element>
  </differential>
</StructureDefinition>