<?xml version="1.0" encoding="UTF-8"?>

<StructureDefinition xmlns="http://hl7.org/fhir">
  <id value="shr-core-CollectionTime-model"/>
  <text>
    <status value="generated"/><div xmlns="http://www.w3.org/1999/xhtml">
  <p><b>CollectionTime Logical Model</b></p>
  <p>When the sample was obtained, as a specific time or time period.</p>
</div>
  </text>
  <url value="http://hl7.org/fhir/us/shr/StructureDefinition/shr-core-CollectionTime-model"/>
  <identifier>
    <system value="http://hl7.org/fhir/us/sdoh"/>
    <value value="shr.core.CollectionTime"/>
  </identifier>
  <version value="0.1.0"/>
  <name value="CollectionTime"/>
  <title value="shr-core-CollectionTime"/>
  <status value="draft"/>
  <date value="2019-04-01T00:00:00-04:00"/>
  <publisher value="MITRE Corporation"/>
  <contact>
    <telecom>
      <system value="url"/>
      <value value="http://standardhealthrecord.org"/>
    </telecom>
  </contact>
  <description value="When the sample was obtained, as a specific time or time period."/>
  <kind value="logical"/>
  <abstract value="false"/>
  <type value="shr-core-CollectionTime-model"/>
  <baseDefinition value="http://hl7.org/fhir/StructureDefinition/Element"/>
  <derivation value="specialization"/>
  <snapshot>
    <element id="shr-core-CollectionTime-model">
      <path value="shr-core-CollectionTime-model"/>
      <definition value="When the sample was obtained, as a specific time or time period."/>
      <min value="0"/>
      <max value="*"/>
      <base>
        <path value="shr-core-CollectionTime-model"/>
        <min value="0"/>
        <max value="*"/>
      </base>
      <mustSupport value="false"/>
      <isModifier value="false"/>
      <isSummary value="false"/>
    </element>
    <element id="shr-core-CollectionTime-model.value[x]">
      <path value="shr-core-CollectionTime-model.value[x]"/>
      <short value="DateTime or TimePeriod representing when the sample was obtained, as a specific time or time period."/>
      <definition value="DateTime or TimePeriod representing when the sample was obtained, as a specific time or time period."/>
      <min value="1"/>
      <max value="1"/>
      <base>
        <path value="shr-core-CollectionTime-model.value[x]"/>
        <min value="1"/>
        <max value="1"/>
      </base>
      <type>
        <code value="dateTime"/>
      </type>
      <type>
        <code value="http://hl7.org/fhir/us/shr/StructureDefinition/shr-core-TimePeriod-model"/>
      </type>
      <mustSupport value="false"/>
      <isModifier value="false"/>
      <isSummary value="false"/>
    </element>
  </snapshot>
  <differential>
    <element id="shr-core-CollectionTime-model">
      <path value="shr-core-CollectionTime-model"/>
      <definition value="When the sample was obtained, as a specific time or time period."/>
      <min value="0"/>
      <max value="*"/>
      <base>
        <path value="shr-core-CollectionTime-model"/>
        <min value="0"/>
        <max value="*"/>
      </base>
      <mustSupport value="false"/>
      <isModifier value="false"/>
      <isSummary value="false"/>
    </element>
    <element id="shr-core-CollectionTime-model.value[x]">
      <path value="shr-core-CollectionTime-model.value[x]"/>
      <short value="DateTime or TimePeriod representing when the sample was obtained, as a specific time or time period."/>
      <definition value="DateTime or TimePeriod representing when the sample was obtained, as a specific time or time period."/>
      <min value="1"/>
      <max value="1"/>
      <base>
        <path value="shr-core-CollectionTime-model.value[x]"/>
        <min value="1"/>
        <max value="1"/>
      </base>
      <type>
        <code value="dateTime"/>
      </type>
      <type>
        <code value="http://hl7.org/fhir/us/shr/StructureDefinition/shr-core-TimePeriod-model"/>
      </type>
      <mustSupport value="false"/>
      <isModifier value="false"/>
      <isSummary value="false"/>
    </element>
  </differential>
</StructureDefinition>