<?xml version="1.0" encoding="UTF-8"?><StructureDefinition xmlns="http://hl7.org/fhir"><id value="shr-core-Device"/><text><status value="generated"/><div xmlns="http://www.w3.org/1999/xhtml">
  <p><b>Device Profile</b></p>
  <p>A specific durable physical device used in diagnosis or treatment. The value is the coding for a type of device, for example, a CPAP machine. The same device might be used on multiple patients.
Device status cannot be reconciled between Argonaut and US-Core, each having different required value sets.
Device type has extensible mappings to different value sets in Argonaut and US-Core, however both value sets have identical SNOMED content (descendants of 49062001 (Device). We adopt the US-Core value set, which is allowable because the binding is extensible.</p>
  <p><b>Mapping Summary</b></p>
  <p><pre>shr.core.Device maps to http://fhir.org/guides/argonaut/StructureDefinition/argo-device:
  _Entry.EntryId maps to id
  Language maps to language
  Narrative maps to text
  ImplicitRules maps to implicitRules
  Metadata.VersionId maps to meta.versionId
  Metadata.Profile maps to meta.profile
  Metadata.LastUpdated maps to meta.lastUpdated
  Metadata.SecurityLabel maps to meta.security
  Metadata.Tag maps to meta.tag
  Identifier maps to identifier
  Status maps to status
  Type maps to type
  DeviceUdi maps to udi
  VendorModelNumber maps to model
  ManufacturerName maps to manufacturer
  ManufactureDate maps to manufactureDate
  ExpirationDate maps to expiry
  VersionString maps to version
  Url maps to url
</pre></p>
</div></text><url value="http://hl7.org/fhir/us/shr/StructureDefinition/shr-core-Device"/><identifier><system value="http://hl7.org/fhir/us/projectURL"/><value value="shr.core.Device"/></identifier><version value="0.7.0"/><name value="Device"/><display value="shr-core-Device"/><status value="draft"/><publisher value="The MITRE Corporation"/><contact><telecom><system value="other"/><value value="http://www.hl7.org/Special/committees/cic/index.cfm"/><rank value="0"/></telecom></contact><date value="2019-03-27T00:00:00-04:00"/><description value="A specific durable physical device used in diagnosis or treatment. The value is the coding for a type of device, for example, a CPAP machine. The same device might be used on multiple patients.&#xA;Device status cannot be reconciled between Argonaut and US-Core, each having different required value sets.&#xA;Device type has extensible mappings to different value sets in Argonaut and US-Core, however both value sets have identical SNOMED content (descendants of 49062001 (Device). We adopt the US-Core value set, which is allowable because the binding is extensible."/><fhirVersion value="1.0.2"/><mapping><identity value="us-core-stu3"/><uri value="http://unknown.org/US%20Core%20(STU3)"/><name value="US Core (STU3)"/></mapping><mapping><identity value="rim"/><uri value="http://hl7.org/v3"/><name value="RIM"/></mapping><mapping><identity value="w5"/><uri value="http://hl7.org/fhir/w5"/><name value="W5 Mapping"/></mapping><kind value="resource"/><constrainedType value="Device"/><abstract value="false"/><base value="http://fhir.org/guides/argonaut/StructureDefinition/argo-device"/><snapshot><element id="argoprofile"><path value="Device"/><name value="argoprofile"/><short value="shr-core-Device"/><definition value="A specific durable physical device used in diagnosis or treatment. The value is the coding for a type of device, for example, a CPAP machine. The same device might be used on multiple patients.&#xA;Device status cannot be reconciled between Argonaut and US-Core, each having different required value sets.&#xA;Device type has extensible mappings to different value sets in Argonaut and US-Core, however both value sets have identical SNOMED content (descendants of 49062001 (Device). We adopt the US-Core value set, which is allowable because the binding is extensible."/><min value="0"/><max value="*"/><base><path value="Device"/><min value="0"/><max value="*"/></base><type><code value="argo-device"/></type><maxLength value="0"/><mustSupport value="false"/><isModifier value="false"/><isSummary value="false"/><mapping><identity value="rim"/><map value="Device"/></mapping><mapping><identity value="w5"/><map value="administrative.device"/></mapping><mapping><identity value="us-core-stu3"/><map value="Device"/></mapping></element><element id="Device:argoprofile.id"><path value="Device.id"/><name value="Device:argoprofile.id"/><short value="Logical id of this artifact"/><definition value="The logical id of the resource, as used in the URL for the resource. Once assigned, this value never changes."/><comments value="The only time that a resource does not have an id is when it is being submitted to the server using a create operation. Bundles always have an id, though it is usually a generated UUID."/><min value="0"/><max value="1"/><base><path value="Device.id"/><min value="0"/><max value="1"/></base><type><code value="id"/></type><maxLength value="0"/><mustSupport value="false"/><isModifier value="false"/><isSummary value="true"/></element><element id="Device:argoprofile.meta"><path value="Device.meta"/><name value="Device:argoprofile.meta"/><short value="Metadata about the resource"/><definition value="The metadata about the resource. This is content that is maintained by the infrastructure. Changes to the content may not always be associated with version changes to the resource."/><min value="0"/><max value="1"/><base><path value="Device.meta"/><min value="0"/><max value="1"/></base><type><code value="Meta"/></type><maxLength value="0"/><mustSupport value="false"/><isModifier value="false"/><isSummary value="true"/></element><element id="Device.meta.id"><path value="Device.meta.id"/><representation value="xmlAttr"/><name value="Device.meta.id"/><short value="xml:id (or equivalent in JSON)"/><definition value="unique id for the element within a resource (for internal references)."/><min value="0"/><max value="1"/><type><code value="id"/></type><maxLength value="0"/><mustSupport value="false"/><isModifier value="false"/><isSummary value="false"/><mapping><identity value="rim"/><map value="n/a"/></mapping></element><element id="Device.meta.extension"><path value="Device.meta.extension"/><name value="Device.meta.extension"/><short value="Additional Content defined by implementations"/><definition value="May be used to represent additional information that is not part of the basic definition of the element. In order to make the use of extensions safe and manageable, there is a strict set of governance  applied to the definition and use of extensions. Though any implementer is allowed to define an extension, there is a set of requirements that SHALL be met as part of the definition of the extension."/><comments value="There can be no stigma associated with the use of extensions by any application, project, or standard - regardless of the institution or jurisdiction that uses or defines the extensions.  The use of extensions is what allows the FHIR specification to retain a core level of simplicity for everyone."/><alias value="extensions"/><alias value="user content"/><min value="0"/><max value="*"/><type><code value="Extension"/></type><maxLength value="0"/><mustSupport value="false"/><isModifier value="false"/><isSummary value="false"/><mapping><identity value="rim"/><map value="n/a"/></mapping></element><element id="Device.meta.versionId"><path value="Device.meta.versionId"/><name value="Device.meta.versionId"/><short value="Version specific identifier"/><definition value="The version specific identifier, as it appears in the version portion of the URL. This values changes when the resource is created, updated, or deleted."/><comments value="The server assigns this value, and ignores what the client specifies, except in the case that the server is imposing version integrity on updates/deletes."/><min value="0"/><max value="1"/><type><code value="id"/></type><maxLength value="0"/><mustSupport value="false"/><isModifier value="false"/><isSummary value="true"/></element><element id="Device.meta.lastUpdated"><path value="Device.meta.lastUpdated"/><name value="Device.meta.lastUpdated"/><short value="When the resource version last changed"/><definition value="When the resource last changed - e.g. when the version changed."/><comments value="This value is always populated except when the resource is first being created. The server / resource manager sets this value; what a client provides is irrelevant."/><min value="0"/><max value="1"/><type><code value="instant"/></type><maxLength value="0"/><mustSupport value="false"/><isModifier value="false"/><isSummary value="true"/></element><element id="Device.meta.profile"><path value="Device.meta.profile"/><name value="Device.meta.profile"/><short value="Profiles this resource claims to conform to"/><definition value="A list of profiles [[[StructureDefinition]]]s that this resource claims to conform to. The URL is a reference to [[[StructureDefinition.url]]]."/><comments value="It is up to the server and/or other infrastructure of policy to determine whether/how these claims are verified and/or updated over time.  The list of profile URLs is a set."/><min value="0"/><max value="*"/><type><code value="uri"/></type><maxLength value="0"/><mustSupport value="false"/><isModifier value="false"/><isSummary value="true"/></element><element id="Device.meta.security"><path value="Device.meta.security"/><name value="Device.meta.security"/><short value="Security Labels applied to this resource"/><definition value="Security labels applied to this resource. These tags connect specific resources to the overall security policy and infrastructure."/><comments value="The security labels can be updated without changing the stated version of the resource  The list of security labels is a set. Uniqueness is based the system/code, and version and display are ignored."/><min value="0"/><max value="*"/><type><code value="Coding"/></type><maxLength value="0"/><mustSupport value="false"/><isModifier value="false"/><isSummary value="true"/><binding><strength value="extensible"/><description value="Security Labels from the Healthcare Privacy and Security Classification System."/><valueSetReference><reference value="http://hl7.org/fhir/ValueSet/security-labels"/></valueSetReference></binding></element><element id="Device.meta.tag"><path value="Device.meta.tag"/><name value="Device.meta.tag"/><short value="Tags applied to this resource"/><definition value="Tags applied to this resource. Tags are intended to be used to identify and relate resources to process and workflow, and applications are not required to consider the tags when interpreting the meaning of a resource."/><comments value="The tags can be updated without changing the stated version of the resource.  The list of tags is a set. Uniqueness is based the system/code, and version and display are ignored."/><min value="0"/><max value="*"/><type><code value="Coding"/></type><maxLength value="0"/><mustSupport value="false"/><isModifier value="false"/><isSummary value="true"/><binding><strength value="example"/><description value="Codes that represent various types of tags, commonly workflow-related; e.g. &quot;Needs review by Dr. Jones&quot;"/></binding></element><element id="Device:argoprofile.implicitRules"><path value="Device.implicitRules"/><name value="Device:argoprofile.implicitRules"/><short value="A set of rules under which this content was created"/><definition value="A reference to a set of rules that were followed when the resource was constructed, and which must be understood when processing the content."/><comments value="Asserting this rule set restricts the content to be only understood by a limited set of trading partners. This inherently limits the usefulness of the data in the long term. However, the existing health eco-system is highly fractured, and not yet ready to define, collect, and exchange data in a generally computable sense. Wherever possible, implementers and/or specification writers should avoid using this element as much as possible."/><min value="0"/><max value="1"/><base><path value="Device.implicitRules"/><min value="0"/><max value="1"/></base><type><code value="uri"/></type><maxLength value="0"/><mustSupport value="false"/><isModifier value="true"/><isSummary value="true"/></element><element id="Device:argoprofile.language"><path value="Device.language"/><name value="Device:argoprofile.language"/><short value="Language of the resource content"/><definition value="The base language in which the resource is written."/><comments value="Language is provided to support indexing and accessibility (typically, services such as text to speech use the language tag). The html language tag in the narrative applies  to the narrative. The language tag on the resource may be used to specify the language of other presentations generated from the data in the resource  Not all the content has to be in the base language. The Resource.language should not be assumed to apply to the narrative automatically. If a language is specified, it should it also be specified on the div element in the html (see rules in HTML5 for information about the relationship between xml:lang and the html lang attribute)."/><min value="0"/><max value="1"/><base><path value="Device.language"/><min value="0"/><max value="1"/></base><type><code value="code"/></type><maxLength value="0"/><mustSupport value="false"/><isModifier value="false"/><isSummary value="false"/><binding><strength value="required"/><description value="A human language."/><valueSetReference><reference value="http://tools.ietf.org/html/bcp47"/></valueSetReference></binding></element><element id="Device:argoprofile.text"><path value="Device.text"/><name value="Device:argoprofile.text"/><short value="Text summary of the resource, for human interpretation"/><definition value="A human-readable narrative that contains a summary of the resource, and may be used to represent the content of the resource to a human. The narrative need not encode all the structured data, but is required to contain sufficient detail to make it &quot;clinically safe&quot; for a human to just read the narrative. Resource definitions may define what content should be represented in the narrative to ensure clinical safety."/><comments value="Contained resources do not have narrative. Resources that are not contained SHOULD have a narrative."/><alias value="narrative"/><alias value="html"/><alias value="xhtml"/><alias value="display"/><min value="0"/><max value="1"/><base><path value="Device.text"/><min value="0"/><max value="1"/></base><type><code value="Narrative"/></type><maxLength value="0"/><condition value="dom-1"/><mustSupport value="false"/><isModifier value="false"/><isSummary value="false"/><mapping><identity value="rim"/><map value="Act.text?"/></mapping></element><element id="Device:argoprofile.contained"><path value="Device.contained"/><name value="Device:argoprofile.contained"/><short value="Contained, inline Resources"/><definition value="These resources do not have an independent existence apart from the resource that contains them - they cannot be identified independently, and nor can they have their own independent transaction scope."/><comments value="This should never be done when the content can be identified properly, as once identification is lost, it is extremely difficult (and context dependent) to restore it again."/><alias value="inline resources"/><alias value="anonymous resources"/><alias value="contained resources"/><min value="0"/><max value="*"/><base><path value="Device.contained"/><min value="0"/><max value="*"/></base><type><code value="Resource"/></type><maxLength value="0"/><mustSupport value="false"/><isModifier value="false"/><isSummary value="false"/><mapping><identity value="rim"/><map value="N/A"/></mapping></element><element id="Device:argoprofile.extension"><path value="Device.extension"/><name value="Device:argoprofile.extension"/><slicing id="1"><discriminator value="url"/><ordered value="false"/><rules value="open"/></slicing><short value="Additional Content defined by implementations"/><definition value="May be used to represent additional information that is not part of the basic definition of the resource. In order to make the use of extensions safe and manageable, there is a strict set of governance  applied to the definition and use of extensions. Though any implementer is allowed to define an extension, there is a set of requirements that SHALL be met as part of the definition of the extension."/><comments value="There can be no stigma associated with the use of extensions by any application, project, or standard - regardless of the institution or jurisdiction that uses or defines the extensions.  The use of extensions is what allows the FHIR specification to retain a core level of simplicity for everyone."/><alias value="extensions"/><alias value="user content"/><min value="0"/><max value="*"/><base><path value="Device.extension"/><min value="0"/><max value="*"/></base><type><code value="Extension"/></type><maxLength value="0"/><mustSupport value="false"/><isModifier value="false"/><isSummary value="false"/><mapping><identity value="rim"/><map value="N/A"/></mapping></element><element id="partof"><path value="Device.extension"/><name value="partof"/><definition value="The larger entity that the asserted item is a portion of. For example, an organization part of a larger organization, or an encounter with a hospitalist might be part of a larger hospitalization encounter."/><min value="0"/><max value="1"/><base><path value="Device.extension"/><min value="0"/><max value="*"/></base><type><code value="Extension"/><profile value="http://hl7.org/fhir/us/shr/StructureDefinition/shr-core-PartOf-extension"/></type><maxLength value="0"/><mustSupport value="false"/><isModifier value="false"/><isSummary value="false"/></element><element id="Device:argoprofile.modifierExtension"><path value="Device.modifierExtension"/><name value="Device:argoprofile.modifierExtension"/><short value="Extensions that cannot be ignored"/><definition value="May be used to represent additional information that is not part of the basic definition of the resource, and that modifies the understanding of the element that contains it. Usually modifier elements provide negation or qualification. In order to make the use of extensions safe and manageable, there is a strict set of governance applied to the definition and use of extensions. Though any implementer is allowed to define an extension, there is a set of requirements that SHALL be met as part of the definition of the extension. Applications processing a resource are required to check for modifier extensions."/><comments value="There can be no stigma associated with the use of extensions by any application, project, or standard - regardless of the institution or jurisdiction that uses or defines the extensions.  The use of extensions is what allows the FHIR specification to retain a core level of simplicity for everyone."/><alias value="extensions"/><alias value="user content"/><min value="0"/><max value="*"/><base><path value="Device.modifierExtension"/><min value="0"/><max value="*"/></base><type><code value="Extension"/></type><maxLength value="0"/><mustSupport value="false"/><isModifier value="true"/><isSummary value="false"/><mapping><identity value="rim"/><map value="N/A"/></mapping></element><element id="Device:argoprofile.identifier"><path value="Device.identifier"/><name value="Device:argoprofile.identifier"/><short value="Instance id from manufacturer, owner, and others"/><definition value="Unique instance identifiers assigned to a device by organizations like manufacturers or owners. If the identifier identifies the type of device, Device.type should be used."/><comments value="Often fixed to the device as a barcode and may include names given to the device in local usage.  Note that some of the barcodes affixed to the device identify its type, not its instance.  For the FDA mandated Unique Device Identifier (UDI) use  the Device.udi element."/><min value="0"/><max value="*"/><base><path value="Device.identifier"/><min value="0"/><max value="*"/></base><type><code value="Identifier"/></type><maxLength value="0"/><mustSupport value="false"/><isModifier value="false"/><isSummary value="false"/><mapping><identity value="rim"/><map value=".id"/></mapping><mapping><identity value="w5"/><map value="id"/></mapping></element><element id="Device:argoprofile.type"><path value="Device.type"/><name value="Device:argoprofile.type"/><short value="What kind of device this is"/><definition value="Code or identifier to identify a kind of device."/><comments value="For the FDA mandated Unique Device Identifier (UDI) use  the Device.udi element."/><min value="1"/><max value="1"/><base><path value="Device.type"/><min value="1"/><max value="1"/></base><type><code value="CodeableConcept"/></type><maxLength value="0"/><mustSupport value="true"/><isModifier value="false"/><isSummary value="false"/><binding><strength value="required"/><valueSetReference><reference value="http://hl7.org/fhir/ValueSet/device-kind"/></valueSetReference></binding><mapping><identity value="rim"/><map value=".code"/></mapping><mapping><identity value="w5"/><map value="class"/></mapping><mapping><identity value="us-core-stu3"/><map value="Device.type"/></mapping></element><element id="Device:argoprofile.note"><path value="Device.note"/><name value="Device:argoprofile.note"/><short value="Device notes and comments"/><definition value="Descriptive information, usage information or implantation information that is not captured in an existing element."/><min value="0"/><max value="*"/><base><path value="Device.note"/><min value="0"/><max value="*"/></base><type><code value="Annotation"/></type><maxLength value="0"/><mustSupport value="false"/><isModifier value="false"/><isSummary value="false"/><mapping><identity value="rim"/><map value=".text"/></mapping></element><element id="Device:argoprofile.status"><path value="Device.status"/><name value="Device:argoprofile.status"/><short value="available | not-available | entered-in-error"/><definition value="Status of the Device availability."/><min value="0"/><max value="1"/><base><path value="Device.status"/><min value="0"/><max value="1"/></base><type><code value="code"/></type><maxLength value="0"/><mustSupport value="false"/><isModifier value="true"/><isSummary value="true"/><binding><strength value="required"/><description value="The availability status of the device."/><valueSetReference><reference value="http://hl7.org/fhir/ValueSet/devicestatus"/></valueSetReference></binding><mapping><identity value="rim"/><map value=".statusCode"/></mapping><mapping><identity value="w5"/><map value="status"/></mapping></element><element id="Device:argoprofile.manufacturer"><path value="Device.manufacturer"/><name value="Device:argoprofile.manufacturer"/><short value="Name of device manufacturer"/><definition value="A name of the manufacturer."/><min value="0"/><max value="1"/><base><path value="Device.manufacturer"/><min value="0"/><max value="1"/></base><type><code value="string"/></type><maxLength value="0"/><mustSupport value="false"/><isModifier value="false"/><isSummary value="false"/><mapping><identity value="rim"/><map value=".playedRole[typeCode=MANU].scoper.name"/></mapping></element><element id="Device:argoprofile.model"><path value="Device.model"/><name value="Device:argoprofile.model"/><short value="Model id assigned by the manufacturer"/><definition value="The &quot;model&quot; is an identifier assigned by the manufacturer to identify the product by its type. This number is shared by the all devices sold as the same type."/><min value="0"/><max value="1"/><base><path value="Device.model"/><min value="0"/><max value="1"/></base><type><code value="string"/></type><maxLength value="0"/><mustSupport value="false"/><isModifier value="false"/><isSummary value="false"/><mapping><identity value="rim"/><map value=".playedRole[typeCode=MANU].code"/></mapping><mapping><identity value="w5"/><map value="what"/></mapping></element><element id="Device:argoprofile.version"><path value="Device.version"/><name value="Device:argoprofile.version"/><short value="Version number (i.e. software)"/><definition value="The version of the device, if the device has multiple releases under the same model, or if the device is software or carries firmware."/><min value="0"/><max value="1"/><base><path value="Device.version"/><min value="0"/><max value="1"/></base><type><code value="string"/></type><maxLength value="0"/><mustSupport value="false"/><isModifier value="false"/><isSummary value="false"/><mapping><identity value="rim"/><map value=".softwareName (included as part)"/></mapping></element><element id="Device:argoprofile.manufactureDate"><path value="Device.manufactureDate"/><name value="Device:argoprofile.manufactureDate"/><short value="Manufacture date"/><definition value="The date and time when the device was manufactured."/><min value="0"/><max value="1"/><base><path value="Device.manufactureDate"/><min value="0"/><max value="1"/></base><type><code value="dateTime"/></type><maxLength value="0"/><mustSupport value="false"/><isModifier value="false"/><isSummary value="false"/><mapping><identity value="rim"/><map value=".existenceTime.low"/></mapping></element><element id="Device:argoprofile.expiry"><path value="Device.expiry"/><name value="Device:argoprofile.expiry"/><short value="Date and time of expiry of this device (if applicable)"/><definition value="The date and time beyond which this device is no longer valid or should not be used (if applicable)."/><min value="0"/><max value="1"/><base><path value="Device.expiry"/><min value="0"/><max value="1"/></base><type><code value="dateTime"/></type><maxLength value="0"/><mustSupport value="false"/><isModifier value="false"/><isSummary value="false"/><mapping><identity value="rim"/><map value=".expirationTime"/></mapping><mapping><identity value="w5"/><map value="when.done"/></mapping></element><element id="Device:argoprofile.udi"><path value="Device.udi"/><name value="Device:argoprofile.udi"/><short value="FDA mandated Unique Device Identifier"/><definition value="United States Food and Drug Administration mandated Unique Device Identifier (UDI). Use the human readable information (the content that the user sees, which is sometimes different to the exact syntax represented in the barcode)  - see http://www.fda.gov/MedicalDevices/DeviceRegulationandGuidance/UniqueDeviceIdentification/default.htm."/><comments value="The unique identifier may identify an instance of a device uniquely, or it may only identify the type of the device. A portion of the UDI - the DI part - can be extracted from the UDI when required, and used to look up information about the device through the GUDID."/><alias value="UDI"/><alias value="Barcode String"/><min value="1"/><max value="1"/><base><path value="Device.udi"/><min value="0"/><max value="1"/></base><type><code value="string"/></type><maxLength value="0"/><mustSupport value="true"/><isModifier value="false"/><isSummary value="false"/><mapping><identity value="rim"/><map value=".id[where root is root for UDI]"/></mapping><mapping><identity value="w5"/><map value="id"/></mapping><mapping><identity value="us-core-stu3"/><map value="Device.udiCarrier"/></mapping></element><element id="Device:argoprofile.lotNumber"><path value="Device.lotNumber"/><name value="Device:argoprofile.lotNumber"/><short value="Lot number of manufacture"/><definition value="Lot number assigned by the manufacturer."/><comments value="Alphanumeric Maximum 20."/><min value="0"/><max value="1"/><base><path value="Device.lotNumber"/><min value="0"/><max value="1"/></base><type><code value="string"/></type><maxLength value="0"/><mustSupport value="false"/><isModifier value="false"/><isSummary value="false"/><mapping><identity value="rim"/><map value=".lotNumberText"/></mapping></element><element id="Device:argoprofile.owner"><path value="Device.owner"/><name value="Device:argoprofile.owner"/><short value="Organization responsible for device"/><definition value="An organization that is responsible for the provision and ongoing maintenance of the device."/><min value="0"/><max value="1"/><base><path value="Device.owner"/><min value="0"/><max value="1"/></base><type><code value="Reference"/><profile value="http://hl7.org/fhir/StructureDefinition/Organization"/></type><maxLength value="0"/><mustSupport value="false"/><isModifier value="false"/><isSummary value="false"/><mapping><identity value="rim"/><map value=".playedRole[typeCode=OWN].scoper"/></mapping></element><element id="Device:argoprofile.location"><path value="Device.location"/><name value="Device:argoprofile.location"/><short value="Where the resource is found"/><definition value="The place where the device can be found."/><min value="0"/><max value="1"/><base><path value="Device.location"/><min value="0"/><max value="1"/></base><type><code value="Reference"/><profile value="http://hl7.org/fhir/StructureDefinition/Location"/></type><maxLength value="0"/><mustSupport value="false"/><isModifier value="false"/><isSummary value="false"/><mapping><identity value="rim"/><map value=".playedRole[typeCode=LOCE].scoper"/></mapping><mapping><identity value="w5"/><map value="where"/></mapping></element><element id="Device:argoprofile.patient"><path value="Device.patient"/><name value="Device:argoprofile.patient"/><short value="If the resource is affixed to a person"/><definition value="Patient information, if the resource is affixed to a person."/><min value="1"/><max value="1"/><base><path value="Device.patient"/><min value="0"/><max value="1"/></base><type><code value="Reference"/><profile value="http://fhir.org/guides/argonaut/StructureDefinition/argo-patient"/></type><maxLength value="0"/><mustSupport value="true"/><isModifier value="false"/><isSummary value="false"/><mapping><identity value="rim"/><map value=".playedRole[typeCode=USED].scoper.playedRole[typeCode=PAT]"/></mapping><mapping><identity value="w5"/><map value="who.focus"/></mapping><mapping><identity value="us-core-stu3"/><map value="Device.patient"/></mapping></element><element id="Device:argoprofile.contact"><path value="Device.contact"/><name value="Device:argoprofile.contact"/><short value="Details for human/organization for support"/><definition value="Contact details for an organization or a particular human that is responsible for the device."/><comments value="used for troubleshooting etc."/><min value="0"/><max value="*"/><base><path value="Device.contact"/><min value="0"/><max value="*"/></base><type><code value="ContactPoint"/></type><maxLength value="0"/><mustSupport value="false"/><isModifier value="false"/><isSummary value="false"/><mapping><identity value="rim"/><map value=".scopedRole[typeCode=CON].player"/></mapping></element><element id="Device:argoprofile.url"><path value="Device.url"/><name value="Device:argoprofile.url"/><short value="Network address to contact device"/><definition value="A network address on which the device may be contacted directly."/><comments value="If the device is running a FHIR server, the network address should  be the root URL from which a conformance statement may be retrieved."/><min value="0"/><max value="1"/><base><path value="Device.url"/><min value="0"/><max value="1"/></base><type><code value="uri"/></type><maxLength value="0"/><mustSupport value="false"/><isModifier value="false"/><isSummary value="false"/><mapping><identity value="rim"/><map value=".telecom"/></mapping></element></snapshot><differential><element id="Device"><path value="Device"/><name value="Device"/><short value="shr-core-Device"/><definition value="A specific durable physical device used in diagnosis or treatment. The value is the coding for a type of device, for example, a CPAP machine. The same device might be used on multiple patients.&#xA;Device status cannot be reconciled between Argonaut and US-Core, each having different required value sets.&#xA;Device type has extensible mappings to different value sets in Argonaut and US-Core, however both value sets have identical SNOMED content (descendants of 49062001 (Device). We adopt the US-Core value set, which is allowable because the binding is extensible."/><min value="0"/><type><code value="argo-device"/></type><maxLength value="0"/><mustSupport value="false"/><isModifier value="false"/><isSummary value="false"/></element><element id="Device.extension"><path value="Device.extension"/><name value="Device.extension"/><slicing id="1"><discriminator value="url"/><ordered value="false"/><rules value="open"/></slicing><min value="0"/><maxLength value="0"/><mustSupport value="false"/><isModifier value="false"/><isSummary value="false"/></element><element id="partof"><path value="Device.extension"/><name value="partof"/><definition value="The larger entity that the asserted item is a portion of. For example, an organization part of a larger organization, or an encounter with a hospitalist might be part of a larger hospitalization encounter."/><min value="0"/><max value="1"/><base><path value="Device.extension"/><min value="0"/><max value="*"/></base><type><code value="Extension"/><profile value="http://hl7.org/fhir/us/shr/StructureDefinition/shr-core-PartOf-extension"/></type><maxLength value="0"/><mustSupport value="false"/><isModifier value="false"/><isSummary value="false"/></element><element id="Device.type"><path value="Device.type"/><name value="Device.type"/><min value="0"/><maxLength value="0"/><mustSupport value="false"/><isModifier value="false"/><isSummary value="false"/><binding><strength value="required"/><valueSetReference><reference value="http://hl7.org/fhir/ValueSet/device-kind"/></valueSetReference></binding></element></differential></StructureDefinition>