<?xml version="1.0" encoding="UTF-8"?><StructureDefinition xmlns="http://hl7.org/fhir"><id value="shr-core-Sponsor-extension"/><text><status value="generated"/><div xmlns="http://www.w3.org/1999/xhtml">
  <p><b>Sponsor Extension</b></p>
  <p>The organization responsible for the execution of the study.</p>
</div></text><url value="http://hl7.org/fhir/us/shr/StructureDefinition/shr-core-Sponsor-extension"/><identifier><system value="http://hl7.org/fhir/us/projectURL"/><value value="shr.core.Sponsor"/></identifier><version value="0.7.0"/><name value="Sponsor"/><display value="shr-core-Sponsor"/><status value="draft"/><publisher value="The MITRE Corporation"/><contact><telecom><system value="other"/><value value="http://www.hl7.org/Special/committees/cic/index.cfm"/><rank value="0"/></telecom></contact><date value="2019-03-27T00:00:00-04:00"/><description value="The organization responsible for the execution of the study."/><fhirVersion value="1.0.2"/><kind value="datatype"/><constrainedType value="Extension"/><abstract value="false"/><contextType value="resource"/><context value="*"/><base value="http://hl7.org/fhir/StructureDefinition/Extension"/><snapshot><element id="Extension"><path value="Extension"/><name value="Extension"/><short value="Sponsor"/><definition value="The organization responsible for the execution of the study."/><min value="0"/><max value="*"/><base><path value="Extension"/><min value="0"/><max value="1"/></base><type><code value="Extension"/></type><maxLength value="0"/><mustSupport value="false"/><isModifier value="false"/><isSummary value="false"/></element><element id="Extension.id"><path value="Extension.id"/><representation value="xmlAttr"/><name value="Extension.id"/><short value="xml:id (or equivalent in JSON)"/><definition value="unique id for the element within a resource (for internal references). This may be any string value that does not contain spaces."/><min value="0"/><max value="1"/><base><path value="Element.id"/><min value="0"/><max value="1"/></base><type><code value="string"/></type><maxLength value="0"/><mustSupport value="false"/><isModifier value="false"/><isSummary value="false"/><mapping><identity value="rim"/><map value="N/A"/></mapping></element><element id="Extension.extension"><path value="Extension.extension"/><name value="Extension.extension"/><short value="Extension"/><definition value="An Extension"/><min value="0"/><max value="0"/><base><path value="Element.extension"/><min value="0"/><max value="*"/></base><type><code value="Extension"/></type><maxLength value="0"/><mustSupport value="false"/><isModifier value="false"/><isSummary value="false"/></element><element id="Extension.url"><path value="Extension.url"/><representation value="xmlAttr"/><name value="Extension.url"/><short value="identifies the meaning of the extension"/><definition value="Source of the definition for the extension code - a logical name or a URL."/><min value="1"/><max value="1"/><base><path value="Extension.url"/><min value="1"/><max value="1"/></base><type><code value="uri"/></type><fixedUri value="http://hl7.org/fhir/us/shr/StructureDefinition/shr-core-Sponsor-extension"/><maxLength value="0"/><mustSupport value="false"/><isModifier value="false"/><isSummary value="false"/><mapping><identity value="rim"/><map value="N/A"/></mapping></element><element id="Extension.valueReference"><path value="Extension.valueReference"/><name value="Extension.valueReference"/><short value="Value of extension"/><definition value="Value of extension - may be a resource or one of a constrained set of the data types (see Extensibility in the spec for list)."/><min value="1"/><max value="1"/><base><path value="Extension.value[x]"/><min value="0"/><max value="1"/></base><type><code value="Reference"/><profile value="http://hl7.org/fhir/us/shr/StructureDefinition/shr-core-Organization"/></type><maxLength value="0"/><mustSupport value="false"/><isModifier value="false"/><isSummary value="false"/><mapping><identity value="rim"/><map value="N/A"/></mapping></element></snapshot><differential><element id="Extension"><path value="Extension"/><name value="Extension"/><short value="Sponsor"/><definition value="The organization responsible for the execution of the study."/><min value="0"/><max value="*"/><type><code value="Extension"/></type><maxLength value="0"/><mustSupport value="false"/><isModifier value="false"/><isSummary value="false"/></element><element id="Extension.extension"><path value="Extension.extension"/><name value="Extension.extension"/><min value="0"/><max value="0"/><maxLength value="0"/><mustSupport value="false"/><isModifier value="false"/><isSummary value="false"/></element><element id="Extension.url"><path value="Extension.url"/><name value="Extension.url"/><min value="0"/><type><code value="uri"/></type><fixedUri value="http://hl7.org/fhir/us/shr/StructureDefinition/shr-core-Sponsor-extension"/><maxLength value="0"/><mustSupport value="false"/><isModifier value="false"/><isSummary value="false"/></element><element id="Extension.valueReference"><path value="Extension.valueReference"/><name value="Extension.valueReference"/><min value="1"/><type><code value="Reference"/><profile value="http://hl7.org/fhir/us/shr/StructureDefinition/shr-core-Organization"/></type><maxLength value="0"/><mustSupport value="false"/><isModifier value="false"/><isSummary value="false"/></element></differential></StructureDefinition>