<?xml version="1.0" encoding="UTF-8"?><ValueSet xmlns="http://hl7.org/fhir"><id value="oncocore-TNMTumorStagingSystemVS"/><text><status value="generated"/><div xmlns="http://www.w3.org/1999/xhtml">
<p><b>TNMTumorStagingSystemVS ValueSet</b></p>
<p>System used for TNM classification.</p>
</div></text><url value="http://hl7.org/fhir/us/projectURL/oncocore/vs/TNMTumorStagingSystemVS"/><identifier><system value="http://hl7.org/fhir/us/projectURL"/><value value="oncocore.TNMTumorStagingSystemVS"/></identifier><version value="0.7.0"/><name value="TNMTumorStagingSystemVS"/><status value="draft"/><publisher value="The MITRE Corporation"/><contact><telecom><system value="other"/><value value="http://www.hl7.org/Special/committees/cic/index.cfm"/><rank value="0"/></telecom></contact><date value="2019-03-27T00:00:00-04:00"/><description value="System used for TNM classification."/><immutable value="false"/><codeSystem><system value="http://hl7.org/fhir/us/projectURL/oncocore/cs/TNMTumorStagingSystemCS"/><caseSensitive value="true"/><concept><code value="AJCC8"/><display value="American Joint Commission on Cancer, Cancer Staging Manual, 8th edition neoplasm staging system (tumor staging)"/><definition value="American Joint Commission on Cancer, Cancer Staging Manual, 8th edition neoplasm staging system (tumor staging)"/></concept></codeSystem><compose><include><system value="http://snomed.info/sct"/><concept><code value="444256004"/><display value="American Joint Commission on Cancer, Cancer Staging Manual, 6th edition neoplasm staging system (tumor staging)"/></concept><concept><code value="443830009"/><display value="American Joint Commission on Cancer, Cancer Staging Manual, 7th edition neoplasm staging system (tumor staging)"/></concept><concept><code value="258235000"/><display value="International Union Against Cancer (tumor staging)"/></concept></include></compose></ValueSet>