<?xml version="1.0" encoding="UTF-8"?><ValueSet xmlns="http://hl7.org/fhir"><id value="shr-core-StudyArmTypeVS"/><text><status value="generated"/><div xmlns="http://www.w3.org/1999/xhtml">
<p><b>StudyArmTypeVS ValueSet</b></p>
<p>The role of each arm in the clinical trial.</p>
</div></text><url value="http://hl7.org/fhir/us/projectURL/shr/core/vs/StudyArmTypeVS"/><identifier><system value="http://hl7.org/fhir/us/projectURL"/><value value="shr.core.StudyArmTypeVS"/></identifier><version value="0.7.0"/><name value="StudyArmTypeVS"/><status value="draft"/><publisher value="The MITRE Corporation"/><contact><telecom><system value="other"/><value value="http://www.hl7.org/Special/committees/cic/index.cfm"/><rank value="0"/></telecom></contact><date value="2019-03-27T00:00:00-04:00"/><description value="The role of each arm in the clinical trial."/><immutable value="false"/><codeSystem><system value="http://hl7.org/fhir/us/projectURL/shr/core/cs/StudyArmTypeCS"/><caseSensitive value="true"/><concept><code value="experimental"/><display value="Experimental study arm"/><definition value="Experimental study arm"/></concept><concept><code value="active_comparator"/></concept><concept><code value="placebo_comparator"/></concept><concept><code value="sham_comparator"/></concept><concept><code value="no_intervention"/></concept><concept><code value="other"/></concept></codeSystem></ValueSet>