<?xml version="1.0" encoding="UTF-8"?><StructureDefinition xmlns="http://hl7.org/fhir"><id value="shr-core-ReferralRequest"/><text><status value="generated"/><div xmlns="http://www.w3.org/1999/xhtml">
  <p><b>ReferralRequest Profile</b></p>
  <p>Used to record and send details about a request for referral service or transfer of a patient to the care of another provider or provider organization.</p>
  <p><b>Mapping Summary</b></p>
  <p><pre>shr.core.ReferralRequest maps to ReferralRequest:
  _Entry.EntryId maps to id
  Language maps to language
  Narrative maps to text
  ImplicitRules maps to implicitRules
  Metadata.VersionId maps to meta.versionId
  Metadata.Profile maps to meta.profile
  Metadata.LastUpdated maps to meta.lastUpdated
  Metadata.SecurityLabel maps to meta.security
  Metadata.Tag maps to meta.tag
  Status maps to status
  Identifier maps to identifier
  StatementDateTime maps to date
  Replaces maps to extension
  RequestIntent maps to extension
  Type maps to type
  PriorityCode maps to priority
  ReferralSubjectOfRecord maps to patient
  ReferralRequester maps to requester
  Recipient maps to recipient
  CareContext maps to encounter
  ReasonCode maps to reason
  ReasonReference maps to extension
  CommentOrDescription maps to description
  ServiceType maps to serviceRequested
  RelatedInformation maps to supportingInformation
  ExpectedPerformanceTime maps to fulfillmentTime
  ExpectedPerformerType maps to extension
  Annotation maps to extension
</pre></p>
</div></text><url value="http://hl7.org/fhir/us/shr/StructureDefinition/shr-core-ReferralRequest"/><identifier><system value="http://hl7.org/fhir/us/mcode"/><value value="shr.core.ReferralRequest"/></identifier><version value="0.9.0"/><name value="ReferralRequest"/><display value="shr-core-ReferralRequest"/><status value="draft"/><publisher value="The MITRE Corporation"/><contact><telecom><system value="other"/><value value="http://standardhealthrecord.org"/><rank value="0"/></telecom></contact><date value="2019-04-17T00:00:00-04:00"/><description value="Used to record and send details about a request for referral service or transfer of a patient to the care of another provider or provider organization."/><fhirVersion value="1.0.2"/><mapping><identity value="w5"/><uri value="http://hl7.org/fhir/w5"/><name value="W5 Mapping"/></mapping><mapping><identity value="v2"/><uri value="http://hl7.org/v2"/><name value="HL7 v2"/></mapping><mapping><identity value="rim"/><uri value="http://hl7.org/v3"/><name value="RIM"/></mapping><kind value="resource"/><constrainedType value="ReferralRequest"/><abstract value="false"/><base value="http://hl7.org/fhir/StructureDefinition/ReferralRequest"/><snapshot><element id="ReferralRequest-ReferralRequest"><path value="ReferralRequest"/><name value="ReferralRequest-ReferralRequest"/><short value="shr-core-ReferralRequest"/><definition value="Used to record and send details about a request for referral service or transfer of a patient to the care of another provider or provider organization."/><alias value="ReferralRequest TransferOfCare Request"/><min value="0"/><max value="*"/><type><code value="ReferralRequest"/></type><maxLength value="0"/><mustSupport value="false"/><isModifier value="false"/><isSummary value="false"/><mapping><identity value="w5"/><map value="clinical.careprovision"/></mapping></element><element id="ReferralRequest-ReferralRequest.id"><path value="ReferralRequest.id"/><name value="ReferralRequest-ReferralRequest.id"/><short value="Logical id of this artifact"/><definition value="The logical id of the resource, as used in the URL for the resource. Once assigned, this value never changes."/><comments value="The only time that a resource does not have an id is when it is being submitted to the server using a create operation. Bundles always have an id, though it is usually a generated UUID."/><min value="0"/><max value="1"/><type><code value="id"/></type><maxLength value="0"/><mustSupport value="false"/><isModifier value="false"/><isSummary value="true"/></element><element id="ReferralRequest-ReferralRequest.meta"><path value="ReferralRequest.meta"/><name value="ReferralRequest-ReferralRequest.meta"/><short value="Metadata about the resource"/><definition value="The metadata about the resource. This is content that is maintained by the infrastructure. Changes to the content may not always be associated with version changes to the resource."/><min value="0"/><max value="1"/><type><code value="Meta"/></type><maxLength value="0"/><mustSupport value="false"/><isModifier value="false"/><isSummary value="true"/></element><element id="ReferralRequest-ReferralRequest.implicitRules"><path value="ReferralRequest.implicitRules"/><name value="ReferralRequest-ReferralRequest.implicitRules"/><short value="A set of rules under which this content was created"/><definition value="A reference to a set of rules that were followed when the resource was constructed, and which must be understood when processing the content."/><comments value="Asserting this rule set restricts the content to be only understood by a limited set of trading partners. This inherently limits the usefulness of the data in the long term. However, the existing health eco-system is highly fractured, and not yet ready to define, collect, and exchange data in a generally computable sense. Wherever possible, implementers and/or specification writers should avoid using this element as much as possible."/><min value="0"/><max value="1"/><type><code value="uri"/></type><maxLength value="0"/><mustSupport value="false"/><isModifier value="true"/><isSummary value="true"/></element><element id="ReferralRequest-ReferralRequest.language"><path value="ReferralRequest.language"/><name value="ReferralRequest-ReferralRequest.language"/><short value="Language of the resource content"/><definition value="The base language in which the resource is written."/><comments value="Language is provided to support indexing and accessibility (typically, services such as text to speech use the language tag). The html language tag in the narrative applies  to the narrative. The language tag on the resource may be used to specify the language of other presentations generated from the data in the resource  Not all the content has to be in the base language. The Resource.language should not be assumed to apply to the narrative automatically. If a language is specified, it should it also be specified on the div element in the html (see rules in HTML5 for information about the relationship between xml:lang and the html lang attribute)."/><min value="0"/><max value="1"/><type><code value="code"/></type><maxLength value="0"/><mustSupport value="false"/><isModifier value="false"/><isSummary value="false"/><binding><strength value="required"/><description value="A human language."/><valueSetReference><reference value="http://tools.ietf.org/html/bcp47"/></valueSetReference></binding></element><element id="ReferralRequest-ReferralRequest.text"><path value="ReferralRequest.text"/><name value="ReferralRequest-ReferralRequest.text"/><short value="Text summary of the resource, for human interpretation"/><definition value="A human-readable narrative that contains a summary of the resource, and may be used to represent the content of the resource to a human. The narrative need not encode all the structured data, but is required to contain sufficient detail to make it &quot;clinically safe&quot; for a human to just read the narrative. Resource definitions may define what content should be represented in the narrative to ensure clinical safety."/><comments value="Contained resources do not have narrative. Resources that are not contained SHOULD have a narrative."/><alias value="narrative"/><alias value="html"/><alias value="xhtml"/><alias value="display"/><min value="0"/><max value="1"/><type><code value="Narrative"/></type><maxLength value="0"/><condition value="dom-1"/><mustSupport value="false"/><isModifier value="false"/><isSummary value="false"/><mapping><identity value="rim"/><map value="Act.text?"/></mapping></element><element id="ReferralRequest-ReferralRequest.contained"><path value="ReferralRequest.contained"/><name value="ReferralRequest-ReferralRequest.contained"/><short value="Contained, inline Resources"/><definition value="These resources do not have an independent existence apart from the resource that contains them - they cannot be identified independently, and nor can they have their own independent transaction scope."/><comments value="This should never be done when the content can be identified properly, as once identification is lost, it is extremely difficult (and context dependent) to restore it again."/><alias value="inline resources"/><alias value="anonymous resources"/><alias value="contained resources"/><min value="0"/><max value="*"/><type><code value="Resource"/></type><maxLength value="0"/><mustSupport value="false"/><isModifier value="false"/><isSummary value="false"/><mapping><identity value="rim"/><map value="N/A"/></mapping></element><element id="ReferralRequest-ReferralRequest.extension"><path value="ReferralRequest.extension"/><name value="ReferralRequest-ReferralRequest.extension"/><slicing id="1"><discriminator value="url"/><ordered value="false"/><rules value="open"/></slicing><short value="Additional Content defined by implementations"/><definition value="May be used to represent additional information that is not part of the basic definition of the resource. In order to make the use of extensions safe and manageable, there is a strict set of governance  applied to the definition and use of extensions. Though any implementer is allowed to define an extension, there is a set of requirements that SHALL be met as part of the definition of the extension."/><comments value="There can be no stigma associated with the use of extensions by any application, project, or standard - regardless of the institution or jurisdiction that uses or defines the extensions.  The use of extensions is what allows the FHIR specification to retain a core level of simplicity for everyone."/><alias value="extensions"/><alias value="user content"/><min value="1"/><max value="*"/><type><code value="Extension"/></type><maxLength value="0"/><mustSupport value="false"/><isModifier value="false"/><isSummary value="false"/><mapping><identity value="rim"/><map value="N/A"/></mapping></element><element id="replaces"><path value="ReferralRequest.extension"/><name value="replaces"/><definition value="Request(s) replaced by this request"/><min value="0"/><max value="*"/><base><path value="ReferralRequest.extension"/><min value="0"/><max value="*"/></base><type><code value="Extension"/><profile value="http://hl7.org/fhir/us/shr/StructureDefinition/shr-core-Replaces-extension"/></type><maxLength value="0"/><mustSupport value="false"/><isModifier value="false"/><isSummary value="false"/></element><element id="ReferralRequest-ReferralRequest.extension-replaces.id"><path value="ReferralRequest.extension.id"/><representation value="xmlAttr"/><name value="ReferralRequest-ReferralRequest.extension-replaces.id"/><short value="xml:id (or equivalent in JSON)"/><definition value="unique id for the element within a resource (for internal references). This may be any string value that does not contain spaces."/><min value="0"/><max value="1"/><base><path value="Element.id"/><min value="0"/><max value="1"/></base><type><code value="string"/></type><maxLength value="0"/><mustSupport value="false"/><isModifier value="false"/><isSummary value="false"/><mapping><identity value="rim"/><map value="N/A"/></mapping></element><element id="ReferralRequest-ReferralRequest.extension-replaces.ext"><path value="ReferralRequest.extension.extension"/><name value="ReferralRequest-ReferralRequest.extension-replaces.ext"/><short value="Extension"/><definition value="An Extension"/><min value="0"/><max value="0"/><base><path value="Element.extension"/><min value="0"/><max value="*"/></base><type><code value="Extension"/></type><maxLength value="0"/><mustSupport value="false"/><isModifier value="false"/><isSummary value="false"/></element><element id="ReferralRequest-ReferralRequest.extension-replaces.url"><path value="ReferralRequest.extension.url"/><representation value="xmlAttr"/><name value="ReferralRequest-ReferralRequest.extension-replaces.url"/><short value="identifies the meaning of the extension"/><definition value="Source of the definition for the extension code - a logical name or a URL."/><min value="1"/><max value="1"/><base><path value="Extension.url"/><min value="1"/><max value="1"/></base><type><code value="uri"/></type><fixedUri value="http://hl7.org/fhir/us/shr/StructureDefinition/shr-core-Replaces-extension"/><maxLength value="0"/><mustSupport value="false"/><isModifier value="false"/><isSummary value="false"/><mapping><identity value="rim"/><map value="N/A"/></mapping></element><element id="ReferralRequest-ReferralRequest.extension-replaces.val"><path value="ReferralRequest.extension.valueReference"/><name value="ReferralRequest-ReferralRequest.extension-replaces.val"/><short value="ReferralRequest"/><definition value="Used to record and send details about a request for referral service or transfer of a patient to the care of another provider or provider organization."/><min value="1"/><max value="1"/><base><path value="Extension.value[x]"/><min value="0"/><max value="1"/></base><type><code value="Reference"/><profile value="http://hl7.org/fhir/us/shr/StructureDefinition/shr-core-ReferralRequest"/></type><maxLength value="0"/><mustSupport value="false"/><isModifier value="false"/><isSummary value="false"/><mapping><identity value="rim"/><map value="N/A"/></mapping></element><element id="requestintent"><path value="ReferralRequest.extension"/><name value="requestintent"/><definition value="Indicates the level of authority/intentionality associated with the request and where the request fits into the workflow chain."/><min value="1"/><max value="1"/><base><path value="ReferralRequest.extension"/><min value="0"/><max value="*"/></base><type><code value="Extension"/><profile value="http://hl7.org/fhir/us/shr/StructureDefinition/shr-core-RequestIntent-extension"/></type><maxLength value="0"/><mustSupport value="false"/><isModifier value="false"/><isSummary value="false"/></element><element id="ReferralRequest-ReferralRequest.extension-requestintent.id"><path value="ReferralRequest.extension.id"/><representation value="xmlAttr"/><name value="ReferralRequest-ReferralRequest.extension-requestintent.id"/><short value="xml:id (or equivalent in JSON)"/><definition value="unique id for the element within a resource (for internal references). This may be any string value that does not contain spaces."/><min value="0"/><max value="1"/><base><path value="Element.id"/><min value="0"/><max value="1"/></base><type><code value="string"/></type><maxLength value="0"/><mustSupport value="false"/><isModifier value="false"/><isSummary value="false"/><mapping><identity value="rim"/><map value="N/A"/></mapping></element><element id="ReferralRequest-ReferralRequest.extension-requestintent.ext"><path value="ReferralRequest.extension.extension"/><name value="ReferralRequest-ReferralRequest.extension-requestintent.ext"/><short value="Extension"/><definition value="An Extension"/><min value="0"/><max value="0"/><base><path value="Element.extension"/><min value="0"/><max value="*"/></base><type><code value="Extension"/></type><maxLength value="0"/><mustSupport value="false"/><isModifier value="false"/><isSummary value="false"/></element><element id="ReferralRequest-ReferralRequest.extension-requestintent.url"><path value="ReferralRequest.extension.url"/><representation value="xmlAttr"/><name value="ReferralRequest-ReferralRequest.extension-requestintent.url"/><short value="identifies the meaning of the extension"/><definition value="Source of the definition for the extension code - a logical name or a URL."/><min value="1"/><max value="1"/><base><path value="Extension.url"/><min value="1"/><max value="1"/></base><type><code value="uri"/></type><fixedUri value="http://hl7.org/fhir/us/shr/StructureDefinition/shr-core-RequestIntent-extension"/><maxLength value="0"/><mustSupport value="false"/><isModifier value="false"/><isSummary value="false"/><mapping><identity value="rim"/><map value="N/A"/></mapping></element><element id="ReferralRequest-ReferralRequest.extension-requestintent.val1"><path value="ReferralRequest.extension.valueCodeableConcept"/><name value="ReferralRequest-ReferralRequest.extension-requestintent.val1"/><short value="Value of extension"/><definition value="Value of extension - may be a resource or one of a constrained set of the data types (see Extensibility in the spec for list)."/><min value="1"/><max value="1"/><base><path value="Extension.value[x]"/><min value="0"/><max value="1"/></base><type><code value="CodeableConcept"/></type><maxLength value="0"/><mustSupport value="false"/><isModifier value="false"/><isSummary value="false"/><binding><strength value="required"/><valueSetReference><reference value="http://hl7.org/fhir/ValueSet/request-intent"/></valueSetReference></binding><mapping><identity value="rim"/><map value="N/A"/></mapping></element><element id="reasonreference"><path value="ReferralRequest.extension"/><name value="reasonreference"/><definition value="The justification, as reference to a condition or observation."/><min value="0"/><max value="*"/><base><path value="ReferralRequest.extension"/><min value="0"/><max value="*"/></base><type><code value="Extension"/><profile value="http://hl7.org/fhir/us/shr/StructureDefinition/shr-core-ReasonReference-extension"/></type><maxLength value="0"/><mustSupport value="false"/><isModifier value="false"/><isSummary value="false"/></element><element id="expectedperformertype"><path value="ReferralRequest.extension"/><name value="expectedperformertype"/><definition value="What type of party should carry out the testing."/><min value="0"/><max value="1"/><base><path value="ReferralRequest.extension"/><min value="0"/><max value="*"/></base><type><code value="Extension"/><profile value="http://hl7.org/fhir/us/shr/StructureDefinition/shr-core-ExpectedPerformerType-extension"/></type><maxLength value="0"/><mustSupport value="false"/><isModifier value="false"/><isSummary value="false"/></element><element id="annotation"><path value="ReferralRequest.extension"/><name value="annotation"/><definition value="An added or follow-up note, often after the fact, that contains metadata about who made the statement and when."/><min value="0"/><max value="*"/><base><path value="ReferralRequest.extension"/><min value="0"/><max value="*"/></base><type><code value="Extension"/><profile value="http://hl7.org/fhir/us/shr/StructureDefinition/shr-core-Annotation-extension"/></type><maxLength value="0"/><mustSupport value="false"/><isModifier value="false"/><isSummary value="false"/></element><element id="communicationmethod"><path value="ReferralRequest.extension"/><name value="communicationmethod"/><definition value="This is the method the provider used to communicate. Examples include: Written, Telephoned, Verbal, Electronically Entered, Policy, Service Correction, Duplicate, etc. &#39;Code indicating the origin of the prescription.&#39; - NCPDP Telecommunication (Field 419-DJ, Data Dictionary 201104). Possible values include: Written; Telephone; Electronic; Facsimile; Pharmacy; Not Known."/><min value="0"/><max value="1"/><base><path value="ReferralRequest.extension"/><min value="0"/><max value="*"/></base><type><code value="Extension"/><profile value="http://hl7.org/fhir/us/shr/StructureDefinition/shr-core-CommunicationMethod-extension"/></type><maxLength value="0"/><mustSupport value="false"/><isModifier value="false"/><isSummary value="false"/></element><element id="referralrecipient"><path value="ReferralRequest.extension"/><name value="referralrecipient"/><definition value="The practitioner or organization receiving the referral."/><min value="0"/><max value="*"/><base><path value="ReferralRequest.extension"/><min value="0"/><max value="*"/></base><type><code value="Extension"/><profile value="http://hl7.org/fhir/us/shr/StructureDefinition/shr-core-ReferralRecipient-extension"/></type><maxLength value="0"/><mustSupport value="false"/><isModifier value="false"/><isSummary value="false"/></element><element id="ReferralRequest-ReferralRequest.modifierExtension"><path value="ReferralRequest.modifierExtension"/><name value="ReferralRequest-ReferralRequest.modifierExtension"/><short value="Extensions that cannot be ignored"/><definition value="May be used to represent additional information that is not part of the basic definition of the resource, and that modifies the understanding of the element that contains it. Usually modifier elements provide negation or qualification. In order to make the use of extensions safe and manageable, there is a strict set of governance applied to the definition and use of extensions. Though any implementer is allowed to define an extension, there is a set of requirements that SHALL be met as part of the definition of the extension. Applications processing a resource are required to check for modifier extensions."/><comments value="There can be no stigma associated with the use of extensions by any application, project, or standard - regardless of the institution or jurisdiction that uses or defines the extensions.  The use of extensions is what allows the FHIR specification to retain a core level of simplicity for everyone."/><alias value="extensions"/><alias value="user content"/><min value="0"/><max value="*"/><type><code value="Extension"/></type><maxLength value="0"/><mustSupport value="false"/><isModifier value="true"/><isSummary value="false"/><mapping><identity value="rim"/><map value="N/A"/></mapping></element><element id="ReferralRequest-ReferralRequest.status"><path value="ReferralRequest.status"/><name value="ReferralRequest-ReferralRequest.status"/><short value="draft | requested | active | cancelled | accepted | rejected | completed"/><definition value="The workflow status of the referral or transfer of care request."/><min value="1"/><max value="1"/><type><code value="code"/></type><maxLength value="0"/><mustSupport value="false"/><isModifier value="true"/><isSummary value="true"/><binding><strength value="required"/><description value="The status of the referral."/><valueSetReference><reference value="http://hl7.org/fhir/ValueSet/referralstatus"/></valueSetReference></binding><mapping><identity value="v2"/><map value="RF1-1"/></mapping><mapping><identity value="w5"/><map value="status"/></mapping></element><element id="ReferralRequest-ReferralRequest.identifier"><path value="ReferralRequest.identifier"/><name value="ReferralRequest-ReferralRequest.identifier"/><short value="Business identifier"/><definition value="Business identifier that uniquely identifies the referral/care transfer request instance."/><min value="0"/><max value="*"/><type><code value="Identifier"/></type><maxLength value="0"/><mustSupport value="false"/><isModifier value="false"/><isSummary value="false"/><mapping><identity value="v2"/><map value="RF1-6 / RF1-11"/></mapping><mapping><identity value="w5"/><map value="id"/></mapping></element><element id="ReferralRequest-ReferralRequest.date"><path value="ReferralRequest.date"/><name value="ReferralRequest-ReferralRequest.date"/><short value="Date of creation/activation"/><definition value="Date/DateTime of creation for draft requests and date of activation for active requests."/><min value="0"/><max value="1"/><type><code value="dateTime"/></type><maxLength value="0"/><mustSupport value="false"/><isModifier value="false"/><isSummary value="true"/><mapping><identity value="v2"/><map value="RF1-7 / RF1-9?"/></mapping><mapping><identity value="w5"/><map value="when.init"/></mapping></element><element id="ReferralRequest-ReferralRequest.type"><path value="ReferralRequest.type"/><name value="ReferralRequest-ReferralRequest.type"/><short value="Referral/Transition of care request type"/><definition value="An indication of the type of referral (or where applicable the type of transfer of care) request."/><comments value="Examples of referral type: - consultation;         second opinion;          third opinion - Assume management - Request for procedure(s)  HL7 v2.8 Example - Table 0336: S = second opinion p = patient preference o = provider ordered w = work load."/><min value="0"/><max value="1"/><type><code value="CodeableConcept"/></type><maxLength value="0"/><mustSupport value="false"/><isModifier value="false"/><isSummary value="true"/><binding><strength value="example"/><valueSetReference><reference value="http://hl7.org/fhir/ValueSet/referral-type"/></valueSetReference></binding><mapping><identity value="v2"/><map value="RF1-10"/></mapping><mapping><identity value="w5"/><map value="class"/></mapping></element><element id="ReferralRequest-ReferralRequest.specialty"><path value="ReferralRequest.specialty"/><name value="ReferralRequest-ReferralRequest.specialty"/><short value="The clinical specialty (discipline) that the referral is requested for"/><definition value="Indication of the clinical domain or discipline to which the referral or transfer of care request is sent.  For example: Cardiology Gastroenterology Diabetology."/><min value="0"/><max value="1"/><type><code value="CodeableConcept"/></type><maxLength value="0"/><mustSupport value="false"/><isModifier value="false"/><isSummary value="false"/><binding><strength value="example"/><description value="Codes indicating the types of capability the referred to service provider must have."/><valueSetReference><reference value="http://hl7.org/fhir/ValueSet/practitioner-specialty"/></valueSetReference></binding><mapping><identity value="v2"/><map value="RF1-3"/></mapping></element><element id="ReferralRequest-ReferralRequest.priority"><path value="ReferralRequest.priority"/><name value="ReferralRequest-ReferralRequest.priority"/><short value="Urgency of referral / transfer of care request"/><definition value="An indication of the urgency of referral (or where applicable the type of transfer of care) request."/><min value="0"/><max value="1"/><type><code value="CodeableConcept"/></type><maxLength value="0"/><mustSupport value="false"/><isModifier value="false"/><isSummary value="true"/><binding><strength value="required"/><valueSetReference><reference value="http://hl7.org/fhir/ValueSet/request-priority"/></valueSetReference></binding><mapping><identity value="v2"/><map value="RF1-2"/></mapping><mapping><identity value="w5"/><map value="grade"/></mapping></element><element id="ReferralRequest-ReferralRequest.patient"><path value="ReferralRequest.patient"/><name value="ReferralRequest-ReferralRequest.patient"/><short value="Patient referred to care or transfer"/><definition value="The patient who is the subject of a referral or transfer of care request."/><comments value="Referral of family, group or community is to be catered for by profiles."/><min value="1"/><max value="1"/><base><path value="ReferralRequest.patient"/><min value="0"/><max value="1"/></base><type><code value="Reference"/><profile value="http://hl7.org/fhir/us/shr/StructureDefinition/shr-core-Patient"/></type><maxLength value="0"/><mustSupport value="false"/><isModifier value="false"/><isSummary value="true"/><mapping><identity value="v2"/><map value="PID-3"/></mapping><mapping><identity value="w5"/><map value="who.focus"/></mapping></element><element id="ReferralRequest-ReferralRequest.requester"><path value="ReferralRequest.requester"/><name value="ReferralRequest-ReferralRequest.requester"/><short value="Requester of referral / transfer of care"/><definition value="The healthcare provider or provider organization who/which initiated the referral/transfer of care request. Can also be  Patient (a self referral)."/><min value="0"/><max value="1"/><type><code value="Reference"/><profile value="http://hl7.org/fhir/us/shr/StructureDefinition/shr-core-Practitioner"/><profile value="http://hl7.org/fhir/us/shr/StructureDefinition/shr-core-Organization"/><profile value="http://hl7.org/fhir/us/shr/StructureDefinition/shr-core-Patient"/></type><maxLength value="0"/><mustSupport value="false"/><isModifier value="false"/><isSummary value="true"/><mapping><identity value="v2"/><map value="Practitioner: PRD-2/PRD-7 where PRD-3 = RP; Organization: PRD-10 where PRD-3 = RP"/></mapping><mapping><identity value="w5"/><map value="who.author"/></mapping></element><element id="ReferralRequest-ReferralRequest.recipient"><path value="ReferralRequest.recipient"/><name value="ReferralRequest-ReferralRequest.recipient"/><short value="Receiver of referral / transfer of care request"/><definition value="The healthcare provider(s) or provider organization(s) who/which is to receive the referral/transfer of care request."/><comments value="There will be a primary receiver. But the request can be received by any number of &quot;copied to&quot; providers or organizations."/><min value="0"/><max value="1"/><base><path value="ReferralRequest.recipient"/><min value="0"/><max value="*"/></base><type><code value="Reference"/><profile value="http://hl7.org/fhir/us/shr/StructureDefinition/shr-core-Practitioner"/><profile value="http://hl7.org/fhir/us/shr/StructureDefinition/shr-core-Organization"/></type><maxLength value="0"/><mustSupport value="false"/><isModifier value="false"/><isSummary value="true"/><mapping><identity value="v2"/><map value="Practitioner: PRD-2/PRD-7 where PRD-3 = RT; Organization: PRD-10 where PRD-3 = RT"/></mapping><mapping><identity value="w5"/><map value="who.actor"/></mapping></element><element id="ReferralRequest-ReferralRequest.encounter"><path value="ReferralRequest.encounter"/><name value="ReferralRequest-ReferralRequest.encounter"/><short value="Originating encounter"/><definition value="The encounter at which the request for referral or transfer of care is initiated."/><min value="0"/><max value="1"/><type><code value="Reference"/><profile value="http://hl7.org/fhir/us/shr/StructureDefinition/shr-core-Encounter"/></type><maxLength value="0"/><mustSupport value="false"/><isModifier value="false"/><isSummary value="false"/><mapping><identity value="v2"/><map value="PV1-19"/></mapping><mapping><identity value="w5"/><map value="context"/></mapping></element><element id="ReferralRequest-ReferralRequest.dateSent"><path value="ReferralRequest.dateSent"/><name value="ReferralRequest-ReferralRequest.dateSent"/><short value="Date referral/transfer of care request is sent"/><definition value="Date/DateTime the request for referral or transfer of care is sent by the author."/><min value="0"/><max value="1"/><type><code value="dateTime"/></type><maxLength value="0"/><mustSupport value="false"/><isModifier value="false"/><isSummary value="true"/><mapping><identity value="v2"/><map value="RF1-7 / RF1-9?"/></mapping><mapping><identity value="w5"/><map value="when.init"/></mapping></element><element id="ReferralRequest-ReferralRequest.reason"><path value="ReferralRequest.reason"/><name value="ReferralRequest-ReferralRequest.reason"/><short value="Reason for referral / transfer of care request"/><definition value="Description of clinical condition indicating why referral/transfer of care is requested.  For example:  Pathological Anomalies, Disabled (physical or mental),  Behavioral Management."/><min value="0"/><max value="1"/><type><code value="CodeableConcept"/></type><maxLength value="0"/><mustSupport value="false"/><isModifier value="false"/><isSummary value="true"/><binding><strength value="example"/><description value="Codes indicating why the referral is being requested."/></binding><mapping><identity value="v2"/><map value="RF1-10"/></mapping><mapping><identity value="w5"/><map value="why"/></mapping></element><element id="ReferralRequest-ReferralRequest.description"><path value="ReferralRequest.description"/><name value="ReferralRequest-ReferralRequest.description"/><short value="A textual description of the referral"/><definition value="The reason element gives a short description of why the referral is being made, the description expands on this to support a more complete clinical summary."/><min value="0"/><max value="1"/><type><code value="string"/></type><maxLength value="0"/><mustSupport value="false"/><isModifier value="false"/><isSummary value="false"/></element><element id="ReferralRequest-ReferralRequest.serviceRequested"><path value="ReferralRequest.serviceRequested"/><name value="ReferralRequest-ReferralRequest.serviceRequested"/><short value="Actions requested as part of the referral"/><definition value="The service(s) that is/are requested to be provided to the patient.  For example: cardiac pacemaker insertion."/><min value="0"/><max value="*"/><type><code value="CodeableConcept"/></type><maxLength value="0"/><mustSupport value="false"/><isModifier value="false"/><isSummary value="true"/><binding><strength value="example"/><valueSetReference><reference value="http://hl7.org/fhir/ValueSet/service-type"/></valueSetReference></binding><mapping><identity value="v2"/><map value="PR1-3 / OBR-4"/></mapping><mapping><identity value="w5"/><map value="what"/></mapping></element><element id="ReferralRequest-ReferralRequest.supportingInformation"><path value="ReferralRequest.supportingInformation"/><name value="ReferralRequest-ReferralRequest.supportingInformation"/><short value="Additonal information to support referral or transfer of care request"/><definition value="Any additional (administrative, financial or clinical) information required to support request for referral or transfer of care.  For example: Presenting problems/chief complaints Medical History Family History Alerts Allergy/Intolerance and Adverse Reactions Medications Observations/Assessments (may include cognitive and fundtional assessments) Diagnostic Reports Care Plan."/><min value="0"/><max value="*"/><type><code value="Reference"/><profile value="http://hl7.org/fhir/us/shr/StructureDefinition/shr-core-DomainResource"/></type><maxLength value="0"/><mustSupport value="false"/><isModifier value="false"/><isSummary value="true"/></element><element id="ReferralRequest-ReferralRequest.fulfillmentTime"><path value="ReferralRequest.fulfillmentTime"/><name value="ReferralRequest-ReferralRequest.fulfillmentTime"/><short value="Requested service(s) fulfillment time"/><definition value="The period of time within which the services identified in the referral/transfer of care is specified or required to occur."/><requirements value="Use cases: (1) to indicate that the requested service is not to happen before a specified date, and saving the start date in Period.start; (2) to indicate that the requested service must happen before a specified date, and saving the end date in Period.end; (3) to indicate that the requested service must happen during the specified dates (&quot;start&quot; and &quot;end&quot; values)."/><alias value="EffectiveTime"/><min value="0"/><max value="1"/><type><code value="Period"/></type><maxLength value="0"/><mustSupport value="false"/><isModifier value="false"/><isSummary value="true"/><mapping><identity value="v2"/><map value="OBR-7/OBR-8"/></mapping><mapping><identity value="w5"/><map value="when.planned"/></mapping></element></snapshot><differential><element id="ReferralRequest-ReferralRequest"><path value="ReferralRequest"/><name value="ReferralRequest-ReferralRequest"/><short value="shr-core-ReferralRequest"/><definition value="Used to record and send details about a request for referral service or transfer of a patient to the care of another provider or provider organization."/><min value="0"/><type><code value="ReferralRequest"/></type><maxLength value="0"/><mustSupport value="false"/><isModifier value="false"/><isSummary value="false"/></element><element id="ReferralRequest-ReferralRequest.extension"><path value="ReferralRequest.extension"/><name value="ReferralRequest-ReferralRequest.extension"/><slicing id="1"><discriminator value="url"/><ordered value="false"/><rules value="open"/></slicing><min value="1"/><max value="*"/><maxLength value="0"/><mustSupport value="false"/><isModifier value="false"/><isSummary value="false"/></element><element id="replaces"><path value="ReferralRequest.extension"/><name value="replaces"/><definition value="Request(s) replaced by this request"/><min value="0"/><max value="*"/><base><path value="ReferralRequest.extension"/><min value="0"/><max value="*"/></base><type><code value="Extension"/><profile value="http://hl7.org/fhir/us/shr/StructureDefinition/shr-core-Replaces-extension"/></type><maxLength value="0"/><mustSupport value="false"/><isModifier value="false"/><isSummary value="false"/></element><element id="ReferralRequest-ReferralRequest.extension-replaces.val"><path value="ReferralRequest.extension.valueReference"/><name value="ReferralRequest-ReferralRequest.extension-replaces.val"/><short value="ReferralRequest"/><definition value="Used to record and send details about a request for referral service or transfer of a patient to the care of another provider or provider organization."/><min value="0"/><type><code value="Reference"/><profile value="http://hl7.org/fhir/us/shr/StructureDefinition/shr-core-ReferralRequest"/></type><maxLength value="0"/><mustSupport value="false"/><isModifier value="false"/><isSummary value="false"/></element><element id="requestintent"><path value="ReferralRequest.extension"/><name value="requestintent"/><definition value="Indicates the level of authority/intentionality associated with the request and where the request fits into the workflow chain."/><min value="1"/><max value="1"/><base><path value="ReferralRequest.extension"/><min value="0"/><max value="*"/></base><type><code value="Extension"/><profile value="http://hl7.org/fhir/us/shr/StructureDefinition/shr-core-RequestIntent-extension"/></type><maxLength value="0"/><mustSupport value="false"/><isModifier value="false"/><isSummary value="false"/></element><element id="ReferralRequest-ReferralRequest.extension-requestintent.val1"><path value="ReferralRequest.extension.valueCodeableConcept"/><name value="ReferralRequest-ReferralRequest.extension-requestintent.val1"/><min value="0"/><maxLength value="0"/><mustSupport value="false"/><isModifier value="false"/><isSummary value="false"/><binding><strength value="required"/><valueSetReference><reference value="http://hl7.org/fhir/ValueSet/request-intent"/></valueSetReference></binding></element><element id="reasonreference"><path value="ReferralRequest.extension"/><name value="reasonreference"/><definition value="The justification, as reference to a condition or observation."/><min value="0"/><max value="*"/><base><path value="ReferralRequest.extension"/><min value="0"/><max value="*"/></base><type><code value="Extension"/><profile value="http://hl7.org/fhir/us/shr/StructureDefinition/shr-core-ReasonReference-extension"/></type><maxLength value="0"/><mustSupport value="false"/><isModifier value="false"/><isSummary value="false"/></element><element id="expectedperformertype"><path value="ReferralRequest.extension"/><name value="expectedperformertype"/><definition value="What type of party should carry out the testing."/><min value="0"/><max value="1"/><base><path value="ReferralRequest.extension"/><min value="0"/><max value="*"/></base><type><code value="Extension"/><profile value="http://hl7.org/fhir/us/shr/StructureDefinition/shr-core-ExpectedPerformerType-extension"/></type><maxLength value="0"/><mustSupport value="false"/><isModifier value="false"/><isSummary value="false"/></element><element id="annotation"><path value="ReferralRequest.extension"/><name value="annotation"/><definition value="An added or follow-up note, often after the fact, that contains metadata about who made the statement and when."/><min value="0"/><max value="*"/><base><path value="ReferralRequest.extension"/><min value="0"/><max value="*"/></base><type><code value="Extension"/><profile value="http://hl7.org/fhir/us/shr/StructureDefinition/shr-core-Annotation-extension"/></type><maxLength value="0"/><mustSupport value="false"/><isModifier value="false"/><isSummary value="false"/></element><element id="communicationmethod"><path value="ReferralRequest.extension"/><name value="communicationmethod"/><definition value="This is the method the provider used to communicate. Examples include: Written, Telephoned, Verbal, Electronically Entered, Policy, Service Correction, Duplicate, etc. &#39;Code indicating the origin of the prescription.&#39; - NCPDP Telecommunication (Field 419-DJ, Data Dictionary 201104). Possible values include: Written; Telephone; Electronic; Facsimile; Pharmacy; Not Known."/><min value="0"/><max value="1"/><base><path value="ReferralRequest.extension"/><min value="0"/><max value="*"/></base><type><code value="Extension"/><profile value="http://hl7.org/fhir/us/shr/StructureDefinition/shr-core-CommunicationMethod-extension"/></type><maxLength value="0"/><mustSupport value="false"/><isModifier value="false"/><isSummary value="false"/></element><element id="referralrecipient"><path value="ReferralRequest.extension"/><name value="referralrecipient"/><definition value="The practitioner or organization receiving the referral."/><min value="0"/><max value="*"/><base><path value="ReferralRequest.extension"/><min value="0"/><max value="*"/></base><type><code value="Extension"/><profile value="http://hl7.org/fhir/us/shr/StructureDefinition/shr-core-ReferralRecipient-extension"/></type><maxLength value="0"/><mustSupport value="false"/><isModifier value="false"/><isSummary value="false"/></element><element id="ReferralRequest-ReferralRequest.type"><path value="ReferralRequest.type"/><name value="ReferralRequest-ReferralRequest.type"/><min value="0"/><maxLength value="0"/><mustSupport value="false"/><isModifier value="false"/><isSummary value="false"/><binding><strength value="example"/><valueSetReference><reference value="http://hl7.org/fhir/ValueSet/referral-type"/></valueSetReference></binding></element><element id="ReferralRequest-ReferralRequest.priority"><path value="ReferralRequest.priority"/><name value="ReferralRequest-ReferralRequest.priority"/><min value="0"/><maxLength value="0"/><mustSupport value="false"/><isModifier value="false"/><isSummary value="false"/><binding><strength value="required"/><valueSetReference><reference value="http://hl7.org/fhir/ValueSet/request-priority"/></valueSetReference></binding></element><element id="ReferralRequest-ReferralRequest.patient"><path value="ReferralRequest.patient"/><name value="ReferralRequest-ReferralRequest.patient"/><min value="1"/><max value="1"/><base><path value="ReferralRequest.patient"/><min value="0"/><max value="1"/></base><type><code value="Reference"/><profile value="http://hl7.org/fhir/us/shr/StructureDefinition/shr-core-Patient"/></type><maxLength value="0"/><mustSupport value="false"/><isModifier value="false"/><isSummary value="false"/></element><element id="ReferralRequest-ReferralRequest.requester"><path value="ReferralRequest.requester"/><name value="ReferralRequest-ReferralRequest.requester"/><min value="0"/><type><code value="Reference"/><profile value="http://hl7.org/fhir/us/shr/StructureDefinition/shr-core-Practitioner"/><profile value="http://hl7.org/fhir/us/shr/StructureDefinition/shr-core-Organization"/><profile value="http://hl7.org/fhir/us/shr/StructureDefinition/shr-core-Patient"/></type><maxLength value="0"/><mustSupport value="false"/><isModifier value="false"/><isSummary value="false"/></element><element id="ReferralRequest-ReferralRequest.recipient"><path value="ReferralRequest.recipient"/><name value="ReferralRequest-ReferralRequest.recipient"/><min value="0"/><max value="1"/><base><path value="ReferralRequest.recipient"/><min value="0"/><max value="*"/></base><type><code value="Reference"/><profile value="http://hl7.org/fhir/us/shr/StructureDefinition/shr-core-Practitioner"/><profile value="http://hl7.org/fhir/us/shr/StructureDefinition/shr-core-Organization"/></type><maxLength value="0"/><mustSupport value="false"/><isModifier value="false"/><isSummary value="false"/></element><element id="ReferralRequest-ReferralRequest.encounter"><path value="ReferralRequest.encounter"/><name value="ReferralRequest-ReferralRequest.encounter"/><min value="0"/><type><code value="Reference"/><profile value="http://hl7.org/fhir/us/shr/StructureDefinition/shr-core-Encounter"/></type><maxLength value="0"/><mustSupport value="false"/><isModifier value="false"/><isSummary value="false"/></element><element id="ReferralRequest-ReferralRequest.serviceRequested"><path value="ReferralRequest.serviceRequested"/><name value="ReferralRequest-ReferralRequest.serviceRequested"/><min value="0"/><maxLength value="0"/><mustSupport value="false"/><isModifier value="false"/><isSummary value="false"/><binding><strength value="example"/><valueSetReference><reference value="http://hl7.org/fhir/ValueSet/service-type"/></valueSetReference></binding></element><element id="ReferralRequest-ReferralRequest.supportingInformation"><path value="ReferralRequest.supportingInformation"/><name value="ReferralRequest-ReferralRequest.supportingInformation"/><min value="0"/><type><code value="Reference"/><profile value="http://hl7.org/fhir/us/shr/StructureDefinition/shr-core-DomainResource"/></type><maxLength value="0"/><mustSupport value="false"/><isModifier value="false"/><isSummary value="false"/></element></differential></StructureDefinition>