<?xml version="1.0" encoding="UTF-8"?><ValueSet xmlns="http://hl7.org/fhir"><id value="onco-core-HistologyMorphologyBehaviorVS"/><text><status value="generated"/><div xmlns="http://www.w3.org/1999/xhtml">
<p><b>HistologyMorphologyBehaviorVS ValueSet</b></p>
<p>Codes representing the structure, arrangement, and behavioral characteristics of tumors and cancer cells. Codes are preferrably taken from the SNOMED CT hierarchy under 108369006 Neoplasm (morphologic abnormality). ICD-O-3 morphology codes (including behavior suffix) can also be used, although they are not included in the value set for intellectual property reasons. For primary cancers, the ICD-O-3 behavior suffix should be /1, /2, or /3. For secondary cancers, the ICD-O-3 behavior suffix should be /6 or /9. Only SNOMED CT and ICD-O-3 are considered conformant to the specification.</p>
</div></text><url value="http://hl7.org/fhir/us/mcode/onco/core/vs/HistologyMorphologyBehaviorVS"/><identifier><system value="http://hl7.org/fhir/us/mcode"/><value value="onco.core.HistologyMorphologyBehaviorVS"/></identifier><version value="0.9.0"/><name value="HistologyMorphologyBehaviorVS"/><status value="draft"/><publisher value="The MITRE Corporation"/><contact><telecom><system value="other"/><value value="http://standardhealthrecord.org"/><rank value="0"/></telecom></contact><date value="2019-04-17T00:00:00-04:00"/><description value="Codes representing the structure, arrangement, and behavioral characteristics of tumors and cancer cells. Codes are preferrably taken from the SNOMED CT hierarchy under 108369006 Neoplasm (morphologic abnormality). ICD-O-3 morphology codes (including behavior suffix) can also be used, although they are not included in the value set for intellectual property reasons. For primary cancers, the ICD-O-3 behavior suffix should be /1, /2, or /3. For secondary cancers, the ICD-O-3 behavior suffix should be /6 or /9. Only SNOMED CT and ICD-O-3 are considered conformant to the specification."/><immutable value="false"/><compose><include><system value="http://snomed.info/sct"/><filter><property value="concept"/><op value="is-a"/><value value="108369006"/></filter></include></compose></ValueSet>