<?xml version="1.0" encoding="UTF-8"?><ValueSet xmlns="http://hl7.org/fhir"><id value="shr-core-ActiveOrInactiveVS"/><text><status value="generated"/><div xmlns="http://www.w3.org/1999/xhtml">
<p><b>ActiveOrInactiveVS ValueSet</b></p>
<p>Status values indicating the resource is either active or inactive.</p>
</div></text><url value="http://hl7.org/fhir/us/mcode/shr/core/vs/ActiveOrInactiveVS"/><identifier><system value="http://hl7.org/fhir/us/mcode"/><value value="shr.core.ActiveOrInactiveVS"/></identifier><version value="0.9.0"/><name value="ActiveOrInactiveVS"/><status value="draft"/><publisher value="The MITRE Corporation"/><contact><telecom><system value="other"/><value value="http://standardhealthrecord.org"/><rank value="0"/></telecom></contact><date value="2019-04-17T00:00:00-04:00"/><description value="Status values indicating the resource is either active or inactive."/><immutable value="false"/><compose><include><system value="http://snomed.info/sct"/><concept><code value="55561003"/><display value="Active"/></concept><concept><code value="73425007"/><display value="Inactive"/></concept></include></compose></ValueSet>