<?xml version="1.0" encoding="UTF-8"?><ValueSet xmlns="http://hl7.org/fhir"><id value="shr-lab-EquivalentUnitsVS-g-per-L"/><text><status value="generated"/><div xmlns="http://www.w3.org/1999/xhtml">
<p><b>EquivalentUnitsVS-g-per-L ValueSet</b></p>
<p>Units equivalent to g/L</p>
</div></text><url value="http://hl7.org/fhir/us/mcode/shr/lab/vs/EquivalentUnitsVS-g-per-L"/><identifier><system value="http://hl7.org/fhir/us/mcode"/><value value="shr.lab.EquivalentUnitsVS-g-per-L"/></identifier><version value="0.9.0"/><name value="EquivalentUnitsVS-g-per-L"/><status value="draft"/><publisher value="The MITRE Corporation"/><contact><telecom><system value="other"/><value value="http://standardhealthrecord.org"/><rank value="0"/></telecom></contact><date value="2019-04-17T00:00:00-04:00"/><description value="Units equivalent to g/L"/><immutable value="false"/><compose><include><system value="http://unitsofmeasure.org"/><concept><code value="g/L"/><display value="Grams per liter"/></concept><concept><code value="mg/mL"/><display value="Milligrams per milliliter"/></concept><concept><code value="ug/uL"/><display value="Micrograms per microliter"/></concept></include></compose></ValueSet>