<?xml version="1.0" encoding="UTF-8"?><StructureDefinition xmlns="http://hl7.org/fhir"><id value="shr-core-LanguageQualifier-model"/><text><status value="generated"/><div xmlns="http://www.w3.org/1999/xhtml">
  <p><b>LanguageQualifier Logical Model</b></p>
  <p>Additional information about a person&#39;s use of language.</p>
</div></text><url value="http://hl7.org/fhir/us/shr/StructureDefinition/shr-core-LanguageQualifier-model"/><identifier><system value="http://hl7.org/fhir/us/sw"/><value value="shr.core.LanguageQualifier"/></identifier><version value="0.5.0"/><name value="LanguageQualifier"/><title value="shr-core-LanguageQualifier"/><status value="draft"/><date value="2019-03-30T00:00:00-04:00"/><publisher value="HL7 Patient Care and Clinical Information Modeling Initiative Work Groups"/><contact><telecom><system value="url"/><value value="http://standardhealthrecord.org"/></telecom></contact><description value="Additional information about a person&#39;s use of language."/><fhirVersion value="3.0.1"/><kind value="logical"/><abstract value="false"/><type value="shr-core-LanguageQualifier-model"/><baseDefinition value="http://hl7.org/fhir/StructureDefinition/Element"/><derivation value="specialization"/><snapshot><element id="shr-core-LanguageQualifier-model"><path value="shr-core-LanguageQualifier-model"/><definition value="Additional information about a person&#39;s use of language."/><min value="0"/><max value="*"/><base><path value="shr-core-LanguageQualifier-model"/><min value="0"/><max value="*"/></base><mustSupport value="false"/><isModifier value="false"/><isSummary value="false"/></element><element id="shr-core-LanguageQualifier-model.value"><path value="shr-core-LanguageQualifier-model.value"/><short value="Code representing additional information about a person&#39;s use of language."/><definition value="Code representing additional information about a person&#39;s use of language."/><min value="1"/><max value="1"/><base><path value="shr-core-LanguageQualifier-model.value"/><min value="1"/><max value="1"/></base><type><code value="Coding"/></type><mustSupport value="false"/><isModifier value="false"/><isSummary value="false"/><binding><strength value="required"/><valueSetReference><reference value="http://hl7.org/fhir/us/sw/shr/core/vs/LanguageQualifierVS"/></valueSetReference></binding></element></snapshot><differential><element id="shr-core-LanguageQualifier-model"><path value="shr-core-LanguageQualifier-model"/><definition value="Additional information about a person&#39;s use of language."/><min value="0"/><max value="*"/><base><path value="shr-core-LanguageQualifier-model"/><min value="0"/><max value="*"/></base><mustSupport value="false"/><isModifier value="false"/><isSummary value="false"/></element><element id="shr-core-LanguageQualifier-model.value"><path value="shr-core-LanguageQualifier-model.value"/><short value="Code representing additional information about a person&#39;s use of language."/><definition value="Code representing additional information about a person&#39;s use of language."/><min value="1"/><max value="1"/><base><path value="shr-core-LanguageQualifier-model.value"/><min value="1"/><max value="1"/></base><type><code value="Coding"/></type><mustSupport value="false"/><isModifier value="false"/><isSummary value="false"/><binding><strength value="required"/><valueSetReference><reference value="http://hl7.org/fhir/us/sw/shr/core/vs/LanguageQualifierVS"/></valueSetReference></binding></element></differential></StructureDefinition>