<?xml version="1.0" encoding="UTF-8"?><StructureDefinition xmlns="http://hl7.org/fhir"><id value="shr-core-Resource-model"/><text><status value="generated"/><div xmlns="http://www.w3.org/1999/xhtml">
  <p><b>Resource Logical Model</b></p>
  <p>Parent class for any item in clinical or administrative health-related system. Contains metadata attributes that apply to any item represented in the standard health record. An DomainResource can belong to a single person&#39;s health record, or represent an entity that surfaces in multiple records, such as organizations, providers, payments, decision support artifacts, etc.</p>
</div></text><url value="http://hl7.org/fhir/us/shr/StructureDefinition/shr-core-Resource-model"/><identifier><system value="http://hl7.org/fhir/us/sw"/><value value="shr.core.Resource"/></identifier><version value="0.5.0"/><name value="Resource"/><title value="shr-core-Resource"/><status value="draft"/><date value="2019-03-31T00:00:00-04:00"/><publisher value="HL7 Patient Care and Clinical Information Modeling Initiative Work Groups"/><contact><telecom><system value="url"/><value value="http://standardhealthrecord.org"/></telecom></contact><description value="Parent class for any item in clinical or administrative health-related system. Contains metadata attributes that apply to any item represented in the standard health record. An DomainResource can belong to a single person&#39;s health record, or represent an entity that surfaces in multiple records, such as organizations, providers, payments, decision support artifacts, etc."/><fhirVersion value="3.0.1"/><kind value="logical"/><abstract value="false"/><type value="shr-core-Resource-model"/><baseDefinition value="http://hl7.org/fhir/StructureDefinition/Element"/><derivation value="specialization"/><snapshot><element id="shr-core-Resource-model"><path value="shr-core-Resource-model"/><definition value="Parent class for any item in clinical or administrative health-related system. Contains metadata attributes that apply to any item represented in the standard health record. An DomainResource can belong to a single person&#39;s health record, or represent an entity that surfaces in multiple records, such as organizations, providers, payments, decision support artifacts, etc."/><min value="0"/><max value="*"/><base><path value="shr-core-Resource-model"/><min value="0"/><max value="*"/></base><mustSupport value="false"/><isModifier value="false"/><isSummary value="false"/></element><element id="shr-core-Resource-model.metadata"><path value="shr-core-Resource-model.metadata"/><short value="Elements that belong to all information items."/><definition value="Elements that belong to all information items."/><min value="0"/><max value="1"/><base><path value="shr-core-Resource-model.metadata"/><min value="0"/><max value="1"/></base><type><code value="http://hl7.org/fhir/us/shr/StructureDefinition/shr-core-Metadata-model"/></type><mustSupport value="false"/><isModifier value="false"/><isSummary value="false"/></element><element id="shr-core-Resource-model.language"><path value="shr-core-Resource-model.language"/><code><system value="http://ncimeta.nci.nih.gov"/><code value="C0023008"/></code><short value="A human language, spoken or written."/><definition value="A human language, spoken or written."/><min value="0"/><max value="1"/><base><path value="shr-core-Resource-model.language"/><min value="0"/><max value="1"/></base><type><code value="Coding"/></type><mustSupport value="false"/><isModifier value="false"/><isSummary value="false"/></element><element id="shr-core-Resource-model.implicitRules"><path value="shr-core-Resource-model.implicitRules"/><short value="A set of rules under which this content was created"/><definition value="A set of rules under which this content was created"/><min value="0"/><max value="1"/><base><path value="shr-core-Resource-model.implicitRules"/><min value="0"/><max value="1"/></base><type><code value="uri"/></type><mustSupport value="false"/><isModifier value="false"/><isSummary value="false"/></element></snapshot><differential><element id="shr-core-Resource-model"><path value="shr-core-Resource-model"/><definition value="Parent class for any item in clinical or administrative health-related system. Contains metadata attributes that apply to any item represented in the standard health record. An DomainResource can belong to a single person&#39;s health record, or represent an entity that surfaces in multiple records, such as organizations, providers, payments, decision support artifacts, etc."/><min value="0"/><max value="*"/><base><path value="shr-core-Resource-model"/><min value="0"/><max value="*"/></base><mustSupport value="false"/><isModifier value="false"/><isSummary value="false"/></element><element id="shr-core-Resource-model.metadata"><path value="shr-core-Resource-model.metadata"/><short value="Elements that belong to all information items."/><definition value="Elements that belong to all information items."/><min value="0"/><max value="1"/><base><path value="shr-core-Resource-model.metadata"/><min value="0"/><max value="1"/></base><type><code value="http://hl7.org/fhir/us/shr/StructureDefinition/shr-core-Metadata-model"/></type><mustSupport value="false"/><isModifier value="false"/><isSummary value="false"/></element><element id="shr-core-Resource-model.language"><path value="shr-core-Resource-model.language"/><code><system value="http://ncimeta.nci.nih.gov"/><code value="C0023008"/></code><short value="A human language, spoken or written."/><definition value="A human language, spoken or written."/><min value="0"/><max value="1"/><base><path value="shr-core-Resource-model.language"/><min value="0"/><max value="1"/></base><type><code value="Coding"/></type><mustSupport value="false"/><isModifier value="false"/><isSummary value="false"/></element><element id="shr-core-Resource-model.implicitRules"><path value="shr-core-Resource-model.implicitRules"/><short value="A set of rules under which this content was created"/><definition value="A set of rules under which this content was created"/><min value="0"/><max value="1"/><base><path value="shr-core-Resource-model.implicitRules"/><min value="0"/><max value="1"/></base><type><code value="uri"/></type><mustSupport value="false"/><isModifier value="false"/><isSummary value="false"/></element></differential></StructureDefinition>