<?xml version="1.0" encoding="UTF-8"?><StructureDefinition xmlns="http://hl7.org/fhir"><id value="shr-core-Purpose-model"/><text><status value="generated"/><div xmlns="http://www.w3.org/1999/xhtml">
  <p><b>Purpose Logical Model</b></p>
  <p>What it should be used for.</p>
</div></text><url value="http://hl7.org/fhir/us/shr/StructureDefinition/shr-core-Purpose-model"/><identifier><system value="http://hl7.org/fhir/us/sw"/><value value="shr.core.Purpose"/></identifier><version value="0.5.0"/><name value="Purpose"/><title value="shr-core-Purpose"/><status value="draft"/><date value="2019-03-31T00:00:00-04:00"/><publisher value="HL7 Patient Care and Clinical Information Modeling Initiative Work Groups"/><contact><telecom><system value="url"/><value value="http://standardhealthrecord.org"/></telecom></contact><description value="What it should be used for."/><fhirVersion value="3.0.1"/><kind value="logical"/><abstract value="false"/><type value="shr-core-Purpose-model"/><baseDefinition value="http://hl7.org/fhir/StructureDefinition/Element"/><derivation value="specialization"/><snapshot><element id="shr-core-Purpose-model"><path value="shr-core-Purpose-model"/><definition value="What it should be used for."/><min value="0"/><max value="*"/><base><path value="shr-core-Purpose-model"/><min value="0"/><max value="*"/></base><mustSupport value="false"/><isModifier value="false"/><isSummary value="false"/></element><element id="shr-core-Purpose-model.value"><path value="shr-core-Purpose-model.value"/><short value="Code representing what it should be used for."/><definition value="Code representing what it should be used for."/><min value="1"/><max value="1"/><base><path value="shr-core-Purpose-model.value"/><min value="1"/><max value="1"/></base><type><code value="Coding"/></type><mustSupport value="false"/><isModifier value="false"/><isSummary value="false"/></element></snapshot><differential><element id="shr-core-Purpose-model"><path value="shr-core-Purpose-model"/><definition value="What it should be used for."/><min value="0"/><max value="*"/><base><path value="shr-core-Purpose-model"/><min value="0"/><max value="*"/></base><mustSupport value="false"/><isModifier value="false"/><isSummary value="false"/></element><element id="shr-core-Purpose-model.value"><path value="shr-core-Purpose-model.value"/><short value="Code representing what it should be used for."/><definition value="Code representing what it should be used for."/><min value="1"/><max value="1"/><base><path value="shr-core-Purpose-model.value"/><min value="1"/><max value="1"/></base><type><code value="Coding"/></type><mustSupport value="false"/><isModifier value="false"/><isSummary value="false"/></element></differential></StructureDefinition>