<?xml version="1.0" encoding="UTF-8"?><StructureDefinition xmlns="http://hl7.org/fhir"><id value="shr-core-NationalProviderIdentifier"/><text><status value="generated"/><div xmlns="http://www.w3.org/1999/xhtml">
  <p><b>NationalProviderIdentifier Profile</b></p>
  <p>NPI: a unique 10 digit number to allow US healthcare providers to identify themselves in a standard way throughout the healthcare industry.</p>
  <p><b>Mapping Summary</b></p>
  <p><pre>shr.core.NationalProviderIdentifier maps to Identifier:
  IdentifierString maps to value
  Purpose maps to use
  Type maps to type
  CodeSystem maps to system
  EffectiveTimePeriod maps to period
</pre></p>
</div></text><url value="http://hl7.org/fhir/us/shr/StructureDefinition/shr-core-NationalProviderIdentifier"/><identifier><system value="http://hl7.org/fhir/us/sw"/><value value="shr.core.NationalProviderIdentifier"/></identifier><version value="0.5.0"/><name value="NationalProviderIdentifier"/><title value="shr-core-NationalProviderIdentifier"/><status value="draft"/><date value="2019-03-31T00:00:00-04:00"/><publisher value="HL7 Patient Care and Clinical Information Modeling Initiative Work Groups"/><contact><telecom><system value="url"/><value value="http://standardhealthrecord.org"/></telecom></contact><description value="NPI: a unique 10 digit number to allow US healthcare providers to identify themselves in a standard way throughout the healthcare industry."/><purpose value="Need to be able to identify things with confidence and be sure that the identification is not subject to misinterpretation."/><fhirVersion value="3.0.1"/><mapping><identity value="v2"/><uri value="http://hl7.org/v2"/><name value="HL7 v2 Mapping"/></mapping><mapping><identity value="rim"/><uri value="http://hl7.org/v3"/><name value="RIM Mapping"/></mapping><mapping><identity value="servd"/><uri value="http://www.omg.org/spec/ServD/1.0/"/><name value="ServD"/></mapping><kind value="complex-type"/><abstract value="false"/><type value="Identifier"/><baseDefinition value="http://hl7.org/fhir/StructureDefinition/Identifier"/><derivation value="constraint"/><snapshot><element id="Identifier:shr-core-NationalProviderIdentifier"><path value="Identifier"/><short value="shr-core-NationalProviderIdentifier"/><definition value="NPI: a unique 10 digit number to allow US healthcare providers to identify themselves in a standard way throughout the healthcare industry."/><min value="0"/><max value="*"/><condition value="ele-1"/><constraint><key value="ele-1"/><severity value="error"/><human value="All FHIR elements must have a @value or children"/><expression value="hasValue() | (children().count() &gt; id.count())"/><xpath value="@value|f:*|h:div"/><source value="Element"/></constraint><mapping><identity value="rim"/><map value="n/a"/></mapping><mapping><identity value="v2"/><map value="CX / EI (occasionally, more often EI maps to a resource id or a URL)"/></mapping><mapping><identity value="rim"/><map value="II - see see identifier pattern at http://wiki.hl7.org/index.php?title=Common_Design_Patterns#Identifier_Pattern for relevant discussion. The Identifier class is a little looser than the v3 type II because it allows URIs as well as registered OIDs or GUIDs.  Also maps to Role[classCode=IDENT]"/></mapping><mapping><identity value="servd"/><map value="Identifier"/></mapping></element><element id="Identifier:shr-core-NationalProviderIdentifier.id"><path value="Identifier.id"/><representation value="xmlAttr"/><short value="xml:id (or equivalent in JSON)"/><definition value="unique id for the element within a resource (for internal references). This may be any string value that does not contain spaces."/><min value="0"/><max value="1"/><base><path value="Element.id"/><min value="0"/><max value="1"/></base><type><code value="string"/></type><mapping><identity value="rim"/><map value="n/a"/></mapping></element><element id="Identifier:shr-core-NationalProviderIdentifier.extension"><path value="Identifier.extension"/><slicing><discriminator><type value="value"/><path value="url"/></discriminator><description value="Extensions are always sliced by (at least) url"/><rules value="open"/></slicing><short value="Additional Content defined by implementations"/><definition value="May be used to represent additional information that is not part of the basic definition of the element. In order to make the use of extensions safe and manageable, there is a strict set of governance  applied to the definition and use of extensions. Though any implementer is allowed to define an extension, there is a set of requirements that SHALL be met as part of the definition of the extension."/><comment value="There can be no stigma associated with the use of extensions by any application, project, or standard - regardless of the institution or jurisdiction that uses or defines the extensions.  The use of extensions is what allows the FHIR specification to retain a core level of simplicity for everyone."/><alias value="extensions"/><alias value="user content"/><min value="0"/><max value="*"/><base><path value="Element.extension"/><min value="0"/><max value="*"/></base><type><code value="Extension"/></type><mapping><identity value="rim"/><map value="n/a"/></mapping></element><element id="Identifier:shr-core-NationalProviderIdentifier.use"><path value="Identifier.use"/><short value="usual | official | temp | secondary (If known)"/><definition value="The purpose of this identifier."/><comment value="This is labeled as &quot;Is Modifier&quot; because applications should not mistake a temporary id for a permanent one. Applications can assume that an identifier is permanent unless it explicitly says that it is temporary."/><requirements value="Allows the appropriate identifier for a particular context of use to be selected from among a set of identifiers."/><min value="0"/><max value="1"/><type><code value="code"/></type><isModifier value="true"/><isSummary value="true"/><binding><extension url="http://hl7.org/fhir/StructureDefinition/elementdefinition-bindingName"><valueString value="IdentifierUse"/></extension><strength value="required"/><description value="Identifies the purpose for this identifier, if known ."/><valueSetReference><reference value="http://hl7.org/fhir/ValueSet/identifier-use"/></valueSetReference></binding><mapping><identity value="v2"/><map value="N/A"/></mapping><mapping><identity value="rim"/><map value="Role.code or implied by context"/></mapping></element><element id="Identifier:shr-core-NationalProviderIdentifier.type"><path value="Identifier.type"/><short value="Description of identifier"/><definition value="A coded type for the identifier that can be used to determine which identifier to use for a specific purpose."/><comment value="This element deals only with general categories of identifiers.  It SHOULD not be used for codes that correspond 1..1 with the Identifier.system. Some identifiers may fall into multiple categories due to common usage. &#xA;&#xA;Where the system is known, a type is unnecessary because the type is always part of the system definition. However systems often need to handle identifiers where the system is not known. There is not a 1:1 relationship between type and system, since many different systems have the same type."/><requirements value="Allows users to make use of identifiers when the identifier system is not known."/><min value="1"/><max value="1"/><base><path value="Identifier.type"/><min value="0"/><max value="1"/></base><type><code value="CodeableConcept"/></type><isSummary value="true"/><binding><extension url="http://hl7.org/fhir/StructureDefinition/elementdefinition-bindingName"><valueString value="IdentifierType"/></extension><extension url="http://hl7.org/fhir/StructureDefinition/elementdefinition-isCommonBinding"><valueBoolean value="true"/></extension><strength value="extensible"/><description value="A coded type for an identifier that can be used to determine which identifier to use for a specific purpose."/><valueSetReference><reference value="http://hl7.org/fhir/ValueSet/identifier-type"/></valueSetReference></binding><mapping><identity value="v2"/><map value="CX.5"/></mapping><mapping><identity value="rim"/><map value="Role.code or implied by context"/></mapping></element><element id="Identifier:shr-core-NationalProviderIdentifier.type.id"><path value="Identifier.type.id"/><representation value="xmlAttr"/><short value="xml:id (or equivalent in JSON)"/><definition value="unique id for the element within a resource (for internal references). This may be any string value that does not contain spaces."/><min value="0"/><max value="1"/><base><path value="Element.id"/><min value="0"/><max value="1"/></base><type><code value="string"/></type><mapping><identity value="rim"/><map value="n/a"/></mapping></element><element id="Identifier:shr-core-NationalProviderIdentifier.type.extension"><path value="Identifier.type.extension"/><slicing><discriminator><type value="value"/><path value="url"/></discriminator><description value="Extensions are always sliced by (at least) url"/><rules value="open"/></slicing><short value="Additional Content defined by implementations"/><definition value="May be used to represent additional information that is not part of the basic definition of the element. In order to make the use of extensions safe and manageable, there is a strict set of governance  applied to the definition and use of extensions. Though any implementer is allowed to define an extension, there is a set of requirements that SHALL be met as part of the definition of the extension."/><comment value="There can be no stigma associated with the use of extensions by any application, project, or standard - regardless of the institution or jurisdiction that uses or defines the extensions.  The use of extensions is what allows the FHIR specification to retain a core level of simplicity for everyone."/><alias value="extensions"/><alias value="user content"/><min value="0"/><max value="*"/><base><path value="Element.extension"/><min value="0"/><max value="*"/></base><type><code value="Extension"/></type><mapping><identity value="rim"/><map value="n/a"/></mapping></element><element id="Identifier:shr-core-NationalProviderIdentifier.type.coding"><path value="Identifier.type.coding"/><slicing id="1"><discriminator><type value="value"/><path value="code"/></discriminator><ordered value="false"/><rules value="open"/></slicing><short value="Code defined by a terminology system"/><definition value="A reference to a code defined by a terminology system."/><comment value="Codes may be defined very casually in enumerations, or code lists, up to very formal definitions such as SNOMED CT - see the HL7 v3 Core Principles for more information.  Ordering of codings is undefined and SHALL NOT be used to infer meaning. Generally, at most only one of the coding values will be labeled as UserSelected = true."/><requirements value="Allows for translations and alternate encodings within a code system.  Also supports communication of the same instance to systems requiring different encodings."/><min value="1"/><max value="*"/><type><code value="Coding"/></type><isSummary value="true"/><mapping><identity value="v2"/><map value="C*E.1-8, C*E.10-22"/></mapping><mapping><identity value="rim"/><map value="union(., ./translation)"/></mapping><mapping><identity value="orim"/><map value="fhir:CodeableConcept.coding rdfs:subPropertyOf dt:CD.coding"/></mapping></element><element id="Identifier:shr-core-NationalProviderIdentifier.type.coding:Fixed_NPI"><path value="Identifier.type.coding"/><sliceName value="Fixed_NPI"/><definition value="A reference to a code defined by a terminology system."/><min value="1"/><max value="1"/><type><code value="Coding"/></type><isSummary value="true"/></element><element id="Identifier:shr-core-NationalProviderIdentifier.type.coding:Fixed_NPI.id"><path value="Identifier.type.coding.id"/><representation value="xmlAttr"/><short value="xml:id (or equivalent in JSON)"/><definition value="unique id for the element within a resource (for internal references). This may be any string value that does not contain spaces."/><min value="0"/><max value="1"/><base><path value="Element.id"/><min value="0"/><max value="1"/></base><type><code value="string"/></type><mapping><identity value="rim"/><map value="n/a"/></mapping></element><element id="Identifier:shr-core-NationalProviderIdentifier.type.coding:Fixed_NPI.extension"><path value="Identifier.type.coding.extension"/><slicing><discriminator><type value="value"/><path value="url"/></discriminator><description value="Extensions are always sliced by (at least) url"/><rules value="open"/></slicing><short value="Additional Content defined by implementations"/><definition value="May be used to represent additional information that is not part of the basic definition of the element. In order to make the use of extensions safe and manageable, there is a strict set of governance  applied to the definition and use of extensions. Though any implementer is allowed to define an extension, there is a set of requirements that SHALL be met as part of the definition of the extension."/><comment value="There can be no stigma associated with the use of extensions by any application, project, or standard - regardless of the institution or jurisdiction that uses or defines the extensions.  The use of extensions is what allows the FHIR specification to retain a core level of simplicity for everyone."/><alias value="extensions"/><alias value="user content"/><min value="0"/><max value="*"/><base><path value="Element.extension"/><min value="0"/><max value="*"/></base><type><code value="Extension"/></type><mapping><identity value="rim"/><map value="n/a"/></mapping></element><element id="Identifier:shr-core-NationalProviderIdentifier.type.coding:Fixed_NPI.system"><path value="Identifier.type.coding.system"/><short value="Identity of the terminology system"/><definition value="The identification of the code system that defines the meaning of the symbol in the code."/><comment value="The URI may be an OID (urn:oid:...) or a UUID (urn:uuid:...).  OIDs and UUIDs SHALL be references to the HL7 OID registry. Otherwise, the URI should come from HL7&#39;s list of FHIR defined special URIs or it should de-reference to some definition that establish the system clearly and unambiguously."/><requirements value="Need to be unambiguous about the source of the definition of the symbol."/><min value="0"/><max value="1"/><type><code value="uri"/></type><fixedUri value="http://terminology.hl7.org/CodeSystem/v2-0203"/><isSummary value="true"/><mapping><identity value="v2"/><map value="C*E.3"/></mapping><mapping><identity value="rim"/><map value="./codeSystem"/></mapping><mapping><identity value="orim"/><map value="fhir:Coding.system rdfs:subPropertyOf dt:CDCoding.codeSystem"/></mapping></element><element id="Identifier:shr-core-NationalProviderIdentifier.type.coding:Fixed_NPI.version"><path value="Identifier.type.coding.version"/><short value="Version of the system - if relevant"/><definition value="The version of the code system which was used when choosing this code. Note that a well-maintained code system does not need the version reported, because the meaning of codes is consistent across versions. However this cannot consistently be assured. and when the meaning is not guaranteed to be consistent, the version SHOULD be exchanged."/><comment value="Where the terminology does not clearly define what string should be used to identify code system versions, the recommendation is to use the date (expressed in FHIR date format) on which that version was officially published as the version date."/><min value="0"/><max value="1"/><type><code value="string"/></type><isSummary value="true"/><mapping><identity value="v2"/><map value="C*E.7"/></mapping><mapping><identity value="rim"/><map value="./codeSystemVersion"/></mapping><mapping><identity value="orim"/><map value="fhir:Coding.version rdfs:subPropertyOf dt:CDCoding.codeSystemVersion"/></mapping></element><element id="Identifier:shr-core-NationalProviderIdentifier.type.coding:Fixed_NPI.code"><path value="Identifier.type.coding.code"/><short value="Symbol in syntax defined by the system"/><definition value="A symbol in syntax defined by the system. The symbol may be a predefined code or an expression in a syntax defined by the coding system (e.g. post-coordination)."/><requirements value="Need to refer to a particular code in the system."/><min value="0"/><max value="1"/><type><code value="code"/></type><fixedCode value="NPI"/><isSummary value="true"/><mapping><identity value="v2"/><map value="C*E.1"/></mapping><mapping><identity value="rim"/><map value="./code"/></mapping><mapping><identity value="orim"/><map value="fhir:Coding.code rdfs:subPropertyOf dt:CDCoding.code"/></mapping></element><element id="Identifier:shr-core-NationalProviderIdentifier.type.coding:Fixed_NPI.display"><extension url="http://hl7.org/fhir/StructureDefinition/elementdefinition-translatable"><valueBoolean value="true"/></extension><path value="Identifier.type.coding.display"/><short value="Representation defined by the system"/><definition value="A representation of the meaning of the code in the system, following the rules of the system."/><requirements value="Need to be able to carry a human-readable meaning of the code for readers that do not know  the system."/><min value="0"/><max value="1"/><type><code value="string"/></type><isSummary value="true"/><mapping><identity value="v2"/><map value="C*E.2 - but note this is not well followed"/></mapping><mapping><identity value="rim"/><map value="CV.displayName"/></mapping><mapping><identity value="orim"/><map value="fhir:Coding.display rdfs:subPropertyOf dt:CDCoding.displayName"/></mapping></element><element id="Identifier:shr-core-NationalProviderIdentifier.type.coding:Fixed_NPI.userSelected"><path value="Identifier.type.coding.userSelected"/><short value="If this coding was chosen directly by the user"/><definition value="Indicates that this coding was chosen by a user directly - i.e. off a pick list of available items (codes or displays)."/><comment value="Amongst a set of alternatives, a directly chosen code is the most appropriate starting point for new translations. There is some ambiguity about what exactly &#39;directly chosen&#39; implies, and trading partner agreement may be needed to clarify the use of this element and its consequences more completely."/><requirements value="This has been identified as a clinical safety criterium - that this exact system/code pair was chosen explicitly, rather than inferred by the system based on some rules or language processing."/><min value="0"/><max value="1"/><type><code value="boolean"/></type><isSummary value="true"/><mapping><identity value="v2"/><map value="Sometimes implied by being first"/></mapping><mapping><identity value="rim"/><map value="CD.codingRationale"/></mapping><mapping><identity value="orim"/><map value="fhir:Coding.userSelected fhir:mapsTo dt:CDCoding.codingRationale. fhir:Coding.userSelected fhir:hasMap fhir:Coding.userSelected.map. fhir:Coding.userSelected.map a fhir:Map;   fhir:target dt:CDCoding.codingRationale. fhir:Coding.userSelected\#true a [     fhir:source &quot;true&quot;;     fhir:target dt:CDCoding.codingRationale\#O   ]"/></mapping></element><element id="Identifier:shr-core-NationalProviderIdentifier.type.text"><extension url="http://hl7.org/fhir/StructureDefinition/elementdefinition-translatable"><valueBoolean value="true"/></extension><path value="Identifier.type.text"/><short value="Plain text representation of the concept"/><definition value="A human language representation of the concept as seen/selected/uttered by the user who entered the data and/or which represents the intended meaning of the user."/><comment value="Very often the text is the same as a displayName of one of the codings."/><requirements value="The codes from the terminologies do not always capture the correct meaning with all the nuances of the human using them, or sometimes there is no appropriate code at all. In these cases, the text is used to capture the full meaning of the source."/><min value="0"/><max value="1"/><type><code value="string"/></type><isSummary value="true"/><mapping><identity value="v2"/><map value="C*E.9. But note many systems use C*E.2 for this"/></mapping><mapping><identity value="rim"/><map value="./originalText[mediaType/code=&quot;text/plain&quot;]/data"/></mapping><mapping><identity value="orim"/><map value="fhir:CodeableConcept.text rdfs:subPropertyOf dt:CD.originalText"/></mapping></element><element id="Identifier:shr-core-NationalProviderIdentifier.system"><path value="Identifier.system"/><short value="The namespace for the identifier value"/><definition value="Establishes the namespace for the value - that is, a URL that describes a set values that are unique."/><requirements value="There are many sets  of identifiers.  To perform matching of two identifiers, we need to know what set we&#39;re dealing with. The system identifies a particular set of unique identifiers."/><min value="0"/><max value="1"/><type><code value="uri"/></type><isSummary value="true"/><mapping><identity value="v2"/><map value="CX.4 / EI-2-4"/></mapping><mapping><identity value="rim"/><map value="II.root or Role.id.root"/></mapping><mapping><identity value="servd"/><map value="./IdentifierType"/></mapping></element><element id="Identifier:shr-core-NationalProviderIdentifier.value"><path value="Identifier.value"/><short value="The value that is unique"/><definition value="The portion of the identifier typically relevant to the user and which is unique within the context of the system."/><comment value="If the value is a full URI, then the system SHALL be urn:ietf:rfc:3986.  The value&#39;s primary purpose is computational mapping.  As a result, it may be normalized for comparison purposes (e.g. removing non-significant whitespace, dashes, etc.)  A value formatted for human display can be conveyed using the [Rendered Value extension](extension-rendered-value.html)."/><min value="0"/><max value="1"/><type><code value="string"/></type><isSummary value="true"/><mapping><identity value="v2"/><map value="CX.1 / EI.1"/></mapping><mapping><identity value="rim"/><map value="II.extension or II.root if system indicates OID or GUID (Or Role.id.extension or root)"/></mapping><mapping><identity value="servd"/><map value="./Value"/></mapping></element><element id="Identifier:shr-core-NationalProviderIdentifier.period"><path value="Identifier.period"/><short value="Time period when id is/was valid for use"/><definition value="Time period during which identifier is/was valid for use."/><min value="0"/><max value="1"/><type><code value="Period"/></type><isSummary value="true"/><mapping><identity value="v2"/><map value="CX.7 + CX.8"/></mapping><mapping><identity value="rim"/><map value="Role.effectiveTime or implied by context"/></mapping><mapping><identity value="servd"/><map value="./StartDate and ./EndDate"/></mapping></element><element id="Identifier:shr-core-NationalProviderIdentifier.assigner"><path value="Identifier.assigner"/><short value="Organization that issued id (may be just text)"/><definition value="Organization that issued/manages the identifier."/><comment value="The Identifier.assigner may omit the .reference element and only contain a .display element reflecting the name or other textual information about the assigning organization."/><min value="0"/><max value="1"/><type><code value="Reference"/><targetProfile value="http://hl7.org/fhir/StructureDefinition/Organization"/></type><isSummary value="true"/><mapping><identity value="v2"/><map value="CX.4 / (CX.4,CX.9,CX.10)"/></mapping><mapping><identity value="rim"/><map value="II.assigningAuthorityName but note that this is an improper use by the definition of the field.  Also Role.scoper"/></mapping><mapping><identity value="servd"/><map value="./IdentifierIssuingAuthority"/></mapping></element></snapshot><differential><element id="Identifier:shr-core-NationalProviderIdentifier"><path value="Identifier"/><short value="shr-core-NationalProviderIdentifier"/><definition value="NPI: a unique 10 digit number to allow US healthcare providers to identify themselves in a standard way throughout the healthcare industry."/></element><element id="Identifier:shr-core-NationalProviderIdentifier.type"><path value="Identifier.type"/><min value="1"/><max value="1"/><base><path value="Identifier.type"/><min value="0"/><max value="1"/></base></element><element id="Identifier:shr-core-NationalProviderIdentifier.type.coding"><path value="Identifier.type.coding"/><slicing id="1"><discriminator><type value="value"/><path value="code"/></discriminator><ordered value="false"/><rules value="open"/></slicing><min value="1"/><max value="*"/></element><element id="Identifier:shr-core-NationalProviderIdentifier.type.coding:Fixed_NPI"><path value="Identifier.type.coding"/><sliceName value="Fixed_NPI"/><definition value="A reference to a code defined by a terminology system."/><min value="1"/><max value="1"/><type><code value="Coding"/></type><isSummary value="true"/></element><element id="Identifier:shr-core-NationalProviderIdentifier.type.coding:Fixed_NPI.system"><path value="Identifier.type.coding.system"/><fixedUri value="http://terminology.hl7.org/CodeSystem/v2-0203"/></element><element id="Identifier:shr-core-NationalProviderIdentifier.type.coding:Fixed_NPI.code"><path value="Identifier.type.coding.code"/><fixedCode value="NPI"/></element></differential></StructureDefinition>