<?xml version="1.0" encoding="UTF-8"?><StructureDefinition xmlns="http://hl7.org/fhir"><id value="shr-core-ApplicableSubpopulation-model"/><text><status value="generated"/><div xmlns="http://www.w3.org/1999/xhtml">
  <p><b>ApplicableSubpopulation Logical Model</b></p>
  <p>Codes to indicate the target population this reference range applies to. For example, a reference range may be based on the normal population or a particular sex or race.</p>
</div></text><url value="http://hl7.org/fhir/us/shr/StructureDefinition/shr-core-ApplicableSubpopulation-model"/><identifier><system value="http://hl7.org/fhir/us/sw"/><value value="shr.core.ApplicableSubpopulation"/></identifier><version value="0.5.0"/><name value="ApplicableSubpopulation"/><title value="shr-core-ApplicableSubpopulation"/><status value="draft"/><date value="2019-03-31T00:00:00-04:00"/><publisher value="HL7 Patient Care and Clinical Information Modeling Initiative Work Groups"/><contact><telecom><system value="url"/><value value="http://standardhealthrecord.org"/></telecom></contact><description value="Codes to indicate the target population this reference range applies to. For example, a reference range may be based on the normal population or a particular sex or race."/><keyword><system value="http://ncimeta.nci.nih.gov"/><code value="C0039309"/><display value="Target Population"/></keyword><fhirVersion value="3.0.1"/><kind value="logical"/><abstract value="false"/><type value="shr-core-ApplicableSubpopulation-model"/><baseDefinition value="http://hl7.org/fhir/StructureDefinition/Element"/><derivation value="specialization"/><snapshot><element id="shr-core-ApplicableSubpopulation-model"><path value="shr-core-ApplicableSubpopulation-model"/><definition value="Codes to indicate the target population this reference range applies to. For example, a reference range may be based on the normal population or a particular sex or race."/><min value="0"/><max value="*"/><base><path value="shr-core-ApplicableSubpopulation-model"/><min value="0"/><max value="*"/></base><mustSupport value="false"/><isModifier value="false"/><isSummary value="false"/></element><element id="shr-core-ApplicableSubpopulation-model.value"><path value="shr-core-ApplicableSubpopulation-model.value"/><short value="Code representing codes to indicate the target population this reference range applies to. For example, a reference range may be based on the normal population or a particular sex or race."/><definition value="Code representing codes to indicate the target population this reference range applies to. For example, a reference range may be based on the normal population or a particular sex or race."/><min value="1"/><max value="1"/><base><path value="shr-core-ApplicableSubpopulation-model.value"/><min value="1"/><max value="1"/></base><type><code value="Coding"/></type><mustSupport value="false"/><isModifier value="false"/><isSummary value="false"/><binding><strength value="extensible"/><valueSetReference><reference value="http://hl7.org/fhir/ValueSet/referencerange-appliesto"/></valueSetReference></binding></element></snapshot><differential><element id="shr-core-ApplicableSubpopulation-model"><path value="shr-core-ApplicableSubpopulation-model"/><definition value="Codes to indicate the target population this reference range applies to. For example, a reference range may be based on the normal population or a particular sex or race."/><min value="0"/><max value="*"/><base><path value="shr-core-ApplicableSubpopulation-model"/><min value="0"/><max value="*"/></base><mustSupport value="false"/><isModifier value="false"/><isSummary value="false"/></element><element id="shr-core-ApplicableSubpopulation-model.value"><path value="shr-core-ApplicableSubpopulation-model.value"/><short value="Code representing codes to indicate the target population this reference range applies to. For example, a reference range may be based on the normal population or a particular sex or race."/><definition value="Code representing codes to indicate the target population this reference range applies to. For example, a reference range may be based on the normal population or a particular sex or race."/><min value="1"/><max value="1"/><base><path value="shr-core-ApplicableSubpopulation-model.value"/><min value="1"/><max value="1"/></base><type><code value="Coding"/></type><mustSupport value="false"/><isModifier value="false"/><isSummary value="false"/><binding><strength value="extensible"/><valueSetReference><reference value="http://hl7.org/fhir/ValueSet/referencerange-appliesto"/></valueSetReference></binding></element></differential></StructureDefinition>