<?xml version="1.0" encoding="UTF-8"?><StructureDefinition xmlns="http://hl7.org/fhir"><id value="shr-core-AnatomicalDirection-model"/><text><status value="generated"/><div xmlns="http://www.w3.org/1999/xhtml">
  <p><b>AnatomicalDirection Logical Model</b></p>
  <p>A direction based on planes, surfaces, and orientations of the body.</p>
</div></text><url value="http://hl7.org/fhir/us/shr/StructureDefinition/shr-core-AnatomicalDirection-model"/><identifier><system value="http://hl7.org/fhir/us/sw"/><value value="shr.core.AnatomicalDirection"/></identifier><version value="0.5.0"/><name value="AnatomicalDirection"/><title value="shr-core-AnatomicalDirection"/><status value="draft"/><date value="2019-03-30T00:00:00-04:00"/><publisher value="HL7 Patient Care and Clinical Information Modeling Initiative Work Groups"/><contact><telecom><system value="url"/><value value="http://standardhealthrecord.org"/></telecom></contact><description value="A direction based on planes, surfaces, and orientations of the body."/><fhirVersion value="3.0.1"/><kind value="logical"/><abstract value="false"/><type value="shr-core-AnatomicalDirection-model"/><baseDefinition value="http://hl7.org/fhir/StructureDefinition/Element"/><derivation value="specialization"/><snapshot><element id="shr-core-AnatomicalDirection-model"><path value="shr-core-AnatomicalDirection-model"/><definition value="A direction based on planes, surfaces, and orientations of the body."/><min value="0"/><max value="*"/><base><path value="shr-core-AnatomicalDirection-model"/><min value="0"/><max value="*"/></base><mustSupport value="false"/><isModifier value="false"/><isSummary value="false"/></element><element id="shr-core-AnatomicalDirection-model.value"><path value="shr-core-AnatomicalDirection-model.value"/><short value="Code representing a direction based on planes, surfaces, and orientations of the body."/><definition value="Code representing a direction based on planes, surfaces, and orientations of the body."/><min value="1"/><max value="1"/><base><path value="shr-core-AnatomicalDirection-model.value"/><min value="1"/><max value="1"/></base><type><code value="Coding"/></type><mustSupport value="false"/><isModifier value="false"/><isSummary value="false"/><binding><strength value="preferred"/><valueSetReference><reference value="http://hl7.org/fhir/us/sw/shr/core/vs/AnatomicalDirectionVS"/></valueSetReference></binding></element></snapshot><differential><element id="shr-core-AnatomicalDirection-model"><path value="shr-core-AnatomicalDirection-model"/><definition value="A direction based on planes, surfaces, and orientations of the body."/><min value="0"/><max value="*"/><base><path value="shr-core-AnatomicalDirection-model"/><min value="0"/><max value="*"/></base><mustSupport value="false"/><isModifier value="false"/><isSummary value="false"/></element><element id="shr-core-AnatomicalDirection-model.value"><path value="shr-core-AnatomicalDirection-model.value"/><short value="Code representing a direction based on planes, surfaces, and orientations of the body."/><definition value="Code representing a direction based on planes, surfaces, and orientations of the body."/><min value="1"/><max value="1"/><base><path value="shr-core-AnatomicalDirection-model.value"/><min value="1"/><max value="1"/></base><type><code value="Coding"/></type><mustSupport value="false"/><isModifier value="false"/><isSummary value="false"/><binding><strength value="preferred"/><valueSetReference><reference value="http://hl7.org/fhir/us/sw/shr/core/vs/AnatomicalDirectionVS"/></valueSetReference></binding></element></differential></StructureDefinition>