<?xml version="1.0" encoding="UTF-8"?><StructureDefinition xmlns="http://hl7.org/fhir"><id value="sw-WoundExudateOdor-model"/><text><status value="generated"/><div xmlns="http://www.w3.org/1999/xhtml">
  <p><b>WoundExudateOdor Logical Model</b></p>
  <p>Odor of exudate from wound</p>
</div></text><url value="http://hl7.org/fhir/us/shr/StructureDefinition/sw-WoundExudateOdor-model"/><identifier><system value="http://hl7.org/fhir/us/sw"/><value value="sw.WoundExudateOdor"/></identifier><version value="0.5.0"/><name value="WoundExudateOdor"/><title value="sw-WoundExudateOdor"/><status value="draft"/><date value="2019-03-31T00:00:00-04:00"/><publisher value="HL7 Patient Care and Clinical Information Modeling Initiative Work Groups"/><contact><telecom><system value="url"/><value value="http://standardhealthrecord.org"/></telecom></contact><description value="Odor of exudate from wound"/><fhirVersion value="3.0.1"/><kind value="logical"/><abstract value="false"/><type value="sw-WoundExudateOdor-model"/><baseDefinition value="http://hl7.org/fhir/StructureDefinition/Element"/><derivation value="specialization"/><snapshot><element id="sw-WoundExudateOdor-model"><path value="sw-WoundExudateOdor-model"/><definition value="Odor of exudate from wound"/><min value="0"/><max value="*"/><base><path value="sw-WoundExudateOdor-model"/><min value="0"/><max value="*"/></base><mustSupport value="false"/><isModifier value="false"/><isSummary value="false"/></element><element id="sw-WoundExudateOdor-model.code"><path value="sw-WoundExudateOdor-model.code"/><short value="The main type identifier for a lab, procedure, condition, etc., usually drawn from a controlled vocabulary."/><definition value="The main type identifier for a lab, procedure, condition, etc., usually drawn from a controlled vocabulary."/><min value="1"/><max value="1"/><base><path value="sw-WoundExudateOdor-model.code"/><min value="1"/><max value="1"/></base><type><code value="Coding"/></type><mustSupport value="false"/><isModifier value="false"/><isSummary value="false"/></element><element id="sw-WoundExudateOdor-model.code.id"><path value="sw-WoundExudateOdor-model.code.id"/><representation value="xmlAttr"/><short value="xml:id (or equivalent in JSON)"/><definition value="unique id for the element within a resource (for internal references). This may be any string value that does not contain spaces."/><min value="0"/><max value="1"/><base><path value="Element.id"/><min value="0"/><max value="1"/></base><type><code value="string"/></type><mapping><identity value="rim"/><map value="n/a"/></mapping></element><element id="sw-WoundExudateOdor-model.code.extension"><path value="sw-WoundExudateOdor-model.code.extension"/><slicing><discriminator><type value="value"/><path value="url"/></discriminator><description value="Extensions are always sliced by (at least) url"/><rules value="open"/></slicing><short value="Additional Content defined by implementations"/><definition value="May be used to represent additional information that is not part of the basic definition of the element. In order to make the use of extensions safe and manageable, there is a strict set of governance  applied to the definition and use of extensions. Though any implementer is allowed to define an extension, there is a set of requirements that SHALL be met as part of the definition of the extension."/><comment value="There can be no stigma associated with the use of extensions by any application, project, or standard - regardless of the institution or jurisdiction that uses or defines the extensions.  The use of extensions is what allows the FHIR specification to retain a core level of simplicity for everyone."/><min value="0"/><max value="*"/><base><path value="Element.extension"/><min value="0"/><max value="*"/></base><type><code value="Extension"/></type><mapping><identity value="rim"/><map value="n/a"/></mapping></element><element id="sw-WoundExudateOdor-model.code.system"><path value="sw-WoundExudateOdor-model.code.system"/><short value="Identity of the terminology system"/><definition value="The identification of the code system that defines the meaning of the symbol in the code."/><comment value="The URI may be an OID (urn:oid:...) or a UUID (urn:uuid:...).  OIDs and UUIDs SHALL be references to the HL7 OID registry. Otherwise, the URI should come from HL7&#39;s list of FHIR defined special URIs or it should de-reference to some definition that establish the system clearly and unambiguously."/><requirements value="Need to be unambiguous about the source of the definition of the symbol."/><min value="1"/><max value="1"/><base><path value="Coding.system"/><min value="0"/><max value="1"/></base><type><code value="uri"/></type><fixedUri value="http://loinc.org"/><isSummary value="true"/><mapping><identity value="v2"/><map value="C*E.3"/></mapping><mapping><identity value="rim"/><map value="./codeSystem"/></mapping><mapping><identity value="orim"/><map value="fhir:Coding.system rdfs:subPropertyOf dt:CDCoding.codeSystem"/></mapping></element><element id="sw-WoundExudateOdor-model.code.version"><path value="sw-WoundExudateOdor-model.code.version"/><short value="Version of the system - if relevant"/><definition value="The version of the code system which was used when choosing this code. Note that a well-maintained code system does not need the version reported, because the meaning of codes is consistent across versions. However this cannot consistently be assured. and when the meaning is not guaranteed to be consistent, the version SHOULD be exchanged."/><comment value="Where the terminology does not clearly define what string should be used to identify code system versions, the recommendation is to use the date (expressed in FHIR date format) on which that version was officially published as the version date."/><min value="0"/><max value="1"/><base><path value="Coding.version"/><min value="0"/><max value="1"/></base><type><code value="string"/></type><isSummary value="true"/><mapping><identity value="v2"/><map value="C*E.7"/></mapping><mapping><identity value="rim"/><map value="./codeSystemVersion"/></mapping><mapping><identity value="orim"/><map value="fhir:Coding.version rdfs:subPropertyOf dt:CDCoding.codeSystemVersion"/></mapping></element><element id="sw-WoundExudateOdor-model.code.code"><path value="sw-WoundExudateOdor-model.code.code"/><short value="Symbol in syntax defined by the system"/><definition value="A symbol in syntax defined by the system. The symbol may be a predefined code or an expression in a syntax defined by the coding system (e.g. post-coordination)."/><requirements value="Need to refer to a particular code in the system."/><min value="1"/><max value="1"/><base><path value="Coding.code"/><min value="0"/><max value="1"/></base><type><code value="code"/></type><fixedCode value="72288-4"/><isSummary value="true"/><mapping><identity value="v2"/><map value="C*E.1"/></mapping><mapping><identity value="rim"/><map value="./code"/></mapping><mapping><identity value="orim"/><map value="fhir:Coding.code rdfs:subPropertyOf dt:CDCoding.code"/></mapping></element><element id="sw-WoundExudateOdor-model.code.display"><extension url="http://hl7.org/fhir/StructureDefinition/elementdefinition-translatable"><valueBoolean value="true"/></extension><path value="sw-WoundExudateOdor-model.code.display"/><short value="Representation defined by the system"/><definition value="A representation of the meaning of the code in the system, following the rules of the system."/><requirements value="Need to be able to carry a human-readable meaning of the code for readers that do not know  the system."/><min value="0"/><max value="1"/><base><path value="Coding.display"/><min value="0"/><max value="1"/></base><type><code value="string"/></type><isSummary value="true"/><mapping><identity value="v2"/><map value="C*E.2 - but note this is not well followed"/></mapping><mapping><identity value="rim"/><map value="CV.displayName"/></mapping><mapping><identity value="orim"/><map value="fhir:Coding.display rdfs:subPropertyOf dt:CDCoding.displayName"/></mapping></element><element id="sw-WoundExudateOdor-model.code.userSelected"><path value="sw-WoundExudateOdor-model.code.userSelected"/><short value="If this coding was chosen directly by the user"/><definition value="Indicates that this coding was chosen by a user directly - i.e. off a pick list of available items (codes or displays)."/><comment value="Amongst a set of alternatives, a directly chosen code is the most appropriate starting point for new translations. There is some ambiguity about what exactly &#39;directly chosen&#39; implies, and trading partner agreement may be needed to clarify the use of this element and its consequences more completely."/><requirements value="This has been identified as a clinical safety criterium - that this exact system/code pair was chosen explicitly, rather than inferred by the system based on some rules or language processing."/><min value="0"/><max value="1"/><base><path value="Coding.userSelected"/><min value="0"/><max value="1"/></base><type><code value="boolean"/></type><isSummary value="true"/><mapping><identity value="v2"/><map value="Sometimes implied by being first"/></mapping><mapping><identity value="rim"/><map value="CD.codingRationale"/></mapping><mapping><identity value="orim"/><map value="fhir:Coding.userSelected fhir:mapsTo dt:CDCoding.codingRationale. fhir:Coding.userSelected fhir:hasMap fhir:Coding.userSelected.map. fhir:Coding.userSelected.map a fhir:Map;   fhir:target dt:CDCoding.codingRationale. fhir:Coding.userSelected\#true a [     fhir:source &quot;true&quot;;     fhir:target dt:CDCoding.codingRationale\#O   ]"/></mapping></element><element id="sw-WoundExudateOdor-model.dataValue"><path value="sw-WoundExudateOdor-model.dataValue"/><short value="The value or result of a test, evaluation, or judgment, for example, a systolic blood pressure, or if a condition or body structure is present or absent."/><definition value="The value or result of a test, evaluation, or judgment, for example, a systolic blood pressure, or if a condition or body structure is present or absent."/><min value="0"/><max value="1"/><base><path value="sw-WoundExudateOdor-model.dataValue"/><min value="0"/><max value="1"/></base><type><code value="Coding"/></type><mustSupport value="false"/><isModifier value="false"/><isSummary value="false"/><binding><strength value="preferred"/><valueSetReference><reference value="http://hl7.org/fhir/us/sw/sw/vs/WoundExudateOdorVS"/></valueSetReference></binding></element><element id="sw-WoundExudateOdor-model.dataAbsentReason"><path value="sw-WoundExudateOdor-model.dataAbsentReason"/><short value="Reason that a value associated with a test or other finding is missing."/><definition value="Reason that a value associated with a test or other finding is missing."/><min value="0"/><max value="1"/><base><path value="sw-WoundExudateOdor-model.dataAbsentReason"/><min value="0"/><max value="1"/></base><type><code value="Coding"/></type><mustSupport value="false"/><isModifier value="false"/><isSummary value="false"/><binding><strength value="extensible"/><valueSetReference><reference value="http://hl7.org/fhir/ValueSet/data-absent-reason"/></valueSetReference></binding></element><element id="sw-WoundExudateOdor-model.referenceRange"><path value="sw-WoundExudateOdor-model.referenceRange"/><code><system value="http://ncimeta.nci.nih.gov"/><code value="C0883335"/></code><short value="The usual or acceptable range for a test result."/><definition value="The usual or acceptable range for a test result."/><min value="0"/><max value="0"/><base><path value="sw-WoundExudateOdor-model.referenceRange"/><min value="0"/><max value="0"/></base><type><code value="http://hl7.org/fhir/us/shr/StructureDefinition/shr-core-ReferenceRange-model"/></type><mustSupport value="false"/><isModifier value="false"/><isSummary value="false"/></element><element id="sw-WoundExudateOdor-model.interpretation"><path value="sw-WoundExudateOdor-model.interpretation"/><code><system value="http://ncimeta.nci.nih.gov"/><code value="C0420833"/></code><short value="A clinical interpretation of a finding (applies to both assertions and observation)."/><definition value="A clinical interpretation of a finding (applies to both assertions and observation)."/><min value="0"/><max value="1"/><base><path value="sw-WoundExudateOdor-model.interpretation"/><min value="0"/><max value="1"/></base><type><code value="Coding"/></type><mustSupport value="false"/><isModifier value="false"/><isSummary value="false"/><binding><strength value="extensible"/><valueSetReference><reference value="http://hl7.org/fhir/ValueSet/observation-interpretation"/></valueSetReference></binding></element></snapshot><differential><element id="sw-WoundExudateOdor-model"><path value="sw-WoundExudateOdor-model"/><definition value="Odor of exudate from wound"/><min value="0"/><max value="*"/><base><path value="sw-WoundExudateOdor-model"/><min value="0"/><max value="*"/></base><mustSupport value="false"/><isModifier value="false"/><isSummary value="false"/></element><element id="sw-WoundExudateOdor-model.code"><path value="sw-WoundExudateOdor-model.code"/><short value="The main type identifier for a lab, procedure, condition, etc., usually drawn from a controlled vocabulary."/><definition value="The main type identifier for a lab, procedure, condition, etc., usually drawn from a controlled vocabulary."/><min value="1"/><max value="1"/><base><path value="sw-WoundExudateOdor-model.code"/><min value="1"/><max value="1"/></base><type><code value="Coding"/></type><mustSupport value="false"/><isModifier value="false"/><isSummary value="false"/></element><element id="sw-WoundExudateOdor-model.code.id"><path value="sw-WoundExudateOdor-model.code.id"/><representation value="xmlAttr"/><short value="xml:id (or equivalent in JSON)"/><definition value="unique id for the element within a resource (for internal references). This may be any string value that does not contain spaces."/><min value="0"/><max value="1"/><base><path value="Element.id"/><min value="0"/><max value="1"/></base><type><code value="string"/></type><mapping><identity value="rim"/><map value="n/a"/></mapping></element><element id="sw-WoundExudateOdor-model.code.extension"><path value="sw-WoundExudateOdor-model.code.extension"/><slicing><discriminator><type value="value"/><path value="url"/></discriminator><description value="Extensions are always sliced by (at least) url"/><rules value="open"/></slicing><short value="Additional Content defined by implementations"/><definition value="May be used to represent additional information that is not part of the basic definition of the element. In order to make the use of extensions safe and manageable, there is a strict set of governance  applied to the definition and use of extensions. Though any implementer is allowed to define an extension, there is a set of requirements that SHALL be met as part of the definition of the extension."/><comment value="There can be no stigma associated with the use of extensions by any application, project, or standard - regardless of the institution or jurisdiction that uses or defines the extensions.  The use of extensions is what allows the FHIR specification to retain a core level of simplicity for everyone."/><min value="0"/><max value="*"/><base><path value="Element.extension"/><min value="0"/><max value="*"/></base><type><code value="Extension"/></type><mapping><identity value="rim"/><map value="n/a"/></mapping></element><element id="sw-WoundExudateOdor-model.code.system"><path value="sw-WoundExudateOdor-model.code.system"/><short value="Identity of the terminology system"/><definition value="The identification of the code system that defines the meaning of the symbol in the code."/><comment value="The URI may be an OID (urn:oid:...) or a UUID (urn:uuid:...).  OIDs and UUIDs SHALL be references to the HL7 OID registry. Otherwise, the URI should come from HL7&#39;s list of FHIR defined special URIs or it should de-reference to some definition that establish the system clearly and unambiguously."/><requirements value="Need to be unambiguous about the source of the definition of the symbol."/><min value="1"/><max value="1"/><base><path value="Coding.system"/><min value="0"/><max value="1"/></base><type><code value="uri"/></type><fixedUri value="http://loinc.org"/><isSummary value="true"/><mapping><identity value="v2"/><map value="C*E.3"/></mapping><mapping><identity value="rim"/><map value="./codeSystem"/></mapping><mapping><identity value="orim"/><map value="fhir:Coding.system rdfs:subPropertyOf dt:CDCoding.codeSystem"/></mapping></element><element id="sw-WoundExudateOdor-model.code.version"><path value="sw-WoundExudateOdor-model.code.version"/><short value="Version of the system - if relevant"/><definition value="The version of the code system which was used when choosing this code. Note that a well-maintained code system does not need the version reported, because the meaning of codes is consistent across versions. However this cannot consistently be assured. and when the meaning is not guaranteed to be consistent, the version SHOULD be exchanged."/><comment value="Where the terminology does not clearly define what string should be used to identify code system versions, the recommendation is to use the date (expressed in FHIR date format) on which that version was officially published as the version date."/><min value="0"/><max value="1"/><base><path value="Coding.version"/><min value="0"/><max value="1"/></base><type><code value="string"/></type><isSummary value="true"/><mapping><identity value="v2"/><map value="C*E.7"/></mapping><mapping><identity value="rim"/><map value="./codeSystemVersion"/></mapping><mapping><identity value="orim"/><map value="fhir:Coding.version rdfs:subPropertyOf dt:CDCoding.codeSystemVersion"/></mapping></element><element id="sw-WoundExudateOdor-model.code.code"><path value="sw-WoundExudateOdor-model.code.code"/><short value="Symbol in syntax defined by the system"/><definition value="A symbol in syntax defined by the system. The symbol may be a predefined code or an expression in a syntax defined by the coding system (e.g. post-coordination)."/><requirements value="Need to refer to a particular code in the system."/><min value="1"/><max value="1"/><base><path value="Coding.code"/><min value="0"/><max value="1"/></base><type><code value="code"/></type><fixedCode value="72288-4"/><isSummary value="true"/><mapping><identity value="v2"/><map value="C*E.1"/></mapping><mapping><identity value="rim"/><map value="./code"/></mapping><mapping><identity value="orim"/><map value="fhir:Coding.code rdfs:subPropertyOf dt:CDCoding.code"/></mapping></element><element id="sw-WoundExudateOdor-model.code.display"><extension url="http://hl7.org/fhir/StructureDefinition/elementdefinition-translatable"><valueBoolean value="true"/></extension><path value="sw-WoundExudateOdor-model.code.display"/><short value="Representation defined by the system"/><definition value="A representation of the meaning of the code in the system, following the rules of the system."/><requirements value="Need to be able to carry a human-readable meaning of the code for readers that do not know  the system."/><min value="0"/><max value="1"/><base><path value="Coding.display"/><min value="0"/><max value="1"/></base><type><code value="string"/></type><isSummary value="true"/><mapping><identity value="v2"/><map value="C*E.2 - but note this is not well followed"/></mapping><mapping><identity value="rim"/><map value="CV.displayName"/></mapping><mapping><identity value="orim"/><map value="fhir:Coding.display rdfs:subPropertyOf dt:CDCoding.displayName"/></mapping></element><element id="sw-WoundExudateOdor-model.code.userSelected"><path value="sw-WoundExudateOdor-model.code.userSelected"/><short value="If this coding was chosen directly by the user"/><definition value="Indicates that this coding was chosen by a user directly - i.e. off a pick list of available items (codes or displays)."/><comment value="Amongst a set of alternatives, a directly chosen code is the most appropriate starting point for new translations. There is some ambiguity about what exactly &#39;directly chosen&#39; implies, and trading partner agreement may be needed to clarify the use of this element and its consequences more completely."/><requirements value="This has been identified as a clinical safety criterium - that this exact system/code pair was chosen explicitly, rather than inferred by the system based on some rules or language processing."/><min value="0"/><max value="1"/><base><path value="Coding.userSelected"/><min value="0"/><max value="1"/></base><type><code value="boolean"/></type><isSummary value="true"/><mapping><identity value="v2"/><map value="Sometimes implied by being first"/></mapping><mapping><identity value="rim"/><map value="CD.codingRationale"/></mapping><mapping><identity value="orim"/><map value="fhir:Coding.userSelected fhir:mapsTo dt:CDCoding.codingRationale. fhir:Coding.userSelected fhir:hasMap fhir:Coding.userSelected.map. fhir:Coding.userSelected.map a fhir:Map;   fhir:target dt:CDCoding.codingRationale. fhir:Coding.userSelected\#true a [     fhir:source &quot;true&quot;;     fhir:target dt:CDCoding.codingRationale\#O   ]"/></mapping></element><element id="sw-WoundExudateOdor-model.dataValue"><path value="sw-WoundExudateOdor-model.dataValue"/><short value="The value or result of a test, evaluation, or judgment, for example, a systolic blood pressure, or if a condition or body structure is present or absent."/><definition value="The value or result of a test, evaluation, or judgment, for example, a systolic blood pressure, or if a condition or body structure is present or absent."/><min value="0"/><max value="1"/><base><path value="sw-WoundExudateOdor-model.dataValue"/><min value="0"/><max value="1"/></base><type><code value="Coding"/></type><mustSupport value="false"/><isModifier value="false"/><isSummary value="false"/><binding><strength value="preferred"/><valueSetReference><reference value="http://hl7.org/fhir/us/sw/sw/vs/WoundExudateOdorVS"/></valueSetReference></binding></element><element id="sw-WoundExudateOdor-model.dataAbsentReason"><path value="sw-WoundExudateOdor-model.dataAbsentReason"/><short value="Reason that a value associated with a test or other finding is missing."/><definition value="Reason that a value associated with a test or other finding is missing."/><min value="0"/><max value="1"/><base><path value="sw-WoundExudateOdor-model.dataAbsentReason"/><min value="0"/><max value="1"/></base><type><code value="Coding"/></type><mustSupport value="false"/><isModifier value="false"/><isSummary value="false"/><binding><strength value="extensible"/><valueSetReference><reference value="http://hl7.org/fhir/ValueSet/data-absent-reason"/></valueSetReference></binding></element><element id="sw-WoundExudateOdor-model.referenceRange"><path value="sw-WoundExudateOdor-model.referenceRange"/><code><system value="http://ncimeta.nci.nih.gov"/><code value="C0883335"/></code><short value="The usual or acceptable range for a test result."/><definition value="The usual or acceptable range for a test result."/><min value="0"/><max value="0"/><base><path value="sw-WoundExudateOdor-model.referenceRange"/><min value="0"/><max value="0"/></base><type><code value="http://hl7.org/fhir/us/shr/StructureDefinition/shr-core-ReferenceRange-model"/></type><mustSupport value="false"/><isModifier value="false"/><isSummary value="false"/></element><element id="sw-WoundExudateOdor-model.interpretation"><path value="sw-WoundExudateOdor-model.interpretation"/><code><system value="http://ncimeta.nci.nih.gov"/><code value="C0420833"/></code><short value="A clinical interpretation of a finding (applies to both assertions and observation)."/><definition value="A clinical interpretation of a finding (applies to both assertions and observation)."/><min value="0"/><max value="1"/><base><path value="sw-WoundExudateOdor-model.interpretation"/><min value="0"/><max value="1"/></base><type><code value="Coding"/></type><mustSupport value="false"/><isModifier value="false"/><isSummary value="false"/><binding><strength value="extensible"/><valueSetReference><reference value="http://hl7.org/fhir/ValueSet/observation-interpretation"/></valueSetReference></binding></element></differential></StructureDefinition>