<?xml version="1.0" encoding="UTF-8"?><StructureDefinition xmlns="http://hl7.org/fhir"><id value="shr-core-TerminationReason-model"/><text><status value="generated"/><div xmlns="http://www.w3.org/1999/xhtml">
  <p><b>TerminationReason Logical Model</b></p>
  <p>A code explaining unplanned or premature termination of a plan of treatment, course of medication, or research study.</p>
</div></text><url value="http://hl7.org/fhir/us/shr/StructureDefinition/shr-core-TerminationReason-model"/><identifier><system value="http://hl7.org/fhir/us/sw"/><value value="shr.core.TerminationReason"/></identifier><version value="0.5.0"/><name value="TerminationReason"/><title value="shr-core-TerminationReason"/><status value="draft"/><date value="2019-03-30T00:00:00-04:00"/><publisher value="HL7 Patient Care and Clinical Information Modeling Initiative Work Groups"/><contact><telecom><system value="url"/><value value="http://standardhealthrecord.org"/></telecom></contact><description value="A code explaining unplanned or premature termination of a plan of treatment, course of medication, or research study."/><fhirVersion value="3.0.1"/><kind value="logical"/><abstract value="false"/><type value="shr-core-TerminationReason-model"/><baseDefinition value="http://hl7.org/fhir/StructureDefinition/Element"/><derivation value="specialization"/><snapshot><element id="shr-core-TerminationReason-model"><path value="shr-core-TerminationReason-model"/><definition value="A code explaining unplanned or premature termination of a plan of treatment, course of medication, or research study."/><min value="0"/><max value="*"/><base><path value="shr-core-TerminationReason-model"/><min value="0"/><max value="*"/></base><mustSupport value="false"/><isModifier value="false"/><isSummary value="false"/></element><element id="shr-core-TerminationReason-model.value"><path value="shr-core-TerminationReason-model.value"/><short value="Code representing a code explaining unplanned or premature termination of a plan of treatment, course of medication, or research study."/><definition value="Code representing a code explaining unplanned or premature termination of a plan of treatment, course of medication, or research study."/><min value="1"/><max value="1"/><base><path value="shr-core-TerminationReason-model.value"/><min value="1"/><max value="1"/></base><type><code value="Coding"/></type><mustSupport value="false"/><isModifier value="false"/><isSummary value="false"/></element></snapshot><differential><element id="shr-core-TerminationReason-model"><path value="shr-core-TerminationReason-model"/><definition value="A code explaining unplanned or premature termination of a plan of treatment, course of medication, or research study."/><min value="0"/><max value="*"/><base><path value="shr-core-TerminationReason-model"/><min value="0"/><max value="*"/></base><mustSupport value="false"/><isModifier value="false"/><isSummary value="false"/></element><element id="shr-core-TerminationReason-model.value"><path value="shr-core-TerminationReason-model.value"/><short value="Code representing a code explaining unplanned or premature termination of a plan of treatment, course of medication, or research study."/><definition value="Code representing a code explaining unplanned or premature termination of a plan of treatment, course of medication, or research study."/><min value="1"/><max value="1"/><base><path value="shr-core-TerminationReason-model.value"/><min value="1"/><max value="1"/></base><type><code value="Coding"/></type><mustSupport value="false"/><isModifier value="false"/><isSummary value="false"/></element></differential></StructureDefinition>