<?xml version="1.0" encoding="UTF-8"?><StructureDefinition xmlns="http://hl7.org/fhir"><id value="shr-core-VersionString-model"/><text><status value="generated"/><div xmlns="http://www.w3.org/1999/xhtml">
  <p><b>VersionString Logical Model</b></p>
  <p>A string associated with the product that identifies a particular release iteration.</p>
</div></text><url value="http://hl7.org/fhir/us/shr/StructureDefinition/shr-core-VersionString-model"/><identifier><system value="http://hl7.org/fhir/us/sw"/><value value="shr.core.VersionString"/></identifier><version value="0.5.0"/><name value="VersionString"/><title value="shr-core-VersionString"/><status value="draft"/><date value="2019-03-30T00:00:00-04:00"/><publisher value="HL7 Patient Care and Clinical Information Modeling Initiative Work Groups"/><contact><telecom><system value="url"/><value value="http://standardhealthrecord.org"/></telecom></contact><description value="A string associated with the product that identifies a particular release iteration."/><keyword><system value="http://ncimeta.nci.nih.gov"/><code value="C0333052"/></keyword><fhirVersion value="3.0.1"/><kind value="logical"/><abstract value="false"/><type value="shr-core-VersionString-model"/><baseDefinition value="http://hl7.org/fhir/StructureDefinition/Element"/><derivation value="specialization"/><snapshot><element id="shr-core-VersionString-model"><path value="shr-core-VersionString-model"/><definition value="A string associated with the product that identifies a particular release iteration."/><min value="0"/><max value="*"/><base><path value="shr-core-VersionString-model"/><min value="0"/><max value="*"/></base><mustSupport value="false"/><isModifier value="false"/><isSummary value="false"/></element><element id="shr-core-VersionString-model.value"><path value="shr-core-VersionString-model.value"/><short value="String representing a string associated with the product that identifies a particular release iteration."/><definition value="String representing a string associated with the product that identifies a particular release iteration."/><min value="1"/><max value="1"/><base><path value="shr-core-VersionString-model.value"/><min value="1"/><max value="1"/></base><type><code value="string"/></type><mustSupport value="false"/><isModifier value="false"/><isSummary value="false"/></element></snapshot><differential><element id="shr-core-VersionString-model"><path value="shr-core-VersionString-model"/><definition value="A string associated with the product that identifies a particular release iteration."/><min value="0"/><max value="*"/><base><path value="shr-core-VersionString-model"/><min value="0"/><max value="*"/></base><mustSupport value="false"/><isModifier value="false"/><isSummary value="false"/></element><element id="shr-core-VersionString-model.value"><path value="shr-core-VersionString-model.value"/><short value="String representing a string associated with the product that identifies a particular release iteration."/><definition value="String representing a string associated with the product that identifies a particular release iteration."/><min value="1"/><max value="1"/><base><path value="shr-core-VersionString-model.value"/><min value="1"/><max value="1"/></base><type><code value="string"/></type><mustSupport value="false"/><isModifier value="false"/><isSummary value="false"/></element></differential></StructureDefinition>