<?xml version="1.0" encoding="UTF-8"?><StructureDefinition xmlns="http://hl7.org/fhir"><id value="shr-core-ReferralRequest-model"/><text><status value="generated"/><div xmlns="http://www.w3.org/1999/xhtml">
  <p><b>ReferralRequest Logical Model</b></p>
  <p>Used to record and send details about a request for referral service or transfer of a patient to the care of another provider or provider organization.</p>
</div></text><url value="http://hl7.org/fhir/us/shr/StructureDefinition/shr-core-ReferralRequest-model"/><identifier><system value="http://hl7.org/fhir/us/sw"/><value value="shr.core.ReferralRequest"/></identifier><version value="0.5.0"/><name value="ReferralRequest"/><title value="shr-core-ReferralRequest"/><status value="draft"/><date value="2019-03-30T00:00:00-04:00"/><publisher value="HL7 Patient Care and Clinical Information Modeling Initiative Work Groups"/><contact><telecom><system value="url"/><value value="http://standardhealthrecord.org"/></telecom></contact><description value="Used to record and send details about a request for referral service or transfer of a patient to the care of another provider or provider organization."/><fhirVersion value="3.0.1"/><kind value="logical"/><abstract value="false"/><type value="shr-core-ReferralRequest-model"/><baseDefinition value="http://hl7.org/fhir/StructureDefinition/Element"/><derivation value="specialization"/><snapshot><element id="shr-core-ReferralRequest-model"><path value="shr-core-ReferralRequest-model"/><definition value="Used to record and send details about a request for referral service or transfer of a patient to the care of another provider or provider organization."/><min value="0"/><max value="*"/><base><path value="shr-core-ReferralRequest-model"/><min value="0"/><max value="*"/></base><mustSupport value="false"/><isModifier value="false"/><isSummary value="false"/></element><element id="shr-core-ReferralRequest-model.metadata"><path value="shr-core-ReferralRequest-model.metadata"/><short value="Elements that belong to all information items."/><definition value="Elements that belong to all information items."/><min value="0"/><max value="1"/><base><path value="shr-core-ReferralRequest-model.metadata"/><min value="0"/><max value="1"/></base><type><code value="http://hl7.org/fhir/us/shr/StructureDefinition/shr-core-Metadata-model"/></type><mustSupport value="false"/><isModifier value="false"/><isSummary value="false"/></element><element id="shr-core-ReferralRequest-model.language"><path value="shr-core-ReferralRequest-model.language"/><code><system value="http://ncimeta.nci.nih.gov"/><code value="C0023008"/></code><short value="A human language, spoken or written."/><definition value="A human language, spoken or written."/><min value="0"/><max value="1"/><base><path value="shr-core-ReferralRequest-model.language"/><min value="0"/><max value="1"/></base><type><code value="Coding"/></type><mustSupport value="false"/><isModifier value="false"/><isSummary value="false"/></element><element id="shr-core-ReferralRequest-model.implicitRules"><path value="shr-core-ReferralRequest-model.implicitRules"/><short value="A set of rules under which this content was created"/><definition value="A set of rules under which this content was created"/><min value="0"/><max value="1"/><base><path value="shr-core-ReferralRequest-model.implicitRules"/><min value="0"/><max value="1"/></base><type><code value="uri"/></type><mustSupport value="false"/><isModifier value="false"/><isSummary value="false"/></element><element id="shr-core-ReferralRequest-model.narrative"><path value="shr-core-ReferralRequest-model.narrative"/><short value="A human-readable narrative, potentially including images, that contains a summary of the resource, and may be used to represent the content of the resource to a human."/><definition value="A human-readable narrative, potentially including images, that contains a summary of the resource, and may be used to represent the content of the resource to a human."/><min value="0"/><max value="1"/><base><path value="shr-core-ReferralRequest-model.narrative"/><min value="0"/><max value="1"/></base><type><code value="http://hl7.org/fhir/us/shr/StructureDefinition/shr-core-Narrative-model"/></type><mustSupport value="false"/><isModifier value="false"/><isSummary value="false"/></element><element id="shr-core-ReferralRequest-model.status"><path value="shr-core-ReferralRequest-model.status"/><short value="A state that relates to the workflow or interpretation of this resource. Certain status values can modify the meaning of the resource, for example, entered-in-error. When a boolean value is used, Status of true indicates the record is active, false means inactive."/><definition value="A state that relates to the workflow or interpretation of this resource. Certain status values can modify the meaning of the resource, for example, entered-in-error. When a boolean value is used, Status of true indicates the record is active, false means inactive."/><min value="1"/><max value="1"/><base><path value="shr-core-ReferralRequest-model.status"/><min value="1"/><max value="1"/></base><type><code value="Coding"/></type><mustSupport value="false"/><isModifier value="false"/><isSummary value="false"/></element><element id="shr-core-ReferralRequest-model.identifier"><path value="shr-core-ReferralRequest-model.identifier"/><short value="Business identifier or external id for this resource."/><definition value="Business identifier or external id for this resource."/><min value="0"/><max value="*"/><base><path value="shr-core-ReferralRequest-model.identifier"/><min value="0"/><max value="*"/></base><type><code value="http://hl7.org/fhir/us/shr/StructureDefinition/shr-core-Identifier-model"/></type><mustSupport value="false"/><isModifier value="false"/><isSummary value="false"/></element><element id="shr-core-ReferralRequest-model.referralSubjectOfRecord[x]"><path value="shr-core-ReferralRequest-model.referralSubjectOfRecord[x]"/><short value="A choice of Patient or Group. These are the potential subjects for Procedure and ReferralRequest resources."/><definition value="A choice of Patient or Group. These are the potential subjects for Procedure and ReferralRequest resources."/><min value="1"/><max value="1"/><base><path value="shr-core-ReferralRequest-model.referralSubjectOfRecord[x]"/><min value="1"/><max value="1"/></base><type><code value="Reference"/><targetProfile value="http://hl7.org/fhir/us/shr/StructureDefinition/shr-core-Patient-model"/></type><type><code value="Reference"/><targetProfile value="http://hl7.org/fhir/us/shr/StructureDefinition/shr-core-Group-model"/></type><mustSupport value="false"/><isModifier value="false"/><isSummary value="false"/></element><element id="shr-core-ReferralRequest-model.careContext[x]"><path value="shr-core-ReferralRequest-model.careContext[x]"/><short value="The encounter or episode of care"/><definition value="The encounter or episode of care"/><min value="0"/><max value="1"/><base><path value="shr-core-ReferralRequest-model.careContext[x]"/><min value="0"/><max value="1"/></base><type><code value="Reference"/><targetProfile value="http://hl7.org/fhir/us/shr/StructureDefinition/shr-core-Encounter-model"/></type><type><code value="Reference"/><targetProfile value="http://hl7.org/fhir/us/shr/StructureDefinition/shr-core-EpisodeOfCare-model"/></type><mustSupport value="false"/><isModifier value="false"/><isSummary value="false"/></element><element id="shr-core-ReferralRequest-model.statementDateTime"><path value="shr-core-ReferralRequest-model.statementDateTime"/><code><system value="http://ncimeta.nci.nih.gov"/><code value="C3669169"/></code><short value="The point in time when the statement was created."/><definition value="The point in time when the statement was created."/><min value="0"/><max value="1"/><base><path value="shr-core-ReferralRequest-model.statementDateTime"/><min value="0"/><max value="1"/></base><type><code value="dateTime"/></type><mustSupport value="false"/><isModifier value="false"/><isSummary value="false"/></element><element id="shr-core-ReferralRequest-model.reasonCode"><path value="shr-core-ReferralRequest-model.reasonCode"/><code><system value="http://ncimeta.nci.nih.gov"/><code value="C0566251"/></code><short value="The justification, as a code."/><definition value="The justification, as a code.&#xA;Reason is a string or CodeableConcept in DSTU2 but in later versions only a CodeableConcept, so we are not going to support a string."/><min value="0"/><max value="1"/><base><path value="shr-core-ReferralRequest-model.reasonCode"/><min value="0"/><max value="1"/></base><type><code value="Coding"/></type><mustSupport value="false"/><isModifier value="false"/><isSummary value="false"/></element><element id="shr-core-ReferralRequest-model.reasonReference[x]"><path value="shr-core-ReferralRequest-model.reasonReference[x]"/><short value="The justification, as reference to a condition or observation."/><definition value="The justification, as reference to a condition or observation."/><min value="0"/><max value="*"/><base><path value="shr-core-ReferralRequest-model.reasonReference[x]"/><min value="0"/><max value="*"/></base><type><code value="Reference"/><targetProfile value="http://hl7.org/fhir/us/shr/StructureDefinition/shr-core-Condition-model"/></type><type><code value="Reference"/><targetProfile value="http://hl7.org/fhir/us/shr/StructureDefinition/shr-core-Observation-model"/></type><mustSupport value="false"/><isModifier value="false"/><isSummary value="false"/></element><element id="shr-core-ReferralRequest-model.type"><path value="shr-core-ReferralRequest-model.type"/><code><system value="http://ncimeta.nci.nih.gov"/><code value="C0332307"/></code><short value="A code describing the item at a greater level of detail."/><definition value="A code describing the item at a greater level of detail."/><min value="0"/><max value="1"/><base><path value="shr-core-ReferralRequest-model.type"/><min value="0"/><max value="1"/></base><type><code value="Coding"/></type><mustSupport value="false"/><isModifier value="false"/><isSummary value="false"/><binding><strength value="example"/><valueSetReference><reference value="http://hl7.org/fhir/ValueSet/referral-type"/></valueSetReference></binding></element><element id="shr-core-ReferralRequest-model.requestIntent"><path value="shr-core-ReferralRequest-model.requestIntent"/><short value="Indicates the level of authority/intentionality associated with the request and where the request fits into the workflow chain."/><definition value="Indicates the level of authority/intentionality associated with the request and where the request fits into the workflow chain."/><min value="1"/><max value="1"/><base><path value="shr-core-ReferralRequest-model.requestIntent"/><min value="1"/><max value="1"/></base><type><code value="Coding"/></type><mustSupport value="false"/><isModifier value="false"/><isSummary value="false"/><binding><strength value="required"/><valueSetReference><reference value="http://hl7.org/fhir/ValueSet/request-intent"/></valueSetReference></binding></element><element id="shr-core-ReferralRequest-model.expectedPerformanceTime[x]"><path value="shr-core-ReferralRequest-model.expectedPerformanceTime[x]"/><short value="When an action should be done. If the action is a series or recurs (e.g. daily blood sugar testing in the morning) then a Timing can be used to describe the periodicity."/><definition value="When an action should be done. If the action is a series or recurs (e.g. daily blood sugar testing in the morning) then a Timing can be used to describe the periodicity."/><min value="0"/><max value="1"/><base><path value="shr-core-ReferralRequest-model.expectedPerformanceTime[x]"/><min value="0"/><max value="1"/></base><type><code value="dateTime"/></type><type><code value="http://hl7.org/fhir/us/shr/StructureDefinition/shr-core-TimePeriod-model"/></type><type><code value="http://hl7.org/fhir/us/shr/StructureDefinition/shr-core-Timing-model"/></type><mustSupport value="false"/><isModifier value="false"/><isSummary value="false"/></element><element id="shr-core-ReferralRequest-model.expectedPerformerType"><path value="shr-core-ReferralRequest-model.expectedPerformerType"/><short value="What type of party should carry out the testing."/><definition value="What type of party should carry out the testing."/><min value="0"/><max value="1"/><base><path value="shr-core-ReferralRequest-model.expectedPerformerType"/><min value="0"/><max value="1"/></base><type><code value="Coding"/></type><mustSupport value="false"/><isModifier value="false"/><isSummary value="false"/></element><element id="shr-core-ReferralRequest-model.recipient[x]"><path value="shr-core-ReferralRequest-model.recipient[x]"/><short value="Who this request is being addressed to."/><definition value="Who this request is being addressed to."/><min value="0"/><max value="1"/><base><path value="shr-core-ReferralRequest-model.recipient[x]"/><min value="0"/><max value="1"/></base><type><code value="Reference"/><targetProfile value="http://hl7.org/fhir/us/shr/StructureDefinition/shr-core-Patient-model"/></type><type><code value="Reference"/><targetProfile value="http://hl7.org/fhir/us/shr/StructureDefinition/shr-core-Practitioner-model"/></type><type><code value="Reference"/><targetProfile value="http://hl7.org/fhir/us/shr/StructureDefinition/shr-core-RelatedPerson-model"/></type><type><code value="Reference"/><targetProfile value="http://hl7.org/fhir/us/shr/StructureDefinition/shr-core-Organization-model"/></type><type><code value="Reference"/><targetProfile value="http://hl7.org/fhir/us/shr/StructureDefinition/shr-core-Device-model"/></type><mustSupport value="false"/><isModifier value="false"/><isSummary value="false"/></element><element id="shr-core-ReferralRequest-model.priorityCode[x]"><path value="shr-core-ReferralRequest-model.priorityCode[x]"/><code><system value="http://ncimeta.nci.nih.gov"/><code value="C0549179"/></code><slicing><discriminator><type value="type"/><path value="$this"/></discriminator><ordered value="false"/><rules value="open"/></slicing><short value="An indication of the importance of an action relative to other actions."/><definition value="An indication of the importance of an action relative to other actions."/><min value="0"/><max value="1"/><base><path value="shr-core-ReferralRequest-model.priorityCode[x]"/><min value="0"/><max value="1"/></base><type><code value="positiveInt"/></type><type><code value="Coding"/></type><mustSupport value="false"/><isModifier value="false"/><isSummary value="false"/></element><element id="shr-core-ReferralRequest-model.priorityCodeCoding:codeableConcept"><path value="shr-core-ReferralRequest-model.priorityCodeCoding"/><sliceName value="codeableConcept"/><short value="PositiveInt or code representing an indication of the importance of an action relative to other actions."/><definition value="PositiveInt or code representing an indication of the importance of an action relative to other actions."/><min value="1"/><max value="1"/><base><path value="shr-core-ReferralRequest-model.priorityCodeCoding"/><min value="1"/><max value="1"/></base><type><code value="Coding"/></type><mustSupport value="false"/><isModifier value="false"/><isSummary value="false"/><binding><strength value="required"/><valueSetReference><reference value="http://hl7.org/fhir/ValueSet/request-priority"/></valueSetReference></binding></element><element id="shr-core-ReferralRequest-model.annotation"><path value="shr-core-ReferralRequest-model.annotation"/><short value="An added or follow-up note, often after the fact, that contains metadata about who made the statement and when."/><definition value="An added or follow-up note, often after the fact, that contains metadata about who made the statement and when."/><min value="0"/><max value="*"/><base><path value="shr-core-ReferralRequest-model.annotation"/><min value="0"/><max value="*"/></base><type><code value="http://hl7.org/fhir/us/shr/StructureDefinition/shr-core-Annotation-model"/></type><mustSupport value="false"/><isModifier value="false"/><isSummary value="false"/></element><element id="shr-core-ReferralRequest-model.communicationMethod"><path value="shr-core-ReferralRequest-model.communicationMethod"/><short value="This is the method the provider used to communicate. Examples include: Written, Telephoned, Verbal, Electronically Entered, Policy, Service Correction, Duplicate, etc. &#39;Code indicating the origin of the prescription.&#39; - NCPDP Telecommunication (Field 419-DJ, Data Dictionary 201104). Possible values include: Written; Telephone; Electronic; Facsimile; Pharmacy; Not Known."/><definition value="This is the method the provider used to communicate. Examples include: Written, Telephoned, Verbal, Electronically Entered, Policy, Service Correction, Duplicate, etc. &#39;Code indicating the origin of the prescription.&#39; - NCPDP Telecommunication (Field 419-DJ, Data Dictionary 201104). Possible values include: Written; Telephone; Electronic; Facsimile; Pharmacy; Not Known."/><min value="0"/><max value="1"/><base><path value="shr-core-ReferralRequest-model.communicationMethod"/><min value="0"/><max value="1"/></base><type><code value="Coding"/></type><mustSupport value="false"/><isModifier value="false"/><isSummary value="false"/></element><element id="shr-core-ReferralRequest-model.referralRequester[x]"><path value="shr-core-ReferralRequest-model.referralRequester[x]"/><short value="The person or organization originating this referral"/><definition value="The person or organization originating this referral"/><min value="0"/><max value="1"/><base><path value="shr-core-ReferralRequest-model.referralRequester[x]"/><min value="0"/><max value="1"/></base><type><code value="Reference"/><targetProfile value="http://hl7.org/fhir/us/shr/StructureDefinition/shr-core-Patient-model"/></type><type><code value="Reference"/><targetProfile value="http://hl7.org/fhir/us/shr/StructureDefinition/shr-core-Practitioner-model"/></type><type><code value="Reference"/><targetProfile value="http://hl7.org/fhir/us/shr/StructureDefinition/shr-core-RelatedPerson-model"/></type><type><code value="Reference"/><targetProfile value="http://hl7.org/fhir/us/shr/StructureDefinition/shr-core-Organization-model"/></type><type><code value="Reference"/><targetProfile value="http://hl7.org/fhir/us/shr/StructureDefinition/shr-core-Device-model"/></type><mustSupport value="false"/><isModifier value="false"/><isSummary value="false"/></element><element id="shr-core-ReferralRequest-model.replaces"><path value="shr-core-ReferralRequest-model.replaces"/><short value="Request(s) replaced by this request"/><definition value="Request(s) replaced by this request"/><min value="0"/><max value="*"/><base><path value="shr-core-ReferralRequest-model.replaces"/><min value="0"/><max value="*"/></base><type><code value="Reference"/><targetProfile value="http://hl7.org/fhir/us/shr/StructureDefinition/shr-core-ReferralRequest-model"/></type><mustSupport value="false"/><isModifier value="false"/><isSummary value="false"/></element><element id="shr-core-ReferralRequest-model.referralRecipient[x]"><path value="shr-core-ReferralRequest-model.referralRecipient[x]"/><short value="The practitioner or organization receiving the referral."/><definition value="The practitioner or organization receiving the referral."/><min value="0"/><max value="*"/><base><path value="shr-core-ReferralRequest-model.referralRecipient[x]"/><min value="0"/><max value="*"/></base><type><code value="Reference"/><targetProfile value="http://hl7.org/fhir/us/shr/StructureDefinition/shr-core-Practitioner-model"/></type><type><code value="Reference"/><targetProfile value="http://hl7.org/fhir/us/shr/StructureDefinition/shr-core-Organization-model"/></type><mustSupport value="false"/><isModifier value="false"/><isSummary value="false"/></element><element id="shr-core-ReferralRequest-model.serviceType"><path value="shr-core-ReferralRequest-model.serviceType"/><short value="A service requested or to be performed during this appointment"/><definition value="A service requested or to be performed during this appointment"/><min value="0"/><max value="*"/><base><path value="shr-core-ReferralRequest-model.serviceType"/><min value="0"/><max value="*"/></base><type><code value="Coding"/></type><mustSupport value="false"/><isModifier value="false"/><isSummary value="false"/><binding><strength value="example"/><valueSetReference><reference value="http://hl7.org/fhir/ValueSet/service-type"/></valueSetReference></binding></element><element id="shr-core-ReferralRequest-model.commentOrDescription"><path value="shr-core-ReferralRequest-model.commentOrDescription"/><code><system value="http://ncimeta.nci.nih.gov"/><code value="C0947611"/></code><short value="A text note containing additional details, explanation, description, comment, or summarization."/><definition value="A text note containing additional details, explanation, description, comment, or summarization."/><min value="0"/><max value="1"/><base><path value="shr-core-ReferralRequest-model.commentOrDescription"/><min value="0"/><max value="1"/></base><type><code value="string"/></type><mustSupport value="false"/><isModifier value="false"/><isSummary value="false"/></element><element id="shr-core-ReferralRequest-model.relatedInformation"><path value="shr-core-ReferralRequest-model.relatedInformation"/><short value="Additional information to support referral or transfer of care request"/><definition value="Additional information to support referral or transfer of care request"/><min value="0"/><max value="*"/><base><path value="shr-core-ReferralRequest-model.relatedInformation"/><min value="0"/><max value="*"/></base><type><code value="Reference"/><targetProfile value="http://hl7.org/fhir/us/shr/StructureDefinition/shr-core-DomainResource-model"/></type><mustSupport value="false"/><isModifier value="false"/><isSummary value="false"/></element></snapshot><differential><element id="shr-core-ReferralRequest-model"><path value="shr-core-ReferralRequest-model"/><definition value="Used to record and send details about a request for referral service or transfer of a patient to the care of another provider or provider organization."/><min value="0"/><max value="*"/><base><path value="shr-core-ReferralRequest-model"/><min value="0"/><max value="*"/></base><mustSupport value="false"/><isModifier value="false"/><isSummary value="false"/></element><element id="shr-core-ReferralRequest-model.metadata"><path value="shr-core-ReferralRequest-model.metadata"/><short value="Elements that belong to all information items."/><definition value="Elements that belong to all information items."/><min value="0"/><max value="1"/><base><path value="shr-core-ReferralRequest-model.metadata"/><min value="0"/><max value="1"/></base><type><code value="http://hl7.org/fhir/us/shr/StructureDefinition/shr-core-Metadata-model"/></type><mustSupport value="false"/><isModifier value="false"/><isSummary value="false"/></element><element id="shr-core-ReferralRequest-model.language"><path value="shr-core-ReferralRequest-model.language"/><code><system value="http://ncimeta.nci.nih.gov"/><code value="C0023008"/></code><short value="A human language, spoken or written."/><definition value="A human language, spoken or written."/><min value="0"/><max value="1"/><base><path value="shr-core-ReferralRequest-model.language"/><min value="0"/><max value="1"/></base><type><code value="Coding"/></type><mustSupport value="false"/><isModifier value="false"/><isSummary value="false"/></element><element id="shr-core-ReferralRequest-model.implicitRules"><path value="shr-core-ReferralRequest-model.implicitRules"/><short value="A set of rules under which this content was created"/><definition value="A set of rules under which this content was created"/><min value="0"/><max value="1"/><base><path value="shr-core-ReferralRequest-model.implicitRules"/><min value="0"/><max value="1"/></base><type><code value="uri"/></type><mustSupport value="false"/><isModifier value="false"/><isSummary value="false"/></element><element id="shr-core-ReferralRequest-model.narrative"><path value="shr-core-ReferralRequest-model.narrative"/><short value="A human-readable narrative, potentially including images, that contains a summary of the resource, and may be used to represent the content of the resource to a human."/><definition value="A human-readable narrative, potentially including images, that contains a summary of the resource, and may be used to represent the content of the resource to a human."/><min value="0"/><max value="1"/><base><path value="shr-core-ReferralRequest-model.narrative"/><min value="0"/><max value="1"/></base><type><code value="http://hl7.org/fhir/us/shr/StructureDefinition/shr-core-Narrative-model"/></type><mustSupport value="false"/><isModifier value="false"/><isSummary value="false"/></element><element id="shr-core-ReferralRequest-model.status"><path value="shr-core-ReferralRequest-model.status"/><short value="A state that relates to the workflow or interpretation of this resource. Certain status values can modify the meaning of the resource, for example, entered-in-error. When a boolean value is used, Status of true indicates the record is active, false means inactive."/><definition value="A state that relates to the workflow or interpretation of this resource. Certain status values can modify the meaning of the resource, for example, entered-in-error. When a boolean value is used, Status of true indicates the record is active, false means inactive."/><min value="1"/><max value="1"/><base><path value="shr-core-ReferralRequest-model.status"/><min value="1"/><max value="1"/></base><type><code value="Coding"/></type><mustSupport value="false"/><isModifier value="false"/><isSummary value="false"/></element><element id="shr-core-ReferralRequest-model.identifier"><path value="shr-core-ReferralRequest-model.identifier"/><short value="Business identifier or external id for this resource."/><definition value="Business identifier or external id for this resource."/><min value="0"/><max value="*"/><base><path value="shr-core-ReferralRequest-model.identifier"/><min value="0"/><max value="*"/></base><type><code value="http://hl7.org/fhir/us/shr/StructureDefinition/shr-core-Identifier-model"/></type><mustSupport value="false"/><isModifier value="false"/><isSummary value="false"/></element><element id="shr-core-ReferralRequest-model.referralSubjectOfRecord[x]"><path value="shr-core-ReferralRequest-model.referralSubjectOfRecord[x]"/><short value="A choice of Patient or Group. These are the potential subjects for Procedure and ReferralRequest resources."/><definition value="A choice of Patient or Group. These are the potential subjects for Procedure and ReferralRequest resources."/><min value="1"/><max value="1"/><base><path value="shr-core-ReferralRequest-model.referralSubjectOfRecord[x]"/><min value="1"/><max value="1"/></base><type><code value="Reference"/><targetProfile value="http://hl7.org/fhir/us/shr/StructureDefinition/shr-core-Patient-model"/></type><type><code value="Reference"/><targetProfile value="http://hl7.org/fhir/us/shr/StructureDefinition/shr-core-Group-model"/></type><mustSupport value="false"/><isModifier value="false"/><isSummary value="false"/></element><element id="shr-core-ReferralRequest-model.careContext[x]"><path value="shr-core-ReferralRequest-model.careContext[x]"/><short value="The encounter or episode of care"/><definition value="The encounter or episode of care"/><min value="0"/><max value="1"/><base><path value="shr-core-ReferralRequest-model.careContext[x]"/><min value="0"/><max value="1"/></base><type><code value="Reference"/><targetProfile value="http://hl7.org/fhir/us/shr/StructureDefinition/shr-core-Encounter-model"/></type><type><code value="Reference"/><targetProfile value="http://hl7.org/fhir/us/shr/StructureDefinition/shr-core-EpisodeOfCare-model"/></type><mustSupport value="false"/><isModifier value="false"/><isSummary value="false"/></element><element id="shr-core-ReferralRequest-model.statementDateTime"><path value="shr-core-ReferralRequest-model.statementDateTime"/><code><system value="http://ncimeta.nci.nih.gov"/><code value="C3669169"/></code><short value="The point in time when the statement was created."/><definition value="The point in time when the statement was created."/><min value="0"/><max value="1"/><base><path value="shr-core-ReferralRequest-model.statementDateTime"/><min value="0"/><max value="1"/></base><type><code value="dateTime"/></type><mustSupport value="false"/><isModifier value="false"/><isSummary value="false"/></element><element id="shr-core-ReferralRequest-model.reasonCode"><path value="shr-core-ReferralRequest-model.reasonCode"/><code><system value="http://ncimeta.nci.nih.gov"/><code value="C0566251"/></code><short value="The justification, as a code."/><definition value="The justification, as a code.&#xA;Reason is a string or CodeableConcept in DSTU2 but in later versions only a CodeableConcept, so we are not going to support a string."/><min value="0"/><max value="1"/><base><path value="shr-core-ReferralRequest-model.reasonCode"/><min value="0"/><max value="1"/></base><type><code value="Coding"/></type><mustSupport value="false"/><isModifier value="false"/><isSummary value="false"/></element><element id="shr-core-ReferralRequest-model.reasonReference[x]"><path value="shr-core-ReferralRequest-model.reasonReference[x]"/><short value="The justification, as reference to a condition or observation."/><definition value="The justification, as reference to a condition or observation."/><min value="0"/><max value="*"/><base><path value="shr-core-ReferralRequest-model.reasonReference[x]"/><min value="0"/><max value="*"/></base><type><code value="Reference"/><targetProfile value="http://hl7.org/fhir/us/shr/StructureDefinition/shr-core-Condition-model"/></type><type><code value="Reference"/><targetProfile value="http://hl7.org/fhir/us/shr/StructureDefinition/shr-core-Observation-model"/></type><mustSupport value="false"/><isModifier value="false"/><isSummary value="false"/></element><element id="shr-core-ReferralRequest-model.type"><path value="shr-core-ReferralRequest-model.type"/><code><system value="http://ncimeta.nci.nih.gov"/><code value="C0332307"/></code><short value="A code describing the item at a greater level of detail."/><definition value="A code describing the item at a greater level of detail."/><min value="0"/><max value="1"/><base><path value="shr-core-ReferralRequest-model.type"/><min value="0"/><max value="1"/></base><type><code value="Coding"/></type><mustSupport value="false"/><isModifier value="false"/><isSummary value="false"/><binding><strength value="example"/><valueSetReference><reference value="http://hl7.org/fhir/ValueSet/referral-type"/></valueSetReference></binding></element><element id="shr-core-ReferralRequest-model.requestIntent"><path value="shr-core-ReferralRequest-model.requestIntent"/><short value="Indicates the level of authority/intentionality associated with the request and where the request fits into the workflow chain."/><definition value="Indicates the level of authority/intentionality associated with the request and where the request fits into the workflow chain."/><min value="1"/><max value="1"/><base><path value="shr-core-ReferralRequest-model.requestIntent"/><min value="1"/><max value="1"/></base><type><code value="Coding"/></type><mustSupport value="false"/><isModifier value="false"/><isSummary value="false"/><binding><strength value="required"/><valueSetReference><reference value="http://hl7.org/fhir/ValueSet/request-intent"/></valueSetReference></binding></element><element id="shr-core-ReferralRequest-model.expectedPerformanceTime[x]"><path value="shr-core-ReferralRequest-model.expectedPerformanceTime[x]"/><short value="When an action should be done. If the action is a series or recurs (e.g. daily blood sugar testing in the morning) then a Timing can be used to describe the periodicity."/><definition value="When an action should be done. If the action is a series or recurs (e.g. daily blood sugar testing in the morning) then a Timing can be used to describe the periodicity."/><min value="0"/><max value="1"/><base><path value="shr-core-ReferralRequest-model.expectedPerformanceTime[x]"/><min value="0"/><max value="1"/></base><type><code value="dateTime"/></type><type><code value="http://hl7.org/fhir/us/shr/StructureDefinition/shr-core-TimePeriod-model"/></type><type><code value="http://hl7.org/fhir/us/shr/StructureDefinition/shr-core-Timing-model"/></type><mustSupport value="false"/><isModifier value="false"/><isSummary value="false"/></element><element id="shr-core-ReferralRequest-model.expectedPerformerType"><path value="shr-core-ReferralRequest-model.expectedPerformerType"/><short value="What type of party should carry out the testing."/><definition value="What type of party should carry out the testing."/><min value="0"/><max value="1"/><base><path value="shr-core-ReferralRequest-model.expectedPerformerType"/><min value="0"/><max value="1"/></base><type><code value="Coding"/></type><mustSupport value="false"/><isModifier value="false"/><isSummary value="false"/></element><element id="shr-core-ReferralRequest-model.recipient[x]"><path value="shr-core-ReferralRequest-model.recipient[x]"/><short value="Who this request is being addressed to."/><definition value="Who this request is being addressed to."/><min value="0"/><max value="1"/><base><path value="shr-core-ReferralRequest-model.recipient[x]"/><min value="0"/><max value="1"/></base><type><code value="Reference"/><targetProfile value="http://hl7.org/fhir/us/shr/StructureDefinition/shr-core-Patient-model"/></type><type><code value="Reference"/><targetProfile value="http://hl7.org/fhir/us/shr/StructureDefinition/shr-core-Practitioner-model"/></type><type><code value="Reference"/><targetProfile value="http://hl7.org/fhir/us/shr/StructureDefinition/shr-core-RelatedPerson-model"/></type><type><code value="Reference"/><targetProfile value="http://hl7.org/fhir/us/shr/StructureDefinition/shr-core-Organization-model"/></type><type><code value="Reference"/><targetProfile value="http://hl7.org/fhir/us/shr/StructureDefinition/shr-core-Device-model"/></type><mustSupport value="false"/><isModifier value="false"/><isSummary value="false"/></element><element id="shr-core-ReferralRequest-model.priorityCode[x]"><path value="shr-core-ReferralRequest-model.priorityCode[x]"/><code><system value="http://ncimeta.nci.nih.gov"/><code value="C0549179"/></code><slicing><discriminator><type value="type"/><path value="$this"/></discriminator><ordered value="false"/><rules value="open"/></slicing><short value="An indication of the importance of an action relative to other actions."/><definition value="An indication of the importance of an action relative to other actions."/><min value="0"/><max value="1"/><base><path value="shr-core-ReferralRequest-model.priorityCode[x]"/><min value="0"/><max value="1"/></base><type><code value="positiveInt"/></type><type><code value="Coding"/></type><mustSupport value="false"/><isModifier value="false"/><isSummary value="false"/></element><element id="shr-core-ReferralRequest-model.priorityCodeCoding:codeableConcept"><path value="shr-core-ReferralRequest-model.priorityCodeCoding"/><sliceName value="codeableConcept"/><short value="PositiveInt or code representing an indication of the importance of an action relative to other actions."/><definition value="PositiveInt or code representing an indication of the importance of an action relative to other actions."/><min value="1"/><max value="1"/><base><path value="shr-core-ReferralRequest-model.priorityCodeCoding"/><min value="1"/><max value="1"/></base><type><code value="Coding"/></type><mustSupport value="false"/><isModifier value="false"/><isSummary value="false"/><binding><strength value="required"/><valueSetReference><reference value="http://hl7.org/fhir/ValueSet/request-priority"/></valueSetReference></binding></element><element id="shr-core-ReferralRequest-model.annotation"><path value="shr-core-ReferralRequest-model.annotation"/><short value="An added or follow-up note, often after the fact, that contains metadata about who made the statement and when."/><definition value="An added or follow-up note, often after the fact, that contains metadata about who made the statement and when."/><min value="0"/><max value="*"/><base><path value="shr-core-ReferralRequest-model.annotation"/><min value="0"/><max value="*"/></base><type><code value="http://hl7.org/fhir/us/shr/StructureDefinition/shr-core-Annotation-model"/></type><mustSupport value="false"/><isModifier value="false"/><isSummary value="false"/></element><element id="shr-core-ReferralRequest-model.communicationMethod"><path value="shr-core-ReferralRequest-model.communicationMethod"/><short value="This is the method the provider used to communicate. Examples include: Written, Telephoned, Verbal, Electronically Entered, Policy, Service Correction, Duplicate, etc. &#39;Code indicating the origin of the prescription.&#39; - NCPDP Telecommunication (Field 419-DJ, Data Dictionary 201104). Possible values include: Written; Telephone; Electronic; Facsimile; Pharmacy; Not Known."/><definition value="This is the method the provider used to communicate. Examples include: Written, Telephoned, Verbal, Electronically Entered, Policy, Service Correction, Duplicate, etc. &#39;Code indicating the origin of the prescription.&#39; - NCPDP Telecommunication (Field 419-DJ, Data Dictionary 201104). Possible values include: Written; Telephone; Electronic; Facsimile; Pharmacy; Not Known."/><min value="0"/><max value="1"/><base><path value="shr-core-ReferralRequest-model.communicationMethod"/><min value="0"/><max value="1"/></base><type><code value="Coding"/></type><mustSupport value="false"/><isModifier value="false"/><isSummary value="false"/></element><element id="shr-core-ReferralRequest-model.referralRequester[x]"><path value="shr-core-ReferralRequest-model.referralRequester[x]"/><short value="The person or organization originating this referral"/><definition value="The person or organization originating this referral"/><min value="0"/><max value="1"/><base><path value="shr-core-ReferralRequest-model.referralRequester[x]"/><min value="0"/><max value="1"/></base><type><code value="Reference"/><targetProfile value="http://hl7.org/fhir/us/shr/StructureDefinition/shr-core-Patient-model"/></type><type><code value="Reference"/><targetProfile value="http://hl7.org/fhir/us/shr/StructureDefinition/shr-core-Practitioner-model"/></type><type><code value="Reference"/><targetProfile value="http://hl7.org/fhir/us/shr/StructureDefinition/shr-core-RelatedPerson-model"/></type><type><code value="Reference"/><targetProfile value="http://hl7.org/fhir/us/shr/StructureDefinition/shr-core-Organization-model"/></type><type><code value="Reference"/><targetProfile value="http://hl7.org/fhir/us/shr/StructureDefinition/shr-core-Device-model"/></type><mustSupport value="false"/><isModifier value="false"/><isSummary value="false"/></element><element id="shr-core-ReferralRequest-model.replaces"><path value="shr-core-ReferralRequest-model.replaces"/><short value="Request(s) replaced by this request"/><definition value="Request(s) replaced by this request"/><min value="0"/><max value="*"/><base><path value="shr-core-ReferralRequest-model.replaces"/><min value="0"/><max value="*"/></base><type><code value="Reference"/><targetProfile value="http://hl7.org/fhir/us/shr/StructureDefinition/shr-core-ReferralRequest-model"/></type><mustSupport value="false"/><isModifier value="false"/><isSummary value="false"/></element><element id="shr-core-ReferralRequest-model.referralRecipient[x]"><path value="shr-core-ReferralRequest-model.referralRecipient[x]"/><short value="The practitioner or organization receiving the referral."/><definition value="The practitioner or organization receiving the referral."/><min value="0"/><max value="*"/><base><path value="shr-core-ReferralRequest-model.referralRecipient[x]"/><min value="0"/><max value="*"/></base><type><code value="Reference"/><targetProfile value="http://hl7.org/fhir/us/shr/StructureDefinition/shr-core-Practitioner-model"/></type><type><code value="Reference"/><targetProfile value="http://hl7.org/fhir/us/shr/StructureDefinition/shr-core-Organization-model"/></type><mustSupport value="false"/><isModifier value="false"/><isSummary value="false"/></element><element id="shr-core-ReferralRequest-model.serviceType"><path value="shr-core-ReferralRequest-model.serviceType"/><short value="A service requested or to be performed during this appointment"/><definition value="A service requested or to be performed during this appointment"/><min value="0"/><max value="*"/><base><path value="shr-core-ReferralRequest-model.serviceType"/><min value="0"/><max value="*"/></base><type><code value="Coding"/></type><mustSupport value="false"/><isModifier value="false"/><isSummary value="false"/><binding><strength value="example"/><valueSetReference><reference value="http://hl7.org/fhir/ValueSet/service-type"/></valueSetReference></binding></element><element id="shr-core-ReferralRequest-model.commentOrDescription"><path value="shr-core-ReferralRequest-model.commentOrDescription"/><code><system value="http://ncimeta.nci.nih.gov"/><code value="C0947611"/></code><short value="A text note containing additional details, explanation, description, comment, or summarization."/><definition value="A text note containing additional details, explanation, description, comment, or summarization."/><min value="0"/><max value="1"/><base><path value="shr-core-ReferralRequest-model.commentOrDescription"/><min value="0"/><max value="1"/></base><type><code value="string"/></type><mustSupport value="false"/><isModifier value="false"/><isSummary value="false"/></element><element id="shr-core-ReferralRequest-model.relatedInformation"><path value="shr-core-ReferralRequest-model.relatedInformation"/><short value="Additional information to support referral or transfer of care request"/><definition value="Additional information to support referral or transfer of care request"/><min value="0"/><max value="*"/><base><path value="shr-core-ReferralRequest-model.relatedInformation"/><min value="0"/><max value="*"/></base><type><code value="Reference"/><targetProfile value="http://hl7.org/fhir/us/shr/StructureDefinition/shr-core-DomainResource-model"/></type><mustSupport value="false"/><isModifier value="false"/><isSummary value="false"/></element></differential></StructureDefinition>