<?xml version="1.0" encoding="UTF-8"?><StructureDefinition xmlns="http://hl7.org/fhir"><id value="shr-core-ServiceType-model"/><text><status value="generated"/><div xmlns="http://www.w3.org/1999/xhtml">
  <p><b>ServiceType Logical Model</b></p>
  <p>A service requested or to be performed during this appointment</p>
</div></text><url value="http://hl7.org/fhir/us/shr/StructureDefinition/shr-core-ServiceType-model"/><identifier><system value="http://hl7.org/fhir/us/sw"/><value value="shr.core.ServiceType"/></identifier><version value="0.5.0"/><name value="ServiceType"/><title value="shr-core-ServiceType"/><status value="draft"/><date value="2019-03-30T00:00:00-04:00"/><publisher value="HL7 Patient Care and Clinical Information Modeling Initiative Work Groups"/><contact><telecom><system value="url"/><value value="http://standardhealthrecord.org"/></telecom></contact><description value="A service requested or to be performed during this appointment"/><fhirVersion value="3.0.1"/><kind value="logical"/><abstract value="false"/><type value="shr-core-ServiceType-model"/><baseDefinition value="http://hl7.org/fhir/StructureDefinition/Element"/><derivation value="specialization"/><snapshot><element id="shr-core-ServiceType-model"><path value="shr-core-ServiceType-model"/><definition value="A service requested or to be performed during this appointment"/><min value="0"/><max value="*"/><base><path value="shr-core-ServiceType-model"/><min value="0"/><max value="*"/></base><mustSupport value="false"/><isModifier value="false"/><isSummary value="false"/></element><element id="shr-core-ServiceType-model.value"><path value="shr-core-ServiceType-model.value"/><short value="Code representing a service requested or to be performed during this appointment"/><definition value="Code representing a service requested or to be performed during this appointment"/><min value="1"/><max value="1"/><base><path value="shr-core-ServiceType-model.value"/><min value="1"/><max value="1"/></base><type><code value="Coding"/></type><mustSupport value="false"/><isModifier value="false"/><isSummary value="false"/><binding><strength value="example"/><valueSetReference><reference value="http://hl7.org/fhir/ValueSet/service-type"/></valueSetReference></binding></element></snapshot><differential><element id="shr-core-ServiceType-model"><path value="shr-core-ServiceType-model"/><definition value="A service requested or to be performed during this appointment"/><min value="0"/><max value="*"/><base><path value="shr-core-ServiceType-model"/><min value="0"/><max value="*"/></base><mustSupport value="false"/><isModifier value="false"/><isSummary value="false"/></element><element id="shr-core-ServiceType-model.value"><path value="shr-core-ServiceType-model.value"/><short value="Code representing a service requested or to be performed during this appointment"/><definition value="Code representing a service requested or to be performed during this appointment"/><min value="1"/><max value="1"/><base><path value="shr-core-ServiceType-model.value"/><min value="1"/><max value="1"/></base><type><code value="Coding"/></type><mustSupport value="false"/><isModifier value="false"/><isSummary value="false"/><binding><strength value="example"/><valueSetReference><reference value="http://hl7.org/fhir/ValueSet/service-type"/></valueSetReference></binding></element></differential></StructureDefinition>