<?xml version="1.0" encoding="UTF-8"?><StructureDefinition xmlns="http://hl7.org/fhir"><id value="shr-core-SequenceNumber-model"/><text><status value="generated"/><div xmlns="http://www.w3.org/1999/xhtml">
  <p><b>SequenceNumber Logical Model</b></p>
  <p>The sequence number for this specimen in a collection of specimens.</p>
</div></text><url value="http://hl7.org/fhir/us/shr/StructureDefinition/shr-core-SequenceNumber-model"/><identifier><system value="http://hl7.org/fhir/us/sw"/><value value="shr.core.SequenceNumber"/></identifier><version value="0.5.0"/><name value="SequenceNumber"/><title value="shr-core-SequenceNumber"/><status value="draft"/><date value="2019-03-30T00:00:00-04:00"/><publisher value="HL7 Patient Care and Clinical Information Modeling Initiative Work Groups"/><contact><telecom><system value="url"/><value value="http://standardhealthrecord.org"/></telecom></contact><description value="The sequence number for this specimen in a collection of specimens."/><fhirVersion value="3.0.1"/><kind value="logical"/><abstract value="false"/><type value="shr-core-SequenceNumber-model"/><baseDefinition value="http://hl7.org/fhir/StructureDefinition/Element"/><derivation value="specialization"/><snapshot><element id="shr-core-SequenceNumber-model"><path value="shr-core-SequenceNumber-model"/><definition value="The sequence number for this specimen in a collection of specimens."/><min value="0"/><max value="*"/><base><path value="shr-core-SequenceNumber-model"/><min value="0"/><max value="*"/></base><mustSupport value="false"/><isModifier value="false"/><isSummary value="false"/></element><element id="shr-core-SequenceNumber-model.value"><path value="shr-core-SequenceNumber-model.value"/><short value="Code representing the sequence number for this specimen in a collection of specimens."/><definition value="Code representing the sequence number for this specimen in a collection of specimens."/><min value="1"/><max value="1"/><base><path value="shr-core-SequenceNumber-model.value"/><min value="1"/><max value="1"/></base><type><code value="Coding"/></type><mustSupport value="false"/><isModifier value="false"/><isSummary value="false"/></element></snapshot><differential><element id="shr-core-SequenceNumber-model"><path value="shr-core-SequenceNumber-model"/><definition value="The sequence number for this specimen in a collection of specimens."/><min value="0"/><max value="*"/><base><path value="shr-core-SequenceNumber-model"/><min value="0"/><max value="*"/></base><mustSupport value="false"/><isModifier value="false"/><isSummary value="false"/></element><element id="shr-core-SequenceNumber-model.value"><path value="shr-core-SequenceNumber-model.value"/><short value="Code representing the sequence number for this specimen in a collection of specimens."/><definition value="Code representing the sequence number for this specimen in a collection of specimens."/><min value="1"/><max value="1"/><base><path value="shr-core-SequenceNumber-model.value"/><min value="1"/><max value="1"/></base><type><code value="Coding"/></type><mustSupport value="false"/><isModifier value="false"/><isSummary value="false"/></element></differential></StructureDefinition>