<?xml version="1.0" encoding="UTF-8"?><ValueSet xmlns="http://hl7.org/fhir"><id value="shr-core-TimeUnitOfMeasureVS"/><text><status value="generated"/><div xmlns="http://www.w3.org/1999/xhtml">
<p><b>TimeUnitOfMeasureVS ValueSet</b></p>
<p>Units of measure related to time.</p>
</div></text><url value="http://hl7.org/fhir/us/sw/shr/core/vs/TimeUnitOfMeasureVS"/><identifier><system value="http://hl7.org/fhir/us/sw"/><value value="shr.core.TimeUnitOfMeasureVS"/></identifier><version value="0.5.0"/><name value="TimeUnitOfMeasureVS"/><title value="TimeUnitOfMeasureVS"/><status value="draft"/><date value="2019-03-30T00:00:00-04:00"/><publisher value="HL7 Patient Care and Clinical Information Modeling Initiative Work Groups"/><contact><telecom><system value="url"/><value value="http://standardhealthrecord.org"/></telecom></contact><description value="Units of measure related to time."/><compose><include><system value="http://unitsofmeasure.org"/><concept><code value="us"/><display value="Microsecond"/></concept><concept><code value="ms"/><display value="Millisecond"/></concept><concept><code value="s"/><display value="Second"/></concept><concept><code value="min"/><display value="Minute"/></concept><concept><code value="h"/><display value="Hour"/></concept><concept><code value="wk"/><display value="Week"/></concept><concept><code value="mo"/><display value="Month"/></concept><concept><code value="a"/><display value="Year"/></concept></include></compose></ValueSet>