<?xml version="1.0" encoding="UTF-8"?><ValueSet xmlns="http://hl7.org/fhir"><id value="sw-WoundBedAppearanceVS"/><text><status value="generated"/><div xmlns="http://www.w3.org/1999/xhtml">
<p><b>WoundBedAppearanceVS ValueSet</b></p>
<p>A set of codes that describe how the wound bed looks.</p>
</div></text><url value="http://hl7.org/fhir/us/sw/sw/vs/WoundBedAppearanceVS"/><identifier><system value="http://hl7.org/fhir/us/sw"/><value value="sw.WoundBedAppearanceVS"/></identifier><version value="0.5.0"/><name value="WoundBedAppearanceVS"/><title value="WoundBedAppearanceVS"/><status value="draft"/><date value="2019-03-30T00:00:00-04:00"/><publisher value="HL7 Patient Care and Clinical Information Modeling Initiative Work Groups"/><contact><telecom><system value="url"/><value value="http://standardhealthrecord.org"/></telecom></contact><description value="A set of codes that describe how the wound bed looks."/><compose><include><system value="http://snomed.info/sct"/><concept><code value="449746002"/><display value="Wound slough"/></concept><concept><code value="225541009"/><display value="Granulation of tissue"/></concept><concept><code value="449745003"/><display value="Fibrinous wound bed"/></concept><concept><code value="449743005"/><display value="Wound epithelialization"/></concept><concept><code value="421306004"/><display value="Necrotic eschar"/></concept><concept><code value="609410002"/><display value="Necrosis of anatomical site"/></concept><concept><code value="409590008:58158008"/><display value="Stable Eschar"/></concept></include></compose></ValueSet>