<?xml version="1.0" encoding="UTF-8"?><ValueSet xmlns="http://hl7.org/fhir"><id value="sw-SkinColorVS"/><text><status value="generated"/><div xmlns="http://www.w3.org/1999/xhtml">
<p><b>SkinColorVS ValueSet</b></p>
<p>The color or hue of the patient&#39;s skin, compared to its normal color.</p>
</div></text><url value="http://hl7.org/fhir/us/sw/sw/vs/SkinColorVS"/><identifier><system value="http://hl7.org/fhir/us/sw"/><value value="sw.SkinColorVS"/></identifier><version value="0.5.0"/><name value="SkinColorVS"/><title value="SkinColorVS"/><status value="draft"/><date value="2019-03-31T00:00:00-04:00"/><publisher value="HL7 Patient Care and Clinical Information Modeling Initiative Work Groups"/><contact><telecom><system value="url"/><value value="http://standardhealthrecord.org"/></telecom></contact><description value="The color or hue of the patient&#39;s skin, compared to its normal color."/><compose><include><system value="http://snomed.info/sct"/><concept><code value="18165001"/><display value="Jaundice"/></concept><concept><code value="406128001"/><display value="Mottling of skin"/></concept><concept><code value="248213001"/><display value="Flushed complexion"/></concept><concept><code value="119419001"/><display value="Cyanosis of skin"/></concept><concept><code value="274643008"/><display value="Body pale"/></concept><concept><code value="445394005"/><display value="Dusky discoloration of skin"/></concept><concept><code value="297952003"/><display value="Skin normal color"/></concept></include></compose></ValueSet>