<?xml version="1.0" encoding="UTF-8"?><ValueSet xmlns="http://hl7.org/fhir"><id value="sw-SkinTurgorVS"/><text><status value="generated"/><div xmlns="http://www.w3.org/1999/xhtml">
<p><b>SkinTurgorVS ValueSet</b></p>
<p>Values that describe the skin&#39;s ability to return to normal position after being pinched and pulled up.</p>
</div></text><url value="http://hl7.org/fhir/us/sw/sw/vs/SkinTurgorVS"/><identifier><system value="http://hl7.org/fhir/us/sw"/><value value="sw.SkinTurgorVS"/></identifier><version value="0.5.0"/><name value="SkinTurgorVS"/><title value="SkinTurgorVS"/><status value="draft"/><date value="2019-03-31T00:00:00-04:00"/><publisher value="HL7 Patient Care and Clinical Information Modeling Initiative Work Groups"/><contact><telecom><system value="url"/><value value="http://standardhealthrecord.org"/></telecom></contact><description value="Values that describe the skin&#39;s ability to return to normal position after being pinched and pulled up."/><compose><include><system value="http://snomed.info/sct"/><concept><code value="425244000"/><display value="Decreased skin turgor"/></concept><concept><code value="297957009"/><display value="Stretched skin"/></concept><concept><code value="297956000"/><display value="Skin turgor normal"/></concept></include></compose></ValueSet>