{"resourceType":"StructureDefinition","id":"shr-core-Location-model","text":{"status":"generated","div":"<div xmlns=\"http://www.w3.org/1999/xhtml\">\n  <p><b>Location Logical Model</b></p>\n  <p>Services and space and equipment provided for a particular purpose; a building or place that provides a particular service or is used for a particular industry. Could be a clinical site, community site, or a mobile facility.</p>\n</div>"},"url":"http://hl7.org/fhir/us/shr/StructureDefinition/shr-core-Location-model","identifier":[{"system":"http://hl7.org/fhir/us/sw","value":"shr.core.Location"}],"version":"0.5.0","name":"Location","title":"shr-core-Location","status":"draft","date":"2019-03-31T00:00:00-04:00","publisher":"HL7 Patient Care and Clinical Information Modeling Initiative Work Groups","contact":[{"telecom":[{"system":"url","value":"http://standardhealthrecord.org"}]}],"description":"Services and space and equipment provided for a particular purpose; a building or place that provides a particular service or is used for a particular industry. Could be a clinical site, community site, or a mobile facility.","keyword":[{"system":"http://ncimeta.nci.nih.gov","code":"C1547538"}],"fhirVersion":"3.0.1","kind":"logical","abstract":false,"type":"shr-core-Location-model","baseDefinition":"http://hl7.org/fhir/StructureDefinition/Element","derivation":"specialization","snapshot":{"element":[{"id":"shr-core-Location-model","path":"shr-core-Location-model","definition":"Services and space and equipment provided for a particular purpose; a building or place that provides a particular service or is used for a particular industry. Could be a clinical site, community site, or a mobile facility.","min":0,"max":"*","base":{"path":"shr-core-Location-model","min":0,"max":"*"},"mustSupport":false,"isModifier":false,"isSummary":false},{"id":"shr-core-Location-model.metadata","path":"shr-core-Location-model.metadata","short":"Elements that belong to all information items.","definition":"Elements that belong to all information items.","min":0,"max":"1","base":{"path":"shr-core-Location-model.metadata","min":0,"max":"1"},"type":[{"code":"http://hl7.org/fhir/us/shr/StructureDefinition/shr-core-Metadata-model"}],"mustSupport":false,"isModifier":false,"isSummary":false},{"id":"shr-core-Location-model.language","path":"shr-core-Location-model.language","code":[{"system":"http://ncimeta.nci.nih.gov","code":"C0023008"}],"short":"A human language, spoken or written.","definition":"A human language, spoken or written.","min":0,"max":"1","base":{"path":"shr-core-Location-model.language","min":0,"max":"1"},"type":[{"code":"Coding"}],"mustSupport":false,"isModifier":false,"isSummary":false},{"id":"shr-core-Location-model.implicitRules","path":"shr-core-Location-model.implicitRules","short":"A set of rules under which this content was created","definition":"A set of rules under which this content was created","min":0,"max":"1","base":{"path":"shr-core-Location-model.implicitRules","min":0,"max":"1"},"type":[{"code":"uri"}],"mustSupport":false,"isModifier":false,"isSummary":false},{"id":"shr-core-Location-model.narrative","path":"shr-core-Location-model.narrative","short":"A human-readable narrative, potentially including images, that contains a summary of the resource, and may be used to represent the content of the resource to a human.","definition":"A human-readable narrative, potentially including images, that contains a summary of the resource, and may be used to represent the content of the resource to a human.","min":0,"max":"1","base":{"path":"shr-core-Location-model.narrative","min":0,"max":"1"},"type":[{"code":"http://hl7.org/fhir/us/shr/StructureDefinition/shr-core-Narrative-model"}],"mustSupport":false,"isModifier":false,"isSummary":false},{"id":"shr-core-Location-model.status","path":"shr-core-Location-model.status","short":"A state that relates to the workflow or interpretation of this resource. Certain status values can modify the meaning of the resource, for example, entered-in-error. When a boolean value is used, Status of true indicates the record is active, false means inactive.","definition":"A state that relates to the workflow or interpretation of this resource. Certain status values can modify the meaning of the resource, for example, entered-in-error. When a boolean value is used, Status of true indicates the record is active, false means inactive.","min":0,"max":"1","base":{"path":"shr-core-Location-model.status","min":0,"max":"1"},"type":[{"code":"Coding"}],"mustSupport":false,"isModifier":false,"isSummary":false,"binding":{"strength":"required","valueSetReference":{"reference":"http://hl7.org/fhir/ValueSet/location-status"}}},{"id":"shr-core-Location-model.identifier","path":"shr-core-Location-model.identifier","short":"Business identifier or external id for this resource.","definition":"Business identifier or external id for this resource.","min":0,"max":"*","base":{"path":"shr-core-Location-model.identifier","min":0,"max":"*"},"type":[{"code":"http://hl7.org/fhir/us/shr/StructureDefinition/shr-core-Identifier-model"}],"mustSupport":false,"isModifier":false,"isSummary":false},{"id":"shr-core-Location-model.partOf","path":"shr-core-Location-model.partOf","code":[{"system":"http://ncimeta.nci.nih.gov","code":"C1547538"}],"short":"The larger entity that the asserted item is a portion of. For example, an organization part of a larger organization, or an encounter with a hospitalist might be part of a larger hospitalization encounter.","definition":"The larger entity that the asserted item is a portion of. For example, an organization part of a larger organization, or an encounter with a hospitalist might be part of a larger hospitalization encounter.","min":0,"max":"1","base":{"path":"shr-core-Location-model.partOf","min":0,"max":"1"},"type":[{"code":"Reference","targetProfile":"http://hl7.org/fhir/us/shr/StructureDefinition/shr-core-Location-model"}],"mustSupport":false,"isModifier":false,"isSummary":false},{"id":"shr-core-Location-model.operationalStatus","path":"shr-core-Location-model.operationalStatus","short":"The operational status covers operation values most relevant to beds (but can also apply to rooms/units/chairs/etc. such as an isolation unit/dialysis chair). This typically covers concepts such as contamination, housekeeping, and other activities like maintenance.","definition":"The operational status covers operation values most relevant to beds (but can also apply to rooms/units/chairs/etc. such as an isolation unit/dialysis chair). This typically covers concepts such as contamination, housekeeping, and other activities like maintenance.","min":0,"max":"1","base":{"path":"shr-core-Location-model.operationalStatus","min":0,"max":"1"},"type":[{"code":"Coding"}],"mustSupport":false,"isModifier":false,"isSummary":false,"binding":{"strength":"preferred","valueSetReference":{"reference":"http://terminology.hl7.org/ValueSet/v2-0116"}}},{"id":"shr-core-Location-model.locationName","path":"shr-core-Location-model.locationName","code":[{"system":"http://ncimeta.nci.nih.gov","code":"C3261404"}],"short":"The DBA (doing business as) or most commonly-used name for a facility.","definition":"The DBA (doing business as) or most commonly-used name for a facility.","min":1,"max":"1","base":{"path":"shr-core-Location-model.locationName","min":1,"max":"1"},"type":[{"code":"string"}],"mustSupport":false,"isModifier":false,"isSummary":false},{"id":"shr-core-Location-model.alias","path":"shr-core-Location-model.alias","short":"A list of alternate names the subject is or was known as.","definition":"A list of alternate names the subject is or was known as.","min":0,"max":"*","base":{"path":"shr-core-Location-model.alias","min":0,"max":"*"},"type":[{"code":"string"}],"mustSupport":false,"isModifier":false,"isSummary":false},{"id":"shr-core-Location-model.commentOrDescription","path":"shr-core-Location-model.commentOrDescription","code":[{"system":"http://ncimeta.nci.nih.gov","code":"C0947611"}],"short":"A text note containing additional details, explanation, description, comment, or summarization.","definition":"A text note containing additional details, explanation, description, comment, or summarization.","min":0,"max":"1","base":{"path":"shr-core-Location-model.commentOrDescription","min":0,"max":"1"},"type":[{"code":"string"}],"mustSupport":false,"isModifier":false,"isSummary":false},{"id":"shr-core-Location-model.mode","path":"shr-core-Location-model.mode","short":"Indicates whether a resource instance represents a specific item or a class of items.","definition":"Indicates whether a resource instance represents a specific item or a class of items.","min":0,"max":"1","base":{"path":"shr-core-Location-model.mode","min":0,"max":"1"},"type":[{"code":"Coding"}],"mustSupport":false,"isModifier":false,"isSummary":false,"binding":{"strength":"required","valueSetReference":{"reference":"http://hl7.org/fhir/ValueSet/location-mode"}}},{"id":"shr-core-Location-model.type","path":"shr-core-Location-model.type","code":[{"system":"http://ncimeta.nci.nih.gov","code":"C0332307"}],"short":"A code describing the item at a greater level of detail.","definition":"A code describing the item at a greater level of detail.","min":1,"max":"1","base":{"path":"shr-core-Location-model.type","min":1,"max":"1"},"type":[{"code":"Coding"}],"mustSupport":false,"isModifier":false,"isSummary":false,"binding":{"strength":"extensible","valueSetReference":{"reference":"http://hl7.org/fhir/ValueSet/v3-ServiceDeliveryLocationRoleType"}}},{"id":"shr-core-Location-model.contactPoint","path":"shr-core-Location-model.contactPoint","code":[{"system":"http://ncimeta.nci.nih.gov","code":"C2986441"}],"short":"An electronic means of contacting an organization or individual.","definition":"An electronic means of contacting an organization or individual.","min":0,"max":"*","base":{"path":"shr-core-Location-model.contactPoint","min":0,"max":"*"},"type":[{"code":"http://hl7.org/fhir/us/shr/StructureDefinition/shr-core-ContactPoint-model"}],"mustSupport":false,"isModifier":false,"isSummary":false},{"id":"shr-core-Location-model.address","path":"shr-core-Location-model.address","code":[{"system":"http://ncimeta.nci.nih.gov","code":"C0682130"}],"short":"An address expressed using postal conventions (as opposed to GPS or other location definition formats). This data type may be used to convey addresses for use in delivering mail as well as for visiting locations and which might not be valid for mail delivery. There are a variety of postal address formats defined around the world. (Source: HL7 FHIR).","definition":"An address expressed using postal conventions (as opposed to GPS or other location definition formats). This data type may be used to convey addresses for use in delivering mail as well as for visiting locations and which might not be valid for mail delivery. There are a variety of postal address formats defined around the world. (Source: HL7 FHIR).","min":0,"max":"1","base":{"path":"shr-core-Location-model.address","min":0,"max":"1"},"type":[{"code":"http://hl7.org/fhir/us/shr/StructureDefinition/shr-core-Address-model"}],"mustSupport":false,"isModifier":false,"isSummary":false},{"id":"shr-core-Location-model.physicalType","path":"shr-core-Location-model.physicalType","short":"Physical form of the location, e.g. building, room, vehicle, road.","definition":"Physical form of the location, e.g. building, room, vehicle, road.","min":0,"max":"1","base":{"path":"shr-core-Location-model.physicalType","min":0,"max":"1"},"type":[{"code":"Coding"}],"mustSupport":false,"isModifier":false,"isSummary":false,"binding":{"strength":"example","valueSetReference":{"reference":"http://hl7.org/fhir/ValueSet/location-physical-type"}}},{"id":"shr-core-Location-model.geoposition","path":"shr-core-Location-model.geoposition","short":"The location on the surface of the Earth, described by a latitude and longitude (and optional altitude).","definition":"The location on the surface of the Earth, described by a latitude and longitude (and optional altitude).","min":0,"max":"1","base":{"path":"shr-core-Location-model.geoposition","min":0,"max":"1"},"type":[{"code":"http://hl7.org/fhir/us/shr/StructureDefinition/shr-core-Geoposition-model"}],"mustSupport":false,"isModifier":false,"isSummary":false},{"id":"shr-core-Location-model.mobileFacility","path":"shr-core-Location-model.mobileFacility","code":[{"system":"http://ncimeta.nci.nih.gov","code":"C0231435"}],"short":"A facility that moves from place to place, such as Meals-On-Wheels.","definition":"A facility that moves from place to place, such as Meals-On-Wheels.","min":0,"max":"1","base":{"path":"shr-core-Location-model.mobileFacility","min":0,"max":"1"},"type":[{"code":"boolean"}],"mustSupport":false,"isModifier":false,"isSummary":false},{"id":"shr-core-Location-model.managingOrganization","path":"shr-core-Location-model.managingOrganization","code":[{"system":"http://ncimeta.nci.nih.gov","code":"C0677351"}],"short":"The organization that manages an activity, facility, document, or service provision.","definition":"The organization that manages an activity, facility, document, or service provision.","min":1,"max":"1","base":{"path":"shr-core-Location-model.managingOrganization","min":1,"max":"1"},"type":[{"code":"Reference","targetProfile":"http://hl7.org/fhir/us/shr/StructureDefinition/shr-core-ManagingOrganization-model"}],"mustSupport":false,"isModifier":false,"isSummary":false}]},"differential":{"element":[{"id":"shr-core-Location-model","path":"shr-core-Location-model","definition":"Services and space and equipment provided for a particular purpose; a building or place that provides a particular service or is used for a particular industry. Could be a clinical site, community site, or a mobile facility.","min":0,"max":"*","base":{"path":"shr-core-Location-model","min":0,"max":"*"},"mustSupport":false,"isModifier":false,"isSummary":false},{"id":"shr-core-Location-model.metadata","path":"shr-core-Location-model.metadata","short":"Elements that belong to all information items.","definition":"Elements that belong to all information items.","min":0,"max":"1","base":{"path":"shr-core-Location-model.metadata","min":0,"max":"1"},"type":[{"code":"http://hl7.org/fhir/us/shr/StructureDefinition/shr-core-Metadata-model"}],"mustSupport":false,"isModifier":false,"isSummary":false},{"id":"shr-core-Location-model.language","path":"shr-core-Location-model.language","code":[{"system":"http://ncimeta.nci.nih.gov","code":"C0023008"}],"short":"A human language, spoken or written.","definition":"A human language, spoken or written.","min":0,"max":"1","base":{"path":"shr-core-Location-model.language","min":0,"max":"1"},"type":[{"code":"Coding"}],"mustSupport":false,"isModifier":false,"isSummary":false},{"id":"shr-core-Location-model.implicitRules","path":"shr-core-Location-model.implicitRules","short":"A set of rules under which this content was created","definition":"A set of rules under which this content was created","min":0,"max":"1","base":{"path":"shr-core-Location-model.implicitRules","min":0,"max":"1"},"type":[{"code":"uri"}],"mustSupport":false,"isModifier":false,"isSummary":false},{"id":"shr-core-Location-model.narrative","path":"shr-core-Location-model.narrative","short":"A human-readable narrative, potentially including images, that contains a summary of the resource, and may be used to represent the content of the resource to a human.","definition":"A human-readable narrative, potentially including images, that contains a summary of the resource, and may be used to represent the content of the resource to a human.","min":0,"max":"1","base":{"path":"shr-core-Location-model.narrative","min":0,"max":"1"},"type":[{"code":"http://hl7.org/fhir/us/shr/StructureDefinition/shr-core-Narrative-model"}],"mustSupport":false,"isModifier":false,"isSummary":false},{"id":"shr-core-Location-model.status","path":"shr-core-Location-model.status","short":"A state that relates to the workflow or interpretation of this resource. Certain status values can modify the meaning of the resource, for example, entered-in-error. When a boolean value is used, Status of true indicates the record is active, false means inactive.","definition":"A state that relates to the workflow or interpretation of this resource. Certain status values can modify the meaning of the resource, for example, entered-in-error. When a boolean value is used, Status of true indicates the record is active, false means inactive.","min":0,"max":"1","base":{"path":"shr-core-Location-model.status","min":0,"max":"1"},"type":[{"code":"Coding"}],"mustSupport":false,"isModifier":false,"isSummary":false,"binding":{"strength":"required","valueSetReference":{"reference":"http://hl7.org/fhir/ValueSet/location-status"}}},{"id":"shr-core-Location-model.identifier","path":"shr-core-Location-model.identifier","short":"Business identifier or external id for this resource.","definition":"Business identifier or external id for this resource.","min":0,"max":"*","base":{"path":"shr-core-Location-model.identifier","min":0,"max":"*"},"type":[{"code":"http://hl7.org/fhir/us/shr/StructureDefinition/shr-core-Identifier-model"}],"mustSupport":false,"isModifier":false,"isSummary":false},{"id":"shr-core-Location-model.partOf","path":"shr-core-Location-model.partOf","code":[{"system":"http://ncimeta.nci.nih.gov","code":"C1547538"}],"short":"The larger entity that the asserted item is a portion of. For example, an organization part of a larger organization, or an encounter with a hospitalist might be part of a larger hospitalization encounter.","definition":"The larger entity that the asserted item is a portion of. For example, an organization part of a larger organization, or an encounter with a hospitalist might be part of a larger hospitalization encounter.","min":0,"max":"1","base":{"path":"shr-core-Location-model.partOf","min":0,"max":"1"},"type":[{"code":"Reference","targetProfile":"http://hl7.org/fhir/us/shr/StructureDefinition/shr-core-Location-model"}],"mustSupport":false,"isModifier":false,"isSummary":false},{"id":"shr-core-Location-model.operationalStatus","path":"shr-core-Location-model.operationalStatus","short":"The operational status covers operation values most relevant to beds (but can also apply to rooms/units/chairs/etc. such as an isolation unit/dialysis chair). This typically covers concepts such as contamination, housekeeping, and other activities like maintenance.","definition":"The operational status covers operation values most relevant to beds (but can also apply to rooms/units/chairs/etc. such as an isolation unit/dialysis chair). This typically covers concepts such as contamination, housekeeping, and other activities like maintenance.","min":0,"max":"1","base":{"path":"shr-core-Location-model.operationalStatus","min":0,"max":"1"},"type":[{"code":"Coding"}],"mustSupport":false,"isModifier":false,"isSummary":false,"binding":{"strength":"preferred","valueSetReference":{"reference":"http://terminology.hl7.org/ValueSet/v2-0116"}}},{"id":"shr-core-Location-model.locationName","path":"shr-core-Location-model.locationName","code":[{"system":"http://ncimeta.nci.nih.gov","code":"C3261404"}],"short":"The DBA (doing business as) or most commonly-used name for a facility.","definition":"The DBA (doing business as) or most commonly-used name for a facility.","min":1,"max":"1","base":{"path":"shr-core-Location-model.locationName","min":1,"max":"1"},"type":[{"code":"string"}],"mustSupport":false,"isModifier":false,"isSummary":false},{"id":"shr-core-Location-model.alias","path":"shr-core-Location-model.alias","short":"A list of alternate names the subject is or was known as.","definition":"A list of alternate names the subject is or was known as.","min":0,"max":"*","base":{"path":"shr-core-Location-model.alias","min":0,"max":"*"},"type":[{"code":"string"}],"mustSupport":false,"isModifier":false,"isSummary":false},{"id":"shr-core-Location-model.commentOrDescription","path":"shr-core-Location-model.commentOrDescription","code":[{"system":"http://ncimeta.nci.nih.gov","code":"C0947611"}],"short":"A text note containing additional details, explanation, description, comment, or summarization.","definition":"A text note containing additional details, explanation, description, comment, or summarization.","min":0,"max":"1","base":{"path":"shr-core-Location-model.commentOrDescription","min":0,"max":"1"},"type":[{"code":"string"}],"mustSupport":false,"isModifier":false,"isSummary":false},{"id":"shr-core-Location-model.mode","path":"shr-core-Location-model.mode","short":"Indicates whether a resource instance represents a specific item or a class of items.","definition":"Indicates whether a resource instance represents a specific item or a class of items.","min":0,"max":"1","base":{"path":"shr-core-Location-model.mode","min":0,"max":"1"},"type":[{"code":"Coding"}],"mustSupport":false,"isModifier":false,"isSummary":false,"binding":{"strength":"required","valueSetReference":{"reference":"http://hl7.org/fhir/ValueSet/location-mode"}}},{"id":"shr-core-Location-model.type","path":"shr-core-Location-model.type","code":[{"system":"http://ncimeta.nci.nih.gov","code":"C0332307"}],"short":"A code describing the item at a greater level of detail.","definition":"A code describing the item at a greater level of detail.","min":1,"max":"1","base":{"path":"shr-core-Location-model.type","min":1,"max":"1"},"type":[{"code":"Coding"}],"mustSupport":false,"isModifier":false,"isSummary":false,"binding":{"strength":"extensible","valueSetReference":{"reference":"http://hl7.org/fhir/ValueSet/v3-ServiceDeliveryLocationRoleType"}}},{"id":"shr-core-Location-model.contactPoint","path":"shr-core-Location-model.contactPoint","code":[{"system":"http://ncimeta.nci.nih.gov","code":"C2986441"}],"short":"An electronic means of contacting an organization or individual.","definition":"An electronic means of contacting an organization or individual.","min":0,"max":"*","base":{"path":"shr-core-Location-model.contactPoint","min":0,"max":"*"},"type":[{"code":"http://hl7.org/fhir/us/shr/StructureDefinition/shr-core-ContactPoint-model"}],"mustSupport":false,"isModifier":false,"isSummary":false},{"id":"shr-core-Location-model.address","path":"shr-core-Location-model.address","code":[{"system":"http://ncimeta.nci.nih.gov","code":"C0682130"}],"short":"An address expressed using postal conventions (as opposed to GPS or other location definition formats). This data type may be used to convey addresses for use in delivering mail as well as for visiting locations and which might not be valid for mail delivery. There are a variety of postal address formats defined around the world. (Source: HL7 FHIR).","definition":"An address expressed using postal conventions (as opposed to GPS or other location definition formats). This data type may be used to convey addresses for use in delivering mail as well as for visiting locations and which might not be valid for mail delivery. There are a variety of postal address formats defined around the world. (Source: HL7 FHIR).","min":0,"max":"1","base":{"path":"shr-core-Location-model.address","min":0,"max":"1"},"type":[{"code":"http://hl7.org/fhir/us/shr/StructureDefinition/shr-core-Address-model"}],"mustSupport":false,"isModifier":false,"isSummary":false},{"id":"shr-core-Location-model.physicalType","path":"shr-core-Location-model.physicalType","short":"Physical form of the location, e.g. building, room, vehicle, road.","definition":"Physical form of the location, e.g. building, room, vehicle, road.","min":0,"max":"1","base":{"path":"shr-core-Location-model.physicalType","min":0,"max":"1"},"type":[{"code":"Coding"}],"mustSupport":false,"isModifier":false,"isSummary":false,"binding":{"strength":"example","valueSetReference":{"reference":"http://hl7.org/fhir/ValueSet/location-physical-type"}}},{"id":"shr-core-Location-model.geoposition","path":"shr-core-Location-model.geoposition","short":"The location on the surface of the Earth, described by a latitude and longitude (and optional altitude).","definition":"The location on the surface of the Earth, described by a latitude and longitude (and optional altitude).","min":0,"max":"1","base":{"path":"shr-core-Location-model.geoposition","min":0,"max":"1"},"type":[{"code":"http://hl7.org/fhir/us/shr/StructureDefinition/shr-core-Geoposition-model"}],"mustSupport":false,"isModifier":false,"isSummary":false},{"id":"shr-core-Location-model.mobileFacility","path":"shr-core-Location-model.mobileFacility","code":[{"system":"http://ncimeta.nci.nih.gov","code":"C0231435"}],"short":"A facility that moves from place to place, such as Meals-On-Wheels.","definition":"A facility that moves from place to place, such as Meals-On-Wheels.","min":0,"max":"1","base":{"path":"shr-core-Location-model.mobileFacility","min":0,"max":"1"},"type":[{"code":"boolean"}],"mustSupport":false,"isModifier":false,"isSummary":false},{"id":"shr-core-Location-model.managingOrganization","path":"shr-core-Location-model.managingOrganization","code":[{"system":"http://ncimeta.nci.nih.gov","code":"C0677351"}],"short":"The organization that manages an activity, facility, document, or service provision.","definition":"The organization that manages an activity, facility, document, or service provision.","min":1,"max":"1","base":{"path":"shr-core-Location-model.managingOrganization","min":1,"max":"1"},"type":[{"code":"Reference","targetProfile":"http://hl7.org/fhir/us/shr/StructureDefinition/shr-core-ManagingOrganization-model"}],"mustSupport":false,"isModifier":false,"isSummary":false}]}}