{"resourceType":"StructureDefinition","id":"shr-core-PhotographicImage-model","text":{"status":"generated","div":"<div xmlns=\"http://www.w3.org/1999/xhtml\">\n  <p><b>PhotographicImage Logical Model</b></p>\n  <p>An attachment of a photographic type. The mime type should be either bmp, gif, jpeg, png, svg, or tiff.</p>\n</div>"},"url":"http://hl7.org/fhir/us/shr/StructureDefinition/shr-core-PhotographicImage-model","identifier":[{"system":"http://hl7.org/fhir/us/sw","value":"shr.core.PhotographicImage"}],"version":"0.5.0","name":"PhotographicImage","title":"shr-core-PhotographicImage","status":"draft","date":"2019-03-30T00:00:00-04:00","publisher":"HL7 Patient Care and Clinical Information Modeling Initiative Work Groups","contact":[{"telecom":[{"system":"url","value":"http://standardhealthrecord.org"}]}],"description":"An attachment of a photographic type. The mime type should be either bmp, gif, jpeg, png, svg, or tiff.","keyword":[{"system":"http://loinc.org","code":"72170-4","display":"Photographic image\t[Attachment]"}],"fhirVersion":"3.0.1","kind":"logical","abstract":false,"type":"shr-core-PhotographicImage-model","baseDefinition":"http://hl7.org/fhir/StructureDefinition/Element","derivation":"specialization","snapshot":{"element":[{"id":"shr-core-PhotographicImage-model","path":"shr-core-PhotographicImage-model","definition":"An attachment of a photographic type. The mime type should be either bmp, gif, jpeg, png, svg, or tiff.","min":0,"max":"*","base":{"path":"shr-core-PhotographicImage-model","min":0,"max":"*"},"mustSupport":false,"isModifier":false,"isSummary":false},{"id":"shr-core-PhotographicImage-model.binaryData","path":"shr-core-PhotographicImage-model.binaryData","short":"The data itself.","definition":"The data itself.","min":0,"max":"1","base":{"path":"shr-core-PhotographicImage-model.binaryData","min":0,"max":"1"},"type":[{"code":"base64Binary"}],"mustSupport":false,"isModifier":false,"isSummary":false},{"id":"shr-core-PhotographicImage-model.contentType","path":"shr-core-PhotographicImage-model.contentType","short":"The mime type of the content, with charset etc.","definition":"The mime type of the content, with charset etc.","min":0,"max":"1","base":{"path":"shr-core-PhotographicImage-model.contentType","min":0,"max":"1"},"type":[{"code":"Coding"}],"mustSupport":false,"isModifier":false,"isSummary":false},{"id":"shr-core-PhotographicImage-model.language","path":"shr-core-PhotographicImage-model.language","code":[{"system":"http://ncimeta.nci.nih.gov","code":"C0023008"}],"short":"A human language, spoken or written.","definition":"A human language, spoken or written.","min":0,"max":"1","base":{"path":"shr-core-PhotographicImage-model.language","min":0,"max":"1"},"type":[{"code":"Coding"}],"mustSupport":false,"isModifier":false,"isSummary":false},{"id":"shr-core-PhotographicImage-model.resourceLocation","path":"shr-core-PhotographicImage-model.resourceLocation","short":"URI where data can be found.","definition":"URI where data can be found.","min":0,"max":"1","base":{"path":"shr-core-PhotographicImage-model.resourceLocation","min":0,"max":"1"},"type":[{"code":"uri"}],"mustSupport":false,"isModifier":false,"isSummary":false},{"id":"shr-core-PhotographicImage-model.resourceSize","path":"shr-core-PhotographicImage-model.resourceSize","short":"Number of bytes of content in the resource (if url provided)","definition":"Number of bytes of content in the resource (if url provided)","min":0,"max":"1","base":{"path":"shr-core-PhotographicImage-model.resourceSize","min":0,"max":"1"},"type":[{"code":"unsignedInt"}],"mustSupport":false,"isModifier":false,"isSummary":false},{"id":"shr-core-PhotographicImage-model.hash","path":"shr-core-PhotographicImage-model.hash","short":"A hash code of the data (sha-1, base64ed)","definition":"A hash code of the data (sha-1, base64ed)","min":0,"max":"1","base":{"path":"shr-core-PhotographicImage-model.hash","min":0,"max":"1"},"type":[{"code":"base64Binary"}],"mustSupport":false,"isModifier":false,"isSummary":false},{"id":"shr-core-PhotographicImage-model.title","path":"shr-core-PhotographicImage-model.title","short":"A distinguishing word or group of words naming an item.","definition":"A distinguishing word or group of words naming an item.","min":0,"max":"1","base":{"path":"shr-core-PhotographicImage-model.title","min":0,"max":"1"},"type":[{"code":"string"}],"mustSupport":false,"isModifier":false,"isSummary":false},{"id":"shr-core-PhotographicImage-model.creationDateTime","path":"shr-core-PhotographicImage-model.creationDateTime","code":[{"system":"http://ncimeta.nci.nih.gov","code":"C3669169"}],"short":"The point in time when the item was created.","definition":"The point in time when the item was created.","min":0,"max":"1","base":{"path":"shr-core-PhotographicImage-model.creationDateTime","min":0,"max":"1"},"type":[{"code":"dateTime"}],"mustSupport":false,"isModifier":false,"isSummary":false}]},"differential":{"element":[{"id":"shr-core-PhotographicImage-model","path":"shr-core-PhotographicImage-model","definition":"An attachment of a photographic type. The mime type should be either bmp, gif, jpeg, png, svg, or tiff.","min":0,"max":"*","base":{"path":"shr-core-PhotographicImage-model","min":0,"max":"*"},"mustSupport":false,"isModifier":false,"isSummary":false},{"id":"shr-core-PhotographicImage-model.binaryData","path":"shr-core-PhotographicImage-model.binaryData","short":"The data itself.","definition":"The data itself.","min":0,"max":"1","base":{"path":"shr-core-PhotographicImage-model.binaryData","min":0,"max":"1"},"type":[{"code":"base64Binary"}],"mustSupport":false,"isModifier":false,"isSummary":false},{"id":"shr-core-PhotographicImage-model.contentType","path":"shr-core-PhotographicImage-model.contentType","short":"The mime type of the content, with charset etc.","definition":"The mime type of the content, with charset etc.","min":0,"max":"1","base":{"path":"shr-core-PhotographicImage-model.contentType","min":0,"max":"1"},"type":[{"code":"Coding"}],"mustSupport":false,"isModifier":false,"isSummary":false},{"id":"shr-core-PhotographicImage-model.language","path":"shr-core-PhotographicImage-model.language","code":[{"system":"http://ncimeta.nci.nih.gov","code":"C0023008"}],"short":"A human language, spoken or written.","definition":"A human language, spoken or written.","min":0,"max":"1","base":{"path":"shr-core-PhotographicImage-model.language","min":0,"max":"1"},"type":[{"code":"Coding"}],"mustSupport":false,"isModifier":false,"isSummary":false},{"id":"shr-core-PhotographicImage-model.resourceLocation","path":"shr-core-PhotographicImage-model.resourceLocation","short":"URI where data can be found.","definition":"URI where data can be found.","min":0,"max":"1","base":{"path":"shr-core-PhotographicImage-model.resourceLocation","min":0,"max":"1"},"type":[{"code":"uri"}],"mustSupport":false,"isModifier":false,"isSummary":false},{"id":"shr-core-PhotographicImage-model.resourceSize","path":"shr-core-PhotographicImage-model.resourceSize","short":"Number of bytes of content in the resource (if url provided)","definition":"Number of bytes of content in the resource (if url provided)","min":0,"max":"1","base":{"path":"shr-core-PhotographicImage-model.resourceSize","min":0,"max":"1"},"type":[{"code":"unsignedInt"}],"mustSupport":false,"isModifier":false,"isSummary":false},{"id":"shr-core-PhotographicImage-model.hash","path":"shr-core-PhotographicImage-model.hash","short":"A hash code of the data (sha-1, base64ed)","definition":"A hash code of the data (sha-1, base64ed)","min":0,"max":"1","base":{"path":"shr-core-PhotographicImage-model.hash","min":0,"max":"1"},"type":[{"code":"base64Binary"}],"mustSupport":false,"isModifier":false,"isSummary":false},{"id":"shr-core-PhotographicImage-model.title","path":"shr-core-PhotographicImage-model.title","short":"A distinguishing word or group of words naming an item.","definition":"A distinguishing word or group of words naming an item.","min":0,"max":"1","base":{"path":"shr-core-PhotographicImage-model.title","min":0,"max":"1"},"type":[{"code":"string"}],"mustSupport":false,"isModifier":false,"isSummary":false},{"id":"shr-core-PhotographicImage-model.creationDateTime","path":"shr-core-PhotographicImage-model.creationDateTime","code":[{"system":"http://ncimeta.nci.nih.gov","code":"C3669169"}],"short":"The point in time when the item was created.","definition":"The point in time when the item was created.","min":0,"max":"1","base":{"path":"shr-core-PhotographicImage-model.creationDateTime","min":0,"max":"1"},"type":[{"code":"dateTime"}],"mustSupport":false,"isModifier":false,"isSummary":false}]}}