{"resourceType":"StructureDefinition","id":"shr-core-PriorityRankUnsignedInt-model","text":{"status":"generated","div":"<div xmlns=\"http://www.w3.org/1999/xhtml\">\n  <p><b>PriorityRankUnsignedInt Logical Model</b></p>\n  <p>The priority of the procedure, as a number (1 being the highest priority)</p>\n</div>"},"url":"http://hl7.org/fhir/us/shr/StructureDefinition/shr-core-PriorityRankUnsignedInt-model","identifier":[{"system":"http://hl7.org/fhir/us/sw","value":"shr.core.PriorityRankUnsignedInt"}],"version":"0.5.0","name":"PriorityRankUnsignedInt","title":"shr-core-PriorityRankUnsignedInt","status":"draft","date":"2019-03-31T00:00:00-04:00","publisher":"HL7 Patient Care and Clinical Information Modeling Initiative Work Groups","contact":[{"telecom":[{"system":"url","value":"http://standardhealthrecord.org"}]}],"description":"The priority of the procedure, as a number (1 being the highest priority)","fhirVersion":"3.0.1","kind":"logical","abstract":false,"type":"shr-core-PriorityRankUnsignedInt-model","baseDefinition":"http://hl7.org/fhir/StructureDefinition/Element","derivation":"specialization","snapshot":{"element":[{"id":"shr-core-PriorityRankUnsignedInt-model","path":"shr-core-PriorityRankUnsignedInt-model","definition":"The priority of the procedure, as a number (1 being the highest priority)","min":0,"max":"*","base":{"path":"shr-core-PriorityRankUnsignedInt-model","min":0,"max":"*"},"mustSupport":false,"isModifier":false,"isSummary":false},{"id":"shr-core-PriorityRankUnsignedInt-model.value","path":"shr-core-PriorityRankUnsignedInt-model.value","short":"UnsignedInt representing the priority of the procedure, as a number (1 being the highest priority)","definition":"UnsignedInt representing the priority of the procedure, as a number (1 being the highest priority)","min":1,"max":"1","base":{"path":"shr-core-PriorityRankUnsignedInt-model.value","min":1,"max":"1"},"type":[{"code":"unsignedInt"}],"mustSupport":false,"isModifier":false,"isSummary":false}]},"differential":{"element":[{"id":"shr-core-PriorityRankUnsignedInt-model","path":"shr-core-PriorityRankUnsignedInt-model","definition":"The priority of the procedure, as a number (1 being the highest priority)","min":0,"max":"*","base":{"path":"shr-core-PriorityRankUnsignedInt-model","min":0,"max":"*"},"mustSupport":false,"isModifier":false,"isSummary":false},{"id":"shr-core-PriorityRankUnsignedInt-model.value","path":"shr-core-PriorityRankUnsignedInt-model.value","short":"UnsignedInt representing the priority of the procedure, as a number (1 being the highest priority)","definition":"UnsignedInt representing the priority of the procedure, as a number (1 being the highest priority)","min":1,"max":"1","base":{"path":"shr-core-PriorityRankUnsignedInt-model.value","min":1,"max":"1"},"type":[{"code":"unsignedInt"}],"mustSupport":false,"isModifier":false,"isSummary":false}]}}