{"resourceType":"StructureDefinition","id":"sw-WoundIdentifier-model","text":{"status":"generated","div":"<div xmlns=\"http://www.w3.org/1999/xhtml\">\n  <p><b>WoundIdentifier Logical Model</b></p>\n  <p>A human-readable identifier for the lesion; e.g., a letter or integer.</p>\n</div>"},"url":"http://hl7.org/fhir/us/shr/StructureDefinition/sw-WoundIdentifier-model","identifier":[{"system":"http://hl7.org/fhir/us/sw","value":"sw.WoundIdentifier"}],"version":"0.5.0","name":"WoundIdentifier","title":"sw-WoundIdentifier","status":"draft","date":"2019-03-30T00:00:00-04:00","publisher":"HL7 Patient Care and Clinical Information Modeling Initiative Work Groups","contact":[{"telecom":[{"system":"url","value":"http://standardhealthrecord.org"}]}],"description":"A human-readable identifier for the lesion; e.g., a letter or integer.","fhirVersion":"3.0.1","kind":"logical","abstract":false,"type":"sw-WoundIdentifier-model","baseDefinition":"http://hl7.org/fhir/StructureDefinition/Element","derivation":"specialization","snapshot":{"element":[{"id":"sw-WoundIdentifier-model","path":"sw-WoundIdentifier-model","definition":"A human-readable identifier for the lesion; e.g., a letter or integer.","min":0,"max":"*","base":{"path":"sw-WoundIdentifier-model","min":0,"max":"*"},"mustSupport":false,"isModifier":false,"isSummary":false},{"id":"sw-WoundIdentifier-model.value","path":"sw-WoundIdentifier-model.value","short":"String representing a human-readable identifier for the lesion; e.g., a letter or integer.","definition":"String representing a human-readable identifier for the lesion; e.g., a letter or integer.","min":1,"max":"1","base":{"path":"sw-WoundIdentifier-model.value","min":1,"max":"1"},"type":[{"code":"string"}],"mustSupport":false,"isModifier":false,"isSummary":false}]},"differential":{"element":[{"id":"sw-WoundIdentifier-model","path":"sw-WoundIdentifier-model","definition":"A human-readable identifier for the lesion; e.g., a letter or integer.","min":0,"max":"*","base":{"path":"sw-WoundIdentifier-model","min":0,"max":"*"},"mustSupport":false,"isModifier":false,"isSummary":false},{"id":"sw-WoundIdentifier-model.value","path":"sw-WoundIdentifier-model.value","short":"String representing a human-readable identifier for the lesion; e.g., a letter or integer.","definition":"String representing a human-readable identifier for the lesion; e.g., a letter or integer.","min":1,"max":"1","base":{"path":"sw-WoundIdentifier-model.value","min":1,"max":"1"},"type":[{"code":"string"}],"mustSupport":false,"isModifier":false,"isSummary":false}]}}