{"resourceType":"StructureDefinition","id":"shr-core-State-model","text":{"status":"generated","div":"<div xmlns=\"http://www.w3.org/1999/xhtml\">\n  <p><b>State Logical Model</b></p>\n  <p>Sub-unit of a country with limited sovereignty in a federally organized country. A code may be used if codes are in common use (i.e. US 2 letter state codes). (Source: HL7 FHIR).</p>\n</div>"},"url":"http://hl7.org/fhir/us/shr/StructureDefinition/shr-core-State-model","identifier":[{"system":"http://hl7.org/fhir/us/sw","value":"shr.core.State"}],"version":"0.5.0","name":"State","title":"shr-core-State","status":"draft","date":"2019-03-31T00:00:00-04:00","publisher":"HL7 Patient Care and Clinical Information Modeling Initiative Work Groups","contact":[{"telecom":[{"system":"url","value":"http://standardhealthrecord.org"}]}],"description":"Sub-unit of a country with limited sovereignty in a federally organized country. A code may be used if codes are in common use (i.e. US 2 letter state codes). (Source: HL7 FHIR).","keyword":[{"system":"http://ncimeta.nci.nih.gov","code":"C1552743"}],"fhirVersion":"3.0.1","kind":"logical","abstract":false,"type":"shr-core-State-model","baseDefinition":"http://hl7.org/fhir/StructureDefinition/Element","derivation":"specialization","snapshot":{"element":[{"id":"shr-core-State-model","path":"shr-core-State-model","definition":"Sub-unit of a country with limited sovereignty in a federally organized country. A code may be used if codes are in common use (i.e. US 2 letter state codes). (Source: HL7 FHIR).","min":0,"max":"*","base":{"path":"shr-core-State-model","min":0,"max":"*"},"mustSupport":false,"isModifier":false,"isSummary":false},{"id":"shr-core-State-model.value","path":"shr-core-State-model.value","short":"String representing sub-unit of a country with limited sovereignty in a federally organized country. A code may be used if codes are in common use (i.e. US 2 letter state codes). (Source: HL7 FHIR).","definition":"String representing sub-unit of a country with limited sovereignty in a federally organized country. A code may be used if codes are in common use (i.e. US 2 letter state codes). (Source: HL7 FHIR).","min":1,"max":"1","base":{"path":"shr-core-State-model.value","min":1,"max":"1"},"type":[{"code":"string"}],"mustSupport":false,"isModifier":false,"isSummary":false}]},"differential":{"element":[{"id":"shr-core-State-model","path":"shr-core-State-model","definition":"Sub-unit of a country with limited sovereignty in a federally organized country. A code may be used if codes are in common use (i.e. US 2 letter state codes). (Source: HL7 FHIR).","min":0,"max":"*","base":{"path":"shr-core-State-model","min":0,"max":"*"},"mustSupport":false,"isModifier":false,"isSummary":false},{"id":"shr-core-State-model.value","path":"shr-core-State-model.value","short":"String representing sub-unit of a country with limited sovereignty in a federally organized country. A code may be used if codes are in common use (i.e. US 2 letter state codes). (Source: HL7 FHIR).","definition":"String representing sub-unit of a country with limited sovereignty in a federally organized country. A code may be used if codes are in common use (i.e. US 2 letter state codes). (Source: HL7 FHIR).","min":1,"max":"1","base":{"path":"shr-core-State-model.value","min":1,"max":"1"},"type":[{"code":"string"}],"mustSupport":false,"isModifier":false,"isSummary":false}]}}