{"resourceType":"StructureDefinition","id":"shr-core-Participant-model","text":{"status":"generated","div":"<div xmlns=\"http://www.w3.org/1999/xhtml\">\n  <p><b>Participant Logical Model</b></p>\n  <p>An entity (usually a Practitioner, Patient, or Organization but potentially a device or other entity) that participates in a healthcare task or activity.</p>\n</div>"},"url":"http://hl7.org/fhir/us/shr/StructureDefinition/shr-core-Participant-model","identifier":[{"system":"http://hl7.org/fhir/us/sw","value":"shr.core.Participant"}],"version":"0.5.0","name":"Participant","title":"shr-core-Participant","status":"draft","date":"2019-03-30T00:00:00-04:00","publisher":"HL7 Patient Care and Clinical Information Modeling Initiative Work Groups","contact":[{"telecom":[{"system":"url","value":"http://standardhealthrecord.org"}]}],"description":"An entity (usually a Practitioner, Patient, or Organization but potentially a device or other entity) that participates in a healthcare task or activity.","keyword":[{"system":"http://ncimeta.nci.nih.gov","code":"C1550369"}],"fhirVersion":"3.0.1","kind":"logical","abstract":false,"type":"shr-core-Participant-model","baseDefinition":"http://hl7.org/fhir/StructureDefinition/Element","derivation":"specialization","snapshot":{"element":[{"id":"shr-core-Participant-model","path":"shr-core-Participant-model","definition":"An entity (usually a Practitioner, Patient, or Organization but potentially a device or other entity) that participates in a healthcare task or activity.","min":0,"max":"*","base":{"path":"shr-core-Participant-model","min":0,"max":"*"},"mustSupport":false,"isModifier":false,"isSummary":false},{"id":"shr-core-Participant-model.value[x]","path":"shr-core-Participant-model.value[x]","short":"Choice of types representing an entity (usually a Practitioner, Patient, or Organization but potentially a device or other entity) that participates in a healthcare task or activity.","definition":"Choice of types representing an entity (usually a Practitioner, Patient, or Organization but potentially a device or other entity) that participates in a healthcare task or activity.","min":1,"max":"1","base":{"path":"shr-core-Participant-model.value[x]","min":1,"max":"1"},"type":[{"code":"Reference","targetProfile":"http://hl7.org/fhir/us/shr/StructureDefinition/shr-core-Patient-model"},{"code":"Reference","targetProfile":"http://hl7.org/fhir/us/shr/StructureDefinition/shr-core-Practitioner-model"},{"code":"Reference","targetProfile":"http://hl7.org/fhir/us/shr/StructureDefinition/shr-core-RelatedPerson-model"},{"code":"Reference","targetProfile":"http://hl7.org/fhir/us/shr/StructureDefinition/shr-core-Organization-model"},{"code":"Reference","targetProfile":"http://hl7.org/fhir/us/shr/StructureDefinition/shr-core-Device-model"},{"code":"Reference","targetProfile":"http://hl7.org/fhir/us/shr/StructureDefinition/shr-core-Group-model"},{"code":"Reference","targetProfile":"http://hl7.org/fhir/us/shr/StructureDefinition/shr-core-Location-model"}],"mustSupport":false,"isModifier":false,"isSummary":false}]},"differential":{"element":[{"id":"shr-core-Participant-model","path":"shr-core-Participant-model","definition":"An entity (usually a Practitioner, Patient, or Organization but potentially a device or other entity) that participates in a healthcare task or activity.","min":0,"max":"*","base":{"path":"shr-core-Participant-model","min":0,"max":"*"},"mustSupport":false,"isModifier":false,"isSummary":false},{"id":"shr-core-Participant-model.value[x]","path":"shr-core-Participant-model.value[x]","short":"Choice of types representing an entity (usually a Practitioner, Patient, or Organization but potentially a device or other entity) that participates in a healthcare task or activity.","definition":"Choice of types representing an entity (usually a Practitioner, Patient, or Organization but potentially a device or other entity) that participates in a healthcare task or activity.","min":1,"max":"1","base":{"path":"shr-core-Participant-model.value[x]","min":1,"max":"1"},"type":[{"code":"Reference","targetProfile":"http://hl7.org/fhir/us/shr/StructureDefinition/shr-core-Patient-model"},{"code":"Reference","targetProfile":"http://hl7.org/fhir/us/shr/StructureDefinition/shr-core-Practitioner-model"},{"code":"Reference","targetProfile":"http://hl7.org/fhir/us/shr/StructureDefinition/shr-core-RelatedPerson-model"},{"code":"Reference","targetProfile":"http://hl7.org/fhir/us/shr/StructureDefinition/shr-core-Organization-model"},{"code":"Reference","targetProfile":"http://hl7.org/fhir/us/shr/StructureDefinition/shr-core-Device-model"},{"code":"Reference","targetProfile":"http://hl7.org/fhir/us/shr/StructureDefinition/shr-core-Group-model"},{"code":"Reference","targetProfile":"http://hl7.org/fhir/us/shr/StructureDefinition/shr-core-Location-model"}],"mustSupport":false,"isModifier":false,"isSummary":false}]}}