{"resourceType":"StructureDefinition","id":"shr-core-ReferenceRange-model","text":{"status":"generated","div":"<div xmlns=\"http://www.w3.org/1999/xhtml\">\n  <p><b>ReferenceRange Logical Model</b></p>\n  <p>The usual or acceptable range for a test result.</p>\n</div>"},"url":"http://hl7.org/fhir/us/shr/StructureDefinition/shr-core-ReferenceRange-model","identifier":[{"system":"http://hl7.org/fhir/us/sw","value":"shr.core.ReferenceRange"}],"version":"0.5.0","name":"ReferenceRange","title":"shr-core-ReferenceRange","status":"draft","date":"2019-03-31T00:00:00-04:00","publisher":"HL7 Patient Care and Clinical Information Modeling Initiative Work Groups","contact":[{"telecom":[{"system":"url","value":"http://standardhealthrecord.org"}]}],"description":"The usual or acceptable range for a test result.","keyword":[{"system":"http://ncimeta.nci.nih.gov","code":"C0883335"}],"fhirVersion":"3.0.1","kind":"logical","abstract":false,"type":"shr-core-ReferenceRange-model","baseDefinition":"http://hl7.org/fhir/StructureDefinition/Element","derivation":"specialization","snapshot":{"element":[{"id":"shr-core-ReferenceRange-model","path":"shr-core-ReferenceRange-model","definition":"The usual or acceptable range for a test result.","min":0,"max":"*","base":{"path":"shr-core-ReferenceRange-model","min":0,"max":"*"},"mustSupport":false,"isModifier":false,"isSummary":false},{"id":"shr-core-ReferenceRange-model.range","path":"shr-core-ReferenceRange-model.range","short":"An interval defined by a quantitative upper and/or lower bound. One of the two bounds must be specified, and the lower bound must be less than the upper bound. When Quantities are specified, the units of measure must be the same.","definition":"An interval defined by a quantitative upper and/or lower bound. One of the two bounds must be specified, and the lower bound must be less than the upper bound. When Quantities are specified, the units of measure must be the same.","min":0,"max":"1","base":{"path":"shr-core-ReferenceRange-model.range","min":0,"max":"1"},"type":[{"code":"http://hl7.org/fhir/us/shr/StructureDefinition/shr-core-Range-model"}],"mustSupport":false,"isModifier":false,"isSummary":false},{"id":"shr-core-ReferenceRange-model.type","path":"shr-core-ReferenceRange-model.type","code":[{"system":"http://ncimeta.nci.nih.gov","code":"C0332307"}],"short":"A code describing the item at a greater level of detail.","definition":"A code describing the item at a greater level of detail.","min":0,"max":"1","base":{"path":"shr-core-ReferenceRange-model.type","min":0,"max":"1"},"type":[{"code":"Coding"}],"mustSupport":false,"isModifier":false,"isSummary":false,"binding":{"strength":"extensible","valueSetReference":{"reference":"http://hl7.org/fhir/ValueSet/referencerange-meaning"}}},{"id":"shr-core-ReferenceRange-model.applicableSubpopulation","path":"shr-core-ReferenceRange-model.applicableSubpopulation","code":[{"system":"http://ncimeta.nci.nih.gov","code":"C0039309","display":"Target Population"}],"short":"Codes to indicate the target population this reference range applies to. For example, a reference range may be based on the normal population or a particular sex or race.","definition":"Codes to indicate the target population this reference range applies to. For example, a reference range may be based on the normal population or a particular sex or race.","min":0,"max":"1","base":{"path":"shr-core-ReferenceRange-model.applicableSubpopulation","min":0,"max":"1"},"type":[{"code":"Coding"}],"mustSupport":false,"isModifier":false,"isSummary":false,"binding":{"strength":"extensible","valueSetReference":{"reference":"http://hl7.org/fhir/ValueSet/referencerange-appliesto"}}},{"id":"shr-core-ReferenceRange-model.applicableAgeRange","path":"shr-core-ReferenceRange-model.applicableAgeRange","short":"The age at which this reference range is applicable. This is a neonatal age (e.g. number of weeks at term) if the meaning says so.","definition":"The age at which this reference range is applicable. This is a neonatal age (e.g. number of weeks at term) if the meaning says so.","min":0,"max":"1","base":{"path":"shr-core-ReferenceRange-model.applicableAgeRange","min":0,"max":"1"},"type":[{"code":"http://hl7.org/fhir/us/shr/StructureDefinition/shr-core-Range-model"}],"mustSupport":false,"isModifier":false,"isSummary":false}]},"differential":{"element":[{"id":"shr-core-ReferenceRange-model","path":"shr-core-ReferenceRange-model","definition":"The usual or acceptable range for a test result.","min":0,"max":"*","base":{"path":"shr-core-ReferenceRange-model","min":0,"max":"*"},"mustSupport":false,"isModifier":false,"isSummary":false},{"id":"shr-core-ReferenceRange-model.range","path":"shr-core-ReferenceRange-model.range","short":"An interval defined by a quantitative upper and/or lower bound. One of the two bounds must be specified, and the lower bound must be less than the upper bound. When Quantities are specified, the units of measure must be the same.","definition":"An interval defined by a quantitative upper and/or lower bound. One of the two bounds must be specified, and the lower bound must be less than the upper bound. When Quantities are specified, the units of measure must be the same.","min":0,"max":"1","base":{"path":"shr-core-ReferenceRange-model.range","min":0,"max":"1"},"type":[{"code":"http://hl7.org/fhir/us/shr/StructureDefinition/shr-core-Range-model"}],"mustSupport":false,"isModifier":false,"isSummary":false},{"id":"shr-core-ReferenceRange-model.type","path":"shr-core-ReferenceRange-model.type","code":[{"system":"http://ncimeta.nci.nih.gov","code":"C0332307"}],"short":"A code describing the item at a greater level of detail.","definition":"A code describing the item at a greater level of detail.","min":0,"max":"1","base":{"path":"shr-core-ReferenceRange-model.type","min":0,"max":"1"},"type":[{"code":"Coding"}],"mustSupport":false,"isModifier":false,"isSummary":false,"binding":{"strength":"extensible","valueSetReference":{"reference":"http://hl7.org/fhir/ValueSet/referencerange-meaning"}}},{"id":"shr-core-ReferenceRange-model.applicableSubpopulation","path":"shr-core-ReferenceRange-model.applicableSubpopulation","code":[{"system":"http://ncimeta.nci.nih.gov","code":"C0039309","display":"Target Population"}],"short":"Codes to indicate the target population this reference range applies to. For example, a reference range may be based on the normal population or a particular sex or race.","definition":"Codes to indicate the target population this reference range applies to. For example, a reference range may be based on the normal population or a particular sex or race.","min":0,"max":"1","base":{"path":"shr-core-ReferenceRange-model.applicableSubpopulation","min":0,"max":"1"},"type":[{"code":"Coding"}],"mustSupport":false,"isModifier":false,"isSummary":false,"binding":{"strength":"extensible","valueSetReference":{"reference":"http://hl7.org/fhir/ValueSet/referencerange-appliesto"}}},{"id":"shr-core-ReferenceRange-model.applicableAgeRange","path":"shr-core-ReferenceRange-model.applicableAgeRange","short":"The age at which this reference range is applicable. This is a neonatal age (e.g. number of weeks at term) if the meaning says so.","definition":"The age at which this reference range is applicable. This is a neonatal age (e.g. number of weeks at term) if the meaning says so.","min":0,"max":"1","base":{"path":"shr-core-ReferenceRange-model.applicableAgeRange","min":0,"max":"1"},"type":[{"code":"http://hl7.org/fhir/us/shr/StructureDefinition/shr-core-Range-model"}],"mustSupport":false,"isModifier":false,"isSummary":false}]}}