{"resourceType":"StructureDefinition","id":"shr-core-TerminationReason-model","text":{"status":"generated","div":"<div xmlns=\"http://www.w3.org/1999/xhtml\">\n  <p><b>TerminationReason Logical Model</b></p>\n  <p>A code explaining unplanned or premature termination of a plan of treatment, course of medication, or research study.</p>\n</div>"},"url":"http://hl7.org/fhir/us/shr/StructureDefinition/shr-core-TerminationReason-model","identifier":[{"system":"http://hl7.org/fhir/us/sw","value":"shr.core.TerminationReason"}],"version":"0.5.0","name":"TerminationReason","title":"shr-core-TerminationReason","status":"draft","date":"2019-03-30T00:00:00-04:00","publisher":"HL7 Patient Care and Clinical Information Modeling Initiative Work Groups","contact":[{"telecom":[{"system":"url","value":"http://standardhealthrecord.org"}]}],"description":"A code explaining unplanned or premature termination of a plan of treatment, course of medication, or research study.","fhirVersion":"3.0.1","kind":"logical","abstract":false,"type":"shr-core-TerminationReason-model","baseDefinition":"http://hl7.org/fhir/StructureDefinition/Element","derivation":"specialization","snapshot":{"element":[{"id":"shr-core-TerminationReason-model","path":"shr-core-TerminationReason-model","definition":"A code explaining unplanned or premature termination of a plan of treatment, course of medication, or research study.","min":0,"max":"*","base":{"path":"shr-core-TerminationReason-model","min":0,"max":"*"},"mustSupport":false,"isModifier":false,"isSummary":false},{"id":"shr-core-TerminationReason-model.value","path":"shr-core-TerminationReason-model.value","short":"Code representing a code explaining unplanned or premature termination of a plan of treatment, course of medication, or research study.","definition":"Code representing a code explaining unplanned or premature termination of a plan of treatment, course of medication, or research study.","min":1,"max":"1","base":{"path":"shr-core-TerminationReason-model.value","min":1,"max":"1"},"type":[{"code":"Coding"}],"mustSupport":false,"isModifier":false,"isSummary":false}]},"differential":{"element":[{"id":"shr-core-TerminationReason-model","path":"shr-core-TerminationReason-model","definition":"A code explaining unplanned or premature termination of a plan of treatment, course of medication, or research study.","min":0,"max":"*","base":{"path":"shr-core-TerminationReason-model","min":0,"max":"*"},"mustSupport":false,"isModifier":false,"isSummary":false},{"id":"shr-core-TerminationReason-model.value","path":"shr-core-TerminationReason-model.value","short":"Code representing a code explaining unplanned or premature termination of a plan of treatment, course of medication, or research study.","definition":"Code representing a code explaining unplanned or premature termination of a plan of treatment, course of medication, or research study.","min":1,"max":"1","base":{"path":"shr-core-TerminationReason-model.value","min":1,"max":"1"},"type":[{"code":"Coding"}],"mustSupport":false,"isModifier":false,"isSummary":false}]}}