{"resourceType":"StructureDefinition","id":"shr-core-RelationshipToPatient-model","text":{"status":"generated","div":"<div xmlns=\"http://www.w3.org/1999/xhtml\">\n  <p><b>RelationshipToPatient Logical Model</b></p>\n  <p>The relationship to the person of record.</p>\n</div>"},"url":"http://hl7.org/fhir/us/shr/StructureDefinition/shr-core-RelationshipToPatient-model","identifier":[{"system":"http://hl7.org/fhir/us/sw","value":"shr.core.RelationshipToPatient"}],"version":"0.5.0","name":"RelationshipToPatient","title":"shr-core-RelationshipToPatient","status":"draft","date":"2019-03-30T00:00:00-04:00","publisher":"HL7 Patient Care and Clinical Information Modeling Initiative Work Groups","contact":[{"telecom":[{"system":"url","value":"http://standardhealthrecord.org"}]}],"description":"The relationship to the person of record.","keyword":[{"system":"http://ncimeta.nci.nih.gov","code":"C0015608"}],"fhirVersion":"3.0.1","kind":"logical","abstract":false,"type":"shr-core-RelationshipToPatient-model","baseDefinition":"http://hl7.org/fhir/StructureDefinition/Element","derivation":"specialization","snapshot":{"element":[{"id":"shr-core-RelationshipToPatient-model","path":"shr-core-RelationshipToPatient-model","definition":"The relationship to the person of record.","min":0,"max":"*","base":{"path":"shr-core-RelationshipToPatient-model","min":0,"max":"*"},"mustSupport":false,"isModifier":false,"isSummary":false},{"id":"shr-core-RelationshipToPatient-model.value","path":"shr-core-RelationshipToPatient-model.value","short":"Code representing the relationship to the person of record.","definition":"Code representing the relationship to the person of record.","min":1,"max":"1","base":{"path":"shr-core-RelationshipToPatient-model.value","min":1,"max":"1"},"type":[{"code":"Coding"}],"mustSupport":false,"isModifier":false,"isSummary":false,"binding":{"strength":"required","valueSetReference":{"reference":"http://hl7.org/fhir/ValueSet/relatedperson-relationshiptype"}}}]},"differential":{"element":[{"id":"shr-core-RelationshipToPatient-model","path":"shr-core-RelationshipToPatient-model","definition":"The relationship to the person of record.","min":0,"max":"*","base":{"path":"shr-core-RelationshipToPatient-model","min":0,"max":"*"},"mustSupport":false,"isModifier":false,"isSummary":false},{"id":"shr-core-RelationshipToPatient-model.value","path":"shr-core-RelationshipToPatient-model.value","short":"Code representing the relationship to the person of record.","definition":"Code representing the relationship to the person of record.","min":1,"max":"1","base":{"path":"shr-core-RelationshipToPatient-model.value","min":1,"max":"1"},"type":[{"code":"Coding"}],"mustSupport":false,"isModifier":false,"isSummary":false,"binding":{"strength":"required","valueSetReference":{"reference":"http://hl7.org/fhir/ValueSet/relatedperson-relationshiptype"}}}]}}