{"resourceType":"StructureDefinition","id":"shr-core-Geoposition-model","text":{"status":"generated","div":"<div xmlns=\"http://www.w3.org/1999/xhtml\">\n  <p><b>Geoposition Logical Model</b></p>\n  <p>The location on the surface of the Earth, described by a latitude and longitude (and optional altitude).</p>\n</div>"},"url":"http://hl7.org/fhir/us/shr/StructureDefinition/shr-core-Geoposition-model","identifier":[{"system":"http://hl7.org/fhir/us/sw","value":"shr.core.Geoposition"}],"version":"0.5.0","name":"Geoposition","title":"shr-core-Geoposition","status":"draft","date":"2019-03-31T00:00:00-04:00","publisher":"HL7 Patient Care and Clinical Information Modeling Initiative Work Groups","contact":[{"telecom":[{"system":"url","value":"http://standardhealthrecord.org"}]}],"description":"The location on the surface of the Earth, described by a latitude and longitude (and optional altitude).","fhirVersion":"3.0.1","kind":"logical","abstract":false,"type":"shr-core-Geoposition-model","baseDefinition":"http://hl7.org/fhir/StructureDefinition/Element","derivation":"specialization","snapshot":{"element":[{"id":"shr-core-Geoposition-model","path":"shr-core-Geoposition-model","definition":"The location on the surface of the Earth, described by a latitude and longitude (and optional altitude).","min":0,"max":"*","base":{"path":"shr-core-Geoposition-model","min":0,"max":"*"},"mustSupport":false,"isModifier":false,"isSummary":false},{"id":"shr-core-Geoposition-model.latitude","path":"shr-core-Geoposition-model.latitude","code":[{"system":"http://ncimeta.nci.nih.gov","code":"C1627936"}],"short":"The angular distance north or south between an imaginary line around a heavenly body parallel to its equator and the equator itself. Measured with with WGS84 datum.","definition":"The angular distance north or south between an imaginary line around a heavenly body parallel to its equator and the equator itself. Measured with with WGS84 datum.","min":1,"max":"1","base":{"path":"shr-core-Geoposition-model.latitude","min":1,"max":"1"},"type":[{"code":"decimal"}],"mustSupport":false,"isModifier":false,"isSummary":false},{"id":"shr-core-Geoposition-model.longitude","path":"shr-core-Geoposition-model.longitude","code":[{"system":"http://ncimeta.nci.nih.gov","code":"C1657623"}],"short":"An imaginary great circle on the surface of a heavenly body passing through the poles at right angles to the equator. Measured with with WGS84 datum.","definition":"An imaginary great circle on the surface of a heavenly body passing through the poles at right angles to the equator. Measured with with WGS84 datum.","min":1,"max":"1","base":{"path":"shr-core-Geoposition-model.longitude","min":1,"max":"1"},"type":[{"code":"decimal"}],"mustSupport":false,"isModifier":false,"isSummary":false},{"id":"shr-core-Geoposition-model.altitude","path":"shr-core-Geoposition-model.altitude","code":[{"system":"http://ncimeta.nci.nih.gov","code":"C0002349"}],"short":"Height above sea level or above the earth's surface. Measured with with WGS84 datum.","definition":"Height above sea level or above the earth's surface. Measured with with WGS84 datum.","min":0,"max":"1","base":{"path":"shr-core-Geoposition-model.altitude","min":0,"max":"1"},"type":[{"code":"decimal"}],"mustSupport":false,"isModifier":false,"isSummary":false}]},"differential":{"element":[{"id":"shr-core-Geoposition-model","path":"shr-core-Geoposition-model","definition":"The location on the surface of the Earth, described by a latitude and longitude (and optional altitude).","min":0,"max":"*","base":{"path":"shr-core-Geoposition-model","min":0,"max":"*"},"mustSupport":false,"isModifier":false,"isSummary":false},{"id":"shr-core-Geoposition-model.latitude","path":"shr-core-Geoposition-model.latitude","code":[{"system":"http://ncimeta.nci.nih.gov","code":"C1627936"}],"short":"The angular distance north or south between an imaginary line around a heavenly body parallel to its equator and the equator itself. Measured with with WGS84 datum.","definition":"The angular distance north or south between an imaginary line around a heavenly body parallel to its equator and the equator itself. Measured with with WGS84 datum.","min":1,"max":"1","base":{"path":"shr-core-Geoposition-model.latitude","min":1,"max":"1"},"type":[{"code":"decimal"}],"mustSupport":false,"isModifier":false,"isSummary":false},{"id":"shr-core-Geoposition-model.longitude","path":"shr-core-Geoposition-model.longitude","code":[{"system":"http://ncimeta.nci.nih.gov","code":"C1657623"}],"short":"An imaginary great circle on the surface of a heavenly body passing through the poles at right angles to the equator. Measured with with WGS84 datum.","definition":"An imaginary great circle on the surface of a heavenly body passing through the poles at right angles to the equator. Measured with with WGS84 datum.","min":1,"max":"1","base":{"path":"shr-core-Geoposition-model.longitude","min":1,"max":"1"},"type":[{"code":"decimal"}],"mustSupport":false,"isModifier":false,"isSummary":false},{"id":"shr-core-Geoposition-model.altitude","path":"shr-core-Geoposition-model.altitude","code":[{"system":"http://ncimeta.nci.nih.gov","code":"C0002349"}],"short":"Height above sea level or above the earth's surface. Measured with with WGS84 datum.","definition":"Height above sea level or above the earth's surface. Measured with with WGS84 datum.","min":0,"max":"1","base":{"path":"shr-core-Geoposition-model.altitude","min":0,"max":"1"},"type":[{"code":"decimal"}],"mustSupport":false,"isModifier":false,"isSummary":false}]}}