{"resourceType":"StructureDefinition","id":"shr-core-LandmarkToBodyLocationDirection-extension","text":{"status":"generated","div":"<div xmlns=\"http://www.w3.org/1999/xhtml\">\n  <p><b>LandmarkToBodyLocationDirection Extension</b></p>\n  <p>The direction from the landmark to the body location of interest.</p>\n</div>"},"url":"http://hl7.org/fhir/us/shr/StructureDefinition/shr-core-LandmarkToBodyLocationDirection-extension","identifier":[{"system":"http://hl7.org/fhir/us/sw","value":"shr.core.LandmarkToBodyLocationDirection"}],"version":"0.5.0","name":"LandmarkToBodyLocationDirection","title":"shr-core-LandmarkToBodyLocationDirection","status":"draft","date":"2019-03-31T00:00:00-04:00","publisher":"HL7 Patient Care and Clinical Information Modeling Initiative Work Groups","contact":[{"telecom":[{"system":"url","value":"http://standardhealthrecord.org"}]}],"description":"The direction from the landmark to the body location of interest.","fhirVersion":"3.0.1","kind":"complex-type","abstract":false,"contextType":"resource","context":["*"],"type":"Extension","baseDefinition":"http://hl7.org/fhir/StructureDefinition/Extension","derivation":"constraint","snapshot":{"element":[{"id":"Extension:landmarktobodylocationdirection","path":"Extension","short":"LandmarkToBodyLocationDirection","definition":"The direction from the landmark to the body location of interest.","min":0,"max":"*","base":{"path":"Extension","min":0,"max":"1"},"condition":["ele-1"],"constraint":[{"key":"ele-1","severity":"error","human":"All FHIR elements must have a @value or children","expression":"children().count() > id.count()","xpath":"@value|f:*|h:div","source":"Element"},{"key":"ext-1","severity":"error","human":"Must have either extensions or value[x], not both","expression":"extension.exists() != value.exists()","xpath":"exists(f:extension)!=exists(f:*[starts-with(local-name(.), 'value')])","source":"Extension"},{"key":"choice-1","severity":"error","human":"shr-core-LandmarkToBodyLocationDirection-extension SHALL have either extension('clockfacedirection') or extension('anatomicaldirection')","expression":"( extension('clockfacedirection').url | extension('anatomicaldirection').url ).distinct().count() == 1"}]},{"id":"Extension:landmarktobodylocationdirection.id","path":"Extension.id","representation":["xmlAttr"],"short":"xml:id (or equivalent in JSON)","definition":"unique id for the element within a resource (for internal references). This may be any string value that does not contain spaces.","min":0,"max":"1","base":{"path":"Element.id","min":0,"max":"1"},"type":[{"code":"string"}],"mapping":[{"identity":"rim","map":"N/A"}]},{"id":"Extension:landmarktobodylocationdirection.extension","path":"Extension.extension","slicing":{"id":"1","discriminator":[{"type":"value","path":"url"}],"ordered":false,"rules":"open"},"short":"Extension","definition":"An Extension","min":0,"max":"*","base":{"path":"Element.extension","min":0,"max":"*"},"type":[{"code":"Extension"}]},{"id":"Extension:landmarktobodylocationdirection.extension:clockfacedirection","path":"Extension.extension","sliceName":"clockfacedirection","definition":"A direction indicated by an angle relative to 12 o'clock.","min":0,"max":"1","base":{"path":"Extension.extension","min":0,"max":"1"},"type":[{"code":"Extension","profile":"http://hl7.org/fhir/us/shr/StructureDefinition/shr-core-ClockFaceDirection-extension"}],"isModifier":false,"mapping":[{"identity":"rim","map":"N/A"}]},{"id":"Extension:landmarktobodylocationdirection.extension:anatomicaldirection","path":"Extension.extension","sliceName":"anatomicaldirection","definition":"A direction based on planes, surfaces, and orientations of the body.","min":0,"max":"1","base":{"path":"Extension.extension","min":0,"max":"1"},"type":[{"code":"Extension","profile":"http://hl7.org/fhir/us/shr/StructureDefinition/shr-core-AnatomicalDirection-extension"}],"isModifier":false,"mapping":[{"identity":"rim","map":"N/A"}]},{"id":"Extension:landmarktobodylocationdirection.url","path":"Extension.url","representation":["xmlAttr"],"short":"identifies the meaning of the extension","definition":"Source of the definition for the extension code - a logical name or a URL.","min":1,"max":"1","base":{"path":"Extension.url","min":1,"max":"1"},"type":[{"code":"uri"}],"fixedUri":"http://hl7.org/fhir/us/shr/StructureDefinition/shr-core-LandmarkToBodyLocationDirection-extension","mapping":[{"identity":"rim","map":"N/A"}]},{"id":"Extension:landmarktobodylocationdirection.value[x]","path":"Extension.value[x]","short":"Value of extension","definition":"Value of extension - may be a resource or one of a constrained set of the data types (see Extensibility in the spec for list).","min":0,"max":"0","base":{"path":"Extension.value[x]","min":0,"max":"1"},"type":[{"code":"base64Binary"},{"code":"boolean"},{"code":"code"},{"code":"date"},{"code":"dateTime"},{"code":"decimal"},{"code":"id"},{"code":"instant"},{"code":"integer"},{"code":"markdown"},{"code":"oid"},{"code":"positiveInt"},{"code":"string"},{"code":"time"},{"code":"unsignedInt"},{"code":"uri"},{"code":"Address"},{"code":"Age"},{"code":"Annotation"},{"code":"Attachment"},{"code":"CodeableConcept"},{"code":"Coding"},{"code":"ContactPoint"},{"code":"Count"},{"code":"Distance"},{"code":"Duration"},{"code":"HumanName"},{"code":"Identifier"},{"code":"Money"},{"code":"Period"},{"code":"Quantity"},{"code":"Range"},{"code":"Ratio"},{"code":"Reference"},{"code":"SampledData"},{"code":"Signature"},{"code":"Timing"},{"code":"Meta"}],"mapping":[{"identity":"rim","map":"N/A"}]}]},"differential":{"element":[{"id":"Extension:landmarktobodylocationdirection","path":"Extension","short":"LandmarkToBodyLocationDirection","definition":"The direction from the landmark to the body location of interest.","min":0,"max":"*","constraint":[{"key":"choice-1","severity":"error","human":"shr-core-LandmarkToBodyLocationDirection-extension SHALL have either extension('clockfacedirection') or extension('anatomicaldirection')","expression":"( extension('clockfacedirection').url | extension('anatomicaldirection').url ).distinct().count() == 1"}]},{"id":"Extension:landmarktobodylocationdirection.extension:clockfacedirection","path":"Extension.extension","sliceName":"clockfacedirection","definition":"A direction indicated by an angle relative to 12 o'clock.","min":0,"max":"1","type":[{"code":"Extension","profile":"http://hl7.org/fhir/us/shr/StructureDefinition/shr-core-ClockFaceDirection-extension"}]},{"id":"Extension:landmarktobodylocationdirection.extension:anatomicaldirection","path":"Extension.extension","sliceName":"anatomicaldirection","definition":"A direction based on planes, surfaces, and orientations of the body.","min":0,"max":"1","type":[{"code":"Extension","profile":"http://hl7.org/fhir/us/shr/StructureDefinition/shr-core-AnatomicalDirection-extension"}]},{"id":"Extension:landmarktobodylocationdirection.url","path":"Extension.url","type":[{"code":"uri"}],"fixedUri":"http://hl7.org/fhir/us/shr/StructureDefinition/shr-core-LandmarkToBodyLocationDirection-extension"},{"id":"Extension:landmarktobodylocationdirection.value[x]","path":"Extension.value[x]","min":0,"max":"0"}]}}