{"resourceType":"StructureDefinition","id":"shr-core-AsNeededIndicator-model","text":{"status":"generated","div":"<div xmlns=\"http://www.w3.org/1999/xhtml\">\n  <p><b>AsNeededIndicator Logical Model</b></p>\n  <p>Indicates the pre-condition under which the drug or intervention should be used.</p>\n</div>"},"url":"http://hl7.org/fhir/us/shr/StructureDefinition/shr-core-AsNeededIndicator-model","identifier":[{"system":"http://hl7.org/fhir/us/sw","value":"shr.core.AsNeededIndicator"}],"version":"0.5.0","name":"AsNeededIndicator","title":"shr-core-AsNeededIndicator","status":"draft","date":"2019-03-30T00:00:00-04:00","publisher":"HL7 Patient Care and Clinical Information Modeling Initiative Work Groups","contact":[{"telecom":[{"system":"url","value":"http://standardhealthrecord.org"}]}],"description":"Indicates the pre-condition under which the drug or intervention should be used.","keyword":[{"system":"http://ncimeta.nci.nih.gov","code":"C1883728"}],"fhirVersion":"3.0.1","kind":"logical","abstract":false,"type":"shr-core-AsNeededIndicator-model","baseDefinition":"http://hl7.org/fhir/StructureDefinition/Element","derivation":"specialization","snapshot":{"element":[{"id":"shr-core-AsNeededIndicator-model","path":"shr-core-AsNeededIndicator-model","definition":"Indicates the pre-condition under which the drug or intervention should be used.","min":0,"max":"*","base":{"path":"shr-core-AsNeededIndicator-model","min":0,"max":"*"},"mustSupport":false,"isModifier":false,"isSummary":false},{"id":"shr-core-AsNeededIndicator-model.value[x]","path":"shr-core-AsNeededIndicator-model.value[x]","slicing":{"discriminator":[{"type":"type","path":"$this"}],"ordered":false,"rules":"open"},"short":"Boolean or code representing indicates the pre-condition under which the drug or intervention should be used.","definition":"Boolean or code representing indicates the pre-condition under which the drug or intervention should be used.","min":1,"max":"1","base":{"path":"shr-core-AsNeededIndicator-model.value[x]","min":1,"max":"1"},"type":[{"code":"boolean"},{"code":"Coding"}],"mustSupport":false,"isModifier":false,"isSummary":false},{"id":"shr-core-AsNeededIndicator-model.valueCoding:CodeableConcept","path":"shr-core-AsNeededIndicator-model.valueCoding","sliceName":"CodeableConcept","short":"A set of codes drawn from different coding systems, representing the same concept.","definition":"A set of codes drawn from different coding systems, representing the same concept.","min":1,"max":"1","base":{"path":"shr-core-AsNeededIndicator-model.value[x]","min":1,"max":"1"},"type":[{"code":"Coding"}],"mustSupport":false,"isModifier":false,"isSummary":false,"binding":{"strength":"example","valueSetReference":{"reference":"http://hl7.org/fhir/ValueSet/medication-as-needed-reason"}}}]},"differential":{"element":[{"id":"shr-core-AsNeededIndicator-model","path":"shr-core-AsNeededIndicator-model","definition":"Indicates the pre-condition under which the drug or intervention should be used.","min":0,"max":"*","base":{"path":"shr-core-AsNeededIndicator-model","min":0,"max":"*"},"mustSupport":false,"isModifier":false,"isSummary":false},{"id":"shr-core-AsNeededIndicator-model.value[x]","path":"shr-core-AsNeededIndicator-model.value[x]","slicing":{"discriminator":[{"type":"type","path":"$this"}],"ordered":false,"rules":"open"},"short":"Boolean or code representing indicates the pre-condition under which the drug or intervention should be used.","definition":"Boolean or code representing indicates the pre-condition under which the drug or intervention should be used.","min":1,"max":"1","base":{"path":"shr-core-AsNeededIndicator-model.value[x]","min":1,"max":"1"},"type":[{"code":"boolean"},{"code":"Coding"}],"mustSupport":false,"isModifier":false,"isSummary":false},{"id":"shr-core-AsNeededIndicator-model.valueCoding:CodeableConcept","path":"shr-core-AsNeededIndicator-model.valueCoding","sliceName":"CodeableConcept","short":"A set of codes drawn from different coding systems, representing the same concept.","definition":"A set of codes drawn from different coding systems, representing the same concept.","min":1,"max":"1","base":{"path":"shr-core-AsNeededIndicator-model.value[x]","min":1,"max":"1"},"type":[{"code":"Coding"}],"mustSupport":false,"isModifier":false,"isSummary":false,"binding":{"strength":"example","valueSetReference":{"reference":"http://hl7.org/fhir/ValueSet/medication-as-needed-reason"}}}]}}