{"resourceType":"StructureDefinition","id":"shr-core-DataAbsentReason-model","text":{"status":"generated","div":"<div xmlns=\"http://www.w3.org/1999/xhtml\">\n  <p><b>DataAbsentReason Logical Model</b></p>\n  <p>Reason that a value associated with a test or other finding is missing.</p>\n</div>"},"url":"http://hl7.org/fhir/us/shr/StructureDefinition/shr-core-DataAbsentReason-model","identifier":[{"system":"http://hl7.org/fhir/us/sw","value":"shr.core.DataAbsentReason"}],"version":"0.5.0","name":"DataAbsentReason","title":"shr-core-DataAbsentReason","status":"draft","date":"2019-03-31T00:00:00-04:00","publisher":"HL7 Patient Care and Clinical Information Modeling Initiative Work Groups","contact":[{"telecom":[{"system":"url","value":"http://standardhealthrecord.org"}]}],"description":"Reason that a value associated with a test or other finding is missing.","fhirVersion":"3.0.1","kind":"logical","abstract":false,"type":"shr-core-DataAbsentReason-model","baseDefinition":"http://hl7.org/fhir/StructureDefinition/Element","derivation":"specialization","snapshot":{"element":[{"id":"shr-core-DataAbsentReason-model","path":"shr-core-DataAbsentReason-model","definition":"Reason that a value associated with a test or other finding is missing.","min":0,"max":"*","base":{"path":"shr-core-DataAbsentReason-model","min":0,"max":"*"},"mustSupport":false,"isModifier":false,"isSummary":false},{"id":"shr-core-DataAbsentReason-model.value","path":"shr-core-DataAbsentReason-model.value","short":"Code representing reason that a value associated with a test or other finding is missing.","definition":"Code representing reason that a value associated with a test or other finding is missing.","min":1,"max":"1","base":{"path":"shr-core-DataAbsentReason-model.value","min":1,"max":"1"},"type":[{"code":"Coding"}],"mustSupport":false,"isModifier":false,"isSummary":false,"binding":{"strength":"extensible","valueSetReference":{"reference":"http://hl7.org/fhir/ValueSet/data-absent-reason"}}}]},"differential":{"element":[{"id":"shr-core-DataAbsentReason-model","path":"shr-core-DataAbsentReason-model","definition":"Reason that a value associated with a test or other finding is missing.","min":0,"max":"*","base":{"path":"shr-core-DataAbsentReason-model","min":0,"max":"*"},"mustSupport":false,"isModifier":false,"isSummary":false},{"id":"shr-core-DataAbsentReason-model.value","path":"shr-core-DataAbsentReason-model.value","short":"Code representing reason that a value associated with a test or other finding is missing.","definition":"Code representing reason that a value associated with a test or other finding is missing.","min":1,"max":"1","base":{"path":"shr-core-DataAbsentReason-model.value","min":1,"max":"1"},"type":[{"code":"Coding"}],"mustSupport":false,"isModifier":false,"isSummary":false,"binding":{"strength":"extensible","valueSetReference":{"reference":"http://hl7.org/fhir/ValueSet/data-absent-reason"}}}]}}