{"resourceType":"ValueSet","id":"sw-PeriwoundConditionVS","text":{"status":"generated","div":"<div xmlns=\"http://www.w3.org/1999/xhtml\">\n<p><b>PeriwoundConditionVS ValueSet</b></p>\n<p>Provides values for the periwound condition, the state of the skin surrounding a wound.</p>\n</div>"},"url":"http://hl7.org/fhir/us/sw/sw/vs/PeriwoundConditionVS","identifier":[{"system":"http://hl7.org/fhir/us/sw","value":"sw.PeriwoundConditionVS"}],"version":"0.5.0","name":"PeriwoundConditionVS","title":"PeriwoundConditionVS","status":"draft","date":"2019-03-31T00:00:00-04:00","publisher":"HL7 Patient Care and Clinical Information Modeling Initiative Work Groups","contact":[{"telecom":[{"system":"url","value":"http://standardhealthrecord.org"}]}],"description":"Provides values for the periwound condition, the state of the skin surrounding a wound.","compose":{"include":[{"system":"http://snomed.info/sct","concept":[{"code":"302227002","display":"Ecchymosis"},{"code":"95322002","display":"Edematous skin"},{"code":"247444006","display":"Excoriation of skin"},{"code":"247427007","display":"Fragile skin"},{"code":"449742000","display":"Hemorrhage of periwound skin"},{"code":"19843006","display":"Hypertrophic scar"},{"code":"17038008","display":"Increased skin temperature"},{"code":"449744004","display":"Induration of wound"},{"code":"449738003","display":"Inflammation of periwound skin"},{"code":"444884003","display":"Intact skin"},{"code":"33659008","display":"Keloid scar"},{"code":"3644009","display":"Macerated skin"},{"code":"16514006","display":"Moist skin"},{"code":"420356000","display":"Persistent erythema of skin"},{"code":"423902002","display":"Purpura"},{"code":"449739006","display":"Rupture of periwound skin"},{"code":"275322007","display":"Scar"},{"code":"201040000","display":"Callosity"},{"code":"16386004","display":"Dry skin"},{"code":"274165007","display":"Laceration of skin"},{"code":"271807003","display":"Eruption"},{"code":"239163008","display":"Wound erythema"},{"code":"271767006:13880007","display":"Dry Desquamation"},{"code":"22253000:35105006","display":"Increased Pain"},{"code":"417237009:11163003","display":"Intact Blister"},{"code":"271767006:17461003","display":"Moist Desquamation"},{"code":"417237009:263862003","display":"Ruptured Blister"}]}]}}