{"resourceType":"ValueSet","id":"shr-core-AllUnitsVS","text":{"status":"generated","div":"<div xmlns=\"http://www.w3.org/1999/xhtml\">\n<p><b>AllUnitsVS ValueSet</b></p>\n<p>Includes all codes from UCUM and monetary units from ISO.</p>\n</div>"},"url":"http://hl7.org/fhir/us/sw/shr/core/vs/AllUnitsVS","identifier":[{"system":"http://hl7.org/fhir/us/sw","value":"shr.core.AllUnitsVS"}],"version":"0.5.0","name":"AllUnitsVS","title":"AllUnitsVS","status":"draft","date":"2019-03-30T00:00:00-04:00","publisher":"HL7 Patient Care and Clinical Information Modeling Initiative Work Groups","contact":[{"telecom":[{"system":"url","value":"http://standardhealthrecord.org"}]}],"description":"Includes all codes from UCUM and monetary units from ISO.","compose":{"include":[{"system":"http://unitsofmeasure.org"},{"system":"urn:iso:std:iso:4217"}]}}