{"resourceType":"ValueSet","id":"sw-PodiatryBodyLocationVS","text":{"status":"generated","div":"<div xmlns=\"http://www.w3.org/1999/xhtml\">\n<p><b>PodiatryBodyLocationVS ValueSet</b></p>\n<p>Locations and landmarks relating to the foot.</p>\n</div>"},"url":"http://hl7.org/fhir/us/sw/sw/vs/PodiatryBodyLocationVS","identifier":[{"system":"http://hl7.org/fhir/us/sw","value":"sw.PodiatryBodyLocationVS"}],"version":"0.5.0","name":"PodiatryBodyLocationVS","title":"PodiatryBodyLocationVS","status":"draft","date":"2019-03-31T00:00:00-04:00","publisher":"HL7 Patient Care and Clinical Information Modeling Initiative Work Groups","contact":[{"telecom":[{"system":"url","value":"http://standardhealthrecord.org"}]}],"description":"Locations and landmarks relating to the foot.","compose":{"include":[{"system":"http://snomed.info/sct","concept":[{"code":"53075003","display":"Distal phalanx of hallux"},{"code":"76986006","display":"Distal phalanx of second toe"},{"code":"65258003","display":"Distal phalanx of third toe"},{"code":"54333003","display":"Distal phalanx of fourth toe"},{"code":"10770001","display":"Distal phalanx of fifth toe"},{"code":"363670009","display":"Interphalangeal joint structure of great toe"},{"code":"371216008","display":"Distal interphalangeal joint of second toe"},{"code":"371219001","display":"Distal interphalangeal joint of third toe"},{"code":"371205001","display":"Distal interphalangeal joint of fourth toe"},{"code":"371203008","display":"Distal interphalangeal joint of fifth toe"},{"code":"371292009","display":"Proximal interphalangeal joint of second toe"},{"code":"371292010","display":"Proximal interphalangeal joint of second toe"},{"code":"371255009","display":"Proximal interphalangeal joint of third toe"},{"code":"371288002","display":"Proximal interphalangeal joint of fourth toe"},{"code":"371283998","display":"Proximal interphalangeal joint of fifth toe"},{"code":"67169006","display":"Head of first metatarsal bone"},{"code":"9677004","display":"Head of second metatarsal bone"},{"code":"46971007","display":"Head of third metatarsal bone"},{"code":"3134008","display":"Head of fourth metatarsal bone"},{"code":"71822005","display":"Head of fifth metatarsal bone"},{"code":"89221001","display":"Base of first metatarsal bone"},{"code":"90894004","display":"Base of second metatarsal bone"},{"code":"89995006","display":"Base of third metatarsal bone"},{"code":"15368009","display":"Base of fourth metatarsal bone"},{"code":"30980004","display":"Base of fifth metatarsal bone"},{"code":"38607000","display":"Styloid process of fifth metatarsal bone"},{"code":"2979003","display":"Medial cuneiform bone"},{"code":"19193007","display":"Intermediate cuneiform bone"},{"code":"67411009","display":"Lateral cuneiform bone"},{"code":"81012005","display":"Bone structure of cuboid"},{"code":"75772009","display":"Bone structure of navicular"},{"code":"67453005","display":"Bone structure of talus"},{"code":"80144004","display":"Bone structure of calcaneum"},{"code":"6417001","display":"Medial malleolus"},{"code":"113225006","display":"Lateral malleolus of fibula"},{"code":"720662005","display":"Structure of distal phalanx of great toe of left foot"},{"code":"720660002","display":"Structure of distal phalanx of great toe of right foot"},{"code":"2986006","display":"Talar facet of navicular bone of foot"}]}]}}