{"resourceType":"ValueSet","id":"shr-core-ResearchSubjectTerminationReasonVS","text":{"status":"generated","div":"<div xmlns=\"http://www.w3.org/1999/xhtml\">\n<p><b>ResearchSubjectTerminationReasonVS ValueSet</b></p>\n<p>The reason for a research subject leaving a research study.</p>\n</div>"},"url":"http://hl7.org/fhir/us/sw/shr/core/vs/ResearchSubjectTerminationReasonVS","identifier":[{"system":"http://hl7.org/fhir/us/sw","value":"shr.core.ResearchSubjectTerminationReasonVS"}],"version":"0.5.0","name":"ResearchSubjectTerminationReasonVS","title":"ResearchSubjectTerminationReasonVS","status":"draft","date":"2019-03-31T00:00:00-04:00","publisher":"HL7 Patient Care and Clinical Information Modeling Initiative Work Groups","contact":[{"telecom":[{"system":"url","value":"http://standardhealthrecord.org"}]}],"description":"The reason for a research subject leaving a research study.","compose":{"include":[{"system":"http://hl7.org/fhir/us/sw/shr/core/cs/ResearchSubjectTerminationReasonCS","concept":[{"code":"moved","display":"Subject relocated"},{"code":"died","display":"Suject passed away"},{"code":"ended","display":"ResearchStudy ended"},{"code":"adverse","display":"Subject could not tolerate treatement"},{"code":"protocol","display":"Subject could not follow protocol, e.g. required appointments, dosing schedule, etc."},{"code":"other","display":"Other reason"},{"code":"unknown","display":"Reason not known"}]}]}}