<?xml version="1.0" encoding="UTF-8"?><StructureDefinition xmlns="http://hl7.org/fhir"><id value="shr-core-Communication-model"/><text><status value="generated"/><div xmlns="http://www.w3.org/1999/xhtml">
  <p><b>Communication Logical Model</b></p>
  <p>Language used for communication by a human, either the subject of record, parent, or other involved person.</p>
</div></text><url value="http://hl7.org/fhir/us/shr/StructureDefinition/shr-core-Communication-model"/><identifier><system value="http://hl7.org/fhir/us/shrcore"/><value value="shr.core.Communication"/></identifier><version value="0.5.0"/><name value="Communication"/><title value="shr-core-Communication"/><status value="draft"/><date value="2019-05-01T00:00:00-04:00"/><publisher value="The MITRE Corporation"/><contact><telecom><system value="url"/><value value="http://www.standardhealthrecord.org"/></telecom></contact><description value="Language used for communication by a human, either the subject of record, parent, or other involved person."/><fhirVersion value="3.0.1"/><kind value="logical"/><abstract value="false"/><type value="shr-core-Communication-model"/><baseDefinition value="http://hl7.org/fhir/StructureDefinition/Element"/><derivation value="specialization"/><snapshot><element id="shr-core-Communication-model"><path value="shr-core-Communication-model"/><definition value="Language used for communication by a human, either the subject of record, parent, or other involved person."/><min value="0"/><max value="*"/><base><path value="shr-core-Communication-model"/><min value="0"/><max value="*"/></base><mustSupport value="false"/><isModifier value="false"/><isSummary value="false"/></element><element id="shr-core-Communication-model.language"><path value="shr-core-Communication-model.language"/><short value="A human language, spoken or written."/><definition value="A human language, spoken or written."/><min value="1"/><max value="1"/><base><path value="shr-core-Communication-model.language"/><min value="1"/><max value="1"/></base><type><code value="Coding"/></type><mustSupport value="false"/><isModifier value="false"/><isSummary value="false"/></element><element id="shr-core-Communication-model.preferred"><path value="shr-core-Communication-model.preferred"/><short value="Indicates preference."/><definition value="Indicates preference."/><min value="0"/><max value="1"/><base><path value="shr-core-Communication-model.preferred"/><min value="0"/><max value="1"/></base><type><code value="boolean"/></type><mustSupport value="false"/><isModifier value="false"/><isSummary value="false"/></element></snapshot><differential><element id="shr-core-Communication-model"><path value="shr-core-Communication-model"/><definition value="Language used for communication by a human, either the subject of record, parent, or other involved person."/><min value="0"/><max value="*"/><base><path value="shr-core-Communication-model"/><min value="0"/><max value="*"/></base><mustSupport value="false"/><isModifier value="false"/><isSummary value="false"/></element><element id="shr-core-Communication-model.language"><path value="shr-core-Communication-model.language"/><short value="A human language, spoken or written."/><definition value="A human language, spoken or written."/><min value="1"/><max value="1"/><base><path value="shr-core-Communication-model.language"/><min value="1"/><max value="1"/></base><type><code value="Coding"/></type><mustSupport value="false"/><isModifier value="false"/><isSummary value="false"/></element><element id="shr-core-Communication-model.preferred"><path value="shr-core-Communication-model.preferred"/><short value="Indicates preference."/><definition value="Indicates preference."/><min value="0"/><max value="1"/><base><path value="shr-core-Communication-model.preferred"/><min value="0"/><max value="1"/></base><type><code value="boolean"/></type><mustSupport value="false"/><isModifier value="false"/><isSummary value="false"/></element></differential></StructureDefinition>