<?xml version="1.0" encoding="UTF-8"?><StructureDefinition xmlns="http://hl7.org/fhir"><id value="shr-core-ParsableContent-model"/><text><status value="generated"/><div xmlns="http://www.w3.org/1999/xhtml">
  <p><b>ParsableContent Logical Model</b></p>
  <p>A string that follows a formal syntax and can be analyzed and broken into meaningful parts.</p>
</div></text><url value="http://hl7.org/fhir/us/shr/StructureDefinition/shr-core-ParsableContent-model"/><identifier><system value="http://hl7.org/fhir/us/shrcore"/><value value="shr.core.ParsableContent"/></identifier><version value="0.5.0"/><name value="ParsableContent"/><title value="shr-core-ParsableContent"/><status value="draft"/><date value="2019-05-01T00:00:00-04:00"/><publisher value="The MITRE Corporation"/><contact><telecom><system value="url"/><value value="http://www.standardhealthrecord.org"/></telecom></contact><description value="A string that follows a formal syntax and can be analyzed and broken into meaningful parts."/><fhirVersion value="3.0.1"/><kind value="logical"/><abstract value="false"/><type value="shr-core-ParsableContent-model"/><baseDefinition value="http://hl7.org/fhir/StructureDefinition/Element"/><derivation value="specialization"/><snapshot><element id="shr-core-ParsableContent-model"><path value="shr-core-ParsableContent-model"/><definition value="A string that follows a formal syntax and can be analyzed and broken into meaningful parts."/><min value="0"/><max value="*"/><base><path value="shr-core-ParsableContent-model"/><min value="0"/><max value="*"/></base><mustSupport value="false"/><isModifier value="false"/><isSummary value="false"/></element><element id="shr-core-ParsableContent-model.text"><path value="shr-core-ParsableContent-model.text"/><short value="A simple string."/><definition value="A simple string."/><min value="1"/><max value="1"/><base><path value="shr-core-ParsableContent-model.text"/><min value="1"/><max value="1"/></base><type><code value="string"/></type><mustSupport value="false"/><isModifier value="false"/><isSummary value="false"/></element><element id="shr-core-ParsableContent-model.formalism"><path value="shr-core-ParsableContent-model.formalism"/><short value="The system of formal syntax or interpretation associated with parsable content."/><definition value="The system of formal syntax or interpretation associated with parsable content."/><min value="1"/><max value="1"/><base><path value="shr-core-ParsableContent-model.formalism"/><min value="1"/><max value="1"/></base><type><code value="Coding"/></type><mustSupport value="false"/><isModifier value="false"/><isSummary value="false"/></element></snapshot><differential><element id="shr-core-ParsableContent-model"><path value="shr-core-ParsableContent-model"/><definition value="A string that follows a formal syntax and can be analyzed and broken into meaningful parts."/><min value="0"/><max value="*"/><base><path value="shr-core-ParsableContent-model"/><min value="0"/><max value="*"/></base><mustSupport value="false"/><isModifier value="false"/><isSummary value="false"/></element><element id="shr-core-ParsableContent-model.text"><path value="shr-core-ParsableContent-model.text"/><short value="A simple string."/><definition value="A simple string."/><min value="1"/><max value="1"/><base><path value="shr-core-ParsableContent-model.text"/><min value="1"/><max value="1"/></base><type><code value="string"/></type><mustSupport value="false"/><isModifier value="false"/><isSummary value="false"/></element><element id="shr-core-ParsableContent-model.formalism"><path value="shr-core-ParsableContent-model.formalism"/><short value="The system of formal syntax or interpretation associated with parsable content."/><definition value="The system of formal syntax or interpretation associated with parsable content."/><min value="1"/><max value="1"/><base><path value="shr-core-ParsableContent-model.formalism"/><min value="1"/><max value="1"/></base><type><code value="Coding"/></type><mustSupport value="false"/><isModifier value="false"/><isSummary value="false"/></element></differential></StructureDefinition>