<?xml version="1.0" encoding="UTF-8"?><StructureDefinition xmlns="http://hl7.org/fhir"><id value="shr-core-Signature"/><text><status value="generated"/><div xmlns="http://www.w3.org/1999/xhtml">
  <p><b>Signature Profile</b></p>
  <p>A Signature holds an electronic representation of a signature and its supporting context in a FHIR accessible form. The signature may either be a cryptographic type (XML DigSig or a JWS), which is able to provide non-repudiation proof, or it may be a graphical image that represents a signature or a signature process.</p>
  <p><b>Mapping Summary</b></p>
  <p><pre>shr.core.Signature maps to Signature:
  SignatureType maps to type
  CreationDateTime maps to when
  Signer maps to who[x]
  OnBehalfOf maps to onBehalfOf[x]
  SignatureFormat maps to contentType
  TargetFormat maps to extension
  BinaryData maps to blob
</pre></p>
</div></text><url value="http://hl7.org/fhir/us/shr/StructureDefinition/shr-core-Signature"/><identifier><system value="http://hl7.org/fhir/us/shrcore"/><value value="shr.core.Signature"/></identifier><version value="0.6.0"/><name value="Signature"/><title value="shr-core-Signature"/><status value="draft"/><date value="2019-05-07T00:00:00-04:00"/><publisher value="The MITRE Corporation"/><contact><telecom><system value="url"/><value value="http://www.standardhealthrecord.org"/></telecom></contact><description value="A Signature holds an electronic representation of a signature and its supporting context in a FHIR accessible form. The signature may either be a cryptographic type (XML DigSig or a JWS), which is able to provide non-repudiation proof, or it may be a graphical image that represents a signature or a signature process."/><purpose value="There are a number of places where content must be signed in healthcare."/><fhirVersion value="3.0.1"/><mapping><identity value="rim"/><uri value="http://hl7.org/v3"/><name value="RIM Mapping"/></mapping><kind value="complex-type"/><abstract value="false"/><type value="Signature"/><baseDefinition value="http://hl7.org/fhir/StructureDefinition/Signature"/><derivation value="constraint"/><snapshot><element id="Signature:shr-core-Signature"><path value="Signature"/><short value="shr-core-Signature"/><definition value="A Signature holds an electronic representation of a signature and its supporting context in a FHIR accessible form. The signature may either be a cryptographic type (XML DigSig or a JWS), which is able to provide non-repudiation proof, or it may be a graphical image that represents a signature or a signature process."/><comment value="The elements of the Signature Resource are for ease of access of these elements. Foro digital signatures (Xml DigSig, JWT), the non-repudiation proof comes from the Signature  validation, which includes validation of the referenced objects (e.g. Resources) (a.k.a., Content) in the XML-Signature Detached form."/><min value="0"/><max value="*"/><condition value="ele-1"/><constraint><key value="ele-1"/><severity value="error"/><human value="All FHIR elements must have a @value or children"/><expression value="hasValue() | (children().count() &gt; id.count())"/><xpath value="@value|f:*|h:div"/><source value="Element"/></constraint><mapping><identity value="rim"/><map value="n/a"/></mapping><mapping><identity value="rim"/><map value="N/A"/></mapping></element><element id="Signature:shr-core-Signature.id"><path value="Signature.id"/><representation value="xmlAttr"/><short value="xml:id (or equivalent in JSON)"/><definition value="unique id for the element within a resource (for internal references). This may be any string value that does not contain spaces."/><min value="0"/><max value="1"/><base><path value="Element.id"/><min value="0"/><max value="1"/></base><type><code value="string"/></type><mapping><identity value="rim"/><map value="n/a"/></mapping></element><element id="Signature:shr-core-Signature.extension"><path value="Signature.extension"/><slicing><discriminator><type value="value"/><path value="url"/></discriminator><description value="Extensions are always sliced by (at least) url"/><rules value="open"/></slicing><short value="Additional Content defined by implementations"/><definition value="May be used to represent additional information that is not part of the basic definition of the element. In order to make the use of extensions safe and manageable, there is a strict set of governance  applied to the definition and use of extensions. Though any implementer is allowed to define an extension, there is a set of requirements that SHALL be met as part of the definition of the extension."/><comment value="There can be no stigma associated with the use of extensions by any application, project, or standard - regardless of the institution or jurisdiction that uses or defines the extensions.  The use of extensions is what allows the FHIR specification to retain a core level of simplicity for everyone."/><alias value="extensions"/><alias value="user content"/><min value="0"/><max value="*"/><base><path value="Element.extension"/><min value="0"/><max value="*"/></base><type><code value="Extension"/></type><mapping><identity value="rim"/><map value="n/a"/></mapping></element><element id="Signature:shr-core-Signature.extension:targetformat"><path value="Signature.extension"/><sliceName value="targetformat"/><definition value="The technical format of the signed resources."/><min value="0"/><max value="1"/><base><path value="Element.extension"/><min value="0"/><max value="*"/></base><type><code value="Extension"/><profile value="http://hl7.org/fhir/us/shr/StructureDefinition/shr-core-TargetFormat-extension"/></type></element><element id="Signature:shr-core-Signature.type"><path value="Signature.type"/><short value="Indication of the reason the entity signed the object(s)"/><definition value="An indication of the reason that the entity signed this document. This may be explicitly included as part of the signature information and can be used when determining accountability for various actions concerning the document."/><comment value="Examples include attesting to: authorship, correct transcription, and witness of specific event. Also known as a &amp;quot;Commitment Type Indication&amp;quot;."/><min value="1"/><max value="*"/><type><code value="Coding"/></type><isSummary value="true"/><binding><extension url="http://hl7.org/fhir/StructureDefinition/elementdefinition-bindingName"><valueString value="SignatureType"/></extension><strength value="extensible"/><description value="An indication of the reason that an entity signed the object"/><valueSetReference><reference value="http://hl7.org/fhir/ValueSet/signature-type"/></valueSetReference></binding></element><element id="Signature:shr-core-Signature.when"><path value="Signature.when"/><short value="When the signature was created"/><definition value="When the digital signature was signed."/><comment value="This should agree with the information in the signature."/><min value="1"/><max value="1"/><type><code value="instant"/></type><isSummary value="true"/></element><element id="Signature:shr-core-Signature.who[x]"><path value="Signature.who[x]"/><short value="Who signed"/><definition value="A reference to an application-usable description of the identity that signed  (e.g. the signature used their private key)."/><comment value="This should agree with the information in the signature."/><min value="1"/><max value="1"/><base><path value="Signature.who[x]"/><min value="1"/><max value="1"/></base><type><code value="Reference"/><targetProfile value="http://hl7.org/fhir/us/shr/StructureDefinition/shr-core-Practitioner"/></type><type><code value="Reference"/><targetProfile value="http://hl7.org/fhir/us/shr/StructureDefinition/shr-core-RelatedPerson"/></type><type><code value="Reference"/><targetProfile value="http://hl7.org/fhir/us/shr/StructureDefinition/shr-core-Patient"/></type><type><code value="Reference"/><targetProfile value="http://hl7.org/fhir/us/shr/StructureDefinition/shr-core-Device"/></type><type><code value="Reference"/><targetProfile value="http://hl7.org/fhir/us/shr/StructureDefinition/shr-core-Organization"/></type><isSummary value="true"/></element><element id="Signature:shr-core-Signature.onBehalfOf[x]"><path value="Signature.onBehalfOf[x]"/><short value="The party represented"/><definition value="A reference to an application-usable description of the identity that is represented by the signature."/><comment value="The party that can&#39;t sign. For example a child."/><requirements value="used when the signature is on behalf of a non-signer."/><min value="0"/><max value="1"/><type><code value="Reference"/><targetProfile value="http://hl7.org/fhir/us/shr/StructureDefinition/shr-core-Practitioner"/></type><type><code value="Reference"/><targetProfile value="http://hl7.org/fhir/us/shr/StructureDefinition/shr-core-RelatedPerson"/></type><type><code value="Reference"/><targetProfile value="http://hl7.org/fhir/us/shr/StructureDefinition/shr-core-Patient"/></type><type><code value="Reference"/><targetProfile value="http://hl7.org/fhir/us/shr/StructureDefinition/shr-core-Device"/></type><type><code value="Reference"/><targetProfile value="http://hl7.org/fhir/us/shr/StructureDefinition/shr-core-Organization"/></type><isSummary value="true"/></element><element id="Signature:shr-core-Signature.contentType"><path value="Signature.contentType"/><short value="The technical format of the signature"/><definition value="A mime type that indicates the technical format of the signature. Important mime types are application/signature+xml for X ML DigSig, application/jwt for JWT, and image/* for a graphical image of a signature, etc."/><min value="1"/><max value="1"/><base><path value="Signature.contentType"/><min value="0"/><max value="1"/></base><type><code value="code"/></type><isSummary value="true"/><binding><extension url="http://hl7.org/fhir/StructureDefinition/elementdefinition-bindingName"><valueString value="MimeType"/></extension><extension url="http://hl7.org/fhir/StructureDefinition/elementdefinition-isCommonBinding"><valueBoolean value="true"/></extension><strength value="required"/><description value="The mime type of an attachment. Any valid mime type is allowed."/><valueSetUri value="http://www.rfc-editor.org/bcp/bcp13.txt"/></binding></element><element id="Signature:shr-core-Signature.blob"><path value="Signature.blob"/><short value="The actual signature content (XML DigSig. JWT, picture, etc.)"/><definition value="The base64 encoding of the Signature content. When signature is not recorded electronically this element would be empty."/><comment value="Where the signature type is an XML DigSig, the signed content is a FHIR Resource(s), the signature is of the XML form of the Resource(s) using  XML-Signature (XMLDIG) &quot;Detached Signature&quot; form."/><min value="1"/><max value="1"/><base><path value="Signature.blob"/><min value="0"/><max value="1"/></base><type><code value="base64Binary"/></type></element></snapshot><differential><element id="Signature:shr-core-Signature"><path value="Signature"/><short value="shr-core-Signature"/><definition value="A Signature holds an electronic representation of a signature and its supporting context in a FHIR accessible form. The signature may either be a cryptographic type (XML DigSig or a JWS), which is able to provide non-repudiation proof, or it may be a graphical image that represents a signature or a signature process."/></element><element id="Signature:shr-core-Signature.extension:targetformat"><path value="Signature.extension"/><sliceName value="targetformat"/><definition value="The technical format of the signed resources."/><min value="0"/><max value="1"/><base><path value="Element.extension"/><min value="0"/><max value="*"/></base><type><code value="Extension"/><profile value="http://hl7.org/fhir/us/shr/StructureDefinition/shr-core-TargetFormat-extension"/></type></element><element id="Signature:shr-core-Signature.type"><path value="Signature.type"/><binding><extension url="http://hl7.org/fhir/StructureDefinition/elementdefinition-bindingName"><valueString value="SignatureType"/></extension><strength value="extensible"/><description value="An indication of the reason that an entity signed the object"/><valueSetReference><reference value="http://hl7.org/fhir/ValueSet/signature-type"/></valueSetReference></binding></element><element id="Signature:shr-core-Signature.who[x]"><path value="Signature.who[x]"/><base><path value="Signature.who[x]"/><min value="1"/><max value="1"/></base><type><code value="Reference"/><targetProfile value="http://hl7.org/fhir/us/shr/StructureDefinition/shr-core-Practitioner"/></type><type><code value="Reference"/><targetProfile value="http://hl7.org/fhir/us/shr/StructureDefinition/shr-core-RelatedPerson"/></type><type><code value="Reference"/><targetProfile value="http://hl7.org/fhir/us/shr/StructureDefinition/shr-core-Patient"/></type><type><code value="Reference"/><targetProfile value="http://hl7.org/fhir/us/shr/StructureDefinition/shr-core-Device"/></type><type><code value="Reference"/><targetProfile value="http://hl7.org/fhir/us/shr/StructureDefinition/shr-core-Organization"/></type></element><element id="Signature:shr-core-Signature.onBehalfOf[x]"><path value="Signature.onBehalfOf[x]"/><type><code value="Reference"/><targetProfile value="http://hl7.org/fhir/us/shr/StructureDefinition/shr-core-Practitioner"/></type><type><code value="Reference"/><targetProfile value="http://hl7.org/fhir/us/shr/StructureDefinition/shr-core-RelatedPerson"/></type><type><code value="Reference"/><targetProfile value="http://hl7.org/fhir/us/shr/StructureDefinition/shr-core-Patient"/></type><type><code value="Reference"/><targetProfile value="http://hl7.org/fhir/us/shr/StructureDefinition/shr-core-Device"/></type><type><code value="Reference"/><targetProfile value="http://hl7.org/fhir/us/shr/StructureDefinition/shr-core-Organization"/></type></element><element id="Signature:shr-core-Signature.contentType"><path value="Signature.contentType"/><min value="1"/><max value="1"/><base><path value="Signature.contentType"/><min value="0"/><max value="1"/></base></element><element id="Signature:shr-core-Signature.blob"><path value="Signature.blob"/><min value="1"/><max value="1"/><base><path value="Signature.blob"/><min value="0"/><max value="1"/></base></element></differential></StructureDefinition>