<?xml version="1.0" encoding="UTF-8"?><StructureDefinition xmlns="http://hl7.org/fhir"><id value="shr-core-MedicationRequest-model"/><text><status value="generated"/><div xmlns="http://www.w3.org/1999/xhtml">
  <p><b>MedicationRequest Logical Model</b></p>
  <p>An order for a medication to be dispensed and instructions for use.
Value sets for status are in direct conflict between DSTU2 Argonaut and STU3 US-Core.
Category does not exist in DSTU2 and is provided as an extension.
Intent was added in STU3 and is provided as an extension with required binding.</p>
</div></text><url value="http://hl7.org/fhir/us/shr/StructureDefinition/shr-core-MedicationRequest-model"/><identifier><system value="http://hl7.org/fhir/us/shrcore"/><value value="shr.core.MedicationRequest"/></identifier><version value="0.6.0"/><name value="MedicationRequest"/><title value="shr-core-MedicationRequest"/><status value="draft"/><date value="2019-05-07T00:00:00-04:00"/><publisher value="The MITRE Corporation"/><contact><telecom><system value="url"/><value value="http://www.standardhealthrecord.org"/></telecom></contact><description value="An order for a medication to be dispensed and instructions for use.&#xA;Value sets for status are in direct conflict between DSTU2 Argonaut and STU3 US-Core.&#xA;Category does not exist in DSTU2 and is provided as an extension.&#xA;Intent was added in STU3 and is provided as an extension with required binding."/><fhirVersion value="3.0.1"/><kind value="logical"/><abstract value="false"/><type value="shr-core-MedicationRequest-model"/><baseDefinition value="http://hl7.org/fhir/StructureDefinition/Element"/><derivation value="specialization"/><snapshot><element id="shr-core-MedicationRequest-model"><path value="shr-core-MedicationRequest-model"/><definition value="An order for a medication to be dispensed and instructions for use.&#xA;Value sets for status are in direct conflict between DSTU2 Argonaut and STU3 US-Core.&#xA;Category does not exist in DSTU2 and is provided as an extension.&#xA;Intent was added in STU3 and is provided as an extension with required binding."/><min value="0"/><max value="*"/><base><path value="shr-core-MedicationRequest-model"/><min value="0"/><max value="*"/></base><mustSupport value="false"/><isModifier value="false"/><isSummary value="false"/></element><element id="shr-core-MedicationRequest-model.metadata"><path value="shr-core-MedicationRequest-model.metadata"/><short value="Elements that belong to all information items."/><definition value="Elements that belong to all information items."/><min value="0"/><max value="1"/><base><path value="shr-core-MedicationRequest-model.metadata"/><min value="0"/><max value="1"/></base><type><code value="http://hl7.org/fhir/us/shr/StructureDefinition/shr-core-Metadata-model"/></type><mustSupport value="false"/><isModifier value="false"/><isSummary value="false"/></element><element id="shr-core-MedicationRequest-model.language"><path value="shr-core-MedicationRequest-model.language"/><short value="A human language, spoken or written."/><definition value="A human language, spoken or written."/><min value="0"/><max value="1"/><base><path value="shr-core-MedicationRequest-model.language"/><min value="0"/><max value="1"/></base><type><code value="Coding"/></type><mustSupport value="false"/><isModifier value="false"/><isSummary value="false"/></element><element id="shr-core-MedicationRequest-model.implicitRules"><path value="shr-core-MedicationRequest-model.implicitRules"/><short value="A set of rules under which this content was created"/><definition value="A set of rules under which this content was created"/><min value="0"/><max value="1"/><base><path value="shr-core-MedicationRequest-model.implicitRules"/><min value="0"/><max value="1"/></base><type><code value="uri"/></type><mustSupport value="false"/><isModifier value="false"/><isSummary value="false"/></element><element id="shr-core-MedicationRequest-model.narrative"><path value="shr-core-MedicationRequest-model.narrative"/><short value="A human-readable narrative, potentially including images, that contains a summary of the resource, and may be used to represent the content of the resource to a human."/><definition value="A human-readable narrative, potentially including images, that contains a summary of the resource, and may be used to represent the content of the resource to a human."/><min value="0"/><max value="1"/><base><path value="shr-core-MedicationRequest-model.narrative"/><min value="0"/><max value="1"/></base><type><code value="http://hl7.org/fhir/us/shr/StructureDefinition/shr-core-Narrative-model"/></type><mustSupport value="false"/><isModifier value="false"/><isSummary value="false"/></element><element id="shr-core-MedicationRequest-model.status"><path value="shr-core-MedicationRequest-model.status"/><short value="A state that relates to the workflow or interpretation of this resource. Certain status values can modify the meaning of the resource, for example, entered-in-error. When a boolean value is used, Status of true indicates the record is active, false means inactive."/><definition value="A state that relates to the workflow or interpretation of this resource. Certain status values can modify the meaning of the resource, for example, entered-in-error. When a boolean value is used, Status of true indicates the record is active, false means inactive."/><min value="1"/><max value="1"/><base><path value="shr-core-MedicationRequest-model.status"/><min value="1"/><max value="1"/></base><type><code value="Coding"/></type><mustSupport value="false"/><isModifier value="false"/><isSummary value="false"/></element><element id="shr-core-MedicationRequest-model.statusReason"><path value="shr-core-MedicationRequest-model.statusReason"/><short value="Captures the reason for the current state of the procedure."/><definition value="Captures the reason for the current state of the procedure."/><min value="0"/><max value="1"/><base><path value="shr-core-MedicationRequest-model.statusReason"/><min value="0"/><max value="1"/></base><type><code value="Coding"/></type><mustSupport value="false"/><isModifier value="false"/><isSummary value="false"/></element><element id="shr-core-MedicationRequest-model.identifier"><path value="shr-core-MedicationRequest-model.identifier"/><short value="Business identifier or external id for this resource."/><definition value="Business identifier or external id for this resource."/><min value="0"/><max value="*"/><base><path value="shr-core-MedicationRequest-model.identifier"/><min value="0"/><max value="*"/></base><type><code value="http://hl7.org/fhir/us/shr/StructureDefinition/shr-core-Identifier-model"/></type><mustSupport value="false"/><isModifier value="false"/><isSummary value="false"/></element><element id="shr-core-MedicationRequest-model.subjectOfRecord"><path value="shr-core-MedicationRequest-model.subjectOfRecord"/><code><system value="http://ncimeta.nci.nih.gov"/><code value="C1299487"/></code><short value="The subject of a clinical statement, often called the Patient or the Subject. The SubjectOfRecord typically identifies the clinical record in which this statement is contained. If the statement should be in John Doe&#39;s patient record, then John Doe is the subject of record. When there is no patient, the SubjectOfRecord can also be a location, group, or other entity that statement pertains to. For example, observations concerning a hospital ward would have a Location as the SubjectOfRecord."/><definition value="The subject of a clinical statement, often called the Patient or the Subject. The SubjectOfRecord typically identifies the clinical record in which this statement is contained. If the statement should be in John Doe&#39;s patient record, then John Doe is the subject of record. When there is no patient, the SubjectOfRecord can also be a location, group, or other entity that statement pertains to. For example, observations concerning a hospital ward would have a Location as the SubjectOfRecord.&#xA;&#xA;Note that the word &#39;Subject&#39; is used here in the sense of a person or entity subjected to observations or actions, not subject as in a conceptual topic, like heart disease."/><min value="1"/><max value="1"/><base><path value="shr-core-MedicationRequest-model.subjectOfRecord"/><min value="1"/><max value="1"/></base><type><code value="Reference"/><targetProfile value="http://hl7.org/fhir/us/shr/StructureDefinition/shr-core-Patient-model"/></type><mustSupport value="false"/><isModifier value="false"/><isSummary value="false"/></element><element id="shr-core-MedicationRequest-model.careContext"><path value="shr-core-MedicationRequest-model.careContext"/><short value="The encounter or episode of care"/><definition value="The encounter or episode of care"/><min value="0"/><max value="1"/><base><path value="shr-core-MedicationRequest-model.careContext"/><min value="0"/><max value="1"/></base><type><code value="Reference"/><targetProfile value="http://hl7.org/fhir/us/shr/StructureDefinition/shr-core-Encounter-model"/></type><mustSupport value="false"/><isModifier value="false"/><isSummary value="false"/></element><element id="shr-core-MedicationRequest-model.statementDateTime"><path value="shr-core-MedicationRequest-model.statementDateTime"/><code><system value="http://ncimeta.nci.nih.gov"/><code value="C3669169"/></code><short value="The point in time when the statement was created."/><definition value="The point in time when the statement was created."/><min value="1"/><max value="1"/><base><path value="shr-core-MedicationRequest-model.statementDateTime"/><min value="1"/><max value="1"/></base><type><code value="dateTime"/></type><mustSupport value="false"/><isModifier value="false"/><isSummary value="false"/></element><element id="shr-core-MedicationRequest-model.reasonCode"><path value="shr-core-MedicationRequest-model.reasonCode"/><code><system value="http://ncimeta.nci.nih.gov"/><code value="C0566251"/></code><short value="The explanation or justification for the current item or action, as a code."/><definition value="The explanation or justification for the current item or action, as a code.&#xA;Reason is a string or CodeableConcept in DSTU2 but in later versions only a CodeableConcept."/><min value="0"/><max value="1"/><base><path value="shr-core-MedicationRequest-model.reasonCode"/><min value="0"/><max value="1"/></base><type><code value="Coding"/></type><mustSupport value="false"/><isModifier value="false"/><isSummary value="false"/><binding><strength value="example"/><valueSetReference><reference value="http://hl7.org/fhir/ValueSet/condition-code"/></valueSetReference></binding></element><element id="shr-core-MedicationRequest-model.medicationReasonReference[x]"><path value="shr-core-MedicationRequest-model.medicationReasonReference[x]"/><slicing><discriminator><type value="type"/><path value="$this"/></discriminator><ordered value="false"/><rules value="open"/></slicing><short value="Condition or observation that supports why the medication is being/was taken"/><definition value="Condition or observation that supports why the medication is being/was taken"/><min value="0"/><max value="1"/><base><path value="shr-core-MedicationRequest-model.medicationReasonReference[x]"/><min value="0"/><max value="1"/></base><type><code value="Reference"/><targetProfile value="http://hl7.org/fhir/us/shr/StructureDefinition/shr-core-Condition-model"/></type><type><code value="Reference"/><targetProfile value="http://hl7.org/fhir/us/shr/StructureDefinition/shr-core-Observation-model"/></type><type><code value="Reference"/><targetProfile value="http://hl7.org/fhir/us/shr/StructureDefinition/shr-core-DiagnosticReport-model"/></type><mustSupport value="false"/><isModifier value="false"/><isSummary value="false"/></element><element id="shr-core-MedicationRequest-model.medicationReasonReferenceShr-core-Condition-model:Condition"><path value="shr-core-MedicationRequest-model.medicationReasonReferenceShr-core-Condition-model"/><sliceName value="Condition"/><short value="A condition that is or may be present in a subject. &#39;Condition&#39; is interpreted broadly and could be a disorder, abnormality, problem, injury, complaint, functionality, illness, disease, ailment, sickness, affliction, upset, difficulty, disorder, symptom, worry, or trouble."/><definition value="A condition that is or may be present in a subject. &#39;Condition&#39; is interpreted broadly and could be a disorder, abnormality, problem, injury, complaint, functionality, illness, disease, ailment, sickness, affliction, upset, difficulty, disorder, symptom, worry, or trouble.&#xA;The Observation-based class, ConditionAbsent, should be used to describe conditions that are not present or negative findings.&#xA;SHR Condition uses the SHR BodyLocation structure that includes not only a code, but optional laterality, direction, clock direction, and distance. If included, the distance is measured from the location specified by the code, laterality, and direction."/><min value="1"/><max value="1"/><base><path value="shr-core-MedicationRequest-model.medicationReasonReference[x]"/><min value="0"/><max value="1"/></base><type><code value="Reference"/><targetProfile value="http://hl7.org/fhir/us/shr/StructureDefinition/shr-core-Condition-model"/></type><mustSupport value="false"/><isModifier value="false"/><isSummary value="false"/></element><element id="shr-core-MedicationRequest-model.medicationReasonReferenceShr-core-Observation-model:Observation"><path value="shr-core-MedicationRequest-model.medicationReasonReferenceShr-core-Observation-model"/><sliceName value="Observation"/><short value="Represents the result of evaluations (measurements, tests, or questions) that have been performed."/><definition value="Represents the result of evaluations (measurements, tests, or questions) that have been performed.&#xA;Observation has a value representing the result (answer), or an DataAbsentReason indicating why the value is not present. Things observed about the subject can include social and behavioral factors, subjective and objective observations, and assessments.&#xA;For an Observation, the Code describes the aspect or property of the subject being observed or measured. The Code is the &#39;question code&#39; that pairs to the &#39;answer&#39; contained in the Value."/><min value="1"/><max value="1"/><base><path value="shr-core-MedicationRequest-model.medicationReasonReference[x]"/><min value="0"/><max value="1"/></base><type><code value="Reference"/><targetProfile value="http://hl7.org/fhir/us/shr/StructureDefinition/shr-core-Observation-model"/></type><mustSupport value="false"/><isModifier value="false"/><isSummary value="false"/></element><element id="shr-core-MedicationRequest-model.medicationReasonReferenceShr-core-DiagnosticReport-model:DiagnosticReport"><path value="shr-core-MedicationRequest-model.medicationReasonReferenceShr-core-DiagnosticReport-model"/><sliceName value="DiagnosticReport"/><short value="DiagnosticReport"/><definition value="DiagnosticReport"/><min value="1"/><max value="1"/><base><path value="shr-core-MedicationRequest-model.medicationReasonReference[x]"/><min value="0"/><max value="1"/></base><type><code value="Reference"/><targetProfile value="http://hl7.org/fhir/us/shr/StructureDefinition/shr-core-DiagnosticReport-model"/></type><mustSupport value="false"/><isModifier value="false"/><isSummary value="false"/></element><element id="shr-core-MedicationRequest-model.medicationBasedOn[x]"><path value="shr-core-MedicationRequest-model.medicationBasedOn[x]"/><slicing><discriminator><type value="type"/><path value="$this"/></discriminator><ordered value="false"/><rules value="open"/></slicing><short value="MedicationBasedOn"/><definition value="MedicationBasedOn"/><min value="0"/><max value="*"/><base><path value="shr-core-MedicationRequest-model.medicationBasedOn[x]"/><min value="0"/><max value="*"/></base><type><code value="Reference"/><targetProfile value="http://hl7.org/fhir/us/shr/StructureDefinition/shr-core-ServiceRequest-model"/></type><type><code value="Reference"/><targetProfile value="http://hl7.org/fhir/us/shr/StructureDefinition/shr-core-MedicationRequest-model"/></type><type><code value="Reference"/><targetProfile value="http://hl7.org/fhir/us/shr/StructureDefinition/shr-core-ReferralRequest-model"/></type><type><code value="Reference"/><targetProfile value="http://hl7.org/fhir/us/shr/StructureDefinition/shr-core-ProcedureRequest-model"/></type><mustSupport value="false"/><isModifier value="false"/><isSummary value="false"/></element><element id="shr-core-MedicationRequest-model.medicationBasedOnShr-core-ServiceRequest-model:ServiceRequest"><path value="shr-core-MedicationRequest-model.medicationBasedOnShr-core-ServiceRequest-model"/><sliceName value="ServiceRequest"/><short value="A record of a request for service such as diagnostic investigations, treatments, or operations to be performed."/><definition value="A record of a request for service such as diagnostic investigations, treatments, or operations to be performed."/><min value="1"/><max value="1"/><base><path value="shr-core-MedicationRequest-model.medicationBasedOn[x]"/><min value="0"/><max value="*"/></base><type><code value="Reference"/><targetProfile value="http://hl7.org/fhir/us/shr/StructureDefinition/shr-core-ServiceRequest-model"/></type><mustSupport value="false"/><isModifier value="false"/><isSummary value="false"/></element><element id="shr-core-MedicationRequest-model.medicationBasedOnShr-core-MedicationRequest-model:MedicationRequest"><path value="shr-core-MedicationRequest-model.medicationBasedOnShr-core-MedicationRequest-model"/><sliceName value="MedicationRequest"/><short value="An order for a medication to be dispensed and instructions for use."/><definition value="An order for a medication to be dispensed and instructions for use.&#xA;Value sets for status are in direct conflict between DSTU2 Argonaut and STU3 US-Core.&#xA;Category does not exist in DSTU2 and is provided as an extension.&#xA;Intent was added in STU3 and is provided as an extension with required binding."/><min value="1"/><max value="1"/><base><path value="shr-core-MedicationRequest-model.medicationBasedOn[x]"/><min value="0"/><max value="*"/></base><type><code value="Reference"/><targetProfile value="http://hl7.org/fhir/us/shr/StructureDefinition/shr-core-MedicationRequest-model"/></type><mustSupport value="false"/><isModifier value="false"/><isSummary value="false"/></element><element id="shr-core-MedicationRequest-model.medicationBasedOnShr-core-ReferralRequest-model:ReferralRequest"><path value="shr-core-MedicationRequest-model.medicationBasedOnShr-core-ReferralRequest-model"/><sliceName value="ReferralRequest"/><short value="Used to record and send details about a request for referral service or transfer of a patient to the care of another provider or provider organization."/><definition value="Used to record and send details about a request for referral service or transfer of a patient to the care of another provider or provider organization."/><min value="1"/><max value="1"/><base><path value="shr-core-MedicationRequest-model.medicationBasedOn[x]"/><min value="0"/><max value="*"/></base><type><code value="Reference"/><targetProfile value="http://hl7.org/fhir/us/shr/StructureDefinition/shr-core-ReferralRequest-model"/></type><mustSupport value="false"/><isModifier value="false"/><isSummary value="false"/></element><element id="shr-core-MedicationRequest-model.medicationBasedOnShr-core-ProcedureRequest-model:ProcedureRequest"><path value="shr-core-MedicationRequest-model.medicationBasedOnShr-core-ProcedureRequest-model"/><sliceName value="ProcedureRequest"/><short value="A request for a procedure to be performed. May be a proposal or an order."/><definition value="A request for a procedure to be performed. May be a proposal or an order."/><min value="1"/><max value="1"/><base><path value="shr-core-MedicationRequest-model.medicationBasedOn[x]"/><min value="0"/><max value="*"/></base><type><code value="Reference"/><targetProfile value="http://hl7.org/fhir/us/shr/StructureDefinition/shr-core-ProcedureRequest-model"/></type><mustSupport value="false"/><isModifier value="false"/><isSummary value="false"/></element><element id="shr-core-MedicationRequest-model.code"><path value="shr-core-MedicationRequest-model.code"/><short value="The main type identifier for a lab, procedure, condition, etc., usually drawn from a controlled vocabulary."/><definition value="The main type identifier for a lab, procedure, condition, etc., usually drawn from a controlled vocabulary."/><min value="0"/><max value="1"/><base><path value="shr-core-MedicationRequest-model.code"/><min value="0"/><max value="1"/></base><type><code value="Coding"/></type><mustSupport value="false"/><isModifier value="false"/><isSummary value="false"/></element><element id="shr-core-MedicationRequest-model.category"><path value="shr-core-MedicationRequest-model.category"/><short value="The general type or class of this item."/><definition value="The general type or class of this item."/><min value="0"/><max value="1"/><base><path value="shr-core-MedicationRequest-model.category"/><min value="0"/><max value="1"/></base><type><code value="Coding"/></type><mustSupport value="false"/><isModifier value="false"/><isSummary value="false"/><binding><strength value="preferred"/><valueSetReference><reference value="http://hl7.org/fhir/ValueSet/medication-admin-category"/></valueSetReference></binding></element><element id="shr-core-MedicationRequest-model.requester[x]"><path value="shr-core-MedicationRequest-model.requester[x]"/><short value="The person or organization originating this referral"/><definition value="The person or organization originating this referral"/><min value="1"/><max value="1"/><base><path value="shr-core-MedicationRequest-model.requester[x]"/><min value="1"/><max value="1"/></base><type><code value="Reference"/><targetProfile value="http://hl7.org/fhir/us/shr/StructureDefinition/shr-core-Practitioner-model"/></type><type><code value="Reference"/><targetProfile value="http://hl7.org/fhir/us/shr/StructureDefinition/shr-core-Organization-model"/></type><type><code value="Reference"/><targetProfile value="http://hl7.org/fhir/us/shr/StructureDefinition/shr-core-Patient-model"/></type><type><code value="Reference"/><targetProfile value="http://hl7.org/fhir/us/shr/StructureDefinition/shr-core-RelatedPerson-model"/></type><type><code value="Reference"/><targetProfile value="http://hl7.org/fhir/us/shr/StructureDefinition/shr-core-Device-model"/></type><mustSupport value="false"/><isModifier value="false"/><isSummary value="false"/></element><element id="shr-core-MedicationRequest-model.requestIntent"><path value="shr-core-MedicationRequest-model.requestIntent"/><short value="Indicates the level of authority/intentionality associated with the request and where the request fits into the workflow chain."/><definition value="Indicates the level of authority/intentionality associated with the request and where the request fits into the workflow chain."/><min value="1"/><max value="1"/><base><path value="shr-core-MedicationRequest-model.requestIntent"/><min value="1"/><max value="1"/></base><type><code value="Coding"/></type><mustSupport value="false"/><isModifier value="false"/><isSummary value="false"/><binding><strength value="required"/><valueSetReference><reference value="http://hl7.org/fhir/ValueSet/medication-request-intent"/></valueSetReference></binding></element><element id="shr-core-MedicationRequest-model.expectedPerformanceTime[x]"><path value="shr-core-MedicationRequest-model.expectedPerformanceTime[x]"/><short value="When an action should be done. If the action is a series or recurs (e.g. daily blood sugar testing in the morning) then a Timing can be used to describe the periodicity."/><definition value="When an action should be done. If the action is a series or recurs (e.g. daily blood sugar testing in the morning) then a Timing can be used to describe the periodicity."/><min value="0"/><max value="1"/><base><path value="shr-core-MedicationRequest-model.expectedPerformanceTime[x]"/><min value="0"/><max value="1"/></base><type><code value="dateTime"/></type><type><code value="http://hl7.org/fhir/us/shr/StructureDefinition/shr-core-TimePeriod-model"/></type><type><code value="http://hl7.org/fhir/us/shr/StructureDefinition/shr-core-Timing-model"/></type><mustSupport value="false"/><isModifier value="false"/><isSummary value="false"/></element><element id="shr-core-MedicationRequest-model.expectedPerformerType"><path value="shr-core-MedicationRequest-model.expectedPerformerType"/><short value="What type of party should carry out the testing."/><definition value="What type of party should carry out the testing."/><min value="0"/><max value="1"/><base><path value="shr-core-MedicationRequest-model.expectedPerformerType"/><min value="0"/><max value="1"/></base><type><code value="Coding"/></type><mustSupport value="false"/><isModifier value="false"/><isSummary value="false"/></element><element id="shr-core-MedicationRequest-model.expectedPerformer[x]"><path value="shr-core-MedicationRequest-model.expectedPerformer[x]"/><short value="Who this request is being addressed to."/><definition value="Who this request is being addressed to."/><min value="0"/><max value="1"/><base><path value="shr-core-MedicationRequest-model.expectedPerformer[x]"/><min value="0"/><max value="1"/></base><type><code value="Reference"/><targetProfile value="http://hl7.org/fhir/us/shr/StructureDefinition/shr-core-Patient-model"/></type><type><code value="Reference"/><targetProfile value="http://hl7.org/fhir/us/shr/StructureDefinition/shr-core-Practitioner-model"/></type><type><code value="Reference"/><targetProfile value="http://hl7.org/fhir/us/shr/StructureDefinition/shr-core-RelatedPerson-model"/></type><type><code value="Reference"/><targetProfile value="http://hl7.org/fhir/us/shr/StructureDefinition/shr-core-Organization-model"/></type><type><code value="Reference"/><targetProfile value="http://hl7.org/fhir/us/shr/StructureDefinition/shr-core-Device-model"/></type><mustSupport value="false"/><isModifier value="false"/><isSummary value="false"/></element><element id="shr-core-MedicationRequest-model.priorityCode[x]"><path value="shr-core-MedicationRequest-model.priorityCode[x]"/><slicing><discriminator><type value="type"/><path value="$this"/></discriminator><ordered value="false"/><rules value="open"/></slicing><short value="An indication of the importance of an action relative to other actions."/><definition value="An indication of the importance of an action relative to other actions."/><min value="0"/><max value="1"/><base><path value="shr-core-MedicationRequest-model.priorityCode[x]"/><min value="0"/><max value="1"/></base><type><code value="positiveInt"/></type><type><code value="Coding"/></type><mustSupport value="false"/><isModifier value="false"/><isSummary value="false"/></element><element id="shr-core-MedicationRequest-model.priorityCodeCoding:codeableConcept"><path value="shr-core-MedicationRequest-model.priorityCodeCoding"/><sliceName value="codeableConcept"/><short value="PositiveInt or code representing an indication of the importance of an action relative to other actions."/><definition value="PositiveInt or code representing an indication of the importance of an action relative to other actions."/><min value="1"/><max value="1"/><base><path value="shr-core-MedicationRequest-model.priorityCodeCoding"/><min value="1"/><max value="1"/></base><type><code value="Coding"/></type><mustSupport value="false"/><isModifier value="false"/><isSummary value="false"/><binding><strength value="required"/><valueSetReference><reference value="http://hl7.org/fhir/ValueSet/medication-request-priority"/></valueSetReference></binding></element><element id="shr-core-MedicationRequest-model.annotation"><path value="shr-core-MedicationRequest-model.annotation"/><short value="An added or follow-up note, often after the fact, that contains metadata about who made the statement and when."/><definition value="An added or follow-up note, often after the fact, that contains metadata about who made the statement and when."/><min value="0"/><max value="1"/><base><path value="shr-core-MedicationRequest-model.annotation"/><min value="0"/><max value="1"/></base><type><code value="http://hl7.org/fhir/us/shr/StructureDefinition/shr-core-Annotation-model"/></type><mustSupport value="false"/><isModifier value="false"/><isSummary value="false"/></element><element id="shr-core-MedicationRequest-model.doNotPerform"><path value="shr-core-MedicationRequest-model.doNotPerform"/><short value="A flag, when set to true, indicates that the service/procedure should NOT be performed."/><definition value="A flag, when set to true, indicates that the service/procedure should NOT be performed."/><min value="0"/><max value="1"/><base><path value="shr-core-MedicationRequest-model.doNotPerform"/><min value="0"/><max value="1"/></base><type><code value="boolean"/></type><mustSupport value="false"/><isModifier value="false"/><isSummary value="false"/></element><element id="shr-core-MedicationRequest-model.reported"><path value="shr-core-MedicationRequest-model.reported"/><short value="Indicates if this record was captured as a secondary &#39;reported&#39; record rather than as an original primary source-of-truth record. It may also indicate the source of the report."/><definition value="Indicates if this record was captured as a secondary &#39;reported&#39; record rather than as an original primary source-of-truth record. It may also indicate the source of the report."/><min value="0"/><max value="1"/><base><path value="shr-core-MedicationRequest-model.reported"/><min value="0"/><max value="1"/></base><type><code value="BackboneElement"/></type><mustSupport value="false"/><isModifier value="false"/><isSummary value="false"/></element><element id="shr-core-MedicationRequest-model.reported.value[x]"><path value="shr-core-MedicationRequest-model.reported.value[x]"/><slicing><discriminator><type value="type"/><path value="$this"/></discriminator><ordered value="false"/><rules value="open"/></slicing><short value="Boolean or InformationSource representing indicates if this record was captured as a secondary &#39;reported&#39; record rather than as an original primary source-of-truth record. It may also indicate the source of the report."/><definition value="Boolean or InformationSource representing indicates if this record was captured as a secondary &#39;reported&#39; record rather than as an original primary source-of-truth record. It may also indicate the source of the report."/><min value="1"/><max value="1"/><base><path value="shr-core-MedicationRequest-model.reported.value[x]"/><min value="1"/><max value="1"/></base><type><code value="boolean"/></type><type><code value="Reference"/><targetProfile value="http://hl7.org/fhir/us/shr/StructureDefinition/shr-core-InformationSource-model"/></type><mustSupport value="false"/><isModifier value="false"/><isSummary value="false"/></element><element id="shr-core-MedicationRequest-model.reported.medicationInformationSource:informationSource"><path value="shr-core-MedicationRequest-model.reported.medicationInformationSource"/><sliceName value="informationSource"/><short value="The informant for this medication statement."/><definition value="The informant for this medication statement."/><min value="1"/><max value="1"/><base><path value="shr-core-MedicationRequest-model.reported.medicationInformationSource"/><min value="1"/><max value="1"/></base><type><code value="Reference"/><targetProfile value="http://hl7.org/fhir/us/shr/StructureDefinition/shr-core-MedicationInformationSource-model"/></type><mustSupport value="false"/><isModifier value="false"/><isSummary value="false"/></element><element id="shr-core-MedicationRequest-model.medicationCodeOrReference[x]"><path value="shr-core-MedicationRequest-model.medicationCodeOrReference[x]"/><slicing><discriminator><type value="type"/><path value="$this"/></discriminator><ordered value="false"/><rules value="open"/></slicing><short value="A choice of a medication code or reference."/><definition value="A choice of a medication code or reference."/><min value="1"/><max value="1"/><base><path value="shr-core-MedicationRequest-model.medicationCodeOrReference[x]"/><min value="1"/><max value="1"/></base><type><code value="Coding"/></type><type><code value="Reference"/><targetProfile value="http://hl7.org/fhir/us/shr/StructureDefinition/shr-core-Medication-model"/></type><mustSupport value="false"/><isModifier value="false"/><isSummary value="false"/></element><element id="shr-core-MedicationRequest-model.medicationCodeOrReferenceCoding:CodeableConcept"><path value="shr-core-MedicationRequest-model.medicationCodeOrReferenceCoding"/><sliceName value="CodeableConcept"/><short value="A set of codes drawn from different coding systems, representing the same concept."/><definition value="A set of codes drawn from different coding systems, representing the same concept."/><min value="1"/><max value="1"/><base><path value="shr-core-MedicationRequest-model.medicationCodeOrReference[x]"/><min value="1"/><max value="1"/></base><type><code value="Coding"/></type><mustSupport value="false"/><isModifier value="false"/><isSummary value="false"/><binding><strength value="extensible"/><valueSetReference><reference value="http://h7.org/fhir/us/core/ValueSet/us-core-medication-codes"/></valueSetReference></binding></element><element id="shr-core-MedicationRequest-model.supportingInformation"><path value="shr-core-MedicationRequest-model.supportingInformation"/><short value="Additional information to support this request."/><definition value="Additional information to support this request."/><min value="0"/><max value="*"/><base><path value="shr-core-MedicationRequest-model.supportingInformation"/><min value="0"/><max value="*"/></base><type><code value="Reference"/><targetProfile value="http://hl7.org/fhir/us/shr/StructureDefinition/shr-core-DomainResource-model"/></type><mustSupport value="false"/><isModifier value="false"/><isSummary value="false"/></element><element id="shr-core-MedicationRequest-model.author"><path value="shr-core-MedicationRequest-model.author"/><code><system value="http://ncimeta.nci.nih.gov"/><code value="C2220264"/></code><short value="The actor who created the item and it responsible for the content (regardless of the information source or who recorded it). If only the author is given, it is assumed the author is the information source and the recorder."/><definition value="The actor who created the item and it responsible for the content (regardless of the information source or who recorded it). If only the author is given, it is assumed the author is the information source and the recorder."/><min value="0"/><max value="1"/><base><path value="shr-core-MedicationRequest-model.author"/><min value="0"/><max value="1"/></base><type><code value="Reference"/><targetProfile value="http://hl7.org/fhir/us/shr/StructureDefinition/shr-core-Practitioner-model"/></type><mustSupport value="false"/><isModifier value="false"/><isSummary value="false"/></element><element id="shr-core-MedicationRequest-model.groupIdentifier"><path value="shr-core-MedicationRequest-model.groupIdentifier"/><short value="A shared identifier common to all service requests that were authorized more or less simultaneously by a single author, representing the composite or group identifier."/><definition value="A shared identifier common to all service requests that were authorized more or less simultaneously by a single author, representing the composite or group identifier."/><min value="0"/><max value="1"/><base><path value="shr-core-MedicationRequest-model.groupIdentifier"/><min value="0"/><max value="1"/></base><type><code value="http://hl7.org/fhir/us/shr/StructureDefinition/shr-core-Identifier-model"/></type><mustSupport value="false"/><isModifier value="false"/><isSummary value="false"/></element><element id="shr-core-MedicationRequest-model.courseOfTherapyType"><path value="shr-core-MedicationRequest-model.courseOfTherapyType"/><short value="The description of the overall pattern of the administration of the medication to the patient."/><definition value="The description of the overall pattern of the administration of the medication to the patient."/><min value="0"/><max value="1"/><base><path value="shr-core-MedicationRequest-model.courseOfTherapyType"/><min value="0"/><max value="1"/></base><type><code value="Coding"/></type><mustSupport value="false"/><isModifier value="false"/><isSummary value="false"/></element><element id="shr-core-MedicationRequest-model.insurance"><path value="shr-core-MedicationRequest-model.insurance"/><code><system value="http://ncimeta.nci.nih.gov"/><code value="C0021682"/><display value="HealthInsurance"/></code><short value="Insurance plans, coverage extensions, pre-authorizations and/or pre-determinations that may be needed for delivering the requested service."/><definition value="Insurance plans, coverage extensions, pre-authorizations and/or pre-determinations that may be needed for delivering the requested service."/><min value="0"/><max value="*"/><base><path value="shr-core-MedicationRequest-model.insurance"/><min value="0"/><max value="*"/></base><type><code value="Reference"/><targetProfile value="http://hl7.org/fhir/us/shr/StructureDefinition/shr-core-Coverage-model"/></type><mustSupport value="false"/><isModifier value="false"/><isSummary value="false"/></element><element id="shr-core-MedicationRequest-model.dosage"><path value="shr-core-MedicationRequest-model.dosage"/><short value="The dosage of the medication. The data structure is flexible and can describe a dosage prescribed, administered, or reported."/><definition value="The dosage of the medication. The data structure is flexible and can describe a dosage prescribed, administered, or reported."/><min value="0"/><max value="*"/><base><path value="shr-core-MedicationRequest-model.dosage"/><min value="0"/><max value="*"/></base><type><code value="http://hl7.org/fhir/us/shr/StructureDefinition/shr-core-Dosage-model"/></type><mustSupport value="false"/><isModifier value="false"/><isSummary value="false"/></element><element id="shr-core-MedicationRequest-model.dispenseRequest"><path value="shr-core-MedicationRequest-model.dispenseRequest"/><short value="Indicates the specific details for the dispense or medication supply part of a medication request (also known as a Medication Prescription or Medication Order). Note that this information is not always sent with the order. There may be in some settings (e.g. hospitals) institutional or system support for completing the dispense details in the pharmacy department."/><definition value="Indicates the specific details for the dispense or medication supply part of a medication request (also known as a Medication Prescription or Medication Order). Note that this information is not always sent with the order. There may be in some settings (e.g. hospitals) institutional or system support for completing the dispense details in the pharmacy department."/><min value="0"/><max value="1"/><base><path value="shr-core-MedicationRequest-model.dispenseRequest"/><min value="0"/><max value="1"/></base><type><code value="http://hl7.org/fhir/us/shr/StructureDefinition/shr-core-DispenseRequest-model"/></type><mustSupport value="false"/><isModifier value="false"/><isSummary value="false"/></element><element id="shr-core-MedicationRequest-model.substitution"><path value="shr-core-MedicationRequest-model.substitution"/><short value="Indicates whether or not substitution can or should be part of the dispense. In some cases, substitution must happen, in other cases substitution must not happen. This block explains the prescriber&#39;s intent. If nothing is specified substitution may be done."/><definition value="Indicates whether or not substitution can or should be part of the dispense. In some cases, substitution must happen, in other cases substitution must not happen. This block explains the prescriber&#39;s intent. If nothing is specified substitution may be done."/><min value="0"/><max value="1"/><base><path value="shr-core-MedicationRequest-model.substitution"/><min value="0"/><max value="1"/></base><type><code value="http://hl7.org/fhir/us/shr/StructureDefinition/shr-core-Substitution-model"/></type><mustSupport value="false"/><isModifier value="false"/><isSummary value="false"/></element><element id="shr-core-MedicationRequest-model.replaces"><path value="shr-core-MedicationRequest-model.replaces"/><short value="Request(s) replaced by this request"/><definition value="Request(s) replaced by this request"/><min value="0"/><max value="1"/><base><path value="shr-core-MedicationRequest-model.replaces"/><min value="0"/><max value="1"/></base><type><code value="Reference"/><targetProfile value="http://hl7.org/fhir/us/shr/StructureDefinition/shr-core-MedicationRequest-model"/></type><mustSupport value="false"/><isModifier value="false"/><isSummary value="false"/></element></snapshot><differential><element id="shr-core-MedicationRequest-model"><path value="shr-core-MedicationRequest-model"/><definition value="An order for a medication to be dispensed and instructions for use.&#xA;Value sets for status are in direct conflict between DSTU2 Argonaut and STU3 US-Core.&#xA;Category does not exist in DSTU2 and is provided as an extension.&#xA;Intent was added in STU3 and is provided as an extension with required binding."/><min value="0"/><max value="*"/><base><path value="shr-core-MedicationRequest-model"/><min value="0"/><max value="*"/></base><mustSupport value="false"/><isModifier value="false"/><isSummary value="false"/></element><element id="shr-core-MedicationRequest-model.metadata"><path value="shr-core-MedicationRequest-model.metadata"/><short value="Elements that belong to all information items."/><definition value="Elements that belong to all information items."/><min value="0"/><max value="1"/><base><path value="shr-core-MedicationRequest-model.metadata"/><min value="0"/><max value="1"/></base><type><code value="http://hl7.org/fhir/us/shr/StructureDefinition/shr-core-Metadata-model"/></type><mustSupport value="false"/><isModifier value="false"/><isSummary value="false"/></element><element id="shr-core-MedicationRequest-model.language"><path value="shr-core-MedicationRequest-model.language"/><short value="A human language, spoken or written."/><definition value="A human language, spoken or written."/><min value="0"/><max value="1"/><base><path value="shr-core-MedicationRequest-model.language"/><min value="0"/><max value="1"/></base><type><code value="Coding"/></type><mustSupport value="false"/><isModifier value="false"/><isSummary value="false"/></element><element id="shr-core-MedicationRequest-model.implicitRules"><path value="shr-core-MedicationRequest-model.implicitRules"/><short value="A set of rules under which this content was created"/><definition value="A set of rules under which this content was created"/><min value="0"/><max value="1"/><base><path value="shr-core-MedicationRequest-model.implicitRules"/><min value="0"/><max value="1"/></base><type><code value="uri"/></type><mustSupport value="false"/><isModifier value="false"/><isSummary value="false"/></element><element id="shr-core-MedicationRequest-model.narrative"><path value="shr-core-MedicationRequest-model.narrative"/><short value="A human-readable narrative, potentially including images, that contains a summary of the resource, and may be used to represent the content of the resource to a human."/><definition value="A human-readable narrative, potentially including images, that contains a summary of the resource, and may be used to represent the content of the resource to a human."/><min value="0"/><max value="1"/><base><path value="shr-core-MedicationRequest-model.narrative"/><min value="0"/><max value="1"/></base><type><code value="http://hl7.org/fhir/us/shr/StructureDefinition/shr-core-Narrative-model"/></type><mustSupport value="false"/><isModifier value="false"/><isSummary value="false"/></element><element id="shr-core-MedicationRequest-model.status"><path value="shr-core-MedicationRequest-model.status"/><short value="A state that relates to the workflow or interpretation of this resource. Certain status values can modify the meaning of the resource, for example, entered-in-error. When a boolean value is used, Status of true indicates the record is active, false means inactive."/><definition value="A state that relates to the workflow or interpretation of this resource. Certain status values can modify the meaning of the resource, for example, entered-in-error. When a boolean value is used, Status of true indicates the record is active, false means inactive."/><min value="1"/><max value="1"/><base><path value="shr-core-MedicationRequest-model.status"/><min value="1"/><max value="1"/></base><type><code value="Coding"/></type><mustSupport value="false"/><isModifier value="false"/><isSummary value="false"/></element><element id="shr-core-MedicationRequest-model.statusReason"><path value="shr-core-MedicationRequest-model.statusReason"/><short value="Captures the reason for the current state of the procedure."/><definition value="Captures the reason for the current state of the procedure."/><min value="0"/><max value="1"/><base><path value="shr-core-MedicationRequest-model.statusReason"/><min value="0"/><max value="1"/></base><type><code value="Coding"/></type><mustSupport value="false"/><isModifier value="false"/><isSummary value="false"/></element><element id="shr-core-MedicationRequest-model.identifier"><path value="shr-core-MedicationRequest-model.identifier"/><short value="Business identifier or external id for this resource."/><definition value="Business identifier or external id for this resource."/><min value="0"/><max value="*"/><base><path value="shr-core-MedicationRequest-model.identifier"/><min value="0"/><max value="*"/></base><type><code value="http://hl7.org/fhir/us/shr/StructureDefinition/shr-core-Identifier-model"/></type><mustSupport value="false"/><isModifier value="false"/><isSummary value="false"/></element><element id="shr-core-MedicationRequest-model.subjectOfRecord"><path value="shr-core-MedicationRequest-model.subjectOfRecord"/><code><system value="http://ncimeta.nci.nih.gov"/><code value="C1299487"/></code><short value="The subject of a clinical statement, often called the Patient or the Subject. The SubjectOfRecord typically identifies the clinical record in which this statement is contained. If the statement should be in John Doe&#39;s patient record, then John Doe is the subject of record. When there is no patient, the SubjectOfRecord can also be a location, group, or other entity that statement pertains to. For example, observations concerning a hospital ward would have a Location as the SubjectOfRecord."/><definition value="The subject of a clinical statement, often called the Patient or the Subject. The SubjectOfRecord typically identifies the clinical record in which this statement is contained. If the statement should be in John Doe&#39;s patient record, then John Doe is the subject of record. When there is no patient, the SubjectOfRecord can also be a location, group, or other entity that statement pertains to. For example, observations concerning a hospital ward would have a Location as the SubjectOfRecord.&#xA;&#xA;Note that the word &#39;Subject&#39; is used here in the sense of a person or entity subjected to observations or actions, not subject as in a conceptual topic, like heart disease."/><min value="1"/><max value="1"/><base><path value="shr-core-MedicationRequest-model.subjectOfRecord"/><min value="1"/><max value="1"/></base><type><code value="Reference"/><targetProfile value="http://hl7.org/fhir/us/shr/StructureDefinition/shr-core-Patient-model"/></type><mustSupport value="false"/><isModifier value="false"/><isSummary value="false"/></element><element id="shr-core-MedicationRequest-model.careContext"><path value="shr-core-MedicationRequest-model.careContext"/><short value="The encounter or episode of care"/><definition value="The encounter or episode of care"/><min value="0"/><max value="1"/><base><path value="shr-core-MedicationRequest-model.careContext"/><min value="0"/><max value="1"/></base><type><code value="Reference"/><targetProfile value="http://hl7.org/fhir/us/shr/StructureDefinition/shr-core-Encounter-model"/></type><mustSupport value="false"/><isModifier value="false"/><isSummary value="false"/></element><element id="shr-core-MedicationRequest-model.statementDateTime"><path value="shr-core-MedicationRequest-model.statementDateTime"/><code><system value="http://ncimeta.nci.nih.gov"/><code value="C3669169"/></code><short value="The point in time when the statement was created."/><definition value="The point in time when the statement was created."/><min value="1"/><max value="1"/><base><path value="shr-core-MedicationRequest-model.statementDateTime"/><min value="1"/><max value="1"/></base><type><code value="dateTime"/></type><mustSupport value="false"/><isModifier value="false"/><isSummary value="false"/></element><element id="shr-core-MedicationRequest-model.reasonCode"><path value="shr-core-MedicationRequest-model.reasonCode"/><code><system value="http://ncimeta.nci.nih.gov"/><code value="C0566251"/></code><short value="The explanation or justification for the current item or action, as a code."/><definition value="The explanation or justification for the current item or action, as a code.&#xA;Reason is a string or CodeableConcept in DSTU2 but in later versions only a CodeableConcept."/><min value="0"/><max value="1"/><base><path value="shr-core-MedicationRequest-model.reasonCode"/><min value="0"/><max value="1"/></base><type><code value="Coding"/></type><mustSupport value="false"/><isModifier value="false"/><isSummary value="false"/><binding><strength value="example"/><valueSetReference><reference value="http://hl7.org/fhir/ValueSet/condition-code"/></valueSetReference></binding></element><element id="shr-core-MedicationRequest-model.medicationReasonReference[x]"><path value="shr-core-MedicationRequest-model.medicationReasonReference[x]"/><slicing><discriminator><type value="type"/><path value="$this"/></discriminator><ordered value="false"/><rules value="open"/></slicing><short value="Condition or observation that supports why the medication is being/was taken"/><definition value="Condition or observation that supports why the medication is being/was taken"/><min value="0"/><max value="1"/><base><path value="shr-core-MedicationRequest-model.medicationReasonReference[x]"/><min value="0"/><max value="1"/></base><type><code value="Reference"/><targetProfile value="http://hl7.org/fhir/us/shr/StructureDefinition/shr-core-Condition-model"/></type><type><code value="Reference"/><targetProfile value="http://hl7.org/fhir/us/shr/StructureDefinition/shr-core-Observation-model"/></type><type><code value="Reference"/><targetProfile value="http://hl7.org/fhir/us/shr/StructureDefinition/shr-core-DiagnosticReport-model"/></type><mustSupport value="false"/><isModifier value="false"/><isSummary value="false"/></element><element id="shr-core-MedicationRequest-model.medicationReasonReferenceShr-core-Condition-model:Condition"><path value="shr-core-MedicationRequest-model.medicationReasonReferenceShr-core-Condition-model"/><sliceName value="Condition"/><short value="A condition that is or may be present in a subject. &#39;Condition&#39; is interpreted broadly and could be a disorder, abnormality, problem, injury, complaint, functionality, illness, disease, ailment, sickness, affliction, upset, difficulty, disorder, symptom, worry, or trouble."/><definition value="A condition that is or may be present in a subject. &#39;Condition&#39; is interpreted broadly and could be a disorder, abnormality, problem, injury, complaint, functionality, illness, disease, ailment, sickness, affliction, upset, difficulty, disorder, symptom, worry, or trouble.&#xA;The Observation-based class, ConditionAbsent, should be used to describe conditions that are not present or negative findings.&#xA;SHR Condition uses the SHR BodyLocation structure that includes not only a code, but optional laterality, direction, clock direction, and distance. If included, the distance is measured from the location specified by the code, laterality, and direction."/><min value="1"/><max value="1"/><base><path value="shr-core-MedicationRequest-model.medicationReasonReference[x]"/><min value="0"/><max value="1"/></base><type><code value="Reference"/><targetProfile value="http://hl7.org/fhir/us/shr/StructureDefinition/shr-core-Condition-model"/></type><mustSupport value="false"/><isModifier value="false"/><isSummary value="false"/></element><element id="shr-core-MedicationRequest-model.medicationReasonReferenceShr-core-Observation-model:Observation"><path value="shr-core-MedicationRequest-model.medicationReasonReferenceShr-core-Observation-model"/><sliceName value="Observation"/><short value="Represents the result of evaluations (measurements, tests, or questions) that have been performed."/><definition value="Represents the result of evaluations (measurements, tests, or questions) that have been performed.&#xA;Observation has a value representing the result (answer), or an DataAbsentReason indicating why the value is not present. Things observed about the subject can include social and behavioral factors, subjective and objective observations, and assessments.&#xA;For an Observation, the Code describes the aspect or property of the subject being observed or measured. The Code is the &#39;question code&#39; that pairs to the &#39;answer&#39; contained in the Value."/><min value="1"/><max value="1"/><base><path value="shr-core-MedicationRequest-model.medicationReasonReference[x]"/><min value="0"/><max value="1"/></base><type><code value="Reference"/><targetProfile value="http://hl7.org/fhir/us/shr/StructureDefinition/shr-core-Observation-model"/></type><mustSupport value="false"/><isModifier value="false"/><isSummary value="false"/></element><element id="shr-core-MedicationRequest-model.medicationReasonReferenceShr-core-DiagnosticReport-model:DiagnosticReport"><path value="shr-core-MedicationRequest-model.medicationReasonReferenceShr-core-DiagnosticReport-model"/><sliceName value="DiagnosticReport"/><short value="DiagnosticReport"/><definition value="DiagnosticReport"/><min value="1"/><max value="1"/><base><path value="shr-core-MedicationRequest-model.medicationReasonReference[x]"/><min value="0"/><max value="1"/></base><type><code value="Reference"/><targetProfile value="http://hl7.org/fhir/us/shr/StructureDefinition/shr-core-DiagnosticReport-model"/></type><mustSupport value="false"/><isModifier value="false"/><isSummary value="false"/></element><element id="shr-core-MedicationRequest-model.medicationBasedOn[x]"><path value="shr-core-MedicationRequest-model.medicationBasedOn[x]"/><slicing><discriminator><type value="type"/><path value="$this"/></discriminator><ordered value="false"/><rules value="open"/></slicing><short value="MedicationBasedOn"/><definition value="MedicationBasedOn"/><min value="0"/><max value="*"/><base><path value="shr-core-MedicationRequest-model.medicationBasedOn[x]"/><min value="0"/><max value="*"/></base><type><code value="Reference"/><targetProfile value="http://hl7.org/fhir/us/shr/StructureDefinition/shr-core-ServiceRequest-model"/></type><type><code value="Reference"/><targetProfile value="http://hl7.org/fhir/us/shr/StructureDefinition/shr-core-MedicationRequest-model"/></type><type><code value="Reference"/><targetProfile value="http://hl7.org/fhir/us/shr/StructureDefinition/shr-core-ReferralRequest-model"/></type><type><code value="Reference"/><targetProfile value="http://hl7.org/fhir/us/shr/StructureDefinition/shr-core-ProcedureRequest-model"/></type><mustSupport value="false"/><isModifier value="false"/><isSummary value="false"/></element><element id="shr-core-MedicationRequest-model.medicationBasedOnShr-core-ServiceRequest-model:ServiceRequest"><path value="shr-core-MedicationRequest-model.medicationBasedOnShr-core-ServiceRequest-model"/><sliceName value="ServiceRequest"/><short value="A record of a request for service such as diagnostic investigations, treatments, or operations to be performed."/><definition value="A record of a request for service such as diagnostic investigations, treatments, or operations to be performed."/><min value="1"/><max value="1"/><base><path value="shr-core-MedicationRequest-model.medicationBasedOn[x]"/><min value="0"/><max value="*"/></base><type><code value="Reference"/><targetProfile value="http://hl7.org/fhir/us/shr/StructureDefinition/shr-core-ServiceRequest-model"/></type><mustSupport value="false"/><isModifier value="false"/><isSummary value="false"/></element><element id="shr-core-MedicationRequest-model.medicationBasedOnShr-core-MedicationRequest-model:MedicationRequest"><path value="shr-core-MedicationRequest-model.medicationBasedOnShr-core-MedicationRequest-model"/><sliceName value="MedicationRequest"/><short value="An order for a medication to be dispensed and instructions for use."/><definition value="An order for a medication to be dispensed and instructions for use.&#xA;Value sets for status are in direct conflict between DSTU2 Argonaut and STU3 US-Core.&#xA;Category does not exist in DSTU2 and is provided as an extension.&#xA;Intent was added in STU3 and is provided as an extension with required binding."/><min value="1"/><max value="1"/><base><path value="shr-core-MedicationRequest-model.medicationBasedOn[x]"/><min value="0"/><max value="*"/></base><type><code value="Reference"/><targetProfile value="http://hl7.org/fhir/us/shr/StructureDefinition/shr-core-MedicationRequest-model"/></type><mustSupport value="false"/><isModifier value="false"/><isSummary value="false"/></element><element id="shr-core-MedicationRequest-model.medicationBasedOnShr-core-ReferralRequest-model:ReferralRequest"><path value="shr-core-MedicationRequest-model.medicationBasedOnShr-core-ReferralRequest-model"/><sliceName value="ReferralRequest"/><short value="Used to record and send details about a request for referral service or transfer of a patient to the care of another provider or provider organization."/><definition value="Used to record and send details about a request for referral service or transfer of a patient to the care of another provider or provider organization."/><min value="1"/><max value="1"/><base><path value="shr-core-MedicationRequest-model.medicationBasedOn[x]"/><min value="0"/><max value="*"/></base><type><code value="Reference"/><targetProfile value="http://hl7.org/fhir/us/shr/StructureDefinition/shr-core-ReferralRequest-model"/></type><mustSupport value="false"/><isModifier value="false"/><isSummary value="false"/></element><element id="shr-core-MedicationRequest-model.medicationBasedOnShr-core-ProcedureRequest-model:ProcedureRequest"><path value="shr-core-MedicationRequest-model.medicationBasedOnShr-core-ProcedureRequest-model"/><sliceName value="ProcedureRequest"/><short value="A request for a procedure to be performed. May be a proposal or an order."/><definition value="A request for a procedure to be performed. May be a proposal or an order."/><min value="1"/><max value="1"/><base><path value="shr-core-MedicationRequest-model.medicationBasedOn[x]"/><min value="0"/><max value="*"/></base><type><code value="Reference"/><targetProfile value="http://hl7.org/fhir/us/shr/StructureDefinition/shr-core-ProcedureRequest-model"/></type><mustSupport value="false"/><isModifier value="false"/><isSummary value="false"/></element><element id="shr-core-MedicationRequest-model.code"><path value="shr-core-MedicationRequest-model.code"/><short value="The main type identifier for a lab, procedure, condition, etc., usually drawn from a controlled vocabulary."/><definition value="The main type identifier for a lab, procedure, condition, etc., usually drawn from a controlled vocabulary."/><min value="0"/><max value="1"/><base><path value="shr-core-MedicationRequest-model.code"/><min value="0"/><max value="1"/></base><type><code value="Coding"/></type><mustSupport value="false"/><isModifier value="false"/><isSummary value="false"/></element><element id="shr-core-MedicationRequest-model.category"><path value="shr-core-MedicationRequest-model.category"/><short value="The general type or class of this item."/><definition value="The general type or class of this item."/><min value="0"/><max value="1"/><base><path value="shr-core-MedicationRequest-model.category"/><min value="0"/><max value="1"/></base><type><code value="Coding"/></type><mustSupport value="false"/><isModifier value="false"/><isSummary value="false"/><binding><strength value="preferred"/><valueSetReference><reference value="http://hl7.org/fhir/ValueSet/medication-admin-category"/></valueSetReference></binding></element><element id="shr-core-MedicationRequest-model.requester[x]"><path value="shr-core-MedicationRequest-model.requester[x]"/><short value="The person or organization originating this referral"/><definition value="The person or organization originating this referral"/><min value="1"/><max value="1"/><base><path value="shr-core-MedicationRequest-model.requester[x]"/><min value="1"/><max value="1"/></base><type><code value="Reference"/><targetProfile value="http://hl7.org/fhir/us/shr/StructureDefinition/shr-core-Practitioner-model"/></type><type><code value="Reference"/><targetProfile value="http://hl7.org/fhir/us/shr/StructureDefinition/shr-core-Organization-model"/></type><type><code value="Reference"/><targetProfile value="http://hl7.org/fhir/us/shr/StructureDefinition/shr-core-Patient-model"/></type><type><code value="Reference"/><targetProfile value="http://hl7.org/fhir/us/shr/StructureDefinition/shr-core-RelatedPerson-model"/></type><type><code value="Reference"/><targetProfile value="http://hl7.org/fhir/us/shr/StructureDefinition/shr-core-Device-model"/></type><mustSupport value="false"/><isModifier value="false"/><isSummary value="false"/></element><element id="shr-core-MedicationRequest-model.requestIntent"><path value="shr-core-MedicationRequest-model.requestIntent"/><short value="Indicates the level of authority/intentionality associated with the request and where the request fits into the workflow chain."/><definition value="Indicates the level of authority/intentionality associated with the request and where the request fits into the workflow chain."/><min value="1"/><max value="1"/><base><path value="shr-core-MedicationRequest-model.requestIntent"/><min value="1"/><max value="1"/></base><type><code value="Coding"/></type><mustSupport value="false"/><isModifier value="false"/><isSummary value="false"/><binding><strength value="required"/><valueSetReference><reference value="http://hl7.org/fhir/ValueSet/medication-request-intent"/></valueSetReference></binding></element><element id="shr-core-MedicationRequest-model.expectedPerformanceTime[x]"><path value="shr-core-MedicationRequest-model.expectedPerformanceTime[x]"/><short value="When an action should be done. If the action is a series or recurs (e.g. daily blood sugar testing in the morning) then a Timing can be used to describe the periodicity."/><definition value="When an action should be done. If the action is a series or recurs (e.g. daily blood sugar testing in the morning) then a Timing can be used to describe the periodicity."/><min value="0"/><max value="1"/><base><path value="shr-core-MedicationRequest-model.expectedPerformanceTime[x]"/><min value="0"/><max value="1"/></base><type><code value="dateTime"/></type><type><code value="http://hl7.org/fhir/us/shr/StructureDefinition/shr-core-TimePeriod-model"/></type><type><code value="http://hl7.org/fhir/us/shr/StructureDefinition/shr-core-Timing-model"/></type><mustSupport value="false"/><isModifier value="false"/><isSummary value="false"/></element><element id="shr-core-MedicationRequest-model.expectedPerformerType"><path value="shr-core-MedicationRequest-model.expectedPerformerType"/><short value="What type of party should carry out the testing."/><definition value="What type of party should carry out the testing."/><min value="0"/><max value="1"/><base><path value="shr-core-MedicationRequest-model.expectedPerformerType"/><min value="0"/><max value="1"/></base><type><code value="Coding"/></type><mustSupport value="false"/><isModifier value="false"/><isSummary value="false"/></element><element id="shr-core-MedicationRequest-model.expectedPerformer[x]"><path value="shr-core-MedicationRequest-model.expectedPerformer[x]"/><short value="Who this request is being addressed to."/><definition value="Who this request is being addressed to."/><min value="0"/><max value="1"/><base><path value="shr-core-MedicationRequest-model.expectedPerformer[x]"/><min value="0"/><max value="1"/></base><type><code value="Reference"/><targetProfile value="http://hl7.org/fhir/us/shr/StructureDefinition/shr-core-Patient-model"/></type><type><code value="Reference"/><targetProfile value="http://hl7.org/fhir/us/shr/StructureDefinition/shr-core-Practitioner-model"/></type><type><code value="Reference"/><targetProfile value="http://hl7.org/fhir/us/shr/StructureDefinition/shr-core-RelatedPerson-model"/></type><type><code value="Reference"/><targetProfile value="http://hl7.org/fhir/us/shr/StructureDefinition/shr-core-Organization-model"/></type><type><code value="Reference"/><targetProfile value="http://hl7.org/fhir/us/shr/StructureDefinition/shr-core-Device-model"/></type><mustSupport value="false"/><isModifier value="false"/><isSummary value="false"/></element><element id="shr-core-MedicationRequest-model.priorityCode[x]"><path value="shr-core-MedicationRequest-model.priorityCode[x]"/><slicing><discriminator><type value="type"/><path value="$this"/></discriminator><ordered value="false"/><rules value="open"/></slicing><short value="An indication of the importance of an action relative to other actions."/><definition value="An indication of the importance of an action relative to other actions."/><min value="0"/><max value="1"/><base><path value="shr-core-MedicationRequest-model.priorityCode[x]"/><min value="0"/><max value="1"/></base><type><code value="positiveInt"/></type><type><code value="Coding"/></type><mustSupport value="false"/><isModifier value="false"/><isSummary value="false"/></element><element id="shr-core-MedicationRequest-model.priorityCodeCoding:codeableConcept"><path value="shr-core-MedicationRequest-model.priorityCodeCoding"/><sliceName value="codeableConcept"/><short value="PositiveInt or code representing an indication of the importance of an action relative to other actions."/><definition value="PositiveInt or code representing an indication of the importance of an action relative to other actions."/><min value="1"/><max value="1"/><base><path value="shr-core-MedicationRequest-model.priorityCodeCoding"/><min value="1"/><max value="1"/></base><type><code value="Coding"/></type><mustSupport value="false"/><isModifier value="false"/><isSummary value="false"/><binding><strength value="required"/><valueSetReference><reference value="http://hl7.org/fhir/ValueSet/medication-request-priority"/></valueSetReference></binding></element><element id="shr-core-MedicationRequest-model.annotation"><path value="shr-core-MedicationRequest-model.annotation"/><short value="An added or follow-up note, often after the fact, that contains metadata about who made the statement and when."/><definition value="An added or follow-up note, often after the fact, that contains metadata about who made the statement and when."/><min value="0"/><max value="1"/><base><path value="shr-core-MedicationRequest-model.annotation"/><min value="0"/><max value="1"/></base><type><code value="http://hl7.org/fhir/us/shr/StructureDefinition/shr-core-Annotation-model"/></type><mustSupport value="false"/><isModifier value="false"/><isSummary value="false"/></element><element id="shr-core-MedicationRequest-model.doNotPerform"><path value="shr-core-MedicationRequest-model.doNotPerform"/><short value="A flag, when set to true, indicates that the service/procedure should NOT be performed."/><definition value="A flag, when set to true, indicates that the service/procedure should NOT be performed."/><min value="0"/><max value="1"/><base><path value="shr-core-MedicationRequest-model.doNotPerform"/><min value="0"/><max value="1"/></base><type><code value="boolean"/></type><mustSupport value="false"/><isModifier value="false"/><isSummary value="false"/></element><element id="shr-core-MedicationRequest-model.reported"><path value="shr-core-MedicationRequest-model.reported"/><short value="Indicates if this record was captured as a secondary &#39;reported&#39; record rather than as an original primary source-of-truth record. It may also indicate the source of the report."/><definition value="Indicates if this record was captured as a secondary &#39;reported&#39; record rather than as an original primary source-of-truth record. It may also indicate the source of the report."/><min value="0"/><max value="1"/><base><path value="shr-core-MedicationRequest-model.reported"/><min value="0"/><max value="1"/></base><type><code value="BackboneElement"/></type><mustSupport value="false"/><isModifier value="false"/><isSummary value="false"/></element><element id="shr-core-MedicationRequest-model.reported.value[x]"><path value="shr-core-MedicationRequest-model.reported.value[x]"/><slicing><discriminator><type value="type"/><path value="$this"/></discriminator><ordered value="false"/><rules value="open"/></slicing><short value="Boolean or InformationSource representing indicates if this record was captured as a secondary &#39;reported&#39; record rather than as an original primary source-of-truth record. It may also indicate the source of the report."/><definition value="Boolean or InformationSource representing indicates if this record was captured as a secondary &#39;reported&#39; record rather than as an original primary source-of-truth record. It may also indicate the source of the report."/><min value="1"/><max value="1"/><base><path value="shr-core-MedicationRequest-model.reported.value[x]"/><min value="1"/><max value="1"/></base><type><code value="boolean"/></type><type><code value="Reference"/><targetProfile value="http://hl7.org/fhir/us/shr/StructureDefinition/shr-core-InformationSource-model"/></type><mustSupport value="false"/><isModifier value="false"/><isSummary value="false"/></element><element id="shr-core-MedicationRequest-model.reported.medicationInformationSource:informationSource"><path value="shr-core-MedicationRequest-model.reported.medicationInformationSource"/><sliceName value="informationSource"/><short value="The informant for this medication statement."/><definition value="The informant for this medication statement."/><min value="1"/><max value="1"/><base><path value="shr-core-MedicationRequest-model.reported.medicationInformationSource"/><min value="1"/><max value="1"/></base><type><code value="Reference"/><targetProfile value="http://hl7.org/fhir/us/shr/StructureDefinition/shr-core-MedicationInformationSource-model"/></type><mustSupport value="false"/><isModifier value="false"/><isSummary value="false"/></element><element id="shr-core-MedicationRequest-model.medicationCodeOrReference[x]"><path value="shr-core-MedicationRequest-model.medicationCodeOrReference[x]"/><slicing><discriminator><type value="type"/><path value="$this"/></discriminator><ordered value="false"/><rules value="open"/></slicing><short value="A choice of a medication code or reference."/><definition value="A choice of a medication code or reference."/><min value="1"/><max value="1"/><base><path value="shr-core-MedicationRequest-model.medicationCodeOrReference[x]"/><min value="1"/><max value="1"/></base><type><code value="Coding"/></type><type><code value="Reference"/><targetProfile value="http://hl7.org/fhir/us/shr/StructureDefinition/shr-core-Medication-model"/></type><mustSupport value="false"/><isModifier value="false"/><isSummary value="false"/></element><element id="shr-core-MedicationRequest-model.medicationCodeOrReferenceCoding:CodeableConcept"><path value="shr-core-MedicationRequest-model.medicationCodeOrReferenceCoding"/><sliceName value="CodeableConcept"/><short value="A set of codes drawn from different coding systems, representing the same concept."/><definition value="A set of codes drawn from different coding systems, representing the same concept."/><min value="1"/><max value="1"/><base><path value="shr-core-MedicationRequest-model.medicationCodeOrReference[x]"/><min value="1"/><max value="1"/></base><type><code value="Coding"/></type><mustSupport value="false"/><isModifier value="false"/><isSummary value="false"/><binding><strength value="extensible"/><valueSetReference><reference value="http://h7.org/fhir/us/core/ValueSet/us-core-medication-codes"/></valueSetReference></binding></element><element id="shr-core-MedicationRequest-model.supportingInformation"><path value="shr-core-MedicationRequest-model.supportingInformation"/><short value="Additional information to support this request."/><definition value="Additional information to support this request."/><min value="0"/><max value="*"/><base><path value="shr-core-MedicationRequest-model.supportingInformation"/><min value="0"/><max value="*"/></base><type><code value="Reference"/><targetProfile value="http://hl7.org/fhir/us/shr/StructureDefinition/shr-core-DomainResource-model"/></type><mustSupport value="false"/><isModifier value="false"/><isSummary value="false"/></element><element id="shr-core-MedicationRequest-model.author"><path value="shr-core-MedicationRequest-model.author"/><code><system value="http://ncimeta.nci.nih.gov"/><code value="C2220264"/></code><short value="The actor who created the item and it responsible for the content (regardless of the information source or who recorded it). If only the author is given, it is assumed the author is the information source and the recorder."/><definition value="The actor who created the item and it responsible for the content (regardless of the information source or who recorded it). If only the author is given, it is assumed the author is the information source and the recorder."/><min value="0"/><max value="1"/><base><path value="shr-core-MedicationRequest-model.author"/><min value="0"/><max value="1"/></base><type><code value="Reference"/><targetProfile value="http://hl7.org/fhir/us/shr/StructureDefinition/shr-core-Practitioner-model"/></type><mustSupport value="false"/><isModifier value="false"/><isSummary value="false"/></element><element id="shr-core-MedicationRequest-model.groupIdentifier"><path value="shr-core-MedicationRequest-model.groupIdentifier"/><short value="A shared identifier common to all service requests that were authorized more or less simultaneously by a single author, representing the composite or group identifier."/><definition value="A shared identifier common to all service requests that were authorized more or less simultaneously by a single author, representing the composite or group identifier."/><min value="0"/><max value="1"/><base><path value="shr-core-MedicationRequest-model.groupIdentifier"/><min value="0"/><max value="1"/></base><type><code value="http://hl7.org/fhir/us/shr/StructureDefinition/shr-core-Identifier-model"/></type><mustSupport value="false"/><isModifier value="false"/><isSummary value="false"/></element><element id="shr-core-MedicationRequest-model.courseOfTherapyType"><path value="shr-core-MedicationRequest-model.courseOfTherapyType"/><short value="The description of the overall pattern of the administration of the medication to the patient."/><definition value="The description of the overall pattern of the administration of the medication to the patient."/><min value="0"/><max value="1"/><base><path value="shr-core-MedicationRequest-model.courseOfTherapyType"/><min value="0"/><max value="1"/></base><type><code value="Coding"/></type><mustSupport value="false"/><isModifier value="false"/><isSummary value="false"/></element><element id="shr-core-MedicationRequest-model.insurance"><path value="shr-core-MedicationRequest-model.insurance"/><code><system value="http://ncimeta.nci.nih.gov"/><code value="C0021682"/><display value="HealthInsurance"/></code><short value="Insurance plans, coverage extensions, pre-authorizations and/or pre-determinations that may be needed for delivering the requested service."/><definition value="Insurance plans, coverage extensions, pre-authorizations and/or pre-determinations that may be needed for delivering the requested service."/><min value="0"/><max value="*"/><base><path value="shr-core-MedicationRequest-model.insurance"/><min value="0"/><max value="*"/></base><type><code value="Reference"/><targetProfile value="http://hl7.org/fhir/us/shr/StructureDefinition/shr-core-Coverage-model"/></type><mustSupport value="false"/><isModifier value="false"/><isSummary value="false"/></element><element id="shr-core-MedicationRequest-model.dosage"><path value="shr-core-MedicationRequest-model.dosage"/><short value="The dosage of the medication. The data structure is flexible and can describe a dosage prescribed, administered, or reported."/><definition value="The dosage of the medication. The data structure is flexible and can describe a dosage prescribed, administered, or reported."/><min value="0"/><max value="*"/><base><path value="shr-core-MedicationRequest-model.dosage"/><min value="0"/><max value="*"/></base><type><code value="http://hl7.org/fhir/us/shr/StructureDefinition/shr-core-Dosage-model"/></type><mustSupport value="false"/><isModifier value="false"/><isSummary value="false"/></element><element id="shr-core-MedicationRequest-model.dispenseRequest"><path value="shr-core-MedicationRequest-model.dispenseRequest"/><short value="Indicates the specific details for the dispense or medication supply part of a medication request (also known as a Medication Prescription or Medication Order). Note that this information is not always sent with the order. There may be in some settings (e.g. hospitals) institutional or system support for completing the dispense details in the pharmacy department."/><definition value="Indicates the specific details for the dispense or medication supply part of a medication request (also known as a Medication Prescription or Medication Order). Note that this information is not always sent with the order. There may be in some settings (e.g. hospitals) institutional or system support for completing the dispense details in the pharmacy department."/><min value="0"/><max value="1"/><base><path value="shr-core-MedicationRequest-model.dispenseRequest"/><min value="0"/><max value="1"/></base><type><code value="http://hl7.org/fhir/us/shr/StructureDefinition/shr-core-DispenseRequest-model"/></type><mustSupport value="false"/><isModifier value="false"/><isSummary value="false"/></element><element id="shr-core-MedicationRequest-model.substitution"><path value="shr-core-MedicationRequest-model.substitution"/><short value="Indicates whether or not substitution can or should be part of the dispense. In some cases, substitution must happen, in other cases substitution must not happen. This block explains the prescriber&#39;s intent. If nothing is specified substitution may be done."/><definition value="Indicates whether or not substitution can or should be part of the dispense. In some cases, substitution must happen, in other cases substitution must not happen. This block explains the prescriber&#39;s intent. If nothing is specified substitution may be done."/><min value="0"/><max value="1"/><base><path value="shr-core-MedicationRequest-model.substitution"/><min value="0"/><max value="1"/></base><type><code value="http://hl7.org/fhir/us/shr/StructureDefinition/shr-core-Substitution-model"/></type><mustSupport value="false"/><isModifier value="false"/><isSummary value="false"/></element><element id="shr-core-MedicationRequest-model.replaces"><path value="shr-core-MedicationRequest-model.replaces"/><short value="Request(s) replaced by this request"/><definition value="Request(s) replaced by this request"/><min value="0"/><max value="1"/><base><path value="shr-core-MedicationRequest-model.replaces"/><min value="0"/><max value="1"/></base><type><code value="Reference"/><targetProfile value="http://hl7.org/fhir/us/shr/StructureDefinition/shr-core-MedicationRequest-model"/></type><mustSupport value="false"/><isModifier value="false"/><isSummary value="false"/></element></differential></StructureDefinition>