<?xml version="1.0" encoding="UTF-8"?><StructureDefinition xmlns="http://hl7.org/fhir"><id value="shr-core-LocationType-model"/><text><status value="generated"/><div xmlns="http://www.w3.org/1999/xhtml">
  <p><b>LocationType Logical Model</b></p>
  <p>The preferred type of location(s) where the service should happen, in coded or free text form, e.g. at home or nursing day care center.</p>
</div></text><url value="http://hl7.org/fhir/us/shr/StructureDefinition/shr-core-LocationType-model"/><identifier><system value="http://hl7.org/fhir/us/shrcore"/><value value="shr.core.LocationType"/></identifier><version value="0.6.0"/><name value="LocationType"/><title value="shr-core-LocationType"/><status value="draft"/><date value="2019-05-07T00:00:00-04:00"/><publisher value="The MITRE Corporation"/><contact><telecom><system value="url"/><value value="http://www.standardhealthrecord.org"/></telecom></contact><description value="The preferred type of location(s) where the service should happen, in coded or free text form, e.g. at home or nursing day care center."/><fhirVersion value="3.0.1"/><kind value="logical"/><abstract value="false"/><type value="shr-core-LocationType-model"/><baseDefinition value="http://hl7.org/fhir/StructureDefinition/Element"/><derivation value="specialization"/><snapshot><element id="shr-core-LocationType-model"><path value="shr-core-LocationType-model"/><definition value="The preferred type of location(s) where the service should happen, in coded or free text form, e.g. at home or nursing day care center."/><min value="0"/><max value="*"/><base><path value="shr-core-LocationType-model"/><min value="0"/><max value="*"/></base><mustSupport value="false"/><isModifier value="false"/><isSummary value="false"/></element><element id="shr-core-LocationType-model.value"><path value="shr-core-LocationType-model.value"/><short value="Code representing the preferred type of location(s) where the service should happen, in coded or free text form, e.g. at home or nursing day care center."/><definition value="Code representing the preferred type of location(s) where the service should happen, in coded or free text form, e.g. at home or nursing day care center."/><min value="1"/><max value="1"/><base><path value="shr-core-LocationType-model.value"/><min value="1"/><max value="1"/></base><type><code value="Coding"/></type><mustSupport value="false"/><isModifier value="false"/><isSummary value="false"/></element></snapshot><differential><element id="shr-core-LocationType-model"><path value="shr-core-LocationType-model"/><definition value="The preferred type of location(s) where the service should happen, in coded or free text form, e.g. at home or nursing day care center."/><min value="0"/><max value="*"/><base><path value="shr-core-LocationType-model"/><min value="0"/><max value="*"/></base><mustSupport value="false"/><isModifier value="false"/><isSummary value="false"/></element><element id="shr-core-LocationType-model.value"><path value="shr-core-LocationType-model.value"/><short value="Code representing the preferred type of location(s) where the service should happen, in coded or free text form, e.g. at home or nursing day care center."/><definition value="Code representing the preferred type of location(s) where the service should happen, in coded or free text form, e.g. at home or nursing day care center."/><min value="1"/><max value="1"/><base><path value="shr-core-LocationType-model.value"/><min value="1"/><max value="1"/></base><type><code value="Coding"/></type><mustSupport value="false"/><isModifier value="false"/><isSummary value="false"/></element></differential></StructureDefinition>