<?xml version="1.0" encoding="UTF-8"?><StructureDefinition xmlns="http://hl7.org/fhir"><id value="shr-core-MedicationAdministration-model"/><text><status value="generated"/><div xmlns="http://www.w3.org/1999/xhtml">
  <p><b>MedicationAdministration Logical Model</b></p>
  <p>A record of the use of a medication. If the medication is given as part of a course of treatment, the PartOf attribute should refer to the CourseOfTreatment.
Although FHIR MedicationAdministration supports date of administration, information source, performer, it lacks common provenance elements, statement creation date, author, and recorder. These are supported as optional extensions.
FHIR DSTU2 lacks a category attribute, which is provided as an extension in that version.
SHR does not allow the &#39;not given&#39; attributes from DSTU2 and STU3, since they are dropped in R4. The status element is used to document medications not given.</p>
</div></text><url value="http://hl7.org/fhir/us/shr/StructureDefinition/shr-core-MedicationAdministration-model"/><identifier><system value="http://hl7.org/fhir/us/shrcore"/><value value="shr.core.MedicationAdministration"/></identifier><version value="0.5.0"/><name value="MedicationAdministration"/><title value="shr-core-MedicationAdministration"/><status value="draft"/><date value="2019-05-01T00:00:00-04:00"/><publisher value="The MITRE Corporation"/><contact><telecom><system value="url"/><value value="http://www.standardhealthrecord.org"/></telecom></contact><description value="A record of the use of a medication. If the medication is given as part of a course of treatment, the PartOf attribute should refer to the CourseOfTreatment.&#xA;Although FHIR MedicationAdministration supports date of administration, information source, performer, it lacks common provenance elements, statement creation date, author, and recorder. These are supported as optional extensions.&#xA;FHIR DSTU2 lacks a category attribute, which is provided as an extension in that version.&#xA;SHR does not allow the &#39;not given&#39; attributes from DSTU2 and STU3, since they are dropped in R4. The status element is used to document medications not given."/><fhirVersion value="3.0.1"/><kind value="logical"/><abstract value="false"/><type value="shr-core-MedicationAdministration-model"/><baseDefinition value="http://hl7.org/fhir/StructureDefinition/Element"/><derivation value="specialization"/><snapshot><element id="shr-core-MedicationAdministration-model"><path value="shr-core-MedicationAdministration-model"/><definition value="A record of the use of a medication. If the medication is given as part of a course of treatment, the PartOf attribute should refer to the CourseOfTreatment.&#xA;Although FHIR MedicationAdministration supports date of administration, information source, performer, it lacks common provenance elements, statement creation date, author, and recorder. These are supported as optional extensions.&#xA;FHIR DSTU2 lacks a category attribute, which is provided as an extension in that version.&#xA;SHR does not allow the &#39;not given&#39; attributes from DSTU2 and STU3, since they are dropped in R4. The status element is used to document medications not given."/><min value="0"/><max value="*"/><base><path value="shr-core-MedicationAdministration-model"/><min value="0"/><max value="*"/></base><mustSupport value="false"/><isModifier value="false"/><isSummary value="false"/></element><element id="shr-core-MedicationAdministration-model.metadata"><path value="shr-core-MedicationAdministration-model.metadata"/><short value="Elements that belong to all information items."/><definition value="Elements that belong to all information items."/><min value="0"/><max value="1"/><base><path value="shr-core-MedicationAdministration-model.metadata"/><min value="0"/><max value="1"/></base><type><code value="http://hl7.org/fhir/us/shr/StructureDefinition/shr-core-Metadata-model"/></type><mustSupport value="false"/><isModifier value="false"/><isSummary value="false"/></element><element id="shr-core-MedicationAdministration-model.language"><path value="shr-core-MedicationAdministration-model.language"/><short value="A human language, spoken or written."/><definition value="A human language, spoken or written."/><min value="0"/><max value="1"/><base><path value="shr-core-MedicationAdministration-model.language"/><min value="0"/><max value="1"/></base><type><code value="Coding"/></type><mustSupport value="false"/><isModifier value="false"/><isSummary value="false"/></element><element id="shr-core-MedicationAdministration-model.implicitRules"><path value="shr-core-MedicationAdministration-model.implicitRules"/><short value="A set of rules under which this content was created"/><definition value="A set of rules under which this content was created"/><min value="0"/><max value="1"/><base><path value="shr-core-MedicationAdministration-model.implicitRules"/><min value="0"/><max value="1"/></base><type><code value="uri"/></type><mustSupport value="false"/><isModifier value="false"/><isSummary value="false"/></element><element id="shr-core-MedicationAdministration-model.narrative"><path value="shr-core-MedicationAdministration-model.narrative"/><short value="A human-readable narrative, potentially including images, that contains a summary of the resource, and may be used to represent the content of the resource to a human."/><definition value="A human-readable narrative, potentially including images, that contains a summary of the resource, and may be used to represent the content of the resource to a human."/><min value="0"/><max value="1"/><base><path value="shr-core-MedicationAdministration-model.narrative"/><min value="0"/><max value="1"/></base><type><code value="http://hl7.org/fhir/us/shr/StructureDefinition/shr-core-Narrative-model"/></type><mustSupport value="false"/><isModifier value="false"/><isSummary value="false"/></element><element id="shr-core-MedicationAdministration-model.status"><path value="shr-core-MedicationAdministration-model.status"/><short value="A state that relates to the workflow or interpretation of this resource. Certain status values can modify the meaning of the resource, for example, entered-in-error. When a boolean value is used, Status of true indicates the record is active, false means inactive."/><definition value="A state that relates to the workflow or interpretation of this resource. Certain status values can modify the meaning of the resource, for example, entered-in-error. When a boolean value is used, Status of true indicates the record is active, false means inactive."/><min value="1"/><max value="1"/><base><path value="shr-core-MedicationAdministration-model.status"/><min value="1"/><max value="1"/></base><type><code value="Coding"/></type><mustSupport value="false"/><isModifier value="false"/><isSummary value="false"/><binding><strength value="required"/><valueSetReference><reference value="http://hl7.org/fhir/ValueSet/medication-admin-status"/></valueSetReference></binding></element><element id="shr-core-MedicationAdministration-model.identifier"><path value="shr-core-MedicationAdministration-model.identifier"/><short value="Business identifier or external id for this resource."/><definition value="Business identifier or external id for this resource."/><min value="0"/><max value="*"/><base><path value="shr-core-MedicationAdministration-model.identifier"/><min value="0"/><max value="*"/></base><type><code value="http://hl7.org/fhir/us/shr/StructureDefinition/shr-core-Identifier-model"/></type><mustSupport value="false"/><isModifier value="false"/><isSummary value="false"/></element><element id="shr-core-MedicationAdministration-model.subjectOfRecord"><path value="shr-core-MedicationAdministration-model.subjectOfRecord"/><code><system value="http://ncimeta.nci.nih.gov"/><code value="C1299487"/></code><short value="The subject of a clinical statement, often called the Patient or the Subject. The SubjectOfRecord typically identifies the clinical record in which this statement is contained. If the statement should be in John Doe&#39;s patient record, then John Doe is the subject of record. When there is no patient, the SubjectOfRecord can also be a location, group, or other entity that statement pertains to. For example, observations concerning a hospital ward would have a Location as the SubjectOfRecord."/><definition value="The subject of a clinical statement, often called the Patient or the Subject. The SubjectOfRecord typically identifies the clinical record in which this statement is contained. If the statement should be in John Doe&#39;s patient record, then John Doe is the subject of record. When there is no patient, the SubjectOfRecord can also be a location, group, or other entity that statement pertains to. For example, observations concerning a hospital ward would have a Location as the SubjectOfRecord.&#xA;&#xA;Note that the word &#39;Subject&#39; is used here in the sense of a person or entity subjected to observations or actions, not subject as in a conceptual topic, like heart disease."/><min value="1"/><max value="1"/><base><path value="shr-core-MedicationAdministration-model.subjectOfRecord"/><min value="1"/><max value="1"/></base><type><code value="Reference"/><targetProfile value="http://hl7.org/fhir/us/shr/StructureDefinition/shr-core-Patient-model"/></type><mustSupport value="false"/><isModifier value="false"/><isSummary value="false"/></element><element id="shr-core-MedicationAdministration-model.careContext[x]"><path value="shr-core-MedicationAdministration-model.careContext[x]"/><short value="The encounter or episode of care"/><definition value="The encounter or episode of care"/><min value="0"/><max value="1"/><base><path value="shr-core-MedicationAdministration-model.careContext[x]"/><min value="0"/><max value="1"/></base><type><code value="Reference"/><targetProfile value="http://hl7.org/fhir/us/shr/StructureDefinition/shr-core-Encounter-model"/></type><type><code value="Reference"/><targetProfile value="http://hl7.org/fhir/us/shr/StructureDefinition/shr-core-EpisodeOfCare-model"/></type><mustSupport value="false"/><isModifier value="false"/><isSummary value="false"/></element><element id="shr-core-MedicationAdministration-model.statementDateTime"><path value="shr-core-MedicationAdministration-model.statementDateTime"/><code><system value="http://ncimeta.nci.nih.gov"/><code value="C3669169"/></code><short value="The point in time when the statement was created."/><definition value="The point in time when the statement was created."/><min value="0"/><max value="1"/><base><path value="shr-core-MedicationAdministration-model.statementDateTime"/><min value="0"/><max value="1"/></base><type><code value="dateTime"/></type><mustSupport value="false"/><isModifier value="false"/><isSummary value="false"/></element><element id="shr-core-MedicationAdministration-model.reasonCode"><path value="shr-core-MedicationAdministration-model.reasonCode"/><code><system value="http://ncimeta.nci.nih.gov"/><code value="C0566251"/></code><short value="The explanation or justification for the current item or action, as a code."/><definition value="The explanation or justification for the current item or action, as a code.&#xA;Reason is a string or CodeableConcept in DSTU2 but in later versions only a CodeableConcept."/><min value="0"/><max value="*"/><base><path value="shr-core-MedicationAdministration-model.reasonCode"/><min value="0"/><max value="*"/></base><type><code value="Coding"/></type><mustSupport value="false"/><isModifier value="false"/><isSummary value="false"/></element><element id="shr-core-MedicationAdministration-model.medicationReasonReference[x]"><path value="shr-core-MedicationAdministration-model.medicationReasonReference[x]"/><slicing><discriminator><type value="type"/><path value="$this"/></discriminator><ordered value="false"/><rules value="open"/></slicing><short value="Condition or observation that supports why the medication is being/was taken"/><definition value="Condition or observation that supports why the medication is being/was taken"/><min value="0"/><max value="*"/><base><path value="shr-core-MedicationAdministration-model.medicationReasonReference[x]"/><min value="0"/><max value="*"/></base><type><code value="Reference"/><targetProfile value="http://hl7.org/fhir/us/shr/StructureDefinition/shr-core-Condition-model"/></type><type><code value="Reference"/><targetProfile value="http://hl7.org/fhir/us/shr/StructureDefinition/shr-core-Observation-model"/></type><type><code value="Reference"/><targetProfile value="http://hl7.org/fhir/us/shr/StructureDefinition/shr-core-DiagnosticReport-model"/></type><mustSupport value="false"/><isModifier value="false"/><isSummary value="false"/></element><element id="shr-core-MedicationAdministration-model.medicationReasonReferenceShr-core-Condition-model:Condition"><path value="shr-core-MedicationAdministration-model.medicationReasonReferenceShr-core-Condition-model"/><sliceName value="Condition"/><short value="A condition that is or may be present in a subject. &#39;Condition&#39; is interpreted broadly and could be a disorder, abnormality, problem, injury, complaint, functionality, illness, disease, ailment, sickness, affliction, upset, difficulty, disorder, symptom, worry, or trouble."/><definition value="A condition that is or may be present in a subject. &#39;Condition&#39; is interpreted broadly and could be a disorder, abnormality, problem, injury, complaint, functionality, illness, disease, ailment, sickness, affliction, upset, difficulty, disorder, symptom, worry, or trouble.&#xA;The Observation-based class, ConditionAbsent, should be used to describe conditions that are not present or negative findings.&#xA;SHR Condition uses the SHR BodyLocation structure that includes not only a code, but optional laterality, direction, clock direction, and distance. If included, the distance is measured from the location specified by the code, laterality, and direction."/><min value="1"/><max value="1"/><base><path value="shr-core-MedicationAdministration-model.medicationReasonReference[x]"/><min value="0"/><max value="*"/></base><type><code value="Reference"/><targetProfile value="http://hl7.org/fhir/us/shr/StructureDefinition/shr-core-Condition-model"/></type><mustSupport value="false"/><isModifier value="false"/><isSummary value="false"/></element><element id="shr-core-MedicationAdministration-model.medicationReasonReferenceShr-core-Observation-model:Observation"><path value="shr-core-MedicationAdministration-model.medicationReasonReferenceShr-core-Observation-model"/><sliceName value="Observation"/><short value="Represents the result of evaluations (measurements, tests, or questions) that have been performed."/><definition value="Represents the result of evaluations (measurements, tests, or questions) that have been performed.&#xA;Observation has a value representing the result (answer), or an DataAbsentReason indicating why the value is not present. Things observed about the subject can include social and behavioral factors, subjective and objective observations, and assessments.&#xA;For an Observation, the Code describes the aspect or property of the subject being observed or measured. The Code is the &#39;question code&#39; that pairs to the &#39;answer&#39; contained in the Value."/><min value="1"/><max value="1"/><base><path value="shr-core-MedicationAdministration-model.medicationReasonReference[x]"/><min value="0"/><max value="*"/></base><type><code value="Reference"/><targetProfile value="http://hl7.org/fhir/us/shr/StructureDefinition/shr-core-Observation-model"/></type><mustSupport value="false"/><isModifier value="false"/><isSummary value="false"/></element><element id="shr-core-MedicationAdministration-model.medicationReasonReferenceShr-core-DiagnosticReport-model:DiagnosticReport"><path value="shr-core-MedicationAdministration-model.medicationReasonReferenceShr-core-DiagnosticReport-model"/><sliceName value="DiagnosticReport"/><short value="DiagnosticReport"/><definition value="DiagnosticReport"/><min value="1"/><max value="1"/><base><path value="shr-core-MedicationAdministration-model.medicationReasonReference[x]"/><min value="0"/><max value="*"/></base><type><code value="Reference"/><targetProfile value="http://hl7.org/fhir/us/shr/StructureDefinition/shr-core-DiagnosticReport-model"/></type><mustSupport value="false"/><isModifier value="false"/><isSummary value="false"/></element><element id="shr-core-MedicationAdministration-model.medicationAdministrationBasedOn"><path value="shr-core-MedicationAdministration-model.medicationAdministrationBasedOn"/><short value="The original request, instruction or authority to perform the administration."/><definition value="The original request, instruction or authority to perform the administration."/><min value="0"/><max value="1"/><base><path value="shr-core-MedicationAdministration-model.medicationAdministrationBasedOn"/><min value="0"/><max value="1"/></base><type><code value="Reference"/><targetProfile value="http://hl7.org/fhir/us/shr/StructureDefinition/shr-core-MedicationRequest-model"/></type><mustSupport value="false"/><isModifier value="false"/><isSummary value="false"/></element><element id="shr-core-MedicationAdministration-model.occurrenceTimeOrPeriod[x]"><path value="shr-core-MedicationAdministration-model.occurrenceTimeOrPeriod[x]"/><short value="The point or period of time when the event takes place. Times can be precise (dateTime) or approximate (date). If a time period is used, and the start date or dateTime is missing, the start of the period is not known. If the end date or dateTime is missing, it means that the period is ongoing."/><definition value="The point or period of time when the event takes place. Times can be precise (dateTime) or approximate (date). If a time period is used, and the start date or dateTime is missing, the start of the period is not known. If the end date or dateTime is missing, it means that the period is ongoing."/><min value="1"/><max value="1"/><base><path value="shr-core-MedicationAdministration-model.occurrenceTimeOrPeriod[x]"/><min value="1"/><max value="1"/></base><type><code value="date"/></type><type><code value="dateTime"/></type><type><code value="http://hl7.org/fhir/us/shr/StructureDefinition/shr-core-TimePeriod-model"/></type><mustSupport value="false"/><isModifier value="false"/><isSummary value="false"/></element><element id="shr-core-MedicationAdministration-model.participation"><path value="shr-core-MedicationAdministration-model.participation"/><short value="Record of someone or something involvement in an activity or event."/><definition value="Record of someone or something involvement in an activity or event."/><min value="0"/><max value="1"/><base><path value="shr-core-MedicationAdministration-model.participation"/><min value="0"/><max value="1"/></base><type><code value="BackboneElement"/></type><mustSupport value="false"/><isModifier value="false"/><isSummary value="false"/></element><element id="shr-core-MedicationAdministration-model.participation.personParticipant[x]"><path value="shr-core-MedicationAdministration-model.participation.personParticipant[x]"/><short value="A choice of Patient, Practitioner and RelatedPerson as participant."/><definition value="A choice of Patient, Practitioner and RelatedPerson as participant."/><min value="0"/><max value="1"/><base><path value="shr-core-MedicationAdministration-model.participation.personParticipant[x]"/><min value="0"/><max value="1"/></base><type><code value="Reference"/><targetProfile value="http://hl7.org/fhir/us/shr/StructureDefinition/shr-core-Patient-model"/></type><type><code value="Reference"/><targetProfile value="http://hl7.org/fhir/us/shr/StructureDefinition/shr-core-Practitioner-model"/></type><type><code value="Reference"/><targetProfile value="http://hl7.org/fhir/us/shr/StructureDefinition/shr-core-RelatedPerson-model"/></type><mustSupport value="false"/><isModifier value="false"/><isSummary value="false"/></element><element id="shr-core-MedicationAdministration-model.participation.participationType"><path value="shr-core-MedicationAdministration-model.participation.participationType"/><code><system value="http://ncimeta.nci.nih.gov"/><code value="C1553854"/></code><short value="The role played by the participant engaged in the action, for example, as the attending physician, surgical assistant, etc."/><definition value="The role played by the participant engaged in the action, for example, as the attending physician, surgical assistant, etc."/><min value="0"/><max value="0"/><base><path value="shr-core-MedicationAdministration-model.participation.participationType"/><min value="0"/><max value="0"/></base><type><code value="Coding"/></type><mustSupport value="false"/><isModifier value="false"/><isSummary value="false"/><binding><strength value="example"/><valueSetReference><reference value="http://hl7.org/fhir/ValueSet/performer-role"/></valueSetReference></binding></element><element id="shr-core-MedicationAdministration-model.participation.participationPeriod"><path value="shr-core-MedicationAdministration-model.participation.participationPeriod"/><short value="The point in time or span of time the participant is involved."/><definition value="The point in time or span of time the participant is involved."/><min value="0"/><max value="1"/><base><path value="shr-core-MedicationAdministration-model.participation.participationPeriod"/><min value="0"/><max value="1"/></base><type><code value="http://hl7.org/fhir/us/shr/StructureDefinition/shr-core-TimePeriod-model"/></type><mustSupport value="false"/><isModifier value="false"/><isSummary value="false"/></element><element id="shr-core-MedicationAdministration-model.participation.onBehalfOf[x]"><path value="shr-core-MedicationAdministration-model.participation.onBehalfOf[x]"/><short value="The party represented by the actual participant."/><definition value="The party represented by the actual participant."/><min value="0"/><max value="1"/><base><path value="shr-core-MedicationAdministration-model.participation.onBehalfOf[x]"/><min value="0"/><max value="1"/></base><type><code value="Reference"/><targetProfile value="http://hl7.org/fhir/us/shr/StructureDefinition/shr-core-Practitioner-model"/></type><type><code value="Reference"/><targetProfile value="http://hl7.org/fhir/us/shr/StructureDefinition/shr-core-RelatedPerson-model"/></type><type><code value="Reference"/><targetProfile value="http://hl7.org/fhir/us/shr/StructureDefinition/shr-core-Patient-model"/></type><type><code value="Reference"/><targetProfile value="http://hl7.org/fhir/us/shr/StructureDefinition/shr-core-Device-model"/></type><type><code value="Reference"/><targetProfile value="http://hl7.org/fhir/us/shr/StructureDefinition/shr-core-Organization-model"/></type><mustSupport value="false"/><isModifier value="false"/><isSummary value="false"/></element><element id="shr-core-MedicationAdministration-model.method"><path value="shr-core-MedicationAdministration-model.method"/><short value="The technique used to carry out an action, for example, the specific imaging technical or assessment vehicle."/><definition value="The technique used to carry out an action, for example, the specific imaging technical or assessment vehicle."/><min value="0"/><max value="0"/><base><path value="shr-core-MedicationAdministration-model.method"/><min value="0"/><max value="0"/></base><type><code value="Coding"/></type><mustSupport value="false"/><isModifier value="false"/><isSummary value="false"/></element><element id="shr-core-MedicationAdministration-model.medicationCodeOrReference[x]"><path value="shr-core-MedicationAdministration-model.medicationCodeOrReference[x]"/><slicing><discriminator><type value="type"/><path value="$this"/></discriminator><ordered value="false"/><rules value="open"/></slicing><short value="A choice of a medication code or reference."/><definition value="A choice of a medication code or reference."/><min value="1"/><max value="1"/><base><path value="shr-core-MedicationAdministration-model.medicationCodeOrReference[x]"/><min value="1"/><max value="1"/></base><type><code value="Coding"/></type><type><code value="Reference"/><targetProfile value="http://hl7.org/fhir/us/shr/StructureDefinition/shr-core-Medication-model"/></type><mustSupport value="false"/><isModifier value="false"/><isSummary value="false"/></element><element id="shr-core-MedicationAdministration-model.medicationCodeOrReferenceCoding:CodeableConcept"><path value="shr-core-MedicationAdministration-model.medicationCodeOrReferenceCoding"/><sliceName value="CodeableConcept"/><short value="A set of codes drawn from different coding systems, representing the same concept."/><definition value="A set of codes drawn from different coding systems, representing the same concept."/><min value="1"/><max value="1"/><base><path value="shr-core-MedicationAdministration-model.medicationCodeOrReference[x]"/><min value="1"/><max value="1"/></base><type><code value="Coding"/></type><mustSupport value="false"/><isModifier value="false"/><isSummary value="false"/><binding><strength value="extensible"/><valueSetReference><reference value="http://h7.org/fhir/us/core/ValueSet/us-core-medication-codes"/></valueSetReference></binding></element><element id="shr-core-MedicationAdministration-model.dosage"><path value="shr-core-MedicationAdministration-model.dosage"/><short value="The dosage of the medication. The data structure is flexible and can describe a dosage prescribed, administered, or reported."/><definition value="The dosage of the medication. The data structure is flexible and can describe a dosage prescribed, administered, or reported."/><min value="0"/><max value="1"/><base><path value="shr-core-MedicationAdministration-model.dosage"/><min value="0"/><max value="1"/></base><type><code value="http://hl7.org/fhir/us/shr/StructureDefinition/shr-core-Dosage-model"/></type><mustSupport value="false"/><isModifier value="false"/><isSummary value="false"/></element><element id="shr-core-MedicationAdministration-model.dosage.doseSequenceNumber"><path value="shr-core-MedicationAdministration-model.dosage.doseSequenceNumber"/><short value="Dose number within series."/><definition value="Dose number within series."/><min value="0"/><max value="0"/><base><path value="shr-core-MedicationAdministration-model.dosage.doseSequenceNumber"/><min value="0"/><max value="0"/></base><type><code value="integer"/></type><mustSupport value="false"/><isModifier value="false"/><isSummary value="false"/></element><element id="shr-core-MedicationAdministration-model.dosage.instructionText"><path value="shr-core-MedicationAdministration-model.dosage.instructionText"/><short value="The directions (signetur) on the drug prescription or dispensing record."/><definition value="The directions (signetur) on the drug prescription or dispensing record."/><min value="0"/><max value="1"/><base><path value="shr-core-MedicationAdministration-model.dosage.instructionText"/><min value="0"/><max value="1"/></base><type><code value="string"/></type><mustSupport value="false"/><isModifier value="false"/><isSummary value="false"/></element><element id="shr-core-MedicationAdministration-model.dosage.instructionCode"><path value="shr-core-MedicationAdministration-model.dosage.instructionCode"/><short value="Coded instructions, e.g., &#39;with meals&#39;."/><definition value="Coded instructions, e.g., &#39;with meals&#39;."/><min value="0"/><max value="0"/><base><path value="shr-core-MedicationAdministration-model.dosage.instructionCode"/><min value="0"/><max value="0"/></base><type><code value="Coding"/></type><mustSupport value="false"/><isModifier value="false"/><isSummary value="false"/><binding><strength value="example"/><valueSetReference><reference value="http://hl7.org/fhir/ValueSet/additional-instruction-codes"/></valueSetReference></binding></element><element id="shr-core-MedicationAdministration-model.dosage.patientInstruction"><path value="shr-core-MedicationAdministration-model.dosage.patientInstruction"/><short value="Patient or consumer-oriented instructions."/><definition value="Patient or consumer-oriented instructions."/><min value="0"/><max value="0"/><base><path value="shr-core-MedicationAdministration-model.dosage.patientInstruction"/><min value="0"/><max value="0"/></base><type><code value="string"/></type><mustSupport value="false"/><isModifier value="false"/><isSummary value="false"/></element><element id="shr-core-MedicationAdministration-model.dosage.timing"><path value="shr-core-MedicationAdministration-model.dosage.timing"/><short value="A timing schedule that specifies an event that may occur multiple times."/><definition value="A timing schedule that specifies an event that may occur multiple times.&#xA;Timing offers a choice of multiple OccurrenceTime (used is used to specify specific times), or recurrence patterns."/><min value="0"/><max value="0"/><base><path value="shr-core-MedicationAdministration-model.dosage.timing"/><min value="0"/><max value="1"/></base><type><code value="http://hl7.org/fhir/us/shr/StructureDefinition/shr-core-Timing-model"/></type><mustSupport value="false"/><isModifier value="false"/><isSummary value="false"/></element><element id="shr-core-MedicationAdministration-model.dosage.asNeeded[x]"><path value="shr-core-MedicationAdministration-model.dosage.asNeeded[x]"/><short value="Preconditions for service, either &#39;true&#39; indicating to be performed if needed, or a code indicating the pre-condition for performing the service. For example &#39;pain&#39;, &#39;on flare-up&#39;, etc."/><definition value="Preconditions for service, either &#39;true&#39; indicating to be performed if needed, or a code indicating the pre-condition for performing the service. For example &#39;pain&#39;, &#39;on flare-up&#39;, etc."/><min value="0"/><max value="0"/><base><path value="shr-core-MedicationAdministration-model.dosage.asNeeded[x]"/><min value="0"/><max value="0"/></base><type><code value="boolean"/></type><type><code value="Coding"/></type><mustSupport value="false"/><isModifier value="false"/><isSummary value="false"/></element><element id="shr-core-MedicationAdministration-model.dosage.administrationSite"><path value="shr-core-MedicationAdministration-model.dosage.administrationSite"/><short value="The anatomic site at which the medication applied."/><definition value="The anatomic site at which the medication applied."/><min value="0"/><max value="1"/><base><path value="shr-core-MedicationAdministration-model.dosage.administrationSite"/><min value="0"/><max value="1"/></base><type><code value="Coding"/></type><mustSupport value="false"/><isModifier value="false"/><isSummary value="false"/><binding><strength value="example"/><valueSetReference><reference value="http://hl7.org/fhir/us/shrcore/shr/core/vs/BodyLocationVS"/></valueSetReference></binding></element><element id="shr-core-MedicationAdministration-model.dosage.routeIntoBody"><path value="shr-core-MedicationAdministration-model.dosage.routeIntoBody"/><code><system value="http://ncimeta.nci.nih.gov"/><code value="C0013153"/></code><short value="The way a substance enters an organism after contact, particularly, the route of drug administration."/><definition value="The way a substance enters an organism after contact, particularly, the route of drug administration."/><min value="0"/><max value="1"/><base><path value="shr-core-MedicationAdministration-model.dosage.routeIntoBody"/><min value="0"/><max value="1"/></base><type><code value="Coding"/></type><mustSupport value="false"/><isModifier value="false"/><isSummary value="false"/><binding><strength value="required"/><valueSetReference><reference value="http://hl7.org/fhir/ValueSet/route-codes"/></valueSetReference></binding></element><element id="shr-core-MedicationAdministration-model.dosage.method"><path value="shr-core-MedicationAdministration-model.dosage.method"/><short value="The technique used to carry out an action, for example, the specific imaging technical or assessment vehicle."/><definition value="The technique used to carry out an action, for example, the specific imaging technical or assessment vehicle."/><min value="0"/><max value="1"/><base><path value="shr-core-MedicationAdministration-model.dosage.method"/><min value="0"/><max value="1"/></base><type><code value="Coding"/></type><mustSupport value="false"/><isModifier value="false"/><isSummary value="false"/><binding><strength value="preferred"/><valueSetReference><reference value="http://hl7.org/fhir/ValueSet/administration-method-codes"/></valueSetReference></binding></element><element id="shr-core-MedicationAdministration-model.dosage.doseAndRate"><path value="shr-core-MedicationAdministration-model.dosage.doseAndRate"/><short value="The amount of medication administered."/><definition value="The amount of medication administered."/><min value="0"/><max value="1"/><base><path value="shr-core-MedicationAdministration-model.dosage.doseAndRate"/><min value="0"/><max value="1"/></base><type><code value="http://hl7.org/fhir/us/shr/StructureDefinition/shr-core-DoseAndRate-model"/></type><mustSupport value="false"/><isModifier value="false"/><isSummary value="false"/></element><element id="shr-core-MedicationAdministration-model.dosage.doseAndRate.type"><path value="shr-core-MedicationAdministration-model.dosage.doseAndRate.type"/><code><system value="http://ncimeta.nci.nih.gov"/><code value="C0332307"/></code><short value="A code describing the item at a greater level of detail."/><definition value="A code describing the item at a greater level of detail."/><min value="0"/><max value="0"/><base><path value="shr-core-MedicationAdministration-model.dosage.doseAndRate.type"/><min value="0"/><max value="0"/></base><type><code value="Coding"/></type><mustSupport value="false"/><isModifier value="false"/><isSummary value="false"/><binding><strength value="example"/><valueSetReference><reference value="http://hl7.org/fhir/ValueSet/dose-rate-type"/></valueSetReference></binding></element><element id="shr-core-MedicationAdministration-model.dosage.doseAndRate.doseAmount[x]"><path value="shr-core-MedicationAdministration-model.dosage.doseAndRate.doseAmount[x]"/><short value="The amount of medication taken per dose, as a quantity or range. Relative dose (e.g., per kg body weight or surface area) are indicated by specifying appropriate units (e.g., mg/kg or mg/m2 etc)."/><definition value="The amount of medication taken per dose, as a quantity or range. Relative dose (e.g., per kg body weight or surface area) are indicated by specifying appropriate units (e.g., mg/kg or mg/m2 etc)."/><min value="0"/><max value="1"/><base><path value="shr-core-MedicationAdministration-model.dosage.doseAndRate.doseAmount[x]"/><min value="0"/><max value="1"/></base><type><code value="http://hl7.org/fhir/us/shr/StructureDefinition/shr-core-SimpleQuantity-model"/></type><type><code value="http://hl7.org/fhir/us/shr/StructureDefinition/shr-core-Range-model"/></type><mustSupport value="false"/><isModifier value="false"/><isSummary value="false"/></element><element id="shr-core-MedicationAdministration-model.dosage.doseAndRate.doseRate[x]"><path value="shr-core-MedicationAdministration-model.dosage.doseAndRate.doseRate[x]"/><short value="The speed with which the medication was or will be introduced into the patient. Typically the rate is used to describe an infusion, e.g,. 100 ml per 1 hour or 100 ml/hr."/><definition value="The speed with which the medication was or will be introduced into the patient. Typically the rate is used to describe an infusion, e.g,. 100 ml per 1 hour or 100 ml/hr."/><min value="0"/><max value="1"/><base><path value="shr-core-MedicationAdministration-model.dosage.doseAndRate.doseRate[x]"/><min value="0"/><max value="1"/></base><type><code value="http://hl7.org/fhir/us/shr/StructureDefinition/shr-core-Ratio-model"/></type><type><code value="http://hl7.org/fhir/us/shr/StructureDefinition/shr-core-Range-model"/></type><type><code value="http://hl7.org/fhir/us/shr/StructureDefinition/shr-core-SimpleQuantity-model"/></type><mustSupport value="false"/><isModifier value="false"/><isSummary value="false"/></element><element id="shr-core-MedicationAdministration-model.dosage.maxDosePerPeriod"><path value="shr-core-MedicationAdministration-model.dosage.maxDosePerPeriod"/><short value="The maximum amount of a medication to be taken in a given period of time (e.g., no more than x in any 24-hour period)"/><definition value="The maximum amount of a medication to be taken in a given period of time (e.g., no more than x in any 24-hour period)"/><min value="0"/><max value="0"/><base><path value="shr-core-MedicationAdministration-model.dosage.maxDosePerPeriod"/><min value="0"/><max value="0"/></base><type><code value="http://hl7.org/fhir/us/shr/StructureDefinition/shr-core-Ratio-model"/></type><mustSupport value="false"/><isModifier value="false"/><isSummary value="false"/></element><element id="shr-core-MedicationAdministration-model.dosage.maxDosePerAdministration"><path value="shr-core-MedicationAdministration-model.dosage.maxDosePerAdministration"/><short value="Upper limit on medication per administration."/><definition value="Upper limit on medication per administration."/><min value="0"/><max value="0"/><base><path value="shr-core-MedicationAdministration-model.dosage.maxDosePerAdministration"/><min value="0"/><max value="0"/></base><type><code value="http://hl7.org/fhir/us/shr/StructureDefinition/shr-core-SimpleQuantity-model"/></type><mustSupport value="false"/><isModifier value="false"/><isSummary value="false"/></element><element id="shr-core-MedicationAdministration-model.dosage.maxDosePerLifetime"><path value="shr-core-MedicationAdministration-model.dosage.maxDosePerLifetime"/><short value="Upper limit on medication per lifetime of the patient."/><definition value="Upper limit on medication per lifetime of the patient."/><min value="0"/><max value="0"/><base><path value="shr-core-MedicationAdministration-model.dosage.maxDosePerLifetime"/><min value="0"/><max value="0"/></base><type><code value="http://hl7.org/fhir/us/shr/StructureDefinition/shr-core-SimpleQuantity-model"/></type><mustSupport value="false"/><isModifier value="false"/><isSummary value="false"/></element><element id="shr-core-MedicationAdministration-model.category"><path value="shr-core-MedicationAdministration-model.category"/><short value="The general type or class of this item."/><definition value="The general type or class of this item."/><min value="0"/><max value="1"/><base><path value="shr-core-MedicationAdministration-model.category"/><min value="0"/><max value="1"/></base><type><code value="Coding"/></type><mustSupport value="false"/><isModifier value="false"/><isSummary value="false"/><binding><strength value="preferred"/><valueSetReference><reference value="http://hl7.org/fhir/ValueSet/medication-admin-category"/></valueSetReference></binding></element></snapshot><differential><element id="shr-core-MedicationAdministration-model"><path value="shr-core-MedicationAdministration-model"/><definition value="A record of the use of a medication. If the medication is given as part of a course of treatment, the PartOf attribute should refer to the CourseOfTreatment.&#xA;Although FHIR MedicationAdministration supports date of administration, information source, performer, it lacks common provenance elements, statement creation date, author, and recorder. These are supported as optional extensions.&#xA;FHIR DSTU2 lacks a category attribute, which is provided as an extension in that version.&#xA;SHR does not allow the &#39;not given&#39; attributes from DSTU2 and STU3, since they are dropped in R4. The status element is used to document medications not given."/><min value="0"/><max value="*"/><base><path value="shr-core-MedicationAdministration-model"/><min value="0"/><max value="*"/></base><mustSupport value="false"/><isModifier value="false"/><isSummary value="false"/></element><element id="shr-core-MedicationAdministration-model.metadata"><path value="shr-core-MedicationAdministration-model.metadata"/><short value="Elements that belong to all information items."/><definition value="Elements that belong to all information items."/><min value="0"/><max value="1"/><base><path value="shr-core-MedicationAdministration-model.metadata"/><min value="0"/><max value="1"/></base><type><code value="http://hl7.org/fhir/us/shr/StructureDefinition/shr-core-Metadata-model"/></type><mustSupport value="false"/><isModifier value="false"/><isSummary value="false"/></element><element id="shr-core-MedicationAdministration-model.language"><path value="shr-core-MedicationAdministration-model.language"/><short value="A human language, spoken or written."/><definition value="A human language, spoken or written."/><min value="0"/><max value="1"/><base><path value="shr-core-MedicationAdministration-model.language"/><min value="0"/><max value="1"/></base><type><code value="Coding"/></type><mustSupport value="false"/><isModifier value="false"/><isSummary value="false"/></element><element id="shr-core-MedicationAdministration-model.implicitRules"><path value="shr-core-MedicationAdministration-model.implicitRules"/><short value="A set of rules under which this content was created"/><definition value="A set of rules under which this content was created"/><min value="0"/><max value="1"/><base><path value="shr-core-MedicationAdministration-model.implicitRules"/><min value="0"/><max value="1"/></base><type><code value="uri"/></type><mustSupport value="false"/><isModifier value="false"/><isSummary value="false"/></element><element id="shr-core-MedicationAdministration-model.narrative"><path value="shr-core-MedicationAdministration-model.narrative"/><short value="A human-readable narrative, potentially including images, that contains a summary of the resource, and may be used to represent the content of the resource to a human."/><definition value="A human-readable narrative, potentially including images, that contains a summary of the resource, and may be used to represent the content of the resource to a human."/><min value="0"/><max value="1"/><base><path value="shr-core-MedicationAdministration-model.narrative"/><min value="0"/><max value="1"/></base><type><code value="http://hl7.org/fhir/us/shr/StructureDefinition/shr-core-Narrative-model"/></type><mustSupport value="false"/><isModifier value="false"/><isSummary value="false"/></element><element id="shr-core-MedicationAdministration-model.status"><path value="shr-core-MedicationAdministration-model.status"/><short value="A state that relates to the workflow or interpretation of this resource. Certain status values can modify the meaning of the resource, for example, entered-in-error. When a boolean value is used, Status of true indicates the record is active, false means inactive."/><definition value="A state that relates to the workflow or interpretation of this resource. Certain status values can modify the meaning of the resource, for example, entered-in-error. When a boolean value is used, Status of true indicates the record is active, false means inactive."/><min value="1"/><max value="1"/><base><path value="shr-core-MedicationAdministration-model.status"/><min value="1"/><max value="1"/></base><type><code value="Coding"/></type><mustSupport value="false"/><isModifier value="false"/><isSummary value="false"/><binding><strength value="required"/><valueSetReference><reference value="http://hl7.org/fhir/ValueSet/medication-admin-status"/></valueSetReference></binding></element><element id="shr-core-MedicationAdministration-model.identifier"><path value="shr-core-MedicationAdministration-model.identifier"/><short value="Business identifier or external id for this resource."/><definition value="Business identifier or external id for this resource."/><min value="0"/><max value="*"/><base><path value="shr-core-MedicationAdministration-model.identifier"/><min value="0"/><max value="*"/></base><type><code value="http://hl7.org/fhir/us/shr/StructureDefinition/shr-core-Identifier-model"/></type><mustSupport value="false"/><isModifier value="false"/><isSummary value="false"/></element><element id="shr-core-MedicationAdministration-model.subjectOfRecord"><path value="shr-core-MedicationAdministration-model.subjectOfRecord"/><code><system value="http://ncimeta.nci.nih.gov"/><code value="C1299487"/></code><short value="The subject of a clinical statement, often called the Patient or the Subject. The SubjectOfRecord typically identifies the clinical record in which this statement is contained. If the statement should be in John Doe&#39;s patient record, then John Doe is the subject of record. When there is no patient, the SubjectOfRecord can also be a location, group, or other entity that statement pertains to. For example, observations concerning a hospital ward would have a Location as the SubjectOfRecord."/><definition value="The subject of a clinical statement, often called the Patient or the Subject. The SubjectOfRecord typically identifies the clinical record in which this statement is contained. If the statement should be in John Doe&#39;s patient record, then John Doe is the subject of record. When there is no patient, the SubjectOfRecord can also be a location, group, or other entity that statement pertains to. For example, observations concerning a hospital ward would have a Location as the SubjectOfRecord.&#xA;&#xA;Note that the word &#39;Subject&#39; is used here in the sense of a person or entity subjected to observations or actions, not subject as in a conceptual topic, like heart disease."/><min value="1"/><max value="1"/><base><path value="shr-core-MedicationAdministration-model.subjectOfRecord"/><min value="1"/><max value="1"/></base><type><code value="Reference"/><targetProfile value="http://hl7.org/fhir/us/shr/StructureDefinition/shr-core-Patient-model"/></type><mustSupport value="false"/><isModifier value="false"/><isSummary value="false"/></element><element id="shr-core-MedicationAdministration-model.careContext[x]"><path value="shr-core-MedicationAdministration-model.careContext[x]"/><short value="The encounter or episode of care"/><definition value="The encounter or episode of care"/><min value="0"/><max value="1"/><base><path value="shr-core-MedicationAdministration-model.careContext[x]"/><min value="0"/><max value="1"/></base><type><code value="Reference"/><targetProfile value="http://hl7.org/fhir/us/shr/StructureDefinition/shr-core-Encounter-model"/></type><type><code value="Reference"/><targetProfile value="http://hl7.org/fhir/us/shr/StructureDefinition/shr-core-EpisodeOfCare-model"/></type><mustSupport value="false"/><isModifier value="false"/><isSummary value="false"/></element><element id="shr-core-MedicationAdministration-model.statementDateTime"><path value="shr-core-MedicationAdministration-model.statementDateTime"/><code><system value="http://ncimeta.nci.nih.gov"/><code value="C3669169"/></code><short value="The point in time when the statement was created."/><definition value="The point in time when the statement was created."/><min value="0"/><max value="1"/><base><path value="shr-core-MedicationAdministration-model.statementDateTime"/><min value="0"/><max value="1"/></base><type><code value="dateTime"/></type><mustSupport value="false"/><isModifier value="false"/><isSummary value="false"/></element><element id="shr-core-MedicationAdministration-model.reasonCode"><path value="shr-core-MedicationAdministration-model.reasonCode"/><code><system value="http://ncimeta.nci.nih.gov"/><code value="C0566251"/></code><short value="The explanation or justification for the current item or action, as a code."/><definition value="The explanation or justification for the current item or action, as a code.&#xA;Reason is a string or CodeableConcept in DSTU2 but in later versions only a CodeableConcept."/><min value="0"/><max value="*"/><base><path value="shr-core-MedicationAdministration-model.reasonCode"/><min value="0"/><max value="*"/></base><type><code value="Coding"/></type><mustSupport value="false"/><isModifier value="false"/><isSummary value="false"/></element><element id="shr-core-MedicationAdministration-model.medicationReasonReference[x]"><path value="shr-core-MedicationAdministration-model.medicationReasonReference[x]"/><slicing><discriminator><type value="type"/><path value="$this"/></discriminator><ordered value="false"/><rules value="open"/></slicing><short value="Condition or observation that supports why the medication is being/was taken"/><definition value="Condition or observation that supports why the medication is being/was taken"/><min value="0"/><max value="*"/><base><path value="shr-core-MedicationAdministration-model.medicationReasonReference[x]"/><min value="0"/><max value="*"/></base><type><code value="Reference"/><targetProfile value="http://hl7.org/fhir/us/shr/StructureDefinition/shr-core-Condition-model"/></type><type><code value="Reference"/><targetProfile value="http://hl7.org/fhir/us/shr/StructureDefinition/shr-core-Observation-model"/></type><type><code value="Reference"/><targetProfile value="http://hl7.org/fhir/us/shr/StructureDefinition/shr-core-DiagnosticReport-model"/></type><mustSupport value="false"/><isModifier value="false"/><isSummary value="false"/></element><element id="shr-core-MedicationAdministration-model.medicationReasonReferenceShr-core-Condition-model:Condition"><path value="shr-core-MedicationAdministration-model.medicationReasonReferenceShr-core-Condition-model"/><sliceName value="Condition"/><short value="A condition that is or may be present in a subject. &#39;Condition&#39; is interpreted broadly and could be a disorder, abnormality, problem, injury, complaint, functionality, illness, disease, ailment, sickness, affliction, upset, difficulty, disorder, symptom, worry, or trouble."/><definition value="A condition that is or may be present in a subject. &#39;Condition&#39; is interpreted broadly and could be a disorder, abnormality, problem, injury, complaint, functionality, illness, disease, ailment, sickness, affliction, upset, difficulty, disorder, symptom, worry, or trouble.&#xA;The Observation-based class, ConditionAbsent, should be used to describe conditions that are not present or negative findings.&#xA;SHR Condition uses the SHR BodyLocation structure that includes not only a code, but optional laterality, direction, clock direction, and distance. If included, the distance is measured from the location specified by the code, laterality, and direction."/><min value="1"/><max value="1"/><base><path value="shr-core-MedicationAdministration-model.medicationReasonReference[x]"/><min value="0"/><max value="*"/></base><type><code value="Reference"/><targetProfile value="http://hl7.org/fhir/us/shr/StructureDefinition/shr-core-Condition-model"/></type><mustSupport value="false"/><isModifier value="false"/><isSummary value="false"/></element><element id="shr-core-MedicationAdministration-model.medicationReasonReferenceShr-core-Observation-model:Observation"><path value="shr-core-MedicationAdministration-model.medicationReasonReferenceShr-core-Observation-model"/><sliceName value="Observation"/><short value="Represents the result of evaluations (measurements, tests, or questions) that have been performed."/><definition value="Represents the result of evaluations (measurements, tests, or questions) that have been performed.&#xA;Observation has a value representing the result (answer), or an DataAbsentReason indicating why the value is not present. Things observed about the subject can include social and behavioral factors, subjective and objective observations, and assessments.&#xA;For an Observation, the Code describes the aspect or property of the subject being observed or measured. The Code is the &#39;question code&#39; that pairs to the &#39;answer&#39; contained in the Value."/><min value="1"/><max value="1"/><base><path value="shr-core-MedicationAdministration-model.medicationReasonReference[x]"/><min value="0"/><max value="*"/></base><type><code value="Reference"/><targetProfile value="http://hl7.org/fhir/us/shr/StructureDefinition/shr-core-Observation-model"/></type><mustSupport value="false"/><isModifier value="false"/><isSummary value="false"/></element><element id="shr-core-MedicationAdministration-model.medicationReasonReferenceShr-core-DiagnosticReport-model:DiagnosticReport"><path value="shr-core-MedicationAdministration-model.medicationReasonReferenceShr-core-DiagnosticReport-model"/><sliceName value="DiagnosticReport"/><short value="DiagnosticReport"/><definition value="DiagnosticReport"/><min value="1"/><max value="1"/><base><path value="shr-core-MedicationAdministration-model.medicationReasonReference[x]"/><min value="0"/><max value="*"/></base><type><code value="Reference"/><targetProfile value="http://hl7.org/fhir/us/shr/StructureDefinition/shr-core-DiagnosticReport-model"/></type><mustSupport value="false"/><isModifier value="false"/><isSummary value="false"/></element><element id="shr-core-MedicationAdministration-model.medicationAdministrationBasedOn"><path value="shr-core-MedicationAdministration-model.medicationAdministrationBasedOn"/><short value="The original request, instruction or authority to perform the administration."/><definition value="The original request, instruction or authority to perform the administration."/><min value="0"/><max value="1"/><base><path value="shr-core-MedicationAdministration-model.medicationAdministrationBasedOn"/><min value="0"/><max value="1"/></base><type><code value="Reference"/><targetProfile value="http://hl7.org/fhir/us/shr/StructureDefinition/shr-core-MedicationRequest-model"/></type><mustSupport value="false"/><isModifier value="false"/><isSummary value="false"/></element><element id="shr-core-MedicationAdministration-model.occurrenceTimeOrPeriod[x]"><path value="shr-core-MedicationAdministration-model.occurrenceTimeOrPeriod[x]"/><short value="The point or period of time when the event takes place. Times can be precise (dateTime) or approximate (date). If a time period is used, and the start date or dateTime is missing, the start of the period is not known. If the end date or dateTime is missing, it means that the period is ongoing."/><definition value="The point or period of time when the event takes place. Times can be precise (dateTime) or approximate (date). If a time period is used, and the start date or dateTime is missing, the start of the period is not known. If the end date or dateTime is missing, it means that the period is ongoing."/><min value="1"/><max value="1"/><base><path value="shr-core-MedicationAdministration-model.occurrenceTimeOrPeriod[x]"/><min value="1"/><max value="1"/></base><type><code value="date"/></type><type><code value="dateTime"/></type><type><code value="http://hl7.org/fhir/us/shr/StructureDefinition/shr-core-TimePeriod-model"/></type><mustSupport value="false"/><isModifier value="false"/><isSummary value="false"/></element><element id="shr-core-MedicationAdministration-model.participation"><path value="shr-core-MedicationAdministration-model.participation"/><short value="Record of someone or something involvement in an activity or event."/><definition value="Record of someone or something involvement in an activity or event."/><min value="0"/><max value="1"/><base><path value="shr-core-MedicationAdministration-model.participation"/><min value="0"/><max value="1"/></base><type><code value="BackboneElement"/></type><mustSupport value="false"/><isModifier value="false"/><isSummary value="false"/></element><element id="shr-core-MedicationAdministration-model.participation.personParticipant[x]"><path value="shr-core-MedicationAdministration-model.participation.personParticipant[x]"/><short value="A choice of Patient, Practitioner and RelatedPerson as participant."/><definition value="A choice of Patient, Practitioner and RelatedPerson as participant."/><min value="0"/><max value="1"/><base><path value="shr-core-MedicationAdministration-model.participation.personParticipant[x]"/><min value="0"/><max value="1"/></base><type><code value="Reference"/><targetProfile value="http://hl7.org/fhir/us/shr/StructureDefinition/shr-core-Patient-model"/></type><type><code value="Reference"/><targetProfile value="http://hl7.org/fhir/us/shr/StructureDefinition/shr-core-Practitioner-model"/></type><type><code value="Reference"/><targetProfile value="http://hl7.org/fhir/us/shr/StructureDefinition/shr-core-RelatedPerson-model"/></type><mustSupport value="false"/><isModifier value="false"/><isSummary value="false"/></element><element id="shr-core-MedicationAdministration-model.participation.participationType"><path value="shr-core-MedicationAdministration-model.participation.participationType"/><code><system value="http://ncimeta.nci.nih.gov"/><code value="C1553854"/></code><short value="The role played by the participant engaged in the action, for example, as the attending physician, surgical assistant, etc."/><definition value="The role played by the participant engaged in the action, for example, as the attending physician, surgical assistant, etc."/><min value="0"/><max value="0"/><base><path value="shr-core-MedicationAdministration-model.participation.participationType"/><min value="0"/><max value="0"/></base><type><code value="Coding"/></type><mustSupport value="false"/><isModifier value="false"/><isSummary value="false"/><binding><strength value="example"/><valueSetReference><reference value="http://hl7.org/fhir/ValueSet/performer-role"/></valueSetReference></binding></element><element id="shr-core-MedicationAdministration-model.participation.participationPeriod"><path value="shr-core-MedicationAdministration-model.participation.participationPeriod"/><short value="The point in time or span of time the participant is involved."/><definition value="The point in time or span of time the participant is involved."/><min value="0"/><max value="1"/><base><path value="shr-core-MedicationAdministration-model.participation.participationPeriod"/><min value="0"/><max value="1"/></base><type><code value="http://hl7.org/fhir/us/shr/StructureDefinition/shr-core-TimePeriod-model"/></type><mustSupport value="false"/><isModifier value="false"/><isSummary value="false"/></element><element id="shr-core-MedicationAdministration-model.participation.onBehalfOf[x]"><path value="shr-core-MedicationAdministration-model.participation.onBehalfOf[x]"/><short value="The party represented by the actual participant."/><definition value="The party represented by the actual participant."/><min value="0"/><max value="1"/><base><path value="shr-core-MedicationAdministration-model.participation.onBehalfOf[x]"/><min value="0"/><max value="1"/></base><type><code value="Reference"/><targetProfile value="http://hl7.org/fhir/us/shr/StructureDefinition/shr-core-Practitioner-model"/></type><type><code value="Reference"/><targetProfile value="http://hl7.org/fhir/us/shr/StructureDefinition/shr-core-RelatedPerson-model"/></type><type><code value="Reference"/><targetProfile value="http://hl7.org/fhir/us/shr/StructureDefinition/shr-core-Patient-model"/></type><type><code value="Reference"/><targetProfile value="http://hl7.org/fhir/us/shr/StructureDefinition/shr-core-Device-model"/></type><type><code value="Reference"/><targetProfile value="http://hl7.org/fhir/us/shr/StructureDefinition/shr-core-Organization-model"/></type><mustSupport value="false"/><isModifier value="false"/><isSummary value="false"/></element><element id="shr-core-MedicationAdministration-model.method"><path value="shr-core-MedicationAdministration-model.method"/><short value="The technique used to carry out an action, for example, the specific imaging technical or assessment vehicle."/><definition value="The technique used to carry out an action, for example, the specific imaging technical or assessment vehicle."/><min value="0"/><max value="0"/><base><path value="shr-core-MedicationAdministration-model.method"/><min value="0"/><max value="0"/></base><type><code value="Coding"/></type><mustSupport value="false"/><isModifier value="false"/><isSummary value="false"/></element><element id="shr-core-MedicationAdministration-model.medicationCodeOrReference[x]"><path value="shr-core-MedicationAdministration-model.medicationCodeOrReference[x]"/><slicing><discriminator><type value="type"/><path value="$this"/></discriminator><ordered value="false"/><rules value="open"/></slicing><short value="A choice of a medication code or reference."/><definition value="A choice of a medication code or reference."/><min value="1"/><max value="1"/><base><path value="shr-core-MedicationAdministration-model.medicationCodeOrReference[x]"/><min value="1"/><max value="1"/></base><type><code value="Coding"/></type><type><code value="Reference"/><targetProfile value="http://hl7.org/fhir/us/shr/StructureDefinition/shr-core-Medication-model"/></type><mustSupport value="false"/><isModifier value="false"/><isSummary value="false"/></element><element id="shr-core-MedicationAdministration-model.medicationCodeOrReferenceCoding:CodeableConcept"><path value="shr-core-MedicationAdministration-model.medicationCodeOrReferenceCoding"/><sliceName value="CodeableConcept"/><short value="A set of codes drawn from different coding systems, representing the same concept."/><definition value="A set of codes drawn from different coding systems, representing the same concept."/><min value="1"/><max value="1"/><base><path value="shr-core-MedicationAdministration-model.medicationCodeOrReference[x]"/><min value="1"/><max value="1"/></base><type><code value="Coding"/></type><mustSupport value="false"/><isModifier value="false"/><isSummary value="false"/><binding><strength value="extensible"/><valueSetReference><reference value="http://h7.org/fhir/us/core/ValueSet/us-core-medication-codes"/></valueSetReference></binding></element><element id="shr-core-MedicationAdministration-model.dosage"><path value="shr-core-MedicationAdministration-model.dosage"/><short value="The dosage of the medication. The data structure is flexible and can describe a dosage prescribed, administered, or reported."/><definition value="The dosage of the medication. The data structure is flexible and can describe a dosage prescribed, administered, or reported."/><min value="0"/><max value="1"/><base><path value="shr-core-MedicationAdministration-model.dosage"/><min value="0"/><max value="1"/></base><type><code value="http://hl7.org/fhir/us/shr/StructureDefinition/shr-core-Dosage-model"/></type><mustSupport value="false"/><isModifier value="false"/><isSummary value="false"/></element><element id="shr-core-MedicationAdministration-model.dosage.doseSequenceNumber"><path value="shr-core-MedicationAdministration-model.dosage.doseSequenceNumber"/><short value="Dose number within series."/><definition value="Dose number within series."/><min value="0"/><max value="0"/><base><path value="shr-core-MedicationAdministration-model.dosage.doseSequenceNumber"/><min value="0"/><max value="0"/></base><type><code value="integer"/></type><mustSupport value="false"/><isModifier value="false"/><isSummary value="false"/></element><element id="shr-core-MedicationAdministration-model.dosage.instructionText"><path value="shr-core-MedicationAdministration-model.dosage.instructionText"/><short value="The directions (signetur) on the drug prescription or dispensing record."/><definition value="The directions (signetur) on the drug prescription or dispensing record."/><min value="0"/><max value="1"/><base><path value="shr-core-MedicationAdministration-model.dosage.instructionText"/><min value="0"/><max value="1"/></base><type><code value="string"/></type><mustSupport value="false"/><isModifier value="false"/><isSummary value="false"/></element><element id="shr-core-MedicationAdministration-model.dosage.instructionCode"><path value="shr-core-MedicationAdministration-model.dosage.instructionCode"/><short value="Coded instructions, e.g., &#39;with meals&#39;."/><definition value="Coded instructions, e.g., &#39;with meals&#39;."/><min value="0"/><max value="0"/><base><path value="shr-core-MedicationAdministration-model.dosage.instructionCode"/><min value="0"/><max value="0"/></base><type><code value="Coding"/></type><mustSupport value="false"/><isModifier value="false"/><isSummary value="false"/><binding><strength value="example"/><valueSetReference><reference value="http://hl7.org/fhir/ValueSet/additional-instruction-codes"/></valueSetReference></binding></element><element id="shr-core-MedicationAdministration-model.dosage.patientInstruction"><path value="shr-core-MedicationAdministration-model.dosage.patientInstruction"/><short value="Patient or consumer-oriented instructions."/><definition value="Patient or consumer-oriented instructions."/><min value="0"/><max value="0"/><base><path value="shr-core-MedicationAdministration-model.dosage.patientInstruction"/><min value="0"/><max value="0"/></base><type><code value="string"/></type><mustSupport value="false"/><isModifier value="false"/><isSummary value="false"/></element><element id="shr-core-MedicationAdministration-model.dosage.timing"><path value="shr-core-MedicationAdministration-model.dosage.timing"/><short value="A timing schedule that specifies an event that may occur multiple times."/><definition value="A timing schedule that specifies an event that may occur multiple times.&#xA;Timing offers a choice of multiple OccurrenceTime (used is used to specify specific times), or recurrence patterns."/><min value="0"/><max value="0"/><base><path value="shr-core-MedicationAdministration-model.dosage.timing"/><min value="0"/><max value="1"/></base><type><code value="http://hl7.org/fhir/us/shr/StructureDefinition/shr-core-Timing-model"/></type><mustSupport value="false"/><isModifier value="false"/><isSummary value="false"/></element><element id="shr-core-MedicationAdministration-model.dosage.asNeeded[x]"><path value="shr-core-MedicationAdministration-model.dosage.asNeeded[x]"/><short value="Preconditions for service, either &#39;true&#39; indicating to be performed if needed, or a code indicating the pre-condition for performing the service. For example &#39;pain&#39;, &#39;on flare-up&#39;, etc."/><definition value="Preconditions for service, either &#39;true&#39; indicating to be performed if needed, or a code indicating the pre-condition for performing the service. For example &#39;pain&#39;, &#39;on flare-up&#39;, etc."/><min value="0"/><max value="0"/><base><path value="shr-core-MedicationAdministration-model.dosage.asNeeded[x]"/><min value="0"/><max value="0"/></base><type><code value="boolean"/></type><type><code value="Coding"/></type><mustSupport value="false"/><isModifier value="false"/><isSummary value="false"/></element><element id="shr-core-MedicationAdministration-model.dosage.administrationSite"><path value="shr-core-MedicationAdministration-model.dosage.administrationSite"/><short value="The anatomic site at which the medication applied."/><definition value="The anatomic site at which the medication applied."/><min value="0"/><max value="1"/><base><path value="shr-core-MedicationAdministration-model.dosage.administrationSite"/><min value="0"/><max value="1"/></base><type><code value="Coding"/></type><mustSupport value="false"/><isModifier value="false"/><isSummary value="false"/><binding><strength value="example"/><valueSetReference><reference value="http://hl7.org/fhir/us/shrcore/shr/core/vs/BodyLocationVS"/></valueSetReference></binding></element><element id="shr-core-MedicationAdministration-model.dosage.routeIntoBody"><path value="shr-core-MedicationAdministration-model.dosage.routeIntoBody"/><code><system value="http://ncimeta.nci.nih.gov"/><code value="C0013153"/></code><short value="The way a substance enters an organism after contact, particularly, the route of drug administration."/><definition value="The way a substance enters an organism after contact, particularly, the route of drug administration."/><min value="0"/><max value="1"/><base><path value="shr-core-MedicationAdministration-model.dosage.routeIntoBody"/><min value="0"/><max value="1"/></base><type><code value="Coding"/></type><mustSupport value="false"/><isModifier value="false"/><isSummary value="false"/><binding><strength value="required"/><valueSetReference><reference value="http://hl7.org/fhir/ValueSet/route-codes"/></valueSetReference></binding></element><element id="shr-core-MedicationAdministration-model.dosage.method"><path value="shr-core-MedicationAdministration-model.dosage.method"/><short value="The technique used to carry out an action, for example, the specific imaging technical or assessment vehicle."/><definition value="The technique used to carry out an action, for example, the specific imaging technical or assessment vehicle."/><min value="0"/><max value="1"/><base><path value="shr-core-MedicationAdministration-model.dosage.method"/><min value="0"/><max value="1"/></base><type><code value="Coding"/></type><mustSupport value="false"/><isModifier value="false"/><isSummary value="false"/><binding><strength value="preferred"/><valueSetReference><reference value="http://hl7.org/fhir/ValueSet/administration-method-codes"/></valueSetReference></binding></element><element id="shr-core-MedicationAdministration-model.dosage.doseAndRate"><path value="shr-core-MedicationAdministration-model.dosage.doseAndRate"/><short value="The amount of medication administered."/><definition value="The amount of medication administered."/><min value="0"/><max value="1"/><base><path value="shr-core-MedicationAdministration-model.dosage.doseAndRate"/><min value="0"/><max value="1"/></base><type><code value="http://hl7.org/fhir/us/shr/StructureDefinition/shr-core-DoseAndRate-model"/></type><mustSupport value="false"/><isModifier value="false"/><isSummary value="false"/></element><element id="shr-core-MedicationAdministration-model.dosage.doseAndRate.type"><path value="shr-core-MedicationAdministration-model.dosage.doseAndRate.type"/><code><system value="http://ncimeta.nci.nih.gov"/><code value="C0332307"/></code><short value="A code describing the item at a greater level of detail."/><definition value="A code describing the item at a greater level of detail."/><min value="0"/><max value="0"/><base><path value="shr-core-MedicationAdministration-model.dosage.doseAndRate.type"/><min value="0"/><max value="0"/></base><type><code value="Coding"/></type><mustSupport value="false"/><isModifier value="false"/><isSummary value="false"/><binding><strength value="example"/><valueSetReference><reference value="http://hl7.org/fhir/ValueSet/dose-rate-type"/></valueSetReference></binding></element><element id="shr-core-MedicationAdministration-model.dosage.doseAndRate.doseAmount[x]"><path value="shr-core-MedicationAdministration-model.dosage.doseAndRate.doseAmount[x]"/><short value="The amount of medication taken per dose, as a quantity or range. Relative dose (e.g., per kg body weight or surface area) are indicated by specifying appropriate units (e.g., mg/kg or mg/m2 etc)."/><definition value="The amount of medication taken per dose, as a quantity or range. Relative dose (e.g., per kg body weight or surface area) are indicated by specifying appropriate units (e.g., mg/kg or mg/m2 etc)."/><min value="0"/><max value="1"/><base><path value="shr-core-MedicationAdministration-model.dosage.doseAndRate.doseAmount[x]"/><min value="0"/><max value="1"/></base><type><code value="http://hl7.org/fhir/us/shr/StructureDefinition/shr-core-SimpleQuantity-model"/></type><type><code value="http://hl7.org/fhir/us/shr/StructureDefinition/shr-core-Range-model"/></type><mustSupport value="false"/><isModifier value="false"/><isSummary value="false"/></element><element id="shr-core-MedicationAdministration-model.dosage.doseAndRate.doseRate[x]"><path value="shr-core-MedicationAdministration-model.dosage.doseAndRate.doseRate[x]"/><short value="The speed with which the medication was or will be introduced into the patient. Typically the rate is used to describe an infusion, e.g,. 100 ml per 1 hour or 100 ml/hr."/><definition value="The speed with which the medication was or will be introduced into the patient. Typically the rate is used to describe an infusion, e.g,. 100 ml per 1 hour or 100 ml/hr."/><min value="0"/><max value="1"/><base><path value="shr-core-MedicationAdministration-model.dosage.doseAndRate.doseRate[x]"/><min value="0"/><max value="1"/></base><type><code value="http://hl7.org/fhir/us/shr/StructureDefinition/shr-core-Ratio-model"/></type><type><code value="http://hl7.org/fhir/us/shr/StructureDefinition/shr-core-Range-model"/></type><type><code value="http://hl7.org/fhir/us/shr/StructureDefinition/shr-core-SimpleQuantity-model"/></type><mustSupport value="false"/><isModifier value="false"/><isSummary value="false"/></element><element id="shr-core-MedicationAdministration-model.dosage.maxDosePerPeriod"><path value="shr-core-MedicationAdministration-model.dosage.maxDosePerPeriod"/><short value="The maximum amount of a medication to be taken in a given period of time (e.g., no more than x in any 24-hour period)"/><definition value="The maximum amount of a medication to be taken in a given period of time (e.g., no more than x in any 24-hour period)"/><min value="0"/><max value="0"/><base><path value="shr-core-MedicationAdministration-model.dosage.maxDosePerPeriod"/><min value="0"/><max value="0"/></base><type><code value="http://hl7.org/fhir/us/shr/StructureDefinition/shr-core-Ratio-model"/></type><mustSupport value="false"/><isModifier value="false"/><isSummary value="false"/></element><element id="shr-core-MedicationAdministration-model.dosage.maxDosePerAdministration"><path value="shr-core-MedicationAdministration-model.dosage.maxDosePerAdministration"/><short value="Upper limit on medication per administration."/><definition value="Upper limit on medication per administration."/><min value="0"/><max value="0"/><base><path value="shr-core-MedicationAdministration-model.dosage.maxDosePerAdministration"/><min value="0"/><max value="0"/></base><type><code value="http://hl7.org/fhir/us/shr/StructureDefinition/shr-core-SimpleQuantity-model"/></type><mustSupport value="false"/><isModifier value="false"/><isSummary value="false"/></element><element id="shr-core-MedicationAdministration-model.dosage.maxDosePerLifetime"><path value="shr-core-MedicationAdministration-model.dosage.maxDosePerLifetime"/><short value="Upper limit on medication per lifetime of the patient."/><definition value="Upper limit on medication per lifetime of the patient."/><min value="0"/><max value="0"/><base><path value="shr-core-MedicationAdministration-model.dosage.maxDosePerLifetime"/><min value="0"/><max value="0"/></base><type><code value="http://hl7.org/fhir/us/shr/StructureDefinition/shr-core-SimpleQuantity-model"/></type><mustSupport value="false"/><isModifier value="false"/><isSummary value="false"/></element><element id="shr-core-MedicationAdministration-model.category"><path value="shr-core-MedicationAdministration-model.category"/><short value="The general type or class of this item."/><definition value="The general type or class of this item."/><min value="0"/><max value="1"/><base><path value="shr-core-MedicationAdministration-model.category"/><min value="0"/><max value="1"/></base><type><code value="Coding"/></type><mustSupport value="false"/><isModifier value="false"/><isSummary value="false"/><binding><strength value="preferred"/><valueSetReference><reference value="http://hl7.org/fhir/ValueSet/medication-admin-category"/></valueSetReference></binding></element></differential></StructureDefinition>