<?xml version="1.0" encoding="UTF-8"?><StructureDefinition xmlns="http://hl7.org/fhir"><id value="shr-core-ContactPerson-extension"/><text><status value="generated"/><div xmlns="http://www.w3.org/1999/xhtml">
  <p><b>ContactPerson Extension</b></p>
  <p>A contact party (e.g. guardian, partner, friend) for the person</p>
</div></text><url value="http://hl7.org/fhir/us/shr/StructureDefinition/shr-core-ContactPerson-extension"/><identifier><system value="http://hl7.org/fhir/us/shrcore"/><value value="shr.core.ContactPerson"/></identifier><version value="0.5.0"/><name value="ContactPerson"/><title value="shr-core-ContactPerson"/><status value="draft"/><date value="2019-05-01T00:00:00-04:00"/><publisher value="The MITRE Corporation"/><contact><telecom><system value="url"/><value value="http://www.standardhealthrecord.org"/></telecom></contact><description value="A contact party (e.g. guardian, partner, friend) for the person"/><fhirVersion value="3.0.1"/><kind value="complex-type"/><abstract value="false"/><contextType value="resource"/><context value="*"/><type value="Extension"/><baseDefinition value="http://hl7.org/fhir/StructureDefinition/Extension"/><derivation value="constraint"/><snapshot><element id="Extension:contactperson"><path value="Extension"/><short value="ContactPerson"/><definition value="A contact party (e.g. guardian, partner, friend) for the person"/><min value="0"/><max value="*"/><base><path value="Extension"/><min value="0"/><max value="1"/></base><condition value="ele-1"/><constraint><key value="ele-1"/><severity value="error"/><human value="All FHIR elements must have a @value or children"/><expression value="children().count() &gt; id.count()"/><xpath value="@value|f:*|h:div"/><source value="Element"/></constraint><constraint><key value="ext-1"/><severity value="error"/><human value="Must have either extensions or value[x], not both"/><expression value="extension.exists() != value.exists()"/><xpath value="exists(f:extension)!=exists(f:*[starts-with(local-name(.), &#39;value&#39;)])"/><source value="Extension"/></constraint></element><element id="Extension:contactperson.id"><path value="Extension.id"/><representation value="xmlAttr"/><short value="xml:id (or equivalent in JSON)"/><definition value="unique id for the element within a resource (for internal references). This may be any string value that does not contain spaces."/><min value="0"/><max value="1"/><base><path value="Element.id"/><min value="0"/><max value="1"/></base><type><code value="string"/></type><mapping><identity value="rim"/><map value="N/A"/></mapping></element><element id="Extension:contactperson.extension"><path value="Extension.extension"/><slicing id="1"><discriminator><type value="value"/><path value="url"/></discriminator><ordered value="false"/><rules value="open"/></slicing><short value="Extension"/><definition value="An Extension"/><min value="0"/><max value="*"/><base><path value="Element.extension"/><min value="0"/><max value="*"/></base><type><code value="Extension"/></type></element><element id="Extension:contactperson.extension:relationship"><path value="Extension.extension"/><sliceName value="relationship"/><definition value="A description of the association between people or items."/><min value="0"/><max value="*"/><base><path value="Extension.extension"/><min value="0"/><max value="1"/></base><type><code value="Extension"/><profile value="http://hl7.org/fhir/us/shr/StructureDefinition/shr-core-Relationship-extension"/></type><isModifier value="false"/><mapping><identity value="rim"/><map value="N/A"/></mapping></element><element id="Extension:contactperson.extension:humanname"><path value="Extension.extension"/><sliceName value="humanname"/><definition value="A name used by a human being, written as it would be typically expressed. May include a breakdown of the various elements of the name (family name, given name, etc.)."/><min value="0"/><max value="1"/><base><path value="Extension.extension"/><min value="0"/><max value="1"/></base><type><code value="Extension"/><profile value="http://hl7.org/fhir/us/shr/StructureDefinition/shr-core-HumanName-extension"/></type><isModifier value="false"/><mapping><identity value="rim"/><map value="N/A"/></mapping></element><element id="Extension:contactperson.extension:contactpoint"><path value="Extension.extension"/><sliceName value="contactpoint"/><definition value="An electronic means of contacting an organization or individual."/><min value="0"/><max value="*"/><base><path value="Extension.extension"/><min value="0"/><max value="1"/></base><type><code value="Extension"/><profile value="http://hl7.org/fhir/us/shr/StructureDefinition/shr-core-ContactPoint-extension"/></type><isModifier value="false"/><mapping><identity value="rim"/><map value="N/A"/></mapping></element><element id="Extension:contactperson.extension:address"><path value="Extension.extension"/><sliceName value="address"/><definition value="An address expressed using postal conventions (as opposed to GPS or other location definition formats). This data type may be used to convey addresses for use in delivering mail as well as for visiting locations and which might not be valid for mail delivery. There are a variety of postal address formats defined around the world. (Source: HL7 FHIR)."/><min value="0"/><max value="1"/><base><path value="Extension.extension"/><min value="0"/><max value="1"/></base><type><code value="Extension"/><profile value="http://hl7.org/fhir/us/shr/StructureDefinition/shr-core-Address-extension"/></type><isModifier value="false"/><mapping><identity value="rim"/><map value="N/A"/></mapping></element><element id="Extension:contactperson.extension:administrativegender"><path value="Extension.extension"/><sliceName value="administrativegender"/><definition value="A gender classification used for administrative purposes. Administrative gender is not necessarily the same as a biological description or a gender identity. This attribute does not include terms related to clinical gender."/><min value="0"/><max value="1"/><base><path value="Extension.extension"/><min value="0"/><max value="1"/></base><type><code value="Extension"/><profile value="http://hl7.org/fhir/us/shr/StructureDefinition/shr-core-AdministrativeGender-extension"/></type><isModifier value="false"/><mapping><identity value="rim"/><map value="N/A"/></mapping></element><element id="Extension:contactperson.extension:organization"><path value="Extension.extension"/><sliceName value="organization"/><definition value="A formally or informally recognized grouping of people or organizations formed for the purpose of achieving some form of collective action. Includes companies, institutions, corporations, departments, community groups, healthcare practice groups, payer/insurer, etc.&#xA;&#xA;Organization type is restricted to 0..1 in FHIR DSTU2, similarly restricted here. Other required attributes come from STU 3 mapping to us-core-organization."/><min value="0"/><max value="1"/><base><path value="Extension.extension"/><min value="0"/><max value="1"/></base><type><code value="Extension"/><profile value="http://hl7.org/fhir/us/shr/StructureDefinition/shr-core-Organization-extension"/></type><isModifier value="false"/><mapping><identity value="rim"/><map value="N/A"/></mapping></element><element id="Extension:contactperson.extension:timeperiod"><path value="Extension.extension"/><sliceName value="timeperiod"/><definition value="A period of time defined by a start and end time, date, or year.&#xA;If the start date/time is missing, the start of the period is not known. If the end date/time is missing, it means that the period is ongoing."/><min value="0"/><max value="1"/><base><path value="Extension.extension"/><min value="0"/><max value="1"/></base><type><code value="Extension"/><profile value="http://hl7.org/fhir/us/shr/StructureDefinition/shr-core-TimePeriod-extension"/></type><isModifier value="false"/><mapping><identity value="rim"/><map value="N/A"/></mapping></element><element id="Extension:contactperson.url"><path value="Extension.url"/><representation value="xmlAttr"/><short value="identifies the meaning of the extension"/><definition value="Source of the definition for the extension code - a logical name or a URL."/><min value="1"/><max value="1"/><base><path value="Extension.url"/><min value="1"/><max value="1"/></base><type><code value="uri"/></type><fixedUri value="http://hl7.org/fhir/us/shr/StructureDefinition/shr-core-ContactPerson-extension"/><mapping><identity value="rim"/><map value="N/A"/></mapping></element><element id="Extension:contactperson.value[x]"><path value="Extension.value[x]"/><short value="Value of extension"/><definition value="Value of extension - may be a resource or one of a constrained set of the data types (see Extensibility in the spec for list)."/><min value="0"/><max value="0"/><base><path value="Extension.value[x]"/><min value="0"/><max value="1"/></base><type><code value="base64Binary"/></type><type><code value="boolean"/></type><type><code value="code"/></type><type><code value="date"/></type><type><code value="dateTime"/></type><type><code value="decimal"/></type><type><code value="id"/></type><type><code value="instant"/></type><type><code value="integer"/></type><type><code value="markdown"/></type><type><code value="oid"/></type><type><code value="positiveInt"/></type><type><code value="string"/></type><type><code value="time"/></type><type><code value="unsignedInt"/></type><type><code value="uri"/></type><type><code value="Address"/></type><type><code value="Age"/></type><type><code value="Annotation"/></type><type><code value="Attachment"/></type><type><code value="CodeableConcept"/></type><type><code value="Coding"/></type><type><code value="ContactPoint"/></type><type><code value="Count"/></type><type><code value="Distance"/></type><type><code value="Duration"/></type><type><code value="HumanName"/></type><type><code value="Identifier"/></type><type><code value="Money"/></type><type><code value="Period"/></type><type><code value="Quantity"/></type><type><code value="Range"/></type><type><code value="Ratio"/></type><type><code value="Reference"/></type><type><code value="SampledData"/></type><type><code value="Signature"/></type><type><code value="Timing"/></type><type><code value="Meta"/></type><mapping><identity value="rim"/><map value="N/A"/></mapping></element></snapshot><differential><element id="Extension:contactperson"><path value="Extension"/><short value="ContactPerson"/><definition value="A contact party (e.g. guardian, partner, friend) for the person"/><min value="0"/><max value="*"/></element><element id="Extension:contactperson.extension:relationship"><path value="Extension.extension"/><sliceName value="relationship"/><definition value="A description of the association between people or items."/><min value="0"/><max value="*"/><type><code value="Extension"/><profile value="http://hl7.org/fhir/us/shr/StructureDefinition/shr-core-Relationship-extension"/></type></element><element id="Extension:contactperson.extension:humanname"><path value="Extension.extension"/><sliceName value="humanname"/><definition value="A name used by a human being, written as it would be typically expressed. May include a breakdown of the various elements of the name (family name, given name, etc.)."/><min value="0"/><max value="1"/><type><code value="Extension"/><profile value="http://hl7.org/fhir/us/shr/StructureDefinition/shr-core-HumanName-extension"/></type></element><element id="Extension:contactperson.extension:contactpoint"><path value="Extension.extension"/><sliceName value="contactpoint"/><definition value="An electronic means of contacting an organization or individual."/><min value="0"/><max value="*"/><type><code value="Extension"/><profile value="http://hl7.org/fhir/us/shr/StructureDefinition/shr-core-ContactPoint-extension"/></type></element><element id="Extension:contactperson.extension:address"><path value="Extension.extension"/><sliceName value="address"/><definition value="An address expressed using postal conventions (as opposed to GPS or other location definition formats). This data type may be used to convey addresses for use in delivering mail as well as for visiting locations and which might not be valid for mail delivery. There are a variety of postal address formats defined around the world. (Source: HL7 FHIR)."/><min value="0"/><max value="1"/><type><code value="Extension"/><profile value="http://hl7.org/fhir/us/shr/StructureDefinition/shr-core-Address-extension"/></type></element><element id="Extension:contactperson.extension:administrativegender"><path value="Extension.extension"/><sliceName value="administrativegender"/><definition value="A gender classification used for administrative purposes. Administrative gender is not necessarily the same as a biological description or a gender identity. This attribute does not include terms related to clinical gender."/><min value="0"/><max value="1"/><type><code value="Extension"/><profile value="http://hl7.org/fhir/us/shr/StructureDefinition/shr-core-AdministrativeGender-extension"/></type></element><element id="Extension:contactperson.extension:organization"><path value="Extension.extension"/><sliceName value="organization"/><definition value="A formally or informally recognized grouping of people or organizations formed for the purpose of achieving some form of collective action. Includes companies, institutions, corporations, departments, community groups, healthcare practice groups, payer/insurer, etc.&#xA;&#xA;Organization type is restricted to 0..1 in FHIR DSTU2, similarly restricted here. Other required attributes come from STU 3 mapping to us-core-organization."/><min value="0"/><max value="1"/><type><code value="Extension"/><profile value="http://hl7.org/fhir/us/shr/StructureDefinition/shr-core-Organization-extension"/></type></element><element id="Extension:contactperson.extension:timeperiod"><path value="Extension.extension"/><sliceName value="timeperiod"/><definition value="A period of time defined by a start and end time, date, or year.&#xA;If the start date/time is missing, the start of the period is not known. If the end date/time is missing, it means that the period is ongoing."/><min value="0"/><max value="1"/><type><code value="Extension"/><profile value="http://hl7.org/fhir/us/shr/StructureDefinition/shr-core-TimePeriod-extension"/></type></element><element id="Extension:contactperson.url"><path value="Extension.url"/><type><code value="uri"/></type><fixedUri value="http://hl7.org/fhir/us/shr/StructureDefinition/shr-core-ContactPerson-extension"/></element><element id="Extension:contactperson.value[x]"><path value="Extension.value[x]"/><min value="0"/><max value="0"/></element></differential></StructureDefinition>