<?xml version="1.0" encoding="UTF-8"?><StructureDefinition xmlns="http://hl7.org/fhir"><id value="shr-core-EntityOrRole-model"/><text><status value="generated"/><div xmlns="http://www.w3.org/1999/xhtml">
  <p><b>EntityOrRole Logical Model</b></p>
  <p>Abstract parent class for both Entity and Role.</p>
</div></text><url value="http://hl7.org/fhir/us/shr/StructureDefinition/shr-core-EntityOrRole-model"/><identifier><system value="http://hl7.org/fhir/us/shrcore"/><value value="shr.core.EntityOrRole"/></identifier><version value="0.5.0"/><name value="EntityOrRole"/><title value="shr-core-EntityOrRole"/><status value="draft"/><date value="2019-05-01T00:00:00-04:00"/><publisher value="The MITRE Corporation"/><contact><telecom><system value="url"/><value value="http://www.standardhealthrecord.org"/></telecom></contact><description value="Abstract parent class for both Entity and Role."/><fhirVersion value="3.0.1"/><kind value="logical"/><abstract value="false"/><type value="shr-core-EntityOrRole-model"/><baseDefinition value="http://hl7.org/fhir/StructureDefinition/Element"/><derivation value="specialization"/><snapshot><element id="shr-core-EntityOrRole-model"><path value="shr-core-EntityOrRole-model"/><definition value="Abstract parent class for both Entity and Role."/><min value="0"/><max value="*"/><base><path value="shr-core-EntityOrRole-model"/><min value="0"/><max value="*"/></base><mustSupport value="false"/><isModifier value="false"/><isSummary value="false"/></element><element id="shr-core-EntityOrRole-model.metadata"><path value="shr-core-EntityOrRole-model.metadata"/><short value="Elements that belong to all information items."/><definition value="Elements that belong to all information items."/><min value="0"/><max value="1"/><base><path value="shr-core-EntityOrRole-model.metadata"/><min value="0"/><max value="1"/></base><type><code value="http://hl7.org/fhir/us/shr/StructureDefinition/shr-core-Metadata-model"/></type><mustSupport value="false"/><isModifier value="false"/><isSummary value="false"/></element><element id="shr-core-EntityOrRole-model.language"><path value="shr-core-EntityOrRole-model.language"/><short value="A human language, spoken or written."/><definition value="A human language, spoken or written."/><min value="0"/><max value="1"/><base><path value="shr-core-EntityOrRole-model.language"/><min value="0"/><max value="1"/></base><type><code value="Coding"/></type><mustSupport value="false"/><isModifier value="false"/><isSummary value="false"/></element><element id="shr-core-EntityOrRole-model.implicitRules"><path value="shr-core-EntityOrRole-model.implicitRules"/><short value="A set of rules under which this content was created"/><definition value="A set of rules under which this content was created"/><min value="0"/><max value="1"/><base><path value="shr-core-EntityOrRole-model.implicitRules"/><min value="0"/><max value="1"/></base><type><code value="uri"/></type><mustSupport value="false"/><isModifier value="false"/><isSummary value="false"/></element><element id="shr-core-EntityOrRole-model.narrative"><path value="shr-core-EntityOrRole-model.narrative"/><short value="A human-readable narrative, potentially including images, that contains a summary of the resource, and may be used to represent the content of the resource to a human."/><definition value="A human-readable narrative, potentially including images, that contains a summary of the resource, and may be used to represent the content of the resource to a human."/><min value="0"/><max value="1"/><base><path value="shr-core-EntityOrRole-model.narrative"/><min value="0"/><max value="1"/></base><type><code value="http://hl7.org/fhir/us/shr/StructureDefinition/shr-core-Narrative-model"/></type><mustSupport value="false"/><isModifier value="false"/><isSummary value="false"/></element><element id="shr-core-EntityOrRole-model.status"><path value="shr-core-EntityOrRole-model.status"/><short value="A state that relates to the workflow or interpretation of this resource. Certain status values can modify the meaning of the resource, for example, entered-in-error. When a boolean value is used, Status of true indicates the record is active, false means inactive."/><definition value="A state that relates to the workflow or interpretation of this resource. Certain status values can modify the meaning of the resource, for example, entered-in-error. When a boolean value is used, Status of true indicates the record is active, false means inactive."/><min value="0"/><max value="1"/><base><path value="shr-core-EntityOrRole-model.status"/><min value="0"/><max value="1"/></base><type><code value="Coding"/></type><mustSupport value="false"/><isModifier value="false"/><isSummary value="false"/></element><element id="shr-core-EntityOrRole-model.identifier"><path value="shr-core-EntityOrRole-model.identifier"/><short value="Business identifier or external id for this resource."/><definition value="Business identifier or external id for this resource."/><min value="0"/><max value="*"/><base><path value="shr-core-EntityOrRole-model.identifier"/><min value="0"/><max value="*"/></base><type><code value="http://hl7.org/fhir/us/shr/StructureDefinition/shr-core-Identifier-model"/></type><mustSupport value="false"/><isModifier value="false"/><isSummary value="false"/></element></snapshot><differential><element id="shr-core-EntityOrRole-model"><path value="shr-core-EntityOrRole-model"/><definition value="Abstract parent class for both Entity and Role."/><min value="0"/><max value="*"/><base><path value="shr-core-EntityOrRole-model"/><min value="0"/><max value="*"/></base><mustSupport value="false"/><isModifier value="false"/><isSummary value="false"/></element><element id="shr-core-EntityOrRole-model.metadata"><path value="shr-core-EntityOrRole-model.metadata"/><short value="Elements that belong to all information items."/><definition value="Elements that belong to all information items."/><min value="0"/><max value="1"/><base><path value="shr-core-EntityOrRole-model.metadata"/><min value="0"/><max value="1"/></base><type><code value="http://hl7.org/fhir/us/shr/StructureDefinition/shr-core-Metadata-model"/></type><mustSupport value="false"/><isModifier value="false"/><isSummary value="false"/></element><element id="shr-core-EntityOrRole-model.language"><path value="shr-core-EntityOrRole-model.language"/><short value="A human language, spoken or written."/><definition value="A human language, spoken or written."/><min value="0"/><max value="1"/><base><path value="shr-core-EntityOrRole-model.language"/><min value="0"/><max value="1"/></base><type><code value="Coding"/></type><mustSupport value="false"/><isModifier value="false"/><isSummary value="false"/></element><element id="shr-core-EntityOrRole-model.implicitRules"><path value="shr-core-EntityOrRole-model.implicitRules"/><short value="A set of rules under which this content was created"/><definition value="A set of rules under which this content was created"/><min value="0"/><max value="1"/><base><path value="shr-core-EntityOrRole-model.implicitRules"/><min value="0"/><max value="1"/></base><type><code value="uri"/></type><mustSupport value="false"/><isModifier value="false"/><isSummary value="false"/></element><element id="shr-core-EntityOrRole-model.narrative"><path value="shr-core-EntityOrRole-model.narrative"/><short value="A human-readable narrative, potentially including images, that contains a summary of the resource, and may be used to represent the content of the resource to a human."/><definition value="A human-readable narrative, potentially including images, that contains a summary of the resource, and may be used to represent the content of the resource to a human."/><min value="0"/><max value="1"/><base><path value="shr-core-EntityOrRole-model.narrative"/><min value="0"/><max value="1"/></base><type><code value="http://hl7.org/fhir/us/shr/StructureDefinition/shr-core-Narrative-model"/></type><mustSupport value="false"/><isModifier value="false"/><isSummary value="false"/></element><element id="shr-core-EntityOrRole-model.status"><path value="shr-core-EntityOrRole-model.status"/><short value="A state that relates to the workflow or interpretation of this resource. Certain status values can modify the meaning of the resource, for example, entered-in-error. When a boolean value is used, Status of true indicates the record is active, false means inactive."/><definition value="A state that relates to the workflow or interpretation of this resource. Certain status values can modify the meaning of the resource, for example, entered-in-error. When a boolean value is used, Status of true indicates the record is active, false means inactive."/><min value="0"/><max value="1"/><base><path value="shr-core-EntityOrRole-model.status"/><min value="0"/><max value="1"/></base><type><code value="Coding"/></type><mustSupport value="false"/><isModifier value="false"/><isSummary value="false"/></element><element id="shr-core-EntityOrRole-model.identifier"><path value="shr-core-EntityOrRole-model.identifier"/><short value="Business identifier or external id for this resource."/><definition value="Business identifier or external id for this resource."/><min value="0"/><max value="*"/><base><path value="shr-core-EntityOrRole-model.identifier"/><min value="0"/><max value="*"/></base><type><code value="http://hl7.org/fhir/us/shr/StructureDefinition/shr-core-Identifier-model"/></type><mustSupport value="false"/><isModifier value="false"/><isSummary value="false"/></element></differential></StructureDefinition>