<?xml version="1.0" encoding="UTF-8"?><StructureDefinition xmlns="http://hl7.org/fhir"><id value="shr-core-EncounterLocation-model"/><text><status value="generated"/><div xmlns="http://www.w3.org/1999/xhtml">
  <p><b>EncounterLocation Logical Model</b></p>
  <p>Locations where the patient has been.</p>
</div></text><url value="http://hl7.org/fhir/us/shr/StructureDefinition/shr-core-EncounterLocation-model"/><identifier><system value="http://hl7.org/fhir/us/shrcore"/><value value="shr.core.EncounterLocation"/></identifier><version value="0.6.0"/><name value="EncounterLocation"/><title value="shr-core-EncounterLocation"/><status value="draft"/><date value="2019-05-07T00:00:00-04:00"/><publisher value="The MITRE Corporation"/><contact><telecom><system value="url"/><value value="http://www.standardhealthrecord.org"/></telecom></contact><description value="Locations where the patient has been."/><fhirVersion value="3.0.1"/><kind value="logical"/><abstract value="false"/><type value="shr-core-EncounterLocation-model"/><baseDefinition value="http://hl7.org/fhir/StructureDefinition/Element"/><derivation value="specialization"/><snapshot><element id="shr-core-EncounterLocation-model"><path value="shr-core-EncounterLocation-model"/><definition value="Locations where the patient has been."/><min value="0"/><max value="*"/><base><path value="shr-core-EncounterLocation-model"/><min value="0"/><max value="*"/></base><mustSupport value="false"/><isModifier value="false"/><isSummary value="false"/></element><element id="shr-core-EncounterLocation-model.location"><path value="shr-core-EncounterLocation-model.location"/><short value="Services and space and equipment provided for a particular purpose; a building or place that provides a particular service or is used for a particular industry. Could be a clinical site, community site, or a mobile facility."/><definition value="Services and space and equipment provided for a particular purpose; a building or place that provides a particular service or is used for a particular industry. Could be a clinical site, community site, or a mobile facility."/><min value="1"/><max value="1"/><base><path value="shr-core-EncounterLocation-model.location"/><min value="1"/><max value="1"/></base><type><code value="Reference"/><targetProfile value="http://hl7.org/fhir/us/shr/StructureDefinition/shr-core-Location-model"/></type><mustSupport value="false"/><isModifier value="false"/><isSummary value="false"/></element><element id="shr-core-EncounterLocation-model.status"><path value="shr-core-EncounterLocation-model.status"/><short value="A state that relates to the workflow or interpretation of this resource. Certain status values can modify the meaning of the resource, for example, entered-in-error. When a boolean value is used, Status of true indicates the record is active, false means inactive."/><definition value="A state that relates to the workflow or interpretation of this resource. Certain status values can modify the meaning of the resource, for example, entered-in-error. When a boolean value is used, Status of true indicates the record is active, false means inactive."/><min value="0"/><max value="1"/><base><path value="shr-core-EncounterLocation-model.status"/><min value="0"/><max value="1"/></base><type><code value="Coding"/></type><mustSupport value="false"/><isModifier value="false"/><isSummary value="false"/><binding><strength value="required"/><valueSetReference><reference value="http://hl7.org/fhir/ValueSet/encounter-location-status"/></valueSetReference></binding></element><element id="shr-core-EncounterLocation-model.timePeriod"><path value="shr-core-EncounterLocation-model.timePeriod"/><short value="A period of time defined by a start and end time, date, or year."/><definition value="A period of time defined by a start and end time, date, or year.&#xA;If the start date/time is missing, the start of the period is not known. If the end date/time is missing, it means that the period is ongoing."/><min value="0"/><max value="1"/><base><path value="shr-core-EncounterLocation-model.timePeriod"/><min value="0"/><max value="1"/></base><type><code value="http://hl7.org/fhir/us/shr/StructureDefinition/shr-core-TimePeriod-model"/></type><mustSupport value="false"/><isModifier value="false"/><isSummary value="false"/></element></snapshot><differential><element id="shr-core-EncounterLocation-model"><path value="shr-core-EncounterLocation-model"/><definition value="Locations where the patient has been."/><min value="0"/><max value="*"/><base><path value="shr-core-EncounterLocation-model"/><min value="0"/><max value="*"/></base><mustSupport value="false"/><isModifier value="false"/><isSummary value="false"/></element><element id="shr-core-EncounterLocation-model.location"><path value="shr-core-EncounterLocation-model.location"/><short value="Services and space and equipment provided for a particular purpose; a building or place that provides a particular service or is used for a particular industry. Could be a clinical site, community site, or a mobile facility."/><definition value="Services and space and equipment provided for a particular purpose; a building or place that provides a particular service or is used for a particular industry. Could be a clinical site, community site, or a mobile facility."/><min value="1"/><max value="1"/><base><path value="shr-core-EncounterLocation-model.location"/><min value="1"/><max value="1"/></base><type><code value="Reference"/><targetProfile value="http://hl7.org/fhir/us/shr/StructureDefinition/shr-core-Location-model"/></type><mustSupport value="false"/><isModifier value="false"/><isSummary value="false"/></element><element id="shr-core-EncounterLocation-model.status"><path value="shr-core-EncounterLocation-model.status"/><short value="A state that relates to the workflow or interpretation of this resource. Certain status values can modify the meaning of the resource, for example, entered-in-error. When a boolean value is used, Status of true indicates the record is active, false means inactive."/><definition value="A state that relates to the workflow or interpretation of this resource. Certain status values can modify the meaning of the resource, for example, entered-in-error. When a boolean value is used, Status of true indicates the record is active, false means inactive."/><min value="0"/><max value="1"/><base><path value="shr-core-EncounterLocation-model.status"/><min value="0"/><max value="1"/></base><type><code value="Coding"/></type><mustSupport value="false"/><isModifier value="false"/><isSummary value="false"/><binding><strength value="required"/><valueSetReference><reference value="http://hl7.org/fhir/ValueSet/encounter-location-status"/></valueSetReference></binding></element><element id="shr-core-EncounterLocation-model.timePeriod"><path value="shr-core-EncounterLocation-model.timePeriod"/><short value="A period of time defined by a start and end time, date, or year."/><definition value="A period of time defined by a start and end time, date, or year.&#xA;If the start date/time is missing, the start of the period is not known. If the end date/time is missing, it means that the period is ongoing."/><min value="0"/><max value="1"/><base><path value="shr-core-EncounterLocation-model.timePeriod"/><min value="0"/><max value="1"/></base><type><code value="http://hl7.org/fhir/us/shr/StructureDefinition/shr-core-TimePeriod-model"/></type><mustSupport value="false"/><isModifier value="false"/><isSummary value="false"/></element></differential></StructureDefinition>