<?xml version="1.0" encoding="UTF-8"?><StructureDefinition xmlns="http://hl7.org/fhir"><id value="shr-core-ProcedureBasedOn-model"/><text><status value="generated"/><div xmlns="http://www.w3.org/1999/xhtml">
  <p><b>ProcedureBasedOn Logical Model</b></p>
  <p>A request for this procedure.</p>
</div></text><url value="http://hl7.org/fhir/us/shr/StructureDefinition/shr-core-ProcedureBasedOn-model"/><identifier><system value="http://hl7.org/fhir/us/shrcore"/><value value="shr.core.ProcedureBasedOn"/></identifier><version value="0.6.0"/><name value="ProcedureBasedOn"/><title value="shr-core-ProcedureBasedOn"/><status value="draft"/><date value="2019-05-07T00:00:00-04:00"/><publisher value="The MITRE Corporation"/><contact><telecom><system value="url"/><value value="http://www.standardhealthrecord.org"/></telecom></contact><description value="A request for this procedure."/><fhirVersion value="3.0.1"/><kind value="logical"/><abstract value="false"/><type value="shr-core-ProcedureBasedOn-model"/><baseDefinition value="http://hl7.org/fhir/StructureDefinition/Element"/><derivation value="specialization"/><snapshot><element id="shr-core-ProcedureBasedOn-model"><path value="shr-core-ProcedureBasedOn-model"/><definition value="A request for this procedure."/><min value="0"/><max value="*"/><base><path value="shr-core-ProcedureBasedOn-model"/><min value="0"/><max value="*"/></base><mustSupport value="false"/><isModifier value="false"/><isSummary value="false"/></element><element id="shr-core-ProcedureBasedOn-model.value[x]"><path value="shr-core-ProcedureBasedOn-model.value[x]"/><slicing><discriminator><type value="type"/><path value="$this"/></discriminator><ordered value="false"/><rules value="open"/></slicing><short value="Choice of types representing a request for this procedure."/><definition value="Choice of types representing a request for this procedure."/><min value="1"/><max value="1"/><base><path value="shr-core-ProcedureBasedOn-model.value[x]"/><min value="1"/><max value="1"/></base><type><code value="Reference"/><targetProfile value="http://hl7.org/fhir/us/shr/StructureDefinition/shr-core-ProcedureRequest-model"/></type><type><code value="Reference"/><targetProfile value="http://hl7.org/fhir/us/shr/StructureDefinition/shr-core-ReferralRequest-model"/></type><type><code value="Reference"/><targetProfile value="http://hl7.org/fhir/us/shr/StructureDefinition/shr-core-ServiceRequest-model"/></type><mustSupport value="false"/><isModifier value="false"/><isSummary value="false"/></element><element id="shr-core-ProcedureBasedOn-model.valueShr-core-ServiceRequest-model:ServiceRequest"><path value="shr-core-ProcedureBasedOn-model.valueShr-core-ServiceRequest-model"/><sliceName value="ServiceRequest"/><short value="A record of a request for service such as diagnostic investigations, treatments, or operations to be performed."/><definition value="A record of a request for service such as diagnostic investigations, treatments, or operations to be performed."/><min value="1"/><max value="1"/><base><path value="shr-core-ProcedureBasedOn-model.value[x]"/><min value="1"/><max value="1"/></base><type><code value="Reference"/><targetProfile value="http://hl7.org/fhir/us/shr/StructureDefinition/shr-core-ServiceRequest-model"/></type><mustSupport value="false"/><isModifier value="false"/><isSummary value="false"/></element><element id="shr-core-ProcedureBasedOn-model.valueShr-core-ReferralRequest-model:ReferralRequest"><path value="shr-core-ProcedureBasedOn-model.valueShr-core-ReferralRequest-model"/><sliceName value="ReferralRequest"/><short value="Used to record and send details about a request for referral service or transfer of a patient to the care of another provider or provider organization."/><definition value="Used to record and send details about a request for referral service or transfer of a patient to the care of another provider or provider organization."/><min value="1"/><max value="1"/><base><path value="shr-core-ProcedureBasedOn-model.value[x]"/><min value="1"/><max value="1"/></base><type><code value="Reference"/><targetProfile value="http://hl7.org/fhir/us/shr/StructureDefinition/shr-core-ReferralRequest-model"/></type><mustSupport value="false"/><isModifier value="false"/><isSummary value="false"/></element><element id="shr-core-ProcedureBasedOn-model.valueShr-core-ProcedureRequest-model:ProcedureRequest"><path value="shr-core-ProcedureBasedOn-model.valueShr-core-ProcedureRequest-model"/><sliceName value="ProcedureRequest"/><short value="A request for a procedure to be performed. May be a proposal or an order."/><definition value="A request for a procedure to be performed. May be a proposal or an order."/><min value="1"/><max value="1"/><base><path value="shr-core-ProcedureBasedOn-model.value[x]"/><min value="1"/><max value="1"/></base><type><code value="Reference"/><targetProfile value="http://hl7.org/fhir/us/shr/StructureDefinition/shr-core-ProcedureRequest-model"/></type><mustSupport value="false"/><isModifier value="false"/><isSummary value="false"/></element></snapshot><differential><element id="shr-core-ProcedureBasedOn-model"><path value="shr-core-ProcedureBasedOn-model"/><definition value="A request for this procedure."/><min value="0"/><max value="*"/><base><path value="shr-core-ProcedureBasedOn-model"/><min value="0"/><max value="*"/></base><mustSupport value="false"/><isModifier value="false"/><isSummary value="false"/></element><element id="shr-core-ProcedureBasedOn-model.value[x]"><path value="shr-core-ProcedureBasedOn-model.value[x]"/><slicing><discriminator><type value="type"/><path value="$this"/></discriminator><ordered value="false"/><rules value="open"/></slicing><short value="Choice of types representing a request for this procedure."/><definition value="Choice of types representing a request for this procedure."/><min value="1"/><max value="1"/><base><path value="shr-core-ProcedureBasedOn-model.value[x]"/><min value="1"/><max value="1"/></base><type><code value="Reference"/><targetProfile value="http://hl7.org/fhir/us/shr/StructureDefinition/shr-core-ProcedureRequest-model"/></type><type><code value="Reference"/><targetProfile value="http://hl7.org/fhir/us/shr/StructureDefinition/shr-core-ReferralRequest-model"/></type><type><code value="Reference"/><targetProfile value="http://hl7.org/fhir/us/shr/StructureDefinition/shr-core-ServiceRequest-model"/></type><mustSupport value="false"/><isModifier value="false"/><isSummary value="false"/></element><element id="shr-core-ProcedureBasedOn-model.valueShr-core-ServiceRequest-model:ServiceRequest"><path value="shr-core-ProcedureBasedOn-model.valueShr-core-ServiceRequest-model"/><sliceName value="ServiceRequest"/><short value="A record of a request for service such as diagnostic investigations, treatments, or operations to be performed."/><definition value="A record of a request for service such as diagnostic investigations, treatments, or operations to be performed."/><min value="1"/><max value="1"/><base><path value="shr-core-ProcedureBasedOn-model.value[x]"/><min value="1"/><max value="1"/></base><type><code value="Reference"/><targetProfile value="http://hl7.org/fhir/us/shr/StructureDefinition/shr-core-ServiceRequest-model"/></type><mustSupport value="false"/><isModifier value="false"/><isSummary value="false"/></element><element id="shr-core-ProcedureBasedOn-model.valueShr-core-ReferralRequest-model:ReferralRequest"><path value="shr-core-ProcedureBasedOn-model.valueShr-core-ReferralRequest-model"/><sliceName value="ReferralRequest"/><short value="Used to record and send details about a request for referral service or transfer of a patient to the care of another provider or provider organization."/><definition value="Used to record and send details about a request for referral service or transfer of a patient to the care of another provider or provider organization."/><min value="1"/><max value="1"/><base><path value="shr-core-ProcedureBasedOn-model.value[x]"/><min value="1"/><max value="1"/></base><type><code value="Reference"/><targetProfile value="http://hl7.org/fhir/us/shr/StructureDefinition/shr-core-ReferralRequest-model"/></type><mustSupport value="false"/><isModifier value="false"/><isSummary value="false"/></element><element id="shr-core-ProcedureBasedOn-model.valueShr-core-ProcedureRequest-model:ProcedureRequest"><path value="shr-core-ProcedureBasedOn-model.valueShr-core-ProcedureRequest-model"/><sliceName value="ProcedureRequest"/><short value="A request for a procedure to be performed. May be a proposal or an order."/><definition value="A request for a procedure to be performed. May be a proposal or an order."/><min value="1"/><max value="1"/><base><path value="shr-core-ProcedureBasedOn-model.value[x]"/><min value="1"/><max value="1"/></base><type><code value="Reference"/><targetProfile value="http://hl7.org/fhir/us/shr/StructureDefinition/shr-core-ProcedureRequest-model"/></type><mustSupport value="false"/><isModifier value="false"/><isSummary value="false"/></element></differential></StructureDefinition>