<?xml version="1.0" encoding="UTF-8"?><StructureDefinition xmlns="http://hl7.org/fhir"><id value="shr-core-MedicationCodeOrReference-model"/><text><status value="generated"/><div xmlns="http://www.w3.org/1999/xhtml">
  <p><b>MedicationCodeOrReference Logical Model</b></p>
  <p>A choice of a medication code or reference.</p>
</div></text><url value="http://hl7.org/fhir/us/shr/StructureDefinition/shr-core-MedicationCodeOrReference-model"/><identifier><system value="http://hl7.org/fhir/us/shrcore"/><value value="shr.core.MedicationCodeOrReference"/></identifier><version value="0.5.0"/><name value="MedicationCodeOrReference"/><title value="shr-core-MedicationCodeOrReference"/><status value="draft"/><date value="2019-05-01T00:00:00-04:00"/><publisher value="The MITRE Corporation"/><contact><telecom><system value="url"/><value value="http://www.standardhealthrecord.org"/></telecom></contact><description value="A choice of a medication code or reference."/><fhirVersion value="3.0.1"/><kind value="logical"/><abstract value="false"/><type value="shr-core-MedicationCodeOrReference-model"/><baseDefinition value="http://hl7.org/fhir/StructureDefinition/Element"/><derivation value="specialization"/><snapshot><element id="shr-core-MedicationCodeOrReference-model"><path value="shr-core-MedicationCodeOrReference-model"/><definition value="A choice of a medication code or reference."/><min value="0"/><max value="*"/><base><path value="shr-core-MedicationCodeOrReference-model"/><min value="0"/><max value="*"/></base><mustSupport value="false"/><isModifier value="false"/><isSummary value="false"/></element><element id="shr-core-MedicationCodeOrReference-model.value[x]"><path value="shr-core-MedicationCodeOrReference-model.value[x]"/><slicing><discriminator><type value="type"/><path value="$this"/></discriminator><ordered value="false"/><rules value="open"/></slicing><short value="Code or Medication representing a choice of a medication code or reference."/><definition value="Code or Medication representing a choice of a medication code or reference."/><min value="1"/><max value="1"/><base><path value="shr-core-MedicationCodeOrReference-model.value[x]"/><min value="1"/><max value="1"/></base><type><code value="Coding"/></type><type><code value="Reference"/><targetProfile value="http://hl7.org/fhir/us/shr/StructureDefinition/shr-core-Medication-model"/></type><mustSupport value="false"/><isModifier value="false"/><isSummary value="false"/></element><element id="shr-core-MedicationCodeOrReference-model.valueCoding:CodeableConcept"><path value="shr-core-MedicationCodeOrReference-model.valueCoding"/><sliceName value="CodeableConcept"/><short value="A set of codes drawn from different coding systems, representing the same concept."/><definition value="A set of codes drawn from different coding systems, representing the same concept."/><min value="1"/><max value="1"/><base><path value="shr-core-MedicationCodeOrReference-model.value[x]"/><min value="1"/><max value="1"/></base><type><code value="Coding"/></type><mustSupport value="false"/><isModifier value="false"/><isSummary value="false"/><binding><strength value="extensible"/><valueSetReference><reference value="http://h7.org/fhir/us/core/ValueSet/us-core-medication-codes"/></valueSetReference></binding></element></snapshot><differential><element id="shr-core-MedicationCodeOrReference-model"><path value="shr-core-MedicationCodeOrReference-model"/><definition value="A choice of a medication code or reference."/><min value="0"/><max value="*"/><base><path value="shr-core-MedicationCodeOrReference-model"/><min value="0"/><max value="*"/></base><mustSupport value="false"/><isModifier value="false"/><isSummary value="false"/></element><element id="shr-core-MedicationCodeOrReference-model.value[x]"><path value="shr-core-MedicationCodeOrReference-model.value[x]"/><slicing><discriminator><type value="type"/><path value="$this"/></discriminator><ordered value="false"/><rules value="open"/></slicing><short value="Code or Medication representing a choice of a medication code or reference."/><definition value="Code or Medication representing a choice of a medication code or reference."/><min value="1"/><max value="1"/><base><path value="shr-core-MedicationCodeOrReference-model.value[x]"/><min value="1"/><max value="1"/></base><type><code value="Coding"/></type><type><code value="Reference"/><targetProfile value="http://hl7.org/fhir/us/shr/StructureDefinition/shr-core-Medication-model"/></type><mustSupport value="false"/><isModifier value="false"/><isSummary value="false"/></element><element id="shr-core-MedicationCodeOrReference-model.valueCoding:CodeableConcept"><path value="shr-core-MedicationCodeOrReference-model.valueCoding"/><sliceName value="CodeableConcept"/><short value="A set of codes drawn from different coding systems, representing the same concept."/><definition value="A set of codes drawn from different coding systems, representing the same concept."/><min value="1"/><max value="1"/><base><path value="shr-core-MedicationCodeOrReference-model.value[x]"/><min value="1"/><max value="1"/></base><type><code value="Coding"/></type><mustSupport value="false"/><isModifier value="false"/><isSummary value="false"/><binding><strength value="extensible"/><valueSetReference><reference value="http://h7.org/fhir/us/core/ValueSet/us-core-medication-codes"/></valueSetReference></binding></element></differential></StructureDefinition>