<?xml version="1.0" encoding="UTF-8"?><StructureDefinition xmlns="http://hl7.org/fhir"><id value="shr-core-CodeSetFilter-model"/><text><status value="generated"/><div xmlns="http://www.w3.org/1999/xhtml">
  <p><b>CodeSetFilter Logical Model</b></p>
  <p>Select concepts by specify a matching criteria based on the properties (including relationships) defined by the system. If multiple filters are specified, they SHALL all be true.</p>
</div></text><url value="http://hl7.org/fhir/us/shr/StructureDefinition/shr-core-CodeSetFilter-model"/><identifier><system value="http://hl7.org/fhir/us/shrcore"/><value value="shr.core.CodeSetFilter"/></identifier><version value="0.5.0"/><name value="CodeSetFilter"/><title value="shr-core-CodeSetFilter"/><status value="draft"/><date value="2019-05-01T00:00:00-04:00"/><publisher value="The MITRE Corporation"/><contact><telecom><system value="url"/><value value="http://www.standardhealthrecord.org"/></telecom></contact><description value="Select concepts by specify a matching criteria based on the properties (including relationships) defined by the system. If multiple filters are specified, they SHALL all be true."/><fhirVersion value="3.0.1"/><kind value="logical"/><abstract value="false"/><type value="shr-core-CodeSetFilter-model"/><baseDefinition value="http://hl7.org/fhir/StructureDefinition/Element"/><derivation value="specialization"/><snapshot><element id="shr-core-CodeSetFilter-model"><path value="shr-core-CodeSetFilter-model"/><definition value="Select concepts by specify a matching criteria based on the properties (including relationships) defined by the system. If multiple filters are specified, they SHALL all be true."/><min value="0"/><max value="*"/><base><path value="shr-core-CodeSetFilter-model"/><min value="0"/><max value="*"/></base><mustSupport value="false"/><isModifier value="false"/><isSummary value="false"/></element><element id="shr-core-CodeSetFilter-model.property"><path value="shr-core-CodeSetFilter-model.property"/><short value="A code that identifies a property or a filter defined in the code system."/><definition value="A code that identifies a property or a filter defined in the code system."/><min value="1"/><max value="1"/><base><path value="shr-core-CodeSetFilter-model.property"/><min value="1"/><max value="1"/></base><type><code value="Coding"/></type><mustSupport value="false"/><isModifier value="false"/><isSummary value="false"/></element><element id="shr-core-CodeSetFilter-model.operation"><path value="shr-core-CodeSetFilter-model.operation"/><short value="The kind of operation to perform as a part of the filter criteria."/><definition value="The kind of operation to perform as a part of the filter criteria."/><min value="1"/><max value="1"/><base><path value="shr-core-CodeSetFilter-model.operation"/><min value="1"/><max value="1"/></base><type><code value="Coding"/></type><mustSupport value="false"/><isModifier value="false"/><isSummary value="false"/><binding><strength value="required"/><valueSetReference><reference value="http://hl7.org/fhir/ValueSet/filter-operator"/></valueSetReference></binding></element><element id="shr-core-CodeSetFilter-model.codeValue"><path value="shr-core-CodeSetFilter-model.codeValue"/><short value="A coded value, or expression, in syntax defined by the system"/><definition value="A coded value, or expression, in syntax defined by the system"/><min value="1"/><max value="1"/><base><path value="shr-core-CodeSetFilter-model.codeValue"/><min value="1"/><max value="1"/></base><type><code value="code"/></type><mustSupport value="false"/><isModifier value="false"/><isSummary value="false"/></element></snapshot><differential><element id="shr-core-CodeSetFilter-model"><path value="shr-core-CodeSetFilter-model"/><definition value="Select concepts by specify a matching criteria based on the properties (including relationships) defined by the system. If multiple filters are specified, they SHALL all be true."/><min value="0"/><max value="*"/><base><path value="shr-core-CodeSetFilter-model"/><min value="0"/><max value="*"/></base><mustSupport value="false"/><isModifier value="false"/><isSummary value="false"/></element><element id="shr-core-CodeSetFilter-model.property"><path value="shr-core-CodeSetFilter-model.property"/><short value="A code that identifies a property or a filter defined in the code system."/><definition value="A code that identifies a property or a filter defined in the code system."/><min value="1"/><max value="1"/><base><path value="shr-core-CodeSetFilter-model.property"/><min value="1"/><max value="1"/></base><type><code value="Coding"/></type><mustSupport value="false"/><isModifier value="false"/><isSummary value="false"/></element><element id="shr-core-CodeSetFilter-model.operation"><path value="shr-core-CodeSetFilter-model.operation"/><short value="The kind of operation to perform as a part of the filter criteria."/><definition value="The kind of operation to perform as a part of the filter criteria."/><min value="1"/><max value="1"/><base><path value="shr-core-CodeSetFilter-model.operation"/><min value="1"/><max value="1"/></base><type><code value="Coding"/></type><mustSupport value="false"/><isModifier value="false"/><isSummary value="false"/><binding><strength value="required"/><valueSetReference><reference value="http://hl7.org/fhir/ValueSet/filter-operator"/></valueSetReference></binding></element><element id="shr-core-CodeSetFilter-model.codeValue"><path value="shr-core-CodeSetFilter-model.codeValue"/><short value="A coded value, or expression, in syntax defined by the system"/><definition value="A coded value, or expression, in syntax defined by the system"/><min value="1"/><max value="1"/><base><path value="shr-core-CodeSetFilter-model.codeValue"/><min value="1"/><max value="1"/></base><type><code value="code"/></type><mustSupport value="false"/><isModifier value="false"/><isSummary value="false"/></element></differential></StructureDefinition>