<?xml version="1.0" encoding="UTF-8"?><StructureDefinition xmlns="http://hl7.org/fhir"><id value="shr-core-DoNotPerform-model"/><text><status value="generated"/><div xmlns="http://www.w3.org/1999/xhtml">
  <p><b>DoNotPerform Logical Model</b></p>
  <p>A flag, when set to true, indicates that the service/procedure should NOT be performed.</p>
</div></text><url value="http://hl7.org/fhir/us/shr/StructureDefinition/shr-core-DoNotPerform-model"/><identifier><system value="http://hl7.org/fhir/us/shrcore"/><value value="shr.core.DoNotPerform"/></identifier><version value="0.6.0"/><name value="DoNotPerform"/><title value="shr-core-DoNotPerform"/><status value="draft"/><date value="2019-05-07T00:00:00-04:00"/><publisher value="The MITRE Corporation"/><contact><telecom><system value="url"/><value value="http://www.standardhealthrecord.org"/></telecom></contact><description value="A flag, when set to true, indicates that the service/procedure should NOT be performed."/><fhirVersion value="3.0.1"/><kind value="logical"/><abstract value="false"/><type value="shr-core-DoNotPerform-model"/><baseDefinition value="http://hl7.org/fhir/StructureDefinition/Element"/><derivation value="specialization"/><snapshot><element id="shr-core-DoNotPerform-model"><path value="shr-core-DoNotPerform-model"/><definition value="A flag, when set to true, indicates that the service/procedure should NOT be performed."/><min value="0"/><max value="*"/><base><path value="shr-core-DoNotPerform-model"/><min value="0"/><max value="*"/></base><mustSupport value="false"/><isModifier value="false"/><isSummary value="false"/></element><element id="shr-core-DoNotPerform-model.value"><path value="shr-core-DoNotPerform-model.value"/><short value="Boolean representing a flag, when set to true, indicates that the service/procedure should NOT be performed."/><definition value="Boolean representing a flag, when set to true, indicates that the service/procedure should NOT be performed."/><min value="1"/><max value="1"/><base><path value="shr-core-DoNotPerform-model.value"/><min value="1"/><max value="1"/></base><type><code value="boolean"/></type><mustSupport value="false"/><isModifier value="false"/><isSummary value="false"/></element></snapshot><differential><element id="shr-core-DoNotPerform-model"><path value="shr-core-DoNotPerform-model"/><definition value="A flag, when set to true, indicates that the service/procedure should NOT be performed."/><min value="0"/><max value="*"/><base><path value="shr-core-DoNotPerform-model"/><min value="0"/><max value="*"/></base><mustSupport value="false"/><isModifier value="false"/><isSummary value="false"/></element><element id="shr-core-DoNotPerform-model.value"><path value="shr-core-DoNotPerform-model.value"/><short value="Boolean representing a flag, when set to true, indicates that the service/procedure should NOT be performed."/><definition value="Boolean representing a flag, when set to true, indicates that the service/procedure should NOT be performed."/><min value="1"/><max value="1"/><base><path value="shr-core-DoNotPerform-model.value"/><min value="1"/><max value="1"/></base><type><code value="boolean"/></type><mustSupport value="false"/><isModifier value="false"/><isSummary value="false"/></element></differential></StructureDefinition>