<?xml version="1.0" encoding="UTF-8"?><StructureDefinition xmlns="http://hl7.org/fhir"><id value="shr-core-Attestation-model"/><text><status value="generated"/><div xmlns="http://www.w3.org/1999/xhtml">
  <p><b>Attestation Logical Model</b></p>
  <p>A certification or assertion of the accuracy of the content.</p>
</div></text><url value="http://hl7.org/fhir/us/shr/StructureDefinition/shr-core-Attestation-model"/><identifier><system value="http://hl7.org/fhir/us/shrcore"/><value value="shr.core.Attestation"/></identifier><version value="0.5.0"/><name value="Attestation"/><title value="shr-core-Attestation"/><status value="draft"/><date value="2019-05-01T00:00:00-04:00"/><publisher value="The MITRE Corporation"/><contact><telecom><system value="url"/><value value="http://www.standardhealthrecord.org"/></telecom></contact><description value="A certification or assertion of the accuracy of the content."/><fhirVersion value="3.0.1"/><kind value="logical"/><abstract value="false"/><type value="shr-core-Attestation-model"/><baseDefinition value="http://hl7.org/fhir/StructureDefinition/Element"/><derivation value="specialization"/><snapshot><element id="shr-core-Attestation-model"><path value="shr-core-Attestation-model"/><definition value="A certification or assertion of the accuracy of the content."/><min value="0"/><max value="*"/><base><path value="shr-core-Attestation-model"/><min value="0"/><max value="*"/></base><mustSupport value="false"/><isModifier value="false"/><isSummary value="false"/></element><element id="shr-core-Attestation-model.attestationMode"><path value="shr-core-Attestation-model.attestationMode"/><short value="The type of attestation the authenticator offers."/><definition value="The type of attestation the authenticator offers."/><min value="1"/><max value="1"/><base><path value="shr-core-Attestation-model.attestationMode"/><min value="1"/><max value="1"/></base><type><code value="code"/></type><mustSupport value="false"/><isModifier value="false"/><isSummary value="false"/><binding><strength value="required"/><valueSetReference><reference value="http://hl7.org/fhir/ValueSet/composition-attestation-mode"/></valueSetReference></binding></element><element id="shr-core-Attestation-model.creationDateTime"><path value="shr-core-Attestation-model.creationDateTime"/><code><system value="http://ncimeta.nci.nih.gov"/><code value="C3669169"/></code><short value="The point in time when the item was created."/><definition value="The point in time when the item was created."/><min value="0"/><max value="1"/><base><path value="shr-core-Attestation-model.creationDateTime"/><min value="0"/><max value="1"/></base><type><code value="dateTime"/></type><mustSupport value="false"/><isModifier value="false"/><isSummary value="false"/></element><element id="shr-core-Attestation-model.attester[x]"><path value="shr-core-Attestation-model.attester[x]"/><short value="The actor who has certified or assented to the accuracy of the composition/document."/><definition value="The actor who has certified or assented to the accuracy of the composition/document."/><min value="0"/><max value="1"/><base><path value="shr-core-Attestation-model.attester[x]"/><min value="0"/><max value="1"/></base><type><code value="Reference"/><targetProfile value="http://hl7.org/fhir/us/shr/StructureDefinition/shr-core-Patient-model"/></type><type><code value="Reference"/><targetProfile value="http://hl7.org/fhir/us/shr/StructureDefinition/shr-core-Practitioner-model"/></type><type><code value="Reference"/><targetProfile value="http://hl7.org/fhir/us/shr/StructureDefinition/shr-core-RelatedPerson-model"/></type><type><code value="Reference"/><targetProfile value="http://hl7.org/fhir/us/shr/StructureDefinition/shr-core-Organization-model"/></type><type><code value="Reference"/><targetProfile value="http://hl7.org/fhir/us/shr/StructureDefinition/shr-core-Device-model"/></type><mustSupport value="false"/><isModifier value="false"/><isSummary value="false"/></element></snapshot><differential><element id="shr-core-Attestation-model"><path value="shr-core-Attestation-model"/><definition value="A certification or assertion of the accuracy of the content."/><min value="0"/><max value="*"/><base><path value="shr-core-Attestation-model"/><min value="0"/><max value="*"/></base><mustSupport value="false"/><isModifier value="false"/><isSummary value="false"/></element><element id="shr-core-Attestation-model.attestationMode"><path value="shr-core-Attestation-model.attestationMode"/><short value="The type of attestation the authenticator offers."/><definition value="The type of attestation the authenticator offers."/><min value="1"/><max value="1"/><base><path value="shr-core-Attestation-model.attestationMode"/><min value="1"/><max value="1"/></base><type><code value="code"/></type><mustSupport value="false"/><isModifier value="false"/><isSummary value="false"/><binding><strength value="required"/><valueSetReference><reference value="http://hl7.org/fhir/ValueSet/composition-attestation-mode"/></valueSetReference></binding></element><element id="shr-core-Attestation-model.creationDateTime"><path value="shr-core-Attestation-model.creationDateTime"/><code><system value="http://ncimeta.nci.nih.gov"/><code value="C3669169"/></code><short value="The point in time when the item was created."/><definition value="The point in time when the item was created."/><min value="0"/><max value="1"/><base><path value="shr-core-Attestation-model.creationDateTime"/><min value="0"/><max value="1"/></base><type><code value="dateTime"/></type><mustSupport value="false"/><isModifier value="false"/><isSummary value="false"/></element><element id="shr-core-Attestation-model.attester[x]"><path value="shr-core-Attestation-model.attester[x]"/><short value="The actor who has certified or assented to the accuracy of the composition/document."/><definition value="The actor who has certified or assented to the accuracy of the composition/document."/><min value="0"/><max value="1"/><base><path value="shr-core-Attestation-model.attester[x]"/><min value="0"/><max value="1"/></base><type><code value="Reference"/><targetProfile value="http://hl7.org/fhir/us/shr/StructureDefinition/shr-core-Patient-model"/></type><type><code value="Reference"/><targetProfile value="http://hl7.org/fhir/us/shr/StructureDefinition/shr-core-Practitioner-model"/></type><type><code value="Reference"/><targetProfile value="http://hl7.org/fhir/us/shr/StructureDefinition/shr-core-RelatedPerson-model"/></type><type><code value="Reference"/><targetProfile value="http://hl7.org/fhir/us/shr/StructureDefinition/shr-core-Organization-model"/></type><type><code value="Reference"/><targetProfile value="http://hl7.org/fhir/us/shr/StructureDefinition/shr-core-Device-model"/></type><mustSupport value="false"/><isModifier value="false"/><isSummary value="false"/></element></differential></StructureDefinition>