<?xml version="1.0" encoding="UTF-8"?><StructureDefinition xmlns="http://hl7.org/fhir"><id value="shr-core-LastUpdated-model"/><text><status value="generated"/><div xmlns="http://www.w3.org/1999/xhtml">
  <p><b>LastUpdated Logical Model</b></p>
  <p>The most recent date the information item was changed.</p>
</div></text><url value="http://hl7.org/fhir/us/shr/StructureDefinition/shr-core-LastUpdated-model"/><identifier><system value="http://hl7.org/fhir/us/shrcore"/><value value="shr.core.LastUpdated"/></identifier><version value="0.5.0"/><name value="LastUpdated"/><title value="shr-core-LastUpdated"/><status value="draft"/><date value="2019-05-01T00:00:00-04:00"/><publisher value="The MITRE Corporation"/><contact><telecom><system value="url"/><value value="http://www.standardhealthrecord.org"/></telecom></contact><description value="The most recent date the information item was changed."/><fhirVersion value="3.0.1"/><kind value="logical"/><abstract value="false"/><type value="shr-core-LastUpdated-model"/><baseDefinition value="http://hl7.org/fhir/StructureDefinition/Element"/><derivation value="specialization"/><snapshot><element id="shr-core-LastUpdated-model"><path value="shr-core-LastUpdated-model"/><definition value="The most recent date the information item was changed."/><min value="0"/><max value="*"/><base><path value="shr-core-LastUpdated-model"/><min value="0"/><max value="*"/></base><mustSupport value="false"/><isModifier value="false"/><isSummary value="false"/></element><element id="shr-core-LastUpdated-model.value"><path value="shr-core-LastUpdated-model.value"/><short value="DateTime representing the most recent date the information item was changed."/><definition value="DateTime representing the most recent date the information item was changed."/><min value="1"/><max value="1"/><base><path value="shr-core-LastUpdated-model.value"/><min value="1"/><max value="1"/></base><type><code value="dateTime"/></type><mustSupport value="false"/><isModifier value="false"/><isSummary value="false"/></element></snapshot><differential><element id="shr-core-LastUpdated-model"><path value="shr-core-LastUpdated-model"/><definition value="The most recent date the information item was changed."/><min value="0"/><max value="*"/><base><path value="shr-core-LastUpdated-model"/><min value="0"/><max value="*"/></base><mustSupport value="false"/><isModifier value="false"/><isSummary value="false"/></element><element id="shr-core-LastUpdated-model.value"><path value="shr-core-LastUpdated-model.value"/><short value="DateTime representing the most recent date the information item was changed."/><definition value="DateTime representing the most recent date the information item was changed."/><min value="1"/><max value="1"/><base><path value="shr-core-LastUpdated-model.value"/><min value="1"/><max value="1"/></base><type><code value="dateTime"/></type><mustSupport value="false"/><isModifier value="false"/><isSummary value="false"/></element></differential></StructureDefinition>