<?xml version="1.0" encoding="UTF-8"?><StructureDefinition xmlns="http://hl7.org/fhir"><id value="shr-core-StageSummary-model"/><text><status value="generated"/><div xmlns="http://www.w3.org/1999/xhtml">
  <p><b>StageSummary Logical Model</b></p>
  <p>A code representing the current stage of a disease.</p>
</div></text><url value="http://hl7.org/fhir/us/shr/StructureDefinition/shr-core-StageSummary-model"/><identifier><system value="http://hl7.org/fhir/us/shrcore"/><value value="shr.core.StageSummary"/></identifier><version value="0.5.0"/><name value="StageSummary"/><title value="shr-core-StageSummary"/><status value="draft"/><date value="2019-05-01T00:00:00-04:00"/><publisher value="The MITRE Corporation"/><contact><telecom><system value="url"/><value value="http://www.standardhealthrecord.org"/></telecom></contact><description value="A code representing the current stage of a disease."/><fhirVersion value="3.0.1"/><kind value="logical"/><abstract value="false"/><type value="shr-core-StageSummary-model"/><baseDefinition value="http://hl7.org/fhir/StructureDefinition/Element"/><derivation value="specialization"/><snapshot><element id="shr-core-StageSummary-model"><path value="shr-core-StageSummary-model"/><definition value="A code representing the current stage of a disease."/><min value="0"/><max value="*"/><base><path value="shr-core-StageSummary-model"/><min value="0"/><max value="*"/></base><mustSupport value="false"/><isModifier value="false"/><isSummary value="false"/></element><element id="shr-core-StageSummary-model.value"><path value="shr-core-StageSummary-model.value"/><short value="Code representing a code representing the current stage of a disease."/><definition value="Code representing a code representing the current stage of a disease."/><min value="1"/><max value="1"/><base><path value="shr-core-StageSummary-model.value"/><min value="1"/><max value="1"/></base><type><code value="Coding"/></type><mustSupport value="false"/><isModifier value="false"/><isSummary value="false"/></element></snapshot><differential><element id="shr-core-StageSummary-model"><path value="shr-core-StageSummary-model"/><definition value="A code representing the current stage of a disease."/><min value="0"/><max value="*"/><base><path value="shr-core-StageSummary-model"/><min value="0"/><max value="*"/></base><mustSupport value="false"/><isModifier value="false"/><isSummary value="false"/></element><element id="shr-core-StageSummary-model.value"><path value="shr-core-StageSummary-model.value"/><short value="Code representing a code representing the current stage of a disease."/><definition value="Code representing a code representing the current stage of a disease."/><min value="1"/><max value="1"/><base><path value="shr-core-StageSummary-model.value"/><min value="1"/><max value="1"/></base><type><code value="Coding"/></type><mustSupport value="false"/><isModifier value="false"/><isSummary value="false"/></element></differential></StructureDefinition>