<?xml version="1.0" encoding="UTF-8"?><StructureDefinition xmlns="http://hl7.org/fhir"><id value="shr-core-ClosingTime-model"/><text><status value="generated"/><div xmlns="http://www.w3.org/1999/xhtml">
  <p><b>ClosingTime Logical Model</b></p>
  <p>Time that the Location closes.</p>
</div></text><url value="http://hl7.org/fhir/us/shr/StructureDefinition/shr-core-ClosingTime-model"/><identifier><system value="http://hl7.org/fhir/us/shrcore"/><value value="shr.core.ClosingTime"/></identifier><version value="0.5.0"/><name value="ClosingTime"/><title value="shr-core-ClosingTime"/><status value="draft"/><date value="2019-05-01T00:00:00-04:00"/><publisher value="The MITRE Corporation"/><contact><telecom><system value="url"/><value value="http://www.standardhealthrecord.org"/></telecom></contact><description value="Time that the Location closes."/><fhirVersion value="3.0.1"/><kind value="logical"/><abstract value="false"/><type value="shr-core-ClosingTime-model"/><baseDefinition value="http://hl7.org/fhir/StructureDefinition/Element"/><derivation value="specialization"/><snapshot><element id="shr-core-ClosingTime-model"><path value="shr-core-ClosingTime-model"/><definition value="Time that the Location closes."/><min value="0"/><max value="*"/><base><path value="shr-core-ClosingTime-model"/><min value="0"/><max value="*"/></base><mustSupport value="false"/><isModifier value="false"/><isSummary value="false"/></element><element id="shr-core-ClosingTime-model.value"><path value="shr-core-ClosingTime-model.value"/><short value="Time representing time that the Location closes."/><definition value="Time representing time that the Location closes."/><min value="1"/><max value="1"/><base><path value="shr-core-ClosingTime-model.value"/><min value="1"/><max value="1"/></base><type><code value="time"/></type><mustSupport value="false"/><isModifier value="false"/><isSummary value="false"/></element></snapshot><differential><element id="shr-core-ClosingTime-model"><path value="shr-core-ClosingTime-model"/><definition value="Time that the Location closes."/><min value="0"/><max value="*"/><base><path value="shr-core-ClosingTime-model"/><min value="0"/><max value="*"/></base><mustSupport value="false"/><isModifier value="false"/><isSummary value="false"/></element><element id="shr-core-ClosingTime-model.value"><path value="shr-core-ClosingTime-model.value"/><short value="Time representing time that the Location closes."/><definition value="Time representing time that the Location closes."/><min value="1"/><max value="1"/><base><path value="shr-core-ClosingTime-model.value"/><min value="1"/><max value="1"/></base><type><code value="time"/></type><mustSupport value="false"/><isModifier value="false"/><isSummary value="false"/></element></differential></StructureDefinition>