<?xml version="1.0" encoding="UTF-8"?><StructureDefinition xmlns="http://hl7.org/fhir"><id value="shr-core-BloodPressureCuffSize-model"/><text><status value="generated"/><div xmlns="http://www.w3.org/1999/xhtml">
  <p><b>BloodPressureCuffSize Logical Model</b></p>
  <p>The size of cuff used, if applicable.</p>
</div></text><url value="http://hl7.org/fhir/us/shr/StructureDefinition/shr-core-BloodPressureCuffSize-model"/><identifier><system value="http://hl7.org/fhir/us/shrcore"/><value value="shr.core.BloodPressureCuffSize"/></identifier><version value="0.5.0"/><name value="BloodPressureCuffSize"/><title value="shr-core-BloodPressureCuffSize"/><status value="draft"/><date value="2019-05-01T00:00:00-04:00"/><publisher value="The MITRE Corporation"/><contact><telecom><system value="url"/><value value="http://www.standardhealthrecord.org"/></telecom></contact><description value="The size of cuff used, if applicable."/><fhirVersion value="3.0.1"/><kind value="logical"/><abstract value="false"/><type value="shr-core-BloodPressureCuffSize-model"/><baseDefinition value="http://hl7.org/fhir/StructureDefinition/Element"/><derivation value="specialization"/><snapshot><element id="shr-core-BloodPressureCuffSize-model"><path value="shr-core-BloodPressureCuffSize-model"/><definition value="The size of cuff used, if applicable."/><min value="0"/><max value="*"/><base><path value="shr-core-BloodPressureCuffSize-model"/><min value="0"/><max value="*"/></base><mustSupport value="false"/><isModifier value="false"/><isSummary value="false"/></element><element id="shr-core-BloodPressureCuffSize-model.value"><path value="shr-core-BloodPressureCuffSize-model.value"/><short value="Code representing the size of cuff used, if applicable."/><definition value="Code representing the size of cuff used, if applicable."/><min value="1"/><max value="1"/><base><path value="shr-core-BloodPressureCuffSize-model.value"/><min value="1"/><max value="1"/></base><type><code value="Coding"/></type><mustSupport value="false"/><isModifier value="false"/><isSummary value="false"/><binding><strength value="required"/><valueSetReference><reference value="http://hl7.org/fhir/us/shrcore/shr/core/vs/BloodPressureCuffSizeVS"/></valueSetReference></binding></element></snapshot><differential><element id="shr-core-BloodPressureCuffSize-model"><path value="shr-core-BloodPressureCuffSize-model"/><definition value="The size of cuff used, if applicable."/><min value="0"/><max value="*"/><base><path value="shr-core-BloodPressureCuffSize-model"/><min value="0"/><max value="*"/></base><mustSupport value="false"/><isModifier value="false"/><isSummary value="false"/></element><element id="shr-core-BloodPressureCuffSize-model.value"><path value="shr-core-BloodPressureCuffSize-model.value"/><short value="Code representing the size of cuff used, if applicable."/><definition value="Code representing the size of cuff used, if applicable."/><min value="1"/><max value="1"/><base><path value="shr-core-BloodPressureCuffSize-model.value"/><min value="1"/><max value="1"/></base><type><code value="Coding"/></type><mustSupport value="false"/><isModifier value="false"/><isSummary value="false"/><binding><strength value="required"/><valueSetReference><reference value="http://hl7.org/fhir/us/shrcore/shr/core/vs/BloodPressureCuffSizeVS"/></valueSetReference></binding></element></differential></StructureDefinition>