<?xml version="1.0" encoding="UTF-8"?><StructureDefinition xmlns="http://hl7.org/fhir"><id value="shr-core-ClockFaceDirection-model"/><text><status value="generated"/><div xmlns="http://www.w3.org/1999/xhtml">
  <p><b>ClockFaceDirection Logical Model</b></p>
  <p>A direction indicated by an angle relative to 12 o&#39;clock.</p>
</div></text><url value="http://hl7.org/fhir/us/shr/StructureDefinition/shr-core-ClockFaceDirection-model"/><identifier><system value="http://hl7.org/fhir/us/shrcore"/><value value="shr.core.ClockFaceDirection"/></identifier><version value="0.5.0"/><name value="ClockFaceDirection"/><title value="shr-core-ClockFaceDirection"/><status value="draft"/><date value="2019-05-01T00:00:00-04:00"/><publisher value="The MITRE Corporation"/><contact><telecom><system value="url"/><value value="http://www.standardhealthrecord.org"/></telecom></contact><description value="A direction indicated by an angle relative to 12 o&#39;clock."/><fhirVersion value="3.0.1"/><kind value="logical"/><abstract value="false"/><type value="shr-core-ClockFaceDirection-model"/><baseDefinition value="http://hl7.org/fhir/StructureDefinition/Element"/><derivation value="specialization"/><snapshot><element id="shr-core-ClockFaceDirection-model"><path value="shr-core-ClockFaceDirection-model"/><definition value="A direction indicated by an angle relative to 12 o&#39;clock."/><min value="0"/><max value="*"/><base><path value="shr-core-ClockFaceDirection-model"/><min value="0"/><max value="*"/></base><mustSupport value="false"/><isModifier value="false"/><isSummary value="false"/></element><element id="shr-core-ClockFaceDirection-model.value"><path value="shr-core-ClockFaceDirection-model.value"/><short value="Code representing a direction indicated by an angle relative to 12 o&#39;clock."/><definition value="Code representing a direction indicated by an angle relative to 12 o&#39;clock."/><min value="1"/><max value="1"/><base><path value="shr-core-ClockFaceDirection-model.value"/><min value="1"/><max value="1"/></base><type><code value="Coding"/></type><mustSupport value="false"/><isModifier value="false"/><isSummary value="false"/><binding><strength value="required"/><valueSetReference><reference value="http://hl7.org/fhir/us/shrcore/shr/core/vs/ClockFaceDirectionVS"/></valueSetReference></binding></element></snapshot><differential><element id="shr-core-ClockFaceDirection-model"><path value="shr-core-ClockFaceDirection-model"/><definition value="A direction indicated by an angle relative to 12 o&#39;clock."/><min value="0"/><max value="*"/><base><path value="shr-core-ClockFaceDirection-model"/><min value="0"/><max value="*"/></base><mustSupport value="false"/><isModifier value="false"/><isSummary value="false"/></element><element id="shr-core-ClockFaceDirection-model.value"><path value="shr-core-ClockFaceDirection-model.value"/><short value="Code representing a direction indicated by an angle relative to 12 o&#39;clock."/><definition value="Code representing a direction indicated by an angle relative to 12 o&#39;clock."/><min value="1"/><max value="1"/><base><path value="shr-core-ClockFaceDirection-model.value"/><min value="1"/><max value="1"/></base><type><code value="Coding"/></type><mustSupport value="false"/><isModifier value="false"/><isSummary value="false"/><binding><strength value="required"/><valueSetReference><reference value="http://hl7.org/fhir/us/shrcore/shr/core/vs/ClockFaceDirectionVS"/></valueSetReference></binding></element></differential></StructureDefinition>