<?xml version="1.0" encoding="UTF-8"?><StructureDefinition xmlns="http://hl7.org/fhir"><id value="shr-core-Code-model"/><text><status value="generated"/><div xmlns="http://www.w3.org/1999/xhtml">
  <p><b>Code Logical Model</b></p>
  <p>The main type identifier for a lab, procedure, condition, etc., usually drawn from a controlled vocabulary.</p>
</div></text><url value="http://hl7.org/fhir/us/shr/StructureDefinition/shr-core-Code-model"/><identifier><system value="http://hl7.org/fhir/us/shrcore"/><value value="shr.core.Code"/></identifier><version value="0.5.0"/><name value="Code"/><title value="shr-core-Code"/><status value="draft"/><date value="2019-05-01T00:00:00-04:00"/><publisher value="The MITRE Corporation"/><contact><telecom><system value="url"/><value value="http://www.standardhealthrecord.org"/></telecom></contact><description value="The main type identifier for a lab, procedure, condition, etc., usually drawn from a controlled vocabulary."/><fhirVersion value="3.0.1"/><kind value="logical"/><abstract value="false"/><type value="shr-core-Code-model"/><baseDefinition value="http://hl7.org/fhir/StructureDefinition/Element"/><derivation value="specialization"/><snapshot><element id="shr-core-Code-model"><path value="shr-core-Code-model"/><definition value="The main type identifier for a lab, procedure, condition, etc., usually drawn from a controlled vocabulary."/><min value="0"/><max value="*"/><base><path value="shr-core-Code-model"/><min value="0"/><max value="*"/></base><mustSupport value="false"/><isModifier value="false"/><isSummary value="false"/></element><element id="shr-core-Code-model.value"><path value="shr-core-Code-model.value"/><short value="Code representing the main type identifier for a lab, procedure, condition, etc., usually drawn from a controlled vocabulary."/><definition value="Code representing the main type identifier for a lab, procedure, condition, etc., usually drawn from a controlled vocabulary."/><min value="1"/><max value="1"/><base><path value="shr-core-Code-model.value"/><min value="1"/><max value="1"/></base><type><code value="Coding"/></type><mustSupport value="false"/><isModifier value="false"/><isSummary value="false"/></element></snapshot><differential><element id="shr-core-Code-model"><path value="shr-core-Code-model"/><definition value="The main type identifier for a lab, procedure, condition, etc., usually drawn from a controlled vocabulary."/><min value="0"/><max value="*"/><base><path value="shr-core-Code-model"/><min value="0"/><max value="*"/></base><mustSupport value="false"/><isModifier value="false"/><isSummary value="false"/></element><element id="shr-core-Code-model.value"><path value="shr-core-Code-model.value"/><short value="Code representing the main type identifier for a lab, procedure, condition, etc., usually drawn from a controlled vocabulary."/><definition value="Code representing the main type identifier for a lab, procedure, condition, etc., usually drawn from a controlled vocabulary."/><min value="1"/><max value="1"/><base><path value="shr-core-Code-model.value"/><min value="1"/><max value="1"/></base><type><code value="Coding"/></type><mustSupport value="false"/><isModifier value="false"/><isSummary value="false"/></element></differential></StructureDefinition>