<?xml version="1.0" encoding="UTF-8"?><StructureDefinition xmlns="http://hl7.org/fhir"><id value="shr-core-IsRequired-model"/><text><status value="generated"/><div xmlns="http://www.w3.org/1999/xhtml">
  <p><b>IsRequired Logical Model</b></p>
  <p>An indication, if true, that the item may occur multiple times in the response, collecting multiple answers answers for questions or multiple sets of answers for groups.</p>
</div></text><url value="http://hl7.org/fhir/us/shr/StructureDefinition/shr-core-IsRequired-model"/><identifier><system value="http://hl7.org/fhir/us/shrcore"/><value value="shr.core.IsRequired"/></identifier><version value="0.6.0"/><name value="IsRequired"/><title value="shr-core-IsRequired"/><status value="draft"/><date value="2019-05-07T00:00:00-04:00"/><publisher value="The MITRE Corporation"/><contact><telecom><system value="url"/><value value="http://www.standardhealthrecord.org"/></telecom></contact><description value="An indication, if true, that the item may occur multiple times in the response, collecting multiple answers answers for questions or multiple sets of answers for groups."/><fhirVersion value="3.0.1"/><kind value="logical"/><abstract value="false"/><type value="shr-core-IsRequired-model"/><baseDefinition value="http://hl7.org/fhir/StructureDefinition/Element"/><derivation value="specialization"/><snapshot><element id="shr-core-IsRequired-model"><path value="shr-core-IsRequired-model"/><definition value="An indication, if true, that the item may occur multiple times in the response, collecting multiple answers answers for questions or multiple sets of answers for groups."/><min value="0"/><max value="*"/><base><path value="shr-core-IsRequired-model"/><min value="0"/><max value="*"/></base><mustSupport value="false"/><isModifier value="false"/><isSummary value="false"/></element><element id="shr-core-IsRequired-model.value"><path value="shr-core-IsRequired-model.value"/><short value="Boolean representing an indication, if true, that the item may occur multiple times in the response, collecting multiple answers answers for questions or multiple sets of answers for groups."/><definition value="Boolean representing an indication, if true, that the item may occur multiple times in the response, collecting multiple answers answers for questions or multiple sets of answers for groups."/><min value="1"/><max value="1"/><base><path value="shr-core-IsRequired-model.value"/><min value="1"/><max value="1"/></base><type><code value="boolean"/></type><mustSupport value="false"/><isModifier value="false"/><isSummary value="false"/></element></snapshot><differential><element id="shr-core-IsRequired-model"><path value="shr-core-IsRequired-model"/><definition value="An indication, if true, that the item may occur multiple times in the response, collecting multiple answers answers for questions or multiple sets of answers for groups."/><min value="0"/><max value="*"/><base><path value="shr-core-IsRequired-model"/><min value="0"/><max value="*"/></base><mustSupport value="false"/><isModifier value="false"/><isSummary value="false"/></element><element id="shr-core-IsRequired-model.value"><path value="shr-core-IsRequired-model.value"/><short value="Boolean representing an indication, if true, that the item may occur multiple times in the response, collecting multiple answers answers for questions or multiple sets of answers for groups."/><definition value="Boolean representing an indication, if true, that the item may occur multiple times in the response, collecting multiple answers answers for questions or multiple sets of answers for groups."/><min value="1"/><max value="1"/><base><path value="shr-core-IsRequired-model.value"/><min value="1"/><max value="1"/></base><type><code value="boolean"/></type><mustSupport value="false"/><isModifier value="false"/><isSummary value="false"/></element></differential></StructureDefinition>