<?xml version="1.0" encoding="UTF-8"?><ValueSet xmlns="http://hl7.org/fhir"><id value="shr-core-MedDRAVS"/><text><status value="generated"/><div xmlns="http://www.w3.org/1999/xhtml">
<p><b>MedDRAVS ValueSet</b></p>
<p/>
</div></text><url value="http://hl7.org/fhir/us/shrcore/shr/core/vs/MedDRAVS"/><identifier><system value="http://hl7.org/fhir/us/shrcore"/><value value="shr.core.MedDRAVS"/></identifier><version value="0.5.0"/><name value="MedDRAVS"/><title value="MedDRAVS"/><status value="draft"/><date value="2019-05-01T00:00:00-04:00"/><publisher value="The MITRE Corporation"/><contact><telecom><system value="url"/><value value="http://www.standardhealthrecord.org"/></telecom></contact><compose><include><system value="http://www.meddra.org"/></include></compose></ValueSet>