{"resourceType":"ValueSet","id":"icare-basic-resource-type-vs","text":{"status":"generated","div":"<div xmlns=\"http://www.w3.org/1999/xhtml\">\n<p><b>icare Basic Resource Type ValueSet</b></p>\n<p>Codes representing profiles on the Basic resource.</p>\n</div>"},"url":"http://mcodeinitiative.org/codex/us/icare/ValueSet/icare-basic-resource-type-vs","version":"0.1.2","name":"icare Basic Resource Type ValueSet","status":"draft","publisher":"The MITRE Corporation","contact":[{"telecom":[{"system":"other","value":"http://icaredata.org","rank":0}]}],"date":"2019-11-06T00:00:00-06:00","description":"Codes representing profiles on the Basic resource.","immutable":false,"codeSystem":{"system":"icare-basic-resource-type","caseSensitive":true,"concept":[{"code":"obf-ResearchSubject","display":"obf-ResearchSubject"},{"code":"obf-ServiceRequest","display":"obf-ServiceRequest"}]}}