{"resourceType":"ValueSet","id":"obf-TreatmentTerminationReasonVS","text":{"status":"generated","div":"<div xmlns=\"http://www.w3.org/1999/xhtml\">\n<p><b>TreatmentTerminationReasonVS ValueSet</b></p>\n<p>Values used to describe the reasons for stopping a treatment. Includes code for 'treatment completed' as well as codes for unplanned (early) stoppage. Applies to medications and other treatments that take place over a period of time, such as radiation treatments.</p>\n</div>"},"url":"http://icaredata.org/icare/ValueSet/obf-TreatmentTerminationReasonVS","version":"0.1.1","name":"TreatmentTerminationReasonVS","status":"draft","publisher":"The MITRE Corporation","contact":[{"telecom":[{"system":"other","value":"http://icaredata.org","rank":0}]}],"date":"2019-10-23T00:00:00-04:00","description":"Values used to describe the reasons for stopping a treatment. Includes code for 'treatment completed' as well as codes for unplanned (early) stoppage. Applies to medications and other treatments that take place over a period of time, such as radiation treatments.","immutable":false,"compose":{"include":[{"system":"http://snomed.info/sct","concept":[{"code":"182992009","display":"Treatment completed (situation)"},{"code":"58848006","display":"Lack of drug action (finding)"},{"code":"281647001","display":"Adverse reaction (disorder)"},{"code":"160932005","display":"Financial problem"},{"code":"105480006","display":"Refusal of treatment by patient"},{"code":"107724000","display":"Patient transfer"},{"code":"309846006","display":"Treatment not available"}]}]}}