<?xml version="1.0" encoding="UTF-8"?>

<StructureDefinition xmlns="http://hl7.org/fhir">
  <id value="shr-core-Evidence-model"/>
  <text>
    <status value="generated"/><div xmlns="http://www.w3.org/1999/xhtml">
  <p><b>Evidence Logical Model</b></p>
  <p>Supporting evidence / manifestations that are the basis of the Condition's verification status, such as evidence that confirmed or refuted the condition.</p>
</div>
  </text>
  <url value="http://hl7.org/fhir/us/shr/StructureDefinition/shr-core-Evidence-model"/>
  <identifier>
    <system value="http://hl7.org/fhir/us/sw"/>
    <value value="shr.core.Evidence"/>
  </identifier>
  <version value="0.5.0"/>
  <name value="Evidence"/>
  <title value="shr-core-Evidence"/>
  <status value="draft"/>
  <date value="2019-03-30T00:00:00-04:00"/>
  <publisher value="HL7 Patient Care and Clinical Information Modeling Initiative Work Groups"/>
  <contact>
    <telecom>
      <system value="url"/>
      <value value="http://standardhealthrecord.org"/>
    </telecom>
  </contact>
  <description value="Supporting evidence / manifestations that are the basis of the Condition&#39;s verification status, such as evidence that confirmed or refuted the condition."/>
  <kind value="logical"/>
  <abstract value="false"/>
  <type value="shr-core-Evidence-model"/>
  <baseDefinition value="http://hl7.org/fhir/StructureDefinition/Element"/>
  <derivation value="specialization"/>
  <snapshot>
    <element id="shr-core-Evidence-model">
      <path value="shr-core-Evidence-model"/>
      <definition value="Supporting evidence / manifestations that are the basis of the Condition&#39;s verification status, such as evidence that confirmed or refuted the condition."/>
      <min value="0"/>
      <max value="*"/>
      <base>
        <path value="shr-core-Evidence-model"/>
        <min value="0"/>
        <max value="*"/>
      </base>
      <mustSupport value="false"/>
      <isModifier value="false"/>
      <isSummary value="false"/>
    </element>
    <element id="shr-core-Evidence-model.manifestation">
      <path value="shr-core-Evidence-model.manifestation"/>
      <short value="Clinical symptoms/signs."/>
      <definition value="Clinical symptoms/signs."/>
      <min value="0"/>
      <max value="*"/>
      <base>
        <path value="shr-core-Evidence-model.manifestation"/>
        <min value="0"/>
        <max value="*"/>
      </base>
      <type>
        <code value="Coding"/>
      </type>
      <mustSupport value="false"/>
      <isModifier value="false"/>
      <isSummary value="false"/>
      <binding>
        <strength value="example"/>
        <valueSetReference>
          <reference value="http://hl7.org/fhir/ValueSet/clinical-findings"/>
        </valueSetReference>
      </binding>
    </element>
    <element id="shr-core-Evidence-model.domainResource">
      <path value="shr-core-Evidence-model.domainResource"/>
      <short value="Parent class for any item in clinical or administrative health-related system. A DomainResource can belong to a single person&#39;s health record, or represent an entity that surfaces in multiple records, such as organizations, providers, payments, decision support artifacts, etc."/>
      <definition value="Parent class for any item in clinical or administrative health-related system. A DomainResource can belong to a single person&#39;s health record, or represent an entity that surfaces in multiple records, such as organizations, providers, payments, decision support artifacts, etc."/>
      <min value="0"/>
      <max value="*"/>
      <base>
        <path value="shr-core-Evidence-model.domainResource"/>
        <min value="0"/>
        <max value="*"/>
      </base>
      <type>
        <code value="http://hl7.org/fhir/us/shr/StructureDefinition/shr-core-DomainResource-model"/>
      </type>
      <mustSupport value="false"/>
      <isModifier value="false"/>
      <isSummary value="false"/>
    </element>
  </snapshot>
  <differential>
    <element id="shr-core-Evidence-model">
      <path value="shr-core-Evidence-model"/>
      <definition value="Supporting evidence / manifestations that are the basis of the Condition&#39;s verification status, such as evidence that confirmed or refuted the condition."/>
      <min value="0"/>
      <max value="*"/>
      <base>
        <path value="shr-core-Evidence-model"/>
        <min value="0"/>
        <max value="*"/>
      </base>
      <mustSupport value="false"/>
      <isModifier value="false"/>
      <isSummary value="false"/>
    </element>
    <element id="shr-core-Evidence-model.manifestation">
      <path value="shr-core-Evidence-model.manifestation"/>
      <short value="Clinical symptoms/signs."/>
      <definition value="Clinical symptoms/signs."/>
      <min value="0"/>
      <max value="*"/>
      <base>
        <path value="shr-core-Evidence-model.manifestation"/>
        <min value="0"/>
        <max value="*"/>
      </base>
      <type>
        <code value="Coding"/>
      </type>
      <mustSupport value="false"/>
      <isModifier value="false"/>
      <isSummary value="false"/>
      <binding>
        <strength value="example"/>
        <valueSetReference>
          <reference value="http://hl7.org/fhir/ValueSet/clinical-findings"/>
        </valueSetReference>
      </binding>
    </element>
    <element id="shr-core-Evidence-model.domainResource">
      <path value="shr-core-Evidence-model.domainResource"/>
      <short value="Parent class for any item in clinical or administrative health-related system. A DomainResource can belong to a single person&#39;s health record, or represent an entity that surfaces in multiple records, such as organizations, providers, payments, decision support artifacts, etc."/>
      <definition value="Parent class for any item in clinical or administrative health-related system. A DomainResource can belong to a single person&#39;s health record, or represent an entity that surfaces in multiple records, such as organizations, providers, payments, decision support artifacts, etc."/>
      <min value="0"/>
      <max value="*"/>
      <base>
        <path value="shr-core-Evidence-model.domainResource"/>
        <min value="0"/>
        <max value="*"/>
      </base>
      <type>
        <code value="http://hl7.org/fhir/us/shr/StructureDefinition/shr-core-DomainResource-model"/>
      </type>
      <mustSupport value="false"/>
      <isModifier value="false"/>
      <isSummary value="false"/>
    </element>
  </differential>
</StructureDefinition>