<?xml version="1.0" encoding="UTF-8"?>

<StructureDefinition xmlns="http://hl7.org/fhir">
  <id value="shr-core-EffectiveTimePeriod-model"/>
  <text>
    <status value="generated"/><div xmlns="http://www.w3.org/1999/xhtml">
  <p><b>EffectiveTimePeriod Logical Model</b></p>
  <p>The date and time span for which something is active, valid, or in force.</p>
</div>
  </text>
  <url value="http://hl7.org/fhir/us/shr/StructureDefinition/shr-core-EffectiveTimePeriod-model"/>
  <identifier>
    <system value="http://hl7.org/fhir/us/sw"/>
    <value value="shr.core.EffectiveTimePeriod"/>
  </identifier>
  <version value="0.5.0"/>
  <name value="EffectiveTimePeriod"/>
  <title value="shr-core-EffectiveTimePeriod"/>
  <status value="draft"/>
  <date value="2019-03-30T00:00:00-04:00"/>
  <publisher value="HL7 Patient Care and Clinical Information Modeling Initiative Work Groups"/>
  <contact>
    <telecom>
      <system value="url"/>
      <value value="http://standardhealthrecord.org"/>
    </telecom>
  </contact>
  <description value="The date and time span for which something is active, valid, or in force."/>
  <keyword>
    <system value="http://ncimeta.nci.nih.gov"/>
    <code value="C2985763"/>
  </keyword>
  <kind value="logical"/>
  <abstract value="false"/>
  <type value="shr-core-EffectiveTimePeriod-model"/>
  <baseDefinition value="http://hl7.org/fhir/StructureDefinition/Element"/>
  <derivation value="specialization"/>
  <snapshot>
    <element id="shr-core-EffectiveTimePeriod-model">
      <path value="shr-core-EffectiveTimePeriod-model"/>
      <definition value="The date and time span for which something is active, valid, or in force."/>
      <min value="0"/>
      <max value="*"/>
      <base>
        <path value="shr-core-EffectiveTimePeriod-model"/>
        <min value="0"/>
        <max value="*"/>
      </base>
      <mustSupport value="false"/>
      <isModifier value="false"/>
      <isSummary value="false"/>
    </element>
    <element id="shr-core-EffectiveTimePeriod-model.beginDateTime">
      <path value="shr-core-EffectiveTimePeriod-model.beginDateTime"/>
      <code>
        <system value="http://ncimeta.nci.nih.gov"/>
        <code value="C1301880"/>
      </code>
      <short value="The time at which something is to take effect, start, or did start. Boundary is considered inclusive."/>
      <definition value="The time at which something is to take effect, start, or did start. Boundary is considered inclusive."/>
      <min value="0"/>
      <max value="1"/>
      <base>
        <path value="shr-core-EffectiveTimePeriod-model.beginDateTime"/>
        <min value="0"/>
        <max value="1"/>
      </base>
      <type>
        <code value="dateTime"/>
      </type>
      <mustSupport value="false"/>
      <isModifier value="false"/>
      <isSummary value="false"/>
    </element>
    <element id="shr-core-EffectiveTimePeriod-model.endDateTime">
      <path value="shr-core-EffectiveTimePeriod-model.endDateTime"/>
      <code>
        <system value="http://ncimeta.nci.nih.gov"/>
        <code value="C1522314"/>
      </code>
      <short value="The time at which something is to end or did end. Boundary is considered inclusive."/>
      <definition value="The time at which something is to end or did end. Boundary is considered inclusive."/>
      <min value="0"/>
      <max value="1"/>
      <base>
        <path value="shr-core-EffectiveTimePeriod-model.endDateTime"/>
        <min value="0"/>
        <max value="1"/>
      </base>
      <type>
        <code value="dateTime"/>
      </type>
      <mustSupport value="false"/>
      <isModifier value="false"/>
      <isSummary value="false"/>
    </element>
  </snapshot>
  <differential>
    <element id="shr-core-EffectiveTimePeriod-model">
      <path value="shr-core-EffectiveTimePeriod-model"/>
      <definition value="The date and time span for which something is active, valid, or in force."/>
      <min value="0"/>
      <max value="*"/>
      <base>
        <path value="shr-core-EffectiveTimePeriod-model"/>
        <min value="0"/>
        <max value="*"/>
      </base>
      <mustSupport value="false"/>
      <isModifier value="false"/>
      <isSummary value="false"/>
    </element>
    <element id="shr-core-EffectiveTimePeriod-model.beginDateTime">
      <path value="shr-core-EffectiveTimePeriod-model.beginDateTime"/>
      <code>
        <system value="http://ncimeta.nci.nih.gov"/>
        <code value="C1301880"/>
      </code>
      <short value="The time at which something is to take effect, start, or did start. Boundary is considered inclusive."/>
      <definition value="The time at which something is to take effect, start, or did start. Boundary is considered inclusive."/>
      <min value="0"/>
      <max value="1"/>
      <base>
        <path value="shr-core-EffectiveTimePeriod-model.beginDateTime"/>
        <min value="0"/>
        <max value="1"/>
      </base>
      <type>
        <code value="dateTime"/>
      </type>
      <mustSupport value="false"/>
      <isModifier value="false"/>
      <isSummary value="false"/>
    </element>
    <element id="shr-core-EffectiveTimePeriod-model.endDateTime">
      <path value="shr-core-EffectiveTimePeriod-model.endDateTime"/>
      <code>
        <system value="http://ncimeta.nci.nih.gov"/>
        <code value="C1522314"/>
      </code>
      <short value="The time at which something is to end or did end. Boundary is considered inclusive."/>
      <definition value="The time at which something is to end or did end. Boundary is considered inclusive."/>
      <min value="0"/>
      <max value="1"/>
      <base>
        <path value="shr-core-EffectiveTimePeriod-model.endDateTime"/>
        <min value="0"/>
        <max value="1"/>
      </base>
      <type>
        <code value="dateTime"/>
      </type>
      <mustSupport value="false"/>
      <isModifier value="false"/>
      <isSummary value="false"/>
    </element>
  </differential>
</StructureDefinition>