<?xml version="1.0" encoding="UTF-8"?>

<StructureDefinition xmlns="http://hl7.org/fhir">
  <id value="shr-core-Encounter-model"/>
  <text>
    <status value="generated"/><div xmlns="http://www.w3.org/1999/xhtml">
  <p><b>Encounter Logical Model</b></p>
  <p>A description of an interaction between a patient and healthcare provider(s) for the purpose of providing healthcare service(s) or assessing the health status of a patient.</p>
</div>
  </text>
  <url value="http://hl7.org/fhir/us/shr/StructureDefinition/shr-core-Encounter-model"/>
  <identifier>
    <system value="http://hl7.org/fhir/us/sw"/>
    <value value="shr.core.Encounter"/>
  </identifier>
  <version value="0.5.0"/>
  <name value="Encounter"/>
  <title value="shr-core-Encounter"/>
  <status value="draft"/>
  <date value="2019-03-31T00:00:00-04:00"/>
  <publisher value="HL7 Patient Care and Clinical Information Modeling Initiative Work Groups"/>
  <contact>
    <telecom>
      <system value="url"/>
      <value value="http://standardhealthrecord.org"/>
    </telecom>
  </contact>
  <description value="A description of an interaction between a patient and healthcare provider(s) for the purpose of providing healthcare service(s) or assessing the health status of a patient."/>
  <kind value="logical"/>
  <abstract value="false"/>
  <type value="shr-core-Encounter-model"/>
  <baseDefinition value="http://hl7.org/fhir/StructureDefinition/Element"/>
  <derivation value="specialization"/>
  <snapshot>
    <element id="shr-core-Encounter-model">
      <path value="shr-core-Encounter-model"/>
      <definition value="A description of an interaction between a patient and healthcare provider(s) for the purpose of providing healthcare service(s) or assessing the health status of a patient."/>
      <min value="0"/>
      <max value="*"/>
      <base>
        <path value="shr-core-Encounter-model"/>
        <min value="0"/>
        <max value="*"/>
      </base>
      <mustSupport value="false"/>
      <isModifier value="false"/>
      <isSummary value="false"/>
    </element>
    <element id="shr-core-Encounter-model.metadata">
      <path value="shr-core-Encounter-model.metadata"/>
      <short value="Elements that belong to all information items."/>
      <definition value="Elements that belong to all information items."/>
      <min value="0"/>
      <max value="1"/>
      <base>
        <path value="shr-core-Encounter-model.metadata"/>
        <min value="0"/>
        <max value="1"/>
      </base>
      <type>
        <code value="http://hl7.org/fhir/us/shr/StructureDefinition/shr-core-Metadata-model"/>
      </type>
      <mustSupport value="false"/>
      <isModifier value="false"/>
      <isSummary value="false"/>
    </element>
    <element id="shr-core-Encounter-model.language">
      <path value="shr-core-Encounter-model.language"/>
      <code>
        <system value="http://ncimeta.nci.nih.gov"/>
        <code value="C0023008"/>
      </code>
      <short value="A human language, spoken or written."/>
      <definition value="A human language, spoken or written."/>
      <min value="0"/>
      <max value="1"/>
      <base>
        <path value="shr-core-Encounter-model.language"/>
        <min value="0"/>
        <max value="1"/>
      </base>
      <type>
        <code value="Coding"/>
      </type>
      <mustSupport value="false"/>
      <isModifier value="false"/>
      <isSummary value="false"/>
    </element>
    <element id="shr-core-Encounter-model.implicitRules">
      <path value="shr-core-Encounter-model.implicitRules"/>
      <short value="A set of rules under which this content was created"/>
      <definition value="A set of rules under which this content was created"/>
      <min value="0"/>
      <max value="1"/>
      <base>
        <path value="shr-core-Encounter-model.implicitRules"/>
        <min value="0"/>
        <max value="1"/>
      </base>
      <type>
        <code value="uri"/>
      </type>
      <mustSupport value="false"/>
      <isModifier value="false"/>
      <isSummary value="false"/>
    </element>
    <element id="shr-core-Encounter-model.narrative">
      <path value="shr-core-Encounter-model.narrative"/>
      <short value="A human-readable narrative, potentially including images, that contains a summary of the resource, and may be used to represent the content of the resource to a human."/>
      <definition value="A human-readable narrative, potentially including images, that contains a summary of the resource, and may be used to represent the content of the resource to a human."/>
      <min value="0"/>
      <max value="1"/>
      <base>
        <path value="shr-core-Encounter-model.narrative"/>
        <min value="0"/>
        <max value="1"/>
      </base>
      <type>
        <code value="http://hl7.org/fhir/us/shr/StructureDefinition/shr-core-Narrative-model"/>
      </type>
      <mustSupport value="false"/>
      <isModifier value="false"/>
      <isSummary value="false"/>
    </element>
    <element id="shr-core-Encounter-model.statusHistory">
      <path value="shr-core-Encounter-model.statusHistory"/>
      <short value="List of past encounter statuses"/>
      <definition value="List of past encounter statuses"/>
      <min value="0"/>
      <max value="*"/>
      <base>
        <path value="shr-core-Encounter-model.statusHistory"/>
        <min value="0"/>
        <max value="*"/>
      </base>
      <type>
        <code value="http://hl7.org/fhir/us/shr/StructureDefinition/shr-core-StatusHistory-model"/>
      </type>
      <mustSupport value="false"/>
      <isModifier value="false"/>
      <isSummary value="false"/>
    </element>
    <element id="shr-core-Encounter-model.status">
      <path value="shr-core-Encounter-model.status"/>
      <short value="A state that relates to the workflow or interpretation of this resource. Certain status values can modify the meaning of the resource, for example, entered-in-error. When a boolean value is used, Status of true indicates the record is active, false means inactive."/>
      <definition value="A state that relates to the workflow or interpretation of this resource. Certain status values can modify the meaning of the resource, for example, entered-in-error. When a boolean value is used, Status of true indicates the record is active, false means inactive."/>
      <min value="1"/>
      <max value="1"/>
      <base>
        <path value="shr-core-Encounter-model.status"/>
        <min value="1"/>
        <max value="1"/>
      </base>
      <type>
        <code value="Coding"/>
      </type>
      <mustSupport value="false"/>
      <isModifier value="false"/>
      <isSummary value="false"/>
    </element>
    <element id="shr-core-Encounter-model.identifier">
      <path value="shr-core-Encounter-model.identifier"/>
      <short value="Business identifier or external id for this resource."/>
      <definition value="Business identifier or external id for this resource."/>
      <min value="0"/>
      <max value="*"/>
      <base>
        <path value="shr-core-Encounter-model.identifier"/>
        <min value="0"/>
        <max value="*"/>
      </base>
      <type>
        <code value="http://hl7.org/fhir/us/shr/StructureDefinition/shr-core-Identifier-model"/>
      </type>
      <mustSupport value="false"/>
      <isModifier value="false"/>
      <isSummary value="false"/>
    </element>
    <element id="shr-core-Encounter-model.timePeriod">
      <path value="shr-core-Encounter-model.timePeriod"/>
      <code>
        <system value="http://ncimeta.nci.nih.gov"/>
        <code value="C1948053"/>
      </code>
      <short value="A period of time defined by a start and end time, date, or year."/>
      <definition value="A period of time defined by a start and end time, date, or year.&#xA;If the start element is missing, the start of the period is not known. If the end element is missing, it means that the period is ongoing, or the start may be in the past, and the end date in the future, which means that period is expected/planned to end at the specified time. The end value includes any matching date/time. For example, the period 2011-05-23 to 2011-05-27 includes all the times from the start of the 23rd May through to the end of the 27th of May."/>
      <min value="0"/>
      <max value="1"/>
      <base>
        <path value="shr-core-Encounter-model.timePeriod"/>
        <min value="0"/>
        <max value="1"/>
      </base>
      <type>
        <code value="http://hl7.org/fhir/us/shr/StructureDefinition/shr-core-TimePeriod-model"/>
      </type>
      <mustSupport value="false"/>
      <isModifier value="false"/>
      <isSummary value="false"/>
    </element>
    <element id="shr-core-Encounter-model.encounterDiagnosis">
      <path value="shr-core-Encounter-model.encounterDiagnosis"/>
      <short value="A diagnosis, which is a disease or injury determined to be present through evaluation of patient history, examination, and/or review of laboratory data. This element is not a stand-alone representation of the condition that was diagnosed, but is meant to be used as an sub-structure in a resource, such as Encounter."/>
      <definition value="A diagnosis, which is a disease or injury determined to be present through evaluation of patient history, examination, and/or review of laboratory data. This element is not a stand-alone representation of the condition that was diagnosed, but is meant to be used as an sub-structure in a resource, such as Encounter."/>
      <min value="0"/>
      <max value="*"/>
      <base>
        <path value="shr-core-Encounter-model.encounterDiagnosis"/>
        <min value="0"/>
        <max value="*"/>
      </base>
      <type>
        <code value="http://hl7.org/fhir/us/shr/StructureDefinition/shr-core-EncounterDiagnosis-model"/>
      </type>
      <mustSupport value="false"/>
      <isModifier value="false"/>
      <isSummary value="false"/>
    </element>
    <element id="shr-core-Encounter-model.patientSubjectOfRecord">
      <path value="shr-core-Encounter-model.patientSubjectOfRecord"/>
      <code>
        <system value="http://ncimeta.nci.nih.gov"/>
        <code value="C1299487"/>
      </code>
      <short value="The SubjectOfRecord when restricted to being a Patient resource."/>
      <definition value="The SubjectOfRecord when restricted to being a Patient resource."/>
      <min value="1"/>
      <max value="1"/>
      <base>
        <path value="shr-core-Encounter-model.patientSubjectOfRecord"/>
        <min value="1"/>
        <max value="1"/>
      </base>
      <type>
        <code value="Reference"/>
        <targetProfile value="http://hl7.org/fhir/us/shr/StructureDefinition/shr-core-Patient-model"/>
      </type>
      <mustSupport value="false"/>
      <isModifier value="false"/>
      <isSummary value="false"/>
    </element>
    <element id="shr-core-Encounter-model.type">
      <path value="shr-core-Encounter-model.type"/>
      <code>
        <system value="http://ncimeta.nci.nih.gov"/>
        <code value="C0332307"/>
      </code>
      <short value="A code describing the item at a greater level of detail."/>
      <definition value="A code describing the item at a greater level of detail."/>
      <min value="0"/>
      <max value="*"/>
      <base>
        <path value="shr-core-Encounter-model.type"/>
        <min value="0"/>
        <max value="*"/>
      </base>
      <type>
        <code value="Coding"/>
      </type>
      <mustSupport value="false"/>
      <isModifier value="false"/>
      <isSummary value="false"/>
      <binding>
        <strength value="extensible"/>
        <valueSetReference>
          <reference value="http://hl7.org/fhir/ValueSet/v3-ActEncounterCode"/>
        </valueSetReference>
      </binding>
    </element>
    <element id="shr-core-Encounter-model.organization">
      <path value="shr-core-Encounter-model.organization"/>
      <code>
        <system value="http://ncimeta.nci.nih.gov"/>
        <code value="C1561598"/>
      </code>
      <short value="A social or legal structure formed by human beings."/>
      <definition value="A social or legal structure formed by human beings.&#xA;&#xA;Organization type is restricted to 0..1 in FHIR DSTU2, similarly restricted here."/>
      <min value="0"/>
      <max value="1"/>
      <base>
        <path value="shr-core-Encounter-model.organization"/>
        <min value="0"/>
        <max value="1"/>
      </base>
      <type>
        <code value="Reference"/>
        <targetProfile value="http://hl7.org/fhir/us/shr/StructureDefinition/shr-core-Organization-model"/>
      </type>
      <mustSupport value="false"/>
      <isModifier value="false"/>
      <isSummary value="false"/>
    </element>
    <element id="shr-core-Encounter-model.referralRequest">
      <path value="shr-core-Encounter-model.referralRequest"/>
      <short value="Used to record and send details about a request for referral service or transfer of a patient to the care of another provider or provider organization."/>
      <definition value="Used to record and send details about a request for referral service or transfer of a patient to the care of another provider or provider organization."/>
      <min value="0"/>
      <max value="*"/>
      <base>
        <path value="shr-core-Encounter-model.referralRequest"/>
        <min value="0"/>
        <max value="*"/>
      </base>
      <type>
        <code value="Reference"/>
        <targetProfile value="http://hl7.org/fhir/us/shr/StructureDefinition/shr-core-ReferralRequest-model"/>
      </type>
      <mustSupport value="false"/>
      <isModifier value="false"/>
      <isSummary value="false"/>
    </element>
    <element id="shr-core-Encounter-model.encounterClass">
      <path value="shr-core-Encounter-model.encounterClass"/>
      <short value="Concepts representing classification of patient encounter such as ambulatory (outpatient), inpatient, emergency, home health or others due to local variations."/>
      <definition value="Concepts representing classification of patient encounter such as ambulatory (outpatient), inpatient, emergency, home health or others due to local variations."/>
      <min value="0"/>
      <max value="1"/>
      <base>
        <path value="shr-core-Encounter-model.encounterClass"/>
        <min value="0"/>
        <max value="1"/>
      </base>
      <type>
        <code value="Coding"/>
      </type>
      <mustSupport value="false"/>
      <isModifier value="false"/>
      <isSummary value="false"/>
    </element>
    <element id="shr-core-Encounter-model.classHistory">
      <path value="shr-core-Encounter-model.classHistory"/>
      <short value="List of past encounter statuses"/>
      <definition value="List of past encounter statuses"/>
      <min value="0"/>
      <max value="*"/>
      <base>
        <path value="shr-core-Encounter-model.classHistory"/>
        <min value="0"/>
        <max value="*"/>
      </base>
      <type>
        <code value="http://hl7.org/fhir/us/shr/StructureDefinition/shr-core-ClassHistory-model"/>
      </type>
      <mustSupport value="false"/>
      <isModifier value="false"/>
      <isSummary value="false"/>
    </element>
    <element id="shr-core-Encounter-model.priorityCode[x]">
      <path value="shr-core-Encounter-model.priorityCode[x]"/>
      <code>
        <system value="http://ncimeta.nci.nih.gov"/>
        <code value="C0549179"/>
      </code>
      <slicing>
        <discriminator>
          <type value="type"/>
          <path value="$this"/>
        </discriminator>
        <ordered value="false"/>
        <rules value="open"/>
      </slicing>
      <short value="An indication of the importance of an action relative to other actions."/>
      <definition value="An indication of the importance of an action relative to other actions."/>
      <min value="0"/>
      <max value="1"/>
      <base>
        <path value="shr-core-Encounter-model.priorityCode[x]"/>
        <min value="0"/>
        <max value="1"/>
      </base>
      <type>
        <code value="positiveInt"/>
      </type>
      <type>
        <code value="Coding"/>
      </type>
      <mustSupport value="false"/>
      <isModifier value="false"/>
      <isSummary value="false"/>
    </element>
    <element id="shr-core-Encounter-model.priorityCodeCoding:codeableConcept">
      <path value="shr-core-Encounter-model.priorityCodeCoding"/>
      <sliceName value="codeableConcept"/>
      <short value="PositiveInt or code representing an indication of the importance of an action relative to other actions."/>
      <definition value="PositiveInt or code representing an indication of the importance of an action relative to other actions."/>
      <min value="1"/>
      <max value="1"/>
      <base>
        <path value="shr-core-Encounter-model.priorityCodeCoding"/>
        <min value="1"/>
        <max value="1"/>
      </base>
      <type>
        <code value="Coding"/>
      </type>
      <mustSupport value="false"/>
      <isModifier value="false"/>
      <isSummary value="false"/>
      <binding>
        <strength value="example"/>
        <valueSetReference>
          <reference value="http://hl7.org/fhir/ValueSet/v3-ActPriority"/>
        </valueSetReference>
      </binding>
    </element>
    <element id="shr-core-Encounter-model.episodeOfCare">
      <path value="shr-core-Encounter-model.episodeOfCare"/>
      <short value="An association between a patient and an organization / healthcare provider(s) during which time encounters may occur. The managing organization assumes a level of responsibility for the patient during this time."/>
      <definition value="An association between a patient and an organization / healthcare provider(s) during which time encounters may occur. The managing organization assumes a level of responsibility for the patient during this time."/>
      <min value="0"/>
      <max value="*"/>
      <base>
        <path value="shr-core-Encounter-model.episodeOfCare"/>
        <min value="0"/>
        <max value="*"/>
      </base>
      <type>
        <code value="Reference"/>
        <targetProfile value="http://hl7.org/fhir/us/shr/StructureDefinition/shr-core-EpisodeOfCare-model"/>
      </type>
      <mustSupport value="false"/>
      <isModifier value="false"/>
      <isSummary value="false"/>
    </element>
    <element id="shr-core-Encounter-model.participation">
      <path value="shr-core-Encounter-model.participation"/>
      <short value="Record of someone or something involvement in an activity or event."/>
      <definition value="Record of someone or something involvement in an activity or event."/>
      <min value="0"/>
      <max value="*"/>
      <base>
        <path value="shr-core-Encounter-model.participation"/>
        <min value="0"/>
        <max value="*"/>
      </base>
      <type>
        <code value="BackboneElement"/>
      </type>
      <mustSupport value="false"/>
      <isModifier value="false"/>
      <isSummary value="false"/>
    </element>
    <element id="shr-core-Encounter-model.participation.encounterParticipant[x]">
      <path value="shr-core-Encounter-model.participation.encounterParticipant[x]"/>
      <short value="A choice of Practitioner and RelatedPerson as participant"/>
      <definition value="A choice of Practitioner and RelatedPerson as participant"/>
      <min value="0"/>
      <max value="1"/>
      <base>
        <path value="shr-core-Encounter-model.participation.encounterParticipant[x]"/>
        <min value="0"/>
        <max value="1"/>
      </base>
      <type>
        <code value="Reference"/>
        <targetProfile value="http://hl7.org/fhir/us/shr/StructureDefinition/shr-core-Practitioner-model"/>
      </type>
      <type>
        <code value="Reference"/>
        <targetProfile value="http://hl7.org/fhir/us/shr/StructureDefinition/shr-core-RelatedPerson-model"/>
      </type>
      <mustSupport value="false"/>
      <isModifier value="false"/>
      <isSummary value="false"/>
    </element>
    <element id="shr-core-Encounter-model.participation.participationType">
      <path value="shr-core-Encounter-model.participation.participationType"/>
      <code>
        <system value="http://ncimeta.nci.nih.gov"/>
        <code value="C1553854"/>
      </code>
      <short value="The role played by the participant engaged in the action, for example, as the attending physician, surgical assistant, etc."/>
      <definition value="The role played by the participant engaged in the action, for example, as the attending physician, surgical assistant, etc."/>
      <min value="0"/>
      <max value="1"/>
      <base>
        <path value="shr-core-Encounter-model.participation.participationType"/>
        <min value="0"/>
        <max value="1"/>
      </base>
      <type>
        <code value="Coding"/>
      </type>
      <mustSupport value="false"/>
      <isModifier value="false"/>
      <isSummary value="false"/>
      <binding>
        <strength value="extensible"/>
        <valueSetReference>
          <reference value="http://hl7.org/fhir/ValueSet/encounter-participant-type"/>
        </valueSetReference>
      </binding>
    </element>
    <element id="shr-core-Encounter-model.participation.participationPeriod">
      <path value="shr-core-Encounter-model.participation.participationPeriod"/>
      <code>
        <system value="http://ncimeta.nci.nih.gov"/>
        <code value="C1948053"/>
      </code>
      <short value="The point in time or span of time the participant is involved."/>
      <definition value="The point in time or span of time the participant is involved."/>
      <min value="0"/>
      <max value="1"/>
      <base>
        <path value="shr-core-Encounter-model.participation.participationPeriod"/>
        <min value="0"/>
        <max value="1"/>
      </base>
      <type>
        <code value="http://hl7.org/fhir/us/shr/StructureDefinition/shr-core-TimePeriod-model"/>
      </type>
      <mustSupport value="false"/>
      <isModifier value="false"/>
      <isSummary value="false"/>
    </element>
    <element id="shr-core-Encounter-model.participation.onBehalfOf[x]">
      <path value="shr-core-Encounter-model.participation.onBehalfOf[x]"/>
      <short value="The party represented by the actual participant."/>
      <definition value="The party represented by the actual participant."/>
      <min value="0"/>
      <max value="1"/>
      <base>
        <path value="shr-core-Encounter-model.participation.onBehalfOf[x]"/>
        <min value="0"/>
        <max value="1"/>
      </base>
      <type>
        <code value="uri"/>
      </type>
      <type>
        <code value="Reference"/>
        <targetProfile value="http://hl7.org/fhir/us/shr/StructureDefinition/shr-core-Organization-model"/>
      </type>
      <mustSupport value="false"/>
      <isModifier value="false"/>
      <isSummary value="false"/>
    </element>
    <element id="shr-core-Encounter-model.appointment">
      <path value="shr-core-Encounter-model.appointment"/>
      <short value="A booking of a healthcare event among patient(s), practitioner(s), related person(s) and/or device(s) for a specific date/time."/>
      <definition value="A booking of a healthcare event among patient(s), practitioner(s), related person(s) and/or device(s) for a specific date/time."/>
      <min value="0"/>
      <max value="1"/>
      <base>
        <path value="shr-core-Encounter-model.appointment"/>
        <min value="0"/>
        <max value="1"/>
      </base>
      <type>
        <code value="Reference"/>
        <targetProfile value="http://hl7.org/fhir/us/shr/StructureDefinition/shr-core-Appointment-model"/>
      </type>
      <mustSupport value="false"/>
      <isModifier value="false"/>
      <isSummary value="false"/>
    </element>
    <element id="shr-core-Encounter-model.duration">
      <path value="shr-core-Encounter-model.duration"/>
      <code>
        <system value="http://ncimeta.nci.nih.gov"/>
        <code value="C0449238"/>
      </code>
      <short value="The length of time that something continues."/>
      <definition value="The length of time that something continues."/>
      <min value="0"/>
      <max value="1"/>
      <base>
        <path value="shr-core-Encounter-model.duration"/>
        <min value="0"/>
        <max value="1"/>
      </base>
      <type>
        <code value="http://hl7.org/fhir/us/shr/StructureDefinition/shr-core-Duration-model"/>
      </type>
      <mustSupport value="false"/>
      <isModifier value="false"/>
      <isSummary value="false"/>
    </element>
    <element id="shr-core-Encounter-model.reasonCode">
      <path value="shr-core-Encounter-model.reasonCode"/>
      <code>
        <system value="http://ncimeta.nci.nih.gov"/>
        <code value="C0566251"/>
      </code>
      <short value="The justification, as a code."/>
      <definition value="The justification, as a code.&#xA;Reason is a string or CodeableConcept in DSTU2 but in later versions only a CodeableConcept, so we are not going to support a string."/>
      <min value="0"/>
      <max value="*"/>
      <base>
        <path value="shr-core-Encounter-model.reasonCode"/>
        <min value="0"/>
        <max value="*"/>
      </base>
      <type>
        <code value="Coding"/>
      </type>
      <mustSupport value="false"/>
      <isModifier value="false"/>
      <isSummary value="false"/>
      <binding>
        <strength value="preferred"/>
        <valueSetReference>
          <reference value="http://hl7.org/fhir/ValueSet/encounter-reason"/>
        </valueSetReference>
      </binding>
    </element>
    <element id="shr-core-Encounter-model.encounterLocation">
      <path value="shr-core-Encounter-model.encounterLocation"/>
      <short value="Locations where the patient has been."/>
      <definition value="Locations where the patient has been."/>
      <min value="0"/>
      <max value="*"/>
      <base>
        <path value="shr-core-Encounter-model.encounterLocation"/>
        <min value="0"/>
        <max value="*"/>
      </base>
      <type>
        <code value="http://hl7.org/fhir/us/shr/StructureDefinition/shr-core-EncounterLocation-model"/>
      </type>
      <mustSupport value="false"/>
      <isModifier value="false"/>
      <isSummary value="false"/>
    </element>
    <element id="shr-core-Encounter-model.partOf">
      <path value="shr-core-Encounter-model.partOf"/>
      <short value="The larger entity that the asserted item is a portion of. For example, an organization part of a larger organization, or an encounter with a hospitalist might be part of a larger hospitalization encounter."/>
      <definition value="The larger entity that the asserted item is a portion of. For example, an organization part of a larger organization, or an encounter with a hospitalist might be part of a larger hospitalization encounter."/>
      <min value="0"/>
      <max value="1"/>
      <base>
        <path value="shr-core-Encounter-model.partOf"/>
        <min value="0"/>
        <max value="1"/>
      </base>
      <type>
        <code value="Reference"/>
        <targetProfile value="http://hl7.org/fhir/us/shr/StructureDefinition/shr-core-Encounter-model"/>
      </type>
      <mustSupport value="false"/>
      <isModifier value="false"/>
      <isSummary value="false"/>
    </element>
  </snapshot>
  <differential>
    <element id="shr-core-Encounter-model">
      <path value="shr-core-Encounter-model"/>
      <definition value="A description of an interaction between a patient and healthcare provider(s) for the purpose of providing healthcare service(s) or assessing the health status of a patient."/>
      <min value="0"/>
      <max value="*"/>
      <base>
        <path value="shr-core-Encounter-model"/>
        <min value="0"/>
        <max value="*"/>
      </base>
      <mustSupport value="false"/>
      <isModifier value="false"/>
      <isSummary value="false"/>
    </element>
    <element id="shr-core-Encounter-model.metadata">
      <path value="shr-core-Encounter-model.metadata"/>
      <short value="Elements that belong to all information items."/>
      <definition value="Elements that belong to all information items."/>
      <min value="0"/>
      <max value="1"/>
      <base>
        <path value="shr-core-Encounter-model.metadata"/>
        <min value="0"/>
        <max value="1"/>
      </base>
      <type>
        <code value="http://hl7.org/fhir/us/shr/StructureDefinition/shr-core-Metadata-model"/>
      </type>
      <mustSupport value="false"/>
      <isModifier value="false"/>
      <isSummary value="false"/>
    </element>
    <element id="shr-core-Encounter-model.language">
      <path value="shr-core-Encounter-model.language"/>
      <code>
        <system value="http://ncimeta.nci.nih.gov"/>
        <code value="C0023008"/>
      </code>
      <short value="A human language, spoken or written."/>
      <definition value="A human language, spoken or written."/>
      <min value="0"/>
      <max value="1"/>
      <base>
        <path value="shr-core-Encounter-model.language"/>
        <min value="0"/>
        <max value="1"/>
      </base>
      <type>
        <code value="Coding"/>
      </type>
      <mustSupport value="false"/>
      <isModifier value="false"/>
      <isSummary value="false"/>
    </element>
    <element id="shr-core-Encounter-model.implicitRules">
      <path value="shr-core-Encounter-model.implicitRules"/>
      <short value="A set of rules under which this content was created"/>
      <definition value="A set of rules under which this content was created"/>
      <min value="0"/>
      <max value="1"/>
      <base>
        <path value="shr-core-Encounter-model.implicitRules"/>
        <min value="0"/>
        <max value="1"/>
      </base>
      <type>
        <code value="uri"/>
      </type>
      <mustSupport value="false"/>
      <isModifier value="false"/>
      <isSummary value="false"/>
    </element>
    <element id="shr-core-Encounter-model.narrative">
      <path value="shr-core-Encounter-model.narrative"/>
      <short value="A human-readable narrative, potentially including images, that contains a summary of the resource, and may be used to represent the content of the resource to a human."/>
      <definition value="A human-readable narrative, potentially including images, that contains a summary of the resource, and may be used to represent the content of the resource to a human."/>
      <min value="0"/>
      <max value="1"/>
      <base>
        <path value="shr-core-Encounter-model.narrative"/>
        <min value="0"/>
        <max value="1"/>
      </base>
      <type>
        <code value="http://hl7.org/fhir/us/shr/StructureDefinition/shr-core-Narrative-model"/>
      </type>
      <mustSupport value="false"/>
      <isModifier value="false"/>
      <isSummary value="false"/>
    </element>
    <element id="shr-core-Encounter-model.statusHistory">
      <path value="shr-core-Encounter-model.statusHistory"/>
      <short value="List of past encounter statuses"/>
      <definition value="List of past encounter statuses"/>
      <min value="0"/>
      <max value="*"/>
      <base>
        <path value="shr-core-Encounter-model.statusHistory"/>
        <min value="0"/>
        <max value="*"/>
      </base>
      <type>
        <code value="http://hl7.org/fhir/us/shr/StructureDefinition/shr-core-StatusHistory-model"/>
      </type>
      <mustSupport value="false"/>
      <isModifier value="false"/>
      <isSummary value="false"/>
    </element>
    <element id="shr-core-Encounter-model.status">
      <path value="shr-core-Encounter-model.status"/>
      <short value="A state that relates to the workflow or interpretation of this resource. Certain status values can modify the meaning of the resource, for example, entered-in-error. When a boolean value is used, Status of true indicates the record is active, false means inactive."/>
      <definition value="A state that relates to the workflow or interpretation of this resource. Certain status values can modify the meaning of the resource, for example, entered-in-error. When a boolean value is used, Status of true indicates the record is active, false means inactive."/>
      <min value="1"/>
      <max value="1"/>
      <base>
        <path value="shr-core-Encounter-model.status"/>
        <min value="1"/>
        <max value="1"/>
      </base>
      <type>
        <code value="Coding"/>
      </type>
      <mustSupport value="false"/>
      <isModifier value="false"/>
      <isSummary value="false"/>
    </element>
    <element id="shr-core-Encounter-model.identifier">
      <path value="shr-core-Encounter-model.identifier"/>
      <short value="Business identifier or external id for this resource."/>
      <definition value="Business identifier or external id for this resource."/>
      <min value="0"/>
      <max value="*"/>
      <base>
        <path value="shr-core-Encounter-model.identifier"/>
        <min value="0"/>
        <max value="*"/>
      </base>
      <type>
        <code value="http://hl7.org/fhir/us/shr/StructureDefinition/shr-core-Identifier-model"/>
      </type>
      <mustSupport value="false"/>
      <isModifier value="false"/>
      <isSummary value="false"/>
    </element>
    <element id="shr-core-Encounter-model.timePeriod">
      <path value="shr-core-Encounter-model.timePeriod"/>
      <code>
        <system value="http://ncimeta.nci.nih.gov"/>
        <code value="C1948053"/>
      </code>
      <short value="A period of time defined by a start and end time, date, or year."/>
      <definition value="A period of time defined by a start and end time, date, or year.&#xA;If the start element is missing, the start of the period is not known. If the end element is missing, it means that the period is ongoing, or the start may be in the past, and the end date in the future, which means that period is expected/planned to end at the specified time. The end value includes any matching date/time. For example, the period 2011-05-23 to 2011-05-27 includes all the times from the start of the 23rd May through to the end of the 27th of May."/>
      <min value="0"/>
      <max value="1"/>
      <base>
        <path value="shr-core-Encounter-model.timePeriod"/>
        <min value="0"/>
        <max value="1"/>
      </base>
      <type>
        <code value="http://hl7.org/fhir/us/shr/StructureDefinition/shr-core-TimePeriod-model"/>
      </type>
      <mustSupport value="false"/>
      <isModifier value="false"/>
      <isSummary value="false"/>
    </element>
    <element id="shr-core-Encounter-model.encounterDiagnosis">
      <path value="shr-core-Encounter-model.encounterDiagnosis"/>
      <short value="A diagnosis, which is a disease or injury determined to be present through evaluation of patient history, examination, and/or review of laboratory data. This element is not a stand-alone representation of the condition that was diagnosed, but is meant to be used as an sub-structure in a resource, such as Encounter."/>
      <definition value="A diagnosis, which is a disease or injury determined to be present through evaluation of patient history, examination, and/or review of laboratory data. This element is not a stand-alone representation of the condition that was diagnosed, but is meant to be used as an sub-structure in a resource, such as Encounter."/>
      <min value="0"/>
      <max value="*"/>
      <base>
        <path value="shr-core-Encounter-model.encounterDiagnosis"/>
        <min value="0"/>
        <max value="*"/>
      </base>
      <type>
        <code value="http://hl7.org/fhir/us/shr/StructureDefinition/shr-core-EncounterDiagnosis-model"/>
      </type>
      <mustSupport value="false"/>
      <isModifier value="false"/>
      <isSummary value="false"/>
    </element>
    <element id="shr-core-Encounter-model.patientSubjectOfRecord">
      <path value="shr-core-Encounter-model.patientSubjectOfRecord"/>
      <code>
        <system value="http://ncimeta.nci.nih.gov"/>
        <code value="C1299487"/>
      </code>
      <short value="The SubjectOfRecord when restricted to being a Patient resource."/>
      <definition value="The SubjectOfRecord when restricted to being a Patient resource."/>
      <min value="1"/>
      <max value="1"/>
      <base>
        <path value="shr-core-Encounter-model.patientSubjectOfRecord"/>
        <min value="1"/>
        <max value="1"/>
      </base>
      <type>
        <code value="Reference"/>
        <targetProfile value="http://hl7.org/fhir/us/shr/StructureDefinition/shr-core-Patient-model"/>
      </type>
      <mustSupport value="false"/>
      <isModifier value="false"/>
      <isSummary value="false"/>
    </element>
    <element id="shr-core-Encounter-model.type">
      <path value="shr-core-Encounter-model.type"/>
      <code>
        <system value="http://ncimeta.nci.nih.gov"/>
        <code value="C0332307"/>
      </code>
      <short value="A code describing the item at a greater level of detail."/>
      <definition value="A code describing the item at a greater level of detail."/>
      <min value="0"/>
      <max value="*"/>
      <base>
        <path value="shr-core-Encounter-model.type"/>
        <min value="0"/>
        <max value="*"/>
      </base>
      <type>
        <code value="Coding"/>
      </type>
      <mustSupport value="false"/>
      <isModifier value="false"/>
      <isSummary value="false"/>
      <binding>
        <strength value="extensible"/>
        <valueSetReference>
          <reference value="http://hl7.org/fhir/ValueSet/v3-ActEncounterCode"/>
        </valueSetReference>
      </binding>
    </element>
    <element id="shr-core-Encounter-model.organization">
      <path value="shr-core-Encounter-model.organization"/>
      <code>
        <system value="http://ncimeta.nci.nih.gov"/>
        <code value="C1561598"/>
      </code>
      <short value="A social or legal structure formed by human beings."/>
      <definition value="A social or legal structure formed by human beings.&#xA;&#xA;Organization type is restricted to 0..1 in FHIR DSTU2, similarly restricted here."/>
      <min value="0"/>
      <max value="1"/>
      <base>
        <path value="shr-core-Encounter-model.organization"/>
        <min value="0"/>
        <max value="1"/>
      </base>
      <type>
        <code value="Reference"/>
        <targetProfile value="http://hl7.org/fhir/us/shr/StructureDefinition/shr-core-Organization-model"/>
      </type>
      <mustSupport value="false"/>
      <isModifier value="false"/>
      <isSummary value="false"/>
    </element>
    <element id="shr-core-Encounter-model.referralRequest">
      <path value="shr-core-Encounter-model.referralRequest"/>
      <short value="Used to record and send details about a request for referral service or transfer of a patient to the care of another provider or provider organization."/>
      <definition value="Used to record and send details about a request for referral service or transfer of a patient to the care of another provider or provider organization."/>
      <min value="0"/>
      <max value="*"/>
      <base>
        <path value="shr-core-Encounter-model.referralRequest"/>
        <min value="0"/>
        <max value="*"/>
      </base>
      <type>
        <code value="Reference"/>
        <targetProfile value="http://hl7.org/fhir/us/shr/StructureDefinition/shr-core-ReferralRequest-model"/>
      </type>
      <mustSupport value="false"/>
      <isModifier value="false"/>
      <isSummary value="false"/>
    </element>
    <element id="shr-core-Encounter-model.encounterClass">
      <path value="shr-core-Encounter-model.encounterClass"/>
      <short value="Concepts representing classification of patient encounter such as ambulatory (outpatient), inpatient, emergency, home health or others due to local variations."/>
      <definition value="Concepts representing classification of patient encounter such as ambulatory (outpatient), inpatient, emergency, home health or others due to local variations."/>
      <min value="0"/>
      <max value="1"/>
      <base>
        <path value="shr-core-Encounter-model.encounterClass"/>
        <min value="0"/>
        <max value="1"/>
      </base>
      <type>
        <code value="Coding"/>
      </type>
      <mustSupport value="false"/>
      <isModifier value="false"/>
      <isSummary value="false"/>
    </element>
    <element id="shr-core-Encounter-model.classHistory">
      <path value="shr-core-Encounter-model.classHistory"/>
      <short value="List of past encounter statuses"/>
      <definition value="List of past encounter statuses"/>
      <min value="0"/>
      <max value="*"/>
      <base>
        <path value="shr-core-Encounter-model.classHistory"/>
        <min value="0"/>
        <max value="*"/>
      </base>
      <type>
        <code value="http://hl7.org/fhir/us/shr/StructureDefinition/shr-core-ClassHistory-model"/>
      </type>
      <mustSupport value="false"/>
      <isModifier value="false"/>
      <isSummary value="false"/>
    </element>
    <element id="shr-core-Encounter-model.priorityCode[x]">
      <path value="shr-core-Encounter-model.priorityCode[x]"/>
      <code>
        <system value="http://ncimeta.nci.nih.gov"/>
        <code value="C0549179"/>
      </code>
      <slicing>
        <discriminator>
          <type value="type"/>
          <path value="$this"/>
        </discriminator>
        <ordered value="false"/>
        <rules value="open"/>
      </slicing>
      <short value="An indication of the importance of an action relative to other actions."/>
      <definition value="An indication of the importance of an action relative to other actions."/>
      <min value="0"/>
      <max value="1"/>
      <base>
        <path value="shr-core-Encounter-model.priorityCode[x]"/>
        <min value="0"/>
        <max value="1"/>
      </base>
      <type>
        <code value="positiveInt"/>
      </type>
      <type>
        <code value="Coding"/>
      </type>
      <mustSupport value="false"/>
      <isModifier value="false"/>
      <isSummary value="false"/>
    </element>
    <element id="shr-core-Encounter-model.priorityCodeCoding:codeableConcept">
      <path value="shr-core-Encounter-model.priorityCodeCoding"/>
      <sliceName value="codeableConcept"/>
      <short value="PositiveInt or code representing an indication of the importance of an action relative to other actions."/>
      <definition value="PositiveInt or code representing an indication of the importance of an action relative to other actions."/>
      <min value="1"/>
      <max value="1"/>
      <base>
        <path value="shr-core-Encounter-model.priorityCodeCoding"/>
        <min value="1"/>
        <max value="1"/>
      </base>
      <type>
        <code value="Coding"/>
      </type>
      <mustSupport value="false"/>
      <isModifier value="false"/>
      <isSummary value="false"/>
      <binding>
        <strength value="example"/>
        <valueSetReference>
          <reference value="http://hl7.org/fhir/ValueSet/v3-ActPriority"/>
        </valueSetReference>
      </binding>
    </element>
    <element id="shr-core-Encounter-model.episodeOfCare">
      <path value="shr-core-Encounter-model.episodeOfCare"/>
      <short value="An association between a patient and an organization / healthcare provider(s) during which time encounters may occur. The managing organization assumes a level of responsibility for the patient during this time."/>
      <definition value="An association between a patient and an organization / healthcare provider(s) during which time encounters may occur. The managing organization assumes a level of responsibility for the patient during this time."/>
      <min value="0"/>
      <max value="*"/>
      <base>
        <path value="shr-core-Encounter-model.episodeOfCare"/>
        <min value="0"/>
        <max value="*"/>
      </base>
      <type>
        <code value="Reference"/>
        <targetProfile value="http://hl7.org/fhir/us/shr/StructureDefinition/shr-core-EpisodeOfCare-model"/>
      </type>
      <mustSupport value="false"/>
      <isModifier value="false"/>
      <isSummary value="false"/>
    </element>
    <element id="shr-core-Encounter-model.participation">
      <path value="shr-core-Encounter-model.participation"/>
      <short value="Record of someone or something involvement in an activity or event."/>
      <definition value="Record of someone or something involvement in an activity or event."/>
      <min value="0"/>
      <max value="*"/>
      <base>
        <path value="shr-core-Encounter-model.participation"/>
        <min value="0"/>
        <max value="*"/>
      </base>
      <type>
        <code value="BackboneElement"/>
      </type>
      <mustSupport value="false"/>
      <isModifier value="false"/>
      <isSummary value="false"/>
    </element>
    <element id="shr-core-Encounter-model.participation.encounterParticipant[x]">
      <path value="shr-core-Encounter-model.participation.encounterParticipant[x]"/>
      <short value="A choice of Practitioner and RelatedPerson as participant"/>
      <definition value="A choice of Practitioner and RelatedPerson as participant"/>
      <min value="0"/>
      <max value="1"/>
      <base>
        <path value="shr-core-Encounter-model.participation.encounterParticipant[x]"/>
        <min value="0"/>
        <max value="1"/>
      </base>
      <type>
        <code value="Reference"/>
        <targetProfile value="http://hl7.org/fhir/us/shr/StructureDefinition/shr-core-Practitioner-model"/>
      </type>
      <type>
        <code value="Reference"/>
        <targetProfile value="http://hl7.org/fhir/us/shr/StructureDefinition/shr-core-RelatedPerson-model"/>
      </type>
      <mustSupport value="false"/>
      <isModifier value="false"/>
      <isSummary value="false"/>
    </element>
    <element id="shr-core-Encounter-model.participation.participationType">
      <path value="shr-core-Encounter-model.participation.participationType"/>
      <code>
        <system value="http://ncimeta.nci.nih.gov"/>
        <code value="C1553854"/>
      </code>
      <short value="The role played by the participant engaged in the action, for example, as the attending physician, surgical assistant, etc."/>
      <definition value="The role played by the participant engaged in the action, for example, as the attending physician, surgical assistant, etc."/>
      <min value="0"/>
      <max value="1"/>
      <base>
        <path value="shr-core-Encounter-model.participation.participationType"/>
        <min value="0"/>
        <max value="1"/>
      </base>
      <type>
        <code value="Coding"/>
      </type>
      <mustSupport value="false"/>
      <isModifier value="false"/>
      <isSummary value="false"/>
      <binding>
        <strength value="extensible"/>
        <valueSetReference>
          <reference value="http://hl7.org/fhir/ValueSet/encounter-participant-type"/>
        </valueSetReference>
      </binding>
    </element>
    <element id="shr-core-Encounter-model.participation.participationPeriod">
      <path value="shr-core-Encounter-model.participation.participationPeriod"/>
      <code>
        <system value="http://ncimeta.nci.nih.gov"/>
        <code value="C1948053"/>
      </code>
      <short value="The point in time or span of time the participant is involved."/>
      <definition value="The point in time or span of time the participant is involved."/>
      <min value="0"/>
      <max value="1"/>
      <base>
        <path value="shr-core-Encounter-model.participation.participationPeriod"/>
        <min value="0"/>
        <max value="1"/>
      </base>
      <type>
        <code value="http://hl7.org/fhir/us/shr/StructureDefinition/shr-core-TimePeriod-model"/>
      </type>
      <mustSupport value="false"/>
      <isModifier value="false"/>
      <isSummary value="false"/>
    </element>
    <element id="shr-core-Encounter-model.participation.onBehalfOf[x]">
      <path value="shr-core-Encounter-model.participation.onBehalfOf[x]"/>
      <short value="The party represented by the actual participant."/>
      <definition value="The party represented by the actual participant."/>
      <min value="0"/>
      <max value="1"/>
      <base>
        <path value="shr-core-Encounter-model.participation.onBehalfOf[x]"/>
        <min value="0"/>
        <max value="1"/>
      </base>
      <type>
        <code value="uri"/>
      </type>
      <type>
        <code value="Reference"/>
        <targetProfile value="http://hl7.org/fhir/us/shr/StructureDefinition/shr-core-Organization-model"/>
      </type>
      <mustSupport value="false"/>
      <isModifier value="false"/>
      <isSummary value="false"/>
    </element>
    <element id="shr-core-Encounter-model.appointment">
      <path value="shr-core-Encounter-model.appointment"/>
      <short value="A booking of a healthcare event among patient(s), practitioner(s), related person(s) and/or device(s) for a specific date/time."/>
      <definition value="A booking of a healthcare event among patient(s), practitioner(s), related person(s) and/or device(s) for a specific date/time."/>
      <min value="0"/>
      <max value="1"/>
      <base>
        <path value="shr-core-Encounter-model.appointment"/>
        <min value="0"/>
        <max value="1"/>
      </base>
      <type>
        <code value="Reference"/>
        <targetProfile value="http://hl7.org/fhir/us/shr/StructureDefinition/shr-core-Appointment-model"/>
      </type>
      <mustSupport value="false"/>
      <isModifier value="false"/>
      <isSummary value="false"/>
    </element>
    <element id="shr-core-Encounter-model.duration">
      <path value="shr-core-Encounter-model.duration"/>
      <code>
        <system value="http://ncimeta.nci.nih.gov"/>
        <code value="C0449238"/>
      </code>
      <short value="The length of time that something continues."/>
      <definition value="The length of time that something continues."/>
      <min value="0"/>
      <max value="1"/>
      <base>
        <path value="shr-core-Encounter-model.duration"/>
        <min value="0"/>
        <max value="1"/>
      </base>
      <type>
        <code value="http://hl7.org/fhir/us/shr/StructureDefinition/shr-core-Duration-model"/>
      </type>
      <mustSupport value="false"/>
      <isModifier value="false"/>
      <isSummary value="false"/>
    </element>
    <element id="shr-core-Encounter-model.reasonCode">
      <path value="shr-core-Encounter-model.reasonCode"/>
      <code>
        <system value="http://ncimeta.nci.nih.gov"/>
        <code value="C0566251"/>
      </code>
      <short value="The justification, as a code."/>
      <definition value="The justification, as a code.&#xA;Reason is a string or CodeableConcept in DSTU2 but in later versions only a CodeableConcept, so we are not going to support a string."/>
      <min value="0"/>
      <max value="*"/>
      <base>
        <path value="shr-core-Encounter-model.reasonCode"/>
        <min value="0"/>
        <max value="*"/>
      </base>
      <type>
        <code value="Coding"/>
      </type>
      <mustSupport value="false"/>
      <isModifier value="false"/>
      <isSummary value="false"/>
      <binding>
        <strength value="preferred"/>
        <valueSetReference>
          <reference value="http://hl7.org/fhir/ValueSet/encounter-reason"/>
        </valueSetReference>
      </binding>
    </element>
    <element id="shr-core-Encounter-model.encounterLocation">
      <path value="shr-core-Encounter-model.encounterLocation"/>
      <short value="Locations where the patient has been."/>
      <definition value="Locations where the patient has been."/>
      <min value="0"/>
      <max value="*"/>
      <base>
        <path value="shr-core-Encounter-model.encounterLocation"/>
        <min value="0"/>
        <max value="*"/>
      </base>
      <type>
        <code value="http://hl7.org/fhir/us/shr/StructureDefinition/shr-core-EncounterLocation-model"/>
      </type>
      <mustSupport value="false"/>
      <isModifier value="false"/>
      <isSummary value="false"/>
    </element>
    <element id="shr-core-Encounter-model.partOf">
      <path value="shr-core-Encounter-model.partOf"/>
      <short value="The larger entity that the asserted item is a portion of. For example, an organization part of a larger organization, or an encounter with a hospitalist might be part of a larger hospitalization encounter."/>
      <definition value="The larger entity that the asserted item is a portion of. For example, an organization part of a larger organization, or an encounter with a hospitalist might be part of a larger hospitalization encounter."/>
      <min value="0"/>
      <max value="1"/>
      <base>
        <path value="shr-core-Encounter-model.partOf"/>
        <min value="0"/>
        <max value="1"/>
      </base>
      <type>
        <code value="Reference"/>
        <targetProfile value="http://hl7.org/fhir/us/shr/StructureDefinition/shr-core-Encounter-model"/>
      </type>
      <mustSupport value="false"/>
      <isModifier value="false"/>
      <isSummary value="false"/>
    </element>
  </differential>
</StructureDefinition>