<?xml version="1.0" encoding="UTF-8"?>

<StructureDefinition xmlns="http://hl7.org/fhir">
  <id value="shr-core-EncounterDiagnosis-extension"/>
  <text>
    <status value="generated"/><div xmlns="http://www.w3.org/1999/xhtml">
  <p><b>EncounterDiagnosis Extension</b></p>
  <p>A diagnosis, which is a disease or injury determined to be present through evaluation of patient history, examination, and/or review of laboratory data. This element is not a stand-alone representation of the condition that was diagnosed, but is meant to be used as an sub-structure in a resource, such as Encounter.</p>
</div>
  </text>
  <url value="http://hl7.org/fhir/us/shr/StructureDefinition/shr-core-EncounterDiagnosis-extension"/>
  <identifier>
    <system value="http://hl7.org/fhir/us/sw"/>
    <value value="shr.core.EncounterDiagnosis"/>
  </identifier>
  <version value="0.5.0"/>
  <name value="EncounterDiagnosis"/>
  <title value="shr-core-EncounterDiagnosis"/>
  <status value="draft"/>
  <date value="2019-03-31T00:00:00-04:00"/>
  <publisher value="HL7 Patient Care and Clinical Information Modeling Initiative Work Groups"/>
  <contact>
    <telecom>
      <system value="url"/>
      <value value="http://standardhealthrecord.org"/>
    </telecom>
  </contact>
  <description value="A diagnosis, which is a disease or injury determined to be present through evaluation of patient history, examination, and/or review of laboratory data. This element is not a stand-alone representation of the condition that was diagnosed, but is meant to be used as an sub-structure in a resource, such as Encounter."/>
  <fhirVersion value="3.0.1"/>
  <kind value="complex-type"/>
  <abstract value="false"/>
  <contextType value="resource"/>
  <context value="*"/>
  <type value="Extension"/>
  <baseDefinition value="http://hl7.org/fhir/StructureDefinition/Extension"/>
  <derivation value="constraint"/>
  <snapshot>
    <element id="Extension:encounterdiagnosis">
      <path value="Extension"/>
      <short value="EncounterDiagnosis"/>
      <definition value="A diagnosis, which is a disease or injury determined to be present through evaluation of patient history, examination, and/or review of laboratory data. This element is not a stand-alone representation of the condition that was diagnosed, but is meant to be used as an sub-structure in a resource, such as Encounter."/>
      <min value="0"/>
      <max value="*"/>
      <base>
        <path value="Extension"/>
        <min value="0"/>
        <max value="1"/>
      </base>
      <condition value="ele-1"/>
      <constraint>
        <key value="ele-1"/>
        <severity value="error"/>
        <human value="All FHIR elements must have a @value or children"/>
        <expression value="children().count() &gt; id.count()"/>
        <xpath value="@value|f:*|h:div"/>
        <source value="Element"/>
      </constraint>
      <constraint>
        <key value="ext-1"/>
        <severity value="error"/>
        <human value="Must have either extensions or value[x], not both"/>
        <expression value="extension.exists() != value.exists()"/>
        <xpath value="exists(f:extension)!=exists(f:*[starts-with(local-name(.), &#39;value&#39;)])"/>
        <source value="Extension"/>
      </constraint>
    </element>
    <element id="Extension:encounterdiagnosis.id">
      <path value="Extension.id"/>
      <representation value="xmlAttr"/>
      <short value="xml:id (or equivalent in JSON)"/>
      <definition value="unique id for the element within a resource (for internal references). This may be any string value that does not contain spaces."/>
      <min value="0"/>
      <max value="1"/>
      <base>
        <path value="Element.id"/>
        <min value="0"/>
        <max value="1"/>
      </base>
      <type>
        <code value="string"/>
      </type>
      <mapping>
        <identity value="rim"/>
        <map value="N/A"/>
      </mapping>
    </element>
    <element id="Extension:encounterdiagnosis.extension">
      <path value="Extension.extension"/>
      <slicing id="1">
        <discriminator>
          <type value="value"/>
          <path value="url"/>
        </discriminator>
        <ordered value="false"/>
        <rules value="open"/>
      </slicing>
      <short value="Extension"/>
      <definition value="An Extension"/>
      <min value="0"/>
      <max value="*"/>
      <base>
        <path value="Element.extension"/>
        <min value="0"/>
        <max value="*"/>
      </base>
      <type>
        <code value="Extension"/>
      </type>
    </element>
    <element id="Extension:encounterdiagnosis.extension:diagnosiscode">
      <path value="Extension.extension"/>
      <sliceName value="diagnosiscode"/>
      <definition value="Codes for a diagnosis."/>
      <min value="0"/>
      <max value="1"/>
      <base>
        <path value="Extension.extension"/>
        <min value="0"/>
        <max value="1"/>
      </base>
      <type>
        <code value="Extension"/>
        <profile value="http://hl7.org/fhir/us/shr/StructureDefinition/shr-core-DiagnosisCode-extension"/>
      </type>
      <isModifier value="false"/>
      <mapping>
        <identity value="rim"/>
        <map value="N/A"/>
      </mapping>
    </element>
    <element id="Extension:encounterdiagnosis.extension:condition">
      <path value="Extension.extension"/>
      <sliceName value="condition"/>
      <definition value="A condition that is or may be present in a subject. &#39;Condition&#39; is interpreted broadly and could be a disorder, abnormality, problem, injury, complaint, functionality, illness, disease, ailment, sickness, affliction, upset, difficulty, disorder, symptom, worry, or trouble.&#xA;The Observation-based class, ConditionAbsent, should be used to describe conditions that are not present or negative findings.&#xA;SHR Condition uses the SHR BodyLocation structure that includes not only a code, but optional laterality, direction, clock direction, and distance. If included, the distance is measured from the location specified by the code, laterality, and direction."/>
      <min value="1"/>
      <max value="1"/>
      <base>
        <path value="Extension.extension"/>
        <min value="0"/>
        <max value="1"/>
      </base>
      <type>
        <code value="Extension"/>
        <profile value="http://hl7.org/fhir/us/shr/StructureDefinition/shr-core-Condition-extension"/>
      </type>
      <isModifier value="false"/>
      <mapping>
        <identity value="rim"/>
        <map value="N/A"/>
      </mapping>
    </element>
    <element id="Extension:encounterdiagnosis.extension:priorityrank">
      <path value="Extension.extension"/>
      <sliceName value="priorityrank"/>
      <definition value="The priority of the procedure, as a number (1 being the highest priority)"/>
      <min value="0"/>
      <max value="1"/>
      <base>
        <path value="Extension.extension"/>
        <min value="0"/>
        <max value="1"/>
      </base>
      <type>
        <code value="Extension"/>
        <profile value="http://hl7.org/fhir/us/shr/StructureDefinition/shr-core-PriorityRank-extension"/>
      </type>
      <isModifier value="false"/>
      <mapping>
        <identity value="rim"/>
        <map value="N/A"/>
      </mapping>
    </element>
    <element id="Extension:encounterdiagnosis.extension:type">
      <path value="Extension.extension"/>
      <sliceName value="type"/>
      <definition value="A code describing the item at a greater level of detail."/>
      <min value="0"/>
      <max value="1"/>
      <base>
        <path value="Extension.extension"/>
        <min value="0"/>
        <max value="1"/>
      </base>
      <type>
        <code value="Extension"/>
        <profile value="http://hl7.org/fhir/us/shr/StructureDefinition/shr-core-Type-extension"/>
      </type>
      <isModifier value="false"/>
      <mapping>
        <identity value="rim"/>
        <map value="N/A"/>
      </mapping>
    </element>
    <element id="Extension:encounterdiagnosis.extension:type.id">
      <path value="Extension.extension.id"/>
      <representation value="xmlAttr"/>
      <short value="xml:id (or equivalent in JSON)"/>
      <definition value="unique id for the element within a resource (for internal references). This may be any string value that does not contain spaces."/>
      <min value="0"/>
      <max value="1"/>
      <base>
        <path value="Element.id"/>
        <min value="0"/>
        <max value="1"/>
      </base>
      <type>
        <code value="string"/>
      </type>
      <mapping>
        <identity value="rim"/>
        <map value="N/A"/>
      </mapping>
    </element>
    <element id="Extension:encounterdiagnosis.extension:type.extension:extension">
      <path value="Extension.extension.extension"/>
      <short value="Extension"/>
      <definition value="An Extension"/>
      <min value="0"/>
      <max value="0"/>
      <base>
        <path value="Element.extension"/>
        <min value="0"/>
        <max value="*"/>
      </base>
      <type>
        <code value="Extension"/>
      </type>
    </element>
    <element id="Extension:encounterdiagnosis.extension:type.url">
      <path value="Extension.extension.url"/>
      <representation value="xmlAttr"/>
      <short value="identifies the meaning of the extension"/>
      <definition value="Source of the definition for the extension code - a logical name or a URL."/>
      <min value="1"/>
      <max value="1"/>
      <base>
        <path value="Extension.url"/>
        <min value="1"/>
        <max value="1"/>
      </base>
      <type>
        <code value="uri"/>
      </type>
      <fixedUri value="http://hl7.org/fhir/us/shr/StructureDefinition/shr-core-Type-extension"/>
      <mapping>
        <identity value="rim"/>
        <map value="N/A"/>
      </mapping>
    </element>
    <element id="Extension:encounterdiagnosis.extension:type.valueCodeableConcept">
      <path value="Extension.extension.valueCodeableConcept"/>
      <short value="Value of extension"/>
      <definition value="Value of extension - may be a resource or one of a constrained set of the data types (see Extensibility in the spec for list)."/>
      <min value="1"/>
      <max value="1"/>
      <base>
        <path value="Extension.value[x]"/>
        <min value="0"/>
        <max value="1"/>
      </base>
      <type>
        <code value="CodeableConcept"/>
      </type>
      <binding>
        <strength value="preferred"/>
        <valueSetReference>
          <reference value="http://hl7.org/fhir/ValueSet/diagnosis-role"/>
        </valueSetReference>
      </binding>
      <mapping>
        <identity value="rim"/>
        <map value="N/A"/>
      </mapping>
    </element>
    <element id="Extension:encounterdiagnosis.url">
      <path value="Extension.url"/>
      <representation value="xmlAttr"/>
      <short value="identifies the meaning of the extension"/>
      <definition value="Source of the definition for the extension code - a logical name or a URL."/>
      <min value="1"/>
      <max value="1"/>
      <base>
        <path value="Extension.url"/>
        <min value="1"/>
        <max value="1"/>
      </base>
      <type>
        <code value="uri"/>
      </type>
      <fixedUri value="http://hl7.org/fhir/us/shr/StructureDefinition/shr-core-EncounterDiagnosis-extension"/>
      <mapping>
        <identity value="rim"/>
        <map value="N/A"/>
      </mapping>
    </element>
    <element id="Extension:encounterdiagnosis.value[x]">
      <path value="Extension.value[x]"/>
      <short value="Value of extension"/>
      <definition value="Value of extension - may be a resource or one of a constrained set of the data types (see Extensibility in the spec for list)."/>
      <min value="0"/>
      <max value="0"/>
      <base>
        <path value="Extension.value[x]"/>
        <min value="0"/>
        <max value="1"/>
      </base>
      <type>
        <code value="base64Binary"/>
      </type>
      <type>
        <code value="boolean"/>
      </type>
      <type>
        <code value="code"/>
      </type>
      <type>
        <code value="date"/>
      </type>
      <type>
        <code value="dateTime"/>
      </type>
      <type>
        <code value="decimal"/>
      </type>
      <type>
        <code value="id"/>
      </type>
      <type>
        <code value="instant"/>
      </type>
      <type>
        <code value="integer"/>
      </type>
      <type>
        <code value="markdown"/>
      </type>
      <type>
        <code value="oid"/>
      </type>
      <type>
        <code value="positiveInt"/>
      </type>
      <type>
        <code value="string"/>
      </type>
      <type>
        <code value="time"/>
      </type>
      <type>
        <code value="unsignedInt"/>
      </type>
      <type>
        <code value="uri"/>
      </type>
      <type>
        <code value="Address"/>
      </type>
      <type>
        <code value="Age"/>
      </type>
      <type>
        <code value="Annotation"/>
      </type>
      <type>
        <code value="Attachment"/>
      </type>
      <type>
        <code value="CodeableConcept"/>
      </type>
      <type>
        <code value="Coding"/>
      </type>
      <type>
        <code value="ContactPoint"/>
      </type>
      <type>
        <code value="Count"/>
      </type>
      <type>
        <code value="Distance"/>
      </type>
      <type>
        <code value="Duration"/>
      </type>
      <type>
        <code value="HumanName"/>
      </type>
      <type>
        <code value="Identifier"/>
      </type>
      <type>
        <code value="Money"/>
      </type>
      <type>
        <code value="Period"/>
      </type>
      <type>
        <code value="Quantity"/>
      </type>
      <type>
        <code value="Range"/>
      </type>
      <type>
        <code value="Ratio"/>
      </type>
      <type>
        <code value="Reference"/>
      </type>
      <type>
        <code value="SampledData"/>
      </type>
      <type>
        <code value="Signature"/>
      </type>
      <type>
        <code value="Timing"/>
      </type>
      <type>
        <code value="Meta"/>
      </type>
      <mapping>
        <identity value="rim"/>
        <map value="N/A"/>
      </mapping>
    </element>
  </snapshot>
  <differential>
    <element id="Extension:encounterdiagnosis">
      <path value="Extension"/>
      <short value="EncounterDiagnosis"/>
      <definition value="A diagnosis, which is a disease or injury determined to be present through evaluation of patient history, examination, and/or review of laboratory data. This element is not a stand-alone representation of the condition that was diagnosed, but is meant to be used as an sub-structure in a resource, such as Encounter."/>
      <min value="0"/>
      <max value="*"/>
    </element>
    <element id="Extension:encounterdiagnosis.extension:diagnosiscode">
      <path value="Extension.extension"/>
      <sliceName value="diagnosiscode"/>
      <definition value="Codes for a diagnosis."/>
      <min value="0"/>
      <max value="1"/>
      <type>
        <code value="Extension"/>
        <profile value="http://hl7.org/fhir/us/shr/StructureDefinition/shr-core-DiagnosisCode-extension"/>
      </type>
    </element>
    <element id="Extension:encounterdiagnosis.extension:condition">
      <path value="Extension.extension"/>
      <sliceName value="condition"/>
      <definition value="A condition that is or may be present in a subject. &#39;Condition&#39; is interpreted broadly and could be a disorder, abnormality, problem, injury, complaint, functionality, illness, disease, ailment, sickness, affliction, upset, difficulty, disorder, symptom, worry, or trouble.&#xA;The Observation-based class, ConditionAbsent, should be used to describe conditions that are not present or negative findings.&#xA;SHR Condition uses the SHR BodyLocation structure that includes not only a code, but optional laterality, direction, clock direction, and distance. If included, the distance is measured from the location specified by the code, laterality, and direction."/>
      <min value="1"/>
      <max value="1"/>
      <type>
        <code value="Extension"/>
        <profile value="http://hl7.org/fhir/us/shr/StructureDefinition/shr-core-Condition-extension"/>
      </type>
    </element>
    <element id="Extension:encounterdiagnosis.extension:priorityrank">
      <path value="Extension.extension"/>
      <sliceName value="priorityrank"/>
      <definition value="The priority of the procedure, as a number (1 being the highest priority)"/>
      <min value="0"/>
      <max value="1"/>
      <type>
        <code value="Extension"/>
        <profile value="http://hl7.org/fhir/us/shr/StructureDefinition/shr-core-PriorityRank-extension"/>
      </type>
    </element>
    <element id="Extension:encounterdiagnosis.extension:type">
      <path value="Extension.extension"/>
      <sliceName value="type"/>
      <definition value="A code describing the item at a greater level of detail."/>
      <min value="0"/>
      <max value="1"/>
      <type>
        <code value="Extension"/>
        <profile value="http://hl7.org/fhir/us/shr/StructureDefinition/shr-core-Type-extension"/>
      </type>
    </element>
    <element id="Extension:encounterdiagnosis.extension:type.valueCodeableConcept">
      <path value="Extension.extension.valueCodeableConcept"/>
      <binding>
        <strength value="preferred"/>
        <valueSetReference>
          <reference value="http://hl7.org/fhir/ValueSet/diagnosis-role"/>
        </valueSetReference>
      </binding>
    </element>
    <element id="Extension:encounterdiagnosis.url">
      <path value="Extension.url"/>
      <type>
        <code value="uri"/>
      </type>
      <fixedUri value="http://hl7.org/fhir/us/shr/StructureDefinition/shr-core-EncounterDiagnosis-extension"/>
    </element>
    <element id="Extension:encounterdiagnosis.value[x]">
      <path value="Extension.value[x]"/>
      <min value="0"/>
      <max value="0"/>
    </element>
  </differential>
</StructureDefinition>