<?xml version="1.0" encoding="UTF-8"?>

<StructureDefinition xmlns="http://hl7.org/fhir">
  <id value="shr-core-Laterality-model"/>
  <text>
    <status value="generated"/><div xmlns="http://www.w3.org/1999/xhtml">
  <p><b>Laterality Logical Model</b></p>
  <p>Body side of the body location, if needed to distinguish from a similar location on the other side of the body.</p>
</div>
  </text>
  <url value="http://hl7.org/fhir/us/shr/StructureDefinition/shr-core-Laterality-model"/>
  <identifier>
    <system value="http://hl7.org/fhir/us/sw"/>
    <value value="shr.core.Laterality"/>
  </identifier>
  <version value="0.5.0"/>
  <name value="Laterality"/>
  <title value="shr-core-Laterality"/>
  <status value="draft"/>
  <date value="2019-03-31T00:00:00-04:00"/>
  <publisher value="HL7 Patient Care and Clinical Information Modeling Initiative Work Groups"/>
  <contact>
    <telecom>
      <system value="url"/>
      <value value="http://standardhealthrecord.org"/>
    </telecom>
  </contact>
  <description value="Body side of the body location, if needed to distinguish from a similar location on the other side of the body."/>
  <kind value="logical"/>
  <abstract value="false"/>
  <type value="shr-core-Laterality-model"/>
  <baseDefinition value="http://hl7.org/fhir/StructureDefinition/Element"/>
  <derivation value="specialization"/>
  <snapshot>
    <element id="shr-core-Laterality-model">
      <path value="shr-core-Laterality-model"/>
      <definition value="Body side of the body location, if needed to distinguish from a similar location on the other side of the body."/>
      <min value="0"/>
      <max value="*"/>
      <base>
        <path value="shr-core-Laterality-model"/>
        <min value="0"/>
        <max value="*"/>
      </base>
      <mustSupport value="false"/>
      <isModifier value="false"/>
      <isSummary value="false"/>
    </element>
    <element id="shr-core-Laterality-model.value">
      <path value="shr-core-Laterality-model.value"/>
      <short value="Code representing body side of the body location, if needed to distinguish from a similar location on the other side of the body."/>
      <definition value="Code representing body side of the body location, if needed to distinguish from a similar location on the other side of the body."/>
      <min value="1"/>
      <max value="1"/>
      <base>
        <path value="shr-core-Laterality-model.value"/>
        <min value="1"/>
        <max value="1"/>
      </base>
      <type>
        <code value="Coding"/>
      </type>
      <mustSupport value="false"/>
      <isModifier value="false"/>
      <isSummary value="false"/>
      <binding>
        <strength value="extensible"/>
        <valueSetReference>
          <reference value="http://hl7.org/fhir/us/sw/shr/core/vs/LateralityVS"/>
        </valueSetReference>
      </binding>
    </element>
  </snapshot>
  <differential>
    <element id="shr-core-Laterality-model">
      <path value="shr-core-Laterality-model"/>
      <definition value="Body side of the body location, if needed to distinguish from a similar location on the other side of the body."/>
      <min value="0"/>
      <max value="*"/>
      <base>
        <path value="shr-core-Laterality-model"/>
        <min value="0"/>
        <max value="*"/>
      </base>
      <mustSupport value="false"/>
      <isModifier value="false"/>
      <isSummary value="false"/>
    </element>
    <element id="shr-core-Laterality-model.value">
      <path value="shr-core-Laterality-model.value"/>
      <short value="Code representing body side of the body location, if needed to distinguish from a similar location on the other side of the body."/>
      <definition value="Code representing body side of the body location, if needed to distinguish from a similar location on the other side of the body."/>
      <min value="1"/>
      <max value="1"/>
      <base>
        <path value="shr-core-Laterality-model.value"/>
        <min value="1"/>
        <max value="1"/>
      </base>
      <type>
        <code value="Coding"/>
      </type>
      <mustSupport value="false"/>
      <isModifier value="false"/>
      <isSummary value="false"/>
      <binding>
        <strength value="extensible"/>
        <valueSetReference>
          <reference value="http://hl7.org/fhir/us/sw/shr/core/vs/LateralityVS"/>
        </valueSetReference>
      </binding>
    </element>
  </differential>
</StructureDefinition>