<?xml version="1.0" encoding="UTF-8"?>

<StructureDefinition xmlns="http://hl7.org/fhir">
  <id value="shr-core-BeginDateTime-model"/>
  <text>
    <status value="generated"/><div xmlns="http://www.w3.org/1999/xhtml">
  <p><b>BeginDateTime Logical Model</b></p>
  <p>The time at which something is to take effect, start, or did start. Boundary is considered inclusive.</p>
</div>
  </text>
  <url value="http://hl7.org/fhir/us/shr/StructureDefinition/shr-core-BeginDateTime-model"/>
  <identifier>
    <system value="http://hl7.org/fhir/us/sw"/>
    <value value="shr.core.BeginDateTime"/>
  </identifier>
  <version value="0.5.0"/>
  <name value="BeginDateTime"/>
  <title value="shr-core-BeginDateTime"/>
  <status value="draft"/>
  <date value="2019-03-30T00:00:00-04:00"/>
  <publisher value="HL7 Patient Care and Clinical Information Modeling Initiative Work Groups"/>
  <contact>
    <telecom>
      <system value="url"/>
      <value value="http://standardhealthrecord.org"/>
    </telecom>
  </contact>
  <description value="The time at which something is to take effect, start, or did start. Boundary is considered inclusive."/>
  <keyword>
    <system value="http://ncimeta.nci.nih.gov"/>
    <code value="C1301880"/>
  </keyword>
  <kind value="logical"/>
  <abstract value="false"/>
  <type value="shr-core-BeginDateTime-model"/>
  <baseDefinition value="http://hl7.org/fhir/StructureDefinition/Element"/>
  <derivation value="specialization"/>
  <snapshot>
    <element id="shr-core-BeginDateTime-model">
      <path value="shr-core-BeginDateTime-model"/>
      <definition value="The time at which something is to take effect, start, or did start. Boundary is considered inclusive."/>
      <min value="0"/>
      <max value="*"/>
      <base>
        <path value="shr-core-BeginDateTime-model"/>
        <min value="0"/>
        <max value="*"/>
      </base>
      <mustSupport value="false"/>
      <isModifier value="false"/>
      <isSummary value="false"/>
    </element>
    <element id="shr-core-BeginDateTime-model.value">
      <path value="shr-core-BeginDateTime-model.value"/>
      <short value="DateTime representing the time at which something is to take effect, start, or did start. Boundary is considered inclusive."/>
      <definition value="DateTime representing the time at which something is to take effect, start, or did start. Boundary is considered inclusive."/>
      <min value="1"/>
      <max value="1"/>
      <base>
        <path value="shr-core-BeginDateTime-model.value"/>
        <min value="1"/>
        <max value="1"/>
      </base>
      <type>
        <code value="dateTime"/>
      </type>
      <mustSupport value="false"/>
      <isModifier value="false"/>
      <isSummary value="false"/>
    </element>
  </snapshot>
  <differential>
    <element id="shr-core-BeginDateTime-model">
      <path value="shr-core-BeginDateTime-model"/>
      <definition value="The time at which something is to take effect, start, or did start. Boundary is considered inclusive."/>
      <min value="0"/>
      <max value="*"/>
      <base>
        <path value="shr-core-BeginDateTime-model"/>
        <min value="0"/>
        <max value="*"/>
      </base>
      <mustSupport value="false"/>
      <isModifier value="false"/>
      <isSummary value="false"/>
    </element>
    <element id="shr-core-BeginDateTime-model.value">
      <path value="shr-core-BeginDateTime-model.value"/>
      <short value="DateTime representing the time at which something is to take effect, start, or did start. Boundary is considered inclusive."/>
      <definition value="DateTime representing the time at which something is to take effect, start, or did start. Boundary is considered inclusive."/>
      <min value="1"/>
      <max value="1"/>
      <base>
        <path value="shr-core-BeginDateTime-model.value"/>
        <min value="1"/>
        <max value="1"/>
      </base>
      <type>
        <code value="dateTime"/>
      </type>
      <mustSupport value="false"/>
      <isModifier value="false"/>
      <isSummary value="false"/>
    </element>
  </differential>
</StructureDefinition>