<?xml version="1.0" encoding="UTF-8"?>

<StructureDefinition xmlns="http://hl7.org/fhir">
  <id value="shr-core-ClassHistory-model"/>
  <text>
    <status value="generated"/><div xmlns="http://www.w3.org/1999/xhtml">
  <p><b>ClassHistory Logical Model</b></p>
  <p>List of past encounter statuses</p>
</div>
  </text>
  <url value="http://hl7.org/fhir/us/shr/StructureDefinition/shr-core-ClassHistory-model"/>
  <identifier>
    <system value="http://hl7.org/fhir/us/sw"/>
    <value value="shr.core.ClassHistory"/>
  </identifier>
  <version value="0.5.0"/>
  <name value="ClassHistory"/>
  <title value="shr-core-ClassHistory"/>
  <status value="draft"/>
  <date value="2019-03-31T00:00:00-04:00"/>
  <publisher value="HL7 Patient Care and Clinical Information Modeling Initiative Work Groups"/>
  <contact>
    <telecom>
      <system value="url"/>
      <value value="http://standardhealthrecord.org"/>
    </telecom>
  </contact>
  <description value="List of past encounter statuses"/>
  <kind value="logical"/>
  <abstract value="false"/>
  <type value="shr-core-ClassHistory-model"/>
  <baseDefinition value="http://hl7.org/fhir/StructureDefinition/Element"/>
  <derivation value="specialization"/>
  <snapshot>
    <element id="shr-core-ClassHistory-model">
      <path value="shr-core-ClassHistory-model"/>
      <definition value="List of past encounter statuses"/>
      <min value="0"/>
      <max value="*"/>
      <base>
        <path value="shr-core-ClassHistory-model"/>
        <min value="0"/>
        <max value="*"/>
      </base>
      <mustSupport value="false"/>
      <isModifier value="false"/>
      <isSummary value="false"/>
    </element>
    <element id="shr-core-ClassHistory-model.encounterClass">
      <path value="shr-core-ClassHistory-model.encounterClass"/>
      <short value="Concepts representing classification of patient encounter such as ambulatory (outpatient), inpatient, emergency, home health or others due to local variations."/>
      <definition value="Concepts representing classification of patient encounter such as ambulatory (outpatient), inpatient, emergency, home health or others due to local variations."/>
      <min value="1"/>
      <max value="1"/>
      <base>
        <path value="shr-core-ClassHistory-model.encounterClass"/>
        <min value="1"/>
        <max value="1"/>
      </base>
      <type>
        <code value="Coding"/>
      </type>
      <mustSupport value="false"/>
      <isModifier value="false"/>
      <isSummary value="false"/>
    </element>
    <element id="shr-core-ClassHistory-model.timePeriod">
      <path value="shr-core-ClassHistory-model.timePeriod"/>
      <code>
        <system value="http://ncimeta.nci.nih.gov"/>
        <code value="C1948053"/>
      </code>
      <short value="A period of time defined by a start and end time, date, or year."/>
      <definition value="A period of time defined by a start and end time, date, or year.&#xA;If the start element is missing, the start of the period is not known. If the end element is missing, it means that the period is ongoing, or the start may be in the past, and the end date in the future, which means that period is expected/planned to end at the specified time. The end value includes any matching date/time. For example, the period 2011-05-23 to 2011-05-27 includes all the times from the start of the 23rd May through to the end of the 27th of May."/>
      <min value="1"/>
      <max value="1"/>
      <base>
        <path value="shr-core-ClassHistory-model.timePeriod"/>
        <min value="1"/>
        <max value="1"/>
      </base>
      <type>
        <code value="http://hl7.org/fhir/us/shr/StructureDefinition/shr-core-TimePeriod-model"/>
      </type>
      <mustSupport value="false"/>
      <isModifier value="false"/>
      <isSummary value="false"/>
    </element>
  </snapshot>
  <differential>
    <element id="shr-core-ClassHistory-model">
      <path value="shr-core-ClassHistory-model"/>
      <definition value="List of past encounter statuses"/>
      <min value="0"/>
      <max value="*"/>
      <base>
        <path value="shr-core-ClassHistory-model"/>
        <min value="0"/>
        <max value="*"/>
      </base>
      <mustSupport value="false"/>
      <isModifier value="false"/>
      <isSummary value="false"/>
    </element>
    <element id="shr-core-ClassHistory-model.encounterClass">
      <path value="shr-core-ClassHistory-model.encounterClass"/>
      <short value="Concepts representing classification of patient encounter such as ambulatory (outpatient), inpatient, emergency, home health or others due to local variations."/>
      <definition value="Concepts representing classification of patient encounter such as ambulatory (outpatient), inpatient, emergency, home health or others due to local variations."/>
      <min value="1"/>
      <max value="1"/>
      <base>
        <path value="shr-core-ClassHistory-model.encounterClass"/>
        <min value="1"/>
        <max value="1"/>
      </base>
      <type>
        <code value="Coding"/>
      </type>
      <mustSupport value="false"/>
      <isModifier value="false"/>
      <isSummary value="false"/>
    </element>
    <element id="shr-core-ClassHistory-model.timePeriod">
      <path value="shr-core-ClassHistory-model.timePeriod"/>
      <code>
        <system value="http://ncimeta.nci.nih.gov"/>
        <code value="C1948053"/>
      </code>
      <short value="A period of time defined by a start and end time, date, or year."/>
      <definition value="A period of time defined by a start and end time, date, or year.&#xA;If the start element is missing, the start of the period is not known. If the end element is missing, it means that the period is ongoing, or the start may be in the past, and the end date in the future, which means that period is expected/planned to end at the specified time. The end value includes any matching date/time. For example, the period 2011-05-23 to 2011-05-27 includes all the times from the start of the 23rd May through to the end of the 27th of May."/>
      <min value="1"/>
      <max value="1"/>
      <base>
        <path value="shr-core-ClassHistory-model.timePeriod"/>
        <min value="1"/>
        <max value="1"/>
      </base>
      <type>
        <code value="http://hl7.org/fhir/us/shr/StructureDefinition/shr-core-TimePeriod-model"/>
      </type>
      <mustSupport value="false"/>
      <isModifier value="false"/>
      <isSummary value="false"/>
    </element>
  </differential>
</StructureDefinition>