<?xml version="1.0" encoding="UTF-8"?>

<StructureDefinition xmlns="http://hl7.org/fhir">
  <id value="shr-core-ContactPoint-model"/>
  <text>
    <status value="generated"/><div xmlns="http://www.w3.org/1999/xhtml">
  <p><b>ContactPoint Logical Model</b></p>
  <p>An electronic means of contacting an organization or individual.</p>
</div>
  </text>
  <url value="http://hl7.org/fhir/us/shr/StructureDefinition/shr-core-ContactPoint-model"/>
  <identifier>
    <system value="http://hl7.org/fhir/us/sw"/>
    <value value="shr.core.ContactPoint"/>
  </identifier>
  <version value="0.5.0"/>
  <name value="ContactPoint"/>
  <title value="shr-core-ContactPoint"/>
  <status value="draft"/>
  <date value="2019-03-30T00:00:00-04:00"/>
  <publisher value="HL7 Patient Care and Clinical Information Modeling Initiative Work Groups"/>
  <contact>
    <telecom>
      <system value="url"/>
      <value value="http://standardhealthrecord.org"/>
    </telecom>
  </contact>
  <description value="An electronic means of contacting an organization or individual."/>
  <keyword>
    <system value="http://ncimeta.nci.nih.gov"/>
    <code value="C2986441"/>
  </keyword>
  <kind value="logical"/>
  <abstract value="false"/>
  <type value="shr-core-ContactPoint-model"/>
  <baseDefinition value="http://hl7.org/fhir/StructureDefinition/Element"/>
  <derivation value="specialization"/>
  <snapshot>
    <element id="shr-core-ContactPoint-model">
      <path value="shr-core-ContactPoint-model"/>
      <definition value="An electronic means of contacting an organization or individual."/>
      <min value="0"/>
      <max value="*"/>
      <base>
        <path value="shr-core-ContactPoint-model"/>
        <min value="0"/>
        <max value="*"/>
      </base>
      <mustSupport value="false"/>
      <isModifier value="false"/>
      <isSummary value="false"/>
    </element>
    <element id="shr-core-ContactPoint-model.telecomNumberOrAddress">
      <path value="shr-core-ContactPoint-model.telecomNumberOrAddress"/>
      <short value="A user name or other identifier on a telecommunication network, such as a telephone number (including country code and extension, if necessary), email address, or SkypeID."/>
      <definition value="A user name or other identifier on a telecommunication network, such as a telephone number (including country code and extension, if necessary), email address, or SkypeID."/>
      <min value="0"/>
      <max value="1"/>
      <base>
        <path value="shr-core-ContactPoint-model.telecomNumberOrAddress"/>
        <min value="0"/>
        <max value="1"/>
      </base>
      <type>
        <code value="string"/>
      </type>
      <mustSupport value="false"/>
      <isModifier value="false"/>
      <isSummary value="false"/>
    </element>
    <element id="shr-core-ContactPoint-model.type">
      <path value="shr-core-ContactPoint-model.type"/>
      <code>
        <system value="http://ncimeta.nci.nih.gov"/>
        <code value="C0332307"/>
      </code>
      <short value="A code describing the item at a greater level of detail."/>
      <definition value="A code describing the item at a greater level of detail."/>
      <min value="0"/>
      <max value="1"/>
      <base>
        <path value="shr-core-ContactPoint-model.type"/>
        <min value="0"/>
        <max value="1"/>
      </base>
      <type>
        <code value="Coding"/>
      </type>
      <mustSupport value="false"/>
      <isModifier value="false"/>
      <isSummary value="false"/>
      <binding>
        <strength value="required"/>
        <valueSetReference>
          <reference value="http://hl7.org/fhir/ValueSet/contact-point-system"/>
        </valueSetReference>
      </binding>
    </element>
    <element id="shr-core-ContactPoint-model.purpose">
      <path value="shr-core-ContactPoint-model.purpose"/>
      <short value="What it should be used for."/>
      <definition value="What it should be used for."/>
      <min value="0"/>
      <max value="1"/>
      <base>
        <path value="shr-core-ContactPoint-model.purpose"/>
        <min value="0"/>
        <max value="1"/>
      </base>
      <type>
        <code value="Coding"/>
      </type>
      <mustSupport value="false"/>
      <isModifier value="false"/>
      <isSummary value="false"/>
      <binding>
        <strength value="required"/>
        <valueSetReference>
          <reference value="http://hl7.org/fhir/ValueSet/contact-point-use"/>
        </valueSetReference>
      </binding>
    </element>
    <element id="shr-core-ContactPoint-model.priorityRank">
      <path value="shr-core-ContactPoint-model.priorityRank"/>
      <short value="The priority of the procedure, as a number (1 being the highest priority)"/>
      <definition value="The priority of the procedure, as a number (1 being the highest priority)"/>
      <min value="0"/>
      <max value="1"/>
      <base>
        <path value="shr-core-ContactPoint-model.priorityRank"/>
        <min value="0"/>
        <max value="1"/>
      </base>
      <type>
        <code value="positiveInt"/>
      </type>
      <mustSupport value="false"/>
      <isModifier value="false"/>
      <isSummary value="false"/>
    </element>
    <element id="shr-core-ContactPoint-model.effectiveTimePeriod">
      <path value="shr-core-ContactPoint-model.effectiveTimePeriod"/>
      <code>
        <system value="http://ncimeta.nci.nih.gov"/>
        <code value="C2985763"/>
      </code>
      <short value="The date and time span for which something is active, valid, or in force."/>
      <definition value="The date and time span for which something is active, valid, or in force."/>
      <min value="0"/>
      <max value="1"/>
      <base>
        <path value="shr-core-ContactPoint-model.effectiveTimePeriod"/>
        <min value="0"/>
        <max value="1"/>
      </base>
      <type>
        <code value="http://hl7.org/fhir/us/shr/StructureDefinition/shr-core-EffectiveTimePeriod-model"/>
      </type>
      <mustSupport value="false"/>
      <isModifier value="false"/>
      <isSummary value="false"/>
    </element>
  </snapshot>
  <differential>
    <element id="shr-core-ContactPoint-model">
      <path value="shr-core-ContactPoint-model"/>
      <definition value="An electronic means of contacting an organization or individual."/>
      <min value="0"/>
      <max value="*"/>
      <base>
        <path value="shr-core-ContactPoint-model"/>
        <min value="0"/>
        <max value="*"/>
      </base>
      <mustSupport value="false"/>
      <isModifier value="false"/>
      <isSummary value="false"/>
    </element>
    <element id="shr-core-ContactPoint-model.telecomNumberOrAddress">
      <path value="shr-core-ContactPoint-model.telecomNumberOrAddress"/>
      <short value="A user name or other identifier on a telecommunication network, such as a telephone number (including country code and extension, if necessary), email address, or SkypeID."/>
      <definition value="A user name or other identifier on a telecommunication network, such as a telephone number (including country code and extension, if necessary), email address, or SkypeID."/>
      <min value="0"/>
      <max value="1"/>
      <base>
        <path value="shr-core-ContactPoint-model.telecomNumberOrAddress"/>
        <min value="0"/>
        <max value="1"/>
      </base>
      <type>
        <code value="string"/>
      </type>
      <mustSupport value="false"/>
      <isModifier value="false"/>
      <isSummary value="false"/>
    </element>
    <element id="shr-core-ContactPoint-model.type">
      <path value="shr-core-ContactPoint-model.type"/>
      <code>
        <system value="http://ncimeta.nci.nih.gov"/>
        <code value="C0332307"/>
      </code>
      <short value="A code describing the item at a greater level of detail."/>
      <definition value="A code describing the item at a greater level of detail."/>
      <min value="0"/>
      <max value="1"/>
      <base>
        <path value="shr-core-ContactPoint-model.type"/>
        <min value="0"/>
        <max value="1"/>
      </base>
      <type>
        <code value="Coding"/>
      </type>
      <mustSupport value="false"/>
      <isModifier value="false"/>
      <isSummary value="false"/>
      <binding>
        <strength value="required"/>
        <valueSetReference>
          <reference value="http://hl7.org/fhir/ValueSet/contact-point-system"/>
        </valueSetReference>
      </binding>
    </element>
    <element id="shr-core-ContactPoint-model.purpose">
      <path value="shr-core-ContactPoint-model.purpose"/>
      <short value="What it should be used for."/>
      <definition value="What it should be used for."/>
      <min value="0"/>
      <max value="1"/>
      <base>
        <path value="shr-core-ContactPoint-model.purpose"/>
        <min value="0"/>
        <max value="1"/>
      </base>
      <type>
        <code value="Coding"/>
      </type>
      <mustSupport value="false"/>
      <isModifier value="false"/>
      <isSummary value="false"/>
      <binding>
        <strength value="required"/>
        <valueSetReference>
          <reference value="http://hl7.org/fhir/ValueSet/contact-point-use"/>
        </valueSetReference>
      </binding>
    </element>
    <element id="shr-core-ContactPoint-model.priorityRank">
      <path value="shr-core-ContactPoint-model.priorityRank"/>
      <short value="The priority of the procedure, as a number (1 being the highest priority)"/>
      <definition value="The priority of the procedure, as a number (1 being the highest priority)"/>
      <min value="0"/>
      <max value="1"/>
      <base>
        <path value="shr-core-ContactPoint-model.priorityRank"/>
        <min value="0"/>
        <max value="1"/>
      </base>
      <type>
        <code value="positiveInt"/>
      </type>
      <mustSupport value="false"/>
      <isModifier value="false"/>
      <isSummary value="false"/>
    </element>
    <element id="shr-core-ContactPoint-model.effectiveTimePeriod">
      <path value="shr-core-ContactPoint-model.effectiveTimePeriod"/>
      <code>
        <system value="http://ncimeta.nci.nih.gov"/>
        <code value="C2985763"/>
      </code>
      <short value="The date and time span for which something is active, valid, or in force."/>
      <definition value="The date and time span for which something is active, valid, or in force."/>
      <min value="0"/>
      <max value="1"/>
      <base>
        <path value="shr-core-ContactPoint-model.effectiveTimePeriod"/>
        <min value="0"/>
        <max value="1"/>
      </base>
      <type>
        <code value="http://hl7.org/fhir/us/shr/StructureDefinition/shr-core-EffectiveTimePeriod-model"/>
      </type>
      <mustSupport value="false"/>
      <isModifier value="false"/>
      <isSummary value="false"/>
    </element>
  </differential>
</StructureDefinition>