<?xml version="1.0" encoding="UTF-8"?>

<StructureDefinition xmlns="http://hl7.org/fhir">
  <id value="shr-core-Additive-model"/>
  <text>
    <status value="generated"/><div xmlns="http://www.w3.org/1999/xhtml">
  <p><b>Additive Logical Model</b></p>
  <p>Additive associated with container.</p>
</div>
  </text>
  <url value="http://hl7.org/fhir/us/shr/StructureDefinition/shr-core-Additive-model"/>
  <identifier>
    <system value="http://hl7.org/fhir/us/sw"/>
    <value value="shr.core.Additive"/>
  </identifier>
  <version value="0.5.0"/>
  <name value="Additive"/>
  <title value="shr-core-Additive"/>
  <status value="draft"/>
  <date value="2019-03-30T00:00:00-04:00"/>
  <publisher value="HL7 Patient Care and Clinical Information Modeling Initiative Work Groups"/>
  <contact>
    <telecom>
      <system value="url"/>
      <value value="http://standardhealthrecord.org"/>
    </telecom>
  </contact>
  <description value="Additive associated with container."/>
  <kind value="logical"/>
  <abstract value="false"/>
  <type value="shr-core-Additive-model"/>
  <baseDefinition value="http://hl7.org/fhir/StructureDefinition/Element"/>
  <derivation value="specialization"/>
  <snapshot>
    <element id="shr-core-Additive-model">
      <path value="shr-core-Additive-model"/>
      <definition value="Additive associated with container."/>
      <min value="0"/>
      <max value="*"/>
      <base>
        <path value="shr-core-Additive-model"/>
        <min value="0"/>
        <max value="*"/>
      </base>
      <mustSupport value="false"/>
      <isModifier value="false"/>
      <isSummary value="false"/>
    </element>
    <element id="shr-core-Additive-model.value[x]">
      <path value="shr-core-Additive-model.value[x]"/>
      <short value="Code or Substance representing additive associated with container."/>
      <definition value="Code or Substance representing additive associated with container."/>
      <min value="1"/>
      <max value="1"/>
      <base>
        <path value="shr-core-Additive-model.value[x]"/>
        <min value="1"/>
        <max value="1"/>
      </base>
      <type>
        <code value="Coding"/>
      </type>
      <type>
        <code value="Reference"/>
        <targetProfile value="http://hl7.org/fhir/us/shr/StructureDefinition/shr-core-Substance-model"/>
      </type>
      <mustSupport value="false"/>
      <isModifier value="false"/>
      <isSummary value="false"/>
    </element>
  </snapshot>
  <differential>
    <element id="shr-core-Additive-model">
      <path value="shr-core-Additive-model"/>
      <definition value="Additive associated with container."/>
      <min value="0"/>
      <max value="*"/>
      <base>
        <path value="shr-core-Additive-model"/>
        <min value="0"/>
        <max value="*"/>
      </base>
      <mustSupport value="false"/>
      <isModifier value="false"/>
      <isSummary value="false"/>
    </element>
    <element id="shr-core-Additive-model.value[x]">
      <path value="shr-core-Additive-model.value[x]"/>
      <short value="Code or Substance representing additive associated with container."/>
      <definition value="Code or Substance representing additive associated with container."/>
      <min value="1"/>
      <max value="1"/>
      <base>
        <path value="shr-core-Additive-model.value[x]"/>
        <min value="1"/>
        <max value="1"/>
      </base>
      <type>
        <code value="Coding"/>
      </type>
      <type>
        <code value="Reference"/>
        <targetProfile value="http://hl7.org/fhir/us/shr/StructureDefinition/shr-core-Substance-model"/>
      </type>
      <mustSupport value="false"/>
      <isModifier value="false"/>
      <isSummary value="false"/>
    </element>
  </differential>
</StructureDefinition>