<?xml version="1.0" encoding="UTF-8"?>

<StructureDefinition xmlns="http://hl7.org/fhir">
  <id value="shr-core-BodyLocation-model"/>
  <text>
    <status value="generated"/><div xmlns="http://www.w3.org/1999/xhtml">
  <p><b>BodyLocation Logical Model</b></p>
  <p>A location or structure in the body, including tissues, regions, cavities, and spaces; for example, right elbow, or left ventricle of the heart.
The BodyLocation includes code and optional qualifiers of anatomical side or direction. The body location can also be determined from one or more body landmarks.
If the code for the body location includes laterality and/or anatomical direction, the corresponding attributes might be unnecessary.
Note that BodyLocation is a data type, a reusable structure, not a stand-alone entity. The concept is similar to how an address structure can apply to a person, location, or organization. This contrasts with FHIR's stand-alone BodySite (aka BodyStructure in r4) which 'is not ... intended for describing the type of anatomical location but rather a specific body site on a specific patient' (FHIR 3.5).</p>
</div>
  </text>
  <url value="http://hl7.org/fhir/us/shr/StructureDefinition/shr-core-BodyLocation-model"/>
  <identifier>
    <system value="http://hl7.org/fhir/us/sw"/>
    <value value="shr.core.BodyLocation"/>
  </identifier>
  <version value="0.5.0"/>
  <name value="BodyLocation"/>
  <title value="shr-core-BodyLocation"/>
  <status value="draft"/>
  <date value="2019-03-30T00:00:00-04:00"/>
  <publisher value="HL7 Patient Care and Clinical Information Modeling Initiative Work Groups"/>
  <contact>
    <telecom>
      <system value="url"/>
      <value value="http://standardhealthrecord.org"/>
    </telecom>
  </contact>
  <description value="A location or structure in the body, including tissues, regions, cavities, and spaces; for example, right elbow, or left ventricle of the heart.&#xA;The BodyLocation includes code and optional qualifiers of anatomical side or direction. The body location can also be determined from one or more body landmarks.&#xA;If the code for the body location includes laterality and/or anatomical direction, the corresponding attributes might be unnecessary.&#xA;Note that BodyLocation is a data type, a reusable structure, not a stand-alone entity. The concept is similar to how an address structure can apply to a person, location, or organization. This contrasts with FHIR&#39;s stand-alone BodySite (aka BodyStructure in r4) which &#39;is not ... intended for describing the type of anatomical location but rather a specific body site on a specific patient&#39; (FHIR 3.5)."/>
  <kind value="logical"/>
  <abstract value="false"/>
  <type value="shr-core-BodyLocation-model"/>
  <baseDefinition value="http://hl7.org/fhir/StructureDefinition/Element"/>
  <derivation value="specialization"/>
  <snapshot>
    <element id="shr-core-BodyLocation-model">
      <path value="shr-core-BodyLocation-model"/>
      <definition value="A location or structure in the body, including tissues, regions, cavities, and spaces; for example, right elbow, or left ventricle of the heart.&#xA;The BodyLocation includes code and optional qualifiers of anatomical side or direction. The body location can also be determined from one or more body landmarks.&#xA;If the code for the body location includes laterality and/or anatomical direction, the corresponding attributes might be unnecessary.&#xA;Note that BodyLocation is a data type, a reusable structure, not a stand-alone entity. The concept is similar to how an address structure can apply to a person, location, or organization. This contrasts with FHIR&#39;s stand-alone BodySite (aka BodyStructure in r4) which &#39;is not ... intended for describing the type of anatomical location but rather a specific body site on a specific patient&#39; (FHIR 3.5)."/>
      <min value="0"/>
      <max value="*"/>
      <base>
        <path value="shr-core-BodyLocation-model"/>
        <min value="0"/>
        <max value="*"/>
      </base>
      <mustSupport value="false"/>
      <isModifier value="false"/>
      <isSummary value="false"/>
    </element>
    <element id="shr-core-BodyLocation-model.locationCode">
      <path value="shr-core-BodyLocation-model.locationCode"/>
      <short value="Code for the body location, optionally pre-coordinating laterality or direction."/>
      <definition value="Code for the body location, optionally pre-coordinating laterality or direction."/>
      <min value="1"/>
      <max value="1"/>
      <base>
        <path value="shr-core-BodyLocation-model.locationCode"/>
        <min value="1"/>
        <max value="1"/>
      </base>
      <type>
        <code value="Coding"/>
      </type>
      <mustSupport value="false"/>
      <isModifier value="false"/>
      <isSummary value="false"/>
      <binding>
        <strength value="preferred"/>
        <valueSetReference>
          <reference value="http://hl7.org/fhir/us/sw/shr/core/vs/BodyLocationVS"/>
        </valueSetReference>
      </binding>
    </element>
    <element id="shr-core-BodyLocation-model.laterality">
      <path value="shr-core-BodyLocation-model.laterality"/>
      <short value="Body side of the body location, if needed to distinguish from a similar location on the other side of the body."/>
      <definition value="Body side of the body location, if needed to distinguish from a similar location on the other side of the body."/>
      <min value="0"/>
      <max value="1"/>
      <base>
        <path value="shr-core-BodyLocation-model.laterality"/>
        <min value="0"/>
        <max value="1"/>
      </base>
      <type>
        <code value="Coding"/>
      </type>
      <mustSupport value="false"/>
      <isModifier value="false"/>
      <isSummary value="false"/>
      <binding>
        <strength value="extensible"/>
        <valueSetReference>
          <reference value="http://hl7.org/fhir/us/sw/shr/core/vs/LateralityVS"/>
        </valueSetReference>
      </binding>
    </element>
    <element id="shr-core-BodyLocation-model.orientation">
      <path value="shr-core-BodyLocation-model.orientation"/>
      <short value="Orientation of the body location, if needed to distinguish from a similar location in another orientation."/>
      <definition value="Orientation of the body location, if needed to distinguish from a similar location in another orientation."/>
      <min value="0"/>
      <max value="1"/>
      <base>
        <path value="shr-core-BodyLocation-model.orientation"/>
        <min value="0"/>
        <max value="1"/>
      </base>
      <type>
        <code value="Coding"/>
      </type>
      <mustSupport value="false"/>
      <isModifier value="false"/>
      <isSummary value="false"/>
      <binding>
        <strength value="extensible"/>
        <valueSetReference>
          <reference value="http://hl7.org/fhir/us/sw/shr/core/vs/OrientationVS"/>
        </valueSetReference>
      </binding>
    </element>
    <element id="shr-core-BodyLocation-model.relationToLandmark">
      <path value="shr-core-BodyLocation-model.relationToLandmark"/>
      <short value="An anatomical landmark that helps determine a body location."/>
      <definition value="An anatomical landmark that helps determine a body location."/>
      <min value="0"/>
      <max value="*"/>
      <base>
        <path value="shr-core-BodyLocation-model.relationToLandmark"/>
        <min value="0"/>
        <max value="*"/>
      </base>
      <type>
        <code value="http://hl7.org/fhir/us/shr/StructureDefinition/shr-core-RelationToLandmark-model"/>
      </type>
      <mustSupport value="false"/>
      <isModifier value="false"/>
      <isSummary value="false"/>
    </element>
  </snapshot>
  <differential>
    <element id="shr-core-BodyLocation-model">
      <path value="shr-core-BodyLocation-model"/>
      <definition value="A location or structure in the body, including tissues, regions, cavities, and spaces; for example, right elbow, or left ventricle of the heart.&#xA;The BodyLocation includes code and optional qualifiers of anatomical side or direction. The body location can also be determined from one or more body landmarks.&#xA;If the code for the body location includes laterality and/or anatomical direction, the corresponding attributes might be unnecessary.&#xA;Note that BodyLocation is a data type, a reusable structure, not a stand-alone entity. The concept is similar to how an address structure can apply to a person, location, or organization. This contrasts with FHIR&#39;s stand-alone BodySite (aka BodyStructure in r4) which &#39;is not ... intended for describing the type of anatomical location but rather a specific body site on a specific patient&#39; (FHIR 3.5)."/>
      <min value="0"/>
      <max value="*"/>
      <base>
        <path value="shr-core-BodyLocation-model"/>
        <min value="0"/>
        <max value="*"/>
      </base>
      <mustSupport value="false"/>
      <isModifier value="false"/>
      <isSummary value="false"/>
    </element>
    <element id="shr-core-BodyLocation-model.locationCode">
      <path value="shr-core-BodyLocation-model.locationCode"/>
      <short value="Code for the body location, optionally pre-coordinating laterality or direction."/>
      <definition value="Code for the body location, optionally pre-coordinating laterality or direction."/>
      <min value="1"/>
      <max value="1"/>
      <base>
        <path value="shr-core-BodyLocation-model.locationCode"/>
        <min value="1"/>
        <max value="1"/>
      </base>
      <type>
        <code value="Coding"/>
      </type>
      <mustSupport value="false"/>
      <isModifier value="false"/>
      <isSummary value="false"/>
      <binding>
        <strength value="preferred"/>
        <valueSetReference>
          <reference value="http://hl7.org/fhir/us/sw/shr/core/vs/BodyLocationVS"/>
        </valueSetReference>
      </binding>
    </element>
    <element id="shr-core-BodyLocation-model.laterality">
      <path value="shr-core-BodyLocation-model.laterality"/>
      <short value="Body side of the body location, if needed to distinguish from a similar location on the other side of the body."/>
      <definition value="Body side of the body location, if needed to distinguish from a similar location on the other side of the body."/>
      <min value="0"/>
      <max value="1"/>
      <base>
        <path value="shr-core-BodyLocation-model.laterality"/>
        <min value="0"/>
        <max value="1"/>
      </base>
      <type>
        <code value="Coding"/>
      </type>
      <mustSupport value="false"/>
      <isModifier value="false"/>
      <isSummary value="false"/>
      <binding>
        <strength value="extensible"/>
        <valueSetReference>
          <reference value="http://hl7.org/fhir/us/sw/shr/core/vs/LateralityVS"/>
        </valueSetReference>
      </binding>
    </element>
    <element id="shr-core-BodyLocation-model.orientation">
      <path value="shr-core-BodyLocation-model.orientation"/>
      <short value="Orientation of the body location, if needed to distinguish from a similar location in another orientation."/>
      <definition value="Orientation of the body location, if needed to distinguish from a similar location in another orientation."/>
      <min value="0"/>
      <max value="1"/>
      <base>
        <path value="shr-core-BodyLocation-model.orientation"/>
        <min value="0"/>
        <max value="1"/>
      </base>
      <type>
        <code value="Coding"/>
      </type>
      <mustSupport value="false"/>
      <isModifier value="false"/>
      <isSummary value="false"/>
      <binding>
        <strength value="extensible"/>
        <valueSetReference>
          <reference value="http://hl7.org/fhir/us/sw/shr/core/vs/OrientationVS"/>
        </valueSetReference>
      </binding>
    </element>
    <element id="shr-core-BodyLocation-model.relationToLandmark">
      <path value="shr-core-BodyLocation-model.relationToLandmark"/>
      <short value="An anatomical landmark that helps determine a body location."/>
      <definition value="An anatomical landmark that helps determine a body location."/>
      <min value="0"/>
      <max value="*"/>
      <base>
        <path value="shr-core-BodyLocation-model.relationToLandmark"/>
        <min value="0"/>
        <max value="*"/>
      </base>
      <type>
        <code value="http://hl7.org/fhir/us/shr/StructureDefinition/shr-core-RelationToLandmark-model"/>
      </type>
      <mustSupport value="false"/>
      <isModifier value="false"/>
      <isSummary value="false"/>
    </element>
  </differential>
</StructureDefinition>