<?xml version="1.0" encoding="UTF-8"?>

<StructureDefinition xmlns="http://hl7.org/fhir">
  <id value="shr-core-TimeOfDay-model"/>
  <text>
    <status value="generated"/><div xmlns="http://www.w3.org/1999/xhtml">
  <p><b>TimeOfDay Logical Model</b></p>
  <p>Time of day the event should take place on the designated day(s).
TimeOfDay should only be specified if the RecurrenceInterval and/or DayOfWeek establishes the day when the event should take place.</p>
</div>
  </text>
  <url value="http://hl7.org/fhir/us/shr/StructureDefinition/shr-core-TimeOfDay-model"/>
  <identifier>
    <system value="http://hl7.org/fhir/us/sw"/>
    <value value="shr.core.TimeOfDay"/>
  </identifier>
  <version value="0.5.0"/>
  <name value="TimeOfDay"/>
  <title value="shr-core-TimeOfDay"/>
  <status value="draft"/>
  <date value="2019-03-30T00:00:00-04:00"/>
  <publisher value="HL7 Patient Care and Clinical Information Modeling Initiative Work Groups"/>
  <contact>
    <telecom>
      <system value="url"/>
      <value value="http://standardhealthrecord.org"/>
    </telecom>
  </contact>
  <description value="Time of day the event should take place on the designated day(s).&#xA;TimeOfDay should only be specified if the RecurrenceInterval and/or DayOfWeek establishes the day when the event should take place."/>
  <kind value="logical"/>
  <abstract value="false"/>
  <type value="shr-core-TimeOfDay-model"/>
  <baseDefinition value="http://hl7.org/fhir/StructureDefinition/Element"/>
  <derivation value="specialization"/>
  <snapshot>
    <element id="shr-core-TimeOfDay-model">
      <path value="shr-core-TimeOfDay-model"/>
      <definition value="Time of day the event should take place on the designated day(s).&#xA;TimeOfDay should only be specified if the RecurrenceInterval and/or DayOfWeek establishes the day when the event should take place."/>
      <min value="0"/>
      <max value="*"/>
      <base>
        <path value="shr-core-TimeOfDay-model"/>
        <min value="0"/>
        <max value="*"/>
      </base>
      <mustSupport value="false"/>
      <isModifier value="false"/>
      <isSummary value="false"/>
    </element>
    <element id="shr-core-TimeOfDay-model.value">
      <path value="shr-core-TimeOfDay-model.value"/>
      <short value="Time representing time of day the event should take place on the designated day(s)."/>
      <definition value="Time representing time of day the event should take place on the designated day(s).&#xA;TimeOfDay should only be specified if the RecurrenceInterval and/or DayOfWeek establishes the day when the event should take place."/>
      <min value="1"/>
      <max value="1"/>
      <base>
        <path value="shr-core-TimeOfDay-model.value"/>
        <min value="1"/>
        <max value="1"/>
      </base>
      <type>
        <code value="time"/>
      </type>
      <mustSupport value="false"/>
      <isModifier value="false"/>
      <isSummary value="false"/>
    </element>
  </snapshot>
  <differential>
    <element id="shr-core-TimeOfDay-model">
      <path value="shr-core-TimeOfDay-model"/>
      <definition value="Time of day the event should take place on the designated day(s).&#xA;TimeOfDay should only be specified if the RecurrenceInterval and/or DayOfWeek establishes the day when the event should take place."/>
      <min value="0"/>
      <max value="*"/>
      <base>
        <path value="shr-core-TimeOfDay-model"/>
        <min value="0"/>
        <max value="*"/>
      </base>
      <mustSupport value="false"/>
      <isModifier value="false"/>
      <isSummary value="false"/>
    </element>
    <element id="shr-core-TimeOfDay-model.value">
      <path value="shr-core-TimeOfDay-model.value"/>
      <short value="Time representing time of day the event should take place on the designated day(s)."/>
      <definition value="Time representing time of day the event should take place on the designated day(s).&#xA;TimeOfDay should only be specified if the RecurrenceInterval and/or DayOfWeek establishes the day when the event should take place."/>
      <min value="1"/>
      <max value="1"/>
      <base>
        <path value="shr-core-TimeOfDay-model.value"/>
        <min value="1"/>
        <max value="1"/>
      </base>
      <type>
        <code value="time"/>
      </type>
      <mustSupport value="false"/>
      <isModifier value="false"/>
      <isSummary value="false"/>
    </element>
  </differential>
</StructureDefinition>