<?xml version="1.0" encoding="UTF-8"?>

<StructureDefinition xmlns="http://hl7.org/fhir">
  <id value="shr-core-ObservationComponent-model"/>
  <text>
    <status value="generated"/><div xmlns="http://www.w3.org/1999/xhtml">
  <p><b>ObservationComponent Logical Model</b></p>
  <p>A sub-observation contributing to the parent observation, expressed as separate code value pairs that share the same attributes. Examples include systolic and diastolic component observations for blood pressure measurement and multiple component observations for genetics observations. Component observations share the same attributes in the Observation resource as the primary observation and are always treated a part of a single observation (they are not separable). However, the reference range for the primary observation value is not inherited by the component values and is required when appropriate for each component observation.</p>
</div>
  </text>
  <url value="http://hl7.org/fhir/us/shr/StructureDefinition/shr-core-ObservationComponent-model"/>
  <identifier>
    <system value="http://hl7.org/fhir/us/sw"/>
    <value value="shr.core.ObservationComponent"/>
  </identifier>
  <version value="0.5.0"/>
  <name value="ObservationComponent"/>
  <title value="shr-core-ObservationComponent"/>
  <status value="draft"/>
  <date value="2019-03-30T00:00:00-04:00"/>
  <publisher value="HL7 Patient Care and Clinical Information Modeling Initiative Work Groups"/>
  <contact>
    <telecom>
      <system value="url"/>
      <value value="http://standardhealthrecord.org"/>
    </telecom>
  </contact>
  <description value="A sub-observation contributing to the parent observation, expressed as separate code value pairs that share the same attributes. Examples include systolic and diastolic component observations for blood pressure measurement and multiple component observations for genetics observations. Component observations share the same attributes in the Observation resource as the primary observation and are always treated a part of a single observation (they are not separable). However, the reference range for the primary observation value is not inherited by the component values and is required when appropriate for each component observation."/>
  <kind value="logical"/>
  <abstract value="false"/>
  <type value="shr-core-ObservationComponent-model"/>
  <baseDefinition value="http://hl7.org/fhir/StructureDefinition/Element"/>
  <derivation value="specialization"/>
  <snapshot>
    <element id="shr-core-ObservationComponent-model">
      <path value="shr-core-ObservationComponent-model"/>
      <definition value="A sub-observation contributing to the parent observation, expressed as separate code value pairs that share the same attributes. Examples include systolic and diastolic component observations for blood pressure measurement and multiple component observations for genetics observations. Component observations share the same attributes in the Observation resource as the primary observation and are always treated a part of a single observation (they are not separable). However, the reference range for the primary observation value is not inherited by the component values and is required when appropriate for each component observation."/>
      <min value="0"/>
      <max value="*"/>
      <base>
        <path value="shr-core-ObservationComponent-model"/>
        <min value="0"/>
        <max value="*"/>
      </base>
      <mustSupport value="false"/>
      <isModifier value="false"/>
      <isSummary value="false"/>
    </element>
    <element id="shr-core-ObservationComponent-model.code">
      <path value="shr-core-ObservationComponent-model.code"/>
      <short value="The main type identifier for a lab, procedure, condition, etc., usually drawn from a controlled vocabulary."/>
      <definition value="The main type identifier for a lab, procedure, condition, etc., usually drawn from a controlled vocabulary."/>
      <min value="1"/>
      <max value="1"/>
      <base>
        <path value="shr-core-ObservationComponent-model.code"/>
        <min value="1"/>
        <max value="1"/>
      </base>
      <type>
        <code value="Coding"/>
      </type>
      <mustSupport value="false"/>
      <isModifier value="false"/>
      <isSummary value="false"/>
    </element>
    <element id="shr-core-ObservationComponent-model.dataValue[x]">
      <path value="shr-core-ObservationComponent-model.dataValue[x]"/>
      <short value="The value or result of a test, evaluation, or judgment, for example, a systolic blood pressure, or if a condition or body structure is present or absent."/>
      <definition value="The value or result of a test, evaluation, or judgment, for example, a systolic blood pressure, or if a condition or body structure is present or absent."/>
      <min value="0"/>
      <max value="1"/>
      <base>
        <path value="shr-core-ObservationComponent-model.dataValue[x]"/>
        <min value="0"/>
        <max value="1"/>
      </base>
      <type>
        <code value="Coding"/>
      </type>
      <type>
        <code value="http://hl7.org/fhir/us/shr/StructureDefinition/shr-core-Quantity-model"/>
      </type>
      <type>
        <code value="string"/>
      </type>
      <type>
        <code value="http://hl7.org/fhir/us/shr/StructureDefinition/shr-core-Range-model"/>
      </type>
      <type>
        <code value="http://hl7.org/fhir/us/shr/StructureDefinition/shr-core-Ratio-model"/>
      </type>
      <type>
        <code value="time"/>
      </type>
      <type>
        <code value="dateTime"/>
      </type>
      <type>
        <code value="http://hl7.org/fhir/us/shr/StructureDefinition/shr-core-TimePeriod-model"/>
      </type>
      <mustSupport value="false"/>
      <isModifier value="false"/>
      <isSummary value="false"/>
    </element>
    <element id="shr-core-ObservationComponent-model.dataAbsentReason">
      <path value="shr-core-ObservationComponent-model.dataAbsentReason"/>
      <short value="Reason that a value associated with a test or other finding is missing."/>
      <definition value="Reason that a value associated with a test or other finding is missing."/>
      <min value="0"/>
      <max value="1"/>
      <base>
        <path value="shr-core-ObservationComponent-model.dataAbsentReason"/>
        <min value="0"/>
        <max value="1"/>
      </base>
      <type>
        <code value="Coding"/>
      </type>
      <mustSupport value="false"/>
      <isModifier value="false"/>
      <isSummary value="false"/>
      <binding>
        <strength value="extensible"/>
        <valueSetReference>
          <reference value="http://hl7.org/fhir/ValueSet/data-absent-reason"/>
        </valueSetReference>
      </binding>
    </element>
    <element id="shr-core-ObservationComponent-model.referenceRange">
      <path value="shr-core-ObservationComponent-model.referenceRange"/>
      <code>
        <system value="http://ncimeta.nci.nih.gov"/>
        <code value="C0883335"/>
      </code>
      <short value="The usual or acceptable range for a test result."/>
      <definition value="The usual or acceptable range for a test result."/>
      <min value="0"/>
      <max value="1"/>
      <base>
        <path value="shr-core-ObservationComponent-model.referenceRange"/>
        <min value="0"/>
        <max value="1"/>
      </base>
      <type>
        <code value="http://hl7.org/fhir/us/shr/StructureDefinition/shr-core-ReferenceRange-model"/>
      </type>
      <mustSupport value="false"/>
      <isModifier value="false"/>
      <isSummary value="false"/>
    </element>
    <element id="shr-core-ObservationComponent-model.interpretation">
      <path value="shr-core-ObservationComponent-model.interpretation"/>
      <code>
        <system value="http://ncimeta.nci.nih.gov"/>
        <code value="C0420833"/>
      </code>
      <short value="A clinical interpretation of a finding (applies to both assertions and observation)."/>
      <definition value="A clinical interpretation of a finding (applies to both assertions and observation)."/>
      <min value="0"/>
      <max value="1"/>
      <base>
        <path value="shr-core-ObservationComponent-model.interpretation"/>
        <min value="0"/>
        <max value="1"/>
      </base>
      <type>
        <code value="Coding"/>
      </type>
      <mustSupport value="false"/>
      <isModifier value="false"/>
      <isSummary value="false"/>
      <binding>
        <strength value="extensible"/>
        <valueSetReference>
          <reference value="http://hl7.org/fhir/ValueSet/observation-interpretation"/>
        </valueSetReference>
      </binding>
    </element>
  </snapshot>
  <differential>
    <element id="shr-core-ObservationComponent-model">
      <path value="shr-core-ObservationComponent-model"/>
      <definition value="A sub-observation contributing to the parent observation, expressed as separate code value pairs that share the same attributes. Examples include systolic and diastolic component observations for blood pressure measurement and multiple component observations for genetics observations. Component observations share the same attributes in the Observation resource as the primary observation and are always treated a part of a single observation (they are not separable). However, the reference range for the primary observation value is not inherited by the component values and is required when appropriate for each component observation."/>
      <min value="0"/>
      <max value="*"/>
      <base>
        <path value="shr-core-ObservationComponent-model"/>
        <min value="0"/>
        <max value="*"/>
      </base>
      <mustSupport value="false"/>
      <isModifier value="false"/>
      <isSummary value="false"/>
    </element>
    <element id="shr-core-ObservationComponent-model.code">
      <path value="shr-core-ObservationComponent-model.code"/>
      <short value="The main type identifier for a lab, procedure, condition, etc., usually drawn from a controlled vocabulary."/>
      <definition value="The main type identifier for a lab, procedure, condition, etc., usually drawn from a controlled vocabulary."/>
      <min value="1"/>
      <max value="1"/>
      <base>
        <path value="shr-core-ObservationComponent-model.code"/>
        <min value="1"/>
        <max value="1"/>
      </base>
      <type>
        <code value="Coding"/>
      </type>
      <mustSupport value="false"/>
      <isModifier value="false"/>
      <isSummary value="false"/>
    </element>
    <element id="shr-core-ObservationComponent-model.dataValue[x]">
      <path value="shr-core-ObservationComponent-model.dataValue[x]"/>
      <short value="The value or result of a test, evaluation, or judgment, for example, a systolic blood pressure, or if a condition or body structure is present or absent."/>
      <definition value="The value or result of a test, evaluation, or judgment, for example, a systolic blood pressure, or if a condition or body structure is present or absent."/>
      <min value="0"/>
      <max value="1"/>
      <base>
        <path value="shr-core-ObservationComponent-model.dataValue[x]"/>
        <min value="0"/>
        <max value="1"/>
      </base>
      <type>
        <code value="Coding"/>
      </type>
      <type>
        <code value="http://hl7.org/fhir/us/shr/StructureDefinition/shr-core-Quantity-model"/>
      </type>
      <type>
        <code value="string"/>
      </type>
      <type>
        <code value="http://hl7.org/fhir/us/shr/StructureDefinition/shr-core-Range-model"/>
      </type>
      <type>
        <code value="http://hl7.org/fhir/us/shr/StructureDefinition/shr-core-Ratio-model"/>
      </type>
      <type>
        <code value="time"/>
      </type>
      <type>
        <code value="dateTime"/>
      </type>
      <type>
        <code value="http://hl7.org/fhir/us/shr/StructureDefinition/shr-core-TimePeriod-model"/>
      </type>
      <mustSupport value="false"/>
      <isModifier value="false"/>
      <isSummary value="false"/>
    </element>
    <element id="shr-core-ObservationComponent-model.dataAbsentReason">
      <path value="shr-core-ObservationComponent-model.dataAbsentReason"/>
      <short value="Reason that a value associated with a test or other finding is missing."/>
      <definition value="Reason that a value associated with a test or other finding is missing."/>
      <min value="0"/>
      <max value="1"/>
      <base>
        <path value="shr-core-ObservationComponent-model.dataAbsentReason"/>
        <min value="0"/>
        <max value="1"/>
      </base>
      <type>
        <code value="Coding"/>
      </type>
      <mustSupport value="false"/>
      <isModifier value="false"/>
      <isSummary value="false"/>
      <binding>
        <strength value="extensible"/>
        <valueSetReference>
          <reference value="http://hl7.org/fhir/ValueSet/data-absent-reason"/>
        </valueSetReference>
      </binding>
    </element>
    <element id="shr-core-ObservationComponent-model.referenceRange">
      <path value="shr-core-ObservationComponent-model.referenceRange"/>
      <code>
        <system value="http://ncimeta.nci.nih.gov"/>
        <code value="C0883335"/>
      </code>
      <short value="The usual or acceptable range for a test result."/>
      <definition value="The usual or acceptable range for a test result."/>
      <min value="0"/>
      <max value="1"/>
      <base>
        <path value="shr-core-ObservationComponent-model.referenceRange"/>
        <min value="0"/>
        <max value="1"/>
      </base>
      <type>
        <code value="http://hl7.org/fhir/us/shr/StructureDefinition/shr-core-ReferenceRange-model"/>
      </type>
      <mustSupport value="false"/>
      <isModifier value="false"/>
      <isSummary value="false"/>
    </element>
    <element id="shr-core-ObservationComponent-model.interpretation">
      <path value="shr-core-ObservationComponent-model.interpretation"/>
      <code>
        <system value="http://ncimeta.nci.nih.gov"/>
        <code value="C0420833"/>
      </code>
      <short value="A clinical interpretation of a finding (applies to both assertions and observation)."/>
      <definition value="A clinical interpretation of a finding (applies to both assertions and observation)."/>
      <min value="0"/>
      <max value="1"/>
      <base>
        <path value="shr-core-ObservationComponent-model.interpretation"/>
        <min value="0"/>
        <max value="1"/>
      </base>
      <type>
        <code value="Coding"/>
      </type>
      <mustSupport value="false"/>
      <isModifier value="false"/>
      <isSummary value="false"/>
      <binding>
        <strength value="extensible"/>
        <valueSetReference>
          <reference value="http://hl7.org/fhir/ValueSet/observation-interpretation"/>
        </valueSetReference>
      </binding>
    </element>
  </differential>
</StructureDefinition>