<?xml version="1.0" encoding="UTF-8"?>

<StructureDefinition xmlns="http://hl7.org/fhir">
  <id value="shr-core-ParticipationPeriod-model"/>
  <text>
    <status value="generated"/><div xmlns="http://www.w3.org/1999/xhtml">
  <p><b>ParticipationPeriod Logical Model</b></p>
  <p>The point in time or span of time the participant is involved.</p>
</div>
  </text>
  <url value="http://hl7.org/fhir/us/shr/StructureDefinition/shr-core-ParticipationPeriod-model"/>
  <identifier>
    <system value="http://hl7.org/fhir/us/sw"/>
    <value value="shr.core.ParticipationPeriod"/>
  </identifier>
  <version value="0.5.0"/>
  <name value="ParticipationPeriod"/>
  <title value="shr-core-ParticipationPeriod"/>
  <status value="draft"/>
  <date value="2019-03-31T00:00:00-04:00"/>
  <publisher value="HL7 Patient Care and Clinical Information Modeling Initiative Work Groups"/>
  <contact>
    <telecom>
      <system value="url"/>
      <value value="http://standardhealthrecord.org"/>
    </telecom>
  </contact>
  <description value="The point in time or span of time the participant is involved."/>
  <kind value="logical"/>
  <abstract value="false"/>
  <type value="shr-core-ParticipationPeriod-model"/>
  <baseDefinition value="http://hl7.org/fhir/StructureDefinition/Element"/>
  <derivation value="specialization"/>
  <snapshot>
    <element id="shr-core-ParticipationPeriod-model">
      <path value="shr-core-ParticipationPeriod-model"/>
      <definition value="The point in time or span of time the participant is involved."/>
      <min value="0"/>
      <max value="*"/>
      <base>
        <path value="shr-core-ParticipationPeriod-model"/>
        <min value="0"/>
        <max value="*"/>
      </base>
      <mustSupport value="false"/>
      <isModifier value="false"/>
      <isSummary value="false"/>
    </element>
    <element id="shr-core-ParticipationPeriod-model.value">
      <path value="shr-core-ParticipationPeriod-model.value"/>
      <code>
        <system value="http://ncimeta.nci.nih.gov"/>
        <code value="C1948053"/>
      </code>
      <short value="TimePeriod representing the point in time or span of time the participant is involved."/>
      <definition value="TimePeriod representing the point in time or span of time the participant is involved."/>
      <min value="1"/>
      <max value="1"/>
      <base>
        <path value="shr-core-ParticipationPeriod-model.value"/>
        <min value="1"/>
        <max value="1"/>
      </base>
      <type>
        <code value="http://hl7.org/fhir/us/shr/StructureDefinition/shr-core-TimePeriod-model"/>
      </type>
      <mustSupport value="false"/>
      <isModifier value="false"/>
      <isSummary value="false"/>
    </element>
  </snapshot>
  <differential>
    <element id="shr-core-ParticipationPeriod-model">
      <path value="shr-core-ParticipationPeriod-model"/>
      <definition value="The point in time or span of time the participant is involved."/>
      <min value="0"/>
      <max value="*"/>
      <base>
        <path value="shr-core-ParticipationPeriod-model"/>
        <min value="0"/>
        <max value="*"/>
      </base>
      <mustSupport value="false"/>
      <isModifier value="false"/>
      <isSummary value="false"/>
    </element>
    <element id="shr-core-ParticipationPeriod-model.value">
      <path value="shr-core-ParticipationPeriod-model.value"/>
      <code>
        <system value="http://ncimeta.nci.nih.gov"/>
        <code value="C1948053"/>
      </code>
      <short value="TimePeriod representing the point in time or span of time the participant is involved."/>
      <definition value="TimePeriod representing the point in time or span of time the participant is involved."/>
      <min value="1"/>
      <max value="1"/>
      <base>
        <path value="shr-core-ParticipationPeriod-model.value"/>
        <min value="1"/>
        <max value="1"/>
      </base>
      <type>
        <code value="http://hl7.org/fhir/us/shr/StructureDefinition/shr-core-TimePeriod-model"/>
      </type>
      <mustSupport value="false"/>
      <isModifier value="false"/>
      <isSummary value="false"/>
    </element>
  </differential>
</StructureDefinition>