<?xml version="1.0" encoding="UTF-8"?>

<StructureDefinition xmlns="http://hl7.org/fhir">
  <id value="shr-core-ReferralSubjectOfRecord-model"/>
  <text>
    <status value="generated"/><div xmlns="http://www.w3.org/1999/xhtml">
  <p><b>ReferralSubjectOfRecord Logical Model</b></p>
  <p>A choice of Patient or Group. These are the potential subjects for Procedure and ReferralRequest resources.</p>
</div>
  </text>
  <url value="http://hl7.org/fhir/us/shr/StructureDefinition/shr-core-ReferralSubjectOfRecord-model"/>
  <identifier>
    <system value="http://hl7.org/fhir/us/sw"/>
    <value value="shr.core.ReferralSubjectOfRecord"/>
  </identifier>
  <version value="0.5.0"/>
  <name value="ReferralSubjectOfRecord"/>
  <title value="shr-core-ReferralSubjectOfRecord"/>
  <status value="draft"/>
  <date value="2019-03-31T00:00:00-04:00"/>
  <publisher value="HL7 Patient Care and Clinical Information Modeling Initiative Work Groups"/>
  <contact>
    <telecom>
      <system value="url"/>
      <value value="http://standardhealthrecord.org"/>
    </telecom>
  </contact>
  <description value="A choice of Patient or Group. These are the potential subjects for Procedure and ReferralRequest resources."/>
  <kind value="logical"/>
  <abstract value="false"/>
  <type value="shr-core-ReferralSubjectOfRecord-model"/>
  <baseDefinition value="http://hl7.org/fhir/StructureDefinition/Element"/>
  <derivation value="specialization"/>
  <snapshot>
    <element id="shr-core-ReferralSubjectOfRecord-model">
      <path value="shr-core-ReferralSubjectOfRecord-model"/>
      <definition value="A choice of Patient or Group. These are the potential subjects for Procedure and ReferralRequest resources."/>
      <min value="0"/>
      <max value="*"/>
      <base>
        <path value="shr-core-ReferralSubjectOfRecord-model"/>
        <min value="0"/>
        <max value="*"/>
      </base>
      <mustSupport value="false"/>
      <isModifier value="false"/>
      <isSummary value="false"/>
    </element>
    <element id="shr-core-ReferralSubjectOfRecord-model.value[x]">
      <path value="shr-core-ReferralSubjectOfRecord-model.value[x]"/>
      <short value="Patient or Group representing a choice of Patient or Group. These are the potential subjects for Procedure and ReferralRequest resources."/>
      <definition value="Patient or Group representing a choice of Patient or Group. These are the potential subjects for Procedure and ReferralRequest resources."/>
      <min value="1"/>
      <max value="1"/>
      <base>
        <path value="shr-core-ReferralSubjectOfRecord-model.value[x]"/>
        <min value="1"/>
        <max value="1"/>
      </base>
      <type>
        <code value="Reference"/>
        <targetProfile value="http://hl7.org/fhir/us/shr/StructureDefinition/shr-core-Patient-model"/>
      </type>
      <type>
        <code value="Reference"/>
        <targetProfile value="http://hl7.org/fhir/us/shr/StructureDefinition/shr-core-Group-model"/>
      </type>
      <mustSupport value="false"/>
      <isModifier value="false"/>
      <isSummary value="false"/>
    </element>
  </snapshot>
  <differential>
    <element id="shr-core-ReferralSubjectOfRecord-model">
      <path value="shr-core-ReferralSubjectOfRecord-model"/>
      <definition value="A choice of Patient or Group. These are the potential subjects for Procedure and ReferralRequest resources."/>
      <min value="0"/>
      <max value="*"/>
      <base>
        <path value="shr-core-ReferralSubjectOfRecord-model"/>
        <min value="0"/>
        <max value="*"/>
      </base>
      <mustSupport value="false"/>
      <isModifier value="false"/>
      <isSummary value="false"/>
    </element>
    <element id="shr-core-ReferralSubjectOfRecord-model.value[x]">
      <path value="shr-core-ReferralSubjectOfRecord-model.value[x]"/>
      <short value="Patient or Group representing a choice of Patient or Group. These are the potential subjects for Procedure and ReferralRequest resources."/>
      <definition value="Patient or Group representing a choice of Patient or Group. These are the potential subjects for Procedure and ReferralRequest resources."/>
      <min value="1"/>
      <max value="1"/>
      <base>
        <path value="shr-core-ReferralSubjectOfRecord-model.value[x]"/>
        <min value="1"/>
        <max value="1"/>
      </base>
      <type>
        <code value="Reference"/>
        <targetProfile value="http://hl7.org/fhir/us/shr/StructureDefinition/shr-core-Patient-model"/>
      </type>
      <type>
        <code value="Reference"/>
        <targetProfile value="http://hl7.org/fhir/us/shr/StructureDefinition/shr-core-Group-model"/>
      </type>
      <mustSupport value="false"/>
      <isModifier value="false"/>
      <isSummary value="false"/>
    </element>
  </differential>
</StructureDefinition>