<?xml version="1.0" encoding="UTF-8"?>

<ValueSet xmlns="http://hl7.org/fhir">
  <id value="shr-core-LateralityVS"/>
  <text>
    <status value="generated"/><div xmlns="http://www.w3.org/1999/xhtml">
<p><b>LateralityVS ValueSet</b></p>
<p>Terms that specify the side of the body.</p>
</div>
  </text>
  <url value="http://hl7.org/fhir/us/sw/shr/core/vs/LateralityVS"/>
  <identifier>
    <system value="http://hl7.org/fhir/us/sw"/>
    <value value="shr.core.LateralityVS"/>
  </identifier>
  <version value="0.5.0"/>
  <name value="LateralityVS"/>
  <title value="LateralityVS"/>
  <status value="draft"/>
  <date value="2019-03-31T00:00:00-04:00"/>
  <publisher value="HL7 Patient Care and Clinical Information Modeling Initiative Work Groups"/>
  <contact>
    <telecom>
      <system value="url"/>
      <value value="http://standardhealthrecord.org"/>
    </telecom>
  </contact>
  <description value="Terms that specify the side of the body."/>
  <compose>
    <include>
      <system value="http://snomed.info/sct"/>
      <concept>
        <code value="419161000"/>
        <display value="Unilateral left"/>
      </concept>
      <concept>
        <code value="419465000"/>
        <display value="Unilateral right"/>
      </concept>
      <concept>
        <code value="51440002"/>
        <display value="Bilateral"/>
      </concept>
    </include>
  </compose>
</ValueSet>