<?xml version="1.0" encoding="UTF-8"?>

<ValueSet xmlns="http://hl7.org/fhir">
  <id value="shr-core-TreatmentIntentVS"/>
  <text>
    <status value="generated"/><div xmlns="http://www.w3.org/1999/xhtml">
<p><b>TreatmentIntentVS ValueSet</b></p>
<p>The purpose of a treatment.  Examples include curative, palliative, and supportive.</p>
</div>
  </text>
  <url value="http://hl7.org/fhir/us/sw/shr/core/vs/TreatmentIntentVS"/>
  <identifier>
    <system value="http://hl7.org/fhir/us/sw"/>
    <value value="shr.core.TreatmentIntentVS"/>
  </identifier>
  <version value="0.5.0"/>
  <name value="TreatmentIntentVS"/>
  <title value="TreatmentIntentVS"/>
  <status value="draft"/>
  <date value="2019-03-30T00:00:00-04:00"/>
  <publisher value="HL7 Patient Care and Clinical Information Modeling Initiative Work Groups"/>
  <contact>
    <telecom>
      <system value="url"/>
      <value value="http://standardhealthrecord.org"/>
    </telecom>
  </contact>
  <description value="The purpose of a treatment.  Examples include curative, palliative, and supportive."/>
  <compose>
    <include>
      <system value="http://snomed.info/sct"/>
      <filter>
        <property value="concept"/>
        <op value="is-a"/>
        <value value="363675004"/>
      </filter>
    </include>
  </compose>
</ValueSet>