<?xml version="1.0" encoding="UTF-8"?>

<ValueSet xmlns="http://hl7.org/fhir">
  <id value="shr-core-ActiveOrInactiveVS"/>
  <text>
    <status value="generated"/><div xmlns="http://www.w3.org/1999/xhtml">
<p><b>ActiveOrInactiveVS ValueSet</b></p>
<p>Status values indicating the resource is either active or inactive.</p>
</div>
  </text>
  <url value="http://hl7.org/fhir/us/sw/shr/core/vs/ActiveOrInactiveVS"/>
  <identifier>
    <system value="http://hl7.org/fhir/us/sw"/>
    <value value="shr.core.ActiveOrInactiveVS"/>
  </identifier>
  <version value="0.5.0"/>
  <name value="ActiveOrInactiveVS"/>
  <title value="ActiveOrInactiveVS"/>
  <status value="draft"/>
  <date value="2019-03-30T00:00:00-04:00"/>
  <publisher value="HL7 Patient Care and Clinical Information Modeling Initiative Work Groups"/>
  <contact>
    <telecom>
      <system value="url"/>
      <value value="http://standardhealthrecord.org"/>
    </telecom>
  </contact>
  <description value="Status values indicating the resource is either active or inactive."/>
  <compose>
    <include>
      <system value="http://snomed.info/sct"/>
      <concept>
        <code value="55561003"/>
        <display value="Active (qualifier value)"/>
      </concept>
      <concept>
        <code value="73425007"/>
        <display value="Inactive (qualifier value)"/>
      </concept>
    </include>
  </compose>
</ValueSet>