<?xml version="1.0" encoding="UTF-8"?><StructureDefinition xmlns="http://hl7.org/fhir"><id value="shr-entity-Organization"/><text><status value="generated"/><div xmlns="http://www.w3.org/1999/xhtml">
  <p><b>Organization Profile</b></p>
  <p>A social or legal structure formed by human beings.</p>
  <p><b>Mapping Summary</b></p>
  <p><pre>shr.entity.Organization maps to Organization:
  _Entry.EntryId maps to id
  Language maps to language
  Narrative maps to text
  ImplicitRules maps to implicitRules
  Metadata.VersionId maps to meta.versionId
  Metadata.LastUpdated maps to meta.lastUpdated
  Metadata.SecurityLabel maps to meta.security
  Metadata.Tag maps to meta.tag
  Identifier maps to identifier
  Active maps to active
  Type maps to type
  OrganizationName maps to name
  Address maps to address
  ContactPoint maps to telecom
  PartOf maps to partOf
</pre></p>
</div></text><url value="http://hl7.org/fhir/us/fhirURL/StructureDefinition/shr-entity-Organization"/><identifier><system value="http://hl7.org/fhir/us/projectURL"/><value value="shr.entity.Organization"/></identifier><version value="0.2.0"/><name value="Organization"/><display value="shr-entity-Organization"/><status value="draft"/><publisher value="The MITRE Corporation"/><contact><telecom><system value="other"/><value value="http://www.hl7.org/Special/committees/cic/index.cfm"/><rank value="0"/></telecom></contact><date value="2019-02-07T00:00:00-05:00"/><description value="A social or legal structure formed by human beings."/><code><system value="http://ncimeta.nci.nih.gov"/><code value="C1561598"/><userSelected value="false"/></code><fhirVersion value="1.0.2"/><mapping><identity value="v2"/><uri value="http://hl7.org/v2"/><name value="HL7 v2"/></mapping><mapping><identity value="rim"/><uri value="http://hl7.org/v3"/><name value="RIM"/></mapping><mapping><identity value="servd"/><uri value="http://www.omg.org/spec/ServD/1.0/"/><name value="ServD"/></mapping><mapping><identity value="w5"/><uri value="http://hl7.org/fhir/w5"/><name value="W5 Mapping"/></mapping><kind value="resource"/><constrainedType value="Organization"/><abstract value="false"/><base value="http://hl7.org/fhir/StructureDefinition/Organization"/><snapshot><element id="Organization"><path value="Organization"/><name value="Organization"/><short value="shr-entity-Organization"/><definition value="A social or legal structure formed by human beings."/><min value="0"/><max value="*"/><type><code value="Organization"/></type><maxLength value="0"/><constraint><key value="org-1"/><severity value="error"/><human value="The organization SHALL at least have a name or an id, and possibly more than one"/><xpath value="count(f:identifier | f:name) &gt; 0"/></constraint><mustSupport value="false"/><isModifier value="false"/><isSummary value="false"/><mapping><identity value="v2"/><map value="(also see master files messages)"/></mapping><mapping><identity value="rim"/><map value="Organization(classCode=ORG, determinerCode=INST)"/></mapping><mapping><identity value="servd"/><map value="Organization"/></mapping><mapping><identity value="w5"/><map value="administrative.group"/></mapping></element><element id="Organization.id"><path value="Organization.id"/><name value="Organization.id"/><short value="Logical id of this artifact"/><definition value="The logical id of the resource, as used in the URL for the resource. Once assigned, this value never changes."/><comments value="The only time that a resource does not have an id is when it is being submitted to the server using a create operation. Bundles always have an id, though it is usually a generated UUID."/><min value="0"/><max value="1"/><type><code value="id"/></type><maxLength value="0"/><mustSupport value="false"/><isModifier value="false"/><isSummary value="true"/><mapping><identity value="shr"/><map value="&lt;_Entry&gt;.&lt;shr.base.EntryId&gt;"/></mapping></element><element id="Organization.meta"><path value="Organization.meta"/><name value="Organization.meta"/><short value="Metadata about the resource"/><definition value="The metadata about the resource. This is content that is maintained by the infrastructure. Changes to the content may not always be associated with version changes to the resource."/><min value="0"/><max value="1"/><type><code value="Meta"/></type><maxLength value="0"/><mustSupport value="false"/><isModifier value="false"/><isSummary value="true"/></element><element id="Organization.meta.id"><path value="Organization.meta.id"/><representation value="xmlAttr"/><name value="Organization.meta.id"/><short value="xml:id (or equivalent in JSON)"/><definition value="unique id for the element within a resource (for internal references)."/><min value="0"/><max value="1"/><type><code value="id"/></type><maxLength value="0"/><mustSupport value="false"/><isModifier value="false"/><isSummary value="false"/><mapping><identity value="rim"/><map value="n/a"/></mapping></element><element id="Organization.meta.extension"><path value="Organization.meta.extension"/><name value="Organization.meta.extension"/><short value="Additional Content defined by implementations"/><definition value="May be used to represent additional information that is not part of the basic definition of the element. In order to make the use of extensions safe and manageable, there is a strict set of governance  applied to the definition and use of extensions. Though any implementer is allowed to define an extension, there is a set of requirements that SHALL be met as part of the definition of the extension."/><comments value="There can be no stigma associated with the use of extensions by any application, project, or standard - regardless of the institution or jurisdiction that uses or defines the extensions.  The use of extensions is what allows the FHIR specification to retain a core level of simplicity for everyone."/><alias value="extensions"/><alias value="user content"/><min value="0"/><max value="*"/><type><code value="Extension"/></type><maxLength value="0"/><mustSupport value="false"/><isModifier value="false"/><isSummary value="false"/><mapping><identity value="rim"/><map value="n/a"/></mapping></element><element id="Organization.meta.versionId"><path value="Organization.meta.versionId"/><name value="Organization.meta.versionId"/><short value="Version specific identifier"/><definition value="The version specific identifier, as it appears in the version portion of the URL. This values changes when the resource is created, updated, or deleted."/><comments value="The server assigns this value, and ignores what the client specifies, except in the case that the server is imposing version integrity on updates/deletes."/><min value="0"/><max value="1"/><type><code value="id"/></type><maxLength value="0"/><mustSupport value="false"/><isModifier value="false"/><isSummary value="true"/><mapping><identity value="shr"/><map value="&lt;shr.base.Metadata&gt;.&lt;shr.base.VersionId&gt;"/></mapping></element><element id="Organization.meta.lastUpdated"><path value="Organization.meta.lastUpdated"/><name value="Organization.meta.lastUpdated"/><short value="When the resource version last changed"/><definition value="When the resource last changed - e.g. when the version changed."/><comments value="This value is always populated except when the resource is first being created. The server / resource manager sets this value; what a client provides is irrelevant."/><min value="0"/><max value="1"/><type><code value="instant"/></type><maxLength value="0"/><mustSupport value="false"/><isModifier value="false"/><isSummary value="true"/><mapping><identity value="shr"/><map value="&lt;shr.base.Metadata&gt;.&lt;shr.base.LastUpdated&gt;"/></mapping></element><element id="Organization.meta.profile"><path value="Organization.meta.profile"/><name value="Organization.meta.profile"/><short value="Profiles this resource claims to conform to"/><definition value="A list of profiles [[[StructureDefinition]]]s that this resource claims to conform to. The URL is a reference to [[[StructureDefinition.url]]]."/><comments value="It is up to the server and/or other infrastructure of policy to determine whether/how these claims are verified and/or updated over time.  The list of profile URLs is a set."/><min value="0"/><max value="*"/><type><code value="uri"/></type><maxLength value="0"/><mustSupport value="false"/><isModifier value="false"/><isSummary value="true"/></element><element id="Organization.meta.security"><path value="Organization.meta.security"/><name value="Organization.meta.security"/><short value="Security Labels applied to this resource"/><definition value="Security labels applied to this resource. These tags connect specific resources to the overall security policy and infrastructure."/><comments value="The security labels can be updated without changing the stated version of the resource  The list of security labels is a set. Uniqueness is based the system/code, and version and display are ignored."/><min value="0"/><max value="*"/><type><code value="Coding"/></type><maxLength value="0"/><mustSupport value="false"/><isModifier value="false"/><isSummary value="true"/><binding><strength value="extensible"/><description value="Security Labels from the Healthcare Privacy and Security Classification System."/><valueSetReference><reference value="http://hl7.org/fhir/ValueSet/security-labels"/></valueSetReference></binding><mapping><identity value="shr"/><map value="&lt;shr.base.Metadata&gt;.&lt;shr.base.SecurityLabel&gt;"/></mapping></element><element id="Organization.meta.tag"><path value="Organization.meta.tag"/><name value="Organization.meta.tag"/><short value="Tags applied to this resource"/><definition value="Tags applied to this resource. Tags are intended to be used to identify and relate resources to process and workflow, and applications are not required to consider the tags when interpreting the meaning of a resource."/><comments value="The tags can be updated without changing the stated version of the resource.  The list of tags is a set. Uniqueness is based the system/code, and version and display are ignored."/><min value="0"/><max value="*"/><type><code value="Coding"/></type><maxLength value="0"/><mustSupport value="false"/><isModifier value="false"/><isSummary value="true"/><binding><strength value="example"/><description value="Codes that represent various types of tags, commonly workflow-related; e.g. &quot;Needs review by Dr. Jones&quot;"/></binding><mapping><identity value="shr"/><map value="&lt;shr.base.Metadata&gt;.&lt;shr.base.Tag&gt;"/></mapping></element><element id="Organization.implicitRules"><path value="Organization.implicitRules"/><name value="Organization.implicitRules"/><short value="A set of rules under which this content was created"/><definition value="A reference to a set of rules that were followed when the resource was constructed, and which must be understood when processing the content."/><comments value="Asserting this rule set restricts the content to be only understood by a limited set of trading partners. This inherently limits the usefulness of the data in the long term. However, the existing health eco-system is highly fractured, and not yet ready to define, collect, and exchange data in a generally computable sense. Wherever possible, implementers and/or specification writers should avoid using this element as much as possible."/><min value="0"/><max value="1"/><type><code value="uri"/></type><maxLength value="0"/><mustSupport value="false"/><isModifier value="true"/><isSummary value="true"/><mapping><identity value="shr"/><map value="&lt;shr.base.ImplicitRules&gt;"/></mapping></element><element id="Organization.language"><path value="Organization.language"/><name value="Organization.language"/><short value="Language of the resource content"/><definition value="The base language in which the resource is written."/><comments value="Language is provided to support indexing and accessibility (typically, services such as text to speech use the language tag). The html language tag in the narrative applies  to the narrative. The language tag on the resource may be used to specify the language of other presentations generated from the data in the resource  Not all the content has to be in the base language. The Resource.language should not be assumed to apply to the narrative automatically. If a language is specified, it should it also be specified on the div element in the html (see rules in HTML5 for information about the relationship between xml:lang and the html lang attribute)."/><min value="0"/><max value="1"/><type><code value="code"/></type><maxLength value="0"/><mustSupport value="false"/><isModifier value="false"/><isSummary value="false"/><binding><strength value="required"/><description value="A human language."/><valueSetReference><reference value="http://tools.ietf.org/html/bcp47"/></valueSetReference></binding><mapping><identity value="shr"/><map value="&lt;shr.base.Language&gt;"/></mapping></element><element id="Organization.text"><path value="Organization.text"/><name value="Organization.text"/><short value="Text summary of the resource, for human interpretation"/><definition value="A human-readable narrative that contains a summary of the resource, and may be used to represent the content of the resource to a human. The narrative need not encode all the structured data, but is required to contain sufficient detail to make it &quot;clinically safe&quot; for a human to just read the narrative. Resource definitions may define what content should be represented in the narrative to ensure clinical safety."/><comments value="Contained resources do not have narrative. Resources that are not contained SHOULD have a narrative."/><alias value="narrative"/><alias value="html"/><alias value="xhtml"/><alias value="display"/><min value="0"/><max value="1"/><type><code value="Narrative"/></type><maxLength value="0"/><condition value="dom-1"/><mustSupport value="false"/><isModifier value="false"/><isSummary value="false"/><mapping><identity value="rim"/><map value="Act.text?"/></mapping><mapping><identity value="shr"/><map value="&lt;shr.base.Narrative&gt;"/></mapping></element><element id="Organization.contained"><path value="Organization.contained"/><name value="Organization.contained"/><short value="Contained, inline Resources"/><definition value="These resources do not have an independent existence apart from the resource that contains them - they cannot be identified independently, and nor can they have their own independent transaction scope."/><comments value="This should never be done when the content can be identified properly, as once identification is lost, it is extremely difficult (and context dependent) to restore it again."/><alias value="inline resources"/><alias value="anonymous resources"/><alias value="contained resources"/><min value="0"/><max value="*"/><type><code value="Resource"/></type><maxLength value="0"/><mustSupport value="false"/><isModifier value="false"/><isSummary value="false"/><mapping><identity value="rim"/><map value="N/A"/></mapping></element><element id="Organization.extension"><path value="Organization.extension"/><name value="Organization.extension"/><short value="Additional Content defined by implementations"/><definition value="May be used to represent additional information that is not part of the basic definition of the resource. In order to make the use of extensions safe and manageable, there is a strict set of governance  applied to the definition and use of extensions. Though any implementer is allowed to define an extension, there is a set of requirements that SHALL be met as part of the definition of the extension."/><comments value="There can be no stigma associated with the use of extensions by any application, project, or standard - regardless of the institution or jurisdiction that uses or defines the extensions.  The use of extensions is what allows the FHIR specification to retain a core level of simplicity for everyone."/><alias value="extensions"/><alias value="user content"/><min value="0"/><max value="*"/><type><code value="Extension"/></type><maxLength value="0"/><mustSupport value="false"/><isModifier value="false"/><isSummary value="false"/><mapping><identity value="rim"/><map value="N/A"/></mapping></element><element id="Organization.modifierExtension"><path value="Organization.modifierExtension"/><name value="Organization.modifierExtension"/><short value="Extensions that cannot be ignored"/><definition value="May be used to represent additional information that is not part of the basic definition of the resource, and that modifies the understanding of the element that contains it. Usually modifier elements provide negation or qualification. In order to make the use of extensions safe and manageable, there is a strict set of governance applied to the definition and use of extensions. Though any implementer is allowed to define an extension, there is a set of requirements that SHALL be met as part of the definition of the extension. Applications processing a resource are required to check for modifier extensions."/><comments value="There can be no stigma associated with the use of extensions by any application, project, or standard - regardless of the institution or jurisdiction that uses or defines the extensions.  The use of extensions is what allows the FHIR specification to retain a core level of simplicity for everyone."/><alias value="extensions"/><alias value="user content"/><min value="0"/><max value="*"/><type><code value="Extension"/></type><maxLength value="0"/><mustSupport value="false"/><isModifier value="true"/><isSummary value="false"/><mapping><identity value="rim"/><map value="N/A"/></mapping></element><element id="Organization.identifier"><path value="Organization.identifier"/><name value="Organization.identifier"/><short value="Identifies this organization  across multiple systems"/><definition value="Identifier for the organization that is used to identify the organization across multiple disparate systems."/><requirements value="Organizations are known by a variety of ids. Some institutions maintain several, and most collect identifiers for exchange with other organizations concerning the organization."/><min value="1"/><max value="*"/><base><path value="Organization.identifier"/><min value="0"/><max value="*"/></base><type><code value="Identifier"/></type><maxLength value="0"/><condition value="org-1"/><mustSupport value="false"/><isModifier value="false"/><isSummary value="true"/><mapping><identity value="v2"/><map value="XON.10 / XON.3"/></mapping><mapping><identity value="rim"/><map value=".scopes[Role](classCode=IDENT)"/></mapping><mapping><identity value="servd"/><map value="./Identifiers"/></mapping><mapping><identity value="w5"/><map value="id"/></mapping><mapping><identity value="shr"/><map value="&lt;shr.core.Identifier&gt;"/></mapping></element><element id="Organization.active"><path value="Organization.active"/><name value="Organization.active"/><short value="Whether the organization&#39;s record is still in active use"/><definition value="Whether the organization&#39;s record is still in active use."/><comments value="Default is true."/><requirements value="Need a flag to indicate a record is no longer to be used and should generally be hidden for the user in the UI."/><min value="1"/><max value="1"/><base><path value="Organization.active"/><min value="0"/><max value="1"/></base><type><code value="boolean"/></type><defaultValueBoolean value="true"/><maxLength value="0"/><mustSupport value="false"/><isModifier value="true"/><isSummary value="true"/><mapping><identity value="v2"/><map value="No equivalent in HL7 v2"/></mapping><mapping><identity value="rim"/><map value=".status"/></mapping><mapping><identity value="servd"/><map value="./Status (however this concept in ServD more covers why the organization is active or not, could be delisted, deregistered, not operational yet) this could alternatively be derived from ./StartDate and ./EndDate and given a context date."/></mapping><mapping><identity value="w5"/><map value="status"/></mapping><mapping><identity value="shr"/><map value="&lt;shr.base.Active&gt;"/></mapping></element><element id="Organization.type"><path value="Organization.type"/><name value="Organization.type"/><short value="Kind of organization"/><definition value="The kind of organization that this is."/><comments value="Organizations can be corporations, wards, sections, clinical teams, government departments, etc. Note that code is generally a classifier of the type of organization; in many applications, codes are used to identity a particular organization (say, ward) as opposed to another of the same type - these are identifiers, not codes."/><requirements value="Need to be able to track the kind of organization that this is - different organization types have different uses."/><min value="0"/><max value="1"/><type><code value="CodeableConcept"/></type><maxLength value="0"/><mustSupport value="false"/><isModifier value="false"/><isSummary value="true"/><binding><strength value="example"/><description value="Used to categorize the organization"/><valueSetReference><reference value="http://hl7.org/fhir/ValueSet/organization-type"/></valueSetReference></binding><mapping><identity value="v2"/><map value="No equivalent in v2"/></mapping><mapping><identity value="rim"/><map value=".code"/></mapping><mapping><identity value="servd"/><map value="n/a"/></mapping><mapping><identity value="w5"/><map value="class"/></mapping><mapping><identity value="shr"/><map value="&lt;shr.core.Type&gt;"/></mapping></element><element id="Organization.name"><path value="Organization.name"/><name value="Organization.name"/><short value="Name used for the organization"/><definition value="A name associated with the organization."/><requirements value="Need to use the name as the label of the organization."/><min value="1"/><max value="1"/><base><path value="Organization.name"/><min value="0"/><max value="1"/></base><type><code value="string"/></type><maxLength value="0"/><condition value="org-1"/><mustSupport value="false"/><isModifier value="false"/><isSummary value="true"/><mapping><identity value="v2"/><map value="XON.1"/></mapping><mapping><identity value="rim"/><map value=".name"/></mapping><mapping><identity value="servd"/><map value=".PreferredName/Name"/></mapping><mapping><identity value="shr"/><map value="&lt;shr.entity.OrganizationName&gt;"/></mapping></element><element id="Organization.telecom"><path value="Organization.telecom"/><name value="Organization.telecom"/><short value="A contact detail for the organization"/><definition value="A contact detail for the organization."/><comments value="The use code home is not to be used. Note that these contacts are not the contact details of people who are employed by or represent the organization, but official contacts for the organization itself."/><requirements value="Human contact for the organization."/><min value="1"/><max value="*"/><base><path value="Organization.telecom"/><min value="0"/><max value="*"/></base><type><code value="ContactPoint"/></type><maxLength value="0"/><condition value="org-3"/><constraint><key value="org-3"/><severity value="error"/><human value="The telecom of an organization can never be of use &#39;home&#39;"/><xpath value="count(f:use[@value=&#39;home&#39;]) = 0"/></constraint><mustSupport value="false"/><isModifier value="false"/><isSummary value="false"/><mapping><identity value="v2"/><map value="ORC-22?"/></mapping><mapping><identity value="rim"/><map value=".telecom"/></mapping><mapping><identity value="servd"/><map value="./ContactPoints"/></mapping><mapping><identity value="shr"/><map value="&lt;shr.core.ContactPoint&gt;"/></mapping></element><element id="Organization.address"><path value="Organization.address"/><name value="Organization.address"/><short value="An address for the organization"/><definition value="An address for the organization."/><comments value="Organization may have multiple addresses with different uses or applicable periods. The use code home is not to be used."/><requirements value="May need to keep track of the organization&#39;s addresses for contacting, billing or reporting requirements."/><min value="1"/><max value="*"/><base><path value="Organization.address"/><min value="0"/><max value="*"/></base><type><code value="Address"/></type><maxLength value="0"/><condition value="org-2"/><constraint><key value="org-2"/><severity value="error"/><human value="An address of an organization can never be of use &#39;home&#39;"/><xpath value="count(f:use[@value=&#39;home&#39;]) = 0"/></constraint><mustSupport value="false"/><isModifier value="false"/><isSummary value="false"/><mapping><identity value="v2"/><map value="ORC-23?"/></mapping><mapping><identity value="rim"/><map value=".address"/></mapping><mapping><identity value="servd"/><map value="./PrimaryAddress and ./OtherAddresses"/></mapping><mapping><identity value="shr"/><map value="&lt;shr.core.Address&gt;"/></mapping></element><element id="Organization.partOf"><path value="Organization.partOf"/><name value="Organization.partOf"/><short value="The organization of which this organization forms a part"/><definition value="The organization of which this organization forms a part."/><requirements value="Need to be able to track the hierarchy of organizations within an organization."/><min value="0"/><max value="1"/><type><code value="Reference"/><profile value="http://hl7.org/fhir/us/fhirURL/StructureDefinition/shr-entity-Organization"/></type><maxLength value="0"/><mustSupport value="false"/><isModifier value="false"/><isSummary value="true"/><mapping><identity value="v2"/><map value="No equivalent in HL7 v2"/></mapping><mapping><identity value="rim"/><map value=".playedBy[classCode=Part].scoper"/></mapping><mapping><identity value="servd"/><map value="n/a"/></mapping><mapping><identity value="shr"/><map value="&lt;shr.entity.PartOf&gt;"/></mapping></element><element id="Organization.contact"><path value="Organization.contact"/><name value="Organization.contact"/><short value="Contact for the organization for a certain purpose"/><definition value="Contact for the organization for a certain purpose."/><comments value="Where multiple contacts for the same purpose are provided there is a standard extension that can be used to determine which one is the preferred contact to use."/><requirements value="Need to keep track of assigned contact points within bigger organization."/><min value="0"/><max value="*"/><type><code value="BackboneElement"/></type><maxLength value="0"/><mustSupport value="false"/><isModifier value="false"/><isSummary value="false"/><mapping><identity value="rim"/><map value=".contactParty"/></mapping></element><element id="Organization.contact.id"><path value="Organization.contact.id"/><representation value="xmlAttr"/><name value="Organization.contact.id"/><short value="xml:id (or equivalent in JSON)"/><definition value="unique id for the element within a resource (for internal references)."/><min value="0"/><max value="1"/><type><code value="id"/></type><maxLength value="0"/><mustSupport value="false"/><isModifier value="false"/><isSummary value="false"/><mapping><identity value="rim"/><map value="n/a"/></mapping></element><element id="Organization.contact.extension"><path value="Organization.contact.extension"/><name value="Organization.contact.extension"/><short value="Additional Content defined by implementations"/><definition value="May be used to represent additional information that is not part of the basic definition of the element. In order to make the use of extensions safe and manageable, there is a strict set of governance  applied to the definition and use of extensions. Though any implementer is allowed to define an extension, there is a set of requirements that SHALL be met as part of the definition of the extension."/><comments value="There can be no stigma associated with the use of extensions by any application, project, or standard - regardless of the institution or jurisdiction that uses or defines the extensions.  The use of extensions is what allows the FHIR specification to retain a core level of simplicity for everyone."/><alias value="extensions"/><alias value="user content"/><min value="0"/><max value="*"/><type><code value="Extension"/></type><maxLength value="0"/><mustSupport value="false"/><isModifier value="false"/><isSummary value="false"/><mapping><identity value="rim"/><map value="n/a"/></mapping></element><element id="Organization.contact.modifierExtension"><path value="Organization.contact.modifierExtension"/><name value="Organization.contact.modifierExtension"/><short value="Extensions that cannot be ignored"/><definition value="May be used to represent additional information that is not part of the basic definition of the element, and that modifies the understanding of the element that contains it. Usually modifier elements provide negation or qualification. In order to make the use of extensions safe and manageable, there is a strict set of governance applied to the definition and use of extensions. Though any implementer is allowed to define an extension, there is a set of requirements that SHALL be met as part of the definition of the extension. Applications processing a resource are required to check for modifier extensions."/><comments value="There can be no stigma associated with the use of extensions by any application, project, or standard - regardless of the institution or jurisdiction that uses or defines the extensions.  The use of extensions is what allows the FHIR specification to retain a core level of simplicity for everyone."/><alias value="extensions"/><alias value="user content"/><alias value="modifiers"/><min value="0"/><max value="*"/><type><code value="Extension"/></type><maxLength value="0"/><mustSupport value="false"/><isModifier value="true"/><isSummary value="false"/><mapping><identity value="rim"/><map value="N/A"/></mapping></element><element id="Organization.contact.purpose"><path value="Organization.contact.purpose"/><name value="Organization.contact.purpose"/><short value="The type of contact"/><definition value="Indicates a purpose for which the contact can be reached."/><requirements value="Need to distinguish between multiple contact persons."/><min value="0"/><max value="1"/><type><code value="CodeableConcept"/></type><maxLength value="0"/><mustSupport value="false"/><isModifier value="false"/><isSummary value="false"/><binding><strength value="extensible"/><description value="The purpose for which you would contact a contact party"/><valueSetReference><reference value="http://hl7.org/fhir/ValueSet/contactentity-type"/></valueSetReference></binding><mapping><identity value="rim"/><map value="./type"/></mapping></element><element id="Organization.contact.name"><path value="Organization.contact.name"/><name value="Organization.contact.name"/><short value="A name associated with the contact"/><definition value="A name associated with the contact."/><requirements value="Need to be able to track the person by name."/><min value="0"/><max value="1"/><type><code value="HumanName"/></type><maxLength value="0"/><mustSupport value="false"/><isModifier value="false"/><isSummary value="false"/><mapping><identity value="v2"/><map value="PID-5, PID-9"/></mapping><mapping><identity value="rim"/><map value="./name"/></mapping></element><element id="Organization.contact.telecom"><path value="Organization.contact.telecom"/><name value="Organization.contact.telecom"/><short value="Contact details (telephone, email, etc.)  for a contact"/><definition value="A contact detail (e.g. a telephone number or an email address) by which the party may be contacted."/><requirements value="People have (primary) ways to contact them in some way such as phone, email."/><min value="0"/><max value="*"/><type><code value="ContactPoint"/></type><maxLength value="0"/><mustSupport value="false"/><isModifier value="false"/><isSummary value="false"/><mapping><identity value="v2"/><map value="PID-13, PID-14"/></mapping><mapping><identity value="rim"/><map value="./telecom"/></mapping></element><element id="Organization.contact.address"><path value="Organization.contact.address"/><name value="Organization.contact.address"/><short value="Visiting or postal addresses for the contact"/><definition value="Visiting or postal addresses for the contact."/><requirements value="May need to keep track of a contact party&#39;s address for contacting, billing or reporting requirements."/><min value="0"/><max value="1"/><type><code value="Address"/></type><maxLength value="0"/><mustSupport value="false"/><isModifier value="false"/><isSummary value="false"/><mapping><identity value="v2"/><map value="PID-11"/></mapping><mapping><identity value="rim"/><map value="./addr"/></mapping></element></snapshot><differential><element id="Organization"><path value="Organization"/><name value="Organization"/><short value="shr-entity-Organization"/><definition value="A social or legal structure formed by human beings."/><min value="0"/><type><code value="Organization"/></type><maxLength value="0"/><mustSupport value="false"/><isModifier value="false"/><isSummary value="false"/></element><element id="Organization.id"><path value="Organization.id"/><name value="Organization.id"/><min value="0"/><maxLength value="0"/><mustSupport value="false"/><isModifier value="false"/><isSummary value="false"/><mapping><identity value="shr"/><map value="&lt;_Entry&gt;.&lt;shr.base.EntryId&gt;"/></mapping></element><element id="Organization.meta"><path value="Organization.meta"/><name value="Organization.meta"/><min value="0"/><maxLength value="0"/><mustSupport value="false"/><isModifier value="false"/><isSummary value="false"/></element><element id="Organization.meta.versionId"><path value="Organization.meta.versionId"/><name value="Organization.meta.versionId"/><min value="0"/><maxLength value="0"/><mustSupport value="false"/><isModifier value="false"/><isSummary value="false"/><mapping><identity value="shr"/><map value="&lt;shr.base.Metadata&gt;.&lt;shr.base.VersionId&gt;"/></mapping></element><element id="Organization.meta.lastUpdated"><path value="Organization.meta.lastUpdated"/><name value="Organization.meta.lastUpdated"/><min value="0"/><maxLength value="0"/><mustSupport value="false"/><isModifier value="false"/><isSummary value="false"/><mapping><identity value="shr"/><map value="&lt;shr.base.Metadata&gt;.&lt;shr.base.LastUpdated&gt;"/></mapping></element><element id="Organization.meta.security"><path value="Organization.meta.security"/><name value="Organization.meta.security"/><min value="0"/><maxLength value="0"/><mustSupport value="false"/><isModifier value="false"/><isSummary value="false"/><mapping><identity value="shr"/><map value="&lt;shr.base.Metadata&gt;.&lt;shr.base.SecurityLabel&gt;"/></mapping></element><element id="Organization.meta.tag"><path value="Organization.meta.tag"/><name value="Organization.meta.tag"/><min value="0"/><maxLength value="0"/><mustSupport value="false"/><isModifier value="false"/><isSummary value="false"/><mapping><identity value="shr"/><map value="&lt;shr.base.Metadata&gt;.&lt;shr.base.Tag&gt;"/></mapping></element><element id="Organization.implicitRules"><path value="Organization.implicitRules"/><name value="Organization.implicitRules"/><min value="0"/><maxLength value="0"/><mustSupport value="false"/><isModifier value="false"/><isSummary value="false"/><mapping><identity value="shr"/><map value="&lt;shr.base.ImplicitRules&gt;"/></mapping></element><element id="Organization.language"><path value="Organization.language"/><name value="Organization.language"/><min value="0"/><maxLength value="0"/><mustSupport value="false"/><isModifier value="false"/><isSummary value="false"/><mapping><identity value="shr"/><map value="&lt;shr.base.Language&gt;"/></mapping></element><element id="Organization.text"><path value="Organization.text"/><name value="Organization.text"/><min value="0"/><maxLength value="0"/><mustSupport value="false"/><isModifier value="false"/><isSummary value="false"/><mapping><identity value="shr"/><map value="&lt;shr.base.Narrative&gt;"/></mapping></element><element id="Organization.identifier"><path value="Organization.identifier"/><name value="Organization.identifier"/><min value="1"/><max value="*"/><base><path value="Organization.identifier"/><min value="0"/><max value="*"/></base><maxLength value="0"/><mustSupport value="false"/><isModifier value="false"/><isSummary value="false"/><mapping><identity value="shr"/><map value="&lt;shr.core.Identifier&gt;"/></mapping></element><element id="Organization.active"><path value="Organization.active"/><name value="Organization.active"/><min value="1"/><max value="1"/><base><path value="Organization.active"/><min value="0"/><max value="1"/></base><maxLength value="0"/><mustSupport value="false"/><isModifier value="false"/><isSummary value="false"/><mapping><identity value="shr"/><map value="&lt;shr.base.Active&gt;"/></mapping></element><element id="Organization.type"><path value="Organization.type"/><name value="Organization.type"/><min value="0"/><maxLength value="0"/><mustSupport value="false"/><isModifier value="false"/><isSummary value="false"/><mapping><identity value="shr"/><map value="&lt;shr.core.Type&gt;"/></mapping></element><element id="Organization.name"><path value="Organization.name"/><name value="Organization.name"/><min value="1"/><max value="1"/><base><path value="Organization.name"/><min value="0"/><max value="1"/></base><maxLength value="0"/><mustSupport value="false"/><isModifier value="false"/><isSummary value="false"/><mapping><identity value="shr"/><map value="&lt;shr.entity.OrganizationName&gt;"/></mapping></element><element id="Organization.telecom"><path value="Organization.telecom"/><name value="Organization.telecom"/><min value="1"/><max value="*"/><base><path value="Organization.telecom"/><min value="0"/><max value="*"/></base><maxLength value="0"/><mustSupport value="false"/><isModifier value="false"/><isSummary value="false"/><mapping><identity value="shr"/><map value="&lt;shr.core.ContactPoint&gt;"/></mapping></element><element id="Organization.address"><path value="Organization.address"/><name value="Organization.address"/><min value="1"/><max value="*"/><base><path value="Organization.address"/><min value="0"/><max value="*"/></base><maxLength value="0"/><mustSupport value="false"/><isModifier value="false"/><isSummary value="false"/><mapping><identity value="shr"/><map value="&lt;shr.core.Address&gt;"/></mapping></element><element id="Organization.partOf"><path value="Organization.partOf"/><name value="Organization.partOf"/><min value="0"/><type><code value="Reference"/><profile value="http://hl7.org/fhir/us/fhirURL/StructureDefinition/shr-entity-Organization"/></type><maxLength value="0"/><mustSupport value="false"/><isModifier value="false"/><isSummary value="false"/><mapping><identity value="shr"/><map value="&lt;shr.entity.PartOf&gt;"/></mapping></element></differential></StructureDefinition>