<?xml version="1.0" encoding="UTF-8"?><ValueSet xmlns="http://hl7.org/fhir"><id value="oncocore-basic-resource-type-vs"/><text><status value="generated"/><div xmlns="http://www.w3.org/1999/xhtml">
<p><b>oncocore Basic Resource Type ValueSet</b></p>
<p>Codes representing profiles on the Basic resource.</p>
</div></text><url value="http://hl7.org/fhir/us/fhirURL/ValueSet/oncocore-basic-resource-type-vs"/><identifier><system value="http://hl7.org/fhir/us/projectURL"/><value value="oncocore-basic-resource-type-vs"/></identifier><version value="0.2.0"/><name value="oncocore Basic Resource Type ValueSet"/><status value="draft"/><publisher value="The MITRE Corporation"/><contact><telecom><system value="other"/><value value="http://www.hl7.org/Special/committees/cic/index.cfm"/><rank value="0"/></telecom></contact><date value="2019-02-07T00:00:00-05:00"/><description value="Codes representing profiles on the Basic resource."/><immutable value="false"/><codeSystem><system value="oncocore-basic-resource-type"/><caseSensitive value="true"/><concept><code value="shr-entity-SpecimenTreatment"/><display value="shr-entity-SpecimenTreatment"/></concept><concept><code value="shr-entity-Person"/><display value="shr-entity-Person"/></concept></codeSystem></ValueSet>