{
  "resourceType": "ValueSet",
  "id": "shr-core-ClockDirectionVS",
  "text": {
    "status": "generated",
    "div": "<div xmlns=\"http://www.w3.org/1999/xhtml\">\n<p><b>ClockDirectionVS ValueSet</b></p>\n<p>The relative direction of an object described using the analogy of a 12-hour clock to describe angles and directions. One imagines a clock face lying either upright or flat in front of oneself, and identifies the twelve hour markings with the directions in which they point.</p>\n</div>"
  },
  "url": "http://hl7.org/fhir/us/projectURL/shr/core/vs/ClockDirectionVS",
  "identifier": {
    "system": "http://hl7.org/fhir/us/projectURL",
    "value": "shr.core.ClockDirectionVS"
  },
  "version": "0.2.0",
  "name": "ClockDirectionVS",
  "status": "draft",
  "publisher": "The MITRE Corporation",
  "contact": [
    {
      "telecom": [
        {
          "system": "other",
          "value": "http://www.hl7.org/Special/committees/cic/index.cfm",
          "rank": 0
        }
      ]
    }
  ],
  "date": "2019-02-07T00:00:00-05:00",
  "description": "The relative direction of an object described using the analogy of a 12-hour clock to describe angles and directions. One imagines a clock face lying either upright or flat in front of oneself, and identifies the twelve hour markings with the directions in which they point.",
  "immutable": false,
  "compose": {
    "include": [
      {
        "system": "http://snomed.info/sct",
        "filter": [
          {
            "property": "concept",
            "op": "is-a",
            "value": "272485000"
          }
        ]
      }
    ]
  }
}