<?xml version="1.0" encoding="UTF-8"?>

<Observation xmlns="http://hl7.org/fhir">
  <id value="mCODETNMClinicalDistantMetastasesCategoryExample02"/>
  <meta>
    <profile value="http://hl7.org/fhir/us/mcode/StructureDefinition/onco-core-TNMClinicalDistantMetastasesCategory"/>
  </meta>
  <text>
    <status value="generated"/><div xmlns="http://www.w3.org/1999/xhtml"><p><b>*** mCODE Example: TNM Distant Metastases Category ***</b></p><p><b>Name</b>: Eve M. Anyperson </p><p><b>MRN</b>: m456 </p><p><b>Date</b>: 05/01/19 </p><p><b>Cancer staging system</b>: AJCC Version 8</p><p><b>M Category</b>: cM0</p></div>
  </text>
  <extension url="http://hl7.org/fhir/us/mcode/StructureDefinition/onco-core-PrimaryCancerCondition-extension">
    <valueReference>
      <reference value="Condition/mCODEPrimaryCancerConditionExample02"/>
    </valueReference>
  </extension>
  <status value="final"/>
  <category>
    <coding>
      <system value="http://terminology.hl7.org/CodeSystem/observation-category"/>
      <code value="laboratory"/>
    </coding>
  </category>
  <code>
    <coding>
      <system value="http://loinc.org"/>
      <code value="21907-1"/>
      <display value="Distant metastases.clinical [Class] Cancer"/>
    </coding>
  </code>
  <subject>
    <reference value="Patient/mCODEPatientExample02"/>
    <display value="Eve m. Anyperson"/>
  </subject>
  <effectiveDateTime value="2019-05-01"/>
  <valueCodeableConcept>
    <coding>
      <system value="http://cancerstaging.org"/>
      <code value="cM0"/>
      <display value="cM0"/>
    </coding>
  </valueCodeableConcept>
  <method>
    <text value="AJCC Version 8"/>
  </method>
</Observation>