<?xml version="1.0" encoding="UTF-8"?>

<Observation xmlns="http://hl7.org/fhir">
  <id value="mCODETNMClinicalPrimaryTumorCategoryExample01"/>
  <meta>
    <profile value="http://hl7.org/fhir/us/shr/StructureDefinition/onco-core-TNMClinicalPrimaryTumorCategory"/>
  </meta>
  <text>
    <status value="generated"/><div xmlns="http://www.w3.org/1999/xhtml"><p><b>*** mCODE Example: TNM Primary Tumor Category ***</b></p><p><b>Name</b>: John B. Anyperson </p><p><b>MRN</b>: m123 </p><p><b>Date</b>: 04/01/19 </p><p><b>Cancer staging system</b>: AJCC Version 8</p><p><b>T category</b>: T3</p></div>
  </text>
  <extension url="http://hl7.org/fhir/us/shr/StructureDefinition/onco-core-PrimaryCancerCondition-extension"/>
  <status value="final"/>
  <category>
    <coding>
      <system value="http://terminology.hl7.org/CodeSystem/observation-category"/>
      <code value="laboratory"/>
    </coding>
  </category>
  <code>
    <coding>
      <system value="http://loinc.org"/>
      <code value="21905-5"/>
      <display value="Primary tumor.clinical [Class] Cancer"/>
    </coding>
  </code>
  <subject>
    <reference value="Patient/mCODEPatientExample01"/>
    <display value="John B. Anyperson"/>
  </subject>
  <effectiveDateTime value="2019-04-01"/>
  <valueCodeableConcept>
    <coding>
      <system value="https://cancerstaging.org"/>
      <code value="T3"/>
      <display value="T3"/>
    </coding>
  </valueCodeableConcept>
  <method>
    <text value="AJCC Version 8"/>
  </method>
</Observation>