<?xml version="1.0" encoding="UTF-8"?>

<StructureDefinition xmlns="http://hl7.org/fhir">
  <id value="shr-core-Location"/>
  <text>
    <status value="generated"/><div xmlns="http://www.w3.org/1999/xhtml">
  <p><b>Location Profile</b></p>
  <p>Services and space and equipment provided for a particular purpose; a building or place that provides a particular service or is used for a particular industry. Could be a clinical site, community site, or a mobile facility.</p>
  <p><b>Mapping Summary</b></p>
  <p><pre>shr.core.Location maps to Location:
  _Entry.EntryId maps to id
  Language maps to language
  Narrative maps to text
  ImplicitRules maps to implicitRules
  Metadata.VersionId maps to meta.versionId
  Metadata.Profile maps to meta.profile
  Metadata.LastUpdated maps to meta.lastUpdated
  Metadata.SecurityLabel maps to meta.security
  Metadata.Tag maps to meta.tag
  Identifier maps to identifier
  Status maps to status
  OperationalStatus maps to extension
  LocationName maps to name
  Alias maps to extension
  CommentOrDescription maps to description
  Mode maps to mode
  Type maps to type
  ContactPoint maps to telecom
  Address maps to address
  PhysicalType maps to physicalType
  Geoposition.Latitude maps to position.latitude
  Geoposition.Longitude maps to position.longitude
  Geoposition.Altitude maps to position.altitude
  ManagingOrganization maps to managingOrganization
  MobileFacility maps to extension
  PartOf maps to partOf
</pre></p>
</div>
  </text>
  <url value="http://hl7.org/fhir/us/shr/StructureDefinition/shr-core-Location"/>
  <identifier>
    <system value="http://hl7.org/fhir/us/mcode"/>
    <value value="shr.core.Location"/>
  </identifier>
  <version value="0.9.0 Beta 1"/>
  <name value="Location"/>
  <display value="shr-core-Location"/>
  <status value="draft"/>
  <publisher value="The MITRE Corporation"/>
  <contact>
    <telecom>
      <system value="other"/>
      <value value="http://standardhealthrecord.org"/>
      <rank value="0"/>
    </telecom>
  </contact>
  <date value="2019-04-10T00:00:00-04:00"/>
  <description value="Services and space and equipment provided for a particular purpose; a building or place that provides a particular service or is used for a particular industry. Could be a clinical site, community site, or a mobile facility."/>
  <code>
    <system value="http://ncimeta.nci.nih.gov"/>
    <code value="C1547538"/>
    <userSelected value="false"/>
  </code>
  <fhirVersion value="1.0.2"/>
  <mapping>
    <identity value="rim"/>
    <uri value="http://hl7.org/v3"/>
    <name value="RIM"/>
  </mapping>
  <mapping>
    <identity value="w5"/>
    <uri value="http://hl7.org/fhir/w5"/>
    <name value="W5 Mapping"/>
  </mapping>
  <kind value="resource"/>
  <constrainedType value="Location"/>
  <abstract value="false"/>
  <base value="http://hl7.org/fhir/StructureDefinition/Location"/>
  <snapshot>
    <element id="Location">
      <path value="Location"/>
      <name value="Location"/>
      <short value="shr-core-Location"/>
      <definition value="Services and space and equipment provided for a particular purpose; a building or place that provides a particular service or is used for a particular industry. Could be a clinical site, community site, or a mobile facility."/>
      <min value="0"/>
      <max value="*"/>
      <type>
        <code value="Location"/>
      </type>
      <maxLength value="0"/>
      <mustSupport value="false"/>
      <isModifier value="false"/>
      <isSummary value="false"/>
      <mapping>
        <identity value="rim"/>
        <map value=".Role[classCode=SDLC]"/>
      </mapping>
      <mapping>
        <identity value="w5"/>
        <map value="administrative.entity"/>
      </mapping>
    </element>
    <element id="Location.id">
      <path value="Location.id"/>
      <name value="Location.id"/>
      <short value="Logical id of this artifact"/>
      <definition value="The logical id of the resource, as used in the URL for the resource. Once assigned, this value never changes."/>
      <comments value="The only time that a resource does not have an id is when it is being submitted to the server using a create operation. Bundles always have an id, though it is usually a generated UUID."/>
      <min value="0"/>
      <max value="1"/>
      <type>
        <code value="id"/>
      </type>
      <maxLength value="0"/>
      <mustSupport value="false"/>
      <isModifier value="false"/>
      <isSummary value="true"/>
    </element>
    <element id="Location.meta">
      <path value="Location.meta"/>
      <name value="Location.meta"/>
      <short value="Metadata about the resource"/>
      <definition value="The metadata about the resource. This is content that is maintained by the infrastructure. Changes to the content may not always be associated with version changes to the resource."/>
      <min value="0"/>
      <max value="1"/>
      <type>
        <code value="Meta"/>
      </type>
      <maxLength value="0"/>
      <mustSupport value="false"/>
      <isModifier value="false"/>
      <isSummary value="true"/>
    </element>
    <element id="Location.implicitRules">
      <path value="Location.implicitRules"/>
      <name value="Location.implicitRules"/>
      <short value="A set of rules under which this content was created"/>
      <definition value="A reference to a set of rules that were followed when the resource was constructed, and which must be understood when processing the content."/>
      <comments value="Asserting this rule set restricts the content to be only understood by a limited set of trading partners. This inherently limits the usefulness of the data in the long term. However, the existing health eco-system is highly fractured, and not yet ready to define, collect, and exchange data in a generally computable sense. Wherever possible, implementers and/or specification writers should avoid using this element as much as possible."/>
      <min value="0"/>
      <max value="1"/>
      <type>
        <code value="uri"/>
      </type>
      <maxLength value="0"/>
      <mustSupport value="false"/>
      <isModifier value="true"/>
      <isSummary value="true"/>
    </element>
    <element id="Location.language">
      <path value="Location.language"/>
      <name value="Location.language"/>
      <short value="Language of the resource content"/>
      <definition value="The base language in which the resource is written."/>
      <comments value="Language is provided to support indexing and accessibility (typically, services such as text to speech use the language tag). The html language tag in the narrative applies  to the narrative. The language tag on the resource may be used to specify the language of other presentations generated from the data in the resource  Not all the content has to be in the base language. The Resource.language should not be assumed to apply to the narrative automatically. If a language is specified, it should it also be specified on the div element in the html (see rules in HTML5 for information about the relationship between xml:lang and the html lang attribute)."/>
      <min value="0"/>
      <max value="1"/>
      <type>
        <code value="code"/>
      </type>
      <maxLength value="0"/>
      <mustSupport value="false"/>
      <isModifier value="false"/>
      <isSummary value="false"/>
      <binding>
        <strength value="required"/>
        <description value="A human language."/>
        <valueSetReference>
          <reference value="http://tools.ietf.org/html/bcp47"/>
        </valueSetReference>
      </binding>
    </element>
    <element id="Location.text">
      <path value="Location.text"/>
      <name value="Location.text"/>
      <short value="Text summary of the resource, for human interpretation"/>
      <definition value="A human-readable narrative that contains a summary of the resource, and may be used to represent the content of the resource to a human. The narrative need not encode all the structured data, but is required to contain sufficient detail to make it &quot;clinically safe&quot; for a human to just read the narrative. Resource definitions may define what content should be represented in the narrative to ensure clinical safety."/>
      <comments value="Contained resources do not have narrative. Resources that are not contained SHOULD have a narrative."/>
      <alias value="narrative"/>
      <alias value="html"/>
      <alias value="xhtml"/>
      <alias value="display"/>
      <min value="0"/>
      <max value="1"/>
      <type>
        <code value="Narrative"/>
      </type>
      <maxLength value="0"/>
      <condition value="dom-1"/>
      <mustSupport value="false"/>
      <isModifier value="false"/>
      <isSummary value="false"/>
      <mapping>
        <identity value="rim"/>
        <map value="Act.text?"/>
      </mapping>
    </element>
    <element id="Location.contained">
      <path value="Location.contained"/>
      <name value="Location.contained"/>
      <short value="Contained, inline Resources"/>
      <definition value="These resources do not have an independent existence apart from the resource that contains them - they cannot be identified independently, and nor can they have their own independent transaction scope."/>
      <comments value="This should never be done when the content can be identified properly, as once identification is lost, it is extremely difficult (and context dependent) to restore it again."/>
      <alias value="inline resources"/>
      <alias value="anonymous resources"/>
      <alias value="contained resources"/>
      <min value="0"/>
      <max value="*"/>
      <type>
        <code value="Resource"/>
      </type>
      <maxLength value="0"/>
      <mustSupport value="false"/>
      <isModifier value="false"/>
      <isSummary value="false"/>
      <mapping>
        <identity value="rim"/>
        <map value="N/A"/>
      </mapping>
    </element>
    <element id="Location.extension">
      <path value="Location.extension"/>
      <name value="Location.extension"/>
      <slicing id="1">
        <discriminator value="url"/>
        <ordered value="false"/>
        <rules value="open"/>
      </slicing>
      <short value="Additional Content defined by implementations"/>
      <definition value="May be used to represent additional information that is not part of the basic definition of the resource. In order to make the use of extensions safe and manageable, there is a strict set of governance  applied to the definition and use of extensions. Though any implementer is allowed to define an extension, there is a set of requirements that SHALL be met as part of the definition of the extension."/>
      <comments value="There can be no stigma associated with the use of extensions by any application, project, or standard - regardless of the institution or jurisdiction that uses or defines the extensions.  The use of extensions is what allows the FHIR specification to retain a core level of simplicity for everyone."/>
      <alias value="extensions"/>
      <alias value="user content"/>
      <min value="0"/>
      <max value="*"/>
      <type>
        <code value="Extension"/>
      </type>
      <maxLength value="0"/>
      <mustSupport value="false"/>
      <isModifier value="false"/>
      <isSummary value="false"/>
      <mapping>
        <identity value="rim"/>
        <map value="N/A"/>
      </mapping>
    </element>
    <element id="operationalstatus">
      <path value="Location.extension"/>
      <name value="operationalstatus"/>
      <definition value="The operational status covers operation values most relevant to beds (but can also apply to rooms/units/chairs/etc. such as an isolation unit/dialysis chair). This typically covers concepts such as contamination, housekeeping, and other activities like maintenance."/>
      <min value="0"/>
      <max value="1"/>
      <base>
        <path value="Location.extension"/>
        <min value="0"/>
        <max value="*"/>
      </base>
      <type>
        <code value="Extension"/>
        <profile value="http://hl7.org/fhir/us/shr/StructureDefinition/shr-core-OperationalStatus-extension"/>
      </type>
      <maxLength value="0"/>
      <mustSupport value="false"/>
      <isModifier value="false"/>
      <isSummary value="false"/>
    </element>
    <element id="alias">
      <path value="Location.extension"/>
      <name value="alias"/>
      <definition value="A list of alternate names the subject is or was known as."/>
      <min value="0"/>
      <max value="*"/>
      <base>
        <path value="Location.extension"/>
        <min value="0"/>
        <max value="*"/>
      </base>
      <type>
        <code value="Extension"/>
        <profile value="http://hl7.org/fhir/us/shr/StructureDefinition/shr-core-Alias-extension"/>
      </type>
      <maxLength value="0"/>
      <mustSupport value="false"/>
      <isModifier value="false"/>
      <isSummary value="false"/>
    </element>
    <element id="mobilefacility">
      <path value="Location.extension"/>
      <name value="mobilefacility"/>
      <definition value="A facility that moves from place to place, such as Meals-On-Wheels."/>
      <min value="0"/>
      <max value="1"/>
      <base>
        <path value="Location.extension"/>
        <min value="0"/>
        <max value="*"/>
      </base>
      <type>
        <code value="Extension"/>
        <profile value="http://hl7.org/fhir/us/shr/StructureDefinition/shr-core-MobileFacility-extension"/>
      </type>
      <maxLength value="0"/>
      <mustSupport value="false"/>
      <isModifier value="false"/>
      <isSummary value="false"/>
    </element>
    <element id="Location.modifierExtension">
      <path value="Location.modifierExtension"/>
      <name value="Location.modifierExtension"/>
      <short value="Extensions that cannot be ignored"/>
      <definition value="May be used to represent additional information that is not part of the basic definition of the resource, and that modifies the understanding of the element that contains it. Usually modifier elements provide negation or qualification. In order to make the use of extensions safe and manageable, there is a strict set of governance applied to the definition and use of extensions. Though any implementer is allowed to define an extension, there is a set of requirements that SHALL be met as part of the definition of the extension. Applications processing a resource are required to check for modifier extensions."/>
      <comments value="There can be no stigma associated with the use of extensions by any application, project, or standard - regardless of the institution or jurisdiction that uses or defines the extensions.  The use of extensions is what allows the FHIR specification to retain a core level of simplicity for everyone."/>
      <alias value="extensions"/>
      <alias value="user content"/>
      <min value="0"/>
      <max value="*"/>
      <type>
        <code value="Extension"/>
      </type>
      <maxLength value="0"/>
      <mustSupport value="false"/>
      <isModifier value="true"/>
      <isSummary value="false"/>
      <mapping>
        <identity value="rim"/>
        <map value="N/A"/>
      </mapping>
    </element>
    <element id="Location.identifier">
      <path value="Location.identifier"/>
      <name value="Location.identifier"/>
      <short value="Unique code or number identifying the location to its users"/>
      <definition value="Unique code or number identifying the location to its users."/>
      <requirements value="Organization label locations in registries, need to keep track of those."/>
      <min value="0"/>
      <max value="*"/>
      <type>
        <code value="Identifier"/>
      </type>
      <maxLength value="0"/>
      <mustSupport value="false"/>
      <isModifier value="false"/>
      <isSummary value="true"/>
      <mapping>
        <identity value="rim"/>
        <map value=".id"/>
      </mapping>
      <mapping>
        <identity value="w5"/>
        <map value="id"/>
      </mapping>
    </element>
    <element id="Location.status">
      <path value="Location.status"/>
      <name value="Location.status"/>
      <short value="active | suspended | inactive"/>
      <definition value="active | suspended | inactive."/>
      <min value="0"/>
      <max value="1"/>
      <type>
        <code value="code"/>
      </type>
      <maxLength value="0"/>
      <mustSupport value="false"/>
      <isModifier value="true"/>
      <isSummary value="true"/>
      <binding>
        <strength value="required"/>
        <description value="Indicates whether the location is still in use."/>
        <valueSetReference>
          <reference value="http://hl7.org/fhir/ValueSet/location-status"/>
        </valueSetReference>
      </binding>
      <mapping>
        <identity value="rim"/>
        <map value=".statusCode"/>
      </mapping>
      <mapping>
        <identity value="w5"/>
        <map value="status"/>
      </mapping>
    </element>
    <element id="Location.name">
      <path value="Location.name"/>
      <name value="Location.name"/>
      <short value="Name of the location as used by humans"/>
      <definition value="Name of the location as used by humans. Does not need to be unique."/>
      <min value="1"/>
      <max value="1"/>
      <base>
        <path value="Location.name"/>
        <min value="0"/>
        <max value="1"/>
      </base>
      <type>
        <code value="string"/>
      </type>
      <maxLength value="0"/>
      <mustSupport value="false"/>
      <isModifier value="false"/>
      <isSummary value="true"/>
      <mapping>
        <identity value="rim"/>
        <map value=".name"/>
      </mapping>
    </element>
    <element id="Location.description">
      <path value="Location.description"/>
      <name value="Location.description"/>
      <short value="Description of the location"/>
      <definition value="Description of the Location, which helps in finding or referencing the place."/>
      <requirements value="Humans need additional information to verify a correct location has been identified."/>
      <min value="0"/>
      <max value="1"/>
      <type>
        <code value="string"/>
      </type>
      <maxLength value="0"/>
      <mustSupport value="false"/>
      <isModifier value="false"/>
      <isSummary value="true"/>
      <mapping>
        <identity value="rim"/>
        <map value=".playingEntity[classCode=PLC determinerCode=INSTANCE].desc"/>
      </mapping>
    </element>
    <element id="Location.mode">
      <path value="Location.mode"/>
      <name value="Location.mode"/>
      <short value="instance | kind"/>
      <definition value="Indicates whether a resource instance represents a specific location or a class of locations."/>
      <requirements value="When using a Location resource for scheduling or orders, we need to be able to refer to a class of Locations instead of a specific Location."/>
      <min value="0"/>
      <max value="1"/>
      <type>
        <code value="code"/>
      </type>
      <maxLength value="0"/>
      <mustSupport value="false"/>
      <isModifier value="true"/>
      <isSummary value="true"/>
      <binding>
        <strength value="required"/>
        <description value="Indicates whether a resource instance represents a specific location or a class of locations."/>
        <valueSetReference>
          <reference value="http://hl7.org/fhir/ValueSet/location-mode"/>
        </valueSetReference>
      </binding>
      <mapping>
        <identity value="rim"/>
        <map value=".playingEntity[classCode=PLC].determinerCode"/>
      </mapping>
      <mapping>
        <identity value="w5"/>
        <map value="class"/>
      </mapping>
    </element>
    <element id="Location.type">
      <path value="Location.type"/>
      <name value="Location.type"/>
      <short value="Type of function performed"/>
      <definition value="Indicates the type of function performed at the location."/>
      <min value="1"/>
      <max value="1"/>
      <base>
        <path value="Location.type"/>
        <min value="0"/>
        <max value="1"/>
      </base>
      <type>
        <code value="CodeableConcept"/>
      </type>
      <maxLength value="0"/>
      <mustSupport value="false"/>
      <isModifier value="false"/>
      <isSummary value="true"/>
      <binding>
        <strength value="extensible"/>
        <description value="Indicates the type of function performed at the location."/>
        <valueSetReference>
          <reference value="http://hl7.org/fhir/ValueSet/v3-ServiceDeliveryLocationRoleType"/>
        </valueSetReference>
      </binding>
      <mapping>
        <identity value="rim"/>
        <map value=".code"/>
      </mapping>
      <mapping>
        <identity value="w5"/>
        <map value="class"/>
      </mapping>
    </element>
    <element id="Location.telecom">
      <path value="Location.telecom"/>
      <name value="Location.telecom"/>
      <short value="Contact details of the location"/>
      <definition value="The contact details of communication devices available at the location. This can include phone numbers, fax numbers, mobile numbers, email addresses and web sites."/>
      <min value="0"/>
      <max value="*"/>
      <type>
        <code value="ContactPoint"/>
      </type>
      <maxLength value="0"/>
      <mustSupport value="false"/>
      <isModifier value="false"/>
      <isSummary value="false"/>
      <mapping>
        <identity value="rim"/>
        <map value=".telecom"/>
      </mapping>
    </element>
    <element id="Location.address">
      <path value="Location.address"/>
      <name value="Location.address"/>
      <short value="Physical location"/>
      <definition value="Physical location."/>
      <comments value="This was kept as 0..1 as there is no use property on the address, so wouldn&#39;t be able to identify different address types."/>
      <requirements value="If locations can be visited, we need to keep track of their address."/>
      <min value="0"/>
      <max value="1"/>
      <type>
        <code value="Address"/>
      </type>
      <maxLength value="0"/>
      <mustSupport value="false"/>
      <isModifier value="false"/>
      <isSummary value="false"/>
      <mapping>
        <identity value="rim"/>
        <map value=".addr"/>
      </mapping>
    </element>
    <element id="Location.physicalType">
      <path value="Location.physicalType"/>
      <name value="Location.physicalType"/>
      <short value="Physical form of the location"/>
      <definition value="Physical form of the location, e.g. building, room, vehicle, road."/>
      <requirements value="For purposes of showing relevant locations in queries, we need to categorize locations."/>
      <min value="0"/>
      <max value="1"/>
      <type>
        <code value="CodeableConcept"/>
      </type>
      <maxLength value="0"/>
      <mustSupport value="false"/>
      <isModifier value="false"/>
      <isSummary value="true"/>
      <binding>
        <strength value="example"/>
        <description value="Physical form of the location"/>
        <valueSetReference>
          <reference value="http://hl7.org/fhir/ValueSet/location-physical-type"/>
        </valueSetReference>
      </binding>
      <mapping>
        <identity value="rim"/>
        <map value=".playingEntity [classCode=PLC].code"/>
      </mapping>
      <mapping>
        <identity value="w5"/>
        <map value="class"/>
      </mapping>
    </element>
    <element id="Location.position">
      <path value="Location.position"/>
      <name value="Location.position"/>
      <short value="The absolute geographic location"/>
      <definition value="The absolute geographic location of the Location, expressed using the WGS84 datum (This is the same co-ordinate system used in KML)."/>
      <requirements value="For mobile applications and automated route-finding knowing the exact location of the Location is required."/>
      <min value="0"/>
      <max value="1"/>
      <type>
        <code value="BackboneElement"/>
      </type>
      <maxLength value="0"/>
      <mustSupport value="false"/>
      <isModifier value="false"/>
      <isSummary value="false"/>
      <mapping>
        <identity value="rim"/>
        <map value=".playingEntity [classCode=PLC determinerCode=INSTANCE].positionText"/>
      </mapping>
    </element>
    <element id="Location.position.id">
      <path value="Location.position.id"/>
      <representation value="xmlAttr"/>
      <name value="Location.position.id"/>
      <short value="xml:id (or equivalent in JSON)"/>
      <definition value="unique id for the element within a resource (for internal references)."/>
      <min value="0"/>
      <max value="1"/>
      <type>
        <code value="id"/>
      </type>
      <maxLength value="0"/>
      <mustSupport value="false"/>
      <isModifier value="false"/>
      <isSummary value="false"/>
      <mapping>
        <identity value="rim"/>
        <map value="n/a"/>
      </mapping>
    </element>
    <element id="Location.position.extension">
      <path value="Location.position.extension"/>
      <name value="Location.position.extension"/>
      <short value="Additional Content defined by implementations"/>
      <definition value="May be used to represent additional information that is not part of the basic definition of the element. In order to make the use of extensions safe and manageable, there is a strict set of governance  applied to the definition and use of extensions. Though any implementer is allowed to define an extension, there is a set of requirements that SHALL be met as part of the definition of the extension."/>
      <comments value="There can be no stigma associated with the use of extensions by any application, project, or standard - regardless of the institution or jurisdiction that uses or defines the extensions.  The use of extensions is what allows the FHIR specification to retain a core level of simplicity for everyone."/>
      <alias value="extensions"/>
      <alias value="user content"/>
      <min value="0"/>
      <max value="*"/>
      <type>
        <code value="Extension"/>
      </type>
      <maxLength value="0"/>
      <mustSupport value="false"/>
      <isModifier value="false"/>
      <isSummary value="false"/>
      <mapping>
        <identity value="rim"/>
        <map value="n/a"/>
      </mapping>
    </element>
    <element id="Location.position.modifierExtension">
      <path value="Location.position.modifierExtension"/>
      <name value="Location.position.modifierExtension"/>
      <short value="Extensions that cannot be ignored"/>
      <definition value="May be used to represent additional information that is not part of the basic definition of the element, and that modifies the understanding of the element that contains it. Usually modifier elements provide negation or qualification. In order to make the use of extensions safe and manageable, there is a strict set of governance applied to the definition and use of extensions. Though any implementer is allowed to define an extension, there is a set of requirements that SHALL be met as part of the definition of the extension. Applications processing a resource are required to check for modifier extensions."/>
      <comments value="There can be no stigma associated with the use of extensions by any application, project, or standard - regardless of the institution or jurisdiction that uses or defines the extensions.  The use of extensions is what allows the FHIR specification to retain a core level of simplicity for everyone."/>
      <alias value="extensions"/>
      <alias value="user content"/>
      <alias value="modifiers"/>
      <min value="0"/>
      <max value="*"/>
      <type>
        <code value="Extension"/>
      </type>
      <maxLength value="0"/>
      <mustSupport value="false"/>
      <isModifier value="true"/>
      <isSummary value="false"/>
      <mapping>
        <identity value="rim"/>
        <map value="N/A"/>
      </mapping>
    </element>
    <element id="Location.position.longitude">
      <path value="Location.position.longitude"/>
      <name value="Location.position.longitude"/>
      <short value="Longitude with WGS84 datum"/>
      <definition value="Longitude. The value domain and the interpretation are the same as for the text of the longitude element in KML (see notes below)."/>
      <min value="1"/>
      <max value="1"/>
      <type>
        <code value="decimal"/>
      </type>
      <maxLength value="0"/>
      <mustSupport value="false"/>
      <isModifier value="false"/>
      <isSummary value="false"/>
      <mapping>
        <identity value="rim"/>
        <map value="(RIM Opted not to map the sub-elements of GPS location, is now an OBS)"/>
      </mapping>
    </element>
    <element id="Location.position.latitude">
      <path value="Location.position.latitude"/>
      <name value="Location.position.latitude"/>
      <short value="Latitude with WGS84 datum"/>
      <definition value="Latitude. The value domain and the interpretation are the same as for the text of the latitude element in KML (see notes below)."/>
      <min value="1"/>
      <max value="1"/>
      <type>
        <code value="decimal"/>
      </type>
      <maxLength value="0"/>
      <mustSupport value="false"/>
      <isModifier value="false"/>
      <isSummary value="false"/>
      <mapping>
        <identity value="rim"/>
        <map value="(RIM Opted not to map the sub-elements of GPS location, is now an OBS)"/>
      </mapping>
    </element>
    <element id="Location.position.altitude">
      <path value="Location.position.altitude"/>
      <name value="Location.position.altitude"/>
      <short value="Altitude with WGS84 datum"/>
      <definition value="Altitude. The value domain and the interpretation are the same as for the text of the altitude element in KML (see notes below)."/>
      <min value="0"/>
      <max value="1"/>
      <type>
        <code value="decimal"/>
      </type>
      <maxLength value="0"/>
      <mustSupport value="false"/>
      <isModifier value="false"/>
      <isSummary value="false"/>
      <mapping>
        <identity value="rim"/>
        <map value="(RIM Opted not to map the sub-elements of GPS location, is now an OBS)"/>
      </mapping>
    </element>
    <element id="Location.managingOrganization">
      <path value="Location.managingOrganization"/>
      <name value="Location.managingOrganization"/>
      <short value="Organization responsible for provisioning and upkeep"/>
      <definition value="The organization responsible for the provisioning and upkeep of the location."/>
      <comments value="This can also be used as the part of the organization hierarchy where this location provides services. These services can be defined through the HealthcareService resource."/>
      <requirements value="Need to know who manages the location."/>
      <min value="1"/>
      <max value="1"/>
      <base>
        <path value="Location.managingOrganization"/>
        <min value="0"/>
        <max value="1"/>
      </base>
      <type>
        <code value="Reference"/>
        <profile value="http://hl7.org/fhir/us/shr/StructureDefinition/shr-core-Organization"/>
      </type>
      <maxLength value="0"/>
      <mustSupport value="false"/>
      <isModifier value="false"/>
      <isSummary value="true"/>
      <mapping>
        <identity value="rim"/>
        <map value=".scopingEntity[classCode=ORG determinerKind=INSTANCE]"/>
      </mapping>
    </element>
    <element id="Location.partOf">
      <path value="Location.partOf"/>
      <name value="Location.partOf"/>
      <short value="Another Location this one is physically part of"/>
      <definition value="Another Location which this Location is physically part of."/>
      <requirements value="For purposes of location, display and identification, knowing which locations are located within other locations is important."/>
      <min value="0"/>
      <max value="1"/>
      <type>
        <code value="Reference"/>
        <profile value="http://hl7.org/fhir/us/shr/StructureDefinition/shr-core-Location"/>
      </type>
      <maxLength value="0"/>
      <mustSupport value="false"/>
      <isModifier value="false"/>
      <isSummary value="false"/>
      <mapping>
        <identity value="rim"/>
        <map value=".inboundLink[typeCode=PART].source[classCode=SDLC]"/>
      </mapping>
    </element>
  </snapshot>
  <differential>
    <element id="Location">
      <path value="Location"/>
      <name value="Location"/>
      <short value="shr-core-Location"/>
      <definition value="Services and space and equipment provided for a particular purpose; a building or place that provides a particular service or is used for a particular industry. Could be a clinical site, community site, or a mobile facility."/>
      <min value="0"/>
      <type>
        <code value="Location"/>
      </type>
      <maxLength value="0"/>
      <mustSupport value="false"/>
      <isModifier value="false"/>
      <isSummary value="false"/>
    </element>
    <element id="Location.extension">
      <path value="Location.extension"/>
      <name value="Location.extension"/>
      <slicing id="1">
        <discriminator value="url"/>
        <ordered value="false"/>
        <rules value="open"/>
      </slicing>
      <min value="0"/>
      <maxLength value="0"/>
      <mustSupport value="false"/>
      <isModifier value="false"/>
      <isSummary value="false"/>
    </element>
    <element id="operationalstatus">
      <path value="Location.extension"/>
      <name value="operationalstatus"/>
      <definition value="The operational status covers operation values most relevant to beds (but can also apply to rooms/units/chairs/etc. such as an isolation unit/dialysis chair). This typically covers concepts such as contamination, housekeeping, and other activities like maintenance."/>
      <min value="0"/>
      <max value="1"/>
      <base>
        <path value="Location.extension"/>
        <min value="0"/>
        <max value="*"/>
      </base>
      <type>
        <code value="Extension"/>
        <profile value="http://hl7.org/fhir/us/shr/StructureDefinition/shr-core-OperationalStatus-extension"/>
      </type>
      <maxLength value="0"/>
      <mustSupport value="false"/>
      <isModifier value="false"/>
      <isSummary value="false"/>
    </element>
    <element id="alias">
      <path value="Location.extension"/>
      <name value="alias"/>
      <definition value="A list of alternate names the subject is or was known as."/>
      <min value="0"/>
      <max value="*"/>
      <base>
        <path value="Location.extension"/>
        <min value="0"/>
        <max value="*"/>
      </base>
      <type>
        <code value="Extension"/>
        <profile value="http://hl7.org/fhir/us/shr/StructureDefinition/shr-core-Alias-extension"/>
      </type>
      <maxLength value="0"/>
      <mustSupport value="false"/>
      <isModifier value="false"/>
      <isSummary value="false"/>
    </element>
    <element id="mobilefacility">
      <path value="Location.extension"/>
      <name value="mobilefacility"/>
      <definition value="A facility that moves from place to place, such as Meals-On-Wheels."/>
      <min value="0"/>
      <max value="1"/>
      <base>
        <path value="Location.extension"/>
        <min value="0"/>
        <max value="*"/>
      </base>
      <type>
        <code value="Extension"/>
        <profile value="http://hl7.org/fhir/us/shr/StructureDefinition/shr-core-MobileFacility-extension"/>
      </type>
      <maxLength value="0"/>
      <mustSupport value="false"/>
      <isModifier value="false"/>
      <isSummary value="false"/>
    </element>
    <element id="Location.name">
      <path value="Location.name"/>
      <name value="Location.name"/>
      <min value="1"/>
      <max value="1"/>
      <base>
        <path value="Location.name"/>
        <min value="0"/>
        <max value="1"/>
      </base>
      <maxLength value="0"/>
      <mustSupport value="false"/>
      <isModifier value="false"/>
      <isSummary value="false"/>
    </element>
    <element id="Location.type">
      <path value="Location.type"/>
      <name value="Location.type"/>
      <min value="1"/>
      <max value="1"/>
      <base>
        <path value="Location.type"/>
        <min value="0"/>
        <max value="1"/>
      </base>
      <maxLength value="0"/>
      <mustSupport value="false"/>
      <isModifier value="false"/>
      <isSummary value="false"/>
    </element>
    <element id="Location.managingOrganization">
      <path value="Location.managingOrganization"/>
      <name value="Location.managingOrganization"/>
      <min value="1"/>
      <max value="1"/>
      <base>
        <path value="Location.managingOrganization"/>
        <min value="0"/>
        <max value="1"/>
      </base>
      <type>
        <code value="Reference"/>
        <profile value="http://hl7.org/fhir/us/shr/StructureDefinition/shr-core-Organization"/>
      </type>
      <maxLength value="0"/>
      <mustSupport value="false"/>
      <isModifier value="false"/>
      <isSummary value="false"/>
    </element>
    <element id="Location.partOf">
      <path value="Location.partOf"/>
      <name value="Location.partOf"/>
      <min value="0"/>
      <type>
        <code value="Reference"/>
        <profile value="http://hl7.org/fhir/us/shr/StructureDefinition/shr-core-Location"/>
      </type>
      <maxLength value="0"/>
      <mustSupport value="false"/>
      <isModifier value="false"/>
      <isSummary value="false"/>
    </element>
  </differential>
</StructureDefinition>