<?xml version="1.0" encoding="UTF-8"?>

<StructureDefinition xmlns="http://hl7.org/fhir">
  <id value="shr-core-StatusHistory-extension"/>
  <text>
    <status value="generated"/><div xmlns="http://www.w3.org/1999/xhtml">
  <p><b>StatusHistory Extension</b></p>
  <p>List of past encounter statuses</p>
</div>
  </text>
  <url value="http://hl7.org/fhir/us/shr/StructureDefinition/shr-core-StatusHistory-extension"/>
  <identifier>
    <system value="http://hl7.org/fhir/us/mcode"/>
    <value value="shr.core.StatusHistory"/>
  </identifier>
  <version value="0.9.0 draft candidate 1"/>
  <name value="StatusHistory"/>
  <display value="shr-core-StatusHistory"/>
  <status value="draft"/>
  <publisher value="The MITRE Corporation"/>
  <contact>
    <telecom>
      <system value="other"/>
      <value value="http://standardhealthrecord.org"/>
      <rank value="0"/>
    </telecom>
  </contact>
  <date value="2019-04-08T00:00:00-04:00"/>
  <description value="List of past encounter statuses"/>
  <fhirVersion value="1.0.2"/>
  <kind value="datatype"/>
  <constrainedType value="Extension"/>
  <abstract value="false"/>
  <contextType value="resource"/>
  <context value="*"/>
  <base value="http://hl7.org/fhir/StructureDefinition/Extension"/>
  <snapshot>
    <element id="Extension">
      <path value="Extension"/>
      <name value="Extension"/>
      <short value="StatusHistory"/>
      <definition value="List of past encounter statuses"/>
      <min value="0"/>
      <max value="*"/>
      <base>
        <path value="Extension"/>
        <min value="0"/>
        <max value="1"/>
      </base>
      <type>
        <code value="Extension"/>
      </type>
      <maxLength value="0"/>
      <mustSupport value="false"/>
      <isModifier value="false"/>
      <isSummary value="false"/>
    </element>
    <element id="Extension.id">
      <path value="Extension.id"/>
      <representation value="xmlAttr"/>
      <name value="Extension.id"/>
      <short value="xml:id (or equivalent in JSON)"/>
      <definition value="unique id for the element within a resource (for internal references). This may be any string value that does not contain spaces."/>
      <min value="0"/>
      <max value="1"/>
      <base>
        <path value="Element.id"/>
        <min value="0"/>
        <max value="1"/>
      </base>
      <type>
        <code value="string"/>
      </type>
      <maxLength value="0"/>
      <mustSupport value="false"/>
      <isModifier value="false"/>
      <isSummary value="false"/>
      <mapping>
        <identity value="rim"/>
        <map value="N/A"/>
      </mapping>
    </element>
    <element id="Extension.extension">
      <path value="Extension.extension"/>
      <name value="Extension.extension"/>
      <slicing id="1">
        <discriminator value="url"/>
        <ordered value="false"/>
        <rules value="open"/>
      </slicing>
      <short value="Extension"/>
      <definition value="An Extension"/>
      <min value="2"/>
      <max value="*"/>
      <base>
        <path value="Element.extension"/>
        <min value="0"/>
        <max value="*"/>
      </base>
      <type>
        <code value="Extension"/>
      </type>
      <maxLength value="0"/>
      <mustSupport value="false"/>
      <isModifier value="false"/>
      <isSummary value="false"/>
    </element>
    <element id="status">
      <path value="Extension.extension"/>
      <name value="status"/>
      <definition value="A state that relates to the workflow or interpretation of this resource. Certain status values can modify the meaning of the resource, for example, entered-in-error. When a boolean value is used, Status of true indicates the record is active, false means inactive."/>
      <min value="1"/>
      <max value="1"/>
      <base>
        <path value="Extension.extension"/>
        <min value="0"/>
        <max value="1"/>
      </base>
      <type>
        <code value="Extension"/>
        <profile value="http://hl7.org/fhir/us/shr/StructureDefinition/shr-core-Status-extension"/>
      </type>
      <maxLength value="0"/>
      <mustSupport value="false"/>
      <isModifier value="false"/>
      <isSummary value="false"/>
      <mapping>
        <identity value="rim"/>
        <map value="N/A"/>
      </mapping>
    </element>
    <element id="timeperiod">
      <path value="Extension.extension"/>
      <name value="timeperiod"/>
      <definition value="A period of time defined by a start and end time, date, or year.&#xA;If the start element is missing, the start of the period is not known. If the end element is missing, it means that the period is ongoing, or the start may be in the past, and the end date in the future, which means that period is expected/planned to end at the specified time. The end value includes any matching date/time. For example, the period 2011-05-23 to 2011-05-27 includes all the times from the start of the 23rd May through to the end of the 27th of May."/>
      <min value="1"/>
      <max value="1"/>
      <base>
        <path value="Extension.extension"/>
        <min value="0"/>
        <max value="1"/>
      </base>
      <type>
        <code value="Extension"/>
        <profile value="http://hl7.org/fhir/us/shr/StructureDefinition/shr-core-TimePeriod-extension"/>
      </type>
      <maxLength value="0"/>
      <mustSupport value="false"/>
      <isModifier value="false"/>
      <isSummary value="false"/>
      <mapping>
        <identity value="rim"/>
        <map value="N/A"/>
      </mapping>
    </element>
    <element id="Extension.url">
      <path value="Extension.url"/>
      <representation value="xmlAttr"/>
      <name value="Extension.url"/>
      <short value="identifies the meaning of the extension"/>
      <definition value="Source of the definition for the extension code - a logical name or a URL."/>
      <min value="1"/>
      <max value="1"/>
      <base>
        <path value="Extension.url"/>
        <min value="1"/>
        <max value="1"/>
      </base>
      <type>
        <code value="uri"/>
      </type>
      <fixedUri value="http://hl7.org/fhir/us/shr/StructureDefinition/shr-core-StatusHistory-extension"/>
      <maxLength value="0"/>
      <mustSupport value="false"/>
      <isModifier value="false"/>
      <isSummary value="false"/>
      <mapping>
        <identity value="rim"/>
        <map value="N/A"/>
      </mapping>
    </element>
    <element id="Extension.value-x-">
      <path value="Extension.value[x]"/>
      <name value="Extension.value-x-"/>
      <short value="Value of extension"/>
      <definition value="Value of extension - may be a resource or one of a constrained set of the data types (see Extensibility in the spec for list)."/>
      <min value="0"/>
      <max value="0"/>
      <base>
        <path value="Extension.value[x]"/>
        <min value="0"/>
        <max value="1"/>
      </base>
      <type>
        <code value="base64Binary"/>
      </type>
      <type>
        <code value="boolean"/>
      </type>
      <type>
        <code value="code"/>
      </type>
      <type>
        <code value="date"/>
      </type>
      <type>
        <code value="dateTime"/>
      </type>
      <type>
        <code value="decimal"/>
      </type>
      <type>
        <code value="id"/>
      </type>
      <type>
        <code value="instant"/>
      </type>
      <type>
        <code value="integer"/>
      </type>
      <type>
        <code value="markdown"/>
      </type>
      <type>
        <code value="oid"/>
      </type>
      <type>
        <code value="positiveInt"/>
      </type>
      <type>
        <code value="string"/>
      </type>
      <type>
        <code value="time"/>
      </type>
      <type>
        <code value="unsignedInt"/>
      </type>
      <type>
        <code value="uri"/>
      </type>
      <type>
        <code value="Address"/>
      </type>
      <type>
        <code value="Age"/>
      </type>
      <type>
        <code value="Annotation"/>
      </type>
      <type>
        <code value="Attachment"/>
      </type>
      <type>
        <code value="CodeableConcept"/>
      </type>
      <type>
        <code value="Coding"/>
      </type>
      <type>
        <code value="ContactPoint"/>
      </type>
      <type>
        <code value="Count"/>
      </type>
      <type>
        <code value="Distance"/>
      </type>
      <type>
        <code value="Duration"/>
      </type>
      <type>
        <code value="HumanName"/>
      </type>
      <type>
        <code value="Identifier"/>
      </type>
      <type>
        <code value="Money"/>
      </type>
      <type>
        <code value="Period"/>
      </type>
      <type>
        <code value="Quantity"/>
      </type>
      <type>
        <code value="Range"/>
      </type>
      <type>
        <code value="Ratio"/>
      </type>
      <type>
        <code value="Reference"/>
      </type>
      <type>
        <code value="SampledData"/>
      </type>
      <type>
        <code value="Signature"/>
      </type>
      <type>
        <code value="Timing"/>
      </type>
      <type>
        <code value="Meta"/>
      </type>
      <maxLength value="0"/>
      <mustSupport value="false"/>
      <isModifier value="false"/>
      <isSummary value="false"/>
      <mapping>
        <identity value="rim"/>
        <map value="N/A"/>
      </mapping>
    </element>
  </snapshot>
  <differential>
    <element id="Extension">
      <path value="Extension"/>
      <name value="Extension"/>
      <short value="StatusHistory"/>
      <definition value="List of past encounter statuses"/>
      <min value="0"/>
      <max value="*"/>
      <type>
        <code value="Extension"/>
      </type>
      <maxLength value="0"/>
      <mustSupport value="false"/>
      <isModifier value="false"/>
      <isSummary value="false"/>
    </element>
    <element id="Extension.extension">
      <path value="Extension.extension"/>
      <name value="Extension.extension"/>
      <min value="2"/>
      <max value="*"/>
      <maxLength value="0"/>
      <mustSupport value="false"/>
      <isModifier value="false"/>
      <isSummary value="false"/>
    </element>
    <element id="status">
      <path value="Extension.extension"/>
      <name value="status"/>
      <definition value="A state that relates to the workflow or interpretation of this resource. Certain status values can modify the meaning of the resource, for example, entered-in-error. When a boolean value is used, Status of true indicates the record is active, false means inactive."/>
      <min value="1"/>
      <max value="1"/>
      <type>
        <code value="Extension"/>
        <profile value="http://hl7.org/fhir/us/shr/StructureDefinition/shr-core-Status-extension"/>
      </type>
      <maxLength value="0"/>
      <mustSupport value="false"/>
      <isModifier value="false"/>
      <isSummary value="false"/>
    </element>
    <element id="timeperiod">
      <path value="Extension.extension"/>
      <name value="timeperiod"/>
      <definition value="A period of time defined by a start and end time, date, or year.&#xA;If the start element is missing, the start of the period is not known. If the end element is missing, it means that the period is ongoing, or the start may be in the past, and the end date in the future, which means that period is expected/planned to end at the specified time. The end value includes any matching date/time. For example, the period 2011-05-23 to 2011-05-27 includes all the times from the start of the 23rd May through to the end of the 27th of May."/>
      <min value="1"/>
      <max value="1"/>
      <type>
        <code value="Extension"/>
        <profile value="http://hl7.org/fhir/us/shr/StructureDefinition/shr-core-TimePeriod-extension"/>
      </type>
      <maxLength value="0"/>
      <mustSupport value="false"/>
      <isModifier value="false"/>
      <isSummary value="false"/>
    </element>
    <element id="Extension.url">
      <path value="Extension.url"/>
      <name value="Extension.url"/>
      <min value="0"/>
      <type>
        <code value="uri"/>
      </type>
      <fixedUri value="http://hl7.org/fhir/us/shr/StructureDefinition/shr-core-StatusHistory-extension"/>
      <maxLength value="0"/>
      <mustSupport value="false"/>
      <isModifier value="false"/>
      <isSummary value="false"/>
    </element>
    <element id="Extension.value-x-">
      <path value="Extension.value[x]"/>
      <name value="Extension.value-x-"/>
      <min value="0"/>
      <max value="0"/>
      <maxLength value="0"/>
      <mustSupport value="false"/>
      <isModifier value="false"/>
      <isSummary value="false"/>
    </element>
  </differential>
</StructureDefinition>