<?xml version="1.0" encoding="UTF-8"?>

<StructureDefinition xmlns="http://hl7.org/fhir">
  <id value="shr-core-ProcedureRequest"/>
  <text>
    <status value="generated"/><div xmlns="http://www.w3.org/1999/xhtml">
  <p><b>ProcedureRequest Profile</b></p>
  <p>A request for a procedure to be performed. May be a proposal or an order.</p>
  <p><b>Mapping Summary</b></p>
  <p><pre>shr.core.ProcedureRequest maps to ProcedureRequest:
  _Entry.EntryId maps to id
  Language maps to language
  Narrative maps to text
  ImplicitRules maps to implicitRules
  Metadata.VersionId maps to meta.versionId
  Metadata.Profile maps to meta.profile
  Metadata.LastUpdated maps to meta.lastUpdated
  Metadata.SecurityLabel maps to meta.security
  Metadata.Tag maps to meta.tag
  Identifier maps to identifier
  StatementDateTime maps to orderedOn
  ProcedureRequester maps to orderer
  Type maps to code
  ReferralSubjectOfRecord maps to subject
  BodyLocation.LocationCode maps to bodySite
  BodyLocation.Laterality maps to bodySite.extension
  BodyLocation.Orientation maps to bodySite.extension
  BodyLocation.RelationToLandmark maps to bodySite.extension
  CareContext maps to encounter
  ReasonCode maps to reason[x]
  ReasonReference maps to reason[x]
  Status maps to status
  RequestIntent maps to extension
  ExpectedPerformanceTime maps to scheduled[x]
  ExpectedPerformerType maps to extension
  Recipient maps to performer
  PriorityCode maps to priority
  Annotation maps to notes
</pre></p>
</div>
  </text>
  <url value="http://hl7.org/fhir/us/shr/StructureDefinition/shr-core-ProcedureRequest"/>
  <identifier>
    <system value="http://hl7.org/fhir/us/mcode"/>
    <value value="shr.core.ProcedureRequest"/>
  </identifier>
  <version value="0.9.0"/>
  <name value="ProcedureRequest"/>
  <display value="shr-core-ProcedureRequest"/>
  <status value="draft"/>
  <publisher value="The MITRE Corporation"/>
  <contact>
    <telecom>
      <system value="other"/>
      <value value="http://standardhealthrecord.org"/>
      <rank value="0"/>
    </telecom>
  </contact>
  <date value="2019-04-17T00:00:00-04:00"/>
  <description value="A request for a procedure to be performed. May be a proposal or an order."/>
  <fhirVersion value="1.0.2"/>
  <mapping>
    <identity value="w5"/>
    <uri value="http://hl7.org/fhir/w5"/>
    <name value="W5 Mapping"/>
  </mapping>
  <mapping>
    <identity value="quick"/>
    <uri value="http://wiki.siframework.org/CQF"/>
    <name value="Quality Improvement and Clinical Knowledge (QUICK)"/>
  </mapping>
  <mapping>
    <identity value="rim"/>
    <uri value="http://hl7.org/v3"/>
    <name value="RIM"/>
  </mapping>
  <kind value="resource"/>
  <constrainedType value="ProcedureRequest"/>
  <abstract value="false"/>
  <base value="http://hl7.org/fhir/StructureDefinition/ProcedureRequest"/>
  <snapshot>
    <element id="ProcedureRequest-ProcedureRequest">
      <path value="ProcedureRequest"/>
      <name value="ProcedureRequest-ProcedureRequest"/>
      <short value="shr-core-ProcedureRequest"/>
      <definition value="A request for a procedure to be performed. May be a proposal or an order."/>
      <min value="0"/>
      <max value="*"/>
      <type>
        <code value="ProcedureRequest"/>
      </type>
      <maxLength value="0"/>
      <mustSupport value="false"/>
      <isModifier value="false"/>
      <isSummary value="true"/>
      <mapping>
        <identity value="w5"/>
        <map value="clinical.general"/>
      </mapping>
    </element>
    <element id="ProcedureRequest-ProcedureRequest.id">
      <path value="ProcedureRequest.id"/>
      <name value="ProcedureRequest-ProcedureRequest.id"/>
      <short value="Logical id of this artifact"/>
      <definition value="The logical id of the resource, as used in the URL for the resource. Once assigned, this value never changes."/>
      <comments value="The only time that a resource does not have an id is when it is being submitted to the server using a create operation. Bundles always have an id, though it is usually a generated UUID."/>
      <min value="0"/>
      <max value="1"/>
      <type>
        <code value="id"/>
      </type>
      <maxLength value="0"/>
      <mustSupport value="false"/>
      <isModifier value="false"/>
      <isSummary value="true"/>
    </element>
    <element id="ProcedureRequest-ProcedureRequest.meta">
      <path value="ProcedureRequest.meta"/>
      <name value="ProcedureRequest-ProcedureRequest.meta"/>
      <short value="Metadata about the resource"/>
      <definition value="The metadata about the resource. This is content that is maintained by the infrastructure. Changes to the content may not always be associated with version changes to the resource."/>
      <min value="0"/>
      <max value="1"/>
      <type>
        <code value="Meta"/>
      </type>
      <maxLength value="0"/>
      <mustSupport value="false"/>
      <isModifier value="false"/>
      <isSummary value="true"/>
    </element>
    <element id="ProcedureRequest-ProcedureRequest.implicitRules">
      <path value="ProcedureRequest.implicitRules"/>
      <name value="ProcedureRequest-ProcedureRequest.implicitRules"/>
      <short value="A set of rules under which this content was created"/>
      <definition value="A reference to a set of rules that were followed when the resource was constructed, and which must be understood when processing the content."/>
      <comments value="Asserting this rule set restricts the content to be only understood by a limited set of trading partners. This inherently limits the usefulness of the data in the long term. However, the existing health eco-system is highly fractured, and not yet ready to define, collect, and exchange data in a generally computable sense. Wherever possible, implementers and/or specification writers should avoid using this element as much as possible."/>
      <min value="0"/>
      <max value="1"/>
      <type>
        <code value="uri"/>
      </type>
      <maxLength value="0"/>
      <mustSupport value="false"/>
      <isModifier value="true"/>
      <isSummary value="true"/>
    </element>
    <element id="ProcedureRequest-ProcedureRequest.language">
      <path value="ProcedureRequest.language"/>
      <name value="ProcedureRequest-ProcedureRequest.language"/>
      <short value="Language of the resource content"/>
      <definition value="The base language in which the resource is written."/>
      <comments value="Language is provided to support indexing and accessibility (typically, services such as text to speech use the language tag). The html language tag in the narrative applies  to the narrative. The language tag on the resource may be used to specify the language of other presentations generated from the data in the resource  Not all the content has to be in the base language. The Resource.language should not be assumed to apply to the narrative automatically. If a language is specified, it should it also be specified on the div element in the html (see rules in HTML5 for information about the relationship between xml:lang and the html lang attribute)."/>
      <min value="0"/>
      <max value="1"/>
      <type>
        <code value="code"/>
      </type>
      <maxLength value="0"/>
      <mustSupport value="false"/>
      <isModifier value="false"/>
      <isSummary value="false"/>
      <binding>
        <strength value="required"/>
        <description value="A human language."/>
        <valueSetReference>
          <reference value="http://tools.ietf.org/html/bcp47"/>
        </valueSetReference>
      </binding>
    </element>
    <element id="ProcedureRequest-ProcedureRequest.text">
      <path value="ProcedureRequest.text"/>
      <name value="ProcedureRequest-ProcedureRequest.text"/>
      <short value="Text summary of the resource, for human interpretation"/>
      <definition value="A human-readable narrative that contains a summary of the resource, and may be used to represent the content of the resource to a human. The narrative need not encode all the structured data, but is required to contain sufficient detail to make it &quot;clinically safe&quot; for a human to just read the narrative. Resource definitions may define what content should be represented in the narrative to ensure clinical safety."/>
      <comments value="Contained resources do not have narrative. Resources that are not contained SHOULD have a narrative."/>
      <alias value="narrative"/>
      <alias value="html"/>
      <alias value="xhtml"/>
      <alias value="display"/>
      <min value="0"/>
      <max value="1"/>
      <type>
        <code value="Narrative"/>
      </type>
      <maxLength value="0"/>
      <condition value="dom-1"/>
      <mustSupport value="false"/>
      <isModifier value="false"/>
      <isSummary value="false"/>
      <mapping>
        <identity value="rim"/>
        <map value="Act.text?"/>
      </mapping>
    </element>
    <element id="ProcedureRequest-ProcedureRequest.contained">
      <path value="ProcedureRequest.contained"/>
      <name value="ProcedureRequest-ProcedureRequest.contained"/>
      <short value="Contained, inline Resources"/>
      <definition value="These resources do not have an independent existence apart from the resource that contains them - they cannot be identified independently, and nor can they have their own independent transaction scope."/>
      <comments value="This should never be done when the content can be identified properly, as once identification is lost, it is extremely difficult (and context dependent) to restore it again."/>
      <alias value="inline resources"/>
      <alias value="anonymous resources"/>
      <alias value="contained resources"/>
      <min value="0"/>
      <max value="*"/>
      <type>
        <code value="Resource"/>
      </type>
      <maxLength value="0"/>
      <mustSupport value="false"/>
      <isModifier value="false"/>
      <isSummary value="false"/>
      <mapping>
        <identity value="rim"/>
        <map value="N/A"/>
      </mapping>
    </element>
    <element id="ProcedureRequest-ProcedureRequest.extension">
      <path value="ProcedureRequest.extension"/>
      <name value="ProcedureRequest-ProcedureRequest.extension"/>
      <slicing id="2">
        <discriminator value="url"/>
        <ordered value="false"/>
        <rules value="open"/>
      </slicing>
      <short value="Additional Content defined by implementations"/>
      <definition value="May be used to represent additional information that is not part of the basic definition of the resource. In order to make the use of extensions safe and manageable, there is a strict set of governance  applied to the definition and use of extensions. Though any implementer is allowed to define an extension, there is a set of requirements that SHALL be met as part of the definition of the extension."/>
      <comments value="There can be no stigma associated with the use of extensions by any application, project, or standard - regardless of the institution or jurisdiction that uses or defines the extensions.  The use of extensions is what allows the FHIR specification to retain a core level of simplicity for everyone."/>
      <alias value="extensions"/>
      <alias value="user content"/>
      <min value="1"/>
      <max value="*"/>
      <type>
        <code value="Extension"/>
      </type>
      <maxLength value="0"/>
      <mustSupport value="false"/>
      <isModifier value="false"/>
      <isSummary value="false"/>
      <mapping>
        <identity value="rim"/>
        <map value="N/A"/>
      </mapping>
    </element>
    <element id="requestintent">
      <path value="ProcedureRequest.extension"/>
      <name value="requestintent"/>
      <definition value="Indicates the level of authority/intentionality associated with the request and where the request fits into the workflow chain."/>
      <min value="1"/>
      <max value="1"/>
      <base>
        <path value="ProcedureRequest.extension"/>
        <min value="0"/>
        <max value="*"/>
      </base>
      <type>
        <code value="Extension"/>
        <profile value="http://hl7.org/fhir/us/shr/StructureDefinition/shr-core-RequestIntent-extension"/>
      </type>
      <maxLength value="0"/>
      <mustSupport value="false"/>
      <isModifier value="false"/>
      <isSummary value="false"/>
    </element>
    <element id="ProcedureRequest-ProcedureRequest.extension-requestintent.id">
      <path value="ProcedureRequest.extension.id"/>
      <representation value="xmlAttr"/>
      <name value="ProcedureRequest-ProcedureRequest.extension-requestintent.id"/>
      <short value="xml:id (or equivalent in JSON)"/>
      <definition value="unique id for the element within a resource (for internal references). This may be any string value that does not contain spaces."/>
      <min value="0"/>
      <max value="1"/>
      <base>
        <path value="Element.id"/>
        <min value="0"/>
        <max value="1"/>
      </base>
      <type>
        <code value="string"/>
      </type>
      <maxLength value="0"/>
      <mustSupport value="false"/>
      <isModifier value="false"/>
      <isSummary value="false"/>
      <mapping>
        <identity value="rim"/>
        <map value="N/A"/>
      </mapping>
    </element>
    <element id="ProcedureRequest-ProcedureRequest.extension-requestintent.ext">
      <path value="ProcedureRequest.extension.extension"/>
      <name value="ProcedureRequest-ProcedureRequest.extension-requestintent.ext"/>
      <short value="Extension"/>
      <definition value="An Extension"/>
      <min value="0"/>
      <max value="0"/>
      <base>
        <path value="Element.extension"/>
        <min value="0"/>
        <max value="*"/>
      </base>
      <type>
        <code value="Extension"/>
      </type>
      <maxLength value="0"/>
      <mustSupport value="false"/>
      <isModifier value="false"/>
      <isSummary value="false"/>
    </element>
    <element id="ProcedureRequest-ProcedureRequest.extension-requestintent.url">
      <path value="ProcedureRequest.extension.url"/>
      <representation value="xmlAttr"/>
      <name value="ProcedureRequest-ProcedureRequest.extension-requestintent.url"/>
      <short value="identifies the meaning of the extension"/>
      <definition value="Source of the definition for the extension code - a logical name or a URL."/>
      <min value="1"/>
      <max value="1"/>
      <base>
        <path value="Extension.url"/>
        <min value="1"/>
        <max value="1"/>
      </base>
      <type>
        <code value="uri"/>
      </type>
      <fixedUri value="http://hl7.org/fhir/us/shr/StructureDefinition/shr-core-RequestIntent-extension"/>
      <maxLength value="0"/>
      <mustSupport value="false"/>
      <isModifier value="false"/>
      <isSummary value="false"/>
      <mapping>
        <identity value="rim"/>
        <map value="N/A"/>
      </mapping>
    </element>
    <element id="ProcedureRequest-ProcedureRequest.extension-requestintent.val">
      <path value="ProcedureRequest.extension.valueCodeableConcept"/>
      <name value="ProcedureRequest-ProcedureRequest.extension-requestintent.val"/>
      <short value="Value of extension"/>
      <definition value="Value of extension - may be a resource or one of a constrained set of the data types (see Extensibility in the spec for list)."/>
      <min value="1"/>
      <max value="1"/>
      <base>
        <path value="Extension.value[x]"/>
        <min value="0"/>
        <max value="1"/>
      </base>
      <type>
        <code value="CodeableConcept"/>
      </type>
      <maxLength value="0"/>
      <mustSupport value="false"/>
      <isModifier value="false"/>
      <isSummary value="false"/>
      <binding>
        <strength value="required"/>
        <valueSetReference>
          <reference value="http://hl7.org/fhir/ValueSet/request-intent"/>
        </valueSetReference>
      </binding>
      <mapping>
        <identity value="rim"/>
        <map value="N/A"/>
      </mapping>
    </element>
    <element id="expectedperformertype">
      <path value="ProcedureRequest.extension"/>
      <name value="expectedperformertype"/>
      <definition value="What type of party should carry out the testing."/>
      <min value="0"/>
      <max value="1"/>
      <base>
        <path value="ProcedureRequest.extension"/>
        <min value="0"/>
        <max value="*"/>
      </base>
      <type>
        <code value="Extension"/>
        <profile value="http://hl7.org/fhir/us/shr/StructureDefinition/shr-core-ExpectedPerformerType-extension"/>
      </type>
      <maxLength value="0"/>
      <mustSupport value="false"/>
      <isModifier value="false"/>
      <isSummary value="false"/>
    </element>
    <element id="communicationmethod">
      <path value="ProcedureRequest.extension"/>
      <name value="communicationmethod"/>
      <definition value="This is the method the provider used to communicate. Examples include: Written, Telephoned, Verbal, Electronically Entered, Policy, Service Correction, Duplicate, etc. &#39;Code indicating the origin of the prescription.&#39; - NCPDP Telecommunication (Field 419-DJ, Data Dictionary 201104). Possible values include: Written; Telephone; Electronic; Facsimile; Pharmacy; Not Known."/>
      <min value="0"/>
      <max value="1"/>
      <base>
        <path value="ProcedureRequest.extension"/>
        <min value="0"/>
        <max value="*"/>
      </base>
      <type>
        <code value="Extension"/>
        <profile value="http://hl7.org/fhir/us/shr/StructureDefinition/shr-core-CommunicationMethod-extension"/>
      </type>
      <maxLength value="0"/>
      <mustSupport value="false"/>
      <isModifier value="false"/>
      <isSummary value="false"/>
    </element>
    <element id="partof">
      <path value="ProcedureRequest.extension"/>
      <name value="partof"/>
      <definition value="The larger entity that the asserted item is a portion of. For example, an organization part of a larger organization, or an encounter with a hospitalist might be part of a larger hospitalization encounter."/>
      <min value="0"/>
      <max value="1"/>
      <base>
        <path value="ProcedureRequest.extension"/>
        <min value="0"/>
        <max value="*"/>
      </base>
      <type>
        <code value="Extension"/>
        <profile value="http://hl7.org/fhir/us/shr/StructureDefinition/shr-core-PartOf-extension"/>
      </type>
      <maxLength value="0"/>
      <mustSupport value="false"/>
      <isModifier value="false"/>
      <isSummary value="false"/>
    </element>
    <element id="ProcedureRequest-ProcedureRequest.extension-partof.id">
      <path value="ProcedureRequest.extension.id"/>
      <representation value="xmlAttr"/>
      <name value="ProcedureRequest-ProcedureRequest.extension-partof.id"/>
      <short value="xml:id (or equivalent in JSON)"/>
      <definition value="unique id for the element within a resource (for internal references). This may be any string value that does not contain spaces."/>
      <min value="0"/>
      <max value="1"/>
      <base>
        <path value="Element.id"/>
        <min value="0"/>
        <max value="1"/>
      </base>
      <type>
        <code value="string"/>
      </type>
      <maxLength value="0"/>
      <mustSupport value="false"/>
      <isModifier value="false"/>
      <isSummary value="false"/>
      <mapping>
        <identity value="rim"/>
        <map value="N/A"/>
      </mapping>
    </element>
    <element id="ProcedureRequest-ProcedureRequest.extension-partof.ext">
      <path value="ProcedureRequest.extension.extension"/>
      <name value="ProcedureRequest-ProcedureRequest.extension-partof.ext"/>
      <short value="Extension"/>
      <definition value="An Extension"/>
      <min value="0"/>
      <max value="0"/>
      <base>
        <path value="Element.extension"/>
        <min value="0"/>
        <max value="*"/>
      </base>
      <type>
        <code value="Extension"/>
      </type>
      <maxLength value="0"/>
      <mustSupport value="false"/>
      <isModifier value="false"/>
      <isSummary value="false"/>
    </element>
    <element id="ProcedureRequest-ProcedureRequest.extension-partof.url">
      <path value="ProcedureRequest.extension.url"/>
      <representation value="xmlAttr"/>
      <name value="ProcedureRequest-ProcedureRequest.extension-partof.url"/>
      <short value="identifies the meaning of the extension"/>
      <definition value="Source of the definition for the extension code - a logical name or a URL."/>
      <min value="1"/>
      <max value="1"/>
      <base>
        <path value="Extension.url"/>
        <min value="1"/>
        <max value="1"/>
      </base>
      <type>
        <code value="uri"/>
      </type>
      <fixedUri value="http://hl7.org/fhir/us/shr/StructureDefinition/shr-core-PartOf-extension"/>
      <maxLength value="0"/>
      <mustSupport value="false"/>
      <isModifier value="false"/>
      <isSummary value="false"/>
      <mapping>
        <identity value="rim"/>
        <map value="N/A"/>
      </mapping>
    </element>
    <element id="ProcedureRequest-ProcedureRequest.extension-partof.val1">
      <path value="ProcedureRequest.extension.valueReference"/>
      <name value="ProcedureRequest-ProcedureRequest.extension-partof.val1"/>
      <short value="Procedure"/>
      <definition value="A procedure that has been performed."/>
      <min value="1"/>
      <max value="1"/>
      <base>
        <path value="Extension.value[x]"/>
        <min value="0"/>
        <max value="1"/>
      </base>
      <type>
        <code value="Reference"/>
        <profile value="http://hl7.org/fhir/us/shr/StructureDefinition/shr-core-Procedure"/>
      </type>
      <maxLength value="0"/>
      <mustSupport value="false"/>
      <isModifier value="false"/>
      <isSummary value="false"/>
      <mapping>
        <identity value="rim"/>
        <map value="N/A"/>
      </mapping>
    </element>
    <element id="category">
      <path value="ProcedureRequest.extension"/>
      <name value="category"/>
      <definition value="The type, kind, or class of this item."/>
      <min value="0"/>
      <max value="1"/>
      <base>
        <path value="ProcedureRequest.extension"/>
        <min value="0"/>
        <max value="*"/>
      </base>
      <type>
        <code value="Extension"/>
        <profile value="http://hl7.org/fhir/us/shr/StructureDefinition/shr-core-Category-extension"/>
      </type>
      <maxLength value="0"/>
      <mustSupport value="false"/>
      <isModifier value="false"/>
      <isSummary value="false"/>
    </element>
    <element id="method">
      <path value="ProcedureRequest.extension"/>
      <name value="method"/>
      <definition value="The technique used to carry out an action, for example, the specific imaging technical or assessment vehicle."/>
      <min value="0"/>
      <max value="1"/>
      <base>
        <path value="ProcedureRequest.extension"/>
        <min value="0"/>
        <max value="*"/>
      </base>
      <type>
        <code value="Extension"/>
        <profile value="http://hl7.org/fhir/us/shr/StructureDefinition/shr-core-Method-extension"/>
      </type>
      <maxLength value="0"/>
      <mustSupport value="false"/>
      <isModifier value="false"/>
      <isSummary value="false"/>
    </element>
    <element id="location">
      <path value="ProcedureRequest.extension"/>
      <name value="location"/>
      <definition value="Services and space and equipment provided for a particular purpose; a building or place that provides a particular service or is used for a particular industry. Could be a clinical site, community site, or a mobile facility."/>
      <min value="0"/>
      <max value="1"/>
      <base>
        <path value="ProcedureRequest.extension"/>
        <min value="0"/>
        <max value="*"/>
      </base>
      <type>
        <code value="Extension"/>
        <profile value="http://hl7.org/fhir/us/shr/StructureDefinition/shr-core-Location-extension"/>
      </type>
      <maxLength value="0"/>
      <mustSupport value="false"/>
      <isModifier value="false"/>
      <isSummary value="false"/>
    </element>
    <element id="expectedperformer">
      <path value="ProcedureRequest.extension"/>
      <name value="expectedperformer"/>
      <definition value="A choice of Person (in any role) or organization as recipient of a request. Needed for mapping to FHIR."/>
      <min value="0"/>
      <max value="1"/>
      <base>
        <path value="ProcedureRequest.extension"/>
        <min value="0"/>
        <max value="*"/>
      </base>
      <type>
        <code value="Extension"/>
        <profile value="http://hl7.org/fhir/us/shr/StructureDefinition/shr-core-ExpectedPerformer-extension"/>
      </type>
      <maxLength value="0"/>
      <mustSupport value="false"/>
      <isModifier value="false"/>
      <isSummary value="false"/>
    </element>
    <element id="ProcedureRequest-ProcedureRequest.modifierExtension">
      <path value="ProcedureRequest.modifierExtension"/>
      <name value="ProcedureRequest-ProcedureRequest.modifierExtension"/>
      <short value="Extensions that cannot be ignored"/>
      <definition value="May be used to represent additional information that is not part of the basic definition of the resource, and that modifies the understanding of the element that contains it. Usually modifier elements provide negation or qualification. In order to make the use of extensions safe and manageable, there is a strict set of governance applied to the definition and use of extensions. Though any implementer is allowed to define an extension, there is a set of requirements that SHALL be met as part of the definition of the extension. Applications processing a resource are required to check for modifier extensions."/>
      <comments value="There can be no stigma associated with the use of extensions by any application, project, or standard - regardless of the institution or jurisdiction that uses or defines the extensions.  The use of extensions is what allows the FHIR specification to retain a core level of simplicity for everyone."/>
      <alias value="extensions"/>
      <alias value="user content"/>
      <min value="0"/>
      <max value="*"/>
      <type>
        <code value="Extension"/>
      </type>
      <maxLength value="0"/>
      <mustSupport value="false"/>
      <isModifier value="true"/>
      <isSummary value="false"/>
      <mapping>
        <identity value="rim"/>
        <map value="N/A"/>
      </mapping>
    </element>
    <element id="ProcedureRequest-ProcedureRequest.identifier">
      <path value="ProcedureRequest.identifier"/>
      <name value="ProcedureRequest-ProcedureRequest.identifier"/>
      <short value="Unique identifier for the request"/>
      <definition value="Identifiers assigned to this order by the order or by the receiver."/>
      <min value="0"/>
      <max value="*"/>
      <type>
        <code value="Identifier"/>
      </type>
      <maxLength value="0"/>
      <mustSupport value="false"/>
      <isModifier value="false"/>
      <isSummary value="true"/>
      <mapping>
        <identity value="quick"/>
        <map value="ClinicalStatement.identifier"/>
      </mapping>
      <mapping>
        <identity value="w5"/>
        <map value="id"/>
      </mapping>
    </element>
    <element id="ProcedureRequest-ProcedureRequest.subject">
      <path value="ProcedureRequest.subject"/>
      <name value="ProcedureRequest-ProcedureRequest.subject"/>
      <short value="Who the procedure should be done to"/>
      <definition value="The person, animal or group that should receive the procedure."/>
      <min value="1"/>
      <max value="1"/>
      <base>
        <path value="ProcedureRequest.subject"/>
        <min value="1"/>
        <max value="1"/>
      </base>
      <type>
        <code value="Reference"/>
        <profile value="http://hl7.org/fhir/us/shr/StructureDefinition/shr-core-Patient"/>
        <profile value="http://hl7.org/fhir/us/shr/StructureDefinition/shr-core-Group"/>
      </type>
      <maxLength value="0"/>
      <mustSupport value="false"/>
      <isModifier value="false"/>
      <isSummary value="true"/>
      <mapping>
        <identity value="quick"/>
        <map value="ClinicalStatement.subject"/>
      </mapping>
      <mapping>
        <identity value="w5"/>
        <map value="who.focus"/>
      </mapping>
    </element>
    <element id="ProcedureRequest-ProcedureRequest.code">
      <path value="ProcedureRequest.code"/>
      <name value="ProcedureRequest-ProcedureRequest.code"/>
      <short value="What procedure to perform"/>
      <definition value="The specific procedure that is ordered. Use text if the exact nature of the procedure cannot be coded."/>
      <min value="1"/>
      <max value="1"/>
      <type>
        <code value="CodeableConcept"/>
      </type>
      <maxLength value="0"/>
      <mustSupport value="false"/>
      <isModifier value="false"/>
      <isSummary value="true"/>
      <binding>
        <strength value="extensible"/>
        <valueSetReference>
          <reference value="http://hl7.org/fhir/us/core/ValueSet/us-core-procedure-code"/>
        </valueSetReference>
      </binding>
      <mapping>
        <identity value="quick"/>
        <map value="Procedure.procedureCode"/>
      </mapping>
      <mapping>
        <identity value="w5"/>
        <map value="class"/>
      </mapping>
    </element>
    <element id="ProcedureRequest-ProcedureRequest.bodySite">
      <path value="ProcedureRequest.bodySite"/>
      <name value="ProcedureRequest-ProcedureRequest.bodySite"/>
      <short value="What part of body to perform on"/>
      <definition value="Indicates the sites on the subject&#39;s body where the procedure should be performed (I.e. the target sites)."/>
      <comments value="Only used if not implicit in the code found in ProcedureRequest.type."/>
      <requirements value="Knowing where the procedure is made is important for tracking if multiple sites are possible."/>
      <min value="0"/>
      <max value="*"/>
      <type>
        <code value="CodeableConcept"/>
      </type>
      <maxLength value="0"/>
      <mustSupport value="false"/>
      <isModifier value="false"/>
      <isSummary value="true"/>
      <binding>
        <strength value="preferred"/>
        <valueSetReference>
          <reference value="http://hl7.org/fhir/us/mcode/shr/core/vs/BodyLocationVS"/>
        </valueSetReference>
      </binding>
      <mapping>
        <identity value="quick"/>
        <map value="Procedure.targetBodySite"/>
      </mapping>
      <mapping>
        <identity value="rim"/>
        <map value="targetSiteCode"/>
      </mapping>
    </element>
    <element id="ProcedureRequest-ProcedureRequest.bodySite.id">
      <path value="ProcedureRequest.bodySite.id"/>
      <representation value="xmlAttr"/>
      <name value="ProcedureRequest-ProcedureRequest.bodySite.id"/>
      <short value="xml:id (or equivalent in JSON)"/>
      <definition value="unique id for the element within a resource (for internal references)."/>
      <min value="0"/>
      <max value="1"/>
      <type>
        <code value="id"/>
      </type>
      <maxLength value="0"/>
      <mustSupport value="false"/>
      <isModifier value="false"/>
      <isSummary value="false"/>
      <mapping>
        <identity value="rim"/>
        <map value="n/a"/>
      </mapping>
    </element>
    <element id="ProcedureRequest-ProcedureRequest.bodySite.extension">
      <path value="ProcedureRequest.bodySite.extension"/>
      <name value="ProcedureRequest-ProcedureRequest.bodySite.extension"/>
      <slicing id="1">
        <discriminator value="url"/>
        <ordered value="false"/>
        <rules value="open"/>
      </slicing>
      <short value="Additional Content defined by implementations"/>
      <definition value="May be used to represent additional information that is not part of the basic definition of the element. In order to make the use of extensions safe and manageable, there is a strict set of governance  applied to the definition and use of extensions. Though any implementer is allowed to define an extension, there is a set of requirements that SHALL be met as part of the definition of the extension."/>
      <comments value="There can be no stigma associated with the use of extensions by any application, project, or standard - regardless of the institution or jurisdiction that uses or defines the extensions.  The use of extensions is what allows the FHIR specification to retain a core level of simplicity for everyone."/>
      <alias value="extensions"/>
      <alias value="user content"/>
      <min value="0"/>
      <max value="*"/>
      <type>
        <code value="Extension"/>
      </type>
      <maxLength value="0"/>
      <mustSupport value="false"/>
      <isModifier value="false"/>
      <isSummary value="false"/>
      <mapping>
        <identity value="rim"/>
        <map value="n/a"/>
      </mapping>
    </element>
    <element id="laterality">
      <path value="ProcedureRequest.bodySite.extension"/>
      <name value="laterality"/>
      <definition value="Body side of the body location, if needed to distinguish from a similar location on the other side of the body.&#xA;&#xA;The laterality element is part of BodyLocation, a flexible structure that allows the location to be determined by a single code, or a code plus laterality and/or orientation. The body location can also be specified in relation to one or more body landmarks. SNOMED CT is used in all cases.&#xA;&#xA;+ Code only: The code should include (precoordinate) laterality and/orientation to the degree necessary to completely specify the body location.&#xA;+ Code plus laterality and/or orientation: The basic code augmented by codes specifying the body side and/or anatomical orientation.&#xA;+ Relation to landmark: The location relative to a landmark is specified by:&#xA;- Establishing the location and type of landmark using a body site code and optional laterality/orientation, and&#xA;- Specifying the direction and distance from the landmark to the body location.&#xA;&#xA;Note that BodyLocation is a data type (a reusable structure), not a stand-alone entity. The concept is similar to how a postal address can apply to a person, location, or organization. This contrasts with FHIR&#39;s stand-alone BodySite (aka BodyStructure in r4) which &#39;is not ... intended for describing the type of anatomical location but rather a specific body site on a specific patient&#39; (FHIR 3.5)."/>
      <min value="0"/>
      <max value="*"/>
      <base>
        <path value="ProcedureRequest.bodySite.extension"/>
        <min value="0"/>
        <max value="*"/>
      </base>
      <type>
        <code value="Extension"/>
        <profile value="http://hl7.org/fhir/us/shr/StructureDefinition/shr-core-Laterality-extension"/>
      </type>
      <maxLength value="0"/>
      <mustSupport value="false"/>
      <isModifier value="false"/>
      <isSummary value="false"/>
    </element>
    <element id="orientation">
      <path value="ProcedureRequest.bodySite.extension"/>
      <name value="orientation"/>
      <definition value="Orientation of the body location, if needed to distinguish from a similar location in another orientation.&#xA;The orientation element is part of BodyLocation, a flexible structure that allows the location to be determined by a single code, or a code plus laterality and/or orientation. The body location can also be specified in relation to one or more body landmarks. SNOMED CT is used in all cases.&#xA;&#xA;+ Code only: The code should include (precoordinate) laterality and/orientation to the degree necessary to completely specify the body location.&#xA;+ Code plus laterality and/or orientation: The basic code augmented by codes specifying the body side and/or anatomical orientation.&#xA;+ Relation to landmark: The location relative to a landmark is specified by:&#xA;- Establishing the location and type of landmark using a body site code and optional laterality/orientation, and&#xA;- Specifying the direction and distance from the landmark to the body location.&#xA;&#xA;Note that BodyLocation is a data type (a reusable structure), not a stand-alone entity. The concept is similar to how a postal address can apply to a person, location, or organization. This contrasts with FHIR&#39;s stand-alone BodySite (aka BodyStructure in r4) which &#39;is not ... intended for describing the type of anatomical location but rather a specific body site on a specific patient&#39; (FHIR 3.5)."/>
      <min value="0"/>
      <max value="*"/>
      <base>
        <path value="ProcedureRequest.bodySite.extension"/>
        <min value="0"/>
        <max value="*"/>
      </base>
      <type>
        <code value="Extension"/>
        <profile value="http://hl7.org/fhir/us/shr/StructureDefinition/shr-core-Orientation-extension"/>
      </type>
      <maxLength value="0"/>
      <mustSupport value="false"/>
      <isModifier value="false"/>
      <isSummary value="false"/>
    </element>
    <element id="relationtolandmark">
      <path value="ProcedureRequest.bodySite.extension"/>
      <name value="relationtolandmark"/>
      <definition value="The relationship between a landmark that helps determine a body location and the body location itself. The location relative to a landmark is specified by:&#xA;* Specifying the location and type of landmark using a body site code and optional laterality/orientation,&#xA;* Specifying the direction from the landmark to the body location, and&#xA;* Specifying the distance from the landmark to the body location.&#xA;&#xA;The RelationToLandmark element is part of BodyLocation, a flexible structure that allows the location to be determined by a single code, or a code plus laterality and/or orientation. The body location can also be specified in relation to one or more body landmarks. SNOMED CT is used in all cases.&#xA;&#xA;+ Code only: The code should include (precoordinate) laterality and/orientation to the degree necessary to completely specify the body location.&#xA;+ Code plus laterality and/or orientation: The basic code augmented by codes specifying the body side and/or anatomical orientation.&#xA;+ Relation to landmark: The location relative to a landmark is specified by:&#xA;- Establishing the location and type of landmark using a body site code and optional laterality/orientation, and&#xA;- Specifying the direction and distance from the landmark to the body location.&#xA;&#xA;Note that BodyLocation is a data type (a reusable structure), not a stand-alone entity. The concept is similar to how a postal address can apply to a person, location, or organization. This contrasts with FHIR&#39;s stand-alone BodySite (aka BodyStructure in r4) which &#39;is not ... intended for describing the type of anatomical location but rather a specific body site on a specific patient&#39; (FHIR 3.5)."/>
      <min value="0"/>
      <max value="*"/>
      <base>
        <path value="ProcedureRequest.bodySite.extension"/>
        <min value="0"/>
        <max value="*"/>
      </base>
      <type>
        <code value="Extension"/>
        <profile value="http://hl7.org/fhir/us/shr/StructureDefinition/shr-core-RelationToLandmark-extension"/>
      </type>
      <maxLength value="0"/>
      <mustSupport value="false"/>
      <isModifier value="false"/>
      <isSummary value="false"/>
    </element>
    <element id="ProcedureRequest-ProcedureRequest.bodySite.coding">
      <path value="ProcedureRequest.bodySite.coding"/>
      <name value="ProcedureRequest-ProcedureRequest.bodySite.coding"/>
      <short value="Code defined by a terminology system"/>
      <definition value="A reference to a code defined by a terminology system."/>
      <comments value="Codes may be defined very casually in enumerations, or code lists, up to very formal definitions such as SNOMED CT - see the HL7 v3 Core Principles for more information.  Ordering of codings is undefined and SHALL NOT be used to infer meaning. Generally, at most only one of the coding values will be labelled as UserSelected = true."/>
      <requirements value="Allows for translations and alternate encodings within a code system.  Also supports communication of the same instance to systems requiring different encodings."/>
      <min value="0"/>
      <max value="*"/>
      <type>
        <code value="Coding"/>
      </type>
      <maxLength value="0"/>
      <mustSupport value="false"/>
      <isModifier value="false"/>
      <isSummary value="true"/>
      <mapping>
        <identity value="orim"/>
        <map value="fhir:CodeableConcept.coding rdfs:subPropertyOf dt:CD.coding"/>
      </mapping>
      <mapping>
        <identity value="v2"/>
        <map value="C*E.1-8, C*E.10-22"/>
      </mapping>
      <mapping>
        <identity value="rim"/>
        <map value="union(., ./translation)"/>
      </mapping>
    </element>
    <element id="ProcedureRequest-ProcedureRequest.bodySite.text">
      <path value="ProcedureRequest.bodySite.text"/>
      <name value="ProcedureRequest-ProcedureRequest.bodySite.text"/>
      <short value="Plain text representation of the concept"/>
      <definition value="A human language representation of the concept as seen/selected/uttered by the user who entered the data and/or which represents the intended meaning of the user."/>
      <comments value="Very often the text is the same as a displayName of one of the codings."/>
      <requirements value="The codes from the terminologies do not always capture the correct meaning with all the nuances of the human using them, or sometimes there is no appropriate code at all. In these cases, the text is used to capture the full meaning of the source."/>
      <min value="0"/>
      <max value="1"/>
      <type>
        <code value="string"/>
      </type>
      <maxLength value="0"/>
      <mustSupport value="false"/>
      <isModifier value="false"/>
      <isSummary value="true"/>
      <mapping>
        <identity value="orim"/>
        <map value="fhir:CodeableConcept.text rdfs:subPropertyOf dt:CD.originalText"/>
      </mapping>
      <mapping>
        <identity value="v2"/>
        <map value="C*E.9. But note many systems use C*E.2 for this"/>
      </mapping>
      <mapping>
        <identity value="rim"/>
        <map value="./originalText[mediaType/code=&quot;text/plain&quot;]/data"/>
      </mapping>
    </element>
    <element id="ProcedureRequest-ProcedureRequest.reasonx">
      <path value="ProcedureRequest.reason[x]"/>
      <name value="ProcedureRequest-ProcedureRequest.reasonx"/>
      <short value="Why procedure should occur"/>
      <definition value="The reason why the procedure is being proposed or ordered. This procedure request may be motivated by a Condition for instance."/>
      <min value="0"/>
      <max value="1"/>
      <type>
        <code value="CodeableConcept"/>
      </type>
      <type>
        <code value="Reference"/>
        <profile value="http://hl7.org/fhir/us/shr/StructureDefinition/shr-core-Condition"/>
      </type>
      <maxLength value="0"/>
      <mustSupport value="false"/>
      <isModifier value="false"/>
      <isSummary value="true"/>
      <binding>
        <strength value="example"/>
        <description value="A code that explains the reason why a procedure is  required."/>
        <valueSetReference>
          <reference value="http://hl7.org/fhir/ValueSet/procedure-reason"/>
        </valueSetReference>
      </binding>
      <mapping>
        <identity value="quick"/>
        <map value="Action.indication.reason"/>
      </mapping>
    </element>
    <element id="ProcedureRequest-ProcedureRequest.scheduledx">
      <path value="ProcedureRequest.scheduled[x]"/>
      <name value="ProcedureRequest-ProcedureRequest.scheduledx"/>
      <short value="When procedure should occur"/>
      <definition value="The timing schedule for the proposed or ordered procedure. The Schedule data type allows many different expressions.  E.g. &quot;Every 8 hours&quot;; &quot;Three times a day&quot;; &quot;1/2 an hour before breakfast for 10 days from 23-Dec 2011:&quot;; &quot;15 Oct 2013, 17 Oct 2013 and 1 Nov 2013&quot;."/>
      <min value="0"/>
      <max value="1"/>
      <type>
        <code value="dateTime"/>
      </type>
      <type>
        <code value="Period"/>
      </type>
      <type>
        <code value="Timing"/>
        <profile value="http://hl7.org/fhir/us/shr/StructureDefinition/shr-core-Timing"/>
      </type>
      <maxLength value="0"/>
      <mustSupport value="false"/>
      <isModifier value="false"/>
      <isSummary value="true"/>
      <mapping>
        <identity value="quick"/>
        <map value="Procedure.procedureSchedule"/>
      </mapping>
      <mapping>
        <identity value="w5"/>
        <map value="when.planned"/>
      </mapping>
    </element>
    <element id="ProcedureRequest-ProcedureRequest.encounter">
      <path value="ProcedureRequest.encounter"/>
      <name value="ProcedureRequest-ProcedureRequest.encounter"/>
      <short value="Encounter request created during"/>
      <definition value="The encounter within which the procedure proposal or request was created."/>
      <min value="0"/>
      <max value="1"/>
      <type>
        <code value="Reference"/>
        <profile value="http://hl7.org/fhir/us/shr/StructureDefinition/shr-core-Encounter"/>
      </type>
      <maxLength value="0"/>
      <mustSupport value="false"/>
      <isModifier value="false"/>
      <isSummary value="true"/>
      <mapping>
        <identity value="quick"/>
        <map value="ClinicalStatement.encounter"/>
      </mapping>
      <mapping>
        <identity value="w5"/>
        <map value="context"/>
      </mapping>
    </element>
    <element id="ProcedureRequest-ProcedureRequest.performer">
      <path value="ProcedureRequest.performer"/>
      <name value="ProcedureRequest-ProcedureRequest.performer"/>
      <short value="Who should perform the procedure"/>
      <definition value="For example, the surgeon, anaethetist, endoscopist, etc."/>
      <min value="0"/>
      <max value="1"/>
      <type>
        <code value="Reference"/>
        <profile value="http://hl7.org/fhir/us/shr/StructureDefinition/shr-core-Practitioner"/>
        <profile value="http://hl7.org/fhir/us/shr/StructureDefinition/shr-core-Organization"/>
        <profile value="http://hl7.org/fhir/us/shr/StructureDefinition/shr-core-Patient"/>
        <profile value="http://hl7.org/fhir/us/shr/StructureDefinition/shr-core-RelatedPerson"/>
      </type>
      <maxLength value="0"/>
      <mustSupport value="false"/>
      <isModifier value="false"/>
      <isSummary value="true"/>
      <mapping>
        <identity value="w5"/>
        <map value="who.actor"/>
      </mapping>
    </element>
    <element id="ProcedureRequest-ProcedureRequest.status">
      <path value="ProcedureRequest.status"/>
      <name value="ProcedureRequest-ProcedureRequest.status"/>
      <short value="proposed | draft | requested | received | accepted | in-progress | completed | suspended | rejected | aborted"/>
      <definition value="The status of the order."/>
      <min value="1"/>
      <max value="1"/>
      <base>
        <path value="ProcedureRequest.status"/>
        <min value="0"/>
        <max value="1"/>
      </base>
      <type>
        <code value="code"/>
      </type>
      <maxLength value="0"/>
      <mustSupport value="false"/>
      <isModifier value="true"/>
      <isSummary value="true"/>
      <binding>
        <strength value="required"/>
        <description value="The status of the request."/>
        <valueSetReference>
          <reference value="http://hl7.org/fhir/ValueSet/procedure-request-status"/>
        </valueSetReference>
      </binding>
      <mapping>
        <identity value="quick"/>
        <map value="Action.currentStatus"/>
      </mapping>
      <mapping>
        <identity value="w5"/>
        <map value="status"/>
      </mapping>
    </element>
    <element id="ProcedureRequest-ProcedureRequest.notes">
      <path value="ProcedureRequest.notes"/>
      <name value="ProcedureRequest-ProcedureRequest.notes"/>
      <short value="Additional information about desired procedure"/>
      <definition value="Any other notes associated with this proposal or order - e.g. provider instructions."/>
      <min value="0"/>
      <max value="*"/>
      <type>
        <code value="Annotation"/>
        <profile value="http://hl7.org/fhir/us/shr/StructureDefinition/shr-core-Annotation"/>
      </type>
      <maxLength value="0"/>
      <mustSupport value="false"/>
      <isModifier value="false"/>
      <isSummary value="true"/>
      <mapping>
        <identity value="quick"/>
        <map value="ClinicalStatement.additionalText"/>
      </mapping>
    </element>
    <element id="ProcedureRequest-ProcedureRequest.asNeededx">
      <path value="ProcedureRequest.asNeeded[x]"/>
      <name value="ProcedureRequest-ProcedureRequest.asNeededx"/>
      <short value="Preconditions for procedure"/>
      <definition value="If a CodeableConcept is present, it indicates the pre-condition for performing the procedure."/>
      <min value="0"/>
      <max value="1"/>
      <type>
        <code value="boolean"/>
      </type>
      <type>
        <code value="CodeableConcept"/>
      </type>
      <maxLength value="0"/>
      <mustSupport value="false"/>
      <isModifier value="false"/>
      <isSummary value="true"/>
      <binding>
        <strength value="example"/>
        <description value="A coded concept identifying the pre-condition that should hold prior to performing a procedure.  For example &quot;pain&quot;, &quot;on flare-up&quot;, etc."/>
      </binding>
      <mapping>
        <identity value="quick"/>
        <map value="Proposal.prnReason.reason"/>
      </mapping>
    </element>
    <element id="ProcedureRequest-ProcedureRequest.orderedOn">
      <path value="ProcedureRequest.orderedOn"/>
      <name value="ProcedureRequest-ProcedureRequest.orderedOn"/>
      <short value="When request was created"/>
      <definition value="The time when the request was made."/>
      <min value="0"/>
      <max value="1"/>
      <type>
        <code value="dateTime"/>
      </type>
      <maxLength value="0"/>
      <mustSupport value="false"/>
      <isModifier value="false"/>
      <isSummary value="true"/>
      <mapping>
        <identity value="quick"/>
        <map value="Proposal.proposedAtTime"/>
      </mapping>
      <mapping>
        <identity value="w5"/>
        <map value="when.recorded"/>
      </mapping>
    </element>
    <element id="ProcedureRequest-ProcedureRequest.orderer">
      <path value="ProcedureRequest.orderer"/>
      <name value="ProcedureRequest-ProcedureRequest.orderer"/>
      <short value="Who made request"/>
      <definition value="The healthcare professional responsible for proposing or ordering the procedure."/>
      <min value="0"/>
      <max value="1"/>
      <type>
        <code value="Reference"/>
        <profile value="http://hl7.org/fhir/us/shr/StructureDefinition/shr-core-Practitioner"/>
        <profile value="http://hl7.org/fhir/us/shr/StructureDefinition/shr-core-Device"/>
      </type>
      <maxLength value="0"/>
      <mustSupport value="false"/>
      <isModifier value="false"/>
      <isSummary value="true"/>
      <mapping>
        <identity value="quick"/>
        <map value="ClinicalStatement.statementAuthor"/>
      </mapping>
      <mapping>
        <identity value="w5"/>
        <map value="who.author"/>
      </mapping>
    </element>
    <element id="ProcedureRequest-ProcedureRequest.priority">
      <path value="ProcedureRequest.priority"/>
      <name value="ProcedureRequest-ProcedureRequest.priority"/>
      <short value="routine | urgent | stat | asap"/>
      <definition value="The clinical priority associated with this order."/>
      <min value="0"/>
      <max value="1"/>
      <type>
        <code value="code"/>
      </type>
      <maxLength value="0"/>
      <mustSupport value="false"/>
      <isModifier value="false"/>
      <isSummary value="true"/>
      <binding>
        <strength value="required"/>
        <description value="The priority of the request."/>
        <valueSetReference>
          <reference value="http://hl7.org/fhir/ValueSet/procedure-request-priority"/>
        </valueSetReference>
      </binding>
      <mapping>
        <identity value="quick"/>
        <map value="Proposal.urgency"/>
      </mapping>
      <mapping>
        <identity value="w5"/>
        <map value="grade"/>
      </mapping>
    </element>
  </snapshot>
  <differential>
    <element id="ProcedureRequest-ProcedureRequest">
      <path value="ProcedureRequest"/>
      <name value="ProcedureRequest-ProcedureRequest"/>
      <short value="shr-core-ProcedureRequest"/>
      <definition value="A request for a procedure to be performed. May be a proposal or an order."/>
      <min value="0"/>
      <type>
        <code value="ProcedureRequest"/>
      </type>
      <maxLength value="0"/>
      <mustSupport value="false"/>
      <isModifier value="false"/>
      <isSummary value="true"/>
    </element>
    <element id="ProcedureRequest-ProcedureRequest.extension">
      <path value="ProcedureRequest.extension"/>
      <name value="ProcedureRequest-ProcedureRequest.extension"/>
      <slicing id="2">
        <discriminator value="url"/>
        <ordered value="false"/>
        <rules value="open"/>
      </slicing>
      <min value="1"/>
      <max value="*"/>
      <maxLength value="0"/>
      <mustSupport value="false"/>
      <isModifier value="false"/>
      <isSummary value="false"/>
    </element>
    <element id="requestintent">
      <path value="ProcedureRequest.extension"/>
      <name value="requestintent"/>
      <definition value="Indicates the level of authority/intentionality associated with the request and where the request fits into the workflow chain."/>
      <min value="1"/>
      <max value="1"/>
      <base>
        <path value="ProcedureRequest.extension"/>
        <min value="0"/>
        <max value="*"/>
      </base>
      <type>
        <code value="Extension"/>
        <profile value="http://hl7.org/fhir/us/shr/StructureDefinition/shr-core-RequestIntent-extension"/>
      </type>
      <maxLength value="0"/>
      <mustSupport value="false"/>
      <isModifier value="false"/>
      <isSummary value="false"/>
    </element>
    <element id="ProcedureRequest-ProcedureRequest.extension-requestintent.val">
      <path value="ProcedureRequest.extension.valueCodeableConcept"/>
      <name value="ProcedureRequest-ProcedureRequest.extension-requestintent.val"/>
      <min value="0"/>
      <maxLength value="0"/>
      <mustSupport value="false"/>
      <isModifier value="false"/>
      <isSummary value="false"/>
      <binding>
        <strength value="required"/>
        <valueSetReference>
          <reference value="http://hl7.org/fhir/ValueSet/request-intent"/>
        </valueSetReference>
      </binding>
    </element>
    <element id="expectedperformertype">
      <path value="ProcedureRequest.extension"/>
      <name value="expectedperformertype"/>
      <definition value="What type of party should carry out the testing."/>
      <min value="0"/>
      <max value="1"/>
      <base>
        <path value="ProcedureRequest.extension"/>
        <min value="0"/>
        <max value="*"/>
      </base>
      <type>
        <code value="Extension"/>
        <profile value="http://hl7.org/fhir/us/shr/StructureDefinition/shr-core-ExpectedPerformerType-extension"/>
      </type>
      <maxLength value="0"/>
      <mustSupport value="false"/>
      <isModifier value="false"/>
      <isSummary value="false"/>
    </element>
    <element id="communicationmethod">
      <path value="ProcedureRequest.extension"/>
      <name value="communicationmethod"/>
      <definition value="This is the method the provider used to communicate. Examples include: Written, Telephoned, Verbal, Electronically Entered, Policy, Service Correction, Duplicate, etc. &#39;Code indicating the origin of the prescription.&#39; - NCPDP Telecommunication (Field 419-DJ, Data Dictionary 201104). Possible values include: Written; Telephone; Electronic; Facsimile; Pharmacy; Not Known."/>
      <min value="0"/>
      <max value="1"/>
      <base>
        <path value="ProcedureRequest.extension"/>
        <min value="0"/>
        <max value="*"/>
      </base>
      <type>
        <code value="Extension"/>
        <profile value="http://hl7.org/fhir/us/shr/StructureDefinition/shr-core-CommunicationMethod-extension"/>
      </type>
      <maxLength value="0"/>
      <mustSupport value="false"/>
      <isModifier value="false"/>
      <isSummary value="false"/>
    </element>
    <element id="partof">
      <path value="ProcedureRequest.extension"/>
      <name value="partof"/>
      <definition value="The larger entity that the asserted item is a portion of. For example, an organization part of a larger organization, or an encounter with a hospitalist might be part of a larger hospitalization encounter."/>
      <min value="0"/>
      <max value="1"/>
      <base>
        <path value="ProcedureRequest.extension"/>
        <min value="0"/>
        <max value="*"/>
      </base>
      <type>
        <code value="Extension"/>
        <profile value="http://hl7.org/fhir/us/shr/StructureDefinition/shr-core-PartOf-extension"/>
      </type>
      <maxLength value="0"/>
      <mustSupport value="false"/>
      <isModifier value="false"/>
      <isSummary value="false"/>
    </element>
    <element id="ProcedureRequest-ProcedureRequest.extension-partof.val1">
      <path value="ProcedureRequest.extension.valueReference"/>
      <name value="ProcedureRequest-ProcedureRequest.extension-partof.val1"/>
      <short value="Procedure"/>
      <definition value="A procedure that has been performed."/>
      <min value="0"/>
      <type>
        <code value="Reference"/>
        <profile value="http://hl7.org/fhir/us/shr/StructureDefinition/shr-core-Procedure"/>
      </type>
      <maxLength value="0"/>
      <mustSupport value="false"/>
      <isModifier value="false"/>
      <isSummary value="false"/>
    </element>
    <element id="category">
      <path value="ProcedureRequest.extension"/>
      <name value="category"/>
      <definition value="The type, kind, or class of this item."/>
      <min value="0"/>
      <max value="1"/>
      <base>
        <path value="ProcedureRequest.extension"/>
        <min value="0"/>
        <max value="*"/>
      </base>
      <type>
        <code value="Extension"/>
        <profile value="http://hl7.org/fhir/us/shr/StructureDefinition/shr-core-Category-extension"/>
      </type>
      <maxLength value="0"/>
      <mustSupport value="false"/>
      <isModifier value="false"/>
      <isSummary value="false"/>
    </element>
    <element id="method">
      <path value="ProcedureRequest.extension"/>
      <name value="method"/>
      <definition value="The technique used to carry out an action, for example, the specific imaging technical or assessment vehicle."/>
      <min value="0"/>
      <max value="1"/>
      <base>
        <path value="ProcedureRequest.extension"/>
        <min value="0"/>
        <max value="*"/>
      </base>
      <type>
        <code value="Extension"/>
        <profile value="http://hl7.org/fhir/us/shr/StructureDefinition/shr-core-Method-extension"/>
      </type>
      <maxLength value="0"/>
      <mustSupport value="false"/>
      <isModifier value="false"/>
      <isSummary value="false"/>
    </element>
    <element id="location">
      <path value="ProcedureRequest.extension"/>
      <name value="location"/>
      <definition value="Services and space and equipment provided for a particular purpose; a building or place that provides a particular service or is used for a particular industry. Could be a clinical site, community site, or a mobile facility."/>
      <min value="0"/>
      <max value="1"/>
      <base>
        <path value="ProcedureRequest.extension"/>
        <min value="0"/>
        <max value="*"/>
      </base>
      <type>
        <code value="Extension"/>
        <profile value="http://hl7.org/fhir/us/shr/StructureDefinition/shr-core-Location-extension"/>
      </type>
      <maxLength value="0"/>
      <mustSupport value="false"/>
      <isModifier value="false"/>
      <isSummary value="false"/>
    </element>
    <element id="expectedperformer">
      <path value="ProcedureRequest.extension"/>
      <name value="expectedperformer"/>
      <definition value="A choice of Person (in any role) or organization as recipient of a request. Needed for mapping to FHIR."/>
      <min value="0"/>
      <max value="1"/>
      <base>
        <path value="ProcedureRequest.extension"/>
        <min value="0"/>
        <max value="*"/>
      </base>
      <type>
        <code value="Extension"/>
        <profile value="http://hl7.org/fhir/us/shr/StructureDefinition/shr-core-ExpectedPerformer-extension"/>
      </type>
      <maxLength value="0"/>
      <mustSupport value="false"/>
      <isModifier value="false"/>
      <isSummary value="false"/>
    </element>
    <element id="ProcedureRequest-ProcedureRequest.subject">
      <path value="ProcedureRequest.subject"/>
      <name value="ProcedureRequest-ProcedureRequest.subject"/>
      <min value="0"/>
      <base>
        <path value="ProcedureRequest.subject"/>
        <min value="1"/>
        <max value="1"/>
      </base>
      <type>
        <code value="Reference"/>
        <profile value="http://hl7.org/fhir/us/shr/StructureDefinition/shr-core-Patient"/>
        <profile value="http://hl7.org/fhir/us/shr/StructureDefinition/shr-core-Group"/>
      </type>
      <maxLength value="0"/>
      <mustSupport value="false"/>
      <isModifier value="false"/>
      <isSummary value="false"/>
    </element>
    <element id="ProcedureRequest-ProcedureRequest.code">
      <path value="ProcedureRequest.code"/>
      <name value="ProcedureRequest-ProcedureRequest.code"/>
      <min value="0"/>
      <maxLength value="0"/>
      <mustSupport value="false"/>
      <isModifier value="false"/>
      <isSummary value="false"/>
      <binding>
        <strength value="extensible"/>
        <valueSetReference>
          <reference value="http://hl7.org/fhir/us/core/ValueSet/us-core-procedure-code"/>
        </valueSetReference>
      </binding>
    </element>
    <element id="ProcedureRequest-ProcedureRequest.bodySite">
      <path value="ProcedureRequest.bodySite"/>
      <name value="ProcedureRequest-ProcedureRequest.bodySite"/>
      <min value="0"/>
      <maxLength value="0"/>
      <mustSupport value="false"/>
      <isModifier value="false"/>
      <isSummary value="false"/>
      <binding>
        <strength value="preferred"/>
        <valueSetReference>
          <reference value="http://hl7.org/fhir/us/mcode/shr/core/vs/BodyLocationVS"/>
        </valueSetReference>
      </binding>
    </element>
    <element id="ProcedureRequest-ProcedureRequest.bodySite.extension">
      <path value="ProcedureRequest.bodySite.extension"/>
      <name value="ProcedureRequest-ProcedureRequest.bodySite.extension"/>
      <slicing id="1">
        <discriminator value="url"/>
        <ordered value="false"/>
        <rules value="open"/>
      </slicing>
      <min value="0"/>
      <maxLength value="0"/>
      <mustSupport value="false"/>
      <isModifier value="false"/>
      <isSummary value="false"/>
    </element>
    <element id="laterality">
      <path value="ProcedureRequest.bodySite.extension"/>
      <name value="laterality"/>
      <definition value="Body side of the body location, if needed to distinguish from a similar location on the other side of the body.&#xA;&#xA;The laterality element is part of BodyLocation, a flexible structure that allows the location to be determined by a single code, or a code plus laterality and/or orientation. The body location can also be specified in relation to one or more body landmarks. SNOMED CT is used in all cases.&#xA;&#xA;+ Code only: The code should include (precoordinate) laterality and/orientation to the degree necessary to completely specify the body location.&#xA;+ Code plus laterality and/or orientation: The basic code augmented by codes specifying the body side and/or anatomical orientation.&#xA;+ Relation to landmark: The location relative to a landmark is specified by:&#xA;- Establishing the location and type of landmark using a body site code and optional laterality/orientation, and&#xA;- Specifying the direction and distance from the landmark to the body location.&#xA;&#xA;Note that BodyLocation is a data type (a reusable structure), not a stand-alone entity. The concept is similar to how a postal address can apply to a person, location, or organization. This contrasts with FHIR&#39;s stand-alone BodySite (aka BodyStructure in r4) which &#39;is not ... intended for describing the type of anatomical location but rather a specific body site on a specific patient&#39; (FHIR 3.5)."/>
      <min value="0"/>
      <max value="*"/>
      <base>
        <path value="ProcedureRequest.bodySite.extension"/>
        <min value="0"/>
        <max value="*"/>
      </base>
      <type>
        <code value="Extension"/>
        <profile value="http://hl7.org/fhir/us/shr/StructureDefinition/shr-core-Laterality-extension"/>
      </type>
      <maxLength value="0"/>
      <mustSupport value="false"/>
      <isModifier value="false"/>
      <isSummary value="false"/>
    </element>
    <element id="orientation">
      <path value="ProcedureRequest.bodySite.extension"/>
      <name value="orientation"/>
      <definition value="Orientation of the body location, if needed to distinguish from a similar location in another orientation.&#xA;The orientation element is part of BodyLocation, a flexible structure that allows the location to be determined by a single code, or a code plus laterality and/or orientation. The body location can also be specified in relation to one or more body landmarks. SNOMED CT is used in all cases.&#xA;&#xA;+ Code only: The code should include (precoordinate) laterality and/orientation to the degree necessary to completely specify the body location.&#xA;+ Code plus laterality and/or orientation: The basic code augmented by codes specifying the body side and/or anatomical orientation.&#xA;+ Relation to landmark: The location relative to a landmark is specified by:&#xA;- Establishing the location and type of landmark using a body site code and optional laterality/orientation, and&#xA;- Specifying the direction and distance from the landmark to the body location.&#xA;&#xA;Note that BodyLocation is a data type (a reusable structure), not a stand-alone entity. The concept is similar to how a postal address can apply to a person, location, or organization. This contrasts with FHIR&#39;s stand-alone BodySite (aka BodyStructure in r4) which &#39;is not ... intended for describing the type of anatomical location but rather a specific body site on a specific patient&#39; (FHIR 3.5)."/>
      <min value="0"/>
      <max value="*"/>
      <base>
        <path value="ProcedureRequest.bodySite.extension"/>
        <min value="0"/>
        <max value="*"/>
      </base>
      <type>
        <code value="Extension"/>
        <profile value="http://hl7.org/fhir/us/shr/StructureDefinition/shr-core-Orientation-extension"/>
      </type>
      <maxLength value="0"/>
      <mustSupport value="false"/>
      <isModifier value="false"/>
      <isSummary value="false"/>
    </element>
    <element id="relationtolandmark">
      <path value="ProcedureRequest.bodySite.extension"/>
      <name value="relationtolandmark"/>
      <definition value="The relationship between a landmark that helps determine a body location and the body location itself. The location relative to a landmark is specified by:&#xA;* Specifying the location and type of landmark using a body site code and optional laterality/orientation,&#xA;* Specifying the direction from the landmark to the body location, and&#xA;* Specifying the distance from the landmark to the body location.&#xA;&#xA;The RelationToLandmark element is part of BodyLocation, a flexible structure that allows the location to be determined by a single code, or a code plus laterality and/or orientation. The body location can also be specified in relation to one or more body landmarks. SNOMED CT is used in all cases.&#xA;&#xA;+ Code only: The code should include (precoordinate) laterality and/orientation to the degree necessary to completely specify the body location.&#xA;+ Code plus laterality and/or orientation: The basic code augmented by codes specifying the body side and/or anatomical orientation.&#xA;+ Relation to landmark: The location relative to a landmark is specified by:&#xA;- Establishing the location and type of landmark using a body site code and optional laterality/orientation, and&#xA;- Specifying the direction and distance from the landmark to the body location.&#xA;&#xA;Note that BodyLocation is a data type (a reusable structure), not a stand-alone entity. The concept is similar to how a postal address can apply to a person, location, or organization. This contrasts with FHIR&#39;s stand-alone BodySite (aka BodyStructure in r4) which &#39;is not ... intended for describing the type of anatomical location but rather a specific body site on a specific patient&#39; (FHIR 3.5)."/>
      <min value="0"/>
      <max value="*"/>
      <base>
        <path value="ProcedureRequest.bodySite.extension"/>
        <min value="0"/>
        <max value="*"/>
      </base>
      <type>
        <code value="Extension"/>
        <profile value="http://hl7.org/fhir/us/shr/StructureDefinition/shr-core-RelationToLandmark-extension"/>
      </type>
      <maxLength value="0"/>
      <mustSupport value="false"/>
      <isModifier value="false"/>
      <isSummary value="false"/>
    </element>
    <element id="ProcedureRequest-ProcedureRequest.reasonx">
      <path value="ProcedureRequest.reason[x]"/>
      <name value="ProcedureRequest-ProcedureRequest.reasonx"/>
      <min value="0"/>
      <type>
        <code value="CodeableConcept"/>
      </type>
      <type>
        <code value="Reference"/>
        <profile value="http://hl7.org/fhir/us/shr/StructureDefinition/shr-core-Condition"/>
      </type>
      <maxLength value="0"/>
      <mustSupport value="false"/>
      <isModifier value="false"/>
      <isSummary value="false"/>
    </element>
    <element id="ProcedureRequest-ProcedureRequest.scheduledx">
      <path value="ProcedureRequest.scheduled[x]"/>
      <name value="ProcedureRequest-ProcedureRequest.scheduledx"/>
      <min value="0"/>
      <type>
        <code value="dateTime"/>
      </type>
      <type>
        <code value="Period"/>
      </type>
      <type>
        <code value="Timing"/>
        <profile value="http://hl7.org/fhir/us/shr/StructureDefinition/shr-core-Timing"/>
      </type>
      <maxLength value="0"/>
      <mustSupport value="false"/>
      <isModifier value="false"/>
      <isSummary value="false"/>
    </element>
    <element id="ProcedureRequest-ProcedureRequest.encounter">
      <path value="ProcedureRequest.encounter"/>
      <name value="ProcedureRequest-ProcedureRequest.encounter"/>
      <min value="0"/>
      <type>
        <code value="Reference"/>
        <profile value="http://hl7.org/fhir/us/shr/StructureDefinition/shr-core-Encounter"/>
      </type>
      <maxLength value="0"/>
      <mustSupport value="false"/>
      <isModifier value="false"/>
      <isSummary value="false"/>
    </element>
    <element id="ProcedureRequest-ProcedureRequest.performer">
      <path value="ProcedureRequest.performer"/>
      <name value="ProcedureRequest-ProcedureRequest.performer"/>
      <min value="0"/>
      <type>
        <code value="Reference"/>
        <profile value="http://hl7.org/fhir/us/shr/StructureDefinition/shr-core-Practitioner"/>
        <profile value="http://hl7.org/fhir/us/shr/StructureDefinition/shr-core-Organization"/>
        <profile value="http://hl7.org/fhir/us/shr/StructureDefinition/shr-core-Patient"/>
        <profile value="http://hl7.org/fhir/us/shr/StructureDefinition/shr-core-RelatedPerson"/>
      </type>
      <maxLength value="0"/>
      <mustSupport value="false"/>
      <isModifier value="false"/>
      <isSummary value="false"/>
    </element>
    <element id="ProcedureRequest-ProcedureRequest.status">
      <path value="ProcedureRequest.status"/>
      <name value="ProcedureRequest-ProcedureRequest.status"/>
      <min value="1"/>
      <max value="1"/>
      <base>
        <path value="ProcedureRequest.status"/>
        <min value="0"/>
        <max value="1"/>
      </base>
      <maxLength value="0"/>
      <mustSupport value="false"/>
      <isModifier value="false"/>
      <isSummary value="false"/>
    </element>
    <element id="ProcedureRequest-ProcedureRequest.notes">
      <path value="ProcedureRequest.notes"/>
      <name value="ProcedureRequest-ProcedureRequest.notes"/>
      <min value="0"/>
      <type>
        <code value="Annotation"/>
        <profile value="http://hl7.org/fhir/us/shr/StructureDefinition/shr-core-Annotation"/>
      </type>
      <maxLength value="0"/>
      <mustSupport value="false"/>
      <isModifier value="false"/>
      <isSummary value="false"/>
    </element>
    <element id="ProcedureRequest-ProcedureRequest.orderer">
      <path value="ProcedureRequest.orderer"/>
      <name value="ProcedureRequest-ProcedureRequest.orderer"/>
      <min value="0"/>
      <type>
        <code value="Reference"/>
        <profile value="http://hl7.org/fhir/us/shr/StructureDefinition/shr-core-Practitioner"/>
        <profile value="http://hl7.org/fhir/us/shr/StructureDefinition/shr-core-Device"/>
      </type>
      <maxLength value="0"/>
      <mustSupport value="false"/>
      <isModifier value="false"/>
      <isSummary value="false"/>
    </element>
  </differential>
</StructureDefinition>