<?xml version="1.0" encoding="UTF-8"?>

<StructureDefinition xmlns="http://hl7.org/fhir">
  <id value="obf-Insurance-extension"/>
  <text>
    <status value="generated"/><div xmlns="http://www.w3.org/1999/xhtml">
  <p><b>Insurance Extension</b></p>
  <p>Insurance plans, coverage extensions, pre-authorizations and/or pre-determinations that may be needed for delivering the requested service.</p>
</div>
  </text>
  <url value="http://mcodeinitiative.org/us/mcode/StructureDefinition/obf-Insurance-extension"/>
  <version value="0.9.1"/>
  <name value="Insurance"/>
  <display value="obf-Insurance"/>
  <status value="draft"/>
  <publisher value="The MITRE Corporation"/>
  <contact>
    <telecom>
      <system value="other"/>
      <value value="http://standardhealthrecord.org"/>
      <rank value="0"/>
    </telecom>
  </contact>
  <date value="2019-10-23T00:00:00-04:00"/>
  <description value="Insurance plans, coverage extensions, pre-authorizations and/or pre-determinations that may be needed for delivering the requested service."/>
  <fhirVersion value="1.0.2"/>
  <kind value="datatype"/>
  <constrainedType value="Extension"/>
  <abstract value="false"/>
  <contextType value="resource"/>
  <context value="*"/>
  <base value="http://hl7.org/fhir/StructureDefinition/Extension"/>
  <snapshot>
    <element id="Extension">
      <path value="Extension"/>
      <name value="Extension"/>
      <short value="Insurance"/>
      <definition value="Insurance plans, coverage extensions, pre-authorizations and/or pre-determinations that may be needed for delivering the requested service."/>
      <min value="0"/>
      <max value="*"/>
      <base>
        <path value="Extension"/>
        <min value="0"/>
        <max value="*"/>
      </base>
      <type>
        <code value="Extension"/>
      </type>
      <maxLength value="0"/>
      <mustSupport value="false"/>
      <isModifier value="false"/>
      <isSummary value="false"/>
      <mapping>
        <identity value="rim"/>
        <map value="N/A"/>
      </mapping>
    </element>
    <element id="Extension.id">
      <path value="Extension.id"/>
      <representation value="xmlAttr"/>
      <name value="Extension.id"/>
      <short value="xml:id (or equivalent in JSON)"/>
      <definition value="unique id for the element within a resource (for internal references)."/>
      <min value="0"/>
      <max value="1"/>
      <base>
        <path value="Element.id"/>
        <min value="0"/>
        <max value="1"/>
      </base>
      <type>
        <code value="id"/>
      </type>
      <maxLength value="0"/>
      <mustSupport value="false"/>
      <isModifier value="false"/>
      <isSummary value="false"/>
      <mapping>
        <identity value="rim"/>
        <map value="n/a"/>
      </mapping>
    </element>
    <element id="Extension.extension">
      <path value="Extension.extension"/>
      <name value="Extension.extension"/>
      <short value="Additional Content defined by implementations"/>
      <definition value="May be used to represent additional information that is not part of the basic definition of the element. In order to make the use of extensions safe and manageable, there is a strict set of governance  applied to the definition and use of extensions. Though any implementer is allowed to define an extension, there is a set of requirements that SHALL be met as part of the definition of the extension."/>
      <comments value="There can be no stigma associated with the use of extensions by any application, project, or standard - regardless of the institution or jurisdiction that uses or defines the extensions.  The use of extensions is what allows the FHIR specification to retain a core level of simplicity for everyone."/>
      <alias value="extensions"/>
      <alias value="user content"/>
      <min value="0"/>
      <max value="0"/>
      <base>
        <path value="Element.extension"/>
        <min value="0"/>
        <max value="*"/>
      </base>
      <type>
        <code value="Extension"/>
      </type>
      <maxLength value="0"/>
      <mustSupport value="false"/>
      <isModifier value="false"/>
      <isSummary value="false"/>
      <mapping>
        <identity value="rim"/>
        <map value="n/a"/>
      </mapping>
    </element>
    <element id="Extension.url">
      <path value="Extension.url"/>
      <representation value="xmlAttr"/>
      <name value="Extension.url"/>
      <short value="identifies the meaning of the extension"/>
      <definition value="Source of the definition for the extension code - a logical name or a URL."/>
      <comments value="The definition may point directly to a computable or human-readable definition of the extensibility codes, or it may be a logical URI as declared in some other specification. The definition should be version specific.  This will ideally be the URI for the Resource Profile defining the extension, with the code for the extension after a #."/>
      <min value="1"/>
      <max value="1"/>
      <base>
        <path value="Extension.url"/>
        <min value="1"/>
        <max value="1"/>
      </base>
      <type>
        <code value="uri"/>
      </type>
      <fixedUri value="http://mcodeinitiative.org/us/mcode/StructureDefinition/obf-Insurance-extension"/>
      <maxLength value="0"/>
      <mustSupport value="false"/>
      <isModifier value="false"/>
      <isSummary value="false"/>
      <mapping>
        <identity value="rim"/>
        <map value="N/A"/>
      </mapping>
    </element>
    <element id="Extension.valueReference">
      <path value="Extension.valueReference"/>
      <name value="Extension.valueReference"/>
      <short value="Value of extension"/>
      <definition value="Value of extension - may be a resource or one of a constrained set of the data types (see Extensibility in the spec for list)."/>
      <min value="1"/>
      <max value="1"/>
      <base>
        <path value="Extension.value[x]"/>
        <min value="0"/>
        <max value="1"/>
      </base>
      <type>
        <code value="Reference"/>
        <profile value="http://hl7.org/fhir/StructureDefinition/Coverage"/>
      </type>
      <maxLength value="0"/>
      <mustSupport value="false"/>
      <isModifier value="false"/>
      <isSummary value="false"/>
      <mapping>
        <identity value="rim"/>
        <map value="N/A"/>
      </mapping>
    </element>
  </snapshot>
  <differential>
    <element id="Extension">
      <path value="Extension"/>
      <name value="Extension"/>
      <short value="Insurance"/>
      <definition value="Insurance plans, coverage extensions, pre-authorizations and/or pre-determinations that may be needed for delivering the requested service."/>
      <min value="0"/>
      <max value="*"/>
      <type>
        <code value="Extension"/>
      </type>
      <maxLength value="0"/>
      <mustSupport value="false"/>
      <isModifier value="false"/>
      <isSummary value="false"/>
    </element>
    <element id="Extension.extension">
      <path value="Extension.extension"/>
      <name value="Extension.extension"/>
      <min value="0"/>
      <max value="0"/>
      <maxLength value="0"/>
      <mustSupport value="false"/>
      <isModifier value="false"/>
      <isSummary value="false"/>
    </element>
    <element id="Extension.url">
      <path value="Extension.url"/>
      <name value="Extension.url"/>
      <min value="0"/>
      <fixedUri value="http://mcodeinitiative.org/us/mcode/StructureDefinition/obf-Insurance-extension"/>
      <maxLength value="0"/>
      <mustSupport value="false"/>
      <isModifier value="false"/>
      <isSummary value="false"/>
    </element>
    <element id="Extension.valueReference">
      <path value="Extension.valueReference"/>
      <name value="Extension.valueReference"/>
      <min value="1"/>
      <type>
        <code value="Reference"/>
        <profile value="http://hl7.org/fhir/StructureDefinition/Coverage"/>
      </type>
      <maxLength value="0"/>
      <mustSupport value="false"/>
      <isModifier value="false"/>
      <isSummary value="false"/>
    </element>
  </differential>
</StructureDefinition>