<?xml version="1.0" encoding="UTF-8"?>

<StructureDefinition xmlns="http://hl7.org/fhir">
  <id value="shr-core-EncounterOrEpisode"/>
  <text>
    <status value="generated"/><div xmlns="http://www.w3.org/1999/xhtml">
  <p><b>EncounterOrEpisode Profile</b></p>
  <p>Abstract element representing a group of services delivered to a patient.</p>
  <p><b>Mapping Summary</b></p>
  <p><pre>shr.core.EncounterOrEpisode maps to DomainResource:
  _Entry.EntryId maps to id
  Language maps to language
  Narrative maps to text
  ImplicitRules maps to implicitRules
  Metadata.VersionId maps to meta.versionId
  Metadata.Profile maps to meta.profile
  Metadata.LastUpdated maps to meta.lastUpdated
  Metadata.SecurityLabel maps to meta.security
  Metadata.Tag maps to meta.tag
</pre></p>
</div>
  </text>
  <url value="http://hl7.org/fhir/us/shr/StructureDefinition/shr-core-EncounterOrEpisode"/>
  <identifier>
    <system value="http://hl7.org/fhir/us/mcode"/>
    <value value="shr.core.EncounterOrEpisode"/>
  </identifier>
  <version value="0.9.0 Beta 1"/>
  <name value="EncounterOrEpisode"/>
  <display value="shr-core-EncounterOrEpisode"/>
  <status value="draft"/>
  <publisher value="The MITRE Corporation"/>
  <contact>
    <telecom>
      <system value="other"/>
      <value value="http://standardhealthrecord.org"/>
      <rank value="0"/>
    </telecom>
  </contact>
  <date value="2019-04-10T00:00:00-04:00"/>
  <description value="Abstract element representing a group of services delivered to a patient."/>
  <fhirVersion value="1.0.2"/>
  <mapping>
    <identity value="rim"/>
    <uri value="http://hl7.org/v3"/>
    <name value="RIM"/>
  </mapping>
  <kind value="resource"/>
  <constrainedType value="DomainResource"/>
  <abstract value="true"/>
  <base value="http://hl7.org/fhir/StructureDefinition/DomainResource"/>
  <snapshot>
    <element id="DomainResource-EncounterOrEpisode">
      <path value="DomainResource"/>
      <name value="DomainResource-EncounterOrEpisode"/>
      <short value="shr-core-EncounterOrEpisode"/>
      <definition value="Abstract element representing a group of services delivered to a patient."/>
      <min value="0"/>
      <max value="*"/>
      <type>
        <code value="DomainResource"/>
      </type>
      <maxLength value="0"/>
      <constraint>
        <key value="dom-4"/>
        <severity value="error"/>
        <human value="If a resource is contained in another resource, it SHALL NOT have a meta.versionId or a meta.lastUpdated"/>
        <xpath value="not(exists(f:contained/*/f:meta/f:versionId)) and not(exists(f:contained/*/f:meta/f:lastUpdated))"/>
      </constraint>
      <constraint>
        <key value="dom-3"/>
        <severity value="error"/>
        <human value="If the resource is contained in another resource, it SHALL be referred to from elsewhere in the resource"/>
        <xpath value="not(exists(for $id in f:contained/*/@id return $id[not(ancestor::f:contained/parent::*/descendant::f:reference/@value=concat(&#39;#&#39;, $id))]))"/>
      </constraint>
      <constraint>
        <key value="dom-2"/>
        <severity value="error"/>
        <human value="If the resource is contained in another resource, it SHALL NOT contain nested Resources"/>
        <xpath value="not(parent::f:contained and f:contained)"/>
      </constraint>
      <constraint>
        <key value="dom-1"/>
        <severity value="error"/>
        <human value="If the resource is contained in another resource, it SHALL NOT contain any narrative"/>
        <xpath value="not(parent::f:contained and f:text)"/>
      </constraint>
      <mustSupport value="false"/>
      <isModifier value="false"/>
      <isSummary value="false"/>
      <mapping>
        <identity value="rim"/>
        <map value="Entity. Role, or Act"/>
      </mapping>
    </element>
    <element id="DomainResource-EncounterOrEpisode.id">
      <path value="DomainResource.id"/>
      <name value="DomainResource-EncounterOrEpisode.id"/>
      <short value="Logical id of this artifact"/>
      <definition value="The logical id of the resource, as used in the URL for the resource. Once assigned, this value never changes."/>
      <comments value="The only time that a resource does not have an id is when it is being submitted to the server using a create operation. Bundles always have an id, though it is usually a generated UUID."/>
      <min value="0"/>
      <max value="1"/>
      <type>
        <code value="id"/>
      </type>
      <maxLength value="0"/>
      <mustSupport value="false"/>
      <isModifier value="false"/>
      <isSummary value="true"/>
    </element>
    <element id="DomainResource-EncounterOrEpisode.meta">
      <path value="DomainResource.meta"/>
      <name value="DomainResource-EncounterOrEpisode.meta"/>
      <short value="Metadata about the resource"/>
      <definition value="The metadata about the resource. This is content that is maintained by the infrastructure. Changes to the content may not always be associated with version changes to the resource."/>
      <min value="0"/>
      <max value="1"/>
      <type>
        <code value="Meta"/>
      </type>
      <maxLength value="0"/>
      <mustSupport value="false"/>
      <isModifier value="false"/>
      <isSummary value="true"/>
    </element>
    <element id="DomainResource-EncounterOrEpisode.implicitRules">
      <path value="DomainResource.implicitRules"/>
      <name value="DomainResource-EncounterOrEpisode.implicitRules"/>
      <short value="A set of rules under which this content was created"/>
      <definition value="A reference to a set of rules that were followed when the resource was constructed, and which must be understood when processing the content."/>
      <comments value="Asserting this rule set restricts the content to be only understood by a limited set of trading partners. This inherently limits the usefulness of the data in the long term. However, the existing health eco-system is highly fractured, and not yet ready to define, collect, and exchange data in a generally computable sense. Wherever possible, implementers and/or specification writers should avoid using this element as much as possible."/>
      <min value="0"/>
      <max value="1"/>
      <type>
        <code value="uri"/>
      </type>
      <maxLength value="0"/>
      <mustSupport value="false"/>
      <isModifier value="true"/>
      <isSummary value="true"/>
    </element>
    <element id="DomainResource-EncounterOrEpisode.language">
      <path value="DomainResource.language"/>
      <name value="DomainResource-EncounterOrEpisode.language"/>
      <short value="Language of the resource content"/>
      <definition value="The base language in which the resource is written."/>
      <comments value="Language is provided to support indexing and accessibility (typically, services such as text to speech use the language tag). The html language tag in the narrative applies  to the narrative. The language tag on the resource may be used to specify the language of other presentations generated from the data in the resource  Not all the content has to be in the base language. The Resource.language should not be assumed to apply to the narrative automatically. If a language is specified, it should it also be specified on the div element in the html (see rules in HTML5 for information about the relationship between xml:lang and the html lang attribute)."/>
      <min value="0"/>
      <max value="1"/>
      <type>
        <code value="code"/>
      </type>
      <maxLength value="0"/>
      <mustSupport value="false"/>
      <isModifier value="false"/>
      <isSummary value="false"/>
      <binding>
        <strength value="required"/>
        <description value="A human language."/>
        <valueSetReference>
          <reference value="http://tools.ietf.org/html/bcp47"/>
        </valueSetReference>
      </binding>
    </element>
    <element id="DomainResource-EncounterOrEpisode.text">
      <path value="DomainResource.text"/>
      <name value="DomainResource-EncounterOrEpisode.text"/>
      <short value="Text summary of the resource, for human interpretation"/>
      <definition value="A human-readable narrative that contains a summary of the resource, and may be used to represent the content of the resource to a human. The narrative need not encode all the structured data, but is required to contain sufficient detail to make it &quot;clinically safe&quot; for a human to just read the narrative. Resource definitions may define what content should be represented in the narrative to ensure clinical safety."/>
      <comments value="Contained resources do not have narrative. Resources that are not contained SHOULD have a narrative."/>
      <alias value="narrative"/>
      <alias value="html"/>
      <alias value="xhtml"/>
      <alias value="display"/>
      <min value="0"/>
      <max value="1"/>
      <type>
        <code value="Narrative"/>
      </type>
      <maxLength value="0"/>
      <condition value="dom-1"/>
      <mustSupport value="false"/>
      <isModifier value="false"/>
      <isSummary value="false"/>
      <mapping>
        <identity value="rim"/>
        <map value="Act.text?"/>
      </mapping>
    </element>
    <element id="DomainResource-EncounterOrEpisode.contained">
      <path value="DomainResource.contained"/>
      <name value="DomainResource-EncounterOrEpisode.contained"/>
      <short value="Contained, inline Resources"/>
      <definition value="These resources do not have an independent existence apart from the resource that contains them - they cannot be identified independently, and nor can they have their own independent transaction scope."/>
      <comments value="This should never be done when the content can be identified properly, as once identification is lost, it is extremely difficult (and context dependent) to restore it again."/>
      <alias value="inline resources"/>
      <alias value="anonymous resources"/>
      <alias value="contained resources"/>
      <min value="0"/>
      <max value="*"/>
      <type>
        <code value="Resource"/>
      </type>
      <maxLength value="0"/>
      <mustSupport value="false"/>
      <isModifier value="false"/>
      <isSummary value="false"/>
      <mapping>
        <identity value="rim"/>
        <map value="N/A"/>
      </mapping>
    </element>
    <element id="DomainResource-EncounterOrEpisode.extension">
      <path value="DomainResource.extension"/>
      <name value="DomainResource-EncounterOrEpisode.extension"/>
      <slicing id="1">
        <discriminator value="url"/>
        <ordered value="false"/>
        <rules value="open"/>
      </slicing>
      <short value="Additional Content defined by implementations"/>
      <definition value="May be used to represent additional information that is not part of the basic definition of the resource. In order to make the use of extensions safe and manageable, there is a strict set of governance  applied to the definition and use of extensions. Though any implementer is allowed to define an extension, there is a set of requirements that SHALL be met as part of the definition of the extension."/>
      <comments value="There can be no stigma associated with the use of extensions by any application, project, or standard - regardless of the institution or jurisdiction that uses or defines the extensions.  The use of extensions is what allows the FHIR specification to retain a core level of simplicity for everyone."/>
      <alias value="extensions"/>
      <alias value="user content"/>
      <min value="2"/>
      <max value="*"/>
      <type>
        <code value="Extension"/>
      </type>
      <maxLength value="0"/>
      <mustSupport value="false"/>
      <isModifier value="false"/>
      <isSummary value="false"/>
      <mapping>
        <identity value="rim"/>
        <map value="N/A"/>
      </mapping>
    </element>
    <element id="status">
      <path value="DomainResource.extension"/>
      <name value="status"/>
      <definition value="A state that relates to the workflow or interpretation of this resource. Certain status values can modify the meaning of the resource, for example, entered-in-error. When a boolean value is used, Status of true indicates the record is active, false means inactive."/>
      <min value="1"/>
      <max value="1"/>
      <base>
        <path value="DomainResource.extension"/>
        <min value="0"/>
        <max value="*"/>
      </base>
      <type>
        <code value="Extension"/>
        <profile value="http://hl7.org/fhir/us/shr/StructureDefinition/shr-core-Status-extension"/>
      </type>
      <maxLength value="0"/>
      <mustSupport value="false"/>
      <isModifier value="false"/>
      <isSummary value="false"/>
    </element>
    <element id="identifier">
      <path value="DomainResource.extension"/>
      <name value="identifier"/>
      <definition value="Business identifier or external id for this resource."/>
      <min value="0"/>
      <max value="*"/>
      <base>
        <path value="DomainResource.extension"/>
        <min value="0"/>
        <max value="*"/>
      </base>
      <type>
        <code value="Extension"/>
        <profile value="http://hl7.org/fhir/us/shr/StructureDefinition/shr-core-Identifier-extension"/>
      </type>
      <maxLength value="0"/>
      <mustSupport value="false"/>
      <isModifier value="false"/>
      <isSummary value="false"/>
    </element>
    <element id="statushistory">
      <path value="DomainResource.extension"/>
      <name value="statushistory"/>
      <definition value="List of past encounter statuses"/>
      <min value="0"/>
      <max value="*"/>
      <base>
        <path value="DomainResource.extension"/>
        <min value="0"/>
        <max value="*"/>
      </base>
      <type>
        <code value="Extension"/>
        <profile value="http://hl7.org/fhir/us/shr/StructureDefinition/shr-core-StatusHistory-extension"/>
      </type>
      <maxLength value="0"/>
      <mustSupport value="false"/>
      <isModifier value="false"/>
      <isSummary value="false"/>
    </element>
    <element id="timeperiod">
      <path value="DomainResource.extension"/>
      <name value="timeperiod"/>
      <definition value="A period of time defined by a start and end time, date, or year.&#xA;If the start element is missing, the start of the period is not known. If the end element is missing, it means that the period is ongoing, or the start may be in the past, and the end date in the future, which means that period is expected/planned to end at the specified time. The end value includes any matching date/time. For example, the period 2011-05-23 to 2011-05-27 includes all the times from the start of the 23rd May through to the end of the 27th of May."/>
      <min value="0"/>
      <max value="1"/>
      <base>
        <path value="DomainResource.extension"/>
        <min value="0"/>
        <max value="*"/>
      </base>
      <type>
        <code value="Extension"/>
        <profile value="http://hl7.org/fhir/us/shr/StructureDefinition/shr-core-TimePeriod-extension"/>
      </type>
      <maxLength value="0"/>
      <mustSupport value="false"/>
      <isModifier value="false"/>
      <isSummary value="false"/>
    </element>
    <element id="encounterdiagnosis">
      <path value="DomainResource.extension"/>
      <name value="encounterdiagnosis"/>
      <definition value="A diagnosis, which is a disease or injury determined to be present through evaluation of patient history, examination, and/or review of laboratory data. This element is not a stand-alone representation of the condition that was diagnosed, but is meant to be used as an sub-structure in a resource, such as Encounter."/>
      <min value="0"/>
      <max value="*"/>
      <base>
        <path value="DomainResource.extension"/>
        <min value="0"/>
        <max value="*"/>
      </base>
      <type>
        <code value="Extension"/>
        <profile value="http://hl7.org/fhir/us/shr/StructureDefinition/shr-core-EncounterDiagnosis-extension"/>
      </type>
      <maxLength value="0"/>
      <mustSupport value="false"/>
      <isModifier value="false"/>
      <isSummary value="false"/>
    </element>
    <element id="patientsubjectofrecord">
      <path value="DomainResource.extension"/>
      <name value="patientsubjectofrecord"/>
      <definition value="The SubjectOfRecord when restricted to being a Patient resource."/>
      <min value="1"/>
      <max value="1"/>
      <base>
        <path value="DomainResource.extension"/>
        <min value="0"/>
        <max value="*"/>
      </base>
      <type>
        <code value="Extension"/>
        <profile value="http://hl7.org/fhir/us/shr/StructureDefinition/shr-core-PatientSubjectOfRecord-extension"/>
      </type>
      <maxLength value="0"/>
      <mustSupport value="false"/>
      <isModifier value="false"/>
      <isSummary value="false"/>
    </element>
    <element id="type">
      <path value="DomainResource.extension"/>
      <name value="type"/>
      <definition value="A code describing the item at a greater level of detail."/>
      <min value="0"/>
      <max value="*"/>
      <base>
        <path value="DomainResource.extension"/>
        <min value="0"/>
        <max value="*"/>
      </base>
      <type>
        <code value="Extension"/>
        <profile value="http://hl7.org/fhir/us/shr/StructureDefinition/shr-core-Type-extension"/>
      </type>
      <maxLength value="0"/>
      <mustSupport value="false"/>
      <isModifier value="false"/>
      <isSummary value="false"/>
    </element>
    <element id="organization">
      <path value="DomainResource.extension"/>
      <name value="organization"/>
      <definition value="A social or legal structure formed by human beings.&#xA;&#xA;Organization type is restricted to 0..1 in FHIR DSTU2, similarly restricted here."/>
      <min value="0"/>
      <max value="1"/>
      <base>
        <path value="DomainResource.extension"/>
        <min value="0"/>
        <max value="*"/>
      </base>
      <type>
        <code value="Extension"/>
        <profile value="http://hl7.org/fhir/us/shr/StructureDefinition/shr-core-Organization-extension"/>
      </type>
      <maxLength value="0"/>
      <mustSupport value="false"/>
      <isModifier value="false"/>
      <isSummary value="false"/>
    </element>
    <element id="referralrequest">
      <path value="DomainResource.extension"/>
      <name value="referralrequest"/>
      <definition value="Used to record and send details about a request for referral service or transfer of a patient to the care of another provider or provider organization."/>
      <min value="0"/>
      <max value="*"/>
      <base>
        <path value="DomainResource.extension"/>
        <min value="0"/>
        <max value="*"/>
      </base>
      <type>
        <code value="Extension"/>
        <profile value="http://hl7.org/fhir/us/shr/StructureDefinition/shr-core-ReferralRequest-extension"/>
      </type>
      <maxLength value="0"/>
      <mustSupport value="false"/>
      <isModifier value="false"/>
      <isSummary value="false"/>
    </element>
    <element id="DomainResource-EncounterOrEpisode.modifierExtension">
      <path value="DomainResource.modifierExtension"/>
      <name value="DomainResource-EncounterOrEpisode.modifierExtension"/>
      <short value="Extensions that cannot be ignored"/>
      <definition value="May be used to represent additional information that is not part of the basic definition of the resource, and that modifies the understanding of the element that contains it. Usually modifier elements provide negation or qualification. In order to make the use of extensions safe and manageable, there is a strict set of governance applied to the definition and use of extensions. Though any implementer is allowed to define an extension, there is a set of requirements that SHALL be met as part of the definition of the extension. Applications processing a resource are required to check for modifier extensions."/>
      <comments value="There can be no stigma associated with the use of extensions by any application, project, or standard - regardless of the institution or jurisdiction that uses or defines the extensions.  The use of extensions is what allows the FHIR specification to retain a core level of simplicity for everyone."/>
      <alias value="extensions"/>
      <alias value="user content"/>
      <min value="0"/>
      <max value="*"/>
      <type>
        <code value="Extension"/>
      </type>
      <maxLength value="0"/>
      <mustSupport value="false"/>
      <isModifier value="true"/>
      <isSummary value="false"/>
      <mapping>
        <identity value="rim"/>
        <map value="N/A"/>
      </mapping>
    </element>
  </snapshot>
  <differential>
    <element id="DomainResource-EncounterOrEpisode">
      <path value="DomainResource"/>
      <name value="DomainResource-EncounterOrEpisode"/>
      <short value="shr-core-EncounterOrEpisode"/>
      <definition value="Abstract element representing a group of services delivered to a patient."/>
      <min value="0"/>
      <type>
        <code value="DomainResource"/>
      </type>
      <maxLength value="0"/>
      <mustSupport value="false"/>
      <isModifier value="false"/>
      <isSummary value="false"/>
    </element>
    <element id="DomainResource-EncounterOrEpisode.extension">
      <path value="DomainResource.extension"/>
      <name value="DomainResource-EncounterOrEpisode.extension"/>
      <slicing id="1">
        <discriminator value="url"/>
        <ordered value="false"/>
        <rules value="open"/>
      </slicing>
      <min value="2"/>
      <max value="*"/>
      <maxLength value="0"/>
      <mustSupport value="false"/>
      <isModifier value="false"/>
      <isSummary value="false"/>
    </element>
    <element id="status">
      <path value="DomainResource.extension"/>
      <name value="status"/>
      <definition value="A state that relates to the workflow or interpretation of this resource. Certain status values can modify the meaning of the resource, for example, entered-in-error. When a boolean value is used, Status of true indicates the record is active, false means inactive."/>
      <min value="1"/>
      <max value="1"/>
      <base>
        <path value="DomainResource.extension"/>
        <min value="0"/>
        <max value="*"/>
      </base>
      <type>
        <code value="Extension"/>
        <profile value="http://hl7.org/fhir/us/shr/StructureDefinition/shr-core-Status-extension"/>
      </type>
      <maxLength value="0"/>
      <mustSupport value="false"/>
      <isModifier value="false"/>
      <isSummary value="false"/>
    </element>
    <element id="identifier">
      <path value="DomainResource.extension"/>
      <name value="identifier"/>
      <definition value="Business identifier or external id for this resource."/>
      <min value="0"/>
      <max value="*"/>
      <base>
        <path value="DomainResource.extension"/>
        <min value="0"/>
        <max value="*"/>
      </base>
      <type>
        <code value="Extension"/>
        <profile value="http://hl7.org/fhir/us/shr/StructureDefinition/shr-core-Identifier-extension"/>
      </type>
      <maxLength value="0"/>
      <mustSupport value="false"/>
      <isModifier value="false"/>
      <isSummary value="false"/>
    </element>
    <element id="statushistory">
      <path value="DomainResource.extension"/>
      <name value="statushistory"/>
      <definition value="List of past encounter statuses"/>
      <min value="0"/>
      <max value="*"/>
      <base>
        <path value="DomainResource.extension"/>
        <min value="0"/>
        <max value="*"/>
      </base>
      <type>
        <code value="Extension"/>
        <profile value="http://hl7.org/fhir/us/shr/StructureDefinition/shr-core-StatusHistory-extension"/>
      </type>
      <maxLength value="0"/>
      <mustSupport value="false"/>
      <isModifier value="false"/>
      <isSummary value="false"/>
    </element>
    <element id="timeperiod">
      <path value="DomainResource.extension"/>
      <name value="timeperiod"/>
      <definition value="A period of time defined by a start and end time, date, or year.&#xA;If the start element is missing, the start of the period is not known. If the end element is missing, it means that the period is ongoing, or the start may be in the past, and the end date in the future, which means that period is expected/planned to end at the specified time. The end value includes any matching date/time. For example, the period 2011-05-23 to 2011-05-27 includes all the times from the start of the 23rd May through to the end of the 27th of May."/>
      <min value="0"/>
      <max value="1"/>
      <base>
        <path value="DomainResource.extension"/>
        <min value="0"/>
        <max value="*"/>
      </base>
      <type>
        <code value="Extension"/>
        <profile value="http://hl7.org/fhir/us/shr/StructureDefinition/shr-core-TimePeriod-extension"/>
      </type>
      <maxLength value="0"/>
      <mustSupport value="false"/>
      <isModifier value="false"/>
      <isSummary value="false"/>
    </element>
    <element id="encounterdiagnosis">
      <path value="DomainResource.extension"/>
      <name value="encounterdiagnosis"/>
      <definition value="A diagnosis, which is a disease or injury determined to be present through evaluation of patient history, examination, and/or review of laboratory data. This element is not a stand-alone representation of the condition that was diagnosed, but is meant to be used as an sub-structure in a resource, such as Encounter."/>
      <min value="0"/>
      <max value="*"/>
      <base>
        <path value="DomainResource.extension"/>
        <min value="0"/>
        <max value="*"/>
      </base>
      <type>
        <code value="Extension"/>
        <profile value="http://hl7.org/fhir/us/shr/StructureDefinition/shr-core-EncounterDiagnosis-extension"/>
      </type>
      <maxLength value="0"/>
      <mustSupport value="false"/>
      <isModifier value="false"/>
      <isSummary value="false"/>
    </element>
    <element id="patientsubjectofrecord">
      <path value="DomainResource.extension"/>
      <name value="patientsubjectofrecord"/>
      <definition value="The SubjectOfRecord when restricted to being a Patient resource."/>
      <min value="1"/>
      <max value="1"/>
      <base>
        <path value="DomainResource.extension"/>
        <min value="0"/>
        <max value="*"/>
      </base>
      <type>
        <code value="Extension"/>
        <profile value="http://hl7.org/fhir/us/shr/StructureDefinition/shr-core-PatientSubjectOfRecord-extension"/>
      </type>
      <maxLength value="0"/>
      <mustSupport value="false"/>
      <isModifier value="false"/>
      <isSummary value="false"/>
    </element>
    <element id="type">
      <path value="DomainResource.extension"/>
      <name value="type"/>
      <definition value="A code describing the item at a greater level of detail."/>
      <min value="0"/>
      <max value="*"/>
      <base>
        <path value="DomainResource.extension"/>
        <min value="0"/>
        <max value="*"/>
      </base>
      <type>
        <code value="Extension"/>
        <profile value="http://hl7.org/fhir/us/shr/StructureDefinition/shr-core-Type-extension"/>
      </type>
      <maxLength value="0"/>
      <mustSupport value="false"/>
      <isModifier value="false"/>
      <isSummary value="false"/>
    </element>
    <element id="organization">
      <path value="DomainResource.extension"/>
      <name value="organization"/>
      <definition value="A social or legal structure formed by human beings.&#xA;&#xA;Organization type is restricted to 0..1 in FHIR DSTU2, similarly restricted here."/>
      <min value="0"/>
      <max value="1"/>
      <base>
        <path value="DomainResource.extension"/>
        <min value="0"/>
        <max value="*"/>
      </base>
      <type>
        <code value="Extension"/>
        <profile value="http://hl7.org/fhir/us/shr/StructureDefinition/shr-core-Organization-extension"/>
      </type>
      <maxLength value="0"/>
      <mustSupport value="false"/>
      <isModifier value="false"/>
      <isSummary value="false"/>
    </element>
    <element id="referralrequest">
      <path value="DomainResource.extension"/>
      <name value="referralrequest"/>
      <definition value="Used to record and send details about a request for referral service or transfer of a patient to the care of another provider or provider organization."/>
      <min value="0"/>
      <max value="*"/>
      <base>
        <path value="DomainResource.extension"/>
        <min value="0"/>
        <max value="*"/>
      </base>
      <type>
        <code value="Extension"/>
        <profile value="http://hl7.org/fhir/us/shr/StructureDefinition/shr-core-ReferralRequest-extension"/>
      </type>
      <maxLength value="0"/>
      <mustSupport value="false"/>
      <isModifier value="false"/>
      <isSummary value="false"/>
    </element>
  </differential>
</StructureDefinition>