<?xml version="1.0" encoding="UTF-8"?>

<ValueSet xmlns="http://hl7.org/fhir">
  <id value="vital-BloodPressureBodyLocationVS"/>
  <text>
    <status value="generated"/><div xmlns="http://www.w3.org/1999/xhtml">
<p><b>BloodPressureBodyLocationVS ValueSet</b></p>
<p>Body locations for blood pressure measurement</p>
</div>
  </text>
  <url value="http://mcodeinitiative.org/us/mcode/ValueSet/vital-BloodPressureBodyLocationVS"/>
  <version value="0.9.1"/>
  <name value="BloodPressureBodyLocationVS"/>
  <status value="draft"/>
  <publisher value="The MITRE Corporation"/>
  <contact>
    <telecom>
      <system value="other"/>
      <value value="http://standardhealthrecord.org"/>
      <rank value="0"/>
    </telecom>
  </contact>
  <date value="2019-10-23T00:00:00-04:00"/>
  <description value="Body locations for blood pressure measurement"/>
  <immutable value="false"/>
  <compose>
    <include>
      <system value="http://snomed.info/sct"/>
      <concept>
        <code value="241784008"/>
        <display value="Left ankle (body structure)"/>
      </concept>
      <concept>
        <code value="241699003"/>
        <display value="Right ankle (body structure)"/>
      </concept>
      <concept>
        <code value="182245002"/>
        <display value="Arm (body structure)"/>
      </concept>
      <concept>
        <code value="72098002"/>
        <display value="Left arm (body structure)"/>
      </concept>
      <concept>
        <code value="59126009"/>
        <display value="Right arm (body structure)"/>
      </concept>
      <concept>
        <code value="209672000"/>
        <display value="Left thigh (body structure)"/>
      </concept>
      <concept>
        <code value="209570001"/>
        <display value="Right thigh (body structure)"/>
      </concept>
      <concept>
        <code value="7569003"/>
        <display value="Finger structure"/>
      </concept>
      <concept>
        <code value="368208006"/>
        <display value="Left upper arm structure"/>
      </concept>
      <concept>
        <code value="368209003"/>
        <display value="Right upper arm structure"/>
      </concept>
      <concept>
        <code value="17137000"/>
        <display value="Structure of brachial artery"/>
      </concept>
      <concept>
        <code value="51636004"/>
        <display value="Structure of left ankle"/>
      </concept>
      <concept>
        <code value="113270003"/>
        <display value="Structure of left femoral artery"/>
      </concept>
      <concept>
        <code value="368504007"/>
        <display value="Structure of left radial artery"/>
      </concept>
      <concept>
        <code value="61396006"/>
        <display value="Structure of left thigh"/>
      </concept>
      <concept>
        <code value="368506009"/>
        <display value="Structure of left ulnar artery"/>
      </concept>
      <concept>
        <code value="6685009"/>
        <display value="Structure of right ankle"/>
      </concept>
      <concept>
        <code value="69833005"/>
        <display value="Structure of right femoral artery"/>
      </concept>
      <concept>
        <code value="368503001"/>
        <display value="Structure of right radial artery"/>
      </concept>
      <concept>
        <code value="11207009"/>
        <display value="Structure of right thigh"/>
      </concept>
      <concept>
        <code value="368505008"/>
        <display value="Structure of right ulnar artery"/>
      </concept>
      <concept>
        <code value="29707007"/>
        <display value="Toe Structure"/>
      </concept>
      <concept>
        <code value="40983000"/>
        <display value="Upper arm structure"/>
      </concept>
    </include>
  </compose>
</ValueSet>