<?xml version="1.0" encoding="UTF-8"?>

<ValueSet xmlns="http://hl7.org/fhir">
  <id value="shr-lab-EquivalentUnitsVS-million-per-uL"/>
  <text>
    <status value="generated"/><div xmlns="http://www.w3.org/1999/xhtml">
<p><b>EquivalentUnitsVS-million-per-uL ValueSet</b></p>
<p>Units equivalent to 10*6/uL</p>
</div>
  </text>
  <url value="http://hl7.org/fhir/us/mcode/shr/lab/vs/EquivalentUnitsVS-million-per-uL"/>
  <identifier>
    <system value="http://hl7.org/fhir/us/mcode"/>
    <value value="shr.lab.EquivalentUnitsVS-million-per-uL"/>
  </identifier>
  <version value="0.9.0 Beta 1"/>
  <name value="EquivalentUnitsVS-million-per-uL"/>
  <status value="draft"/>
  <publisher value="The MITRE Corporation"/>
  <contact>
    <telecom>
      <system value="other"/>
      <value value="http://standardhealthrecord.org"/>
      <rank value="0"/>
    </telecom>
  </contact>
  <date value="2019-04-10T00:00:00-04:00"/>
  <description value="Units equivalent to 10*6/uL"/>
  <immutable value="false"/>
  <compose>
    <include>
      <system value="http://unitsofmeasure.org"/>
      <concept>
        <code value="10*6/uL"/>
        <display value="Million per microliter"/>
      </concept>
      <concept>
        <code value="10*12/L"/>
        <display value="Trillion per liter"/>
      </concept>
      <concept>
        <code value="10*6/mm3"/>
        <display value="Million per cubic millimeter"/>
      </concept>
    </include>
  </compose>
</ValueSet>