<?xml version="1.0" encoding="UTF-8"?>

<ValueSet xmlns="http://hl7.org/fhir">
  <id value="mcode-basic-resource-type-vs"/>
  <text>
    <status value="generated"/><div xmlns="http://www.w3.org/1999/xhtml">
<p><b>mcode Basic Resource Type ValueSet</b></p>
<p>Codes representing profiles on the Basic resource.</p>
</div>
  </text>
  <url value="http://hl7.org/fhir/us/shr/ValueSet/mcode-basic-resource-type-vs"/>
  <identifier>
    <system value="http://hl7.org/fhir/us/mcode"/>
    <value value="mcode-basic-resource-type-vs"/>
  </identifier>
  <version value="0.9.0 draft candidate 1"/>
  <name value="mcode Basic Resource Type ValueSet"/>
  <status value="draft"/>
  <publisher value="The MITRE Corporation"/>
  <contact>
    <telecom>
      <system value="other"/>
      <value value="http://standardhealthrecord.org"/>
      <rank value="0"/>
    </telecom>
  </contact>
  <date value="2019-04-08T00:00:00-04:00"/>
  <description value="Codes representing profiles on the Basic resource."/>
  <immutable value="false"/>
  <codeSystem>
    <system value="mcode-basic-resource-type"/>
    <caseSensitive value="true"/>
    <concept>
      <code value="shr-core-ResearchStudy"/>
      <display value="shr-core-ResearchStudy"/>
    </concept>
    <concept>
      <code value="shr-core-ResearchSubject"/>
      <display value="shr-core-ResearchSubject"/>
    </concept>
  </codeSystem>
</ValueSet>