<?xml version="1.0" encoding="UTF-8"?>

<ValueSet xmlns="http://hl7.org/fhir">
  <id value="oncocore-TumorMarkerTestVS"/>
  <text>
    <status value="generated"/><div xmlns="http://www.w3.org/1999/xhtml">
<p><b>TumorMarkerTestVS ValueSet</b></p>
<p>A tumor marker is a substance found in tissue or blood or other body fluids that may be a sign of cancer or certain benign (noncancer) conditions. This value set of LOINC codes will include a comprehensive list of tumor markers across all cancers, and regardless of method or specimen type. Subsets specific to a cancer type will be created as needed. Sources vary but include https://labtestsonline.org/tests/tumor-markers.
At the current time, profiles for the LOINC tests do not exist.</p>
</div>
  </text>
  <url value="http://hl7.org/fhir/us/mcode/oncocore/vs/TumorMarkerTestVS"/>
  <identifier>
    <system value="http://hl7.org/fhir/us/mcode"/>
    <value value="oncocore.TumorMarkerTestVS"/>
  </identifier>
  <version value="0.9.0 draft candidate 1"/>
  <name value="TumorMarkerTestVS"/>
  <status value="draft"/>
  <publisher value="The MITRE Corporation"/>
  <contact>
    <telecom>
      <system value="other"/>
      <value value="http://standardhealthrecord.org"/>
      <rank value="0"/>
    </telecom>
  </contact>
  <date value="2019-04-08T00:00:00-04:00"/>
  <description value="A tumor marker is a substance found in tissue or blood or other body fluids that may be a sign of cancer or certain benign (noncancer) conditions. This value set of LOINC codes will include a comprehensive list of tumor markers across all cancers, and regardless of method or specimen type. Subsets specific to a cancer type will be created as needed. Sources vary but include https://labtestsonline.org/tests/tumor-markers.&#xA;At the current time, profiles for the LOINC tests do not exist."/>
  <immutable value="false"/>
  <compose>
    <include>
      <system value="http://loinc.org"/>
      <concept>
        <code value="1695-6"/>
        <display value="5-Hydroxyindoleacetate [Mass/time] in 24 hour Urine"/>
      </concept>
      <concept>
        <code value="31203-3"/>
        <display value="5-Hydroxyindoleacetate [Mass/volume] in 24 hour Urine"/>
      </concept>
      <concept>
        <code value="1692-3"/>
        <display value="5-Hydroxyindoleacetate [Mass/volume] in Cerebral spinal fluid"/>
      </concept>
      <concept>
        <code value="1693-1"/>
        <display value="5-Hydroxyindoleacetate [Mass/volume] in Serum or Plasma"/>
      </concept>
      <concept>
        <code value="1694-9"/>
        <display value="5-Hydroxyindoleacetate [Mass/volume] in Urine"/>
      </concept>
      <concept>
        <code value="72820-4"/>
        <display value="5-Hydroxyindoleacetate [Mass/volume] in Urine by Confirmatory method"/>
      </concept>
      <concept>
        <code value="14573-0"/>
        <display value="5-Hydroxyindoleacetate [Moles/time] in 24 hour Urine"/>
      </concept>
      <concept>
        <code value="25971-3"/>
        <display value="5-Hydroxyindoleacetate [Moles/volume] in 24 hour Urine"/>
      </concept>
      <concept>
        <code value="47544-2"/>
        <display value="5-Hydroxyindoleacetate [Moles/volume] in Cerebral spinal fluid"/>
      </concept>
      <concept>
        <code value="74769-1"/>
        <display value="5-Hydroxyindoleacetate [Moles/volume] in Platelet rich plasma"/>
      </concept>
      <concept>
        <code value="50149-4"/>
        <display value="5-Hydroxyindoleacetate [Moles/volume] in Serum or Plasma"/>
      </concept>
      <concept>
        <code value="15009-4"/>
        <display value="5-Hydroxyindoleacetate [Moles/volume] in Urine"/>
      </concept>
      <concept>
        <code value="12172-3"/>
        <display value="5-Hydroxyindoleacetate [Presence] in 24 hour Urine"/>
      </concept>
      <concept>
        <code value="48168-9"/>
        <display value="5-Hydroxyindoleacetate [Presence] in Urine"/>
      </concept>
      <concept>
        <code value="44907-4"/>
        <display value="5-Hydroxyindoleacetate panel - 24 hour Urine"/>
      </concept>
      <concept>
        <code value="10459-6"/>
        <display value="Alpha-1-Fetoprotein Ag [Presence] in Tissue by Immune stain"/>
      </concept>
      <concept>
        <code value="11207-8"/>
        <display value="Alpha-1-Fetoprotein [Mass/volume] in Body fluid"/>
      </concept>
      <concept>
        <code value="1833-3"/>
        <display value="Alpha-1-Fetoprotein [Mass/volume] in Cerebral spinal fluid"/>
      </concept>
      <concept>
        <code value="54348-8"/>
        <display value="Alpha-1-Fetoprotein [Mass/volume] in Cord blood"/>
      </concept>
      <concept>
        <code value="49761-0"/>
        <display value="Alpha-1-Fetoprotein [Mass/volume] in Peritoneal fluid"/>
      </concept>
      <concept>
        <code value="49762-8"/>
        <display value="Alpha-1-Fetoprotein [Mass/volume] in Pleural fluid"/>
      </concept>
      <concept>
        <code value="1834-1"/>
        <display value="Alpha-1-Fetoprotein [Mass/volume] in Serum or Plasma"/>
      </concept>
      <concept>
        <code value="83073-7"/>
        <display value="Alpha-1-Fetoprotein [Mass/volume] in Serum or Plasma by Immunoassay"/>
      </concept>
      <concept>
        <code value="19173-4"/>
        <display value="Alpha-1-Fetoprotein [Moles/volume] in Pleural fluid"/>
      </concept>
      <concept>
        <code value="19177-5"/>
        <display value="Alpha-1-Fetoprotein [Moles/volume] in Serum or Plasma"/>
      </concept>
      <concept>
        <code value="31993-9"/>
        <display value="Alpha-1-Fetoprotein [Presence] in Serum or Plasma"/>
      </concept>
      <concept>
        <code value="44910-8"/>
        <display value="Alpha-1-Fetoprotein [Units/volume] in Body fluid"/>
      </concept>
      <concept>
        <code value="59564-5"/>
        <display value="Alpha-1-Fetoprotein [Units/volume] in Cerebral spinal fluid"/>
      </concept>
      <concept>
        <code value="19172-6"/>
        <display value="Alpha-1-Fetoprotein [Units/volume] in Pleural fluid"/>
      </concept>
      <concept>
        <code value="19176-7"/>
        <display value="Alpha-1-Fetoprotein [Units/volume] in Serum or Plasma"/>
      </concept>
      <concept>
        <code value="83072-9"/>
        <display value="Alpha-1-Fetoprotein [Units/volume] in Serum or Plasma by Immunoassay"/>
      </concept>
      <concept>
        <code value="41274-2"/>
        <display value="Alpha-1-Fetoprotein interpretation in Serum or Plasma"/>
      </concept>
      <concept>
        <code value="49246-2"/>
        <display value="Alpha-1-Fetoprotein interpretation in Serum or Plasma Narrative"/>
      </concept>
      <concept>
        <code value="49585-3"/>
        <display value="Alpha-1-Fetoprotein multiple of the median cutoff [Multiple of the median] in Serum or Plasma"/>
      </concept>
      <concept>
        <code value="48802-3"/>
        <display value="Alpha-1-Fetoprotein panel - Serum or Plasma"/>
      </concept>
      <concept>
        <code value="53962-7"/>
        <display value="Alpha-1-fetoprotein.tumor marker [Mass/volume] in Serum or Plasma"/>
      </concept>
      <concept>
        <code value="53960-1"/>
        <display value="Alpha-1-fetoprotein.tumor marker [Moles/volume] in Serum or Plasma"/>
      </concept>
      <concept>
        <code value="53961-9"/>
        <display value="Alpha-1-fetoprotein.tumor marker [Units/volume] in Serum or Plasma"/>
      </concept>
      <concept>
        <code value="10873-8"/>
        <display value="Beta-2-Microglobulin [Mass/time] in 24 hour Urine"/>
      </concept>
      <concept>
        <code value="54356-1"/>
        <display value="Beta-2-Microglobulin [Mass/volume] in 24 hour Urine"/>
      </concept>
      <concept>
        <code value="48166-3"/>
        <display value="Beta-2-Microglobulin [Mass/volume] in Body fluid"/>
      </concept>
      <concept>
        <code value="1951-3"/>
        <display value="Beta-2-Microglobulin [Mass/volume] in Cerebral spinal fluid"/>
      </concept>
      <concept>
        <code value="49081-3"/>
        <display value="Beta-2-Microglobulin [Mass/volume] in Dialysis fluid"/>
      </concept>
      <concept>
        <code value="88711-7"/>
        <display value="Beta-2-Microglobulin [Mass/volume] in Peritoneal dialysis fluid"/>
      </concept>
      <concept>
        <code value="59217-0"/>
        <display value="Beta-2-Microglobulin [Mass/volume] in Peritoneal fluid"/>
      </concept>
      <concept>
        <code value="59218-8"/>
        <display value="Beta-2-Microglobulin [Mass/volume] in Pleural fluid"/>
      </concept>
      <concept>
        <code value="1952-1"/>
        <display value="Beta-2-Microglobulin [Mass/volume] in Serum or Plasma"/>
      </concept>
      <concept>
        <code value="87708-4"/>
        <display value="Beta-2-Microglobulin [Mass/volume] in Serum or Plasma --post dialysis"/>
      </concept>
      <concept>
        <code value="83078-6"/>
        <display value="Beta-2-Microglobulin [Mass/volume] in Serum or Plasma by Immunoassay"/>
      </concept>
      <concept>
        <code value="1953-9"/>
        <display value="Beta-2-Microglobulin [Mass/volume] in Urine"/>
      </concept>
      <concept>
        <code value="83077-8"/>
        <display value="Beta-2-Microglobulin [Mass/volume] in Urine by Immunoassay"/>
      </concept>
      <concept>
        <code value="56662-0"/>
        <display value="Beta-2-Microglobulin [Moles/time] in 24 hour Urine"/>
      </concept>
      <concept>
        <code value="50824-2"/>
        <display value="Beta-2-Microglobulin [Moles/volume] in 24 hour Urine"/>
      </concept>
      <concept>
        <code value="39458-5"/>
        <display value="Beta-2-Microglobulin [Moles/volume] in Body fluid"/>
      </concept>
      <concept>
        <code value="32301-4"/>
        <display value="Beta-2-Microglobulin [Moles/volume] in Cerebral spinal fluid"/>
      </concept>
      <concept>
        <code value="14626-6"/>
        <display value="Beta-2-Microglobulin [Moles/volume] in Serum"/>
      </concept>
      <concept>
        <code value="76484-5"/>
        <display value="Beta-2-Microglobulin [Moles/volume] in Serum or Plasma"/>
      </concept>
      <concept>
        <code value="32302-2"/>
        <display value="Beta-2-Microglobulin [Moles/volume] in Urine"/>
      </concept>
      <concept>
        <code value="43919-0"/>
        <display value="Beta-2-Microglobulin [Presence] in Cerebral spinal fluid"/>
      </concept>
      <concept>
        <code value="43818-4"/>
        <display value="Beta-2-Microglobulin [Presence] in Serum"/>
      </concept>
      <concept>
        <code value="43819-2"/>
        <display value="Beta-2-Microglobulin [Presence] in Urine"/>
      </concept>
      <concept>
        <code value="83076-0"/>
        <display value="Beta-2-Microglobulin [Units/volume] in Serum or Plasma by Immunoassay"/>
      </concept>
      <concept>
        <code value="83079-4"/>
        <display value="Beta-2-Microglobulin [Units/volume] in Urine by Immunoassay"/>
      </concept>
      <concept>
        <code value="10467-9"/>
        <display value="Beta-2-Microglobulin amyloid Ag [Presence] in Tissue by Immune stain"/>
      </concept>
      <concept>
        <code value="54355-3"/>
        <display value="Beta-2-Microglobulin in CSF/Beta-2-Microglobulin in serum"/>
      </concept>
      <concept>
        <code value="56786-7"/>
        <display value="Beta-2-Microglobulin.tumor marker [Mass/volume] in Serum"/>
      </concept>
      <concept>
        <code value="2006-5"/>
        <display value="Cancer Ag 125 [Presence] in Serum or Plasma"/>
      </concept>
      <concept>
        <code value="48677-9"/>
        <display value="Cancer Ag 125 [Presence] in Tissue by Immune stain"/>
      </concept>
      <concept>
        <code value="11210-2"/>
        <display value="Cancer Ag 125 [Units/volume] in Body fluid"/>
      </concept>
      <concept>
        <code value="15156-3"/>
        <display value="Cancer Ag 125 [Units/volume] in Body fluid by Dilution"/>
      </concept>
      <concept>
        <code value="50775-6"/>
        <display value="Cancer Ag 125 [Units/volume] in Cerebral spinal fluid"/>
      </concept>
      <concept>
        <code value="68923-2"/>
        <display value="Cancer Ag 125 [Units/volume] in Pericardial fluid"/>
      </concept>
      <concept>
        <code value="59040-6"/>
        <display value="Cancer Ag 125 [Units/volume] in Peritoneal dialysis fluid"/>
      </concept>
      <concept>
        <code value="40618-1"/>
        <display value="Cancer Ag 125 [Units/volume] in Peritoneal fluid"/>
      </concept>
      <concept>
        <code value="19165-0"/>
        <display value="Cancer Ag 125 [Units/volume] in Pleural fluid"/>
      </concept>
      <concept>
        <code value="10334-1"/>
        <display value="Cancer Ag 125 [Units/volume] in Serum or Plasma"/>
      </concept>
      <concept>
        <code value="15157-1"/>
        <display value="Cancer Ag 125 [Units/volume] in Serum or Plasma by Dilution"/>
      </concept>
      <concept>
        <code value="83082-8"/>
        <display value="Cancer Ag 125 [Units/volume] in Serum or Plasma by Immunoassay"/>
      </concept>
      <concept>
        <code value="2007-3"/>
        <display value="Cancer Ag 15-3 [Presence] in Serum or Plasma"/>
      </concept>
      <concept>
        <code value="29153-4"/>
        <display value="Cancer Ag 15-3 [Units/volume] in Body fluid"/>
      </concept>
      <concept>
        <code value="50776-4"/>
        <display value="Cancer Ag 15-3 [Units/volume] in Cerebral spinal fluid"/>
      </concept>
      <concept>
        <code value="50777-2"/>
        <display value="Cancer Ag 15-3 [Units/volume] in Pericardial fluid"/>
      </concept>
      <concept>
        <code value="50778-0"/>
        <display value="Cancer Ag 15-3 [Units/volume] in Peritoneal fluid"/>
      </concept>
      <concept>
        <code value="19186-6"/>
        <display value="Cancer Ag 15-3 [Units/volume] in Pleural fluid"/>
      </concept>
      <concept>
        <code value="6875-9"/>
        <display value="Cancer Ag 15-3 [Units/volume] in Serum or Plasma"/>
      </concept>
      <concept>
        <code value="83083-6"/>
        <display value="Cancer Ag 15-3 [Units/volume] in Serum or Plasma by Immunoassay"/>
      </concept>
      <concept>
        <code value="2009-9"/>
        <display value="Cancer Ag 19-9 [Presence] in Serum or Plasma"/>
      </concept>
      <concept>
        <code value="26924-1"/>
        <display value="Cancer Ag 19-9 [Units/volume] in Body fluid"/>
      </concept>
      <concept>
        <code value="50779-8"/>
        <display value="Cancer Ag 19-9 [Units/volume] in Cerebral spinal fluid"/>
      </concept>
      <concept>
        <code value="50780-6"/>
        <display value="Cancer Ag 19-9 [Units/volume] in Pericardial fluid"/>
      </concept>
      <concept>
        <code value="50781-4"/>
        <display value="Cancer Ag 19-9 [Units/volume] in Peritoneal fluid"/>
      </concept>
      <concept>
        <code value="19163-5"/>
        <display value="Cancer Ag 19-9 [Units/volume] in Pleural fluid"/>
      </concept>
      <concept>
        <code value="24108-3"/>
        <display value="Cancer Ag 19-9 [Units/volume] in Serum or Plasma"/>
      </concept>
      <concept>
        <code value="83084-4"/>
        <display value="Cancer Ag 19-9 [Units/volume] in Serum or Plasma by Immunoassay"/>
      </concept>
      <concept>
        <code value="2012-3"/>
        <display value="Cancer Ag 27-29 [Presence] in Serum or Plasma"/>
      </concept>
      <concept>
        <code value="50782-2"/>
        <display value="Cancer Ag 27-29 [Units/volume] in Cerebral spinal fluid"/>
      </concept>
      <concept>
        <code value="19187-4"/>
        <display value="Cancer Ag 27-29 [Units/volume] in Pleural fluid"/>
      </concept>
      <concept>
        <code value="17842-6"/>
        <display value="Cancer Ag 27-29 [Units/volume] in Serum or Plasma"/>
      </concept>
      <concept>
        <code value="12515-3"/>
        <display value="Carcinoembryonic Ag [Mass/volume] in Body fluid"/>
      </concept>
      <concept>
        <code value="2037-0"/>
        <display value="Carcinoembryonic Ag [Mass/volume] in Cerebral spinal fluid"/>
      </concept>
      <concept>
        <code value="40621-5"/>
        <display value="Carcinoembryonic Ag [Mass/volume] in Pericardial fluid"/>
      </concept>
      <concept>
        <code value="40622-3"/>
        <display value="Carcinoembryonic Ag [Mass/volume] in Peritoneal fluid"/>
      </concept>
      <concept>
        <code value="19169-2"/>
        <display value="Carcinoembryonic Ag [Mass/volume] in Pleural fluid"/>
      </concept>
      <concept>
        <code value="2038-8"/>
        <display value="Carcinoembryonic Ag [Mass/volume] in Semen"/>
      </concept>
      <concept>
        <code value="2039-6"/>
        <display value="Carcinoembryonic Ag [Mass/volume] in Serum or Plasma"/>
      </concept>
      <concept>
        <code value="83085-1"/>
        <display value="Carcinoembryonic Ag [Mass/volume] in Serum or Plasma by Immunoassay"/>
      </concept>
      <concept>
        <code value="19170-0"/>
        <display value="Carcinoembryonic Ag [Moles/volume] in Pleural fluid"/>
      </concept>
      <concept>
        <code value="19167-6"/>
        <display value="Carcinoembryonic Ag [Moles/volume] in Serum or Plasma"/>
      </concept>
      <concept>
        <code value="10469-5"/>
        <display value="Carcinoembryonic Ag [Presence] in Tissue by Immune stain"/>
      </concept>
      <concept>
        <code value="19168-4"/>
        <display value="Carcinoembryonic Ag [Units/volume] in Pleural fluid"/>
      </concept>
      <concept>
        <code value="10560-1"/>
        <display value="Carcinoembryonic Ag [Units/volume] in Semen"/>
      </concept>
      <concept>
        <code value="19166-8"/>
        <display value="Carcinoembryonic Ag [Units/volume] in Serum or Plasma"/>
      </concept>
      <concept>
        <code value="2010-7"/>
        <display value="Deprecated Cancer Ag 19-9 [Presence] in Serum or Plasma"/>
      </concept>
      <concept>
        <code value="85337-4"/>
        <display value="Estrogen receptor Ag [Presence] in Breast cancer specimen by Immune stain"/>
      </concept>
      <concept>
        <code value="40556-3"/>
        <display value="Estrogen receptor Ag [Presence] in Tissue by Immune stain"/>
      </concept>
      <concept>
        <code value="16112-5"/>
        <display value="Estrogen receptor [Interpretation] in Tissue"/>
      </concept>
      <concept>
        <code value="14130-9"/>
        <display value="Estrogen receptor [Moles/mass] in Tissue"/>
      </concept>
      <concept>
        <code value="85310-1"/>
        <display value="Estrogen receptor fluorescence intensity [Type] in Breast cancer specimen by Immune stain"/>
      </concept>
      <concept>
        <code value="10480-2"/>
        <display value="Estrogen+Progesterone receptor Ag [Presence] in Tissue by Immune stain"/>
      </concept>
      <concept>
        <code value="83054-7"/>
        <display value="PD-L1 by clone 22C3 [Interpretation] in Tissue by Immune stain Narrative"/>
      </concept>
      <concept>
        <code value="83052-1"/>
        <display value="PD-L1 by clone 22C3 [Presence] in Tissue by Immune stain"/>
      </concept>
      <concept>
        <code value="85147-7"/>
        <display value="PD-L1 by clone 22C3 in Tissue by Immune stain Report"/>
      </concept>
      <concept>
        <code value="83056-2"/>
        <display value="PD-L1 by clone 28-8 [Interpretation] in Tissue by Immune stain Narrative"/>
      </concept>
      <concept>
        <code value="83055-4"/>
        <display value="PD-L1 by clone 28-8 [Presence] in Tissue by Immune stain"/>
      </concept>
      <concept>
        <code value="85148-5"/>
        <display value="PD-L1 by clone 28-8 in Tissue by Immune stain Report"/>
      </concept>
      <concept>
        <code value="83057-0"/>
        <display value="PD-L1 by clone SP142 [Presence] in Tissue by Immune stain"/>
      </concept>
      <concept>
        <code value="85149-3"/>
        <display value="PD-L1 by clone SP142 in Tissue by Immune stain Report"/>
      </concept>
      <concept>
        <code value="83053-9"/>
        <display value="Cells.programmed cell death ligand 1/100 viable tumor cells in Tissue by Immune stain. (source: LOINC)"/>
      </concept>
      <concept>
        <code value="85339-0"/>
        <display value="Progesterone receptor Ag [Presence] in Breast cancer specimen by Immune stain"/>
      </concept>
      <concept>
        <code value="40557-1"/>
        <display value="Progesterone receptor Ag [Presence] in Tissue by Immune stain"/>
      </concept>
      <concept>
        <code value="16113-3"/>
        <display value="Progesterone receptor [Interpretation] in Tissue"/>
      </concept>
      <concept>
        <code value="10861-3"/>
        <display value="Progesterone receptor [Mass/mass] in Tissue"/>
      </concept>
      <concept>
        <code value="31207-4"/>
        <display value="Progesterone receptor [Moles/mass] in Tissue"/>
      </concept>
      <concept>
        <code value="85331-7"/>
        <display value="Progesterone receptor fluorescence intensity [Type] in Breast cancer specimen by Immune stain"/>
      </concept>
      <concept>
        <code value="47738-0"/>
        <display value="Prostate specific Ag [Mass/volume] in Body fluid"/>
      </concept>
      <concept>
        <code value="59230-3"/>
        <display value="Prostate specific Ag [Mass/volume] in Cerebral spinal fluid"/>
      </concept>
      <concept>
        <code value="59223-8"/>
        <display value="Prostate specific Ag [Mass/volume] in Peritoneal fluid"/>
      </concept>
      <concept>
        <code value="59221-2"/>
        <display value="Prostate specific Ag [Mass/volume] in Pleural fluid"/>
      </concept>
      <concept>
        <code value="19199-9"/>
        <display value="Prostate specific Ag [Mass/volume] in Semen"/>
      </concept>
      <concept>
        <code value="2857-1"/>
        <display value="Prostate specific Ag [Mass/volume] in Serum or Plasma"/>
      </concept>
      <concept>
        <code value="35741-8"/>
        <display value="Prostate specific Ag [Mass/volume] in Serum or Plasma by Detection limit &lt;= 0.01 ng/mL"/>
      </concept>
      <concept>
        <code value="83112-3"/>
        <display value="Prostate specific Ag [Mass/volume] in Serum or Plasma by Immunoassay"/>
      </concept>
      <concept>
        <code value="34611-4"/>
        <display value="Prostate specific Ag [Mass/volume] in Urine"/>
      </concept>
      <concept>
        <code value="19200-5"/>
        <display value="Prostate specific Ag [Moles/volume] in Semen"/>
      </concept>
      <concept>
        <code value="19197-3"/>
        <display value="Prostate specific Ag [Moles/volume] in Serum or Plasma"/>
      </concept>
      <concept>
        <code value="10508-0"/>
        <display value="Prostate specific Ag [Presence] in Tissue by Immune stain"/>
      </concept>
      <concept>
        <code value="19198-1"/>
        <display value="Prostate specific Ag [Units/volume] in Semen"/>
      </concept>
      <concept>
        <code value="19195-7"/>
        <display value="Prostate specific Ag [Units/volume] in Serum or Plasma"/>
      </concept>
      <concept>
        <code value="15325-4"/>
        <display value="Prostate specific Ag/Prostate volume calculated"/>
      </concept>
      <concept>
        <code value="15323-9"/>
        <display value="Prostate specific Ag/Prostate volume calculated from height, width and length"/>
      </concept>
      <concept>
        <code value="15324-7"/>
        <display value="Prostate specific Ag/Prostate volume calculated from planimetry"/>
      </concept>
    </include>
  </compose>
</ValueSet>