<?xml version="1.0" encoding="UTF-8"?>

<ValueSet xmlns="http://hl7.org/fhir">
  <id value="vital-BodyWeightPreconditionVS"/>
  <text>
    <status value="generated"/><div xmlns="http://www.w3.org/1999/xhtml">
<p><b>BodyWeightPreconditionVS ValueSet</b></p>
<p>Circumstances for body weight measurement. The choices are limited by availability of SNOMED terms, and could contain terms like pre- and post-dialysis, mother ante- and post-delivery, etc.</p>
</div>
  </text>
  <url value="http://mcodeinitiative.org/us/mcode/ValueSet/vital-BodyWeightPreconditionVS"/>
  <version value="0.9.1"/>
  <name value="BodyWeightPreconditionVS"/>
  <status value="draft"/>
  <publisher value="The MITRE Corporation"/>
  <contact>
    <telecom>
      <system value="other"/>
      <value value="http://standardhealthrecord.org"/>
      <rank value="0"/>
    </telecom>
  </contact>
  <date value="2019-10-23T00:00:00-04:00"/>
  <description value="Circumstances for body weight measurement. The choices are limited by availability of SNOMED terms, and could contain terms like pre- and post-dialysis, mother ante- and post-delivery, etc."/>
  <immutable value="false"/>
  <compose>
    <include>
      <system value="http://snomed.info/sct"/>
      <concept>
        <code value="971000205103"/>
        <display value="Wearing street clothes with shoes"/>
      </concept>
      <concept>
        <code value="961000205106"/>
        <display value="Wearing street clothes, no shoes"/>
      </concept>
      <concept>
        <code value="951000205108"/>
        <display value="Wearing underwear or less"/>
      </concept>
    </include>
  </compose>
</ValueSet>