{
  "resourceType": "StructureDefinition",
  "id": "obf-SituationStatement",
  "text": {
    "status": "generated",
    "div": "<div xmlns=\"http://www.w3.org/1999/xhtml\">\n  <p><b>SituationStatement Profile</b></p>\n  <p>An assertion, determination, opinion, evaluation, result, observation, or measurement made by a person or device.</p>\n  <p><b>Mapping Summary</b></p>\n  <p><pre>obf.SituationStatement maps to DomainResource:\n  Language maps to language\n  ImplicitRules maps to implicitRules\n  Metadata.VersionId maps to meta.versionId\n  Metadata.SourceSystem maps to meta.source\n  Metadata.Profile maps to meta.profile\n  Metadata.LastUpdated maps to meta.lastUpdated\n  Metadata.SecurityLabel maps to meta.security\n  Metadata.Tag maps to meta.tag\n  Narrative maps to text\n</pre></p>\n</div>"
  },
  "url": "http://hl7.org/fhir/us/mcode/StructureDefinition/obf-SituationStatement",
  "version": "0.9.1",
  "name": "SituationStatement",
  "title": "obf-SituationStatement",
  "status": "active",
  "date": "2019-07-19T00:00:00-04:00",
  "publisher": "The MITRE Corporation",
  "contact": [
    {
      "telecom": [
        {
          "system": "url",
          "value": "http://standardhealthrecord.org"
        }
      ]
    }
  ],
  "description": "An assertion, determination, opinion, evaluation, result, observation, or measurement made by a person or device.",
  "fhirVersion": "4.0.0",
  "mapping": [
    {
      "identity": "rim",
      "uri": "http://hl7.org/v3",
      "name": "RIM Mapping"
    }
  ],
  "kind": "resource",
  "abstract": true,
  "type": "DomainResource",
  "baseDefinition": "http://hl7.org/fhir/StructureDefinition/DomainResource",
  "derivation": "constraint",
  "snapshot": {
    "element": [
      {
        "id": "DomainResource:obf-SituationStatement",
        "path": "DomainResource",
        "short": "obf-SituationStatement",
        "definition": "An assertion, determination, opinion, evaluation, result, observation, or measurement made by a person or device.",
        "min": 0,
        "max": "*",
        "base": {
          "path": "DomainResource",
          "min": 0,
          "max": "*"
        },
        "constraint": [
          {
            "key": "dom-2",
            "severity": "error",
            "human": "If the resource is contained in another resource, it SHALL NOT contain nested Resources",
            "expression": "contained.contained.empty()",
            "xpath": "not(parent::f:contained and f:contained)"
          },
          {
            "key": "dom-4",
            "severity": "error",
            "human": "If a resource is contained in another resource, it SHALL NOT have a meta.versionId or a meta.lastUpdated",
            "expression": "contained.meta.versionId.empty() and contained.meta.lastUpdated.empty()",
            "xpath": "not(exists(f:contained/*/f:meta/f:versionId)) and not(exists(f:contained/*/f:meta/f:lastUpdated))"
          },
          {
            "key": "dom-3",
            "severity": "error",
            "human": "If the resource is contained in another resource, it SHALL be referred to from elsewhere in the resource or SHALL refer to the containing resource",
            "expression": "contained.where((('#'+id in (%resource.descendants().reference | %resource.descendants().as(canonical) | %resource.descendants().as(uri) | %resource.descendants().as(url))) or descendants().where(reference = '#').exists() or descendants().where(as(canonical) = '#').exists() or descendants().where(as(canonical) = '#').exists()).not()).trace('unmatched', id).empty()",
            "xpath": "not(exists(for $contained in f:contained return $contained[not(parent::*/descendant::f:reference/@value=concat('#', $contained/*/id/@value) or descendant::f:reference[@value='#'])]))"
          },
          {
            "extension": [
              {
                "url": "http://hl7.org/fhir/StructureDefinition/elementdefinition-bestpractice",
                "valueBoolean": true
              },
              {
                "url": "http://hl7.org/fhir/StructureDefinition/elementdefinition-bestpractice-explanation",
                "valueMarkdown": "When a resource has no narrative, only systems that fully understand the data can display the resource to a human safely. Including a human readable representation in the resource makes for a much more robust eco-system and cheaper handling of resources by intermediary systems. Some ecosystems restrict distribution of resources to only those systems that do fully understand the resources, and as a consequence implementers may believe that the narrative is superfluous. However experience shows that such eco-systems often open up to new participants over time."
              }
            ],
            "key": "dom-6",
            "severity": "warning",
            "human": "A resource should have narrative for robust management",
            "expression": "text.div.exists()",
            "xpath": "exists(f:text/h:div)"
          },
          {
            "key": "dom-5",
            "severity": "error",
            "human": "If a resource is contained in another resource, it SHALL NOT have a security label",
            "expression": "contained.meta.security.empty()",
            "xpath": "not(exists(f:contained/*/f:meta/f:security))"
          }
        ],
        "isModifier": false,
        "isSummary": false,
        "mapping": [
          {
            "identity": "rim",
            "map": "Entity. Role, or Act"
          }
        ]
      },
      {
        "id": "DomainResource:obf-SituationStatement.id",
        "path": "DomainResource.id",
        "short": "Logical id of this artifact",
        "definition": "The logical id of the resource, as used in the URL for the resource. Once assigned, this value never changes.",
        "comment": "The only time that a resource does not have an id is when it is being submitted to the server using a create operation.",
        "min": 0,
        "max": "1",
        "base": {
          "path": "Resource.id",
          "min": 0,
          "max": "1"
        },
        "type": [
          {
            "code": "id"
          }
        ],
        "isModifier": false,
        "isSummary": true
      },
      {
        "id": "DomainResource:obf-SituationStatement.meta",
        "path": "DomainResource.meta",
        "short": "Metadata about the resource",
        "definition": "The metadata about the resource. This is content that is maintained by the infrastructure. Changes to the content might not always be associated with version changes to the resource.",
        "min": 0,
        "max": "1",
        "base": {
          "path": "Resource.meta",
          "min": 0,
          "max": "1"
        },
        "type": [
          {
            "code": "Meta"
          }
        ],
        "isModifier": false,
        "isSummary": true
      },
      {
        "id": "DomainResource:obf-SituationStatement.implicitRules",
        "path": "DomainResource.implicitRules",
        "short": "A set of rules under which this content was created",
        "definition": "A reference to a set of rules that were followed when the resource was constructed, and which must be understood when processing the content. Often, this is a reference to an implementation guide that defines the special rules along with other profiles etc.",
        "comment": "Asserting this rule set restricts the content to be only understood by a limited set of trading partners. This inherently limits the usefulness of the data in the long term. However, the existing health eco-system is highly fractured, and not yet ready to define, collect, and exchange data in a generally computable sense. Wherever possible, implementers and/or specification writers should avoid using this element. Often, when used, the URL is a reference to an implementation guide that defines these special rules as part of it's narrative along with other profiles, value sets, etc.",
        "min": 0,
        "max": "1",
        "base": {
          "path": "Resource.implicitRules",
          "min": 0,
          "max": "1"
        },
        "type": [
          {
            "code": "uri"
          }
        ],
        "isModifier": true,
        "isModifierReason": "This element is labeled as a modifier because the implicit rules may provide additional knowledge about the resource that modifies it's meaning or interpretation",
        "isSummary": true
      },
      {
        "id": "DomainResource:obf-SituationStatement.language",
        "path": "DomainResource.language",
        "short": "Language of the resource content",
        "definition": "The base language in which the resource is written.",
        "comment": "Language is provided to support indexing and accessibility (typically, services such as text to speech use the language tag). The html language tag in the narrative applies  to the narrative. The language tag on the resource may be used to specify the language of other presentations generated from the data in the resource. Not all the content has to be in the base language. The Resource.language should not be assumed to apply to the narrative automatically. If a language is specified, it should it also be specified on the div element in the html (see rules in HTML5 for information about the relationship between xml:lang and the html lang attribute).",
        "min": 0,
        "max": "1",
        "base": {
          "path": "Resource.language",
          "min": 0,
          "max": "1"
        },
        "type": [
          {
            "code": "code"
          }
        ],
        "isModifier": false,
        "isSummary": false,
        "binding": {
          "extension": [
            {
              "url": "http://hl7.org/fhir/StructureDefinition/elementdefinition-maxValueSet",
              "valueCanonical": "http://hl7.org/fhir/ValueSet/all-languages"
            },
            {
              "url": "http://hl7.org/fhir/StructureDefinition/elementdefinition-bindingName",
              "valueString": "Language"
            },
            {
              "url": "http://hl7.org/fhir/StructureDefinition/elementdefinition-isCommonBinding",
              "valueBoolean": true
            }
          ],
          "strength": "preferred",
          "description": "A human language.",
          "valueSet": "http://hl7.org/fhir/ValueSet/languages"
        }
      },
      {
        "id": "DomainResource:obf-SituationStatement.text",
        "path": "DomainResource.text",
        "short": "Text summary of the resource, for human interpretation",
        "definition": "A human-readable narrative that contains a summary of the resource and can be used to represent the content of the resource to a human. The narrative need not encode all the structured data, but is required to contain sufficient detail to make it \"clinically safe\" for a human to just read the narrative. Resource definitions may define what content should be represented in the narrative to ensure clinical safety.",
        "comment": "Contained resources do not have narrative. Resources that are not contained SHOULD have a narrative. In some cases, a resource may only have text with little or no additional discrete data (as long as all minOccurs=1 elements are satisfied).  This may be necessary for data from legacy systems where information is captured as a \"text blob\" or where text is additionally entered raw or narrated and encoded information is added later.",
        "alias": [
          "narrative",
          "html",
          "xhtml",
          "display"
        ],
        "min": 0,
        "max": "1",
        "base": {
          "path": "DomainResource.text",
          "min": 0,
          "max": "1"
        },
        "type": [
          {
            "code": "Narrative"
          }
        ],
        "isModifier": false,
        "isSummary": false,
        "mapping": [
          {
            "identity": "rim",
            "map": "Act.text?"
          }
        ]
      },
      {
        "id": "DomainResource:obf-SituationStatement.contained",
        "path": "DomainResource.contained",
        "short": "Contained, inline Resources",
        "definition": "These resources do not have an independent existence apart from the resource that contains them - they cannot be identified independently, and nor can they have their own independent transaction scope.",
        "comment": "This should never be done when the content can be identified properly, as once identification is lost, it is extremely difficult (and context dependent) to restore it again. Contained resources may have profiles and tags In their meta elements, but SHALL NOT have security labels.",
        "alias": [
          "inline resources",
          "anonymous resources",
          "contained resources"
        ],
        "min": 0,
        "max": "*",
        "base": {
          "path": "DomainResource.contained",
          "min": 0,
          "max": "*"
        },
        "type": [
          {
            "code": "Resource"
          }
        ],
        "isModifier": false,
        "isSummary": false,
        "mapping": [
          {
            "identity": "rim",
            "map": "N/A"
          }
        ]
      },
      {
        "id": "DomainResource:obf-SituationStatement.extension",
        "path": "DomainResource.extension",
        "slicing": {
          "discriminator": [
            {
              "type": "value",
              "path": "url"
            }
          ],
          "description": "Extensions are always sliced by (at least) url",
          "rules": "open"
        },
        "short": "Additional content defined by implementations",
        "definition": "May be used to represent additional information that is not part of the basic definition of the resource. To make the use of extensions safe and manageable, there is a strict set of governance  applied to the definition and use of extensions. Though any implementer can define an extension, there is a set of requirements that SHALL be met as part of the definition of the extension.",
        "comment": "There can be no stigma associated with the use of extensions by any application, project, or standard - regardless of the institution or jurisdiction that uses or defines the extensions.  The use of extensions is what allows the FHIR specification to retain a core level of simplicity for everyone.",
        "alias": [
          "extensions",
          "user content"
        ],
        "min": 1,
        "max": "*",
        "base": {
          "path": "DomainResource.extension",
          "min": 0,
          "max": "*"
        },
        "type": [
          {
            "code": "Extension"
          }
        ],
        "isModifier": false,
        "isSummary": false,
        "mapping": [
          {
            "identity": "rim",
            "map": "N/A"
          }
        ]
      },
      {
        "id": "DomainResource:obf-SituationStatement.extension:status",
        "path": "DomainResource.extension",
        "sliceName": "status",
        "definition": "A state that relates to the workflow or interpretation of this resource. Certain status values can modify the meaning of the resource, for example, entered-in-error. When a boolean value is used, Status of true indicates the record is active, false means inactive.",
        "min": 0,
        "max": "1",
        "base": {
          "path": "DomainResource.extension",
          "min": 0,
          "max": "*"
        },
        "type": [
          {
            "code": "Extension",
            "profile": [
              "http://hl7.org/fhir/us/mcode/StructureDefinition/obf-Status-extension"
            ]
          }
        ],
        "isModifier": false,
        "isSummary": false
      },
      {
        "id": "DomainResource:obf-SituationStatement.extension:identifier",
        "path": "DomainResource.extension",
        "sliceName": "identifier",
        "definition": "Business identifier or external id for this resource.",
        "min": 0,
        "max": "*",
        "base": {
          "path": "DomainResource.extension",
          "min": 0,
          "max": "*"
        },
        "type": [
          {
            "code": "Extension",
            "profile": [
              "http://hl7.org/fhir/us/mcode/StructureDefinition/shr-core-Identifier-extension"
            ]
          }
        ],
        "isModifier": false,
        "isSummary": false
      },
      {
        "id": "DomainResource:obf-SituationStatement.extension:subjectofrecord",
        "path": "DomainResource.extension",
        "sliceName": "subjectofrecord",
        "definition": "The subject of a clinical statement, often called the Patient or the Subject. The SubjectOfRecord typically identifies the clinical record in which this statement is contained. If the statement should be in John Doe's patient record, then John Doe is the subject of record. When there is no patient, the SubjectOfRecord can also be a location, group, or other entity that statement pertains to. For example, observations concerning a hospital ward would have a Location as the SubjectOfRecord.\n\nNote that the word 'Subject' is used here in the sense of a person or entity subjected to observations or actions, not subject as in a conceptual topic, like heart disease.",
        "min": 0,
        "max": "1",
        "base": {
          "path": "DomainResource.extension",
          "min": 0,
          "max": "*"
        },
        "type": [
          {
            "code": "Extension",
            "profile": [
              "http://hl7.org/fhir/us/mcode/StructureDefinition/obf-SubjectOfRecord-extension"
            ]
          }
        ],
        "isModifier": false,
        "isSummary": false
      },
      {
        "id": "DomainResource:obf-SituationStatement.extension:carecontext",
        "path": "DomainResource.extension",
        "sliceName": "carecontext",
        "definition": "The encounter or episode of care",
        "min": 0,
        "max": "1",
        "base": {
          "path": "DomainResource.extension",
          "min": 0,
          "max": "*"
        },
        "type": [
          {
            "code": "Extension",
            "profile": [
              "http://hl7.org/fhir/us/mcode/StructureDefinition/obf-CareContext-extension"
            ]
          }
        ],
        "isModifier": false,
        "isSummary": false
      },
      {
        "id": "DomainResource:obf-SituationStatement.extension:statementdatetime",
        "path": "DomainResource.extension",
        "sliceName": "statementdatetime",
        "definition": "The point in time when the statement was created.",
        "min": 0,
        "max": "1",
        "base": {
          "path": "DomainResource.extension",
          "min": 0,
          "max": "*"
        },
        "type": [
          {
            "code": "Extension",
            "profile": [
              "http://hl7.org/fhir/us/mcode/StructureDefinition/obf-StatementDateTime-extension"
            ]
          }
        ],
        "isModifier": false,
        "isSummary": false
      },
      {
        "id": "DomainResource:obf-SituationStatement.extension:code",
        "path": "DomainResource.extension",
        "sliceName": "code",
        "definition": "The main type identifier for a lab, procedure, condition, etc., usually drawn from a controlled vocabulary.",
        "min": 1,
        "max": "1",
        "base": {
          "path": "DomainResource.extension",
          "min": 0,
          "max": "*"
        },
        "type": [
          {
            "code": "Extension",
            "profile": [
              "http://hl7.org/fhir/us/mcode/StructureDefinition/shr-core-Code-extension"
            ]
          }
        ],
        "isModifier": false,
        "isSummary": false
      },
      {
        "id": "DomainResource:obf-SituationStatement.modifierExtension",
        "path": "DomainResource.modifierExtension",
        "slicing": {
          "discriminator": [
            {
              "type": "value",
              "path": "url"
            }
          ],
          "description": "Extensions are always sliced by (at least) url",
          "rules": "open"
        },
        "short": "Extensions that cannot be ignored",
        "definition": "May be used to represent additional information that is not part of the basic definition of the resource and that modifies the understanding of the element that contains it and/or the understanding of the containing element's descendants. Usually modifier elements provide negation or qualification. To make the use of extensions safe and manageable, there is a strict set of governance applied to the definition and use of extensions. Though any implementer is allowed to define an extension, there is a set of requirements that SHALL be met as part of the definition of the extension. Applications processing a resource are required to check for modifier extensions.\n\nModifier extensions SHALL NOT change the meaning of any elements on Resource or DomainResource (including cannot change the meaning of modifierExtension itself).",
        "comment": "There can be no stigma associated with the use of extensions by any application, project, or standard - regardless of the institution or jurisdiction that uses or defines the extensions.  The use of extensions is what allows the FHIR specification to retain a core level of simplicity for everyone.",
        "requirements": "Modifier extensions allow for extensions that *cannot* be safely ignored to be clearly distinguished from the vast majority of extensions which can be safely ignored.  This promotes interoperability by eliminating the need for implementers to prohibit the presence of extensions. For further information, see the [definition of modifier extensions](extensibility.html#modifierExtension).",
        "alias": [
          "extensions",
          "user content"
        ],
        "min": 0,
        "max": "*",
        "base": {
          "path": "DomainResource.modifierExtension",
          "min": 0,
          "max": "*"
        },
        "type": [
          {
            "code": "Extension"
          }
        ],
        "isModifier": true,
        "isModifierReason": "Modifier extensions are expected to modify the meaning or interpretation of the resource that contains them",
        "isSummary": false,
        "mapping": [
          {
            "identity": "rim",
            "map": "N/A"
          }
        ]
      }
    ]
  },
  "differential": {
    "element": [
      {
        "id": "DomainResource:obf-SituationStatement",
        "path": "DomainResource",
        "short": "obf-SituationStatement",
        "definition": "An assertion, determination, opinion, evaluation, result, observation, or measurement made by a person or device.",
        "isModifier": false,
        "isSummary": false
      },
      {
        "id": "DomainResource:obf-SituationStatement.extension",
        "path": "DomainResource.extension",
        "min": 1,
        "max": "*"
      },
      {
        "id": "DomainResource:obf-SituationStatement.extension:status",
        "path": "DomainResource.extension",
        "sliceName": "status",
        "definition": "A state that relates to the workflow or interpretation of this resource. Certain status values can modify the meaning of the resource, for example, entered-in-error. When a boolean value is used, Status of true indicates the record is active, false means inactive.",
        "min": 0,
        "max": "1",
        "base": {
          "path": "DomainResource.extension",
          "min": 0,
          "max": "*"
        },
        "type": [
          {
            "code": "Extension",
            "profile": [
              "http://hl7.org/fhir/us/mcode/StructureDefinition/obf-Status-extension"
            ]
          }
        ],
        "isModifier": false,
        "isSummary": false
      },
      {
        "id": "DomainResource:obf-SituationStatement.extension:identifier",
        "path": "DomainResource.extension",
        "sliceName": "identifier",
        "definition": "Business identifier or external id for this resource.",
        "min": 0,
        "max": "*",
        "base": {
          "path": "DomainResource.extension",
          "min": 0,
          "max": "*"
        },
        "type": [
          {
            "code": "Extension",
            "profile": [
              "http://hl7.org/fhir/us/mcode/StructureDefinition/shr-core-Identifier-extension"
            ]
          }
        ],
        "isModifier": false,
        "isSummary": false
      },
      {
        "id": "DomainResource:obf-SituationStatement.extension:subjectofrecord",
        "path": "DomainResource.extension",
        "sliceName": "subjectofrecord",
        "definition": "The subject of a clinical statement, often called the Patient or the Subject. The SubjectOfRecord typically identifies the clinical record in which this statement is contained. If the statement should be in John Doe's patient record, then John Doe is the subject of record. When there is no patient, the SubjectOfRecord can also be a location, group, or other entity that statement pertains to. For example, observations concerning a hospital ward would have a Location as the SubjectOfRecord.\n\nNote that the word 'Subject' is used here in the sense of a person or entity subjected to observations or actions, not subject as in a conceptual topic, like heart disease.",
        "min": 0,
        "max": "1",
        "base": {
          "path": "DomainResource.extension",
          "min": 0,
          "max": "*"
        },
        "type": [
          {
            "code": "Extension",
            "profile": [
              "http://hl7.org/fhir/us/mcode/StructureDefinition/obf-SubjectOfRecord-extension"
            ]
          }
        ],
        "isModifier": false,
        "isSummary": false
      },
      {
        "id": "DomainResource:obf-SituationStatement.extension:carecontext",
        "path": "DomainResource.extension",
        "sliceName": "carecontext",
        "definition": "The encounter or episode of care",
        "min": 0,
        "max": "1",
        "base": {
          "path": "DomainResource.extension",
          "min": 0,
          "max": "*"
        },
        "type": [
          {
            "code": "Extension",
            "profile": [
              "http://hl7.org/fhir/us/mcode/StructureDefinition/obf-CareContext-extension"
            ]
          }
        ],
        "isModifier": false,
        "isSummary": false
      },
      {
        "id": "DomainResource:obf-SituationStatement.extension:statementdatetime",
        "path": "DomainResource.extension",
        "sliceName": "statementdatetime",
        "definition": "The point in time when the statement was created.",
        "min": 0,
        "max": "1",
        "base": {
          "path": "DomainResource.extension",
          "min": 0,
          "max": "*"
        },
        "type": [
          {
            "code": "Extension",
            "profile": [
              "http://hl7.org/fhir/us/mcode/StructureDefinition/obf-StatementDateTime-extension"
            ]
          }
        ],
        "isModifier": false,
        "isSummary": false
      },
      {
        "id": "DomainResource:obf-SituationStatement.extension:code",
        "path": "DomainResource.extension",
        "sliceName": "code",
        "definition": "The main type identifier for a lab, procedure, condition, etc., usually drawn from a controlled vocabulary.",
        "min": 1,
        "max": "1",
        "base": {
          "path": "DomainResource.extension",
          "min": 0,
          "max": "*"
        },
        "type": [
          {
            "code": "Extension",
            "profile": [
              "http://hl7.org/fhir/us/mcode/StructureDefinition/shr-core-Code-extension"
            ]
          }
        ],
        "isModifier": false,
        "isSummary": false
      }
    ]
  }
}