{
  "resourceType": "ValueSet",
  "id": "obf-lab-ChoiceOfUnitsVS-g-per-dL",
  "text": {
    "status": "generated",
    "div": "<div xmlns=\"http://www.w3.org/1999/xhtml\">\n<p><b>ChoiceOfUnitsVS-g-per-dL ValueSet</b></p>\n<p>Choice of units for mass concentration.</p>\n</div>"
  },
  "url": "http://hl7.org/fhir/us/mcode/ValueSet/obf-lab-ChoiceOfUnitsVS-g-per-dL",
  "identifier": [
    {
      "system": "http://hl7.org/fhir/us/mcode",
      "value": "obf.lab.ChoiceOfUnitsVS-g-per-dL"
    }
  ],
  "version": "0.9.1",
  "name": "ChoiceOfUnitsVS_g_per_dL",
  "title": "ChoiceOfUnitsVS-g-per-dL",
  "status": "draft",
  "date": "2019-07-03T00:00:00-04:00",
  "publisher": "The MITRE Corporation",
  "contact": [
    {
      "telecom": [
        {
          "system": "url",
          "value": "http://standardhealthrecord.org"
        }
      ]
    }
  ],
  "description": "Choice of units for mass concentration.",
  "compose": {
    "include": [
      {
        "system": "http://unitsofmeasure.org",
        "concept": [
          {
            "code": "g/dL",
            "display": "Grams per deciliter"
          },
          {
            "code": "g/L",
            "display": "Grams per liter"
          },
          {
            "code": "mg/dL",
            "display": "Milligrams per deciliter"
          }
        ]
      }
    ]
  }
}