{
  "resourceType": "ValueSet",
  "id": "onco-core-HistologyMorphologyBehaviorVS",
  "text": {
    "status": "generated",
    "div": "<div xmlns=\"http://www.w3.org/1999/xhtml\">\n<p><b>HistologyMorphologyBehaviorVS ValueSet</b></p>\n<p>Codes representing the structure, arrangement, and behavioral characteristics of tumors and cancer cells. Codes are preferrably taken from the SNOMED CT hierarchy under 108369006 Neoplasm (morphologic abnormality). ICD-O-3 morphology codes (including behavior suffix) can also be used, although they are not included in the value set for intellectual property reasons. For primary cancers, the ICD-O-3 behavior suffix should be /1, /2, or /3. For secondary cancers, the ICD-O-3 behavior suffix should be /6 or /9. Only SNOMED CT and ICD-O-3 are considered conformant to the specification.</p>\n</div>"
  },
  "url": "http://hl7.org/fhir/us/mcode/ValueSet/onco-core-HistologyMorphologyBehaviorVS",
  "identifier": [
    {
      "system": "http://hl7.org/fhir/us/mcode",
      "value": "onco.core.HistologyMorphologyBehaviorVS"
    }
  ],
  "version": "0.9.1",
  "name": "HistologyMorphologyBehaviorVS",
  "title": "HistologyMorphologyBehaviorVS",
  "status": "draft",
  "date": "2019-07-13T00:00:00-04:00",
  "publisher": "The MITRE Corporation",
  "contact": [
    {
      "telecom": [
        {
          "system": "url",
          "value": "http://standardhealthrecord.org"
        }
      ]
    }
  ],
  "description": "Codes representing the structure, arrangement, and behavioral characteristics of tumors and cancer cells. Codes are preferrably taken from the SNOMED CT hierarchy under 108369006 Neoplasm (morphologic abnormality). ICD-O-3 morphology codes (including behavior suffix) can also be used, although they are not included in the value set for intellectual property reasons. For primary cancers, the ICD-O-3 behavior suffix should be /1, /2, or /3. For secondary cancers, the ICD-O-3 behavior suffix should be /6 or /9. Only SNOMED CT and ICD-O-3 are considered conformant to the specification.",
  "compose": {
    "include": [
      {
        "system": "http://snomed.info/sct",
        "filter": [
          {
            "property": "concept",
            "op": "is-a",
            "value": "108369006"
          }
        ]
      }
    ]
  }
}