{
  "resourceType": "StructureDefinition",
  "id": "shr-core-QuantitativeNonLaboratoryObservation-model",
  "text": {
    "status": "generated",
    "div": "<div xmlns=\"http://www.w3.org/1999/xhtml\">\n  <p><b>QuantitativeNonLaboratoryObservation Logical Model</b></p>\n  <p>The result of evaluations (measurements, tests, or questions) whose answer is expressed as a code.</p>\n</div>"
  },
  "url": "http://hl7.org/fhir/us/shr/StructureDefinition/shr-core-QuantitativeNonLaboratoryObservation-model",
  "identifier": [
    {
      "system": "http://hl7.org/fhir/us/shrcore",
      "value": "shr.core.QuantitativeNonLaboratoryObservation"
    }
  ],
  "version": "0.5.0",
  "name": "QuantitativeNonLaboratoryObservation",
  "title": "shr-core-QuantitativeNonLaboratoryObservation",
  "status": "draft",
  "date": "2019-05-01T00:00:00-04:00",
  "publisher": "The MITRE Corporation",
  "contact": [
    {
      "telecom": [
        {
          "system": "url",
          "value": "http://www.standardhealthrecord.org"
        }
      ]
    }
  ],
  "description": "The result of evaluations (measurements, tests, or questions) whose answer is expressed as a code.",
  "kind": "logical",
  "abstract": false,
  "type": "shr-core-QuantitativeNonLaboratoryObservation-model",
  "baseDefinition": "http://hl7.org/fhir/StructureDefinition/Element",
  "derivation": "specialization",
  "snapshot": {
    "element": [
      {
        "id": "shr-core-QuantitativeNonLaboratoryObservation-model",
        "path": "shr-core-QuantitativeNonLaboratoryObservation-model",
        "definition": "The result of evaluations (measurements, tests, or questions) whose answer is expressed as a code.",
        "min": 0,
        "max": "*",
        "base": {
          "path": "shr-core-QuantitativeNonLaboratoryObservation-model",
          "min": 0,
          "max": "*"
        },
        "mustSupport": false,
        "isModifier": false,
        "isSummary": false
      },
      {
        "id": "shr-core-QuantitativeNonLaboratoryObservation-model.metadata",
        "path": "shr-core-QuantitativeNonLaboratoryObservation-model.metadata",
        "short": "Elements that belong to all information items.",
        "definition": "Elements that belong to all information items.",
        "min": 0,
        "max": "1",
        "base": {
          "path": "shr-core-QuantitativeNonLaboratoryObservation-model.metadata",
          "min": 0,
          "max": "1"
        },
        "type": [
          {
            "code": "http://hl7.org/fhir/us/shr/StructureDefinition/shr-core-Metadata-model"
          }
        ],
        "mustSupport": false,
        "isModifier": false,
        "isSummary": false
      },
      {
        "id": "shr-core-QuantitativeNonLaboratoryObservation-model.language",
        "path": "shr-core-QuantitativeNonLaboratoryObservation-model.language",
        "short": "A human language, spoken or written.",
        "definition": "A human language, spoken or written.",
        "min": 0,
        "max": "1",
        "base": {
          "path": "shr-core-QuantitativeNonLaboratoryObservation-model.language",
          "min": 0,
          "max": "1"
        },
        "type": [
          {
            "code": "Coding"
          }
        ],
        "mustSupport": false,
        "isModifier": false,
        "isSummary": false
      },
      {
        "id": "shr-core-QuantitativeNonLaboratoryObservation-model.implicitRules",
        "path": "shr-core-QuantitativeNonLaboratoryObservation-model.implicitRules",
        "short": "A set of rules under which this content was created",
        "definition": "A set of rules under which this content was created",
        "min": 0,
        "max": "1",
        "base": {
          "path": "shr-core-QuantitativeNonLaboratoryObservation-model.implicitRules",
          "min": 0,
          "max": "1"
        },
        "type": [
          {
            "code": "uri"
          }
        ],
        "mustSupport": false,
        "isModifier": false,
        "isSummary": false
      },
      {
        "id": "shr-core-QuantitativeNonLaboratoryObservation-model.narrative",
        "path": "shr-core-QuantitativeNonLaboratoryObservation-model.narrative",
        "short": "A human-readable narrative, potentially including images, that contains a summary of the resource, and may be used to represent the content of the resource to a human.",
        "definition": "A human-readable narrative, potentially including images, that contains a summary of the resource, and may be used to represent the content of the resource to a human.",
        "min": 0,
        "max": "1",
        "base": {
          "path": "shr-core-QuantitativeNonLaboratoryObservation-model.narrative",
          "min": 0,
          "max": "1"
        },
        "type": [
          {
            "code": "http://hl7.org/fhir/us/shr/StructureDefinition/shr-core-Narrative-model"
          }
        ],
        "mustSupport": false,
        "isModifier": false,
        "isSummary": false
      },
      {
        "id": "shr-core-QuantitativeNonLaboratoryObservation-model.status",
        "path": "shr-core-QuantitativeNonLaboratoryObservation-model.status",
        "short": "A state that relates to the workflow or interpretation of this resource. Certain status values can modify the meaning of the resource, for example, entered-in-error. When a boolean value is used, Status of true indicates the record is active, false means inactive.",
        "definition": "A state that relates to the workflow or interpretation of this resource. Certain status values can modify the meaning of the resource, for example, entered-in-error. When a boolean value is used, Status of true indicates the record is active, false means inactive.",
        "min": 1,
        "max": "1",
        "base": {
          "path": "shr-core-QuantitativeNonLaboratoryObservation-model.status",
          "min": 1,
          "max": "1"
        },
        "type": [
          {
            "code": "Coding"
          }
        ],
        "mustSupport": false,
        "isModifier": false,
        "isSummary": false,
        "binding": {
          "strength": "required",
          "valueSetReference": {
            "reference": "http://hl7.org/fhir/ValueSet/observation-status"
          }
        }
      },
      {
        "id": "shr-core-QuantitativeNonLaboratoryObservation-model.identifier",
        "path": "shr-core-QuantitativeNonLaboratoryObservation-model.identifier",
        "short": "Business identifier or external id for this resource.",
        "definition": "Business identifier or external id for this resource.",
        "min": 0,
        "max": "*",
        "base": {
          "path": "shr-core-QuantitativeNonLaboratoryObservation-model.identifier",
          "min": 0,
          "max": "*"
        },
        "type": [
          {
            "code": "http://hl7.org/fhir/us/shr/StructureDefinition/shr-core-Identifier-model"
          }
        ],
        "mustSupport": false,
        "isModifier": false,
        "isSummary": false
      },
      {
        "id": "shr-core-QuantitativeNonLaboratoryObservation-model.observationSubjectOfRecord[x]",
        "path": "shr-core-QuantitativeNonLaboratoryObservation-model.observationSubjectOfRecord[x]",
        "short": "A choice of Patient, Group, Device, or Location. These are the potential subjects for an Observation.",
        "definition": "A choice of Patient, Group, Device, or Location. These are the potential subjects for an Observation.",
        "min": 1,
        "max": "1",
        "base": {
          "path": "shr-core-QuantitativeNonLaboratoryObservation-model.observationSubjectOfRecord[x]",
          "min": 1,
          "max": "1"
        },
        "type": [
          {
            "code": "Reference",
            "targetProfile": "http://hl7.org/fhir/us/shr/StructureDefinition/shr-core-Patient-model"
          },
          {
            "code": "Reference",
            "targetProfile": "http://hl7.org/fhir/us/shr/StructureDefinition/shr-core-Group-model"
          },
          {
            "code": "Reference",
            "targetProfile": "http://hl7.org/fhir/us/shr/StructureDefinition/shr-core-Device-model"
          },
          {
            "code": "Reference",
            "targetProfile": "http://hl7.org/fhir/us/shr/StructureDefinition/shr-core-Location-model"
          }
        ],
        "mustSupport": false,
        "isModifier": false,
        "isSummary": false
      },
      {
        "id": "shr-core-QuantitativeNonLaboratoryObservation-model.careContext",
        "path": "shr-core-QuantitativeNonLaboratoryObservation-model.careContext",
        "short": "The encounter or episode of care",
        "definition": "The encounter or episode of care",
        "min": 0,
        "max": "1",
        "base": {
          "path": "shr-core-QuantitativeNonLaboratoryObservation-model.careContext",
          "min": 0,
          "max": "1"
        },
        "type": [
          {
            "code": "Reference",
            "targetProfile": "http://hl7.org/fhir/us/shr/StructureDefinition/shr-core-Encounter-model"
          }
        ],
        "mustSupport": false,
        "isModifier": false,
        "isSummary": false
      },
      {
        "id": "shr-core-QuantitativeNonLaboratoryObservation-model.statementDateTime",
        "path": "shr-core-QuantitativeNonLaboratoryObservation-model.statementDateTime",
        "code": [
          {
            "system": "http://ncimeta.nci.nih.gov",
            "code": "C3669169"
          }
        ],
        "short": "The point in time when the statement was created.",
        "definition": "The point in time when the statement was created.",
        "min": 0,
        "max": "1",
        "base": {
          "path": "shr-core-QuantitativeNonLaboratoryObservation-model.statementDateTime",
          "min": 0,
          "max": "1"
        },
        "type": [
          {
            "code": "dateTime"
          }
        ],
        "mustSupport": false,
        "isModifier": false,
        "isSummary": false
      },
      {
        "id": "shr-core-QuantitativeNonLaboratoryObservation-model.code",
        "path": "shr-core-QuantitativeNonLaboratoryObservation-model.code",
        "short": "The main type identifier for a lab, procedure, condition, etc., usually drawn from a controlled vocabulary.",
        "definition": "The main type identifier for a lab, procedure, condition, etc., usually drawn from a controlled vocabulary.",
        "min": 1,
        "max": "1",
        "base": {
          "path": "shr-core-QuantitativeNonLaboratoryObservation-model.code",
          "min": 1,
          "max": "1"
        },
        "type": [
          {
            "code": "Coding"
          }
        ],
        "mustSupport": false,
        "isModifier": false,
        "isSummary": false
      },
      {
        "id": "shr-core-QuantitativeNonLaboratoryObservation-model.observationBasedOn[x]",
        "path": "shr-core-QuantitativeNonLaboratoryObservation-model.observationBasedOn[x]",
        "short": "A plan, proposal or order that is fulfilled in whole or in part by this event. For example, a MedicationRequest may require a patient to have laboratory test performed before it is dispensed.",
        "definition": "A plan, proposal or order that is fulfilled in whole or in part by this event. For example, a MedicationRequest may require a patient to have laboratory test performed before it is dispensed.",
        "min": 0,
        "max": "*",
        "base": {
          "path": "shr-core-QuantitativeNonLaboratoryObservation-model.observationBasedOn[x]",
          "min": 0,
          "max": "*"
        },
        "type": [
          {
            "code": "Reference",
            "targetProfile": "http://hl7.org/fhir/us/shr/StructureDefinition/shr-core-MedicationRequest-model"
          },
          {
            "code": "Reference",
            "targetProfile": "http://hl7.org/fhir/us/shr/StructureDefinition/shr-core-ServiceRequest-model"
          },
          {
            "code": "Reference",
            "targetProfile": "http://hl7.org/fhir/us/shr/StructureDefinition/shr-core-ProcedureRequest-model"
          },
          {
            "code": "Reference",
            "targetProfile": "http://hl7.org/fhir/us/shr/StructureDefinition/shr-core-ReferralRequest-model"
          }
        ],
        "mustSupport": false,
        "isModifier": false,
        "isSummary": false
      },
      {
        "id": "shr-core-QuantitativeNonLaboratoryObservation-model.observationPartOf[x]",
        "path": "shr-core-QuantitativeNonLaboratoryObservation-model.observationPartOf[x]",
        "slicing": {
          "discriminator": [
            {
              "type": "type",
              "path": "$this"
            }
          ],
          "ordered": false,
          "rules": "open"
        },
        "short": "A larger event of which this particular Observation is a component or step. For example, an observation as part of a procedure.",
        "definition": "A larger event of which this particular Observation is a component or step. For example, an observation as part of a procedure.",
        "min": 0,
        "max": "*",
        "base": {
          "path": "shr-core-QuantitativeNonLaboratoryObservation-model.observationPartOf[x]",
          "min": 0,
          "max": "*"
        },
        "type": [
          {
            "code": "Reference",
            "targetProfile": "http://hl7.org/fhir/us/shr/StructureDefinition/shr-core-MedicationAdministration-model"
          },
          {
            "code": "Reference",
            "targetProfile": "http://hl7.org/fhir/us/shr/StructureDefinition/shr-core-MedicationDispense-model"
          },
          {
            "code": "Reference",
            "targetProfile": "http://hl7.org/fhir/us/shr/StructureDefinition/shr-core-MedicationStatement-model"
          },
          {
            "code": "Reference",
            "targetProfile": "http://hl7.org/fhir/us/shr/StructureDefinition/shr-core-Procedure-model"
          }
        ],
        "mustSupport": false,
        "isModifier": false,
        "isSummary": false
      },
      {
        "id": "shr-core-QuantitativeNonLaboratoryObservation-model.observationPartOfShr-core-MedicationAdministration-model:MedicationAdministration",
        "path": "shr-core-QuantitativeNonLaboratoryObservation-model.observationPartOfShr-core-MedicationAdministration-model",
        "sliceName": "MedicationAdministration",
        "short": "A record of the use of a medication. If the medication is given as part of a course of treatment, the PartOf attribute should refer to the CourseOfTreatment.",
        "definition": "A record of the use of a medication. If the medication is given as part of a course of treatment, the PartOf attribute should refer to the CourseOfTreatment.\nAlthough FHIR MedicationAdministration supports date of administration, information source, performer, it lacks common provenance elements, statement creation date, author, and recorder. These are supported as optional extensions.\nFHIR DSTU2 lacks a category attribute, which is provided as an extension in that version.\nSHR does not allow the 'not given' attributes from DSTU2 and STU3, since they are dropped in R4. The status element is used to document medications not given.",
        "min": 1,
        "max": "1",
        "base": {
          "path": "shr-core-QuantitativeNonLaboratoryObservation-model.observationPartOf[x]",
          "min": 0,
          "max": "*"
        },
        "type": [
          {
            "code": "Reference",
            "targetProfile": "http://hl7.org/fhir/us/shr/StructureDefinition/shr-core-MedicationAdministration-model"
          }
        ],
        "mustSupport": false,
        "isModifier": false,
        "isSummary": false
      },
      {
        "id": "shr-core-QuantitativeNonLaboratoryObservation-model.observationPartOfShr-core-MedicationDispense-model:MedicationDispense",
        "path": "shr-core-QuantitativeNonLaboratoryObservation-model.observationPartOfShr-core-MedicationDispense-model",
        "sliceName": "MedicationDispense",
        "short": "Indicates that a medication product has been dispensed for a named person/patient. This includes a description of the medication product (supply) provided and the instructions for administering the medication. The medication dispense is the result of a pharmacy system responding to a medication order.",
        "definition": "Indicates that a medication product has been dispensed for a named person/patient. This includes a description of the medication product (supply) provided and the instructions for administering the medication. The medication dispense is the result of a pharmacy system responding to a medication order.",
        "min": 1,
        "max": "1",
        "base": {
          "path": "shr-core-QuantitativeNonLaboratoryObservation-model.observationPartOf[x]",
          "min": 0,
          "max": "*"
        },
        "type": [
          {
            "code": "Reference",
            "targetProfile": "http://hl7.org/fhir/us/shr/StructureDefinition/shr-core-MedicationDispense-model"
          }
        ],
        "mustSupport": false,
        "isModifier": false,
        "isSummary": false
      },
      {
        "id": "shr-core-QuantitativeNonLaboratoryObservation-model.observationPartOfShr-core-MedicationStatement-model:MedicationStatement",
        "path": "shr-core-QuantitativeNonLaboratoryObservation-model.observationPartOfShr-core-MedicationStatement-model",
        "sliceName": "MedicationStatement",
        "short": "A record of the use of a medication. The use may be reported by the patient or clinician and adminstration does not have to be directly observed.",
        "definition": "A record of the use of a medication. The use may be reported by the patient or clinician and adminstration does not have to be directly observed.\n\nFHIR Notes:\n\nAlthough FHIR supports the asserter (information source) and date asserted, it does not have a place for the author (who created and is responsible for the statement) and recorder (who entered the statement). Extensions are provided.\n\nThe treatment of 'not taken' has changed from DSTU2 and STU3 to R4. In R4, status and statusReason are used to indicate medications not taken. For upward compatibility, the 'not taken' attributes are profiled out.\nReasonCode is a choice of CodeableConcept or ref(Condition) in DSTU2, and limited to one reason (pick a type). In STU3 and R4, there can be multiple reason codes, and multiple reason references, simultaneously.\n\nPreference is given to using the National Library of Medicine (NLM) RxNorm terminology for medications. RxNorm is a coding standard established by the Office of the National Coordinator (ONC). However, RxNorm is restricted to FDA-approved drugs and does not include clinical trial drugs. MedicationStatement allows for the inclusion of other coding systems like the NCI Thesaurus (NCIT) to represent clinical trial oncology drugs.",
        "min": 1,
        "max": "1",
        "base": {
          "path": "shr-core-QuantitativeNonLaboratoryObservation-model.observationPartOf[x]",
          "min": 0,
          "max": "*"
        },
        "type": [
          {
            "code": "Reference",
            "targetProfile": "http://hl7.org/fhir/us/shr/StructureDefinition/shr-core-MedicationStatement-model"
          }
        ],
        "mustSupport": false,
        "isModifier": false,
        "isSummary": false
      },
      {
        "id": "shr-core-QuantitativeNonLaboratoryObservation-model.observationPartOfShr-core-Procedure-model:Procedure",
        "path": "shr-core-QuantitativeNonLaboratoryObservation-model.observationPartOfShr-core-Procedure-model",
        "sliceName": "Procedure",
        "short": "An action that is or was performed on or for a patient. This can be a physical intervention like an operation, or less invasive like long term services, counseling, or hypnotherapy.",
        "definition": "An action that is or was performed on or for a patient. This can be a physical intervention like an operation, or less invasive like long term services, counseling, or hypnotherapy.",
        "min": 1,
        "max": "1",
        "base": {
          "path": "shr-core-QuantitativeNonLaboratoryObservation-model.observationPartOf[x]",
          "min": 0,
          "max": "*"
        },
        "type": [
          {
            "code": "Reference",
            "targetProfile": "http://hl7.org/fhir/us/shr/StructureDefinition/shr-core-Procedure-model"
          }
        ],
        "mustSupport": false,
        "isModifier": false,
        "isSummary": false
      },
      {
        "id": "shr-core-QuantitativeNonLaboratoryObservation-model.category",
        "path": "shr-core-QuantitativeNonLaboratoryObservation-model.category",
        "short": "The general type or class of this item.",
        "definition": "The general type or class of this item.",
        "min": 0,
        "max": "1",
        "base": {
          "path": "shr-core-QuantitativeNonLaboratoryObservation-model.category",
          "min": 0,
          "max": "1"
        },
        "type": [
          {
            "code": "Coding"
          }
        ],
        "mustSupport": false,
        "isModifier": false,
        "isSummary": false,
        "binding": {
          "strength": "extensible",
          "valueSetReference": {
            "reference": "http://hl7.org/fhir/ValueSet/observation-category"
          }
        }
      },
      {
        "id": "shr-core-QuantitativeNonLaboratoryObservation-model.focalSubject[x]",
        "path": "shr-core-QuantitativeNonLaboratoryObservation-model.focalSubject[x]",
        "short": "The person or entity that the information in this resource relates to, if different than the person of record. The subject of information can be a reference or a code, the latter when the subject is described generically, for example, in terms of a relationship to the subject of record (e.g., wife).",
        "definition": "The person or entity that the information in this resource relates to, if different than the person of record. The subject of information can be a reference or a code, the latter when the subject is described generically, for example, in terms of a relationship to the subject of record (e.g., wife).",
        "min": 0,
        "max": "*",
        "base": {
          "path": "shr-core-QuantitativeNonLaboratoryObservation-model.focalSubject[x]",
          "min": 0,
          "max": "*"
        },
        "type": [
          {
            "code": "Coding"
          },
          {
            "code": "Reference",
            "targetProfile": "http://hl7.org/fhir/us/shr/StructureDefinition/shr-core-DomainResource-model"
          }
        ],
        "mustSupport": false,
        "isModifier": false,
        "isSummary": false
      },
      {
        "id": "shr-core-QuantitativeNonLaboratoryObservation-model.relevantTime[x]",
        "path": "shr-core-QuantitativeNonLaboratoryObservation-model.relevantTime[x]",
        "short": "The time or time period that the statement addresses.",
        "definition": "The time or time period that the statement addresses.\nThe clinically relevant time is not necessarily when the information is gathered or when a test is carried out, but for example, when a specimen was collected, or the time period referred to by the question. Use a TimePeriod for a measurement or specimen collection continued over a significant period of time (e.g. 24 hour Urine Sodium).",
        "min": 0,
        "max": "1",
        "base": {
          "path": "shr-core-QuantitativeNonLaboratoryObservation-model.relevantTime[x]",
          "min": 0,
          "max": "1"
        },
        "type": [
          {
            "code": "dateTime"
          },
          {
            "code": "http://hl7.org/fhir/us/shr/StructureDefinition/shr-core-TimePeriod-model"
          }
        ],
        "mustSupport": false,
        "isModifier": false,
        "isSummary": false
      },
      {
        "id": "shr-core-QuantitativeNonLaboratoryObservation-model.performer[x]",
        "path": "shr-core-QuantitativeNonLaboratoryObservation-model.performer[x]",
        "short": "The actor that carried out the observation or action.",
        "definition": "The actor that carried out the observation or action.",
        "min": 0,
        "max": "*",
        "base": {
          "path": "shr-core-QuantitativeNonLaboratoryObservation-model.performer[x]",
          "min": 0,
          "max": "*"
        },
        "type": [
          {
            "code": "Reference",
            "targetProfile": "http://hl7.org/fhir/us/shr/StructureDefinition/shr-core-Practitioner-model"
          },
          {
            "code": "Reference",
            "targetProfile": "http://hl7.org/fhir/us/shr/StructureDefinition/shr-core-Organization-model"
          },
          {
            "code": "Reference",
            "targetProfile": "http://hl7.org/fhir/us/shr/StructureDefinition/shr-core-Patient-model"
          },
          {
            "code": "Reference",
            "targetProfile": "http://hl7.org/fhir/us/shr/StructureDefinition/shr-core-RelatedPerson-model"
          }
        ],
        "mustSupport": false,
        "isModifier": false,
        "isSummary": false
      },
      {
        "id": "shr-core-QuantitativeNonLaboratoryObservation-model.dataValue",
        "path": "shr-core-QuantitativeNonLaboratoryObservation-model.dataValue",
        "short": "The value or result of a test, evaluation, or judgment, for example, a systolic blood pressure, or if a condition or body structure is present or absent.",
        "definition": "The value or result of a test, evaluation, or judgment, for example, a systolic blood pressure, or if a condition or body structure is present or absent.",
        "min": 0,
        "max": "1",
        "base": {
          "path": "shr-core-QuantitativeNonLaboratoryObservation-model.dataValue",
          "min": 0,
          "max": "1"
        },
        "type": [
          {
            "code": "http://hl7.org/fhir/us/shr/StructureDefinition/shr-core-Quantity-model"
          }
        ],
        "mustSupport": false,
        "isModifier": false,
        "isSummary": false
      },
      {
        "id": "shr-core-QuantitativeNonLaboratoryObservation-model.dataAbsentReason",
        "path": "shr-core-QuantitativeNonLaboratoryObservation-model.dataAbsentReason",
        "short": "Reason that a value associated with a test or other finding is missing.",
        "definition": "Reason that a value associated with a test or other finding is missing.",
        "min": 0,
        "max": "1",
        "base": {
          "path": "shr-core-QuantitativeNonLaboratoryObservation-model.dataAbsentReason",
          "min": 0,
          "max": "1"
        },
        "type": [
          {
            "code": "Coding"
          }
        ],
        "mustSupport": false,
        "isModifier": false,
        "isSummary": false,
        "binding": {
          "strength": "extensible",
          "valueSetReference": {
            "reference": "http://hl7.org/fhir/ValueSet/data-absent-reason"
          }
        }
      },
      {
        "id": "shr-core-QuantitativeNonLaboratoryObservation-model.interpretation",
        "path": "shr-core-QuantitativeNonLaboratoryObservation-model.interpretation",
        "short": "A clinical interpretation of a finding (applies to both assertions and observation).",
        "definition": "A clinical interpretation of a finding (applies to both assertions and observation).",
        "min": 0,
        "max": "1",
        "base": {
          "path": "shr-core-QuantitativeNonLaboratoryObservation-model.interpretation",
          "min": 0,
          "max": "1"
        },
        "type": [
          {
            "code": "Coding"
          }
        ],
        "mustSupport": false,
        "isModifier": false,
        "isSummary": false,
        "binding": {
          "strength": "extensible",
          "valueSetReference": {
            "reference": "http://hl7.org/fhir/us/shrcore/shr/core/vs/QuantitativeResultInterpretationVS"
          }
        }
      },
      {
        "id": "shr-core-QuantitativeNonLaboratoryObservation-model.annotation",
        "path": "shr-core-QuantitativeNonLaboratoryObservation-model.annotation",
        "short": "An added or follow-up note, often after the fact, that contains metadata about who made the statement and when.",
        "definition": "An added or follow-up note, often after the fact, that contains metadata about who made the statement and when.",
        "min": 0,
        "max": "*",
        "base": {
          "path": "shr-core-QuantitativeNonLaboratoryObservation-model.annotation",
          "min": 0,
          "max": "*"
        },
        "type": [
          {
            "code": "http://hl7.org/fhir/us/shr/StructureDefinition/shr-core-Annotation-model"
          }
        ],
        "mustSupport": false,
        "isModifier": false,
        "isSummary": false
      },
      {
        "id": "shr-core-QuantitativeNonLaboratoryObservation-model.bodyLocation",
        "path": "shr-core-QuantitativeNonLaboratoryObservation-model.bodyLocation",
        "short": "A location or structure in the body, including tissues, regions, cavities, and spaces; for example, right elbow, or left ventricle of the heart. Body location is a flexible structure that allows the location to be determined by a single code, or a code plus laterality and/or orientation. The body location can also be specified in relation to one or more body landmarks. SNOMED CT is used in all cases.",
        "definition": "A location or structure in the body, including tissues, regions, cavities, and spaces; for example, right elbow, or left ventricle of the heart. Body location is a flexible structure that allows the location to be determined by a single code, or a code plus laterality and/or orientation. The body location can also be specified in relation to one or more body landmarks. SNOMED CT is used in all cases.\n+ Code only: The code should include (precoordinate) laterality and/orientation to the degree necessary to completely specify the body location.\n+ Code plus laterality and/or orientation: The basic code augmented by codes specifying the body side and/or anatomical orientation.\n+ Relation to landmark: The location relative to a landmark is specified by:\n- Establishing the location and type of landmark using a body site code and optional laterality/orientation, and\n- Specifying the direction and distance from the landmark to the body location.\nNote that BodyLocation is a data type, a reusable structure, not a stand-alone entity. The concept is similar to how a postal address can apply to a person, location, or organization. This contrasts with FHIR's stand-alone BodySite (aka BodyStructure in r4) which 'is not ... intended for describing the type of anatomical location but rather a specific body site on a specific patient' (FHIR 3.5).",
        "min": 0,
        "max": "1",
        "base": {
          "path": "shr-core-QuantitativeNonLaboratoryObservation-model.bodyLocation",
          "min": 0,
          "max": "1"
        },
        "type": [
          {
            "code": "http://hl7.org/fhir/us/shr/StructureDefinition/shr-core-BodyLocation-model"
          }
        ],
        "mustSupport": false,
        "isModifier": false,
        "isSummary": false
      },
      {
        "id": "shr-core-QuantitativeNonLaboratoryObservation-model.method",
        "path": "shr-core-QuantitativeNonLaboratoryObservation-model.method",
        "short": "The technique used to carry out an action, for example, the specific imaging technical or assessment vehicle.",
        "definition": "The technique used to carry out an action, for example, the specific imaging technical or assessment vehicle.",
        "min": 0,
        "max": "1",
        "base": {
          "path": "shr-core-QuantitativeNonLaboratoryObservation-model.method",
          "min": 0,
          "max": "1"
        },
        "type": [
          {
            "code": "Coding"
          }
        ],
        "mustSupport": false,
        "isModifier": false,
        "isSummary": false
      },
      {
        "id": "shr-core-QuantitativeNonLaboratoryObservation-model.device",
        "path": "shr-core-QuantitativeNonLaboratoryObservation-model.device",
        "short": "A specific durable physical device used in diagnosis or treatment. The value is the coding for a type of device, for example, a CPAP machine. The same device might be used on multiple patients.",
        "definition": "A specific durable physical device used in diagnosis or treatment. The value is the coding for a type of device, for example, a CPAP machine. The same device might be used on multiple patients.\nDevice status cannot be reconciled between Argonaut and US-Core, each having different required value sets.\nDevice type has extensible mappings to different value sets in Argonaut and US-Core, however both value sets have identical SNOMED content (descendants of 49062001 (Device). We adopt the US-Core value set, which is allowable because the binding is extensible.",
        "min": 0,
        "max": "1",
        "base": {
          "path": "shr-core-QuantitativeNonLaboratoryObservation-model.device",
          "min": 0,
          "max": "1"
        },
        "type": [
          {
            "code": "Reference",
            "targetProfile": "http://hl7.org/fhir/us/shr/StructureDefinition/shr-core-Device-model"
          }
        ],
        "mustSupport": false,
        "isModifier": false,
        "isSummary": false
      },
      {
        "id": "shr-core-QuantitativeNonLaboratoryObservation-model.referenceRange",
        "path": "shr-core-QuantitativeNonLaboratoryObservation-model.referenceRange",
        "code": [
          {
            "system": "http://ncimeta.nci.nih.gov",
            "code": "C0883335"
          }
        ],
        "short": "The usual or acceptable range for a test result.",
        "definition": "The usual or acceptable range for a test result.",
        "min": 0,
        "max": "1",
        "base": {
          "path": "shr-core-QuantitativeNonLaboratoryObservation-model.referenceRange",
          "min": 0,
          "max": "1"
        },
        "type": [
          {
            "code": "http://hl7.org/fhir/us/shr/StructureDefinition/shr-core-ReferenceRange-model"
          }
        ],
        "mustSupport": false,
        "isModifier": false,
        "isSummary": false
      },
      {
        "id": "shr-core-QuantitativeNonLaboratoryObservation-model.panelMembers",
        "path": "shr-core-QuantitativeNonLaboratoryObservation-model.panelMembers",
        "short": "PanelMembers represent the elements of a group of a related but independent evaluations.",
        "definition": "PanelMembers represent the elements of a group of a related but independent evaluations.\n\nExamples are the measurements that compose a complete blood count (CBC), or the elements of a pathology report. Each member is an independent evaluation, but the grouping reflects a composite lab order, shared specimen, or a single report author. Typically the Category and ReasonCode are not given for individual findings that are part of the panel, but rather given at the level of the panel itself.",
        "min": 0,
        "max": "1",
        "base": {
          "path": "shr-core-QuantitativeNonLaboratoryObservation-model.panelMembers",
          "min": 0,
          "max": "1"
        },
        "type": [
          {
            "code": "http://hl7.org/fhir/us/shr/StructureDefinition/shr-core-PanelMembers-model"
          }
        ],
        "mustSupport": false,
        "isModifier": false,
        "isSummary": false
      },
      {
        "id": "shr-core-QuantitativeNonLaboratoryObservation-model.observationDerivedFrom[x]",
        "path": "shr-core-QuantitativeNonLaboratoryObservation-model.observationDerivedFrom[x]",
        "slicing": {
          "discriminator": [
            {
              "type": "type",
              "path": "$this"
            }
          ],
          "ordered": false,
          "rules": "open"
        },
        "short": "The target resource that represents a measurement from which this observation value is derived. For example, a calculated anion gap or a fetal measurement based on an ultrasound image.",
        "definition": "The target resource that represents a measurement from which this observation value is derived. For example, a calculated anion gap or a fetal measurement based on an ultrasound image.",
        "min": 0,
        "max": "*",
        "base": {
          "path": "shr-core-QuantitativeNonLaboratoryObservation-model.observationDerivedFrom[x]",
          "min": 0,
          "max": "*"
        },
        "type": [
          {
            "code": "Reference",
            "targetProfile": "http://hl7.org/fhir/us/shr/StructureDefinition/shr-core-DocumentReference-model"
          },
          {
            "code": "Reference",
            "targetProfile": "http://hl7.org/fhir/us/shr/StructureDefinition/shr-core-Media-model"
          },
          {
            "code": "Reference",
            "targetProfile": "http://hl7.org/fhir/us/shr/StructureDefinition/shr-core-QuestionnaireResponse-model"
          },
          {
            "code": "Reference",
            "targetProfile": "http://hl7.org/fhir/us/shr/StructureDefinition/shr-core-Observation-model"
          }
        ],
        "mustSupport": false,
        "isModifier": false,
        "isSummary": false
      },
      {
        "id": "shr-core-QuantitativeNonLaboratoryObservation-model.observationDerivedFromShr-core-DocumentReference-model:DocumentReference",
        "path": "shr-core-QuantitativeNonLaboratoryObservation-model.observationDerivedFromShr-core-DocumentReference-model",
        "sliceName": "DocumentReference",
        "short": "A reference to a document, used to describe a document that is made available to a healthcare system. A document is some sequence of bytes that is identifiable, establishes its own context (e.g., what subject, author, etc. can be displayed to the user), and has defined update management. The DocumentReference resource can be used with any document format that has a recognized mime type and that conforms to this definition.",
        "definition": "A reference to a document, used to describe a document that is made available to a healthcare system. A document is some sequence of bytes that is identifiable, establishes its own context (e.g., what subject, author, etc. can be displayed to the user), and has defined update management. The DocumentReference resource can be used with any document format that has a recognized mime type and that conforms to this definition.",
        "min": 1,
        "max": "1",
        "base": {
          "path": "shr-core-QuantitativeNonLaboratoryObservation-model.observationDerivedFrom[x]",
          "min": 0,
          "max": "*"
        },
        "type": [
          {
            "code": "Reference",
            "targetProfile": "http://hl7.org/fhir/us/shr/StructureDefinition/shr-core-DocumentReference-model"
          }
        ],
        "mustSupport": false,
        "isModifier": false,
        "isSummary": false
      },
      {
        "id": "shr-core-QuantitativeNonLaboratoryObservation-model.observationDerivedFromShr-core-Media-model:Media",
        "path": "shr-core-QuantitativeNonLaboratoryObservation-model.observationDerivedFromShr-core-Media-model",
        "sliceName": "Media",
        "short": "A photo, video, or audio recording acquired or used in healthcare. The actual content may be inline or provided by direct reference.",
        "definition": "A photo, video, or audio recording acquired or used in healthcare. The actual content may be inline or provided by direct reference.",
        "min": 1,
        "max": "1",
        "base": {
          "path": "shr-core-QuantitativeNonLaboratoryObservation-model.observationDerivedFrom[x]",
          "min": 0,
          "max": "*"
        },
        "type": [
          {
            "code": "Reference",
            "targetProfile": "http://hl7.org/fhir/us/shr/StructureDefinition/shr-core-Media-model"
          }
        ],
        "mustSupport": false,
        "isModifier": false,
        "isSummary": false
      },
      {
        "id": "shr-core-QuantitativeNonLaboratoryObservation-model.observationDerivedFromShr-core-QuestionnaireResponse-model:QuestionnaireResponse",
        "path": "shr-core-QuantitativeNonLaboratoryObservation-model.observationDerivedFromShr-core-QuestionnaireResponse-model",
        "sliceName": "QuestionnaireResponse",
        "short": "A structured set of questions and their answers. The questions are ordered and grouped into coherent subsets, corresponding to the structure of the grouping of the questionnaire being responded to.",
        "definition": "A structured set of questions and their answers. The questions are ordered and grouped into coherent subsets, corresponding to the structure of the grouping of the questionnaire being responded to.",
        "min": 1,
        "max": "1",
        "base": {
          "path": "shr-core-QuantitativeNonLaboratoryObservation-model.observationDerivedFrom[x]",
          "min": 0,
          "max": "*"
        },
        "type": [
          {
            "code": "Reference",
            "targetProfile": "http://hl7.org/fhir/us/shr/StructureDefinition/shr-core-QuestionnaireResponse-model"
          }
        ],
        "mustSupport": false,
        "isModifier": false,
        "isSummary": false
      },
      {
        "id": "shr-core-QuantitativeNonLaboratoryObservation-model.observationDerivedFromShr-core-Observation-model:Observation",
        "path": "shr-core-QuantitativeNonLaboratoryObservation-model.observationDerivedFromShr-core-Observation-model",
        "sliceName": "Observation",
        "short": "Represents the result of evaluations (measurements, tests, or questions) that have been performed.",
        "definition": "Represents the result of evaluations (measurements, tests, or questions) that have been performed.\nObservation has a value representing the result (answer), or an DataAbsentReason indicating why the value is not present. Things observed about the subject can include social and behavioral factors, subjective and objective observations, and assessments.\nFor an Observation, the Code describes the aspect or property of the subject being observed or measured. The Code is the 'question code' that pairs to the 'answer' contained in the Value.",
        "min": 1,
        "max": "1",
        "base": {
          "path": "shr-core-QuantitativeNonLaboratoryObservation-model.observationDerivedFrom[x]",
          "min": 0,
          "max": "*"
        },
        "type": [
          {
            "code": "Reference",
            "targetProfile": "http://hl7.org/fhir/us/shr/StructureDefinition/shr-core-Observation-model"
          }
        ],
        "mustSupport": false,
        "isModifier": false,
        "isSummary": false
      },
      {
        "id": "shr-core-QuantitativeNonLaboratoryObservation-model.components",
        "path": "shr-core-QuantitativeNonLaboratoryObservation-model.components",
        "short": "Sub-observations that are part of this observation. A sub-observation contributs to the parent observation and are always treated a part of a single observation (they are not separable). However, the reference range for the primary observation value is not inherited by the component values and is required when appropriate for each component observation.",
        "definition": "Sub-observations that are part of this observation. A sub-observation contributs to the parent observation and are always treated a part of a single observation (they are not separable). However, the reference range for the primary observation value is not inherited by the component values and is required when appropriate for each component observation.",
        "min": 0,
        "max": "1",
        "base": {
          "path": "shr-core-QuantitativeNonLaboratoryObservation-model.components",
          "min": 0,
          "max": "1"
        },
        "type": [
          {
            "code": "http://hl7.org/fhir/us/shr/StructureDefinition/shr-core-Components-model"
          }
        ],
        "mustSupport": false,
        "isModifier": false,
        "isSummary": false
      }
    ]
  },
  "differential": {
    "element": [
      {
        "id": "shr-core-QuantitativeNonLaboratoryObservation-model",
        "path": "shr-core-QuantitativeNonLaboratoryObservation-model",
        "definition": "The result of evaluations (measurements, tests, or questions) whose answer is expressed as a code.",
        "min": 0,
        "max": "*",
        "base": {
          "path": "shr-core-QuantitativeNonLaboratoryObservation-model",
          "min": 0,
          "max": "*"
        },
        "mustSupport": false,
        "isModifier": false,
        "isSummary": false
      },
      {
        "id": "shr-core-QuantitativeNonLaboratoryObservation-model.metadata",
        "path": "shr-core-QuantitativeNonLaboratoryObservation-model.metadata",
        "short": "Elements that belong to all information items.",
        "definition": "Elements that belong to all information items.",
        "min": 0,
        "max": "1",
        "base": {
          "path": "shr-core-QuantitativeNonLaboratoryObservation-model.metadata",
          "min": 0,
          "max": "1"
        },
        "type": [
          {
            "code": "http://hl7.org/fhir/us/shr/StructureDefinition/shr-core-Metadata-model"
          }
        ],
        "mustSupport": false,
        "isModifier": false,
        "isSummary": false
      },
      {
        "id": "shr-core-QuantitativeNonLaboratoryObservation-model.language",
        "path": "shr-core-QuantitativeNonLaboratoryObservation-model.language",
        "short": "A human language, spoken or written.",
        "definition": "A human language, spoken or written.",
        "min": 0,
        "max": "1",
        "base": {
          "path": "shr-core-QuantitativeNonLaboratoryObservation-model.language",
          "min": 0,
          "max": "1"
        },
        "type": [
          {
            "code": "Coding"
          }
        ],
        "mustSupport": false,
        "isModifier": false,
        "isSummary": false
      },
      {
        "id": "shr-core-QuantitativeNonLaboratoryObservation-model.implicitRules",
        "path": "shr-core-QuantitativeNonLaboratoryObservation-model.implicitRules",
        "short": "A set of rules under which this content was created",
        "definition": "A set of rules under which this content was created",
        "min": 0,
        "max": "1",
        "base": {
          "path": "shr-core-QuantitativeNonLaboratoryObservation-model.implicitRules",
          "min": 0,
          "max": "1"
        },
        "type": [
          {
            "code": "uri"
          }
        ],
        "mustSupport": false,
        "isModifier": false,
        "isSummary": false
      },
      {
        "id": "shr-core-QuantitativeNonLaboratoryObservation-model.narrative",
        "path": "shr-core-QuantitativeNonLaboratoryObservation-model.narrative",
        "short": "A human-readable narrative, potentially including images, that contains a summary of the resource, and may be used to represent the content of the resource to a human.",
        "definition": "A human-readable narrative, potentially including images, that contains a summary of the resource, and may be used to represent the content of the resource to a human.",
        "min": 0,
        "max": "1",
        "base": {
          "path": "shr-core-QuantitativeNonLaboratoryObservation-model.narrative",
          "min": 0,
          "max": "1"
        },
        "type": [
          {
            "code": "http://hl7.org/fhir/us/shr/StructureDefinition/shr-core-Narrative-model"
          }
        ],
        "mustSupport": false,
        "isModifier": false,
        "isSummary": false
      },
      {
        "id": "shr-core-QuantitativeNonLaboratoryObservation-model.status",
        "path": "shr-core-QuantitativeNonLaboratoryObservation-model.status",
        "short": "A state that relates to the workflow or interpretation of this resource. Certain status values can modify the meaning of the resource, for example, entered-in-error. When a boolean value is used, Status of true indicates the record is active, false means inactive.",
        "definition": "A state that relates to the workflow or interpretation of this resource. Certain status values can modify the meaning of the resource, for example, entered-in-error. When a boolean value is used, Status of true indicates the record is active, false means inactive.",
        "min": 1,
        "max": "1",
        "base": {
          "path": "shr-core-QuantitativeNonLaboratoryObservation-model.status",
          "min": 1,
          "max": "1"
        },
        "type": [
          {
            "code": "Coding"
          }
        ],
        "mustSupport": false,
        "isModifier": false,
        "isSummary": false,
        "binding": {
          "strength": "required",
          "valueSetReference": {
            "reference": "http://hl7.org/fhir/ValueSet/observation-status"
          }
        }
      },
      {
        "id": "shr-core-QuantitativeNonLaboratoryObservation-model.identifier",
        "path": "shr-core-QuantitativeNonLaboratoryObservation-model.identifier",
        "short": "Business identifier or external id for this resource.",
        "definition": "Business identifier or external id for this resource.",
        "min": 0,
        "max": "*",
        "base": {
          "path": "shr-core-QuantitativeNonLaboratoryObservation-model.identifier",
          "min": 0,
          "max": "*"
        },
        "type": [
          {
            "code": "http://hl7.org/fhir/us/shr/StructureDefinition/shr-core-Identifier-model"
          }
        ],
        "mustSupport": false,
        "isModifier": false,
        "isSummary": false
      },
      {
        "id": "shr-core-QuantitativeNonLaboratoryObservation-model.observationSubjectOfRecord[x]",
        "path": "shr-core-QuantitativeNonLaboratoryObservation-model.observationSubjectOfRecord[x]",
        "short": "A choice of Patient, Group, Device, or Location. These are the potential subjects for an Observation.",
        "definition": "A choice of Patient, Group, Device, or Location. These are the potential subjects for an Observation.",
        "min": 1,
        "max": "1",
        "base": {
          "path": "shr-core-QuantitativeNonLaboratoryObservation-model.observationSubjectOfRecord[x]",
          "min": 1,
          "max": "1"
        },
        "type": [
          {
            "code": "Reference",
            "targetProfile": "http://hl7.org/fhir/us/shr/StructureDefinition/shr-core-Patient-model"
          },
          {
            "code": "Reference",
            "targetProfile": "http://hl7.org/fhir/us/shr/StructureDefinition/shr-core-Group-model"
          },
          {
            "code": "Reference",
            "targetProfile": "http://hl7.org/fhir/us/shr/StructureDefinition/shr-core-Device-model"
          },
          {
            "code": "Reference",
            "targetProfile": "http://hl7.org/fhir/us/shr/StructureDefinition/shr-core-Location-model"
          }
        ],
        "mustSupport": false,
        "isModifier": false,
        "isSummary": false
      },
      {
        "id": "shr-core-QuantitativeNonLaboratoryObservation-model.careContext",
        "path": "shr-core-QuantitativeNonLaboratoryObservation-model.careContext",
        "short": "The encounter or episode of care",
        "definition": "The encounter or episode of care",
        "min": 0,
        "max": "1",
        "base": {
          "path": "shr-core-QuantitativeNonLaboratoryObservation-model.careContext",
          "min": 0,
          "max": "1"
        },
        "type": [
          {
            "code": "Reference",
            "targetProfile": "http://hl7.org/fhir/us/shr/StructureDefinition/shr-core-Encounter-model"
          }
        ],
        "mustSupport": false,
        "isModifier": false,
        "isSummary": false
      },
      {
        "id": "shr-core-QuantitativeNonLaboratoryObservation-model.statementDateTime",
        "path": "shr-core-QuantitativeNonLaboratoryObservation-model.statementDateTime",
        "code": [
          {
            "system": "http://ncimeta.nci.nih.gov",
            "code": "C3669169"
          }
        ],
        "short": "The point in time when the statement was created.",
        "definition": "The point in time when the statement was created.",
        "min": 0,
        "max": "1",
        "base": {
          "path": "shr-core-QuantitativeNonLaboratoryObservation-model.statementDateTime",
          "min": 0,
          "max": "1"
        },
        "type": [
          {
            "code": "dateTime"
          }
        ],
        "mustSupport": false,
        "isModifier": false,
        "isSummary": false
      },
      {
        "id": "shr-core-QuantitativeNonLaboratoryObservation-model.code",
        "path": "shr-core-QuantitativeNonLaboratoryObservation-model.code",
        "short": "The main type identifier for a lab, procedure, condition, etc., usually drawn from a controlled vocabulary.",
        "definition": "The main type identifier for a lab, procedure, condition, etc., usually drawn from a controlled vocabulary.",
        "min": 1,
        "max": "1",
        "base": {
          "path": "shr-core-QuantitativeNonLaboratoryObservation-model.code",
          "min": 1,
          "max": "1"
        },
        "type": [
          {
            "code": "Coding"
          }
        ],
        "mustSupport": false,
        "isModifier": false,
        "isSummary": false
      },
      {
        "id": "shr-core-QuantitativeNonLaboratoryObservation-model.observationBasedOn[x]",
        "path": "shr-core-QuantitativeNonLaboratoryObservation-model.observationBasedOn[x]",
        "short": "A plan, proposal or order that is fulfilled in whole or in part by this event. For example, a MedicationRequest may require a patient to have laboratory test performed before it is dispensed.",
        "definition": "A plan, proposal or order that is fulfilled in whole or in part by this event. For example, a MedicationRequest may require a patient to have laboratory test performed before it is dispensed.",
        "min": 0,
        "max": "*",
        "base": {
          "path": "shr-core-QuantitativeNonLaboratoryObservation-model.observationBasedOn[x]",
          "min": 0,
          "max": "*"
        },
        "type": [
          {
            "code": "Reference",
            "targetProfile": "http://hl7.org/fhir/us/shr/StructureDefinition/shr-core-MedicationRequest-model"
          },
          {
            "code": "Reference",
            "targetProfile": "http://hl7.org/fhir/us/shr/StructureDefinition/shr-core-ServiceRequest-model"
          },
          {
            "code": "Reference",
            "targetProfile": "http://hl7.org/fhir/us/shr/StructureDefinition/shr-core-ProcedureRequest-model"
          },
          {
            "code": "Reference",
            "targetProfile": "http://hl7.org/fhir/us/shr/StructureDefinition/shr-core-ReferralRequest-model"
          }
        ],
        "mustSupport": false,
        "isModifier": false,
        "isSummary": false
      },
      {
        "id": "shr-core-QuantitativeNonLaboratoryObservation-model.observationPartOf[x]",
        "path": "shr-core-QuantitativeNonLaboratoryObservation-model.observationPartOf[x]",
        "slicing": {
          "discriminator": [
            {
              "type": "type",
              "path": "$this"
            }
          ],
          "ordered": false,
          "rules": "open"
        },
        "short": "A larger event of which this particular Observation is a component or step. For example, an observation as part of a procedure.",
        "definition": "A larger event of which this particular Observation is a component or step. For example, an observation as part of a procedure.",
        "min": 0,
        "max": "*",
        "base": {
          "path": "shr-core-QuantitativeNonLaboratoryObservation-model.observationPartOf[x]",
          "min": 0,
          "max": "*"
        },
        "type": [
          {
            "code": "Reference",
            "targetProfile": "http://hl7.org/fhir/us/shr/StructureDefinition/shr-core-MedicationAdministration-model"
          },
          {
            "code": "Reference",
            "targetProfile": "http://hl7.org/fhir/us/shr/StructureDefinition/shr-core-MedicationDispense-model"
          },
          {
            "code": "Reference",
            "targetProfile": "http://hl7.org/fhir/us/shr/StructureDefinition/shr-core-MedicationStatement-model"
          },
          {
            "code": "Reference",
            "targetProfile": "http://hl7.org/fhir/us/shr/StructureDefinition/shr-core-Procedure-model"
          }
        ],
        "mustSupport": false,
        "isModifier": false,
        "isSummary": false
      },
      {
        "id": "shr-core-QuantitativeNonLaboratoryObservation-model.observationPartOfShr-core-MedicationAdministration-model:MedicationAdministration",
        "path": "shr-core-QuantitativeNonLaboratoryObservation-model.observationPartOfShr-core-MedicationAdministration-model",
        "sliceName": "MedicationAdministration",
        "short": "A record of the use of a medication. If the medication is given as part of a course of treatment, the PartOf attribute should refer to the CourseOfTreatment.",
        "definition": "A record of the use of a medication. If the medication is given as part of a course of treatment, the PartOf attribute should refer to the CourseOfTreatment.\nAlthough FHIR MedicationAdministration supports date of administration, information source, performer, it lacks common provenance elements, statement creation date, author, and recorder. These are supported as optional extensions.\nFHIR DSTU2 lacks a category attribute, which is provided as an extension in that version.\nSHR does not allow the 'not given' attributes from DSTU2 and STU3, since they are dropped in R4. The status element is used to document medications not given.",
        "min": 1,
        "max": "1",
        "base": {
          "path": "shr-core-QuantitativeNonLaboratoryObservation-model.observationPartOf[x]",
          "min": 0,
          "max": "*"
        },
        "type": [
          {
            "code": "Reference",
            "targetProfile": "http://hl7.org/fhir/us/shr/StructureDefinition/shr-core-MedicationAdministration-model"
          }
        ],
        "mustSupport": false,
        "isModifier": false,
        "isSummary": false
      },
      {
        "id": "shr-core-QuantitativeNonLaboratoryObservation-model.observationPartOfShr-core-MedicationDispense-model:MedicationDispense",
        "path": "shr-core-QuantitativeNonLaboratoryObservation-model.observationPartOfShr-core-MedicationDispense-model",
        "sliceName": "MedicationDispense",
        "short": "Indicates that a medication product has been dispensed for a named person/patient. This includes a description of the medication product (supply) provided and the instructions for administering the medication. The medication dispense is the result of a pharmacy system responding to a medication order.",
        "definition": "Indicates that a medication product has been dispensed for a named person/patient. This includes a description of the medication product (supply) provided and the instructions for administering the medication. The medication dispense is the result of a pharmacy system responding to a medication order.",
        "min": 1,
        "max": "1",
        "base": {
          "path": "shr-core-QuantitativeNonLaboratoryObservation-model.observationPartOf[x]",
          "min": 0,
          "max": "*"
        },
        "type": [
          {
            "code": "Reference",
            "targetProfile": "http://hl7.org/fhir/us/shr/StructureDefinition/shr-core-MedicationDispense-model"
          }
        ],
        "mustSupport": false,
        "isModifier": false,
        "isSummary": false
      },
      {
        "id": "shr-core-QuantitativeNonLaboratoryObservation-model.observationPartOfShr-core-MedicationStatement-model:MedicationStatement",
        "path": "shr-core-QuantitativeNonLaboratoryObservation-model.observationPartOfShr-core-MedicationStatement-model",
        "sliceName": "MedicationStatement",
        "short": "A record of the use of a medication. The use may be reported by the patient or clinician and adminstration does not have to be directly observed.",
        "definition": "A record of the use of a medication. The use may be reported by the patient or clinician and adminstration does not have to be directly observed.\n\nFHIR Notes:\n\nAlthough FHIR supports the asserter (information source) and date asserted, it does not have a place for the author (who created and is responsible for the statement) and recorder (who entered the statement). Extensions are provided.\n\nThe treatment of 'not taken' has changed from DSTU2 and STU3 to R4. In R4, status and statusReason are used to indicate medications not taken. For upward compatibility, the 'not taken' attributes are profiled out.\nReasonCode is a choice of CodeableConcept or ref(Condition) in DSTU2, and limited to one reason (pick a type). In STU3 and R4, there can be multiple reason codes, and multiple reason references, simultaneously.\n\nPreference is given to using the National Library of Medicine (NLM) RxNorm terminology for medications. RxNorm is a coding standard established by the Office of the National Coordinator (ONC). However, RxNorm is restricted to FDA-approved drugs and does not include clinical trial drugs. MedicationStatement allows for the inclusion of other coding systems like the NCI Thesaurus (NCIT) to represent clinical trial oncology drugs.",
        "min": 1,
        "max": "1",
        "base": {
          "path": "shr-core-QuantitativeNonLaboratoryObservation-model.observationPartOf[x]",
          "min": 0,
          "max": "*"
        },
        "type": [
          {
            "code": "Reference",
            "targetProfile": "http://hl7.org/fhir/us/shr/StructureDefinition/shr-core-MedicationStatement-model"
          }
        ],
        "mustSupport": false,
        "isModifier": false,
        "isSummary": false
      },
      {
        "id": "shr-core-QuantitativeNonLaboratoryObservation-model.observationPartOfShr-core-Procedure-model:Procedure",
        "path": "shr-core-QuantitativeNonLaboratoryObservation-model.observationPartOfShr-core-Procedure-model",
        "sliceName": "Procedure",
        "short": "An action that is or was performed on or for a patient. This can be a physical intervention like an operation, or less invasive like long term services, counseling, or hypnotherapy.",
        "definition": "An action that is or was performed on or for a patient. This can be a physical intervention like an operation, or less invasive like long term services, counseling, or hypnotherapy.",
        "min": 1,
        "max": "1",
        "base": {
          "path": "shr-core-QuantitativeNonLaboratoryObservation-model.observationPartOf[x]",
          "min": 0,
          "max": "*"
        },
        "type": [
          {
            "code": "Reference",
            "targetProfile": "http://hl7.org/fhir/us/shr/StructureDefinition/shr-core-Procedure-model"
          }
        ],
        "mustSupport": false,
        "isModifier": false,
        "isSummary": false
      },
      {
        "id": "shr-core-QuantitativeNonLaboratoryObservation-model.category",
        "path": "shr-core-QuantitativeNonLaboratoryObservation-model.category",
        "short": "The general type or class of this item.",
        "definition": "The general type or class of this item.",
        "min": 0,
        "max": "1",
        "base": {
          "path": "shr-core-QuantitativeNonLaboratoryObservation-model.category",
          "min": 0,
          "max": "1"
        },
        "type": [
          {
            "code": "Coding"
          }
        ],
        "mustSupport": false,
        "isModifier": false,
        "isSummary": false,
        "binding": {
          "strength": "extensible",
          "valueSetReference": {
            "reference": "http://hl7.org/fhir/ValueSet/observation-category"
          }
        }
      },
      {
        "id": "shr-core-QuantitativeNonLaboratoryObservation-model.focalSubject[x]",
        "path": "shr-core-QuantitativeNonLaboratoryObservation-model.focalSubject[x]",
        "short": "The person or entity that the information in this resource relates to, if different than the person of record. The subject of information can be a reference or a code, the latter when the subject is described generically, for example, in terms of a relationship to the subject of record (e.g., wife).",
        "definition": "The person or entity that the information in this resource relates to, if different than the person of record. The subject of information can be a reference or a code, the latter when the subject is described generically, for example, in terms of a relationship to the subject of record (e.g., wife).",
        "min": 0,
        "max": "*",
        "base": {
          "path": "shr-core-QuantitativeNonLaboratoryObservation-model.focalSubject[x]",
          "min": 0,
          "max": "*"
        },
        "type": [
          {
            "code": "Coding"
          },
          {
            "code": "Reference",
            "targetProfile": "http://hl7.org/fhir/us/shr/StructureDefinition/shr-core-DomainResource-model"
          }
        ],
        "mustSupport": false,
        "isModifier": false,
        "isSummary": false
      },
      {
        "id": "shr-core-QuantitativeNonLaboratoryObservation-model.relevantTime[x]",
        "path": "shr-core-QuantitativeNonLaboratoryObservation-model.relevantTime[x]",
        "short": "The time or time period that the statement addresses.",
        "definition": "The time or time period that the statement addresses.\nThe clinically relevant time is not necessarily when the information is gathered or when a test is carried out, but for example, when a specimen was collected, or the time period referred to by the question. Use a TimePeriod for a measurement or specimen collection continued over a significant period of time (e.g. 24 hour Urine Sodium).",
        "min": 0,
        "max": "1",
        "base": {
          "path": "shr-core-QuantitativeNonLaboratoryObservation-model.relevantTime[x]",
          "min": 0,
          "max": "1"
        },
        "type": [
          {
            "code": "dateTime"
          },
          {
            "code": "http://hl7.org/fhir/us/shr/StructureDefinition/shr-core-TimePeriod-model"
          }
        ],
        "mustSupport": false,
        "isModifier": false,
        "isSummary": false
      },
      {
        "id": "shr-core-QuantitativeNonLaboratoryObservation-model.performer[x]",
        "path": "shr-core-QuantitativeNonLaboratoryObservation-model.performer[x]",
        "short": "The actor that carried out the observation or action.",
        "definition": "The actor that carried out the observation or action.",
        "min": 0,
        "max": "*",
        "base": {
          "path": "shr-core-QuantitativeNonLaboratoryObservation-model.performer[x]",
          "min": 0,
          "max": "*"
        },
        "type": [
          {
            "code": "Reference",
            "targetProfile": "http://hl7.org/fhir/us/shr/StructureDefinition/shr-core-Practitioner-model"
          },
          {
            "code": "Reference",
            "targetProfile": "http://hl7.org/fhir/us/shr/StructureDefinition/shr-core-Organization-model"
          },
          {
            "code": "Reference",
            "targetProfile": "http://hl7.org/fhir/us/shr/StructureDefinition/shr-core-Patient-model"
          },
          {
            "code": "Reference",
            "targetProfile": "http://hl7.org/fhir/us/shr/StructureDefinition/shr-core-RelatedPerson-model"
          }
        ],
        "mustSupport": false,
        "isModifier": false,
        "isSummary": false
      },
      {
        "id": "shr-core-QuantitativeNonLaboratoryObservation-model.dataValue",
        "path": "shr-core-QuantitativeNonLaboratoryObservation-model.dataValue",
        "short": "The value or result of a test, evaluation, or judgment, for example, a systolic blood pressure, or if a condition or body structure is present or absent.",
        "definition": "The value or result of a test, evaluation, or judgment, for example, a systolic blood pressure, or if a condition or body structure is present or absent.",
        "min": 0,
        "max": "1",
        "base": {
          "path": "shr-core-QuantitativeNonLaboratoryObservation-model.dataValue",
          "min": 0,
          "max": "1"
        },
        "type": [
          {
            "code": "http://hl7.org/fhir/us/shr/StructureDefinition/shr-core-Quantity-model"
          }
        ],
        "mustSupport": false,
        "isModifier": false,
        "isSummary": false
      },
      {
        "id": "shr-core-QuantitativeNonLaboratoryObservation-model.dataAbsentReason",
        "path": "shr-core-QuantitativeNonLaboratoryObservation-model.dataAbsentReason",
        "short": "Reason that a value associated with a test or other finding is missing.",
        "definition": "Reason that a value associated with a test or other finding is missing.",
        "min": 0,
        "max": "1",
        "base": {
          "path": "shr-core-QuantitativeNonLaboratoryObservation-model.dataAbsentReason",
          "min": 0,
          "max": "1"
        },
        "type": [
          {
            "code": "Coding"
          }
        ],
        "mustSupport": false,
        "isModifier": false,
        "isSummary": false,
        "binding": {
          "strength": "extensible",
          "valueSetReference": {
            "reference": "http://hl7.org/fhir/ValueSet/data-absent-reason"
          }
        }
      },
      {
        "id": "shr-core-QuantitativeNonLaboratoryObservation-model.interpretation",
        "path": "shr-core-QuantitativeNonLaboratoryObservation-model.interpretation",
        "short": "A clinical interpretation of a finding (applies to both assertions and observation).",
        "definition": "A clinical interpretation of a finding (applies to both assertions and observation).",
        "min": 0,
        "max": "1",
        "base": {
          "path": "shr-core-QuantitativeNonLaboratoryObservation-model.interpretation",
          "min": 0,
          "max": "1"
        },
        "type": [
          {
            "code": "Coding"
          }
        ],
        "mustSupport": false,
        "isModifier": false,
        "isSummary": false,
        "binding": {
          "strength": "extensible",
          "valueSetReference": {
            "reference": "http://hl7.org/fhir/us/shrcore/shr/core/vs/QuantitativeResultInterpretationVS"
          }
        }
      },
      {
        "id": "shr-core-QuantitativeNonLaboratoryObservation-model.annotation",
        "path": "shr-core-QuantitativeNonLaboratoryObservation-model.annotation",
        "short": "An added or follow-up note, often after the fact, that contains metadata about who made the statement and when.",
        "definition": "An added or follow-up note, often after the fact, that contains metadata about who made the statement and when.",
        "min": 0,
        "max": "*",
        "base": {
          "path": "shr-core-QuantitativeNonLaboratoryObservation-model.annotation",
          "min": 0,
          "max": "*"
        },
        "type": [
          {
            "code": "http://hl7.org/fhir/us/shr/StructureDefinition/shr-core-Annotation-model"
          }
        ],
        "mustSupport": false,
        "isModifier": false,
        "isSummary": false
      },
      {
        "id": "shr-core-QuantitativeNonLaboratoryObservation-model.bodyLocation",
        "path": "shr-core-QuantitativeNonLaboratoryObservation-model.bodyLocation",
        "short": "A location or structure in the body, including tissues, regions, cavities, and spaces; for example, right elbow, or left ventricle of the heart. Body location is a flexible structure that allows the location to be determined by a single code, or a code plus laterality and/or orientation. The body location can also be specified in relation to one or more body landmarks. SNOMED CT is used in all cases.",
        "definition": "A location or structure in the body, including tissues, regions, cavities, and spaces; for example, right elbow, or left ventricle of the heart. Body location is a flexible structure that allows the location to be determined by a single code, or a code plus laterality and/or orientation. The body location can also be specified in relation to one or more body landmarks. SNOMED CT is used in all cases.\n+ Code only: The code should include (precoordinate) laterality and/orientation to the degree necessary to completely specify the body location.\n+ Code plus laterality and/or orientation: The basic code augmented by codes specifying the body side and/or anatomical orientation.\n+ Relation to landmark: The location relative to a landmark is specified by:\n- Establishing the location and type of landmark using a body site code and optional laterality/orientation, and\n- Specifying the direction and distance from the landmark to the body location.\nNote that BodyLocation is a data type, a reusable structure, not a stand-alone entity. The concept is similar to how a postal address can apply to a person, location, or organization. This contrasts with FHIR's stand-alone BodySite (aka BodyStructure in r4) which 'is not ... intended for describing the type of anatomical location but rather a specific body site on a specific patient' (FHIR 3.5).",
        "min": 0,
        "max": "1",
        "base": {
          "path": "shr-core-QuantitativeNonLaboratoryObservation-model.bodyLocation",
          "min": 0,
          "max": "1"
        },
        "type": [
          {
            "code": "http://hl7.org/fhir/us/shr/StructureDefinition/shr-core-BodyLocation-model"
          }
        ],
        "mustSupport": false,
        "isModifier": false,
        "isSummary": false
      },
      {
        "id": "shr-core-QuantitativeNonLaboratoryObservation-model.method",
        "path": "shr-core-QuantitativeNonLaboratoryObservation-model.method",
        "short": "The technique used to carry out an action, for example, the specific imaging technical or assessment vehicle.",
        "definition": "The technique used to carry out an action, for example, the specific imaging technical or assessment vehicle.",
        "min": 0,
        "max": "1",
        "base": {
          "path": "shr-core-QuantitativeNonLaboratoryObservation-model.method",
          "min": 0,
          "max": "1"
        },
        "type": [
          {
            "code": "Coding"
          }
        ],
        "mustSupport": false,
        "isModifier": false,
        "isSummary": false
      },
      {
        "id": "shr-core-QuantitativeNonLaboratoryObservation-model.device",
        "path": "shr-core-QuantitativeNonLaboratoryObservation-model.device",
        "short": "A specific durable physical device used in diagnosis or treatment. The value is the coding for a type of device, for example, a CPAP machine. The same device might be used on multiple patients.",
        "definition": "A specific durable physical device used in diagnosis or treatment. The value is the coding for a type of device, for example, a CPAP machine. The same device might be used on multiple patients.\nDevice status cannot be reconciled between Argonaut and US-Core, each having different required value sets.\nDevice type has extensible mappings to different value sets in Argonaut and US-Core, however both value sets have identical SNOMED content (descendants of 49062001 (Device). We adopt the US-Core value set, which is allowable because the binding is extensible.",
        "min": 0,
        "max": "1",
        "base": {
          "path": "shr-core-QuantitativeNonLaboratoryObservation-model.device",
          "min": 0,
          "max": "1"
        },
        "type": [
          {
            "code": "Reference",
            "targetProfile": "http://hl7.org/fhir/us/shr/StructureDefinition/shr-core-Device-model"
          }
        ],
        "mustSupport": false,
        "isModifier": false,
        "isSummary": false
      },
      {
        "id": "shr-core-QuantitativeNonLaboratoryObservation-model.referenceRange",
        "path": "shr-core-QuantitativeNonLaboratoryObservation-model.referenceRange",
        "code": [
          {
            "system": "http://ncimeta.nci.nih.gov",
            "code": "C0883335"
          }
        ],
        "short": "The usual or acceptable range for a test result.",
        "definition": "The usual or acceptable range for a test result.",
        "min": 0,
        "max": "1",
        "base": {
          "path": "shr-core-QuantitativeNonLaboratoryObservation-model.referenceRange",
          "min": 0,
          "max": "1"
        },
        "type": [
          {
            "code": "http://hl7.org/fhir/us/shr/StructureDefinition/shr-core-ReferenceRange-model"
          }
        ],
        "mustSupport": false,
        "isModifier": false,
        "isSummary": false
      },
      {
        "id": "shr-core-QuantitativeNonLaboratoryObservation-model.panelMembers",
        "path": "shr-core-QuantitativeNonLaboratoryObservation-model.panelMembers",
        "short": "PanelMembers represent the elements of a group of a related but independent evaluations.",
        "definition": "PanelMembers represent the elements of a group of a related but independent evaluations.\n\nExamples are the measurements that compose a complete blood count (CBC), or the elements of a pathology report. Each member is an independent evaluation, but the grouping reflects a composite lab order, shared specimen, or a single report author. Typically the Category and ReasonCode are not given for individual findings that are part of the panel, but rather given at the level of the panel itself.",
        "min": 0,
        "max": "1",
        "base": {
          "path": "shr-core-QuantitativeNonLaboratoryObservation-model.panelMembers",
          "min": 0,
          "max": "1"
        },
        "type": [
          {
            "code": "http://hl7.org/fhir/us/shr/StructureDefinition/shr-core-PanelMembers-model"
          }
        ],
        "mustSupport": false,
        "isModifier": false,
        "isSummary": false
      },
      {
        "id": "shr-core-QuantitativeNonLaboratoryObservation-model.observationDerivedFrom[x]",
        "path": "shr-core-QuantitativeNonLaboratoryObservation-model.observationDerivedFrom[x]",
        "slicing": {
          "discriminator": [
            {
              "type": "type",
              "path": "$this"
            }
          ],
          "ordered": false,
          "rules": "open"
        },
        "short": "The target resource that represents a measurement from which this observation value is derived. For example, a calculated anion gap or a fetal measurement based on an ultrasound image.",
        "definition": "The target resource that represents a measurement from which this observation value is derived. For example, a calculated anion gap or a fetal measurement based on an ultrasound image.",
        "min": 0,
        "max": "*",
        "base": {
          "path": "shr-core-QuantitativeNonLaboratoryObservation-model.observationDerivedFrom[x]",
          "min": 0,
          "max": "*"
        },
        "type": [
          {
            "code": "Reference",
            "targetProfile": "http://hl7.org/fhir/us/shr/StructureDefinition/shr-core-DocumentReference-model"
          },
          {
            "code": "Reference",
            "targetProfile": "http://hl7.org/fhir/us/shr/StructureDefinition/shr-core-Media-model"
          },
          {
            "code": "Reference",
            "targetProfile": "http://hl7.org/fhir/us/shr/StructureDefinition/shr-core-QuestionnaireResponse-model"
          },
          {
            "code": "Reference",
            "targetProfile": "http://hl7.org/fhir/us/shr/StructureDefinition/shr-core-Observation-model"
          }
        ],
        "mustSupport": false,
        "isModifier": false,
        "isSummary": false
      },
      {
        "id": "shr-core-QuantitativeNonLaboratoryObservation-model.observationDerivedFromShr-core-DocumentReference-model:DocumentReference",
        "path": "shr-core-QuantitativeNonLaboratoryObservation-model.observationDerivedFromShr-core-DocumentReference-model",
        "sliceName": "DocumentReference",
        "short": "A reference to a document, used to describe a document that is made available to a healthcare system. A document is some sequence of bytes that is identifiable, establishes its own context (e.g., what subject, author, etc. can be displayed to the user), and has defined update management. The DocumentReference resource can be used with any document format that has a recognized mime type and that conforms to this definition.",
        "definition": "A reference to a document, used to describe a document that is made available to a healthcare system. A document is some sequence of bytes that is identifiable, establishes its own context (e.g., what subject, author, etc. can be displayed to the user), and has defined update management. The DocumentReference resource can be used with any document format that has a recognized mime type and that conforms to this definition.",
        "min": 1,
        "max": "1",
        "base": {
          "path": "shr-core-QuantitativeNonLaboratoryObservation-model.observationDerivedFrom[x]",
          "min": 0,
          "max": "*"
        },
        "type": [
          {
            "code": "Reference",
            "targetProfile": "http://hl7.org/fhir/us/shr/StructureDefinition/shr-core-DocumentReference-model"
          }
        ],
        "mustSupport": false,
        "isModifier": false,
        "isSummary": false
      },
      {
        "id": "shr-core-QuantitativeNonLaboratoryObservation-model.observationDerivedFromShr-core-Media-model:Media",
        "path": "shr-core-QuantitativeNonLaboratoryObservation-model.observationDerivedFromShr-core-Media-model",
        "sliceName": "Media",
        "short": "A photo, video, or audio recording acquired or used in healthcare. The actual content may be inline or provided by direct reference.",
        "definition": "A photo, video, or audio recording acquired or used in healthcare. The actual content may be inline or provided by direct reference.",
        "min": 1,
        "max": "1",
        "base": {
          "path": "shr-core-QuantitativeNonLaboratoryObservation-model.observationDerivedFrom[x]",
          "min": 0,
          "max": "*"
        },
        "type": [
          {
            "code": "Reference",
            "targetProfile": "http://hl7.org/fhir/us/shr/StructureDefinition/shr-core-Media-model"
          }
        ],
        "mustSupport": false,
        "isModifier": false,
        "isSummary": false
      },
      {
        "id": "shr-core-QuantitativeNonLaboratoryObservation-model.observationDerivedFromShr-core-QuestionnaireResponse-model:QuestionnaireResponse",
        "path": "shr-core-QuantitativeNonLaboratoryObservation-model.observationDerivedFromShr-core-QuestionnaireResponse-model",
        "sliceName": "QuestionnaireResponse",
        "short": "A structured set of questions and their answers. The questions are ordered and grouped into coherent subsets, corresponding to the structure of the grouping of the questionnaire being responded to.",
        "definition": "A structured set of questions and their answers. The questions are ordered and grouped into coherent subsets, corresponding to the structure of the grouping of the questionnaire being responded to.",
        "min": 1,
        "max": "1",
        "base": {
          "path": "shr-core-QuantitativeNonLaboratoryObservation-model.observationDerivedFrom[x]",
          "min": 0,
          "max": "*"
        },
        "type": [
          {
            "code": "Reference",
            "targetProfile": "http://hl7.org/fhir/us/shr/StructureDefinition/shr-core-QuestionnaireResponse-model"
          }
        ],
        "mustSupport": false,
        "isModifier": false,
        "isSummary": false
      },
      {
        "id": "shr-core-QuantitativeNonLaboratoryObservation-model.observationDerivedFromShr-core-Observation-model:Observation",
        "path": "shr-core-QuantitativeNonLaboratoryObservation-model.observationDerivedFromShr-core-Observation-model",
        "sliceName": "Observation",
        "short": "Represents the result of evaluations (measurements, tests, or questions) that have been performed.",
        "definition": "Represents the result of evaluations (measurements, tests, or questions) that have been performed.\nObservation has a value representing the result (answer), or an DataAbsentReason indicating why the value is not present. Things observed about the subject can include social and behavioral factors, subjective and objective observations, and assessments.\nFor an Observation, the Code describes the aspect or property of the subject being observed or measured. The Code is the 'question code' that pairs to the 'answer' contained in the Value.",
        "min": 1,
        "max": "1",
        "base": {
          "path": "shr-core-QuantitativeNonLaboratoryObservation-model.observationDerivedFrom[x]",
          "min": 0,
          "max": "*"
        },
        "type": [
          {
            "code": "Reference",
            "targetProfile": "http://hl7.org/fhir/us/shr/StructureDefinition/shr-core-Observation-model"
          }
        ],
        "mustSupport": false,
        "isModifier": false,
        "isSummary": false
      },
      {
        "id": "shr-core-QuantitativeNonLaboratoryObservation-model.components",
        "path": "shr-core-QuantitativeNonLaboratoryObservation-model.components",
        "short": "Sub-observations that are part of this observation. A sub-observation contributs to the parent observation and are always treated a part of a single observation (they are not separable). However, the reference range for the primary observation value is not inherited by the component values and is required when appropriate for each component observation.",
        "definition": "Sub-observations that are part of this observation. A sub-observation contributs to the parent observation and are always treated a part of a single observation (they are not separable). However, the reference range for the primary observation value is not inherited by the component values and is required when appropriate for each component observation.",
        "min": 0,
        "max": "1",
        "base": {
          "path": "shr-core-QuantitativeNonLaboratoryObservation-model.components",
          "min": 0,
          "max": "1"
        },
        "type": [
          {
            "code": "http://hl7.org/fhir/us/shr/StructureDefinition/shr-core-Components-model"
          }
        ],
        "mustSupport": false,
        "isModifier": false,
        "isSummary": false
      }
    ]
  }
}