{
  "resourceType": "StructureDefinition",
  "id": "shr-core-ExpectedPerformerType-model",
  "text": {
    "status": "generated",
    "div": "<div xmlns=\"http://www.w3.org/1999/xhtml\">\n  <p><b>ExpectedPerformerType Logical Model</b></p>\n  <p>What type of party should carry out the testing.</p>\n</div>"
  },
  "url": "http://hl7.org/fhir/us/shr/StructureDefinition/shr-core-ExpectedPerformerType-model",
  "identifier": [
    {
      "system": "http://hl7.org/fhir/us/shrcore",
      "value": "shr.core.ExpectedPerformerType"
    }
  ],
  "version": "0.5.0",
  "name": "ExpectedPerformerType",
  "title": "shr-core-ExpectedPerformerType",
  "status": "draft",
  "date": "2019-05-01T00:00:00-04:00",
  "publisher": "The MITRE Corporation",
  "contact": [
    {
      "telecom": [
        {
          "system": "url",
          "value": "http://www.standardhealthrecord.org"
        }
      ]
    }
  ],
  "description": "What type of party should carry out the testing.",
  "kind": "logical",
  "abstract": false,
  "type": "shr-core-ExpectedPerformerType-model",
  "baseDefinition": "http://hl7.org/fhir/StructureDefinition/Element",
  "derivation": "specialization",
  "snapshot": {
    "element": [
      {
        "id": "shr-core-ExpectedPerformerType-model",
        "path": "shr-core-ExpectedPerformerType-model",
        "definition": "What type of party should carry out the testing.",
        "min": 0,
        "max": "*",
        "base": {
          "path": "shr-core-ExpectedPerformerType-model",
          "min": 0,
          "max": "*"
        },
        "mustSupport": false,
        "isModifier": false,
        "isSummary": false
      },
      {
        "id": "shr-core-ExpectedPerformerType-model.value",
        "path": "shr-core-ExpectedPerformerType-model.value",
        "short": "Code representing what type of party should carry out the testing.",
        "definition": "Code representing what type of party should carry out the testing.",
        "min": 1,
        "max": "1",
        "base": {
          "path": "shr-core-ExpectedPerformerType-model.value",
          "min": 1,
          "max": "1"
        },
        "type": [
          {
            "code": "Coding"
          }
        ],
        "mustSupport": false,
        "isModifier": false,
        "isSummary": false
      }
    ]
  },
  "differential": {
    "element": [
      {
        "id": "shr-core-ExpectedPerformerType-model",
        "path": "shr-core-ExpectedPerformerType-model",
        "definition": "What type of party should carry out the testing.",
        "min": 0,
        "max": "*",
        "base": {
          "path": "shr-core-ExpectedPerformerType-model",
          "min": 0,
          "max": "*"
        },
        "mustSupport": false,
        "isModifier": false,
        "isSummary": false
      },
      {
        "id": "shr-core-ExpectedPerformerType-model.value",
        "path": "shr-core-ExpectedPerformerType-model.value",
        "short": "Code representing what type of party should carry out the testing.",
        "definition": "Code representing what type of party should carry out the testing.",
        "min": 1,
        "max": "1",
        "base": {
          "path": "shr-core-ExpectedPerformerType-model.value",
          "min": 1,
          "max": "1"
        },
        "type": [
          {
            "code": "Coding"
          }
        ],
        "mustSupport": false,
        "isModifier": false,
        "isSummary": false
      }
    ]
  }
}