{
  "resourceType": "StructureDefinition",
  "id": "shr-core-Appointment-model",
  "text": {
    "status": "generated",
    "div": "<div xmlns=\"http://www.w3.org/1999/xhtml\">\n  <p><b>Appointment Logical Model</b></p>\n  <p>A booking of a healthcare event among patient(s), practitioner(s), related person(s) and/or device(s) for a specific date/time.</p>\n</div>"
  },
  "url": "http://hl7.org/fhir/us/shr/StructureDefinition/shr-core-Appointment-model",
  "identifier": [
    {
      "system": "http://hl7.org/fhir/us/shrcore",
      "value": "shr.core.Appointment"
    }
  ],
  "version": "0.5.0",
  "name": "Appointment",
  "title": "shr-core-Appointment",
  "status": "draft",
  "date": "2019-05-01T00:00:00-04:00",
  "publisher": "The MITRE Corporation",
  "contact": [
    {
      "telecom": [
        {
          "system": "url",
          "value": "http://www.standardhealthrecord.org"
        }
      ]
    }
  ],
  "description": "A booking of a healthcare event among patient(s), practitioner(s), related person(s) and/or device(s) for a specific date/time.",
  "kind": "logical",
  "abstract": false,
  "type": "shr-core-Appointment-model",
  "baseDefinition": "http://hl7.org/fhir/StructureDefinition/Element",
  "derivation": "specialization",
  "snapshot": {
    "element": [
      {
        "id": "shr-core-Appointment-model",
        "path": "shr-core-Appointment-model",
        "definition": "A booking of a healthcare event among patient(s), practitioner(s), related person(s) and/or device(s) for a specific date/time.",
        "min": 0,
        "max": "*",
        "base": {
          "path": "shr-core-Appointment-model",
          "min": 0,
          "max": "*"
        },
        "mustSupport": false,
        "isModifier": false,
        "isSummary": false
      },
      {
        "id": "shr-core-Appointment-model.metadata",
        "path": "shr-core-Appointment-model.metadata",
        "short": "Elements that belong to all information items.",
        "definition": "Elements that belong to all information items.",
        "min": 0,
        "max": "1",
        "base": {
          "path": "shr-core-Appointment-model.metadata",
          "min": 0,
          "max": "1"
        },
        "type": [
          {
            "code": "http://hl7.org/fhir/us/shr/StructureDefinition/shr-core-Metadata-model"
          }
        ],
        "mustSupport": false,
        "isModifier": false,
        "isSummary": false
      },
      {
        "id": "shr-core-Appointment-model.language",
        "path": "shr-core-Appointment-model.language",
        "short": "A human language, spoken or written.",
        "definition": "A human language, spoken or written.",
        "min": 0,
        "max": "1",
        "base": {
          "path": "shr-core-Appointment-model.language",
          "min": 0,
          "max": "1"
        },
        "type": [
          {
            "code": "Coding"
          }
        ],
        "mustSupport": false,
        "isModifier": false,
        "isSummary": false
      },
      {
        "id": "shr-core-Appointment-model.implicitRules",
        "path": "shr-core-Appointment-model.implicitRules",
        "short": "A set of rules under which this content was created",
        "definition": "A set of rules under which this content was created",
        "min": 0,
        "max": "1",
        "base": {
          "path": "shr-core-Appointment-model.implicitRules",
          "min": 0,
          "max": "1"
        },
        "type": [
          {
            "code": "uri"
          }
        ],
        "mustSupport": false,
        "isModifier": false,
        "isSummary": false
      },
      {
        "id": "shr-core-Appointment-model.narrative",
        "path": "shr-core-Appointment-model.narrative",
        "short": "A human-readable narrative, potentially including images, that contains a summary of the resource, and may be used to represent the content of the resource to a human.",
        "definition": "A human-readable narrative, potentially including images, that contains a summary of the resource, and may be used to represent the content of the resource to a human.",
        "min": 0,
        "max": "1",
        "base": {
          "path": "shr-core-Appointment-model.narrative",
          "min": 0,
          "max": "1"
        },
        "type": [
          {
            "code": "http://hl7.org/fhir/us/shr/StructureDefinition/shr-core-Narrative-model"
          }
        ],
        "mustSupport": false,
        "isModifier": false,
        "isSummary": false
      },
      {
        "id": "shr-core-Appointment-model.status",
        "path": "shr-core-Appointment-model.status",
        "short": "A state that relates to the workflow or interpretation of this resource. Certain status values can modify the meaning of the resource, for example, entered-in-error. When a boolean value is used, Status of true indicates the record is active, false means inactive.",
        "definition": "A state that relates to the workflow or interpretation of this resource. Certain status values can modify the meaning of the resource, for example, entered-in-error. When a boolean value is used, Status of true indicates the record is active, false means inactive.",
        "min": 1,
        "max": "1",
        "base": {
          "path": "shr-core-Appointment-model.status",
          "min": 1,
          "max": "1"
        },
        "type": [
          {
            "code": "Coding"
          }
        ],
        "mustSupport": false,
        "isModifier": false,
        "isSummary": false,
        "binding": {
          "strength": "required",
          "valueSetReference": {
            "reference": "http://hl7.org/fhir/ValueSet/appointmentstatus"
          }
        }
      },
      {
        "id": "shr-core-Appointment-model.identifier",
        "path": "shr-core-Appointment-model.identifier",
        "short": "Business identifier or external id for this resource.",
        "definition": "Business identifier or external id for this resource.",
        "min": 0,
        "max": "*",
        "base": {
          "path": "shr-core-Appointment-model.identifier",
          "min": 0,
          "max": "*"
        },
        "type": [
          {
            "code": "http://hl7.org/fhir/us/shr/StructureDefinition/shr-core-Identifier-model"
          }
        ],
        "mustSupport": false,
        "isModifier": false,
        "isSummary": false
      },
      {
        "id": "shr-core-Appointment-model.serviceCategory",
        "path": "shr-core-Appointment-model.serviceCategory",
        "short": "A broad categorization of the service (ordered, planned, or performed).",
        "definition": "A broad categorization of the service (ordered, planned, or performed).",
        "min": 0,
        "max": "1",
        "base": {
          "path": "shr-core-Appointment-model.serviceCategory",
          "min": 0,
          "max": "1"
        },
        "type": [
          {
            "code": "Coding"
          }
        ],
        "mustSupport": false,
        "isModifier": false,
        "isSummary": false,
        "binding": {
          "strength": "example",
          "valueSetReference": {
            "reference": "http://hl7.org/fhir/ValueSet/service-category"
          }
        }
      },
      {
        "id": "shr-core-Appointment-model.serviceDetails",
        "path": "shr-core-Appointment-model.serviceDetails",
        "short": "A service requested or performed. Additional details and instructions about the service requested or performed. For example, and order for a urinary catheter may have an order detail for an external or indwelling catheter, or an order for a bandage may require additional instructions specifying how the bandage should be applied.",
        "definition": "A service requested or performed. Additional details and instructions about the service requested or performed. For example, and order for a urinary catheter may have an order detail for an external or indwelling catheter, or an order for a bandage may require additional instructions specifying how the bandage should be applied.",
        "min": 0,
        "max": "*",
        "base": {
          "path": "shr-core-Appointment-model.serviceDetails",
          "min": 0,
          "max": "*"
        },
        "type": [
          {
            "code": "Coding"
          }
        ],
        "mustSupport": false,
        "isModifier": false,
        "isSummary": false,
        "binding": {
          "strength": "example",
          "valueSetReference": {
            "reference": "http://hl7.org/fhir/ValueSet/service-type"
          }
        }
      },
      {
        "id": "shr-core-Appointment-model.specialty",
        "path": "shr-core-Appointment-model.specialty",
        "short": "The specialty of a practitioner who (should, will, or did) perform a service.",
        "definition": "The specialty of a practitioner who (should, will, or did) perform a service.",
        "min": 0,
        "max": "*",
        "base": {
          "path": "shr-core-Appointment-model.specialty",
          "min": 0,
          "max": "*"
        },
        "type": [
          {
            "code": "Coding"
          }
        ],
        "mustSupport": false,
        "isModifier": false,
        "isSummary": false,
        "binding": {
          "strength": "preferred",
          "valueSetReference": {
            "reference": "http://hl7.org/fhir/ValueSet/c80-practice-codes"
          }
        }
      },
      {
        "id": "shr-core-Appointment-model.type",
        "path": "shr-core-Appointment-model.type",
        "code": [
          {
            "system": "http://ncimeta.nci.nih.gov",
            "code": "C0332307"
          }
        ],
        "short": "A code describing the item at a greater level of detail.",
        "definition": "A code describing the item at a greater level of detail.",
        "min": 0,
        "max": "1",
        "base": {
          "path": "shr-core-Appointment-model.type",
          "min": 0,
          "max": "1"
        },
        "type": [
          {
            "code": "Coding"
          }
        ],
        "mustSupport": false,
        "isModifier": false,
        "isSummary": false,
        "binding": {
          "strength": "preferred",
          "valueSetReference": {
            "reference": "http://hl7.org/fhir/ValueSet/v2-0276"
          }
        }
      },
      {
        "id": "shr-core-Appointment-model.reasonCode",
        "path": "shr-core-Appointment-model.reasonCode",
        "code": [
          {
            "system": "http://ncimeta.nci.nih.gov",
            "code": "C0566251"
          }
        ],
        "short": "The explanation or justification for the current item or action, as a code.",
        "definition": "The explanation or justification for the current item or action, as a code.\nReason is a string or CodeableConcept in DSTU2 but in later versions only a CodeableConcept.",
        "min": 0,
        "max": "1",
        "base": {
          "path": "shr-core-Appointment-model.reasonCode",
          "min": 0,
          "max": "1"
        },
        "type": [
          {
            "code": "Coding"
          }
        ],
        "mustSupport": false,
        "isModifier": false,
        "isSummary": false
      },
      {
        "id": "shr-core-Appointment-model.appointmentReasonReference[x]",
        "path": "shr-core-Appointment-model.appointmentReasonReference[x]",
        "slicing": {
          "discriminator": [
            {
              "type": "type",
              "path": "$this"
            }
          ],
          "ordered": false,
          "rules": "open"
        },
        "short": "Reason the appointment is to take place (resource)",
        "definition": "Reason the appointment is to take place (resource)",
        "min": 0,
        "max": "*",
        "base": {
          "path": "shr-core-Appointment-model.appointmentReasonReference[x]",
          "min": 0,
          "max": "*"
        },
        "type": [
          {
            "code": "Reference",
            "targetProfile": "http://hl7.org/fhir/us/shr/StructureDefinition/shr-core-Condition-model"
          },
          {
            "code": "Reference",
            "targetProfile": "http://hl7.org/fhir/us/shr/StructureDefinition/shr-core-Procedure-model"
          },
          {
            "code": "Reference",
            "targetProfile": "http://hl7.org/fhir/us/shr/StructureDefinition/shr-core-Observation-model"
          }
        ],
        "mustSupport": false,
        "isModifier": false,
        "isSummary": false
      },
      {
        "id": "shr-core-Appointment-model.appointmentReasonReferenceShr-core-Condition-model:Condition",
        "path": "shr-core-Appointment-model.appointmentReasonReferenceShr-core-Condition-model",
        "sliceName": "Condition",
        "short": "A condition that is or may be present in a subject. 'Condition' is interpreted broadly and could be a disorder, abnormality, problem, injury, complaint, functionality, illness, disease, ailment, sickness, affliction, upset, difficulty, disorder, symptom, worry, or trouble.",
        "definition": "A condition that is or may be present in a subject. 'Condition' is interpreted broadly and could be a disorder, abnormality, problem, injury, complaint, functionality, illness, disease, ailment, sickness, affliction, upset, difficulty, disorder, symptom, worry, or trouble.\nThe Observation-based class, ConditionAbsent, should be used to describe conditions that are not present or negative findings.\nSHR Condition uses the SHR BodyLocation structure that includes not only a code, but optional laterality, direction, clock direction, and distance. If included, the distance is measured from the location specified by the code, laterality, and direction.",
        "min": 1,
        "max": "1",
        "base": {
          "path": "shr-core-Appointment-model.appointmentReasonReference[x]",
          "min": 0,
          "max": "*"
        },
        "type": [
          {
            "code": "Reference",
            "targetProfile": "http://hl7.org/fhir/us/shr/StructureDefinition/shr-core-Condition-model"
          }
        ],
        "mustSupport": false,
        "isModifier": false,
        "isSummary": false
      },
      {
        "id": "shr-core-Appointment-model.appointmentReasonReferenceShr-core-Procedure-model:Procedure",
        "path": "shr-core-Appointment-model.appointmentReasonReferenceShr-core-Procedure-model",
        "sliceName": "Procedure",
        "short": "An action that is or was performed on or for a patient. This can be a physical intervention like an operation, or less invasive like long term services, counseling, or hypnotherapy.",
        "definition": "An action that is or was performed on or for a patient. This can be a physical intervention like an operation, or less invasive like long term services, counseling, or hypnotherapy.",
        "min": 1,
        "max": "1",
        "base": {
          "path": "shr-core-Appointment-model.appointmentReasonReference[x]",
          "min": 0,
          "max": "*"
        },
        "type": [
          {
            "code": "Reference",
            "targetProfile": "http://hl7.org/fhir/us/shr/StructureDefinition/shr-core-Procedure-model"
          }
        ],
        "mustSupport": false,
        "isModifier": false,
        "isSummary": false
      },
      {
        "id": "shr-core-Appointment-model.appointmentReasonReferenceShr-core-Observation-model:Observation",
        "path": "shr-core-Appointment-model.appointmentReasonReferenceShr-core-Observation-model",
        "sliceName": "Observation",
        "short": "Represents the result of evaluations (measurements, tests, or questions) that have been performed.",
        "definition": "Represents the result of evaluations (measurements, tests, or questions) that have been performed.\nObservation has a value representing the result (answer), or an DataAbsentReason indicating why the value is not present. Things observed about the subject can include social and behavioral factors, subjective and objective observations, and assessments.\nFor an Observation, the Code describes the aspect or property of the subject being observed or measured. The Code is the 'question code' that pairs to the 'answer' contained in the Value.",
        "min": 1,
        "max": "1",
        "base": {
          "path": "shr-core-Appointment-model.appointmentReasonReference[x]",
          "min": 0,
          "max": "*"
        },
        "type": [
          {
            "code": "Reference",
            "targetProfile": "http://hl7.org/fhir/us/shr/StructureDefinition/shr-core-Observation-model"
          }
        ],
        "mustSupport": false,
        "isModifier": false,
        "isSummary": false
      },
      {
        "id": "shr-core-Appointment-model.indication[x]",
        "path": "shr-core-Appointment-model.indication[x]",
        "short": "Conditions or situations where the procedure is recommended. In the Performed context, the actual indication should be reported.",
        "definition": "Conditions or situations where the procedure is recommended. In the Performed context, the actual indication should be reported.",
        "min": 0,
        "max": "*",
        "base": {
          "path": "shr-core-Appointment-model.indication[x]",
          "min": 0,
          "max": "*"
        },
        "type": [
          {
            "code": "Reference",
            "targetProfile": "http://hl7.org/fhir/us/shr/StructureDefinition/shr-core-Condition-model"
          },
          {
            "code": "Reference",
            "targetProfile": "http://hl7.org/fhir/us/shr/StructureDefinition/shr-core-Procedure-model"
          }
        ],
        "mustSupport": false,
        "isModifier": false,
        "isSummary": false
      },
      {
        "id": "shr-core-Appointment-model.priorityRankUnsignedInt",
        "path": "shr-core-Appointment-model.priorityRankUnsignedInt",
        "short": "The priority of the procedure, as a number (1 being the highest priority)",
        "definition": "The priority of the procedure, as a number (1 being the highest priority)",
        "min": 0,
        "max": "1",
        "base": {
          "path": "shr-core-Appointment-model.priorityRankUnsignedInt",
          "min": 0,
          "max": "1"
        },
        "type": [
          {
            "code": "unsignedInt"
          }
        ],
        "mustSupport": false,
        "isModifier": false,
        "isSummary": false
      },
      {
        "id": "shr-core-Appointment-model.commentOrDescription",
        "path": "shr-core-Appointment-model.commentOrDescription",
        "short": "A text note containing additional details, explanation, description, comment, or summarization.",
        "definition": "A text note containing additional details, explanation, description, comment, or summarization.",
        "min": 0,
        "max": "1",
        "base": {
          "path": "shr-core-Appointment-model.commentOrDescription",
          "min": 0,
          "max": "1"
        },
        "type": [
          {
            "code": "string"
          }
        ],
        "mustSupport": false,
        "isModifier": false,
        "isSummary": false
      },
      {
        "id": "shr-core-Appointment-model.patientInstruction",
        "path": "shr-core-Appointment-model.patientInstruction",
        "short": "Patient or consumer-oriented instructions.",
        "definition": "Patient or consumer-oriented instructions.",
        "min": 0,
        "max": "1",
        "base": {
          "path": "shr-core-Appointment-model.patientInstruction",
          "min": 0,
          "max": "1"
        },
        "type": [
          {
            "code": "string"
          }
        ],
        "mustSupport": false,
        "isModifier": false,
        "isSummary": false
      },
      {
        "id": "shr-core-Appointment-model.supportingInformation",
        "path": "shr-core-Appointment-model.supportingInformation",
        "short": "Additional information to support this request.",
        "definition": "Additional information to support this request.",
        "min": 0,
        "max": "*",
        "base": {
          "path": "shr-core-Appointment-model.supportingInformation",
          "min": 0,
          "max": "*"
        },
        "type": [
          {
            "code": "Reference",
            "targetProfile": "http://hl7.org/fhir/us/shr/StructureDefinition/shr-core-DomainResource-model"
          }
        ],
        "mustSupport": false,
        "isModifier": false,
        "isSummary": false
      },
      {
        "id": "shr-core-Appointment-model.basedOnReferral",
        "path": "shr-core-Appointment-model.basedOnReferral",
        "short": "The request that initiated this encounter.",
        "definition": "The request that initiated this encounter.",
        "min": 0,
        "max": "*",
        "base": {
          "path": "shr-core-Appointment-model.basedOnReferral",
          "min": 0,
          "max": "*"
        },
        "type": [
          {
            "code": "Reference",
            "targetProfile": "http://hl7.org/fhir/us/shr/StructureDefinition/shr-core-ReferralRequest-model"
          }
        ],
        "mustSupport": false,
        "isModifier": false,
        "isSummary": false
      },
      {
        "id": "shr-core-Appointment-model.appointmentParticipation",
        "path": "shr-core-Appointment-model.appointmentParticipation",
        "short": "Participants involved in appointment",
        "definition": "Participants involved in appointment",
        "min": 1,
        "max": "*",
        "base": {
          "path": "shr-core-Appointment-model.appointmentParticipation",
          "min": 1,
          "max": "*"
        },
        "type": [
          {
            "code": "http://hl7.org/fhir/us/shr/StructureDefinition/shr-core-AppointmentParticipation-model"
          }
        ],
        "mustSupport": false,
        "isModifier": false,
        "isSummary": false
      },
      {
        "id": "shr-core-Appointment-model.timePeriod",
        "path": "shr-core-Appointment-model.timePeriod",
        "short": "A period of time defined by a start and end time, date, or year.",
        "definition": "A period of time defined by a start and end time, date, or year.\nIf the start date/time is missing, the start of the period is not known. If the end date/time is missing, it means that the period is ongoing.",
        "min": 0,
        "max": "1",
        "base": {
          "path": "shr-core-Appointment-model.timePeriod",
          "min": 0,
          "max": "1"
        },
        "type": [
          {
            "code": "http://hl7.org/fhir/us/shr/StructureDefinition/shr-core-TimePeriod-model"
          }
        ],
        "mustSupport": false,
        "isModifier": false,
        "isSummary": false
      },
      {
        "id": "shr-core-Appointment-model.expectedPerformanceTime[x]",
        "path": "shr-core-Appointment-model.expectedPerformanceTime[x]",
        "short": "When an action should be done. If the action is a series or recurs (e.g. daily blood sugar testing in the morning) then a Timing can be used to describe the periodicity.",
        "definition": "When an action should be done. If the action is a series or recurs (e.g. daily blood sugar testing in the morning) then a Timing can be used to describe the periodicity.",
        "min": 0,
        "max": "*",
        "base": {
          "path": "shr-core-Appointment-model.expectedPerformanceTime[x]",
          "min": 0,
          "max": "*"
        },
        "type": [
          {
            "code": "dateTime"
          },
          {
            "code": "http://hl7.org/fhir/us/shr/StructureDefinition/shr-core-TimePeriod-model"
          },
          {
            "code": "http://hl7.org/fhir/us/shr/StructureDefinition/shr-core-Timing-model"
          }
        ],
        "mustSupport": false,
        "isModifier": false,
        "isSummary": false
      },
      {
        "id": "shr-core-Appointment-model.statementDateTime",
        "path": "shr-core-Appointment-model.statementDateTime",
        "code": [
          {
            "system": "http://ncimeta.nci.nih.gov",
            "code": "C3669169"
          }
        ],
        "short": "The point in time when the statement was created.",
        "definition": "The point in time when the statement was created.",
        "min": 0,
        "max": "1",
        "base": {
          "path": "shr-core-Appointment-model.statementDateTime",
          "min": 0,
          "max": "1"
        },
        "type": [
          {
            "code": "dateTime"
          }
        ],
        "mustSupport": false,
        "isModifier": false,
        "isSummary": false
      }
    ]
  },
  "differential": {
    "element": [
      {
        "id": "shr-core-Appointment-model",
        "path": "shr-core-Appointment-model",
        "definition": "A booking of a healthcare event among patient(s), practitioner(s), related person(s) and/or device(s) for a specific date/time.",
        "min": 0,
        "max": "*",
        "base": {
          "path": "shr-core-Appointment-model",
          "min": 0,
          "max": "*"
        },
        "mustSupport": false,
        "isModifier": false,
        "isSummary": false
      },
      {
        "id": "shr-core-Appointment-model.metadata",
        "path": "shr-core-Appointment-model.metadata",
        "short": "Elements that belong to all information items.",
        "definition": "Elements that belong to all information items.",
        "min": 0,
        "max": "1",
        "base": {
          "path": "shr-core-Appointment-model.metadata",
          "min": 0,
          "max": "1"
        },
        "type": [
          {
            "code": "http://hl7.org/fhir/us/shr/StructureDefinition/shr-core-Metadata-model"
          }
        ],
        "mustSupport": false,
        "isModifier": false,
        "isSummary": false
      },
      {
        "id": "shr-core-Appointment-model.language",
        "path": "shr-core-Appointment-model.language",
        "short": "A human language, spoken or written.",
        "definition": "A human language, spoken or written.",
        "min": 0,
        "max": "1",
        "base": {
          "path": "shr-core-Appointment-model.language",
          "min": 0,
          "max": "1"
        },
        "type": [
          {
            "code": "Coding"
          }
        ],
        "mustSupport": false,
        "isModifier": false,
        "isSummary": false
      },
      {
        "id": "shr-core-Appointment-model.implicitRules",
        "path": "shr-core-Appointment-model.implicitRules",
        "short": "A set of rules under which this content was created",
        "definition": "A set of rules under which this content was created",
        "min": 0,
        "max": "1",
        "base": {
          "path": "shr-core-Appointment-model.implicitRules",
          "min": 0,
          "max": "1"
        },
        "type": [
          {
            "code": "uri"
          }
        ],
        "mustSupport": false,
        "isModifier": false,
        "isSummary": false
      },
      {
        "id": "shr-core-Appointment-model.narrative",
        "path": "shr-core-Appointment-model.narrative",
        "short": "A human-readable narrative, potentially including images, that contains a summary of the resource, and may be used to represent the content of the resource to a human.",
        "definition": "A human-readable narrative, potentially including images, that contains a summary of the resource, and may be used to represent the content of the resource to a human.",
        "min": 0,
        "max": "1",
        "base": {
          "path": "shr-core-Appointment-model.narrative",
          "min": 0,
          "max": "1"
        },
        "type": [
          {
            "code": "http://hl7.org/fhir/us/shr/StructureDefinition/shr-core-Narrative-model"
          }
        ],
        "mustSupport": false,
        "isModifier": false,
        "isSummary": false
      },
      {
        "id": "shr-core-Appointment-model.status",
        "path": "shr-core-Appointment-model.status",
        "short": "A state that relates to the workflow or interpretation of this resource. Certain status values can modify the meaning of the resource, for example, entered-in-error. When a boolean value is used, Status of true indicates the record is active, false means inactive.",
        "definition": "A state that relates to the workflow or interpretation of this resource. Certain status values can modify the meaning of the resource, for example, entered-in-error. When a boolean value is used, Status of true indicates the record is active, false means inactive.",
        "min": 1,
        "max": "1",
        "base": {
          "path": "shr-core-Appointment-model.status",
          "min": 1,
          "max": "1"
        },
        "type": [
          {
            "code": "Coding"
          }
        ],
        "mustSupport": false,
        "isModifier": false,
        "isSummary": false,
        "binding": {
          "strength": "required",
          "valueSetReference": {
            "reference": "http://hl7.org/fhir/ValueSet/appointmentstatus"
          }
        }
      },
      {
        "id": "shr-core-Appointment-model.identifier",
        "path": "shr-core-Appointment-model.identifier",
        "short": "Business identifier or external id for this resource.",
        "definition": "Business identifier or external id for this resource.",
        "min": 0,
        "max": "*",
        "base": {
          "path": "shr-core-Appointment-model.identifier",
          "min": 0,
          "max": "*"
        },
        "type": [
          {
            "code": "http://hl7.org/fhir/us/shr/StructureDefinition/shr-core-Identifier-model"
          }
        ],
        "mustSupport": false,
        "isModifier": false,
        "isSummary": false
      },
      {
        "id": "shr-core-Appointment-model.serviceCategory",
        "path": "shr-core-Appointment-model.serviceCategory",
        "short": "A broad categorization of the service (ordered, planned, or performed).",
        "definition": "A broad categorization of the service (ordered, planned, or performed).",
        "min": 0,
        "max": "1",
        "base": {
          "path": "shr-core-Appointment-model.serviceCategory",
          "min": 0,
          "max": "1"
        },
        "type": [
          {
            "code": "Coding"
          }
        ],
        "mustSupport": false,
        "isModifier": false,
        "isSummary": false,
        "binding": {
          "strength": "example",
          "valueSetReference": {
            "reference": "http://hl7.org/fhir/ValueSet/service-category"
          }
        }
      },
      {
        "id": "shr-core-Appointment-model.serviceDetails",
        "path": "shr-core-Appointment-model.serviceDetails",
        "short": "A service requested or performed. Additional details and instructions about the service requested or performed. For example, and order for a urinary catheter may have an order detail for an external or indwelling catheter, or an order for a bandage may require additional instructions specifying how the bandage should be applied.",
        "definition": "A service requested or performed. Additional details and instructions about the service requested or performed. For example, and order for a urinary catheter may have an order detail for an external or indwelling catheter, or an order for a bandage may require additional instructions specifying how the bandage should be applied.",
        "min": 0,
        "max": "*",
        "base": {
          "path": "shr-core-Appointment-model.serviceDetails",
          "min": 0,
          "max": "*"
        },
        "type": [
          {
            "code": "Coding"
          }
        ],
        "mustSupport": false,
        "isModifier": false,
        "isSummary": false,
        "binding": {
          "strength": "example",
          "valueSetReference": {
            "reference": "http://hl7.org/fhir/ValueSet/service-type"
          }
        }
      },
      {
        "id": "shr-core-Appointment-model.specialty",
        "path": "shr-core-Appointment-model.specialty",
        "short": "The specialty of a practitioner who (should, will, or did) perform a service.",
        "definition": "The specialty of a practitioner who (should, will, or did) perform a service.",
        "min": 0,
        "max": "*",
        "base": {
          "path": "shr-core-Appointment-model.specialty",
          "min": 0,
          "max": "*"
        },
        "type": [
          {
            "code": "Coding"
          }
        ],
        "mustSupport": false,
        "isModifier": false,
        "isSummary": false,
        "binding": {
          "strength": "preferred",
          "valueSetReference": {
            "reference": "http://hl7.org/fhir/ValueSet/c80-practice-codes"
          }
        }
      },
      {
        "id": "shr-core-Appointment-model.type",
        "path": "shr-core-Appointment-model.type",
        "code": [
          {
            "system": "http://ncimeta.nci.nih.gov",
            "code": "C0332307"
          }
        ],
        "short": "A code describing the item at a greater level of detail.",
        "definition": "A code describing the item at a greater level of detail.",
        "min": 0,
        "max": "1",
        "base": {
          "path": "shr-core-Appointment-model.type",
          "min": 0,
          "max": "1"
        },
        "type": [
          {
            "code": "Coding"
          }
        ],
        "mustSupport": false,
        "isModifier": false,
        "isSummary": false,
        "binding": {
          "strength": "preferred",
          "valueSetReference": {
            "reference": "http://hl7.org/fhir/ValueSet/v2-0276"
          }
        }
      },
      {
        "id": "shr-core-Appointment-model.reasonCode",
        "path": "shr-core-Appointment-model.reasonCode",
        "code": [
          {
            "system": "http://ncimeta.nci.nih.gov",
            "code": "C0566251"
          }
        ],
        "short": "The explanation or justification for the current item or action, as a code.",
        "definition": "The explanation or justification for the current item or action, as a code.\nReason is a string or CodeableConcept in DSTU2 but in later versions only a CodeableConcept.",
        "min": 0,
        "max": "1",
        "base": {
          "path": "shr-core-Appointment-model.reasonCode",
          "min": 0,
          "max": "1"
        },
        "type": [
          {
            "code": "Coding"
          }
        ],
        "mustSupport": false,
        "isModifier": false,
        "isSummary": false
      },
      {
        "id": "shr-core-Appointment-model.appointmentReasonReference[x]",
        "path": "shr-core-Appointment-model.appointmentReasonReference[x]",
        "slicing": {
          "discriminator": [
            {
              "type": "type",
              "path": "$this"
            }
          ],
          "ordered": false,
          "rules": "open"
        },
        "short": "Reason the appointment is to take place (resource)",
        "definition": "Reason the appointment is to take place (resource)",
        "min": 0,
        "max": "*",
        "base": {
          "path": "shr-core-Appointment-model.appointmentReasonReference[x]",
          "min": 0,
          "max": "*"
        },
        "type": [
          {
            "code": "Reference",
            "targetProfile": "http://hl7.org/fhir/us/shr/StructureDefinition/shr-core-Condition-model"
          },
          {
            "code": "Reference",
            "targetProfile": "http://hl7.org/fhir/us/shr/StructureDefinition/shr-core-Procedure-model"
          },
          {
            "code": "Reference",
            "targetProfile": "http://hl7.org/fhir/us/shr/StructureDefinition/shr-core-Observation-model"
          }
        ],
        "mustSupport": false,
        "isModifier": false,
        "isSummary": false
      },
      {
        "id": "shr-core-Appointment-model.appointmentReasonReferenceShr-core-Condition-model:Condition",
        "path": "shr-core-Appointment-model.appointmentReasonReferenceShr-core-Condition-model",
        "sliceName": "Condition",
        "short": "A condition that is or may be present in a subject. 'Condition' is interpreted broadly and could be a disorder, abnormality, problem, injury, complaint, functionality, illness, disease, ailment, sickness, affliction, upset, difficulty, disorder, symptom, worry, or trouble.",
        "definition": "A condition that is or may be present in a subject. 'Condition' is interpreted broadly and could be a disorder, abnormality, problem, injury, complaint, functionality, illness, disease, ailment, sickness, affliction, upset, difficulty, disorder, symptom, worry, or trouble.\nThe Observation-based class, ConditionAbsent, should be used to describe conditions that are not present or negative findings.\nSHR Condition uses the SHR BodyLocation structure that includes not only a code, but optional laterality, direction, clock direction, and distance. If included, the distance is measured from the location specified by the code, laterality, and direction.",
        "min": 1,
        "max": "1",
        "base": {
          "path": "shr-core-Appointment-model.appointmentReasonReference[x]",
          "min": 0,
          "max": "*"
        },
        "type": [
          {
            "code": "Reference",
            "targetProfile": "http://hl7.org/fhir/us/shr/StructureDefinition/shr-core-Condition-model"
          }
        ],
        "mustSupport": false,
        "isModifier": false,
        "isSummary": false
      },
      {
        "id": "shr-core-Appointment-model.appointmentReasonReferenceShr-core-Procedure-model:Procedure",
        "path": "shr-core-Appointment-model.appointmentReasonReferenceShr-core-Procedure-model",
        "sliceName": "Procedure",
        "short": "An action that is or was performed on or for a patient. This can be a physical intervention like an operation, or less invasive like long term services, counseling, or hypnotherapy.",
        "definition": "An action that is or was performed on or for a patient. This can be a physical intervention like an operation, or less invasive like long term services, counseling, or hypnotherapy.",
        "min": 1,
        "max": "1",
        "base": {
          "path": "shr-core-Appointment-model.appointmentReasonReference[x]",
          "min": 0,
          "max": "*"
        },
        "type": [
          {
            "code": "Reference",
            "targetProfile": "http://hl7.org/fhir/us/shr/StructureDefinition/shr-core-Procedure-model"
          }
        ],
        "mustSupport": false,
        "isModifier": false,
        "isSummary": false
      },
      {
        "id": "shr-core-Appointment-model.appointmentReasonReferenceShr-core-Observation-model:Observation",
        "path": "shr-core-Appointment-model.appointmentReasonReferenceShr-core-Observation-model",
        "sliceName": "Observation",
        "short": "Represents the result of evaluations (measurements, tests, or questions) that have been performed.",
        "definition": "Represents the result of evaluations (measurements, tests, or questions) that have been performed.\nObservation has a value representing the result (answer), or an DataAbsentReason indicating why the value is not present. Things observed about the subject can include social and behavioral factors, subjective and objective observations, and assessments.\nFor an Observation, the Code describes the aspect or property of the subject being observed or measured. The Code is the 'question code' that pairs to the 'answer' contained in the Value.",
        "min": 1,
        "max": "1",
        "base": {
          "path": "shr-core-Appointment-model.appointmentReasonReference[x]",
          "min": 0,
          "max": "*"
        },
        "type": [
          {
            "code": "Reference",
            "targetProfile": "http://hl7.org/fhir/us/shr/StructureDefinition/shr-core-Observation-model"
          }
        ],
        "mustSupport": false,
        "isModifier": false,
        "isSummary": false
      },
      {
        "id": "shr-core-Appointment-model.indication[x]",
        "path": "shr-core-Appointment-model.indication[x]",
        "short": "Conditions or situations where the procedure is recommended. In the Performed context, the actual indication should be reported.",
        "definition": "Conditions or situations where the procedure is recommended. In the Performed context, the actual indication should be reported.",
        "min": 0,
        "max": "*",
        "base": {
          "path": "shr-core-Appointment-model.indication[x]",
          "min": 0,
          "max": "*"
        },
        "type": [
          {
            "code": "Reference",
            "targetProfile": "http://hl7.org/fhir/us/shr/StructureDefinition/shr-core-Condition-model"
          },
          {
            "code": "Reference",
            "targetProfile": "http://hl7.org/fhir/us/shr/StructureDefinition/shr-core-Procedure-model"
          }
        ],
        "mustSupport": false,
        "isModifier": false,
        "isSummary": false
      },
      {
        "id": "shr-core-Appointment-model.priorityRankUnsignedInt",
        "path": "shr-core-Appointment-model.priorityRankUnsignedInt",
        "short": "The priority of the procedure, as a number (1 being the highest priority)",
        "definition": "The priority of the procedure, as a number (1 being the highest priority)",
        "min": 0,
        "max": "1",
        "base": {
          "path": "shr-core-Appointment-model.priorityRankUnsignedInt",
          "min": 0,
          "max": "1"
        },
        "type": [
          {
            "code": "unsignedInt"
          }
        ],
        "mustSupport": false,
        "isModifier": false,
        "isSummary": false
      },
      {
        "id": "shr-core-Appointment-model.commentOrDescription",
        "path": "shr-core-Appointment-model.commentOrDescription",
        "short": "A text note containing additional details, explanation, description, comment, or summarization.",
        "definition": "A text note containing additional details, explanation, description, comment, or summarization.",
        "min": 0,
        "max": "1",
        "base": {
          "path": "shr-core-Appointment-model.commentOrDescription",
          "min": 0,
          "max": "1"
        },
        "type": [
          {
            "code": "string"
          }
        ],
        "mustSupport": false,
        "isModifier": false,
        "isSummary": false
      },
      {
        "id": "shr-core-Appointment-model.patientInstruction",
        "path": "shr-core-Appointment-model.patientInstruction",
        "short": "Patient or consumer-oriented instructions.",
        "definition": "Patient or consumer-oriented instructions.",
        "min": 0,
        "max": "1",
        "base": {
          "path": "shr-core-Appointment-model.patientInstruction",
          "min": 0,
          "max": "1"
        },
        "type": [
          {
            "code": "string"
          }
        ],
        "mustSupport": false,
        "isModifier": false,
        "isSummary": false
      },
      {
        "id": "shr-core-Appointment-model.supportingInformation",
        "path": "shr-core-Appointment-model.supportingInformation",
        "short": "Additional information to support this request.",
        "definition": "Additional information to support this request.",
        "min": 0,
        "max": "*",
        "base": {
          "path": "shr-core-Appointment-model.supportingInformation",
          "min": 0,
          "max": "*"
        },
        "type": [
          {
            "code": "Reference",
            "targetProfile": "http://hl7.org/fhir/us/shr/StructureDefinition/shr-core-DomainResource-model"
          }
        ],
        "mustSupport": false,
        "isModifier": false,
        "isSummary": false
      },
      {
        "id": "shr-core-Appointment-model.basedOnReferral",
        "path": "shr-core-Appointment-model.basedOnReferral",
        "short": "The request that initiated this encounter.",
        "definition": "The request that initiated this encounter.",
        "min": 0,
        "max": "*",
        "base": {
          "path": "shr-core-Appointment-model.basedOnReferral",
          "min": 0,
          "max": "*"
        },
        "type": [
          {
            "code": "Reference",
            "targetProfile": "http://hl7.org/fhir/us/shr/StructureDefinition/shr-core-ReferralRequest-model"
          }
        ],
        "mustSupport": false,
        "isModifier": false,
        "isSummary": false
      },
      {
        "id": "shr-core-Appointment-model.appointmentParticipation",
        "path": "shr-core-Appointment-model.appointmentParticipation",
        "short": "Participants involved in appointment",
        "definition": "Participants involved in appointment",
        "min": 1,
        "max": "*",
        "base": {
          "path": "shr-core-Appointment-model.appointmentParticipation",
          "min": 1,
          "max": "*"
        },
        "type": [
          {
            "code": "http://hl7.org/fhir/us/shr/StructureDefinition/shr-core-AppointmentParticipation-model"
          }
        ],
        "mustSupport": false,
        "isModifier": false,
        "isSummary": false
      },
      {
        "id": "shr-core-Appointment-model.timePeriod",
        "path": "shr-core-Appointment-model.timePeriod",
        "short": "A period of time defined by a start and end time, date, or year.",
        "definition": "A period of time defined by a start and end time, date, or year.\nIf the start date/time is missing, the start of the period is not known. If the end date/time is missing, it means that the period is ongoing.",
        "min": 0,
        "max": "1",
        "base": {
          "path": "shr-core-Appointment-model.timePeriod",
          "min": 0,
          "max": "1"
        },
        "type": [
          {
            "code": "http://hl7.org/fhir/us/shr/StructureDefinition/shr-core-TimePeriod-model"
          }
        ],
        "mustSupport": false,
        "isModifier": false,
        "isSummary": false
      },
      {
        "id": "shr-core-Appointment-model.expectedPerformanceTime[x]",
        "path": "shr-core-Appointment-model.expectedPerformanceTime[x]",
        "short": "When an action should be done. If the action is a series or recurs (e.g. daily blood sugar testing in the morning) then a Timing can be used to describe the periodicity.",
        "definition": "When an action should be done. If the action is a series or recurs (e.g. daily blood sugar testing in the morning) then a Timing can be used to describe the periodicity.",
        "min": 0,
        "max": "*",
        "base": {
          "path": "shr-core-Appointment-model.expectedPerformanceTime[x]",
          "min": 0,
          "max": "*"
        },
        "type": [
          {
            "code": "dateTime"
          },
          {
            "code": "http://hl7.org/fhir/us/shr/StructureDefinition/shr-core-TimePeriod-model"
          },
          {
            "code": "http://hl7.org/fhir/us/shr/StructureDefinition/shr-core-Timing-model"
          }
        ],
        "mustSupport": false,
        "isModifier": false,
        "isSummary": false
      },
      {
        "id": "shr-core-Appointment-model.statementDateTime",
        "path": "shr-core-Appointment-model.statementDateTime",
        "code": [
          {
            "system": "http://ncimeta.nci.nih.gov",
            "code": "C3669169"
          }
        ],
        "short": "The point in time when the statement was created.",
        "definition": "The point in time when the statement was created.",
        "min": 0,
        "max": "1",
        "base": {
          "path": "shr-core-Appointment-model.statementDateTime",
          "min": 0,
          "max": "1"
        },
        "type": [
          {
            "code": "dateTime"
          }
        ],
        "mustSupport": false,
        "isModifier": false,
        "isSummary": false
      }
    ]
  }
}