{
  "resourceType": "StructureDefinition",
  "id": "shr-core-MedicationRequest-model",
  "text": {
    "status": "generated",
    "div": "<div xmlns=\"http://www.w3.org/1999/xhtml\">\n  <p><b>MedicationRequest Logical Model</b></p>\n  <p>An order for a medication to be dispensed and instructions for use.\nValue sets for status are in direct conflict between DSTU2 Argonaut and STU3 US-Core.\nCategory does not exist in DSTU2 and is provided as an extension.\nIntent was added in STU3 and is provided as an extension with required binding.</p>\n</div>"
  },
  "url": "http://hl7.org/fhir/us/shr/StructureDefinition/shr-core-MedicationRequest-model",
  "identifier": [
    {
      "system": "http://hl7.org/fhir/us/shrcore",
      "value": "shr.core.MedicationRequest"
    }
  ],
  "version": "0.5.0",
  "name": "MedicationRequest",
  "title": "shr-core-MedicationRequest",
  "status": "draft",
  "date": "2019-05-01T00:00:00-04:00",
  "publisher": "The MITRE Corporation",
  "contact": [
    {
      "telecom": [
        {
          "system": "url",
          "value": "http://www.standardhealthrecord.org"
        }
      ]
    }
  ],
  "description": "An order for a medication to be dispensed and instructions for use.\nValue sets for status are in direct conflict between DSTU2 Argonaut and STU3 US-Core.\nCategory does not exist in DSTU2 and is provided as an extension.\nIntent was added in STU3 and is provided as an extension with required binding.",
  "kind": "logical",
  "abstract": false,
  "type": "shr-core-MedicationRequest-model",
  "baseDefinition": "http://hl7.org/fhir/StructureDefinition/Element",
  "derivation": "specialization",
  "snapshot": {
    "element": [
      {
        "id": "shr-core-MedicationRequest-model",
        "path": "shr-core-MedicationRequest-model",
        "definition": "An order for a medication to be dispensed and instructions for use.\nValue sets for status are in direct conflict between DSTU2 Argonaut and STU3 US-Core.\nCategory does not exist in DSTU2 and is provided as an extension.\nIntent was added in STU3 and is provided as an extension with required binding.",
        "min": 0,
        "max": "*",
        "base": {
          "path": "shr-core-MedicationRequest-model",
          "min": 0,
          "max": "*"
        },
        "mustSupport": false,
        "isModifier": false,
        "isSummary": false
      },
      {
        "id": "shr-core-MedicationRequest-model.metadata",
        "path": "shr-core-MedicationRequest-model.metadata",
        "short": "Elements that belong to all information items.",
        "definition": "Elements that belong to all information items.",
        "min": 0,
        "max": "1",
        "base": {
          "path": "shr-core-MedicationRequest-model.metadata",
          "min": 0,
          "max": "1"
        },
        "type": [
          {
            "code": "http://hl7.org/fhir/us/shr/StructureDefinition/shr-core-Metadata-model"
          }
        ],
        "mustSupport": false,
        "isModifier": false,
        "isSummary": false
      },
      {
        "id": "shr-core-MedicationRequest-model.language",
        "path": "shr-core-MedicationRequest-model.language",
        "short": "A human language, spoken or written.",
        "definition": "A human language, spoken or written.",
        "min": 0,
        "max": "1",
        "base": {
          "path": "shr-core-MedicationRequest-model.language",
          "min": 0,
          "max": "1"
        },
        "type": [
          {
            "code": "Coding"
          }
        ],
        "mustSupport": false,
        "isModifier": false,
        "isSummary": false
      },
      {
        "id": "shr-core-MedicationRequest-model.implicitRules",
        "path": "shr-core-MedicationRequest-model.implicitRules",
        "short": "A set of rules under which this content was created",
        "definition": "A set of rules under which this content was created",
        "min": 0,
        "max": "1",
        "base": {
          "path": "shr-core-MedicationRequest-model.implicitRules",
          "min": 0,
          "max": "1"
        },
        "type": [
          {
            "code": "uri"
          }
        ],
        "mustSupport": false,
        "isModifier": false,
        "isSummary": false
      },
      {
        "id": "shr-core-MedicationRequest-model.narrative",
        "path": "shr-core-MedicationRequest-model.narrative",
        "short": "A human-readable narrative, potentially including images, that contains a summary of the resource, and may be used to represent the content of the resource to a human.",
        "definition": "A human-readable narrative, potentially including images, that contains a summary of the resource, and may be used to represent the content of the resource to a human.",
        "min": 0,
        "max": "1",
        "base": {
          "path": "shr-core-MedicationRequest-model.narrative",
          "min": 0,
          "max": "1"
        },
        "type": [
          {
            "code": "http://hl7.org/fhir/us/shr/StructureDefinition/shr-core-Narrative-model"
          }
        ],
        "mustSupport": false,
        "isModifier": false,
        "isSummary": false
      },
      {
        "id": "shr-core-MedicationRequest-model.status",
        "path": "shr-core-MedicationRequest-model.status",
        "short": "A state that relates to the workflow or interpretation of this resource. Certain status values can modify the meaning of the resource, for example, entered-in-error. When a boolean value is used, Status of true indicates the record is active, false means inactive.",
        "definition": "A state that relates to the workflow or interpretation of this resource. Certain status values can modify the meaning of the resource, for example, entered-in-error. When a boolean value is used, Status of true indicates the record is active, false means inactive.",
        "min": 1,
        "max": "1",
        "base": {
          "path": "shr-core-MedicationRequest-model.status",
          "min": 1,
          "max": "1"
        },
        "type": [
          {
            "code": "Coding"
          }
        ],
        "mustSupport": false,
        "isModifier": false,
        "isSummary": false
      },
      {
        "id": "shr-core-MedicationRequest-model.identifier",
        "path": "shr-core-MedicationRequest-model.identifier",
        "short": "Business identifier or external id for this resource.",
        "definition": "Business identifier or external id for this resource.",
        "min": 0,
        "max": "*",
        "base": {
          "path": "shr-core-MedicationRequest-model.identifier",
          "min": 0,
          "max": "*"
        },
        "type": [
          {
            "code": "http://hl7.org/fhir/us/shr/StructureDefinition/shr-core-Identifier-model"
          }
        ],
        "mustSupport": false,
        "isModifier": false,
        "isSummary": false
      },
      {
        "id": "shr-core-MedicationRequest-model.subjectOfRecord",
        "path": "shr-core-MedicationRequest-model.subjectOfRecord",
        "code": [
          {
            "system": "http://ncimeta.nci.nih.gov",
            "code": "C1299487"
          }
        ],
        "short": "The subject of a clinical statement, often called the Patient or the Subject. The SubjectOfRecord typically identifies the clinical record in which this statement is contained. If the statement should be in John Doe's patient record, then John Doe is the subject of record. When there is no patient, the SubjectOfRecord can also be a location, group, or other entity that statement pertains to. For example, observations concerning a hospital ward would have a Location as the SubjectOfRecord.",
        "definition": "The subject of a clinical statement, often called the Patient or the Subject. The SubjectOfRecord typically identifies the clinical record in which this statement is contained. If the statement should be in John Doe's patient record, then John Doe is the subject of record. When there is no patient, the SubjectOfRecord can also be a location, group, or other entity that statement pertains to. For example, observations concerning a hospital ward would have a Location as the SubjectOfRecord.\n\nNote that the word 'Subject' is used here in the sense of a person or entity subjected to observations or actions, not subject as in a conceptual topic, like heart disease.",
        "min": 1,
        "max": "1",
        "base": {
          "path": "shr-core-MedicationRequest-model.subjectOfRecord",
          "min": 1,
          "max": "1"
        },
        "type": [
          {
            "code": "Reference",
            "targetProfile": "http://hl7.org/fhir/us/shr/StructureDefinition/shr-core-Patient-model"
          }
        ],
        "mustSupport": false,
        "isModifier": false,
        "isSummary": false
      },
      {
        "id": "shr-core-MedicationRequest-model.careContext[x]",
        "path": "shr-core-MedicationRequest-model.careContext[x]",
        "short": "The encounter or episode of care",
        "definition": "The encounter or episode of care",
        "min": 0,
        "max": "1",
        "base": {
          "path": "shr-core-MedicationRequest-model.careContext[x]",
          "min": 0,
          "max": "1"
        },
        "type": [
          {
            "code": "Reference",
            "targetProfile": "http://hl7.org/fhir/us/shr/StructureDefinition/shr-core-Encounter-model"
          },
          {
            "code": "Reference",
            "targetProfile": "http://hl7.org/fhir/us/shr/StructureDefinition/shr-core-EpisodeOfCare-model"
          }
        ],
        "mustSupport": false,
        "isModifier": false,
        "isSummary": false
      },
      {
        "id": "shr-core-MedicationRequest-model.statementDateTime",
        "path": "shr-core-MedicationRequest-model.statementDateTime",
        "code": [
          {
            "system": "http://ncimeta.nci.nih.gov",
            "code": "C3669169"
          }
        ],
        "short": "The point in time when the statement was created.",
        "definition": "The point in time when the statement was created.",
        "min": 1,
        "max": "1",
        "base": {
          "path": "shr-core-MedicationRequest-model.statementDateTime",
          "min": 1,
          "max": "1"
        },
        "type": [
          {
            "code": "dateTime"
          }
        ],
        "mustSupport": false,
        "isModifier": false,
        "isSummary": false
      },
      {
        "id": "shr-core-MedicationRequest-model.reasonCode",
        "path": "shr-core-MedicationRequest-model.reasonCode",
        "code": [
          {
            "system": "http://ncimeta.nci.nih.gov",
            "code": "C0566251"
          }
        ],
        "short": "The explanation or justification for the current item or action, as a code.",
        "definition": "The explanation or justification for the current item or action, as a code.\nReason is a string or CodeableConcept in DSTU2 but in later versions only a CodeableConcept.",
        "min": 0,
        "max": "1",
        "base": {
          "path": "shr-core-MedicationRequest-model.reasonCode",
          "min": 0,
          "max": "1"
        },
        "type": [
          {
            "code": "Coding"
          }
        ],
        "mustSupport": false,
        "isModifier": false,
        "isSummary": false,
        "binding": {
          "strength": "example",
          "valueSetReference": {
            "reference": "http://hl7.org/fhir/ValueSet/condition-code"
          }
        }
      },
      {
        "id": "shr-core-MedicationRequest-model.reasonReference",
        "path": "shr-core-MedicationRequest-model.reasonReference",
        "short": "The justification, as reference to a condition or observation.",
        "definition": "The justification, as reference to a condition or observation.",
        "min": 0,
        "max": "*",
        "base": {
          "path": "shr-core-MedicationRequest-model.reasonReference",
          "min": 0,
          "max": "*"
        },
        "type": [
          {
            "code": "Reference",
            "targetProfile": "http://hl7.org/fhir/us/shr/StructureDefinition/shr-core-DomainResource-model"
          }
        ],
        "mustSupport": false,
        "isModifier": false,
        "isSummary": false
      },
      {
        "id": "shr-core-MedicationRequest-model.basedOn",
        "path": "shr-core-MedicationRequest-model.basedOn",
        "short": "The proposal, order, or plan that is partly or wholly fulfilled by this item.",
        "definition": "The proposal, order, or plan that is partly or wholly fulfilled by this item.",
        "min": 0,
        "max": "*",
        "base": {
          "path": "shr-core-MedicationRequest-model.basedOn",
          "min": 0,
          "max": "*"
        },
        "type": [
          {
            "code": "Reference",
            "targetProfile": "http://hl7.org/fhir/us/shr/StructureDefinition/shr-core-DomainResource-model"
          }
        ],
        "mustSupport": false,
        "isModifier": false,
        "isSummary": false
      },
      {
        "id": "shr-core-MedicationRequest-model.code",
        "path": "shr-core-MedicationRequest-model.code",
        "short": "The main type identifier for a lab, procedure, condition, etc., usually drawn from a controlled vocabulary.",
        "definition": "The main type identifier for a lab, procedure, condition, etc., usually drawn from a controlled vocabulary.",
        "min": 0,
        "max": "1",
        "base": {
          "path": "shr-core-MedicationRequest-model.code",
          "min": 0,
          "max": "1"
        },
        "type": [
          {
            "code": "Coding"
          }
        ],
        "mustSupport": false,
        "isModifier": false,
        "isSummary": false
      },
      {
        "id": "shr-core-MedicationRequest-model.category",
        "path": "shr-core-MedicationRequest-model.category",
        "short": "The general type or class of this item.",
        "definition": "The general type or class of this item.",
        "min": 0,
        "max": "1",
        "base": {
          "path": "shr-core-MedicationRequest-model.category",
          "min": 0,
          "max": "1"
        },
        "type": [
          {
            "code": "Coding"
          }
        ],
        "mustSupport": false,
        "isModifier": false,
        "isSummary": false,
        "binding": {
          "strength": "preferred",
          "valueSetReference": {
            "reference": "http://hl7.org/fhir/ValueSet/medication-admin-category"
          }
        }
      },
      {
        "id": "shr-core-MedicationRequest-model.requester[x]",
        "path": "shr-core-MedicationRequest-model.requester[x]",
        "short": "The person or organization originating this referral",
        "definition": "The person or organization originating this referral",
        "min": 1,
        "max": "1",
        "base": {
          "path": "shr-core-MedicationRequest-model.requester[x]",
          "min": 1,
          "max": "1"
        },
        "type": [
          {
            "code": "Reference",
            "targetProfile": "http://hl7.org/fhir/us/shr/StructureDefinition/shr-core-Practitioner-model"
          },
          {
            "code": "Reference",
            "targetProfile": "http://hl7.org/fhir/us/shr/StructureDefinition/shr-core-Organization-model"
          },
          {
            "code": "Reference",
            "targetProfile": "http://hl7.org/fhir/us/shr/StructureDefinition/shr-core-Patient-model"
          },
          {
            "code": "Reference",
            "targetProfile": "http://hl7.org/fhir/us/shr/StructureDefinition/shr-core-RelatedPerson-model"
          },
          {
            "code": "Reference",
            "targetProfile": "http://hl7.org/fhir/us/shr/StructureDefinition/shr-core-Device-model"
          }
        ],
        "mustSupport": false,
        "isModifier": false,
        "isSummary": false
      },
      {
        "id": "shr-core-MedicationRequest-model.requestIntent",
        "path": "shr-core-MedicationRequest-model.requestIntent",
        "short": "Indicates the level of authority/intentionality associated with the request and where the request fits into the workflow chain.",
        "definition": "Indicates the level of authority/intentionality associated with the request and where the request fits into the workflow chain.",
        "min": 1,
        "max": "1",
        "base": {
          "path": "shr-core-MedicationRequest-model.requestIntent",
          "min": 1,
          "max": "1"
        },
        "type": [
          {
            "code": "Coding"
          }
        ],
        "mustSupport": false,
        "isModifier": false,
        "isSummary": false,
        "binding": {
          "strength": "required",
          "valueSetReference": {
            "reference": "http://hl7.org/fhir/ValueSet/medication-request-intent"
          }
        }
      },
      {
        "id": "shr-core-MedicationRequest-model.expectedPerformanceTime",
        "path": "shr-core-MedicationRequest-model.expectedPerformanceTime",
        "short": "When an action should be done. If the action is a series or recurs (e.g. daily blood sugar testing in the morning) then a Timing can be used to describe the periodicity.",
        "definition": "When an action should be done. If the action is a series or recurs (e.g. daily blood sugar testing in the morning) then a Timing can be used to describe the periodicity.",
        "min": 0,
        "max": "1",
        "base": {
          "path": "shr-core-MedicationRequest-model.expectedPerformanceTime",
          "min": 0,
          "max": "1"
        },
        "type": [
          {
            "code": "http://hl7.org/fhir/us/shr/StructureDefinition/shr-core-TimePeriod-model"
          }
        ],
        "mustSupport": false,
        "isModifier": false,
        "isSummary": false
      },
      {
        "id": "shr-core-MedicationRequest-model.expectedPerformer",
        "path": "shr-core-MedicationRequest-model.expectedPerformer",
        "short": "Who this request is being addressed to.",
        "definition": "Who this request is being addressed to.",
        "min": 0,
        "max": "*",
        "base": {
          "path": "shr-core-MedicationRequest-model.expectedPerformer",
          "min": 0,
          "max": "*"
        },
        "type": [
          {
            "code": "Reference",
            "targetProfile": "http://hl7.org/fhir/us/shr/StructureDefinition/shr-core-Organization-model"
          }
        ],
        "mustSupport": false,
        "isModifier": false,
        "isSummary": false
      },
      {
        "id": "shr-core-MedicationRequest-model.expectedPerformerType",
        "path": "shr-core-MedicationRequest-model.expectedPerformerType",
        "short": "What type of party should carry out the testing.",
        "definition": "What type of party should carry out the testing.",
        "min": 0,
        "max": "0",
        "base": {
          "path": "shr-core-MedicationRequest-model.expectedPerformerType",
          "min": 0,
          "max": "0"
        },
        "type": [
          {
            "code": "Coding"
          }
        ],
        "mustSupport": false,
        "isModifier": false,
        "isSummary": false
      },
      {
        "id": "shr-core-MedicationRequest-model.priorityCode[x]",
        "path": "shr-core-MedicationRequest-model.priorityCode[x]",
        "slicing": {
          "discriminator": [
            {
              "type": "type",
              "path": "$this"
            }
          ],
          "ordered": false,
          "rules": "open"
        },
        "short": "An indication of the importance of an action relative to other actions.",
        "definition": "An indication of the importance of an action relative to other actions.",
        "min": 0,
        "max": "1",
        "base": {
          "path": "shr-core-MedicationRequest-model.priorityCode[x]",
          "min": 0,
          "max": "1"
        },
        "type": [
          {
            "code": "positiveInt"
          },
          {
            "code": "Coding"
          }
        ],
        "mustSupport": false,
        "isModifier": false,
        "isSummary": false
      },
      {
        "id": "shr-core-MedicationRequest-model.priorityCodeCoding:codeableConcept",
        "path": "shr-core-MedicationRequest-model.priorityCodeCoding",
        "sliceName": "codeableConcept",
        "short": "PositiveInt or code representing an indication of the importance of an action relative to other actions.",
        "definition": "PositiveInt or code representing an indication of the importance of an action relative to other actions.",
        "min": 1,
        "max": "1",
        "base": {
          "path": "shr-core-MedicationRequest-model.priorityCodeCoding",
          "min": 1,
          "max": "1"
        },
        "type": [
          {
            "code": "Coding"
          }
        ],
        "mustSupport": false,
        "isModifier": false,
        "isSummary": false,
        "binding": {
          "strength": "required",
          "valueSetReference": {
            "reference": "http://hl7.org/fhir/ValueSet/medication-request-priority"
          }
        }
      },
      {
        "id": "shr-core-MedicationRequest-model.annotation",
        "path": "shr-core-MedicationRequest-model.annotation",
        "short": "An added or follow-up note, often after the fact, that contains metadata about who made the statement and when.",
        "definition": "An added or follow-up note, often after the fact, that contains metadata about who made the statement and when.",
        "min": 0,
        "max": "1",
        "base": {
          "path": "shr-core-MedicationRequest-model.annotation",
          "min": 0,
          "max": "1"
        },
        "type": [
          {
            "code": "http://hl7.org/fhir/us/shr/StructureDefinition/shr-core-Annotation-model"
          }
        ],
        "mustSupport": false,
        "isModifier": false,
        "isSummary": false
      },
      {
        "id": "shr-core-MedicationRequest-model.medicationCodeOrReference[x]",
        "path": "shr-core-MedicationRequest-model.medicationCodeOrReference[x]",
        "slicing": {
          "discriminator": [
            {
              "type": "type",
              "path": "$this"
            }
          ],
          "ordered": false,
          "rules": "open"
        },
        "short": "A choice of a medication code or reference.",
        "definition": "A choice of a medication code or reference.",
        "min": 1,
        "max": "1",
        "base": {
          "path": "shr-core-MedicationRequest-model.medicationCodeOrReference[x]",
          "min": 1,
          "max": "1"
        },
        "type": [
          {
            "code": "Coding"
          },
          {
            "code": "Reference",
            "targetProfile": "http://hl7.org/fhir/us/shr/StructureDefinition/shr-core-Medication-model"
          }
        ],
        "mustSupport": false,
        "isModifier": false,
        "isSummary": false
      },
      {
        "id": "shr-core-MedicationRequest-model.medicationCodeOrReferenceCoding:CodeableConcept",
        "path": "shr-core-MedicationRequest-model.medicationCodeOrReferenceCoding",
        "sliceName": "CodeableConcept",
        "short": "A set of codes drawn from different coding systems, representing the same concept.",
        "definition": "A set of codes drawn from different coding systems, representing the same concept.",
        "min": 1,
        "max": "1",
        "base": {
          "path": "shr-core-MedicationRequest-model.medicationCodeOrReference[x]",
          "min": 1,
          "max": "1"
        },
        "type": [
          {
            "code": "Coding"
          }
        ],
        "mustSupport": false,
        "isModifier": false,
        "isSummary": false,
        "binding": {
          "strength": "extensible",
          "valueSetReference": {
            "reference": "http://h7.org/fhir/us/core/ValueSet/us-core-medication-codes"
          }
        }
      },
      {
        "id": "shr-core-MedicationRequest-model.dosage",
        "path": "shr-core-MedicationRequest-model.dosage",
        "short": "The dosage of the medication. The data structure is flexible and can describe a dosage prescribed, administered, or reported.",
        "definition": "The dosage of the medication. The data structure is flexible and can describe a dosage prescribed, administered, or reported.",
        "min": 0,
        "max": "1",
        "base": {
          "path": "shr-core-MedicationRequest-model.dosage",
          "min": 0,
          "max": "1"
        },
        "type": [
          {
            "code": "http://hl7.org/fhir/us/shr/StructureDefinition/shr-core-Dosage-model"
          }
        ],
        "mustSupport": false,
        "isModifier": false,
        "isSummary": false
      },
      {
        "id": "shr-core-MedicationRequest-model.numberOfRefillsAllowed",
        "path": "shr-core-MedicationRequest-model.numberOfRefillsAllowed",
        "short": "The maximum number of times the dispense can be repeated. For medication dispense, this integer does NOT include the original order dispense. This means that if an order indicates dispense 30 tablets plus 3 repeats, then the order can be dispensed a total of 4 times and the patient can receive a total of 120 tablets.",
        "definition": "The maximum number of times the dispense can be repeated. For medication dispense, this integer does NOT include the original order dispense. This means that if an order indicates dispense 30 tablets plus 3 repeats, then the order can be dispensed a total of 4 times and the patient can receive a total of 120 tablets.",
        "min": 0,
        "max": "1",
        "base": {
          "path": "shr-core-MedicationRequest-model.numberOfRefillsAllowed",
          "min": 0,
          "max": "1"
        },
        "type": [
          {
            "code": "positiveInt"
          }
        ],
        "mustSupport": false,
        "isModifier": false,
        "isSummary": false
      },
      {
        "id": "shr-core-MedicationRequest-model.quantityPerDispense",
        "path": "shr-core-MedicationRequest-model.quantityPerDispense",
        "short": "The amount that is to be dispensed for one fill.",
        "definition": "The amount that is to be dispensed for one fill.",
        "min": 0,
        "max": "1",
        "base": {
          "path": "shr-core-MedicationRequest-model.quantityPerDispense",
          "min": 0,
          "max": "1"
        },
        "type": [
          {
            "code": "http://hl7.org/fhir/us/shr/StructureDefinition/shr-core-SimpleQuantity-model"
          }
        ],
        "mustSupport": false,
        "isModifier": false,
        "isSummary": false
      },
      {
        "id": "shr-core-MedicationRequest-model.supplyDuration",
        "path": "shr-core-MedicationRequest-model.supplyDuration",
        "code": [
          {
            "system": "http://ncimeta.nci.nih.gov",
            "code": "C0449238"
          }
        ],
        "short": "Identifies the period time over which the supplied product is expected to be used, or the length of time the dispense is expected to last.",
        "definition": "Identifies the period time over which the supplied product is expected to be used, or the length of time the dispense is expected to last.",
        "min": 0,
        "max": "1",
        "base": {
          "path": "shr-core-MedicationRequest-model.supplyDuration",
          "min": 0,
          "max": "1"
        },
        "type": [
          {
            "code": "http://hl7.org/fhir/us/shr/StructureDefinition/shr-core-Duration-model"
          }
        ],
        "mustSupport": false,
        "isModifier": false,
        "isSummary": false
      },
      {
        "id": "shr-core-MedicationRequest-model.substitutionAllowed",
        "path": "shr-core-MedicationRequest-model.substitutionAllowed",
        "short": "Whether substitution is allowed or not.",
        "definition": "Whether substitution is allowed or not.",
        "min": 0,
        "max": "1",
        "base": {
          "path": "shr-core-MedicationRequest-model.substitutionAllowed",
          "min": 0,
          "max": "1"
        },
        "type": [
          {
            "code": "boolean"
          }
        ],
        "mustSupport": false,
        "isModifier": false,
        "isSummary": false
      },
      {
        "id": "shr-core-MedicationRequest-model.substitutionReason",
        "path": "shr-core-MedicationRequest-model.substitutionReason",
        "short": "Why should (not) substitution be made.",
        "definition": "Why should (not) substitution be made.",
        "min": 0,
        "max": "1",
        "base": {
          "path": "shr-core-MedicationRequest-model.substitutionReason",
          "min": 0,
          "max": "1"
        },
        "type": [
          {
            "code": "Coding"
          }
        ],
        "mustSupport": false,
        "isModifier": false,
        "isSummary": false,
        "binding": {
          "strength": "required",
          "valueSetReference": {
            "reference": "http://hl7.org/fhir/ValueSet/v3-SubstanceAdminSubstitutionReason"
          }
        }
      },
      {
        "id": "shr-core-MedicationRequest-model.medicationReasonReference[x]",
        "path": "shr-core-MedicationRequest-model.medicationReasonReference[x]",
        "slicing": {
          "discriminator": [
            {
              "type": "type",
              "path": "$this"
            }
          ],
          "ordered": false,
          "rules": "open"
        },
        "short": "Condition or observation that supports why the medication is being/was taken",
        "definition": "Condition or observation that supports why the medication is being/was taken",
        "min": 0,
        "max": "1",
        "base": {
          "path": "shr-core-MedicationRequest-model.medicationReasonReference[x]",
          "min": 0,
          "max": "1"
        },
        "type": [
          {
            "code": "Reference",
            "targetProfile": "http://hl7.org/fhir/us/shr/StructureDefinition/shr-core-Condition-model"
          },
          {
            "code": "Reference",
            "targetProfile": "http://hl7.org/fhir/us/shr/StructureDefinition/shr-core-Observation-model"
          },
          {
            "code": "Reference",
            "targetProfile": "http://hl7.org/fhir/us/shr/StructureDefinition/shr-core-DiagnosticReport-model"
          }
        ],
        "mustSupport": false,
        "isModifier": false,
        "isSummary": false
      },
      {
        "id": "shr-core-MedicationRequest-model.medicationReasonReferenceShr-core-Condition-model:Condition",
        "path": "shr-core-MedicationRequest-model.medicationReasonReferenceShr-core-Condition-model",
        "sliceName": "Condition",
        "short": "A condition that is or may be present in a subject. 'Condition' is interpreted broadly and could be a disorder, abnormality, problem, injury, complaint, functionality, illness, disease, ailment, sickness, affliction, upset, difficulty, disorder, symptom, worry, or trouble.",
        "definition": "A condition that is or may be present in a subject. 'Condition' is interpreted broadly and could be a disorder, abnormality, problem, injury, complaint, functionality, illness, disease, ailment, sickness, affliction, upset, difficulty, disorder, symptom, worry, or trouble.\nThe Observation-based class, ConditionAbsent, should be used to describe conditions that are not present or negative findings.\nSHR Condition uses the SHR BodyLocation structure that includes not only a code, but optional laterality, direction, clock direction, and distance. If included, the distance is measured from the location specified by the code, laterality, and direction.",
        "min": 1,
        "max": "1",
        "base": {
          "path": "shr-core-MedicationRequest-model.medicationReasonReference[x]",
          "min": 0,
          "max": "1"
        },
        "type": [
          {
            "code": "Reference",
            "targetProfile": "http://hl7.org/fhir/us/shr/StructureDefinition/shr-core-Condition-model"
          }
        ],
        "mustSupport": false,
        "isModifier": false,
        "isSummary": false
      },
      {
        "id": "shr-core-MedicationRequest-model.medicationReasonReferenceShr-core-Observation-model:Observation",
        "path": "shr-core-MedicationRequest-model.medicationReasonReferenceShr-core-Observation-model",
        "sliceName": "Observation",
        "short": "Represents the result of evaluations (measurements, tests, or questions) that have been performed.",
        "definition": "Represents the result of evaluations (measurements, tests, or questions) that have been performed.\nObservation has a value representing the result (answer), or an DataAbsentReason indicating why the value is not present. Things observed about the subject can include social and behavioral factors, subjective and objective observations, and assessments.\nFor an Observation, the Code describes the aspect or property of the subject being observed or measured. The Code is the 'question code' that pairs to the 'answer' contained in the Value.",
        "min": 1,
        "max": "1",
        "base": {
          "path": "shr-core-MedicationRequest-model.medicationReasonReference[x]",
          "min": 0,
          "max": "1"
        },
        "type": [
          {
            "code": "Reference",
            "targetProfile": "http://hl7.org/fhir/us/shr/StructureDefinition/shr-core-Observation-model"
          }
        ],
        "mustSupport": false,
        "isModifier": false,
        "isSummary": false
      },
      {
        "id": "shr-core-MedicationRequest-model.medicationReasonReferenceShr-core-DiagnosticReport-model:DiagnosticReport",
        "path": "shr-core-MedicationRequest-model.medicationReasonReferenceShr-core-DiagnosticReport-model",
        "sliceName": "DiagnosticReport",
        "short": "DiagnosticReport",
        "definition": "DiagnosticReport",
        "min": 1,
        "max": "1",
        "base": {
          "path": "shr-core-MedicationRequest-model.medicationReasonReference[x]",
          "min": 0,
          "max": "1"
        },
        "type": [
          {
            "code": "Reference",
            "targetProfile": "http://hl7.org/fhir/us/shr/StructureDefinition/shr-core-DiagnosticReport-model"
          }
        ],
        "mustSupport": false,
        "isModifier": false,
        "isSummary": false
      }
    ]
  },
  "differential": {
    "element": [
      {
        "id": "shr-core-MedicationRequest-model",
        "path": "shr-core-MedicationRequest-model",
        "definition": "An order for a medication to be dispensed and instructions for use.\nValue sets for status are in direct conflict between DSTU2 Argonaut and STU3 US-Core.\nCategory does not exist in DSTU2 and is provided as an extension.\nIntent was added in STU3 and is provided as an extension with required binding.",
        "min": 0,
        "max": "*",
        "base": {
          "path": "shr-core-MedicationRequest-model",
          "min": 0,
          "max": "*"
        },
        "mustSupport": false,
        "isModifier": false,
        "isSummary": false
      },
      {
        "id": "shr-core-MedicationRequest-model.metadata",
        "path": "shr-core-MedicationRequest-model.metadata",
        "short": "Elements that belong to all information items.",
        "definition": "Elements that belong to all information items.",
        "min": 0,
        "max": "1",
        "base": {
          "path": "shr-core-MedicationRequest-model.metadata",
          "min": 0,
          "max": "1"
        },
        "type": [
          {
            "code": "http://hl7.org/fhir/us/shr/StructureDefinition/shr-core-Metadata-model"
          }
        ],
        "mustSupport": false,
        "isModifier": false,
        "isSummary": false
      },
      {
        "id": "shr-core-MedicationRequest-model.language",
        "path": "shr-core-MedicationRequest-model.language",
        "short": "A human language, spoken or written.",
        "definition": "A human language, spoken or written.",
        "min": 0,
        "max": "1",
        "base": {
          "path": "shr-core-MedicationRequest-model.language",
          "min": 0,
          "max": "1"
        },
        "type": [
          {
            "code": "Coding"
          }
        ],
        "mustSupport": false,
        "isModifier": false,
        "isSummary": false
      },
      {
        "id": "shr-core-MedicationRequest-model.implicitRules",
        "path": "shr-core-MedicationRequest-model.implicitRules",
        "short": "A set of rules under which this content was created",
        "definition": "A set of rules under which this content was created",
        "min": 0,
        "max": "1",
        "base": {
          "path": "shr-core-MedicationRequest-model.implicitRules",
          "min": 0,
          "max": "1"
        },
        "type": [
          {
            "code": "uri"
          }
        ],
        "mustSupport": false,
        "isModifier": false,
        "isSummary": false
      },
      {
        "id": "shr-core-MedicationRequest-model.narrative",
        "path": "shr-core-MedicationRequest-model.narrative",
        "short": "A human-readable narrative, potentially including images, that contains a summary of the resource, and may be used to represent the content of the resource to a human.",
        "definition": "A human-readable narrative, potentially including images, that contains a summary of the resource, and may be used to represent the content of the resource to a human.",
        "min": 0,
        "max": "1",
        "base": {
          "path": "shr-core-MedicationRequest-model.narrative",
          "min": 0,
          "max": "1"
        },
        "type": [
          {
            "code": "http://hl7.org/fhir/us/shr/StructureDefinition/shr-core-Narrative-model"
          }
        ],
        "mustSupport": false,
        "isModifier": false,
        "isSummary": false
      },
      {
        "id": "shr-core-MedicationRequest-model.status",
        "path": "shr-core-MedicationRequest-model.status",
        "short": "A state that relates to the workflow or interpretation of this resource. Certain status values can modify the meaning of the resource, for example, entered-in-error. When a boolean value is used, Status of true indicates the record is active, false means inactive.",
        "definition": "A state that relates to the workflow or interpretation of this resource. Certain status values can modify the meaning of the resource, for example, entered-in-error. When a boolean value is used, Status of true indicates the record is active, false means inactive.",
        "min": 1,
        "max": "1",
        "base": {
          "path": "shr-core-MedicationRequest-model.status",
          "min": 1,
          "max": "1"
        },
        "type": [
          {
            "code": "Coding"
          }
        ],
        "mustSupport": false,
        "isModifier": false,
        "isSummary": false
      },
      {
        "id": "shr-core-MedicationRequest-model.identifier",
        "path": "shr-core-MedicationRequest-model.identifier",
        "short": "Business identifier or external id for this resource.",
        "definition": "Business identifier or external id for this resource.",
        "min": 0,
        "max": "*",
        "base": {
          "path": "shr-core-MedicationRequest-model.identifier",
          "min": 0,
          "max": "*"
        },
        "type": [
          {
            "code": "http://hl7.org/fhir/us/shr/StructureDefinition/shr-core-Identifier-model"
          }
        ],
        "mustSupport": false,
        "isModifier": false,
        "isSummary": false
      },
      {
        "id": "shr-core-MedicationRequest-model.subjectOfRecord",
        "path": "shr-core-MedicationRequest-model.subjectOfRecord",
        "code": [
          {
            "system": "http://ncimeta.nci.nih.gov",
            "code": "C1299487"
          }
        ],
        "short": "The subject of a clinical statement, often called the Patient or the Subject. The SubjectOfRecord typically identifies the clinical record in which this statement is contained. If the statement should be in John Doe's patient record, then John Doe is the subject of record. When there is no patient, the SubjectOfRecord can also be a location, group, or other entity that statement pertains to. For example, observations concerning a hospital ward would have a Location as the SubjectOfRecord.",
        "definition": "The subject of a clinical statement, often called the Patient or the Subject. The SubjectOfRecord typically identifies the clinical record in which this statement is contained. If the statement should be in John Doe's patient record, then John Doe is the subject of record. When there is no patient, the SubjectOfRecord can also be a location, group, or other entity that statement pertains to. For example, observations concerning a hospital ward would have a Location as the SubjectOfRecord.\n\nNote that the word 'Subject' is used here in the sense of a person or entity subjected to observations or actions, not subject as in a conceptual topic, like heart disease.",
        "min": 1,
        "max": "1",
        "base": {
          "path": "shr-core-MedicationRequest-model.subjectOfRecord",
          "min": 1,
          "max": "1"
        },
        "type": [
          {
            "code": "Reference",
            "targetProfile": "http://hl7.org/fhir/us/shr/StructureDefinition/shr-core-Patient-model"
          }
        ],
        "mustSupport": false,
        "isModifier": false,
        "isSummary": false
      },
      {
        "id": "shr-core-MedicationRequest-model.careContext[x]",
        "path": "shr-core-MedicationRequest-model.careContext[x]",
        "short": "The encounter or episode of care",
        "definition": "The encounter or episode of care",
        "min": 0,
        "max": "1",
        "base": {
          "path": "shr-core-MedicationRequest-model.careContext[x]",
          "min": 0,
          "max": "1"
        },
        "type": [
          {
            "code": "Reference",
            "targetProfile": "http://hl7.org/fhir/us/shr/StructureDefinition/shr-core-Encounter-model"
          },
          {
            "code": "Reference",
            "targetProfile": "http://hl7.org/fhir/us/shr/StructureDefinition/shr-core-EpisodeOfCare-model"
          }
        ],
        "mustSupport": false,
        "isModifier": false,
        "isSummary": false
      },
      {
        "id": "shr-core-MedicationRequest-model.statementDateTime",
        "path": "shr-core-MedicationRequest-model.statementDateTime",
        "code": [
          {
            "system": "http://ncimeta.nci.nih.gov",
            "code": "C3669169"
          }
        ],
        "short": "The point in time when the statement was created.",
        "definition": "The point in time when the statement was created.",
        "min": 1,
        "max": "1",
        "base": {
          "path": "shr-core-MedicationRequest-model.statementDateTime",
          "min": 1,
          "max": "1"
        },
        "type": [
          {
            "code": "dateTime"
          }
        ],
        "mustSupport": false,
        "isModifier": false,
        "isSummary": false
      },
      {
        "id": "shr-core-MedicationRequest-model.reasonCode",
        "path": "shr-core-MedicationRequest-model.reasonCode",
        "code": [
          {
            "system": "http://ncimeta.nci.nih.gov",
            "code": "C0566251"
          }
        ],
        "short": "The explanation or justification for the current item or action, as a code.",
        "definition": "The explanation or justification for the current item or action, as a code.\nReason is a string or CodeableConcept in DSTU2 but in later versions only a CodeableConcept.",
        "min": 0,
        "max": "1",
        "base": {
          "path": "shr-core-MedicationRequest-model.reasonCode",
          "min": 0,
          "max": "1"
        },
        "type": [
          {
            "code": "Coding"
          }
        ],
        "mustSupport": false,
        "isModifier": false,
        "isSummary": false,
        "binding": {
          "strength": "example",
          "valueSetReference": {
            "reference": "http://hl7.org/fhir/ValueSet/condition-code"
          }
        }
      },
      {
        "id": "shr-core-MedicationRequest-model.reasonReference",
        "path": "shr-core-MedicationRequest-model.reasonReference",
        "short": "The justification, as reference to a condition or observation.",
        "definition": "The justification, as reference to a condition or observation.",
        "min": 0,
        "max": "*",
        "base": {
          "path": "shr-core-MedicationRequest-model.reasonReference",
          "min": 0,
          "max": "*"
        },
        "type": [
          {
            "code": "Reference",
            "targetProfile": "http://hl7.org/fhir/us/shr/StructureDefinition/shr-core-DomainResource-model"
          }
        ],
        "mustSupport": false,
        "isModifier": false,
        "isSummary": false
      },
      {
        "id": "shr-core-MedicationRequest-model.basedOn",
        "path": "shr-core-MedicationRequest-model.basedOn",
        "short": "The proposal, order, or plan that is partly or wholly fulfilled by this item.",
        "definition": "The proposal, order, or plan that is partly or wholly fulfilled by this item.",
        "min": 0,
        "max": "*",
        "base": {
          "path": "shr-core-MedicationRequest-model.basedOn",
          "min": 0,
          "max": "*"
        },
        "type": [
          {
            "code": "Reference",
            "targetProfile": "http://hl7.org/fhir/us/shr/StructureDefinition/shr-core-DomainResource-model"
          }
        ],
        "mustSupport": false,
        "isModifier": false,
        "isSummary": false
      },
      {
        "id": "shr-core-MedicationRequest-model.code",
        "path": "shr-core-MedicationRequest-model.code",
        "short": "The main type identifier for a lab, procedure, condition, etc., usually drawn from a controlled vocabulary.",
        "definition": "The main type identifier for a lab, procedure, condition, etc., usually drawn from a controlled vocabulary.",
        "min": 0,
        "max": "1",
        "base": {
          "path": "shr-core-MedicationRequest-model.code",
          "min": 0,
          "max": "1"
        },
        "type": [
          {
            "code": "Coding"
          }
        ],
        "mustSupport": false,
        "isModifier": false,
        "isSummary": false
      },
      {
        "id": "shr-core-MedicationRequest-model.category",
        "path": "shr-core-MedicationRequest-model.category",
        "short": "The general type or class of this item.",
        "definition": "The general type or class of this item.",
        "min": 0,
        "max": "1",
        "base": {
          "path": "shr-core-MedicationRequest-model.category",
          "min": 0,
          "max": "1"
        },
        "type": [
          {
            "code": "Coding"
          }
        ],
        "mustSupport": false,
        "isModifier": false,
        "isSummary": false,
        "binding": {
          "strength": "preferred",
          "valueSetReference": {
            "reference": "http://hl7.org/fhir/ValueSet/medication-admin-category"
          }
        }
      },
      {
        "id": "shr-core-MedicationRequest-model.requester[x]",
        "path": "shr-core-MedicationRequest-model.requester[x]",
        "short": "The person or organization originating this referral",
        "definition": "The person or organization originating this referral",
        "min": 1,
        "max": "1",
        "base": {
          "path": "shr-core-MedicationRequest-model.requester[x]",
          "min": 1,
          "max": "1"
        },
        "type": [
          {
            "code": "Reference",
            "targetProfile": "http://hl7.org/fhir/us/shr/StructureDefinition/shr-core-Practitioner-model"
          },
          {
            "code": "Reference",
            "targetProfile": "http://hl7.org/fhir/us/shr/StructureDefinition/shr-core-Organization-model"
          },
          {
            "code": "Reference",
            "targetProfile": "http://hl7.org/fhir/us/shr/StructureDefinition/shr-core-Patient-model"
          },
          {
            "code": "Reference",
            "targetProfile": "http://hl7.org/fhir/us/shr/StructureDefinition/shr-core-RelatedPerson-model"
          },
          {
            "code": "Reference",
            "targetProfile": "http://hl7.org/fhir/us/shr/StructureDefinition/shr-core-Device-model"
          }
        ],
        "mustSupport": false,
        "isModifier": false,
        "isSummary": false
      },
      {
        "id": "shr-core-MedicationRequest-model.requestIntent",
        "path": "shr-core-MedicationRequest-model.requestIntent",
        "short": "Indicates the level of authority/intentionality associated with the request and where the request fits into the workflow chain.",
        "definition": "Indicates the level of authority/intentionality associated with the request and where the request fits into the workflow chain.",
        "min": 1,
        "max": "1",
        "base": {
          "path": "shr-core-MedicationRequest-model.requestIntent",
          "min": 1,
          "max": "1"
        },
        "type": [
          {
            "code": "Coding"
          }
        ],
        "mustSupport": false,
        "isModifier": false,
        "isSummary": false,
        "binding": {
          "strength": "required",
          "valueSetReference": {
            "reference": "http://hl7.org/fhir/ValueSet/medication-request-intent"
          }
        }
      },
      {
        "id": "shr-core-MedicationRequest-model.expectedPerformanceTime",
        "path": "shr-core-MedicationRequest-model.expectedPerformanceTime",
        "short": "When an action should be done. If the action is a series or recurs (e.g. daily blood sugar testing in the morning) then a Timing can be used to describe the periodicity.",
        "definition": "When an action should be done. If the action is a series or recurs (e.g. daily blood sugar testing in the morning) then a Timing can be used to describe the periodicity.",
        "min": 0,
        "max": "1",
        "base": {
          "path": "shr-core-MedicationRequest-model.expectedPerformanceTime",
          "min": 0,
          "max": "1"
        },
        "type": [
          {
            "code": "http://hl7.org/fhir/us/shr/StructureDefinition/shr-core-TimePeriod-model"
          }
        ],
        "mustSupport": false,
        "isModifier": false,
        "isSummary": false
      },
      {
        "id": "shr-core-MedicationRequest-model.expectedPerformer",
        "path": "shr-core-MedicationRequest-model.expectedPerformer",
        "short": "Who this request is being addressed to.",
        "definition": "Who this request is being addressed to.",
        "min": 0,
        "max": "*",
        "base": {
          "path": "shr-core-MedicationRequest-model.expectedPerformer",
          "min": 0,
          "max": "*"
        },
        "type": [
          {
            "code": "Reference",
            "targetProfile": "http://hl7.org/fhir/us/shr/StructureDefinition/shr-core-Organization-model"
          }
        ],
        "mustSupport": false,
        "isModifier": false,
        "isSummary": false
      },
      {
        "id": "shr-core-MedicationRequest-model.expectedPerformerType",
        "path": "shr-core-MedicationRequest-model.expectedPerformerType",
        "short": "What type of party should carry out the testing.",
        "definition": "What type of party should carry out the testing.",
        "min": 0,
        "max": "0",
        "base": {
          "path": "shr-core-MedicationRequest-model.expectedPerformerType",
          "min": 0,
          "max": "0"
        },
        "type": [
          {
            "code": "Coding"
          }
        ],
        "mustSupport": false,
        "isModifier": false,
        "isSummary": false
      },
      {
        "id": "shr-core-MedicationRequest-model.priorityCode[x]",
        "path": "shr-core-MedicationRequest-model.priorityCode[x]",
        "slicing": {
          "discriminator": [
            {
              "type": "type",
              "path": "$this"
            }
          ],
          "ordered": false,
          "rules": "open"
        },
        "short": "An indication of the importance of an action relative to other actions.",
        "definition": "An indication of the importance of an action relative to other actions.",
        "min": 0,
        "max": "1",
        "base": {
          "path": "shr-core-MedicationRequest-model.priorityCode[x]",
          "min": 0,
          "max": "1"
        },
        "type": [
          {
            "code": "positiveInt"
          },
          {
            "code": "Coding"
          }
        ],
        "mustSupport": false,
        "isModifier": false,
        "isSummary": false
      },
      {
        "id": "shr-core-MedicationRequest-model.priorityCodeCoding:codeableConcept",
        "path": "shr-core-MedicationRequest-model.priorityCodeCoding",
        "sliceName": "codeableConcept",
        "short": "PositiveInt or code representing an indication of the importance of an action relative to other actions.",
        "definition": "PositiveInt or code representing an indication of the importance of an action relative to other actions.",
        "min": 1,
        "max": "1",
        "base": {
          "path": "shr-core-MedicationRequest-model.priorityCodeCoding",
          "min": 1,
          "max": "1"
        },
        "type": [
          {
            "code": "Coding"
          }
        ],
        "mustSupport": false,
        "isModifier": false,
        "isSummary": false,
        "binding": {
          "strength": "required",
          "valueSetReference": {
            "reference": "http://hl7.org/fhir/ValueSet/medication-request-priority"
          }
        }
      },
      {
        "id": "shr-core-MedicationRequest-model.annotation",
        "path": "shr-core-MedicationRequest-model.annotation",
        "short": "An added or follow-up note, often after the fact, that contains metadata about who made the statement and when.",
        "definition": "An added or follow-up note, often after the fact, that contains metadata about who made the statement and when.",
        "min": 0,
        "max": "1",
        "base": {
          "path": "shr-core-MedicationRequest-model.annotation",
          "min": 0,
          "max": "1"
        },
        "type": [
          {
            "code": "http://hl7.org/fhir/us/shr/StructureDefinition/shr-core-Annotation-model"
          }
        ],
        "mustSupport": false,
        "isModifier": false,
        "isSummary": false
      },
      {
        "id": "shr-core-MedicationRequest-model.medicationCodeOrReference[x]",
        "path": "shr-core-MedicationRequest-model.medicationCodeOrReference[x]",
        "slicing": {
          "discriminator": [
            {
              "type": "type",
              "path": "$this"
            }
          ],
          "ordered": false,
          "rules": "open"
        },
        "short": "A choice of a medication code or reference.",
        "definition": "A choice of a medication code or reference.",
        "min": 1,
        "max": "1",
        "base": {
          "path": "shr-core-MedicationRequest-model.medicationCodeOrReference[x]",
          "min": 1,
          "max": "1"
        },
        "type": [
          {
            "code": "Coding"
          },
          {
            "code": "Reference",
            "targetProfile": "http://hl7.org/fhir/us/shr/StructureDefinition/shr-core-Medication-model"
          }
        ],
        "mustSupport": false,
        "isModifier": false,
        "isSummary": false
      },
      {
        "id": "shr-core-MedicationRequest-model.medicationCodeOrReferenceCoding:CodeableConcept",
        "path": "shr-core-MedicationRequest-model.medicationCodeOrReferenceCoding",
        "sliceName": "CodeableConcept",
        "short": "A set of codes drawn from different coding systems, representing the same concept.",
        "definition": "A set of codes drawn from different coding systems, representing the same concept.",
        "min": 1,
        "max": "1",
        "base": {
          "path": "shr-core-MedicationRequest-model.medicationCodeOrReference[x]",
          "min": 1,
          "max": "1"
        },
        "type": [
          {
            "code": "Coding"
          }
        ],
        "mustSupport": false,
        "isModifier": false,
        "isSummary": false,
        "binding": {
          "strength": "extensible",
          "valueSetReference": {
            "reference": "http://h7.org/fhir/us/core/ValueSet/us-core-medication-codes"
          }
        }
      },
      {
        "id": "shr-core-MedicationRequest-model.dosage",
        "path": "shr-core-MedicationRequest-model.dosage",
        "short": "The dosage of the medication. The data structure is flexible and can describe a dosage prescribed, administered, or reported.",
        "definition": "The dosage of the medication. The data structure is flexible and can describe a dosage prescribed, administered, or reported.",
        "min": 0,
        "max": "1",
        "base": {
          "path": "shr-core-MedicationRequest-model.dosage",
          "min": 0,
          "max": "1"
        },
        "type": [
          {
            "code": "http://hl7.org/fhir/us/shr/StructureDefinition/shr-core-Dosage-model"
          }
        ],
        "mustSupport": false,
        "isModifier": false,
        "isSummary": false
      },
      {
        "id": "shr-core-MedicationRequest-model.numberOfRefillsAllowed",
        "path": "shr-core-MedicationRequest-model.numberOfRefillsAllowed",
        "short": "The maximum number of times the dispense can be repeated. For medication dispense, this integer does NOT include the original order dispense. This means that if an order indicates dispense 30 tablets plus 3 repeats, then the order can be dispensed a total of 4 times and the patient can receive a total of 120 tablets.",
        "definition": "The maximum number of times the dispense can be repeated. For medication dispense, this integer does NOT include the original order dispense. This means that if an order indicates dispense 30 tablets plus 3 repeats, then the order can be dispensed a total of 4 times and the patient can receive a total of 120 tablets.",
        "min": 0,
        "max": "1",
        "base": {
          "path": "shr-core-MedicationRequest-model.numberOfRefillsAllowed",
          "min": 0,
          "max": "1"
        },
        "type": [
          {
            "code": "positiveInt"
          }
        ],
        "mustSupport": false,
        "isModifier": false,
        "isSummary": false
      },
      {
        "id": "shr-core-MedicationRequest-model.quantityPerDispense",
        "path": "shr-core-MedicationRequest-model.quantityPerDispense",
        "short": "The amount that is to be dispensed for one fill.",
        "definition": "The amount that is to be dispensed for one fill.",
        "min": 0,
        "max": "1",
        "base": {
          "path": "shr-core-MedicationRequest-model.quantityPerDispense",
          "min": 0,
          "max": "1"
        },
        "type": [
          {
            "code": "http://hl7.org/fhir/us/shr/StructureDefinition/shr-core-SimpleQuantity-model"
          }
        ],
        "mustSupport": false,
        "isModifier": false,
        "isSummary": false
      },
      {
        "id": "shr-core-MedicationRequest-model.supplyDuration",
        "path": "shr-core-MedicationRequest-model.supplyDuration",
        "code": [
          {
            "system": "http://ncimeta.nci.nih.gov",
            "code": "C0449238"
          }
        ],
        "short": "Identifies the period time over which the supplied product is expected to be used, or the length of time the dispense is expected to last.",
        "definition": "Identifies the period time over which the supplied product is expected to be used, or the length of time the dispense is expected to last.",
        "min": 0,
        "max": "1",
        "base": {
          "path": "shr-core-MedicationRequest-model.supplyDuration",
          "min": 0,
          "max": "1"
        },
        "type": [
          {
            "code": "http://hl7.org/fhir/us/shr/StructureDefinition/shr-core-Duration-model"
          }
        ],
        "mustSupport": false,
        "isModifier": false,
        "isSummary": false
      },
      {
        "id": "shr-core-MedicationRequest-model.substitutionAllowed",
        "path": "shr-core-MedicationRequest-model.substitutionAllowed",
        "short": "Whether substitution is allowed or not.",
        "definition": "Whether substitution is allowed or not.",
        "min": 0,
        "max": "1",
        "base": {
          "path": "shr-core-MedicationRequest-model.substitutionAllowed",
          "min": 0,
          "max": "1"
        },
        "type": [
          {
            "code": "boolean"
          }
        ],
        "mustSupport": false,
        "isModifier": false,
        "isSummary": false
      },
      {
        "id": "shr-core-MedicationRequest-model.substitutionReason",
        "path": "shr-core-MedicationRequest-model.substitutionReason",
        "short": "Why should (not) substitution be made.",
        "definition": "Why should (not) substitution be made.",
        "min": 0,
        "max": "1",
        "base": {
          "path": "shr-core-MedicationRequest-model.substitutionReason",
          "min": 0,
          "max": "1"
        },
        "type": [
          {
            "code": "Coding"
          }
        ],
        "mustSupport": false,
        "isModifier": false,
        "isSummary": false,
        "binding": {
          "strength": "required",
          "valueSetReference": {
            "reference": "http://hl7.org/fhir/ValueSet/v3-SubstanceAdminSubstitutionReason"
          }
        }
      },
      {
        "id": "shr-core-MedicationRequest-model.medicationReasonReference[x]",
        "path": "shr-core-MedicationRequest-model.medicationReasonReference[x]",
        "slicing": {
          "discriminator": [
            {
              "type": "type",
              "path": "$this"
            }
          ],
          "ordered": false,
          "rules": "open"
        },
        "short": "Condition or observation that supports why the medication is being/was taken",
        "definition": "Condition or observation that supports why the medication is being/was taken",
        "min": 0,
        "max": "1",
        "base": {
          "path": "shr-core-MedicationRequest-model.medicationReasonReference[x]",
          "min": 0,
          "max": "1"
        },
        "type": [
          {
            "code": "Reference",
            "targetProfile": "http://hl7.org/fhir/us/shr/StructureDefinition/shr-core-Condition-model"
          },
          {
            "code": "Reference",
            "targetProfile": "http://hl7.org/fhir/us/shr/StructureDefinition/shr-core-Observation-model"
          },
          {
            "code": "Reference",
            "targetProfile": "http://hl7.org/fhir/us/shr/StructureDefinition/shr-core-DiagnosticReport-model"
          }
        ],
        "mustSupport": false,
        "isModifier": false,
        "isSummary": false
      },
      {
        "id": "shr-core-MedicationRequest-model.medicationReasonReferenceShr-core-Condition-model:Condition",
        "path": "shr-core-MedicationRequest-model.medicationReasonReferenceShr-core-Condition-model",
        "sliceName": "Condition",
        "short": "A condition that is or may be present in a subject. 'Condition' is interpreted broadly and could be a disorder, abnormality, problem, injury, complaint, functionality, illness, disease, ailment, sickness, affliction, upset, difficulty, disorder, symptom, worry, or trouble.",
        "definition": "A condition that is or may be present in a subject. 'Condition' is interpreted broadly and could be a disorder, abnormality, problem, injury, complaint, functionality, illness, disease, ailment, sickness, affliction, upset, difficulty, disorder, symptom, worry, or trouble.\nThe Observation-based class, ConditionAbsent, should be used to describe conditions that are not present or negative findings.\nSHR Condition uses the SHR BodyLocation structure that includes not only a code, but optional laterality, direction, clock direction, and distance. If included, the distance is measured from the location specified by the code, laterality, and direction.",
        "min": 1,
        "max": "1",
        "base": {
          "path": "shr-core-MedicationRequest-model.medicationReasonReference[x]",
          "min": 0,
          "max": "1"
        },
        "type": [
          {
            "code": "Reference",
            "targetProfile": "http://hl7.org/fhir/us/shr/StructureDefinition/shr-core-Condition-model"
          }
        ],
        "mustSupport": false,
        "isModifier": false,
        "isSummary": false
      },
      {
        "id": "shr-core-MedicationRequest-model.medicationReasonReferenceShr-core-Observation-model:Observation",
        "path": "shr-core-MedicationRequest-model.medicationReasonReferenceShr-core-Observation-model",
        "sliceName": "Observation",
        "short": "Represents the result of evaluations (measurements, tests, or questions) that have been performed.",
        "definition": "Represents the result of evaluations (measurements, tests, or questions) that have been performed.\nObservation has a value representing the result (answer), or an DataAbsentReason indicating why the value is not present. Things observed about the subject can include social and behavioral factors, subjective and objective observations, and assessments.\nFor an Observation, the Code describes the aspect or property of the subject being observed or measured. The Code is the 'question code' that pairs to the 'answer' contained in the Value.",
        "min": 1,
        "max": "1",
        "base": {
          "path": "shr-core-MedicationRequest-model.medicationReasonReference[x]",
          "min": 0,
          "max": "1"
        },
        "type": [
          {
            "code": "Reference",
            "targetProfile": "http://hl7.org/fhir/us/shr/StructureDefinition/shr-core-Observation-model"
          }
        ],
        "mustSupport": false,
        "isModifier": false,
        "isSummary": false
      },
      {
        "id": "shr-core-MedicationRequest-model.medicationReasonReferenceShr-core-DiagnosticReport-model:DiagnosticReport",
        "path": "shr-core-MedicationRequest-model.medicationReasonReferenceShr-core-DiagnosticReport-model",
        "sliceName": "DiagnosticReport",
        "short": "DiagnosticReport",
        "definition": "DiagnosticReport",
        "min": 1,
        "max": "1",
        "base": {
          "path": "shr-core-MedicationRequest-model.medicationReasonReference[x]",
          "min": 0,
          "max": "1"
        },
        "type": [
          {
            "code": "Reference",
            "targetProfile": "http://hl7.org/fhir/us/shr/StructureDefinition/shr-core-DiagnosticReport-model"
          }
        ],
        "mustSupport": false,
        "isModifier": false,
        "isSummary": false
      }
    ]
  }
}