{
  "resourceType": "StructureDefinition",
  "id": "shr-core-Currency-model",
  "text": {
    "status": "generated",
    "div": "<div xmlns=\"http://www.w3.org/1999/xhtml\">\n  <p><b>Currency Logical Model</b></p>\n  <p>ISO 4217 Currency Code</p>\n</div>"
  },
  "url": "http://hl7.org/fhir/us/shr/StructureDefinition/shr-core-Currency-model",
  "identifier": [
    {
      "system": "http://hl7.org/fhir/us/shrcore",
      "value": "shr.core.Currency"
    }
  ],
  "version": "0.5.0",
  "name": "Currency",
  "title": "shr-core-Currency",
  "status": "draft",
  "date": "2019-05-01T00:00:00-04:00",
  "publisher": "The MITRE Corporation",
  "contact": [
    {
      "telecom": [
        {
          "system": "url",
          "value": "http://www.standardhealthrecord.org"
        }
      ]
    }
  ],
  "description": "ISO 4217 Currency Code",
  "kind": "logical",
  "abstract": false,
  "type": "shr-core-Currency-model",
  "baseDefinition": "http://hl7.org/fhir/StructureDefinition/Element",
  "derivation": "specialization",
  "snapshot": {
    "element": [
      {
        "id": "shr-core-Currency-model",
        "path": "shr-core-Currency-model",
        "definition": "ISO 4217 Currency Code",
        "min": 0,
        "max": "*",
        "base": {
          "path": "shr-core-Currency-model",
          "min": 0,
          "max": "*"
        },
        "mustSupport": false,
        "isModifier": false,
        "isSummary": false
      },
      {
        "id": "shr-core-Currency-model.value",
        "path": "shr-core-Currency-model.value",
        "short": "Code representing iSO 4217 Currency Code",
        "definition": "Code representing iSO 4217 Currency Code",
        "min": 1,
        "max": "1",
        "base": {
          "path": "shr-core-Currency-model.value",
          "min": 1,
          "max": "1"
        },
        "type": [
          {
            "code": "code"
          }
        ],
        "mustSupport": false,
        "isModifier": false,
        "isSummary": false,
        "binding": {
          "strength": "required",
          "valueSetUri": "https://www.iso.org/iso-4217-currency-codes.html"
        }
      }
    ]
  },
  "differential": {
    "element": [
      {
        "id": "shr-core-Currency-model",
        "path": "shr-core-Currency-model",
        "definition": "ISO 4217 Currency Code",
        "min": 0,
        "max": "*",
        "base": {
          "path": "shr-core-Currency-model",
          "min": 0,
          "max": "*"
        },
        "mustSupport": false,
        "isModifier": false,
        "isSummary": false
      },
      {
        "id": "shr-core-Currency-model.value",
        "path": "shr-core-Currency-model.value",
        "short": "Code representing iSO 4217 Currency Code",
        "definition": "Code representing iSO 4217 Currency Code",
        "min": 1,
        "max": "1",
        "base": {
          "path": "shr-core-Currency-model.value",
          "min": 1,
          "max": "1"
        },
        "type": [
          {
            "code": "code"
          }
        ],
        "mustSupport": false,
        "isModifier": false,
        "isSummary": false,
        "binding": {
          "strength": "required",
          "valueSetUri": "https://www.iso.org/iso-4217-currency-codes.html"
        }
      }
    ]
  }
}