{
  "resourceType": "StructureDefinition",
  "id": "shr-core-GivenName-model",
  "text": {
    "status": "generated",
    "div": "<div xmlns=\"http://www.w3.org/1999/xhtml\">\n  <p><b>GivenName Logical Model</b></p>\n  <p>The person's given name - e.g., John</p>\n</div>"
  },
  "url": "http://hl7.org/fhir/us/shr/StructureDefinition/shr-core-GivenName-model",
  "identifier": [
    {
      "system": "http://hl7.org/fhir/us/shrcore",
      "value": "shr.core.GivenName"
    }
  ],
  "version": "0.6.0",
  "name": "GivenName",
  "title": "shr-core-GivenName",
  "status": "draft",
  "date": "2019-05-07T00:00:00-04:00",
  "publisher": "The MITRE Corporation",
  "contact": [
    {
      "telecom": [
        {
          "system": "url",
          "value": "http://www.standardhealthrecord.org"
        }
      ]
    }
  ],
  "description": "The person's given name - e.g., John",
  "keyword": [
    {
      "system": "http://loinc.org",
      "code": "45392-8"
    },
    {
      "system": "http://snomed.info/sct",
      "code": "408677003"
    }
  ],
  "kind": "logical",
  "abstract": false,
  "type": "shr-core-GivenName-model",
  "baseDefinition": "http://hl7.org/fhir/StructureDefinition/Element",
  "derivation": "specialization",
  "snapshot": {
    "element": [
      {
        "id": "shr-core-GivenName-model",
        "path": "shr-core-GivenName-model",
        "definition": "The person's given name - e.g., John",
        "min": 0,
        "max": "*",
        "base": {
          "path": "shr-core-GivenName-model",
          "min": 0,
          "max": "*"
        },
        "mustSupport": false,
        "isModifier": false,
        "isSummary": false
      },
      {
        "id": "shr-core-GivenName-model.value",
        "path": "shr-core-GivenName-model.value",
        "short": "String representing the person's given name - e.g., John",
        "definition": "String representing the person's given name - e.g., John",
        "min": 1,
        "max": "1",
        "base": {
          "path": "shr-core-GivenName-model.value",
          "min": 1,
          "max": "1"
        },
        "type": [
          {
            "code": "string"
          }
        ],
        "mustSupport": false,
        "isModifier": false,
        "isSummary": false
      }
    ]
  },
  "differential": {
    "element": [
      {
        "id": "shr-core-GivenName-model",
        "path": "shr-core-GivenName-model",
        "definition": "The person's given name - e.g., John",
        "min": 0,
        "max": "*",
        "base": {
          "path": "shr-core-GivenName-model",
          "min": 0,
          "max": "*"
        },
        "mustSupport": false,
        "isModifier": false,
        "isSummary": false
      },
      {
        "id": "shr-core-GivenName-model.value",
        "path": "shr-core-GivenName-model.value",
        "short": "String representing the person's given name - e.g., John",
        "definition": "String representing the person's given name - e.g., John",
        "min": 1,
        "max": "1",
        "base": {
          "path": "shr-core-GivenName-model.value",
          "min": 1,
          "max": "1"
        },
        "type": [
          {
            "code": "string"
          }
        ],
        "mustSupport": false,
        "isModifier": false,
        "isSummary": false
      }
    ]
  }
}