{
  "resourceType": "StructureDefinition",
  "id": "shr-core-ValueSetExpansion-model",
  "text": {
    "status": "generated",
    "div": "<div xmlns=\"http://www.w3.org/1999/xhtml\">\n  <p><b>ValueSetExpansion Logical Model</b></p>\n  <p>The value set turned into a simple collection of enumerated codes. This element holds the expansion, if it has been performed.</p>\n</div>"
  },
  "url": "http://hl7.org/fhir/us/shr/StructureDefinition/shr-core-ValueSetExpansion-model",
  "identifier": [
    {
      "system": "http://hl7.org/fhir/us/shrcore",
      "value": "shr.core.ValueSetExpansion"
    }
  ],
  "version": "0.5.0",
  "name": "ValueSetExpansion",
  "title": "shr-core-ValueSetExpansion",
  "status": "draft",
  "date": "2019-05-01T00:00:00-04:00",
  "publisher": "The MITRE Corporation",
  "contact": [
    {
      "telecom": [
        {
          "system": "url",
          "value": "http://www.standardhealthrecord.org"
        }
      ]
    }
  ],
  "description": "The value set turned into a simple collection of enumerated codes. This element holds the expansion, if it has been performed.",
  "kind": "logical",
  "abstract": false,
  "type": "shr-core-ValueSetExpansion-model",
  "baseDefinition": "http://hl7.org/fhir/StructureDefinition/Element",
  "derivation": "specialization",
  "snapshot": {
    "element": [
      {
        "id": "shr-core-ValueSetExpansion-model",
        "path": "shr-core-ValueSetExpansion-model",
        "definition": "The value set turned into a simple collection of enumerated codes. This element holds the expansion, if it has been performed.",
        "min": 0,
        "max": "*",
        "base": {
          "path": "shr-core-ValueSetExpansion-model",
          "min": 0,
          "max": "*"
        },
        "mustSupport": false,
        "isModifier": false,
        "isSummary": false
      },
      {
        "id": "shr-core-ValueSetExpansion-model.url",
        "path": "shr-core-ValueSetExpansion-model.url",
        "short": "A unique URL on which the device may be contacted directly.",
        "definition": "A unique URL on which the device may be contacted directly.",
        "min": 0,
        "max": "1",
        "base": {
          "path": "shr-core-ValueSetExpansion-model.url",
          "min": 0,
          "max": "1"
        },
        "type": [
          {
            "code": "uri"
          }
        ],
        "mustSupport": false,
        "isModifier": false,
        "isSummary": false
      },
      {
        "id": "shr-core-ValueSetExpansion-model.creationDateTime",
        "path": "shr-core-ValueSetExpansion-model.creationDateTime",
        "code": [
          {
            "system": "http://ncimeta.nci.nih.gov",
            "code": "C3669169"
          }
        ],
        "short": "The point in time when the item was created.",
        "definition": "The point in time when the item was created.",
        "min": 1,
        "max": "1",
        "base": {
          "path": "shr-core-ValueSetExpansion-model.creationDateTime",
          "min": 1,
          "max": "1"
        },
        "type": [
          {
            "code": "dateTime"
          }
        ],
        "mustSupport": false,
        "isModifier": false,
        "isSummary": false
      },
      {
        "id": "shr-core-ValueSetExpansion-model.totalCount",
        "path": "shr-core-ValueSetExpansion-model.totalCount",
        "short": "Total number of items.",
        "definition": "Total number of items.",
        "min": 0,
        "max": "1",
        "base": {
          "path": "shr-core-ValueSetExpansion-model.totalCount",
          "min": 0,
          "max": "1"
        },
        "type": [
          {
            "code": "integer"
          }
        ],
        "mustSupport": false,
        "isModifier": false,
        "isSummary": false
      },
      {
        "id": "shr-core-ValueSetExpansion-model.offset",
        "path": "shr-core-ValueSetExpansion-model.offset",
        "short": "If paging is being used, the offset at which this resource starts. I.e. this resource is a partial view into the expansion. If paging is not being used, this element SHALL NOT be present.",
        "definition": "If paging is being used, the offset at which this resource starts. I.e. this resource is a partial view into the expansion. If paging is not being used, this element SHALL NOT be present.",
        "min": 0,
        "max": "1",
        "base": {
          "path": "shr-core-ValueSetExpansion-model.offset",
          "min": 0,
          "max": "1"
        },
        "type": [
          {
            "code": "integer"
          }
        ],
        "mustSupport": false,
        "isModifier": false,
        "isSummary": false
      },
      {
        "id": "shr-core-ValueSetExpansion-model.expansionParameter",
        "path": "shr-core-ValueSetExpansion-model.expansionParameter",
        "short": "A parameter that controlled the expansion process. These parameters may be used by users of expanded value sets to check whether the expansion is suitable for a particular purpose, or to pick the correct expansion.",
        "definition": "A parameter that controlled the expansion process. These parameters may be used by users of expanded value sets to check whether the expansion is suitable for a particular purpose, or to pick the correct expansion.",
        "min": 0,
        "max": "*",
        "base": {
          "path": "shr-core-ValueSetExpansion-model.expansionParameter",
          "min": 0,
          "max": "*"
        },
        "type": [
          {
            "code": "http://hl7.org/fhir/us/shr/StructureDefinition/shr-core-ExpansionParameter-model"
          }
        ],
        "mustSupport": false,
        "isModifier": false,
        "isSummary": false
      },
      {
        "id": "shr-core-ValueSetExpansion-model.expansionCoding",
        "path": "shr-core-ValueSetExpansion-model.expansionCoding",
        "short": "The codes that are contained in the value set expansion.",
        "definition": "The codes that are contained in the value set expansion.",
        "min": 0,
        "max": "*",
        "base": {
          "path": "shr-core-ValueSetExpansion-model.expansionCoding",
          "min": 0,
          "max": "*"
        },
        "type": [
          {
            "code": "http://hl7.org/fhir/us/shr/StructureDefinition/shr-core-ExpansionCoding-model"
          }
        ],
        "mustSupport": false,
        "isModifier": false,
        "isSummary": false
      }
    ]
  },
  "differential": {
    "element": [
      {
        "id": "shr-core-ValueSetExpansion-model",
        "path": "shr-core-ValueSetExpansion-model",
        "definition": "The value set turned into a simple collection of enumerated codes. This element holds the expansion, if it has been performed.",
        "min": 0,
        "max": "*",
        "base": {
          "path": "shr-core-ValueSetExpansion-model",
          "min": 0,
          "max": "*"
        },
        "mustSupport": false,
        "isModifier": false,
        "isSummary": false
      },
      {
        "id": "shr-core-ValueSetExpansion-model.url",
        "path": "shr-core-ValueSetExpansion-model.url",
        "short": "A unique URL on which the device may be contacted directly.",
        "definition": "A unique URL on which the device may be contacted directly.",
        "min": 0,
        "max": "1",
        "base": {
          "path": "shr-core-ValueSetExpansion-model.url",
          "min": 0,
          "max": "1"
        },
        "type": [
          {
            "code": "uri"
          }
        ],
        "mustSupport": false,
        "isModifier": false,
        "isSummary": false
      },
      {
        "id": "shr-core-ValueSetExpansion-model.creationDateTime",
        "path": "shr-core-ValueSetExpansion-model.creationDateTime",
        "code": [
          {
            "system": "http://ncimeta.nci.nih.gov",
            "code": "C3669169"
          }
        ],
        "short": "The point in time when the item was created.",
        "definition": "The point in time when the item was created.",
        "min": 1,
        "max": "1",
        "base": {
          "path": "shr-core-ValueSetExpansion-model.creationDateTime",
          "min": 1,
          "max": "1"
        },
        "type": [
          {
            "code": "dateTime"
          }
        ],
        "mustSupport": false,
        "isModifier": false,
        "isSummary": false
      },
      {
        "id": "shr-core-ValueSetExpansion-model.totalCount",
        "path": "shr-core-ValueSetExpansion-model.totalCount",
        "short": "Total number of items.",
        "definition": "Total number of items.",
        "min": 0,
        "max": "1",
        "base": {
          "path": "shr-core-ValueSetExpansion-model.totalCount",
          "min": 0,
          "max": "1"
        },
        "type": [
          {
            "code": "integer"
          }
        ],
        "mustSupport": false,
        "isModifier": false,
        "isSummary": false
      },
      {
        "id": "shr-core-ValueSetExpansion-model.offset",
        "path": "shr-core-ValueSetExpansion-model.offset",
        "short": "If paging is being used, the offset at which this resource starts. I.e. this resource is a partial view into the expansion. If paging is not being used, this element SHALL NOT be present.",
        "definition": "If paging is being used, the offset at which this resource starts. I.e. this resource is a partial view into the expansion. If paging is not being used, this element SHALL NOT be present.",
        "min": 0,
        "max": "1",
        "base": {
          "path": "shr-core-ValueSetExpansion-model.offset",
          "min": 0,
          "max": "1"
        },
        "type": [
          {
            "code": "integer"
          }
        ],
        "mustSupport": false,
        "isModifier": false,
        "isSummary": false
      },
      {
        "id": "shr-core-ValueSetExpansion-model.expansionParameter",
        "path": "shr-core-ValueSetExpansion-model.expansionParameter",
        "short": "A parameter that controlled the expansion process. These parameters may be used by users of expanded value sets to check whether the expansion is suitable for a particular purpose, or to pick the correct expansion.",
        "definition": "A parameter that controlled the expansion process. These parameters may be used by users of expanded value sets to check whether the expansion is suitable for a particular purpose, or to pick the correct expansion.",
        "min": 0,
        "max": "*",
        "base": {
          "path": "shr-core-ValueSetExpansion-model.expansionParameter",
          "min": 0,
          "max": "*"
        },
        "type": [
          {
            "code": "http://hl7.org/fhir/us/shr/StructureDefinition/shr-core-ExpansionParameter-model"
          }
        ],
        "mustSupport": false,
        "isModifier": false,
        "isSummary": false
      },
      {
        "id": "shr-core-ValueSetExpansion-model.expansionCoding",
        "path": "shr-core-ValueSetExpansion-model.expansionCoding",
        "short": "The codes that are contained in the value set expansion.",
        "definition": "The codes that are contained in the value set expansion.",
        "min": 0,
        "max": "*",
        "base": {
          "path": "shr-core-ValueSetExpansion-model.expansionCoding",
          "min": 0,
          "max": "*"
        },
        "type": [
          {
            "code": "http://hl7.org/fhir/us/shr/StructureDefinition/shr-core-ExpansionCoding-model"
          }
        ],
        "mustSupport": false,
        "isModifier": false,
        "isSummary": false
      }
    ]
  }
}