{
  "resourceType": "StructureDefinition",
  "id": "shr-core-ContactPerson-extension",
  "text": {
    "status": "generated",
    "div": "<div xmlns=\"http://www.w3.org/1999/xhtml\">\n  <p><b>ContactPerson Extension</b></p>\n  <p>A contact party (e.g. guardian, partner, friend) for the person</p>\n</div>"
  },
  "url": "http://hl7.org/fhir/us/shr/StructureDefinition/shr-core-ContactPerson-extension",
  "identifier": [
    {
      "system": "http://hl7.org/fhir/us/shrcore",
      "value": "shr.core.ContactPerson"
    }
  ],
  "version": "0.5.0",
  "name": "ContactPerson",
  "title": "shr-core-ContactPerson",
  "status": "draft",
  "date": "2019-05-01T00:00:00-04:00",
  "publisher": "The MITRE Corporation",
  "contact": [
    {
      "telecom": [
        {
          "system": "url",
          "value": "http://www.standardhealthrecord.org"
        }
      ]
    }
  ],
  "description": "A contact party (e.g. guardian, partner, friend) for the person",
  "fhirVersion": "3.0.1",
  "kind": "complex-type",
  "abstract": false,
  "contextType": "resource",
  "context": [
    "*"
  ],
  "type": "Extension",
  "baseDefinition": "http://hl7.org/fhir/StructureDefinition/Extension",
  "derivation": "constraint",
  "snapshot": {
    "element": [
      {
        "id": "Extension:contactperson",
        "path": "Extension",
        "short": "ContactPerson",
        "definition": "A contact party (e.g. guardian, partner, friend) for the person",
        "min": 0,
        "max": "*",
        "base": {
          "path": "Extension",
          "min": 0,
          "max": "1"
        },
        "condition": [
          "ele-1"
        ],
        "constraint": [
          {
            "key": "ele-1",
            "severity": "error",
            "human": "All FHIR elements must have a @value or children",
            "expression": "children().count() > id.count()",
            "xpath": "@value|f:*|h:div",
            "source": "Element"
          },
          {
            "key": "ext-1",
            "severity": "error",
            "human": "Must have either extensions or value[x], not both",
            "expression": "extension.exists() != value.exists()",
            "xpath": "exists(f:extension)!=exists(f:*[starts-with(local-name(.), 'value')])",
            "source": "Extension"
          }
        ]
      },
      {
        "id": "Extension:contactperson.id",
        "path": "Extension.id",
        "representation": [
          "xmlAttr"
        ],
        "short": "xml:id (or equivalent in JSON)",
        "definition": "unique id for the element within a resource (for internal references). This may be any string value that does not contain spaces.",
        "min": 0,
        "max": "1",
        "base": {
          "path": "Element.id",
          "min": 0,
          "max": "1"
        },
        "type": [
          {
            "code": "string"
          }
        ],
        "mapping": [
          {
            "identity": "rim",
            "map": "N/A"
          }
        ]
      },
      {
        "id": "Extension:contactperson.extension",
        "path": "Extension.extension",
        "slicing": {
          "id": "1",
          "discriminator": [
            {
              "type": "value",
              "path": "url"
            }
          ],
          "ordered": false,
          "rules": "open"
        },
        "short": "Extension",
        "definition": "An Extension",
        "min": 0,
        "max": "*",
        "base": {
          "path": "Element.extension",
          "min": 0,
          "max": "*"
        },
        "type": [
          {
            "code": "Extension"
          }
        ]
      },
      {
        "id": "Extension:contactperson.extension:relationship",
        "path": "Extension.extension",
        "sliceName": "relationship",
        "definition": "A description of the association between people or items.",
        "min": 0,
        "max": "*",
        "base": {
          "path": "Extension.extension",
          "min": 0,
          "max": "1"
        },
        "type": [
          {
            "code": "Extension",
            "profile": "http://hl7.org/fhir/us/shr/StructureDefinition/shr-core-Relationship-extension"
          }
        ],
        "isModifier": false,
        "mapping": [
          {
            "identity": "rim",
            "map": "N/A"
          }
        ]
      },
      {
        "id": "Extension:contactperson.extension:humanname",
        "path": "Extension.extension",
        "sliceName": "humanname",
        "definition": "A name used by a human being, written as it would be typically expressed. May include a breakdown of the various elements of the name (family name, given name, etc.).",
        "min": 0,
        "max": "1",
        "base": {
          "path": "Extension.extension",
          "min": 0,
          "max": "1"
        },
        "type": [
          {
            "code": "Extension",
            "profile": "http://hl7.org/fhir/us/shr/StructureDefinition/shr-core-HumanName-extension"
          }
        ],
        "isModifier": false,
        "mapping": [
          {
            "identity": "rim",
            "map": "N/A"
          }
        ]
      },
      {
        "id": "Extension:contactperson.extension:contactpoint",
        "path": "Extension.extension",
        "sliceName": "contactpoint",
        "definition": "An electronic means of contacting an organization or individual.",
        "min": 0,
        "max": "*",
        "base": {
          "path": "Extension.extension",
          "min": 0,
          "max": "1"
        },
        "type": [
          {
            "code": "Extension",
            "profile": "http://hl7.org/fhir/us/shr/StructureDefinition/shr-core-ContactPoint-extension"
          }
        ],
        "isModifier": false,
        "mapping": [
          {
            "identity": "rim",
            "map": "N/A"
          }
        ]
      },
      {
        "id": "Extension:contactperson.extension:address",
        "path": "Extension.extension",
        "sliceName": "address",
        "definition": "An address expressed using postal conventions (as opposed to GPS or other location definition formats). This data type may be used to convey addresses for use in delivering mail as well as for visiting locations and which might not be valid for mail delivery. There are a variety of postal address formats defined around the world. (Source: HL7 FHIR).",
        "min": 0,
        "max": "1",
        "base": {
          "path": "Extension.extension",
          "min": 0,
          "max": "1"
        },
        "type": [
          {
            "code": "Extension",
            "profile": "http://hl7.org/fhir/us/shr/StructureDefinition/shr-core-Address-extension"
          }
        ],
        "isModifier": false,
        "mapping": [
          {
            "identity": "rim",
            "map": "N/A"
          }
        ]
      },
      {
        "id": "Extension:contactperson.extension:administrativegender",
        "path": "Extension.extension",
        "sliceName": "administrativegender",
        "definition": "A gender classification used for administrative purposes. Administrative gender is not necessarily the same as a biological description or a gender identity. This attribute does not include terms related to clinical gender.",
        "min": 0,
        "max": "1",
        "base": {
          "path": "Extension.extension",
          "min": 0,
          "max": "1"
        },
        "type": [
          {
            "code": "Extension",
            "profile": "http://hl7.org/fhir/us/shr/StructureDefinition/shr-core-AdministrativeGender-extension"
          }
        ],
        "isModifier": false,
        "mapping": [
          {
            "identity": "rim",
            "map": "N/A"
          }
        ]
      },
      {
        "id": "Extension:contactperson.extension:organization",
        "path": "Extension.extension",
        "sliceName": "organization",
        "definition": "A formally or informally recognized grouping of people or organizations formed for the purpose of achieving some form of collective action. Includes companies, institutions, corporations, departments, community groups, healthcare practice groups, payer/insurer, etc.\n\nOrganization type is restricted to 0..1 in FHIR DSTU2, similarly restricted here. Other required attributes come from STU 3 mapping to us-core-organization.",
        "min": 0,
        "max": "1",
        "base": {
          "path": "Extension.extension",
          "min": 0,
          "max": "1"
        },
        "type": [
          {
            "code": "Extension",
            "profile": "http://hl7.org/fhir/us/shr/StructureDefinition/shr-core-Organization-extension"
          }
        ],
        "isModifier": false,
        "mapping": [
          {
            "identity": "rim",
            "map": "N/A"
          }
        ]
      },
      {
        "id": "Extension:contactperson.extension:timeperiod",
        "path": "Extension.extension",
        "sliceName": "timeperiod",
        "definition": "A period of time defined by a start and end time, date, or year.\nIf the start date/time is missing, the start of the period is not known. If the end date/time is missing, it means that the period is ongoing.",
        "min": 0,
        "max": "1",
        "base": {
          "path": "Extension.extension",
          "min": 0,
          "max": "1"
        },
        "type": [
          {
            "code": "Extension",
            "profile": "http://hl7.org/fhir/us/shr/StructureDefinition/shr-core-TimePeriod-extension"
          }
        ],
        "isModifier": false,
        "mapping": [
          {
            "identity": "rim",
            "map": "N/A"
          }
        ]
      },
      {
        "id": "Extension:contactperson.url",
        "path": "Extension.url",
        "representation": [
          "xmlAttr"
        ],
        "short": "identifies the meaning of the extension",
        "definition": "Source of the definition for the extension code - a logical name or a URL.",
        "min": 1,
        "max": "1",
        "base": {
          "path": "Extension.url",
          "min": 1,
          "max": "1"
        },
        "type": [
          {
            "code": "uri"
          }
        ],
        "fixedUri": "http://hl7.org/fhir/us/shr/StructureDefinition/shr-core-ContactPerson-extension",
        "mapping": [
          {
            "identity": "rim",
            "map": "N/A"
          }
        ]
      },
      {
        "id": "Extension:contactperson.value[x]",
        "path": "Extension.value[x]",
        "short": "Value of extension",
        "definition": "Value of extension - may be a resource or one of a constrained set of the data types (see Extensibility in the spec for list).",
        "min": 0,
        "max": "0",
        "base": {
          "path": "Extension.value[x]",
          "min": 0,
          "max": "1"
        },
        "type": [
          {
            "code": "base64Binary"
          },
          {
            "code": "boolean"
          },
          {
            "code": "code"
          },
          {
            "code": "date"
          },
          {
            "code": "dateTime"
          },
          {
            "code": "decimal"
          },
          {
            "code": "id"
          },
          {
            "code": "instant"
          },
          {
            "code": "integer"
          },
          {
            "code": "markdown"
          },
          {
            "code": "oid"
          },
          {
            "code": "positiveInt"
          },
          {
            "code": "string"
          },
          {
            "code": "time"
          },
          {
            "code": "unsignedInt"
          },
          {
            "code": "uri"
          },
          {
            "code": "Address"
          },
          {
            "code": "Age"
          },
          {
            "code": "Annotation"
          },
          {
            "code": "Attachment"
          },
          {
            "code": "CodeableConcept"
          },
          {
            "code": "Coding"
          },
          {
            "code": "ContactPoint"
          },
          {
            "code": "Count"
          },
          {
            "code": "Distance"
          },
          {
            "code": "Duration"
          },
          {
            "code": "HumanName"
          },
          {
            "code": "Identifier"
          },
          {
            "code": "Money"
          },
          {
            "code": "Period"
          },
          {
            "code": "Quantity"
          },
          {
            "code": "Range"
          },
          {
            "code": "Ratio"
          },
          {
            "code": "Reference"
          },
          {
            "code": "SampledData"
          },
          {
            "code": "Signature"
          },
          {
            "code": "Timing"
          },
          {
            "code": "Meta"
          }
        ],
        "mapping": [
          {
            "identity": "rim",
            "map": "N/A"
          }
        ]
      }
    ]
  },
  "differential": {
    "element": [
      {
        "id": "Extension:contactperson",
        "path": "Extension",
        "short": "ContactPerson",
        "definition": "A contact party (e.g. guardian, partner, friend) for the person",
        "min": 0,
        "max": "*"
      },
      {
        "id": "Extension:contactperson.extension:relationship",
        "path": "Extension.extension",
        "sliceName": "relationship",
        "definition": "A description of the association between people or items.",
        "min": 0,
        "max": "*",
        "type": [
          {
            "code": "Extension",
            "profile": "http://hl7.org/fhir/us/shr/StructureDefinition/shr-core-Relationship-extension"
          }
        ]
      },
      {
        "id": "Extension:contactperson.extension:humanname",
        "path": "Extension.extension",
        "sliceName": "humanname",
        "definition": "A name used by a human being, written as it would be typically expressed. May include a breakdown of the various elements of the name (family name, given name, etc.).",
        "min": 0,
        "max": "1",
        "type": [
          {
            "code": "Extension",
            "profile": "http://hl7.org/fhir/us/shr/StructureDefinition/shr-core-HumanName-extension"
          }
        ]
      },
      {
        "id": "Extension:contactperson.extension:contactpoint",
        "path": "Extension.extension",
        "sliceName": "contactpoint",
        "definition": "An electronic means of contacting an organization or individual.",
        "min": 0,
        "max": "*",
        "type": [
          {
            "code": "Extension",
            "profile": "http://hl7.org/fhir/us/shr/StructureDefinition/shr-core-ContactPoint-extension"
          }
        ]
      },
      {
        "id": "Extension:contactperson.extension:address",
        "path": "Extension.extension",
        "sliceName": "address",
        "definition": "An address expressed using postal conventions (as opposed to GPS or other location definition formats). This data type may be used to convey addresses for use in delivering mail as well as for visiting locations and which might not be valid for mail delivery. There are a variety of postal address formats defined around the world. (Source: HL7 FHIR).",
        "min": 0,
        "max": "1",
        "type": [
          {
            "code": "Extension",
            "profile": "http://hl7.org/fhir/us/shr/StructureDefinition/shr-core-Address-extension"
          }
        ]
      },
      {
        "id": "Extension:contactperson.extension:administrativegender",
        "path": "Extension.extension",
        "sliceName": "administrativegender",
        "definition": "A gender classification used for administrative purposes. Administrative gender is not necessarily the same as a biological description or a gender identity. This attribute does not include terms related to clinical gender.",
        "min": 0,
        "max": "1",
        "type": [
          {
            "code": "Extension",
            "profile": "http://hl7.org/fhir/us/shr/StructureDefinition/shr-core-AdministrativeGender-extension"
          }
        ]
      },
      {
        "id": "Extension:contactperson.extension:organization",
        "path": "Extension.extension",
        "sliceName": "organization",
        "definition": "A formally or informally recognized grouping of people or organizations formed for the purpose of achieving some form of collective action. Includes companies, institutions, corporations, departments, community groups, healthcare practice groups, payer/insurer, etc.\n\nOrganization type is restricted to 0..1 in FHIR DSTU2, similarly restricted here. Other required attributes come from STU 3 mapping to us-core-organization.",
        "min": 0,
        "max": "1",
        "type": [
          {
            "code": "Extension",
            "profile": "http://hl7.org/fhir/us/shr/StructureDefinition/shr-core-Organization-extension"
          }
        ]
      },
      {
        "id": "Extension:contactperson.extension:timeperiod",
        "path": "Extension.extension",
        "sliceName": "timeperiod",
        "definition": "A period of time defined by a start and end time, date, or year.\nIf the start date/time is missing, the start of the period is not known. If the end date/time is missing, it means that the period is ongoing.",
        "min": 0,
        "max": "1",
        "type": [
          {
            "code": "Extension",
            "profile": "http://hl7.org/fhir/us/shr/StructureDefinition/shr-core-TimePeriod-extension"
          }
        ]
      },
      {
        "id": "Extension:contactperson.url",
        "path": "Extension.url",
        "type": [
          {
            "code": "uri"
          }
        ],
        "fixedUri": "http://hl7.org/fhir/us/shr/StructureDefinition/shr-core-ContactPerson-extension"
      },
      {
        "id": "Extension:contactperson.value[x]",
        "path": "Extension.value[x]",
        "min": 0,
        "max": "0"
      }
    ]
  }
}