{
  "resourceType": "StructureDefinition",
  "id": "shr-core-CollectionSource-model",
  "text": {
    "status": "generated",
    "div": "<div xmlns=\"http://www.w3.org/1999/xhtml\">\n  <p><b>CollectionSource Logical Model</b></p>\n  <p>The person or thing the sample was obtained from.</p>\n</div>"
  },
  "url": "http://hl7.org/fhir/us/shr/StructureDefinition/shr-core-CollectionSource-model",
  "identifier": [
    {
      "system": "http://hl7.org/fhir/us/shrcore",
      "value": "shr.core.CollectionSource"
    }
  ],
  "version": "0.6.0",
  "name": "CollectionSource",
  "title": "shr-core-CollectionSource",
  "status": "draft",
  "date": "2019-05-07T00:00:00-04:00",
  "publisher": "The MITRE Corporation",
  "contact": [
    {
      "telecom": [
        {
          "system": "url",
          "value": "http://www.standardhealthrecord.org"
        }
      ]
    }
  ],
  "description": "The person or thing the sample was obtained from.",
  "kind": "logical",
  "abstract": false,
  "type": "shr-core-CollectionSource-model",
  "baseDefinition": "http://hl7.org/fhir/StructureDefinition/Element",
  "derivation": "specialization",
  "snapshot": {
    "element": [
      {
        "id": "shr-core-CollectionSource-model",
        "path": "shr-core-CollectionSource-model",
        "definition": "The person or thing the sample was obtained from.",
        "min": 0,
        "max": "*",
        "base": {
          "path": "shr-core-CollectionSource-model",
          "min": 0,
          "max": "*"
        },
        "mustSupport": false,
        "isModifier": false,
        "isSummary": false
      },
      {
        "id": "shr-core-CollectionSource-model.value[x]",
        "path": "shr-core-CollectionSource-model.value[x]",
        "short": "Choice of types representing the person or thing the sample was obtained from.",
        "definition": "Choice of types representing the person or thing the sample was obtained from.",
        "min": 1,
        "max": "1",
        "base": {
          "path": "shr-core-CollectionSource-model.value[x]",
          "min": 1,
          "max": "1"
        },
        "type": [
          {
            "code": "Reference",
            "targetProfile": "http://hl7.org/fhir/us/shr/StructureDefinition/shr-core-Patient-model"
          },
          {
            "code": "Reference",
            "targetProfile": "http://hl7.org/fhir/us/shr/StructureDefinition/shr-core-Group-model"
          },
          {
            "code": "Reference",
            "targetProfile": "http://hl7.org/fhir/us/shr/StructureDefinition/shr-core-Device-model"
          },
          {
            "code": "Reference",
            "targetProfile": "http://hl7.org/fhir/us/shr/StructureDefinition/shr-core-Substance-model"
          }
        ],
        "mustSupport": false,
        "isModifier": false,
        "isSummary": false
      }
    ]
  },
  "differential": {
    "element": [
      {
        "id": "shr-core-CollectionSource-model",
        "path": "shr-core-CollectionSource-model",
        "definition": "The person or thing the sample was obtained from.",
        "min": 0,
        "max": "*",
        "base": {
          "path": "shr-core-CollectionSource-model",
          "min": 0,
          "max": "*"
        },
        "mustSupport": false,
        "isModifier": false,
        "isSummary": false
      },
      {
        "id": "shr-core-CollectionSource-model.value[x]",
        "path": "shr-core-CollectionSource-model.value[x]",
        "short": "Choice of types representing the person or thing the sample was obtained from.",
        "definition": "Choice of types representing the person or thing the sample was obtained from.",
        "min": 1,
        "max": "1",
        "base": {
          "path": "shr-core-CollectionSource-model.value[x]",
          "min": 1,
          "max": "1"
        },
        "type": [
          {
            "code": "Reference",
            "targetProfile": "http://hl7.org/fhir/us/shr/StructureDefinition/shr-core-Patient-model"
          },
          {
            "code": "Reference",
            "targetProfile": "http://hl7.org/fhir/us/shr/StructureDefinition/shr-core-Group-model"
          },
          {
            "code": "Reference",
            "targetProfile": "http://hl7.org/fhir/us/shr/StructureDefinition/shr-core-Device-model"
          },
          {
            "code": "Reference",
            "targetProfile": "http://hl7.org/fhir/us/shr/StructureDefinition/shr-core-Substance-model"
          }
        ],
        "mustSupport": false,
        "isModifier": false,
        "isSummary": false
      }
    ]
  }
}