{
  "resourceType": "StructureDefinition",
  "id": "shr-core-CongenitalAbnormality-model",
  "text": {
    "status": "generated",
    "div": "<div xmlns=\"http://www.w3.org/1999/xhtml\">\n  <p><b>CongenitalAbnormality Logical Model</b></p>\n  <p>Any abnormality, genetic, anatomical, biochemical, evident at birth or during the neonatal period. Includes malformations, deformations, and chromosomal abnormalities.</p>\n</div>"
  },
  "url": "http://hl7.org/fhir/us/shr/StructureDefinition/shr-core-CongenitalAbnormality-model",
  "identifier": [
    {
      "system": "http://hl7.org/fhir/us/shrcore",
      "value": "shr.core.CongenitalAbnormality"
    }
  ],
  "version": "0.5.0",
  "name": "CongenitalAbnormality",
  "title": "shr-core-CongenitalAbnormality",
  "status": "draft",
  "date": "2019-05-01T00:00:00-04:00",
  "publisher": "The MITRE Corporation",
  "contact": [
    {
      "telecom": [
        {
          "system": "url",
          "value": "http://www.standardhealthrecord.org"
        }
      ]
    }
  ],
  "description": "Any abnormality, genetic, anatomical, biochemical, evident at birth or during the neonatal period. Includes malformations, deformations, and chromosomal abnormalities.",
  "keyword": [
    {
      "system": "http://ncimeta.nci.nih.gov",
      "code": "C0000768",
      "display": "Congenital Abnormality"
    }
  ],
  "kind": "logical",
  "abstract": false,
  "type": "shr-core-CongenitalAbnormality-model",
  "baseDefinition": "http://hl7.org/fhir/StructureDefinition/Element",
  "derivation": "specialization",
  "snapshot": {
    "element": [
      {
        "id": "shr-core-CongenitalAbnormality-model",
        "path": "shr-core-CongenitalAbnormality-model",
        "definition": "Any abnormality, genetic, anatomical, biochemical, evident at birth or during the neonatal period. Includes malformations, deformations, and chromosomal abnormalities.",
        "min": 0,
        "max": "*",
        "base": {
          "path": "shr-core-CongenitalAbnormality-model",
          "min": 0,
          "max": "*"
        },
        "mustSupport": false,
        "isModifier": false,
        "isSummary": false
      },
      {
        "id": "shr-core-CongenitalAbnormality-model.metadata",
        "path": "shr-core-CongenitalAbnormality-model.metadata",
        "short": "Elements that belong to all information items.",
        "definition": "Elements that belong to all information items.",
        "min": 0,
        "max": "1",
        "base": {
          "path": "shr-core-CongenitalAbnormality-model.metadata",
          "min": 0,
          "max": "1"
        },
        "type": [
          {
            "code": "http://hl7.org/fhir/us/shr/StructureDefinition/shr-core-Metadata-model"
          }
        ],
        "mustSupport": false,
        "isModifier": false,
        "isSummary": false
      },
      {
        "id": "shr-core-CongenitalAbnormality-model.language",
        "path": "shr-core-CongenitalAbnormality-model.language",
        "short": "A human language, spoken or written.",
        "definition": "A human language, spoken or written.",
        "min": 0,
        "max": "1",
        "base": {
          "path": "shr-core-CongenitalAbnormality-model.language",
          "min": 0,
          "max": "1"
        },
        "type": [
          {
            "code": "Coding"
          }
        ],
        "mustSupport": false,
        "isModifier": false,
        "isSummary": false
      },
      {
        "id": "shr-core-CongenitalAbnormality-model.implicitRules",
        "path": "shr-core-CongenitalAbnormality-model.implicitRules",
        "short": "A set of rules under which this content was created",
        "definition": "A set of rules under which this content was created",
        "min": 0,
        "max": "1",
        "base": {
          "path": "shr-core-CongenitalAbnormality-model.implicitRules",
          "min": 0,
          "max": "1"
        },
        "type": [
          {
            "code": "uri"
          }
        ],
        "mustSupport": false,
        "isModifier": false,
        "isSummary": false
      },
      {
        "id": "shr-core-CongenitalAbnormality-model.narrative",
        "path": "shr-core-CongenitalAbnormality-model.narrative",
        "short": "A human-readable narrative, potentially including images, that contains a summary of the resource, and may be used to represent the content of the resource to a human.",
        "definition": "A human-readable narrative, potentially including images, that contains a summary of the resource, and may be used to represent the content of the resource to a human.",
        "min": 0,
        "max": "1",
        "base": {
          "path": "shr-core-CongenitalAbnormality-model.narrative",
          "min": 0,
          "max": "1"
        },
        "type": [
          {
            "code": "http://hl7.org/fhir/us/shr/StructureDefinition/shr-core-Narrative-model"
          }
        ],
        "mustSupport": false,
        "isModifier": false,
        "isSummary": false
      },
      {
        "id": "shr-core-CongenitalAbnormality-model.status",
        "path": "shr-core-CongenitalAbnormality-model.status",
        "short": "A state that relates to the workflow or interpretation of this resource. Certain status values can modify the meaning of the resource, for example, entered-in-error. When a boolean value is used, Status of true indicates the record is active, false means inactive.",
        "definition": "A state that relates to the workflow or interpretation of this resource. Certain status values can modify the meaning of the resource, for example, entered-in-error. When a boolean value is used, Status of true indicates the record is active, false means inactive.",
        "min": 1,
        "max": "1",
        "base": {
          "path": "shr-core-CongenitalAbnormality-model.status",
          "min": 1,
          "max": "1"
        },
        "type": [
          {
            "code": "Coding"
          }
        ],
        "mustSupport": false,
        "isModifier": false,
        "isSummary": false,
        "binding": {
          "strength": "required",
          "valueSetReference": {
            "reference": "http://hl7.org/fhir/ValueSet/condition-ver-status"
          }
        }
      },
      {
        "id": "shr-core-CongenitalAbnormality-model.identifier",
        "path": "shr-core-CongenitalAbnormality-model.identifier",
        "short": "Business identifier or external id for this resource.",
        "definition": "Business identifier or external id for this resource.",
        "min": 0,
        "max": "*",
        "base": {
          "path": "shr-core-CongenitalAbnormality-model.identifier",
          "min": 0,
          "max": "*"
        },
        "type": [
          {
            "code": "http://hl7.org/fhir/us/shr/StructureDefinition/shr-core-Identifier-model"
          }
        ],
        "mustSupport": false,
        "isModifier": false,
        "isSummary": false
      },
      {
        "id": "shr-core-CongenitalAbnormality-model.subjectOfRecord",
        "path": "shr-core-CongenitalAbnormality-model.subjectOfRecord",
        "code": [
          {
            "system": "http://ncimeta.nci.nih.gov",
            "code": "C1299487"
          }
        ],
        "short": "The subject of a clinical statement, often called the Patient or the Subject. The SubjectOfRecord typically identifies the clinical record in which this statement is contained. If the statement should be in John Doe's patient record, then John Doe is the subject of record. When there is no patient, the SubjectOfRecord can also be a location, group, or other entity that statement pertains to. For example, observations concerning a hospital ward would have a Location as the SubjectOfRecord.",
        "definition": "The subject of a clinical statement, often called the Patient or the Subject. The SubjectOfRecord typically identifies the clinical record in which this statement is contained. If the statement should be in John Doe's patient record, then John Doe is the subject of record. When there is no patient, the SubjectOfRecord can also be a location, group, or other entity that statement pertains to. For example, observations concerning a hospital ward would have a Location as the SubjectOfRecord.\n\nNote that the word 'Subject' is used here in the sense of a person or entity subjected to observations or actions, not subject as in a conceptual topic, like heart disease.",
        "min": 1,
        "max": "1",
        "base": {
          "path": "shr-core-CongenitalAbnormality-model.subjectOfRecord",
          "min": 1,
          "max": "1"
        },
        "type": [
          {
            "code": "Reference",
            "targetProfile": "http://hl7.org/fhir/us/shr/StructureDefinition/shr-core-Patient-model"
          }
        ],
        "mustSupport": false,
        "isModifier": false,
        "isSummary": false
      },
      {
        "id": "shr-core-CongenitalAbnormality-model.careContext",
        "path": "shr-core-CongenitalAbnormality-model.careContext",
        "short": "The encounter or episode of care",
        "definition": "The encounter or episode of care",
        "min": 0,
        "max": "1",
        "base": {
          "path": "shr-core-CongenitalAbnormality-model.careContext",
          "min": 0,
          "max": "1"
        },
        "type": [
          {
            "code": "Reference",
            "targetProfile": "http://hl7.org/fhir/us/shr/StructureDefinition/shr-core-Encounter-model"
          }
        ],
        "mustSupport": false,
        "isModifier": false,
        "isSummary": false
      },
      {
        "id": "shr-core-CongenitalAbnormality-model.statementDateTime",
        "path": "shr-core-CongenitalAbnormality-model.statementDateTime",
        "code": [
          {
            "system": "http://ncimeta.nci.nih.gov",
            "code": "C3669169"
          }
        ],
        "short": "The point in time when the statement was created.",
        "definition": "The point in time when the statement was created.",
        "min": 0,
        "max": "1",
        "base": {
          "path": "shr-core-CongenitalAbnormality-model.statementDateTime",
          "min": 0,
          "max": "1"
        },
        "type": [
          {
            "code": "dateTime"
          }
        ],
        "mustSupport": false,
        "isModifier": false,
        "isSummary": false
      },
      {
        "id": "shr-core-CongenitalAbnormality-model.code",
        "path": "shr-core-CongenitalAbnormality-model.code",
        "short": "The main type identifier for a lab, procedure, condition, etc., usually drawn from a controlled vocabulary.",
        "definition": "The main type identifier for a lab, procedure, condition, etc., usually drawn from a controlled vocabulary.",
        "min": 1,
        "max": "1",
        "base": {
          "path": "shr-core-CongenitalAbnormality-model.code",
          "min": 1,
          "max": "1"
        },
        "type": [
          {
            "code": "Coding"
          }
        ],
        "mustSupport": false,
        "isModifier": false,
        "isSummary": false,
        "binding": {
          "strength": "extensible",
          "valueSetReference": {
            "reference": "http://hl7.org/fhir/us/shrcore/shr/core/vs/CongenitalAbnormalitiesVS"
          }
        }
      },
      {
        "id": "shr-core-CongenitalAbnormality-model.clinicalStatus",
        "path": "shr-core-CongenitalAbnormality-model.clinicalStatus",
        "short": "A flag indicating whether the condition is active or inactive, recurring, in remission, or resolved (as of the last update of the Condition).",
        "definition": "A flag indicating whether the condition is active or inactive, recurring, in remission, or resolved (as of the last update of the Condition).",
        "min": 1,
        "max": "1",
        "base": {
          "path": "shr-core-CongenitalAbnormality-model.clinicalStatus",
          "min": 1,
          "max": "1"
        },
        "type": [
          {
            "code": "Coding"
          }
        ],
        "mustSupport": false,
        "isModifier": false,
        "isSummary": false,
        "binding": {
          "strength": "required",
          "valueSetReference": {
            "reference": "http://hl7.org/fhir/ValueSet/condition-clinical"
          }
        }
      },
      {
        "id": "shr-core-CongenitalAbnormality-model.category",
        "path": "shr-core-CongenitalAbnormality-model.category",
        "short": "The general type or class of this item.",
        "definition": "The general type or class of this item.",
        "min": 1,
        "max": "1",
        "base": {
          "path": "shr-core-CongenitalAbnormality-model.category",
          "min": 1,
          "max": "1"
        },
        "type": [
          {
            "code": "Coding"
          }
        ],
        "mustSupport": false,
        "isModifier": false,
        "isSummary": false,
        "binding": {
          "strength": "extensible",
          "valueSetReference": {
            "reference": "http://hl7.org/fhir/us/shrcore/shr/core/vs/ConditionCategoryVS"
          }
        }
      },
      {
        "id": "shr-core-CongenitalAbnormality-model.severity",
        "path": "shr-core-CongenitalAbnormality-model.severity",
        "short": "Degree of harshness or extent of a symptom, disorder, or condition.",
        "definition": "Degree of harshness or extent of a symptom, disorder, or condition.",
        "min": 0,
        "max": "1",
        "base": {
          "path": "shr-core-CongenitalAbnormality-model.severity",
          "min": 0,
          "max": "1"
        },
        "type": [
          {
            "code": "Coding"
          }
        ],
        "mustSupport": false,
        "isModifier": false,
        "isSummary": false,
        "binding": {
          "strength": "preferred",
          "valueSetReference": {
            "reference": "http://hl7.org/fhir/ValueSet/condition-severity"
          }
        }
      },
      {
        "id": "shr-core-CongenitalAbnormality-model.bodyLocation",
        "path": "shr-core-CongenitalAbnormality-model.bodyLocation",
        "short": "A location or structure in the body, including tissues, regions, cavities, and spaces; for example, right elbow, or left ventricle of the heart. Body location is a flexible structure that allows the location to be determined by a single code, or a code plus laterality and/or orientation. The body location can also be specified in relation to one or more body landmarks. SNOMED CT is used in all cases.",
        "definition": "A location or structure in the body, including tissues, regions, cavities, and spaces; for example, right elbow, or left ventricle of the heart. Body location is a flexible structure that allows the location to be determined by a single code, or a code plus laterality and/or orientation. The body location can also be specified in relation to one or more body landmarks. SNOMED CT is used in all cases.\n+ Code only: The code should include (precoordinate) laterality and/orientation to the degree necessary to completely specify the body location.\n+ Code plus laterality and/or orientation: The basic code augmented by codes specifying the body side and/or anatomical orientation.\n+ Relation to landmark: The location relative to a landmark is specified by:\n- Establishing the location and type of landmark using a body site code and optional laterality/orientation, and\n- Specifying the direction and distance from the landmark to the body location.\nNote that BodyLocation is a data type, a reusable structure, not a stand-alone entity. The concept is similar to how a postal address can apply to a person, location, or organization. This contrasts with FHIR's stand-alone BodySite (aka BodyStructure in r4) which 'is not ... intended for describing the type of anatomical location but rather a specific body site on a specific patient' (FHIR 3.5).",
        "min": 0,
        "max": "*",
        "base": {
          "path": "shr-core-CongenitalAbnormality-model.bodyLocation",
          "min": 0,
          "max": "*"
        },
        "type": [
          {
            "code": "http://hl7.org/fhir/us/shr/StructureDefinition/shr-core-BodyLocation-model"
          }
        ],
        "mustSupport": false,
        "isModifier": false,
        "isSummary": false
      },
      {
        "id": "shr-core-CongenitalAbnormality-model.onset[x]",
        "path": "shr-core-CongenitalAbnormality-model.onset[x]",
        "short": "The beginning or first appearance of a mental or physical disorder.",
        "definition": "The beginning or first appearance of a mental or physical disorder.",
        "min": 0,
        "max": "1",
        "base": {
          "path": "shr-core-CongenitalAbnormality-model.onset[x]",
          "min": 0,
          "max": "1"
        },
        "type": [
          {
            "code": "dateTime"
          },
          {
            "code": "http://hl7.org/fhir/us/shr/StructureDefinition/shr-core-Age-model"
          },
          {
            "code": "http://hl7.org/fhir/us/shr/StructureDefinition/shr-core-TimePeriod-model"
          },
          {
            "code": "http://hl7.org/fhir/us/shr/StructureDefinition/shr-core-Range-model"
          },
          {
            "code": "string"
          }
        ],
        "mustSupport": false,
        "isModifier": false,
        "isSummary": false
      },
      {
        "id": "shr-core-CongenitalAbnormality-model.abatement[x]",
        "path": "shr-core-CongenitalAbnormality-model.abatement[x]",
        "short": "The end, remission or resolution.",
        "definition": "The end, remission or resolution.",
        "min": 0,
        "max": "1",
        "base": {
          "path": "shr-core-CongenitalAbnormality-model.abatement[x]",
          "min": 0,
          "max": "1"
        },
        "type": [
          {
            "code": "dateTime"
          },
          {
            "code": "http://hl7.org/fhir/us/shr/StructureDefinition/shr-core-Age-model"
          },
          {
            "code": "boolean"
          },
          {
            "code": "http://hl7.org/fhir/us/shr/StructureDefinition/shr-core-TimePeriod-model"
          },
          {
            "code": "http://hl7.org/fhir/us/shr/StructureDefinition/shr-core-Range-model"
          },
          {
            "code": "string"
          }
        ],
        "mustSupport": false,
        "isModifier": false,
        "isSummary": false
      },
      {
        "id": "shr-core-CongenitalAbnormality-model.author[x]",
        "path": "shr-core-CongenitalAbnormality-model.author[x]",
        "short": "The actor who created the item and it responsible for the content (regardless of the information source or who recorded it). If only the author is given, it is assumed the author is the information source and the recorder.",
        "definition": "The actor who created the item and it responsible for the content (regardless of the information source or who recorded it). If only the author is given, it is assumed the author is the information source and the recorder.",
        "min": 0,
        "max": "1",
        "base": {
          "path": "shr-core-CongenitalAbnormality-model.author[x]",
          "min": 0,
          "max": "1"
        },
        "type": [
          {
            "code": "Reference",
            "targetProfile": "http://hl7.org/fhir/us/shr/StructureDefinition/shr-core-Patient-model"
          },
          {
            "code": "Reference",
            "targetProfile": "http://hl7.org/fhir/us/shr/StructureDefinition/shr-core-Practitioner-model"
          },
          {
            "code": "Reference",
            "targetProfile": "http://hl7.org/fhir/us/shr/StructureDefinition/shr-core-RelatedPerson-model"
          },
          {
            "code": "Reference",
            "targetProfile": "http://hl7.org/fhir/us/shr/StructureDefinition/shr-core-Organization-model"
          },
          {
            "code": "Reference",
            "targetProfile": "http://hl7.org/fhir/us/shr/StructureDefinition/shr-core-Device-model"
          }
        ],
        "mustSupport": false,
        "isModifier": false,
        "isSummary": false
      },
      {
        "id": "shr-core-CongenitalAbnormality-model.personInformationSource[x]",
        "path": "shr-core-CongenitalAbnormality-model.personInformationSource[x]",
        "short": "The person who provided the information, not necessarily the patient.",
        "definition": "The person who provided the information, not necessarily the patient.",
        "min": 0,
        "max": "1",
        "base": {
          "path": "shr-core-CongenitalAbnormality-model.personInformationSource[x]",
          "min": 0,
          "max": "1"
        },
        "type": [
          {
            "code": "Reference",
            "targetProfile": "http://hl7.org/fhir/us/shr/StructureDefinition/shr-core-Patient-model"
          },
          {
            "code": "Reference",
            "targetProfile": "http://hl7.org/fhir/us/shr/StructureDefinition/shr-core-Practitioner-model"
          },
          {
            "code": "Reference",
            "targetProfile": "http://hl7.org/fhir/us/shr/StructureDefinition/shr-core-RelatedPerson-model"
          }
        ],
        "mustSupport": false,
        "isModifier": false,
        "isSummary": false
      },
      {
        "id": "shr-core-CongenitalAbnormality-model.stageInformation",
        "path": "shr-core-CongenitalAbnormality-model.stageInformation",
        "short": "The relative advancement in the course of a disease. The StageCode is the summary stage or stage group. StageDetail optionally contains the full staging information.",
        "definition": "The relative advancement in the course of a disease. The StageCode is the summary stage or stage group. StageDetail optionally contains the full staging information.",
        "min": 0,
        "max": "1",
        "base": {
          "path": "shr-core-CongenitalAbnormality-model.stageInformation",
          "min": 0,
          "max": "1"
        },
        "type": [
          {
            "code": "http://hl7.org/fhir/us/shr/StructureDefinition/shr-core-StageInformation-model"
          }
        ],
        "mustSupport": false,
        "isModifier": false,
        "isSummary": false
      },
      {
        "id": "shr-core-CongenitalAbnormality-model.evidence",
        "path": "shr-core-CongenitalAbnormality-model.evidence",
        "short": "Supporting evidence / manifestations that are the basis of the Condition's verification status, such as evidence that confirmed or refuted the condition.",
        "definition": "Supporting evidence / manifestations that are the basis of the Condition's verification status, such as evidence that confirmed or refuted the condition.",
        "min": 0,
        "max": "1",
        "base": {
          "path": "shr-core-CongenitalAbnormality-model.evidence",
          "min": 0,
          "max": "1"
        },
        "type": [
          {
            "code": "http://hl7.org/fhir/us/shr/StructureDefinition/shr-core-Evidence-model"
          }
        ],
        "mustSupport": false,
        "isModifier": false,
        "isSummary": false
      },
      {
        "id": "shr-core-CongenitalAbnormality-model.annotation",
        "path": "shr-core-CongenitalAbnormality-model.annotation",
        "short": "An added or follow-up note, often after the fact, that contains metadata about who made the statement and when.",
        "definition": "An added or follow-up note, often after the fact, that contains metadata about who made the statement and when.",
        "min": 0,
        "max": "*",
        "base": {
          "path": "shr-core-CongenitalAbnormality-model.annotation",
          "min": 0,
          "max": "*"
        },
        "type": [
          {
            "code": "http://hl7.org/fhir/us/shr/StructureDefinition/shr-core-Annotation-model"
          }
        ],
        "mustSupport": false,
        "isModifier": false,
        "isSummary": false
      },
      {
        "id": "shr-core-CongenitalAbnormality-model.dateOfDiagnosis",
        "path": "shr-core-CongenitalAbnormality-model.dateOfDiagnosis",
        "short": "The date the disease was first clinically recognized with sufficient certainty, regardless of whether it was fully characterized at that time.",
        "definition": "The date the disease was first clinically recognized with sufficient certainty, regardless of whether it was fully characterized at that time.",
        "min": 0,
        "max": "1",
        "base": {
          "path": "shr-core-CongenitalAbnormality-model.dateOfDiagnosis",
          "min": 0,
          "max": "1"
        },
        "type": [
          {
            "code": "date"
          }
        ],
        "mustSupport": false,
        "isModifier": false,
        "isSummary": false
      }
    ]
  },
  "differential": {
    "element": [
      {
        "id": "shr-core-CongenitalAbnormality-model",
        "path": "shr-core-CongenitalAbnormality-model",
        "definition": "Any abnormality, genetic, anatomical, biochemical, evident at birth or during the neonatal period. Includes malformations, deformations, and chromosomal abnormalities.",
        "min": 0,
        "max": "*",
        "base": {
          "path": "shr-core-CongenitalAbnormality-model",
          "min": 0,
          "max": "*"
        },
        "mustSupport": false,
        "isModifier": false,
        "isSummary": false
      },
      {
        "id": "shr-core-CongenitalAbnormality-model.metadata",
        "path": "shr-core-CongenitalAbnormality-model.metadata",
        "short": "Elements that belong to all information items.",
        "definition": "Elements that belong to all information items.",
        "min": 0,
        "max": "1",
        "base": {
          "path": "shr-core-CongenitalAbnormality-model.metadata",
          "min": 0,
          "max": "1"
        },
        "type": [
          {
            "code": "http://hl7.org/fhir/us/shr/StructureDefinition/shr-core-Metadata-model"
          }
        ],
        "mustSupport": false,
        "isModifier": false,
        "isSummary": false
      },
      {
        "id": "shr-core-CongenitalAbnormality-model.language",
        "path": "shr-core-CongenitalAbnormality-model.language",
        "short": "A human language, spoken or written.",
        "definition": "A human language, spoken or written.",
        "min": 0,
        "max": "1",
        "base": {
          "path": "shr-core-CongenitalAbnormality-model.language",
          "min": 0,
          "max": "1"
        },
        "type": [
          {
            "code": "Coding"
          }
        ],
        "mustSupport": false,
        "isModifier": false,
        "isSummary": false
      },
      {
        "id": "shr-core-CongenitalAbnormality-model.implicitRules",
        "path": "shr-core-CongenitalAbnormality-model.implicitRules",
        "short": "A set of rules under which this content was created",
        "definition": "A set of rules under which this content was created",
        "min": 0,
        "max": "1",
        "base": {
          "path": "shr-core-CongenitalAbnormality-model.implicitRules",
          "min": 0,
          "max": "1"
        },
        "type": [
          {
            "code": "uri"
          }
        ],
        "mustSupport": false,
        "isModifier": false,
        "isSummary": false
      },
      {
        "id": "shr-core-CongenitalAbnormality-model.narrative",
        "path": "shr-core-CongenitalAbnormality-model.narrative",
        "short": "A human-readable narrative, potentially including images, that contains a summary of the resource, and may be used to represent the content of the resource to a human.",
        "definition": "A human-readable narrative, potentially including images, that contains a summary of the resource, and may be used to represent the content of the resource to a human.",
        "min": 0,
        "max": "1",
        "base": {
          "path": "shr-core-CongenitalAbnormality-model.narrative",
          "min": 0,
          "max": "1"
        },
        "type": [
          {
            "code": "http://hl7.org/fhir/us/shr/StructureDefinition/shr-core-Narrative-model"
          }
        ],
        "mustSupport": false,
        "isModifier": false,
        "isSummary": false
      },
      {
        "id": "shr-core-CongenitalAbnormality-model.status",
        "path": "shr-core-CongenitalAbnormality-model.status",
        "short": "A state that relates to the workflow or interpretation of this resource. Certain status values can modify the meaning of the resource, for example, entered-in-error. When a boolean value is used, Status of true indicates the record is active, false means inactive.",
        "definition": "A state that relates to the workflow or interpretation of this resource. Certain status values can modify the meaning of the resource, for example, entered-in-error. When a boolean value is used, Status of true indicates the record is active, false means inactive.",
        "min": 1,
        "max": "1",
        "base": {
          "path": "shr-core-CongenitalAbnormality-model.status",
          "min": 1,
          "max": "1"
        },
        "type": [
          {
            "code": "Coding"
          }
        ],
        "mustSupport": false,
        "isModifier": false,
        "isSummary": false,
        "binding": {
          "strength": "required",
          "valueSetReference": {
            "reference": "http://hl7.org/fhir/ValueSet/condition-ver-status"
          }
        }
      },
      {
        "id": "shr-core-CongenitalAbnormality-model.identifier",
        "path": "shr-core-CongenitalAbnormality-model.identifier",
        "short": "Business identifier or external id for this resource.",
        "definition": "Business identifier or external id for this resource.",
        "min": 0,
        "max": "*",
        "base": {
          "path": "shr-core-CongenitalAbnormality-model.identifier",
          "min": 0,
          "max": "*"
        },
        "type": [
          {
            "code": "http://hl7.org/fhir/us/shr/StructureDefinition/shr-core-Identifier-model"
          }
        ],
        "mustSupport": false,
        "isModifier": false,
        "isSummary": false
      },
      {
        "id": "shr-core-CongenitalAbnormality-model.subjectOfRecord",
        "path": "shr-core-CongenitalAbnormality-model.subjectOfRecord",
        "code": [
          {
            "system": "http://ncimeta.nci.nih.gov",
            "code": "C1299487"
          }
        ],
        "short": "The subject of a clinical statement, often called the Patient or the Subject. The SubjectOfRecord typically identifies the clinical record in which this statement is contained. If the statement should be in John Doe's patient record, then John Doe is the subject of record. When there is no patient, the SubjectOfRecord can also be a location, group, or other entity that statement pertains to. For example, observations concerning a hospital ward would have a Location as the SubjectOfRecord.",
        "definition": "The subject of a clinical statement, often called the Patient or the Subject. The SubjectOfRecord typically identifies the clinical record in which this statement is contained. If the statement should be in John Doe's patient record, then John Doe is the subject of record. When there is no patient, the SubjectOfRecord can also be a location, group, or other entity that statement pertains to. For example, observations concerning a hospital ward would have a Location as the SubjectOfRecord.\n\nNote that the word 'Subject' is used here in the sense of a person or entity subjected to observations or actions, not subject as in a conceptual topic, like heart disease.",
        "min": 1,
        "max": "1",
        "base": {
          "path": "shr-core-CongenitalAbnormality-model.subjectOfRecord",
          "min": 1,
          "max": "1"
        },
        "type": [
          {
            "code": "Reference",
            "targetProfile": "http://hl7.org/fhir/us/shr/StructureDefinition/shr-core-Patient-model"
          }
        ],
        "mustSupport": false,
        "isModifier": false,
        "isSummary": false
      },
      {
        "id": "shr-core-CongenitalAbnormality-model.careContext",
        "path": "shr-core-CongenitalAbnormality-model.careContext",
        "short": "The encounter or episode of care",
        "definition": "The encounter or episode of care",
        "min": 0,
        "max": "1",
        "base": {
          "path": "shr-core-CongenitalAbnormality-model.careContext",
          "min": 0,
          "max": "1"
        },
        "type": [
          {
            "code": "Reference",
            "targetProfile": "http://hl7.org/fhir/us/shr/StructureDefinition/shr-core-Encounter-model"
          }
        ],
        "mustSupport": false,
        "isModifier": false,
        "isSummary": false
      },
      {
        "id": "shr-core-CongenitalAbnormality-model.statementDateTime",
        "path": "shr-core-CongenitalAbnormality-model.statementDateTime",
        "code": [
          {
            "system": "http://ncimeta.nci.nih.gov",
            "code": "C3669169"
          }
        ],
        "short": "The point in time when the statement was created.",
        "definition": "The point in time when the statement was created.",
        "min": 0,
        "max": "1",
        "base": {
          "path": "shr-core-CongenitalAbnormality-model.statementDateTime",
          "min": 0,
          "max": "1"
        },
        "type": [
          {
            "code": "dateTime"
          }
        ],
        "mustSupport": false,
        "isModifier": false,
        "isSummary": false
      },
      {
        "id": "shr-core-CongenitalAbnormality-model.code",
        "path": "shr-core-CongenitalAbnormality-model.code",
        "short": "The main type identifier for a lab, procedure, condition, etc., usually drawn from a controlled vocabulary.",
        "definition": "The main type identifier for a lab, procedure, condition, etc., usually drawn from a controlled vocabulary.",
        "min": 1,
        "max": "1",
        "base": {
          "path": "shr-core-CongenitalAbnormality-model.code",
          "min": 1,
          "max": "1"
        },
        "type": [
          {
            "code": "Coding"
          }
        ],
        "mustSupport": false,
        "isModifier": false,
        "isSummary": false,
        "binding": {
          "strength": "extensible",
          "valueSetReference": {
            "reference": "http://hl7.org/fhir/us/shrcore/shr/core/vs/CongenitalAbnormalitiesVS"
          }
        }
      },
      {
        "id": "shr-core-CongenitalAbnormality-model.clinicalStatus",
        "path": "shr-core-CongenitalAbnormality-model.clinicalStatus",
        "short": "A flag indicating whether the condition is active or inactive, recurring, in remission, or resolved (as of the last update of the Condition).",
        "definition": "A flag indicating whether the condition is active or inactive, recurring, in remission, or resolved (as of the last update of the Condition).",
        "min": 1,
        "max": "1",
        "base": {
          "path": "shr-core-CongenitalAbnormality-model.clinicalStatus",
          "min": 1,
          "max": "1"
        },
        "type": [
          {
            "code": "Coding"
          }
        ],
        "mustSupport": false,
        "isModifier": false,
        "isSummary": false,
        "binding": {
          "strength": "required",
          "valueSetReference": {
            "reference": "http://hl7.org/fhir/ValueSet/condition-clinical"
          }
        }
      },
      {
        "id": "shr-core-CongenitalAbnormality-model.category",
        "path": "shr-core-CongenitalAbnormality-model.category",
        "short": "The general type or class of this item.",
        "definition": "The general type or class of this item.",
        "min": 1,
        "max": "1",
        "base": {
          "path": "shr-core-CongenitalAbnormality-model.category",
          "min": 1,
          "max": "1"
        },
        "type": [
          {
            "code": "Coding"
          }
        ],
        "mustSupport": false,
        "isModifier": false,
        "isSummary": false,
        "binding": {
          "strength": "extensible",
          "valueSetReference": {
            "reference": "http://hl7.org/fhir/us/shrcore/shr/core/vs/ConditionCategoryVS"
          }
        }
      },
      {
        "id": "shr-core-CongenitalAbnormality-model.severity",
        "path": "shr-core-CongenitalAbnormality-model.severity",
        "short": "Degree of harshness or extent of a symptom, disorder, or condition.",
        "definition": "Degree of harshness or extent of a symptom, disorder, or condition.",
        "min": 0,
        "max": "1",
        "base": {
          "path": "shr-core-CongenitalAbnormality-model.severity",
          "min": 0,
          "max": "1"
        },
        "type": [
          {
            "code": "Coding"
          }
        ],
        "mustSupport": false,
        "isModifier": false,
        "isSummary": false,
        "binding": {
          "strength": "preferred",
          "valueSetReference": {
            "reference": "http://hl7.org/fhir/ValueSet/condition-severity"
          }
        }
      },
      {
        "id": "shr-core-CongenitalAbnormality-model.bodyLocation",
        "path": "shr-core-CongenitalAbnormality-model.bodyLocation",
        "short": "A location or structure in the body, including tissues, regions, cavities, and spaces; for example, right elbow, or left ventricle of the heart. Body location is a flexible structure that allows the location to be determined by a single code, or a code plus laterality and/or orientation. The body location can also be specified in relation to one or more body landmarks. SNOMED CT is used in all cases.",
        "definition": "A location or structure in the body, including tissues, regions, cavities, and spaces; for example, right elbow, or left ventricle of the heart. Body location is a flexible structure that allows the location to be determined by a single code, or a code plus laterality and/or orientation. The body location can also be specified in relation to one or more body landmarks. SNOMED CT is used in all cases.\n+ Code only: The code should include (precoordinate) laterality and/orientation to the degree necessary to completely specify the body location.\n+ Code plus laterality and/or orientation: The basic code augmented by codes specifying the body side and/or anatomical orientation.\n+ Relation to landmark: The location relative to a landmark is specified by:\n- Establishing the location and type of landmark using a body site code and optional laterality/orientation, and\n- Specifying the direction and distance from the landmark to the body location.\nNote that BodyLocation is a data type, a reusable structure, not a stand-alone entity. The concept is similar to how a postal address can apply to a person, location, or organization. This contrasts with FHIR's stand-alone BodySite (aka BodyStructure in r4) which 'is not ... intended for describing the type of anatomical location but rather a specific body site on a specific patient' (FHIR 3.5).",
        "min": 0,
        "max": "*",
        "base": {
          "path": "shr-core-CongenitalAbnormality-model.bodyLocation",
          "min": 0,
          "max": "*"
        },
        "type": [
          {
            "code": "http://hl7.org/fhir/us/shr/StructureDefinition/shr-core-BodyLocation-model"
          }
        ],
        "mustSupport": false,
        "isModifier": false,
        "isSummary": false
      },
      {
        "id": "shr-core-CongenitalAbnormality-model.onset[x]",
        "path": "shr-core-CongenitalAbnormality-model.onset[x]",
        "short": "The beginning or first appearance of a mental or physical disorder.",
        "definition": "The beginning or first appearance of a mental or physical disorder.",
        "min": 0,
        "max": "1",
        "base": {
          "path": "shr-core-CongenitalAbnormality-model.onset[x]",
          "min": 0,
          "max": "1"
        },
        "type": [
          {
            "code": "dateTime"
          },
          {
            "code": "http://hl7.org/fhir/us/shr/StructureDefinition/shr-core-Age-model"
          },
          {
            "code": "http://hl7.org/fhir/us/shr/StructureDefinition/shr-core-TimePeriod-model"
          },
          {
            "code": "http://hl7.org/fhir/us/shr/StructureDefinition/shr-core-Range-model"
          },
          {
            "code": "string"
          }
        ],
        "mustSupport": false,
        "isModifier": false,
        "isSummary": false
      },
      {
        "id": "shr-core-CongenitalAbnormality-model.abatement[x]",
        "path": "shr-core-CongenitalAbnormality-model.abatement[x]",
        "short": "The end, remission or resolution.",
        "definition": "The end, remission or resolution.",
        "min": 0,
        "max": "1",
        "base": {
          "path": "shr-core-CongenitalAbnormality-model.abatement[x]",
          "min": 0,
          "max": "1"
        },
        "type": [
          {
            "code": "dateTime"
          },
          {
            "code": "http://hl7.org/fhir/us/shr/StructureDefinition/shr-core-Age-model"
          },
          {
            "code": "boolean"
          },
          {
            "code": "http://hl7.org/fhir/us/shr/StructureDefinition/shr-core-TimePeriod-model"
          },
          {
            "code": "http://hl7.org/fhir/us/shr/StructureDefinition/shr-core-Range-model"
          },
          {
            "code": "string"
          }
        ],
        "mustSupport": false,
        "isModifier": false,
        "isSummary": false
      },
      {
        "id": "shr-core-CongenitalAbnormality-model.author[x]",
        "path": "shr-core-CongenitalAbnormality-model.author[x]",
        "short": "The actor who created the item and it responsible for the content (regardless of the information source or who recorded it). If only the author is given, it is assumed the author is the information source and the recorder.",
        "definition": "The actor who created the item and it responsible for the content (regardless of the information source or who recorded it). If only the author is given, it is assumed the author is the information source and the recorder.",
        "min": 0,
        "max": "1",
        "base": {
          "path": "shr-core-CongenitalAbnormality-model.author[x]",
          "min": 0,
          "max": "1"
        },
        "type": [
          {
            "code": "Reference",
            "targetProfile": "http://hl7.org/fhir/us/shr/StructureDefinition/shr-core-Patient-model"
          },
          {
            "code": "Reference",
            "targetProfile": "http://hl7.org/fhir/us/shr/StructureDefinition/shr-core-Practitioner-model"
          },
          {
            "code": "Reference",
            "targetProfile": "http://hl7.org/fhir/us/shr/StructureDefinition/shr-core-RelatedPerson-model"
          },
          {
            "code": "Reference",
            "targetProfile": "http://hl7.org/fhir/us/shr/StructureDefinition/shr-core-Organization-model"
          },
          {
            "code": "Reference",
            "targetProfile": "http://hl7.org/fhir/us/shr/StructureDefinition/shr-core-Device-model"
          }
        ],
        "mustSupport": false,
        "isModifier": false,
        "isSummary": false
      },
      {
        "id": "shr-core-CongenitalAbnormality-model.personInformationSource[x]",
        "path": "shr-core-CongenitalAbnormality-model.personInformationSource[x]",
        "short": "The person who provided the information, not necessarily the patient.",
        "definition": "The person who provided the information, not necessarily the patient.",
        "min": 0,
        "max": "1",
        "base": {
          "path": "shr-core-CongenitalAbnormality-model.personInformationSource[x]",
          "min": 0,
          "max": "1"
        },
        "type": [
          {
            "code": "Reference",
            "targetProfile": "http://hl7.org/fhir/us/shr/StructureDefinition/shr-core-Patient-model"
          },
          {
            "code": "Reference",
            "targetProfile": "http://hl7.org/fhir/us/shr/StructureDefinition/shr-core-Practitioner-model"
          },
          {
            "code": "Reference",
            "targetProfile": "http://hl7.org/fhir/us/shr/StructureDefinition/shr-core-RelatedPerson-model"
          }
        ],
        "mustSupport": false,
        "isModifier": false,
        "isSummary": false
      },
      {
        "id": "shr-core-CongenitalAbnormality-model.stageInformation",
        "path": "shr-core-CongenitalAbnormality-model.stageInformation",
        "short": "The relative advancement in the course of a disease. The StageCode is the summary stage or stage group. StageDetail optionally contains the full staging information.",
        "definition": "The relative advancement in the course of a disease. The StageCode is the summary stage or stage group. StageDetail optionally contains the full staging information.",
        "min": 0,
        "max": "1",
        "base": {
          "path": "shr-core-CongenitalAbnormality-model.stageInformation",
          "min": 0,
          "max": "1"
        },
        "type": [
          {
            "code": "http://hl7.org/fhir/us/shr/StructureDefinition/shr-core-StageInformation-model"
          }
        ],
        "mustSupport": false,
        "isModifier": false,
        "isSummary": false
      },
      {
        "id": "shr-core-CongenitalAbnormality-model.evidence",
        "path": "shr-core-CongenitalAbnormality-model.evidence",
        "short": "Supporting evidence / manifestations that are the basis of the Condition's verification status, such as evidence that confirmed or refuted the condition.",
        "definition": "Supporting evidence / manifestations that are the basis of the Condition's verification status, such as evidence that confirmed or refuted the condition.",
        "min": 0,
        "max": "1",
        "base": {
          "path": "shr-core-CongenitalAbnormality-model.evidence",
          "min": 0,
          "max": "1"
        },
        "type": [
          {
            "code": "http://hl7.org/fhir/us/shr/StructureDefinition/shr-core-Evidence-model"
          }
        ],
        "mustSupport": false,
        "isModifier": false,
        "isSummary": false
      },
      {
        "id": "shr-core-CongenitalAbnormality-model.annotation",
        "path": "shr-core-CongenitalAbnormality-model.annotation",
        "short": "An added or follow-up note, often after the fact, that contains metadata about who made the statement and when.",
        "definition": "An added or follow-up note, often after the fact, that contains metadata about who made the statement and when.",
        "min": 0,
        "max": "*",
        "base": {
          "path": "shr-core-CongenitalAbnormality-model.annotation",
          "min": 0,
          "max": "*"
        },
        "type": [
          {
            "code": "http://hl7.org/fhir/us/shr/StructureDefinition/shr-core-Annotation-model"
          }
        ],
        "mustSupport": false,
        "isModifier": false,
        "isSummary": false
      },
      {
        "id": "shr-core-CongenitalAbnormality-model.dateOfDiagnosis",
        "path": "shr-core-CongenitalAbnormality-model.dateOfDiagnosis",
        "short": "The date the disease was first clinically recognized with sufficient certainty, regardless of whether it was fully characterized at that time.",
        "definition": "The date the disease was first clinically recognized with sufficient certainty, regardless of whether it was fully characterized at that time.",
        "min": 0,
        "max": "1",
        "base": {
          "path": "shr-core-CongenitalAbnormality-model.dateOfDiagnosis",
          "min": 0,
          "max": "1"
        },
        "type": [
          {
            "code": "date"
          }
        ],
        "mustSupport": false,
        "isModifier": false,
        "isSummary": false
      }
    ]
  }
}