{
  "resourceType": "StructureDefinition",
  "id": "shr-core-MaxDosePerPeriod-model",
  "text": {
    "status": "generated",
    "div": "<div xmlns=\"http://www.w3.org/1999/xhtml\">\n  <p><b>MaxDosePerPeriod Logical Model</b></p>\n  <p>The maximum amount of a medication to be taken in a given period of time (e.g., no more than x in any 24-hour period)</p>\n</div>"
  },
  "url": "http://hl7.org/fhir/us/shr/StructureDefinition/shr-core-MaxDosePerPeriod-model",
  "identifier": [
    {
      "system": "http://hl7.org/fhir/us/shrcore",
      "value": "shr.core.MaxDosePerPeriod"
    }
  ],
  "version": "0.6.0",
  "name": "MaxDosePerPeriod",
  "title": "shr-core-MaxDosePerPeriod",
  "status": "draft",
  "date": "2019-05-07T00:00:00-04:00",
  "publisher": "The MITRE Corporation",
  "contact": [
    {
      "telecom": [
        {
          "system": "url",
          "value": "http://www.standardhealthrecord.org"
        }
      ]
    }
  ],
  "description": "The maximum amount of a medication to be taken in a given period of time (e.g., no more than x in any 24-hour period)",
  "kind": "logical",
  "abstract": false,
  "type": "shr-core-MaxDosePerPeriod-model",
  "baseDefinition": "http://hl7.org/fhir/StructureDefinition/Element",
  "derivation": "specialization",
  "snapshot": {
    "element": [
      {
        "id": "shr-core-MaxDosePerPeriod-model",
        "path": "shr-core-MaxDosePerPeriod-model",
        "definition": "The maximum amount of a medication to be taken in a given period of time (e.g., no more than x in any 24-hour period)",
        "min": 0,
        "max": "*",
        "base": {
          "path": "shr-core-MaxDosePerPeriod-model",
          "min": 0,
          "max": "*"
        },
        "mustSupport": false,
        "isModifier": false,
        "isSummary": false
      },
      {
        "id": "shr-core-MaxDosePerPeriod-model.value",
        "path": "shr-core-MaxDosePerPeriod-model.value",
        "short": "Ratio representing the maximum amount of a medication to be taken in a given period of time (e.g., no more than x in any 24-hour period)",
        "definition": "Ratio representing the maximum amount of a medication to be taken in a given period of time (e.g., no more than x in any 24-hour period)",
        "min": 1,
        "max": "1",
        "base": {
          "path": "shr-core-MaxDosePerPeriod-model.value",
          "min": 1,
          "max": "1"
        },
        "type": [
          {
            "code": "http://hl7.org/fhir/us/shr/StructureDefinition/shr-core-Ratio-model"
          }
        ],
        "mustSupport": false,
        "isModifier": false,
        "isSummary": false
      }
    ]
  },
  "differential": {
    "element": [
      {
        "id": "shr-core-MaxDosePerPeriod-model",
        "path": "shr-core-MaxDosePerPeriod-model",
        "definition": "The maximum amount of a medication to be taken in a given period of time (e.g., no more than x in any 24-hour period)",
        "min": 0,
        "max": "*",
        "base": {
          "path": "shr-core-MaxDosePerPeriod-model",
          "min": 0,
          "max": "*"
        },
        "mustSupport": false,
        "isModifier": false,
        "isSummary": false
      },
      {
        "id": "shr-core-MaxDosePerPeriod-model.value",
        "path": "shr-core-MaxDosePerPeriod-model.value",
        "short": "Ratio representing the maximum amount of a medication to be taken in a given period of time (e.g., no more than x in any 24-hour period)",
        "definition": "Ratio representing the maximum amount of a medication to be taken in a given period of time (e.g., no more than x in any 24-hour period)",
        "min": 1,
        "max": "1",
        "base": {
          "path": "shr-core-MaxDosePerPeriod-model.value",
          "min": 1,
          "max": "1"
        },
        "type": [
          {
            "code": "http://hl7.org/fhir/us/shr/StructureDefinition/shr-core-Ratio-model"
          }
        ],
        "mustSupport": false,
        "isModifier": false,
        "isSummary": false
      }
    ]
  }
}