{
  "resourceType": "StructureDefinition",
  "id": "shr-core-QuestionnaireResponse-model",
  "text": {
    "status": "generated",
    "div": "<div xmlns=\"http://www.w3.org/1999/xhtml\">\n  <p><b>QuestionnaireResponse Logical Model</b></p>\n  <p>A structured set of questions and their answers. The questions are ordered and grouped into coherent subsets, corresponding to the structure of the grouping of the questionnaire being responded to.</p>\n</div>"
  },
  "url": "http://hl7.org/fhir/us/shr/StructureDefinition/shr-core-QuestionnaireResponse-model",
  "identifier": [
    {
      "system": "http://hl7.org/fhir/us/shrcore",
      "value": "shr.core.QuestionnaireResponse"
    }
  ],
  "version": "0.6.0",
  "name": "QuestionnaireResponse",
  "title": "shr-core-QuestionnaireResponse",
  "status": "draft",
  "date": "2019-05-07T00:00:00-04:00",
  "publisher": "The MITRE Corporation",
  "contact": [
    {
      "telecom": [
        {
          "system": "url",
          "value": "http://www.standardhealthrecord.org"
        }
      ]
    }
  ],
  "description": "A structured set of questions and their answers. The questions are ordered and grouped into coherent subsets, corresponding to the structure of the grouping of the questionnaire being responded to.",
  "kind": "logical",
  "abstract": false,
  "type": "shr-core-QuestionnaireResponse-model",
  "baseDefinition": "http://hl7.org/fhir/StructureDefinition/Element",
  "derivation": "specialization",
  "snapshot": {
    "element": [
      {
        "id": "shr-core-QuestionnaireResponse-model",
        "path": "shr-core-QuestionnaireResponse-model",
        "definition": "A structured set of questions and their answers. The questions are ordered and grouped into coherent subsets, corresponding to the structure of the grouping of the questionnaire being responded to.",
        "min": 0,
        "max": "*",
        "base": {
          "path": "shr-core-QuestionnaireResponse-model",
          "min": 0,
          "max": "*"
        },
        "mustSupport": false,
        "isModifier": false,
        "isSummary": false
      },
      {
        "id": "shr-core-QuestionnaireResponse-model.metadata",
        "path": "shr-core-QuestionnaireResponse-model.metadata",
        "short": "Elements that belong to all information items.",
        "definition": "Elements that belong to all information items.",
        "min": 0,
        "max": "1",
        "base": {
          "path": "shr-core-QuestionnaireResponse-model.metadata",
          "min": 0,
          "max": "1"
        },
        "type": [
          {
            "code": "http://hl7.org/fhir/us/shr/StructureDefinition/shr-core-Metadata-model"
          }
        ],
        "mustSupport": false,
        "isModifier": false,
        "isSummary": false
      },
      {
        "id": "shr-core-QuestionnaireResponse-model.language",
        "path": "shr-core-QuestionnaireResponse-model.language",
        "short": "A human language, spoken or written.",
        "definition": "A human language, spoken or written.",
        "min": 0,
        "max": "1",
        "base": {
          "path": "shr-core-QuestionnaireResponse-model.language",
          "min": 0,
          "max": "1"
        },
        "type": [
          {
            "code": "Coding"
          }
        ],
        "mustSupport": false,
        "isModifier": false,
        "isSummary": false
      },
      {
        "id": "shr-core-QuestionnaireResponse-model.implicitRules",
        "path": "shr-core-QuestionnaireResponse-model.implicitRules",
        "short": "A set of rules under which this content was created",
        "definition": "A set of rules under which this content was created",
        "min": 0,
        "max": "1",
        "base": {
          "path": "shr-core-QuestionnaireResponse-model.implicitRules",
          "min": 0,
          "max": "1"
        },
        "type": [
          {
            "code": "uri"
          }
        ],
        "mustSupport": false,
        "isModifier": false,
        "isSummary": false
      },
      {
        "id": "shr-core-QuestionnaireResponse-model.narrative",
        "path": "shr-core-QuestionnaireResponse-model.narrative",
        "short": "A human-readable narrative, potentially including images, that contains a summary of the resource, and may be used to represent the content of the resource to a human.",
        "definition": "A human-readable narrative, potentially including images, that contains a summary of the resource, and may be used to represent the content of the resource to a human.",
        "min": 0,
        "max": "1",
        "base": {
          "path": "shr-core-QuestionnaireResponse-model.narrative",
          "min": 0,
          "max": "1"
        },
        "type": [
          {
            "code": "http://hl7.org/fhir/us/shr/StructureDefinition/shr-core-Narrative-model"
          }
        ],
        "mustSupport": false,
        "isModifier": false,
        "isSummary": false
      },
      {
        "id": "shr-core-QuestionnaireResponse-model.status",
        "path": "shr-core-QuestionnaireResponse-model.status",
        "short": "A state that relates to the workflow or interpretation of this resource. Certain status values can modify the meaning of the resource, for example, entered-in-error. When a boolean value is used, Status of true indicates the record is active, false means inactive.",
        "definition": "A state that relates to the workflow or interpretation of this resource. Certain status values can modify the meaning of the resource, for example, entered-in-error. When a boolean value is used, Status of true indicates the record is active, false means inactive.",
        "min": 1,
        "max": "1",
        "base": {
          "path": "shr-core-QuestionnaireResponse-model.status",
          "min": 1,
          "max": "1"
        },
        "type": [
          {
            "code": "Coding"
          }
        ],
        "mustSupport": false,
        "isModifier": false,
        "isSummary": false,
        "binding": {
          "strength": "required",
          "valueSetReference": {
            "reference": "http://hl7.org/fhir/ValueSet/questionnaire-answers-status"
          }
        }
      },
      {
        "id": "shr-core-QuestionnaireResponse-model.identifier",
        "path": "shr-core-QuestionnaireResponse-model.identifier",
        "short": "Business identifier or external id for this resource.",
        "definition": "Business identifier or external id for this resource.",
        "min": 0,
        "max": "1",
        "base": {
          "path": "shr-core-QuestionnaireResponse-model.identifier",
          "min": 0,
          "max": "1"
        },
        "type": [
          {
            "code": "http://hl7.org/fhir/us/shr/StructureDefinition/shr-core-Identifier-model"
          }
        ],
        "mustSupport": false,
        "isModifier": false,
        "isSummary": false
      },
      {
        "id": "shr-core-QuestionnaireResponse-model.questionnaireResponseBasedOn[x]",
        "path": "shr-core-QuestionnaireResponse-model.questionnaireResponseBasedOn[x]",
        "slicing": {
          "discriminator": [
            {
              "type": "type",
              "path": "$this"
            }
          ],
          "ordered": false,
          "rules": "open"
        },
        "short": "QuestionnaireResponseBasedOn",
        "definition": "QuestionnaireResponseBasedOn",
        "min": 0,
        "max": "*",
        "base": {
          "path": "shr-core-QuestionnaireResponse-model.questionnaireResponseBasedOn[x]",
          "min": 0,
          "max": "*"
        },
        "type": [
          {
            "code": "Reference",
            "targetProfile": "http://hl7.org/fhir/us/shr/StructureDefinition/shr-core-ServiceRequest-model"
          },
          {
            "code": "Reference",
            "targetProfile": "http://hl7.org/fhir/us/shr/StructureDefinition/shr-core-ReferralRequest-model"
          },
          {
            "code": "Reference",
            "targetProfile": "http://hl7.org/fhir/us/shr/StructureDefinition/shr-core-ProcedureRequest-model"
          }
        ],
        "mustSupport": false,
        "isModifier": false,
        "isSummary": false
      },
      {
        "id": "shr-core-QuestionnaireResponse-model.questionnaireResponseBasedOnShr-core-ServiceRequest-model:ServiceRequest",
        "path": "shr-core-QuestionnaireResponse-model.questionnaireResponseBasedOnShr-core-ServiceRequest-model",
        "sliceName": "ServiceRequest",
        "short": "A record of a request for service such as diagnostic investigations, treatments, or operations to be performed.",
        "definition": "A record of a request for service such as diagnostic investigations, treatments, or operations to be performed.",
        "min": 1,
        "max": "1",
        "base": {
          "path": "shr-core-QuestionnaireResponse-model.questionnaireResponseBasedOn[x]",
          "min": 0,
          "max": "*"
        },
        "type": [
          {
            "code": "Reference",
            "targetProfile": "http://hl7.org/fhir/us/shr/StructureDefinition/shr-core-ServiceRequest-model"
          }
        ],
        "mustSupport": false,
        "isModifier": false,
        "isSummary": false
      },
      {
        "id": "shr-core-QuestionnaireResponse-model.questionnaireResponseBasedOnShr-core-ReferralRequest-model:ReferralRequest",
        "path": "shr-core-QuestionnaireResponse-model.questionnaireResponseBasedOnShr-core-ReferralRequest-model",
        "sliceName": "ReferralRequest",
        "short": "Used to record and send details about a request for referral service or transfer of a patient to the care of another provider or provider organization.",
        "definition": "Used to record and send details about a request for referral service or transfer of a patient to the care of another provider or provider organization.",
        "min": 1,
        "max": "1",
        "base": {
          "path": "shr-core-QuestionnaireResponse-model.questionnaireResponseBasedOn[x]",
          "min": 0,
          "max": "*"
        },
        "type": [
          {
            "code": "Reference",
            "targetProfile": "http://hl7.org/fhir/us/shr/StructureDefinition/shr-core-ReferralRequest-model"
          }
        ],
        "mustSupport": false,
        "isModifier": false,
        "isSummary": false
      },
      {
        "id": "shr-core-QuestionnaireResponse-model.questionnaireResponseBasedOnShr-core-ProcedureRequest-model:ProcedureRequest",
        "path": "shr-core-QuestionnaireResponse-model.questionnaireResponseBasedOnShr-core-ProcedureRequest-model",
        "sliceName": "ProcedureRequest",
        "short": "A request for a procedure to be performed. May be a proposal or an order.",
        "definition": "A request for a procedure to be performed. May be a proposal or an order.",
        "min": 1,
        "max": "1",
        "base": {
          "path": "shr-core-QuestionnaireResponse-model.questionnaireResponseBasedOn[x]",
          "min": 0,
          "max": "*"
        },
        "type": [
          {
            "code": "Reference",
            "targetProfile": "http://hl7.org/fhir/us/shr/StructureDefinition/shr-core-ProcedureRequest-model"
          }
        ],
        "mustSupport": false,
        "isModifier": false,
        "isSummary": false
      },
      {
        "id": "shr-core-QuestionnaireResponse-model.questionnaireResponsePartOf[x]",
        "path": "shr-core-QuestionnaireResponse-model.questionnaireResponsePartOf[x]",
        "slicing": {
          "discriminator": [
            {
              "type": "type",
              "path": "$this"
            }
          ],
          "ordered": false,
          "rules": "open"
        },
        "short": "A procedure or observation that this questionnaire was performed as part of the execution of. For example, the surgery a checklist was executed as part of.",
        "definition": "A procedure or observation that this questionnaire was performed as part of the execution of. For example, the surgery a checklist was executed as part of.",
        "min": 0,
        "max": "*",
        "base": {
          "path": "shr-core-QuestionnaireResponse-model.questionnaireResponsePartOf[x]",
          "min": 0,
          "max": "*"
        },
        "type": [
          {
            "code": "Reference",
            "targetProfile": "http://hl7.org/fhir/us/shr/StructureDefinition/shr-core-Observation-model"
          },
          {
            "code": "Reference",
            "targetProfile": "http://hl7.org/fhir/us/shr/StructureDefinition/shr-core-Procedure-model"
          }
        ],
        "mustSupport": false,
        "isModifier": false,
        "isSummary": false
      },
      {
        "id": "shr-core-QuestionnaireResponse-model.questionnaireResponsePartOfShr-core-Observation-model:Observation",
        "path": "shr-core-QuestionnaireResponse-model.questionnaireResponsePartOfShr-core-Observation-model",
        "sliceName": "Observation",
        "short": "Represents the result of evaluations (measurements, tests, or questions) that have been performed.",
        "definition": "Represents the result of evaluations (measurements, tests, or questions) that have been performed.\nObservation has a value representing the result (answer), or an DataAbsentReason indicating why the value is not present. Things observed about the subject can include social and behavioral factors, subjective and objective observations, and assessments.\nFor an Observation, the Code describes the aspect or property of the subject being observed or measured. The Code is the 'question code' that pairs to the 'answer' contained in the Value.",
        "min": 1,
        "max": "1",
        "base": {
          "path": "shr-core-QuestionnaireResponse-model.questionnaireResponsePartOf[x]",
          "min": 0,
          "max": "*"
        },
        "type": [
          {
            "code": "Reference",
            "targetProfile": "http://hl7.org/fhir/us/shr/StructureDefinition/shr-core-Observation-model"
          }
        ],
        "mustSupport": false,
        "isModifier": false,
        "isSummary": false
      },
      {
        "id": "shr-core-QuestionnaireResponse-model.questionnaireResponsePartOfShr-core-Procedure-model:Procedure",
        "path": "shr-core-QuestionnaireResponse-model.questionnaireResponsePartOfShr-core-Procedure-model",
        "sliceName": "Procedure",
        "short": "An action that is or was performed on or for a patient. This can be a physical intervention like an operation, or less invasive like long term services, counseling, or hypnotherapy.",
        "definition": "An action that is or was performed on or for a patient. This can be a physical intervention like an operation, or less invasive like long term services, counseling, or hypnotherapy.",
        "min": 1,
        "max": "1",
        "base": {
          "path": "shr-core-QuestionnaireResponse-model.questionnaireResponsePartOf[x]",
          "min": 0,
          "max": "*"
        },
        "type": [
          {
            "code": "Reference",
            "targetProfile": "http://hl7.org/fhir/us/shr/StructureDefinition/shr-core-Procedure-model"
          }
        ],
        "mustSupport": false,
        "isModifier": false,
        "isSummary": false
      },
      {
        "id": "shr-core-QuestionnaireResponse-model.questionnaireCanonical",
        "path": "shr-core-QuestionnaireResponse-model.questionnaireCanonical",
        "short": "The Questionnaire that defines and organizes the questions for which answers are being provided.",
        "definition": "The Questionnaire that defines and organizes the questions for which answers are being provided.",
        "min": 0,
        "max": "1",
        "base": {
          "path": "shr-core-QuestionnaireResponse-model.questionnaireCanonical",
          "min": 0,
          "max": "1"
        },
        "type": [
          {
            "code": "uri"
          }
        ],
        "mustSupport": false,
        "isModifier": false,
        "isSummary": false
      },
      {
        "id": "shr-core-QuestionnaireResponse-model.focalSubject",
        "path": "shr-core-QuestionnaireResponse-model.focalSubject",
        "short": "The person or entity that the information in this resource relates to, if different than the person of record. The subject of information can be a reference or a code, the latter when the subject is described generically, for example, in terms of a relationship to the subject of record (e.g., wife).",
        "definition": "The person or entity that the information in this resource relates to, if different than the person of record. The subject of information can be a reference or a code, the latter when the subject is described generically, for example, in terms of a relationship to the subject of record (e.g., wife).",
        "min": 0,
        "max": "1",
        "base": {
          "path": "shr-core-QuestionnaireResponse-model.focalSubject",
          "min": 0,
          "max": "1"
        },
        "type": [
          {
            "code": "http://hl7.org/fhir/us/shr/StructureDefinition/shr-core-DomainResource-model"
          }
        ],
        "mustSupport": false,
        "isModifier": false,
        "isSummary": false
      },
      {
        "id": "shr-core-QuestionnaireResponse-model.careContext",
        "path": "shr-core-QuestionnaireResponse-model.careContext",
        "short": "The encounter or episode of care",
        "definition": "The encounter or episode of care",
        "min": 0,
        "max": "1",
        "base": {
          "path": "shr-core-QuestionnaireResponse-model.careContext",
          "min": 0,
          "max": "1"
        },
        "type": [
          {
            "code": "Reference",
            "targetProfile": "http://hl7.org/fhir/us/shr/StructureDefinition/shr-core-Encounter-model"
          }
        ],
        "mustSupport": false,
        "isModifier": false,
        "isSummary": false
      },
      {
        "id": "shr-core-QuestionnaireResponse-model.statementDateTime",
        "path": "shr-core-QuestionnaireResponse-model.statementDateTime",
        "code": [
          {
            "system": "http://ncimeta.nci.nih.gov",
            "code": "C3669169"
          }
        ],
        "short": "The point in time when the statement was created.",
        "definition": "The point in time when the statement was created.",
        "min": 0,
        "max": "1",
        "base": {
          "path": "shr-core-QuestionnaireResponse-model.statementDateTime",
          "min": 0,
          "max": "1"
        },
        "type": [
          {
            "code": "dateTime"
          }
        ],
        "mustSupport": false,
        "isModifier": false,
        "isSummary": false
      },
      {
        "id": "shr-core-QuestionnaireResponse-model.questionnaireResponseRecorder[x]",
        "path": "shr-core-QuestionnaireResponse-model.questionnaireResponseRecorder[x]",
        "short": "The recorder of the information, who received and recorded the answers. For example, the nurse taking a list of medications reported by the patient.",
        "definition": "The recorder of the information, who received and recorded the answers. For example, the nurse taking a list of medications reported by the patient.",
        "min": 0,
        "max": "1",
        "base": {
          "path": "shr-core-QuestionnaireResponse-model.questionnaireResponseRecorder[x]",
          "min": 0,
          "max": "1"
        },
        "type": [
          {
            "code": "Reference",
            "targetProfile": "http://hl7.org/fhir/us/shr/StructureDefinition/shr-core-Practitioner-model"
          },
          {
            "code": "Reference",
            "targetProfile": "http://hl7.org/fhir/us/shr/StructureDefinition/shr-core-Patient-model"
          },
          {
            "code": "Reference",
            "targetProfile": "http://hl7.org/fhir/us/shr/StructureDefinition/shr-core-RelatedPerson-model"
          },
          {
            "code": "Reference",
            "targetProfile": "http://hl7.org/fhir/us/shr/StructureDefinition/shr-core-Device-model"
          }
        ],
        "mustSupport": false,
        "isModifier": false,
        "isSummary": false
      },
      {
        "id": "shr-core-QuestionnaireResponse-model.personInformationSource[x]",
        "path": "shr-core-QuestionnaireResponse-model.personInformationSource[x]",
        "short": "The person who provided the information, not necessarily the patient.",
        "definition": "The person who provided the information, not necessarily the patient.",
        "min": 0,
        "max": "1",
        "base": {
          "path": "shr-core-QuestionnaireResponse-model.personInformationSource[x]",
          "min": 0,
          "max": "1"
        },
        "type": [
          {
            "code": "Reference",
            "targetProfile": "http://hl7.org/fhir/us/shr/StructureDefinition/shr-core-Patient-model"
          },
          {
            "code": "Reference",
            "targetProfile": "http://hl7.org/fhir/us/shr/StructureDefinition/shr-core-Practitioner-model"
          },
          {
            "code": "Reference",
            "targetProfile": "http://hl7.org/fhir/us/shr/StructureDefinition/shr-core-RelatedPerson-model"
          }
        ],
        "mustSupport": false,
        "isModifier": false,
        "isSummary": false
      },
      {
        "id": "shr-core-QuestionnaireResponse-model.questionnaireResponseItem",
        "path": "shr-core-QuestionnaireResponse-model.questionnaireResponseItem",
        "short": "Questions and sections within the Questionnaire.",
        "definition": "Questions and sections within the Questionnaire.",
        "min": 0,
        "max": "*",
        "base": {
          "path": "shr-core-QuestionnaireResponse-model.questionnaireResponseItem",
          "min": 0,
          "max": "*"
        },
        "type": [
          {
            "code": "http://hl7.org/fhir/us/shr/StructureDefinition/shr-core-QuestionnaireResponseItem-model"
          }
        ],
        "mustSupport": false,
        "isModifier": false,
        "isSummary": false
      }
    ]
  },
  "differential": {
    "element": [
      {
        "id": "shr-core-QuestionnaireResponse-model",
        "path": "shr-core-QuestionnaireResponse-model",
        "definition": "A structured set of questions and their answers. The questions are ordered and grouped into coherent subsets, corresponding to the structure of the grouping of the questionnaire being responded to.",
        "min": 0,
        "max": "*",
        "base": {
          "path": "shr-core-QuestionnaireResponse-model",
          "min": 0,
          "max": "*"
        },
        "mustSupport": false,
        "isModifier": false,
        "isSummary": false
      },
      {
        "id": "shr-core-QuestionnaireResponse-model.metadata",
        "path": "shr-core-QuestionnaireResponse-model.metadata",
        "short": "Elements that belong to all information items.",
        "definition": "Elements that belong to all information items.",
        "min": 0,
        "max": "1",
        "base": {
          "path": "shr-core-QuestionnaireResponse-model.metadata",
          "min": 0,
          "max": "1"
        },
        "type": [
          {
            "code": "http://hl7.org/fhir/us/shr/StructureDefinition/shr-core-Metadata-model"
          }
        ],
        "mustSupport": false,
        "isModifier": false,
        "isSummary": false
      },
      {
        "id": "shr-core-QuestionnaireResponse-model.language",
        "path": "shr-core-QuestionnaireResponse-model.language",
        "short": "A human language, spoken or written.",
        "definition": "A human language, spoken or written.",
        "min": 0,
        "max": "1",
        "base": {
          "path": "shr-core-QuestionnaireResponse-model.language",
          "min": 0,
          "max": "1"
        },
        "type": [
          {
            "code": "Coding"
          }
        ],
        "mustSupport": false,
        "isModifier": false,
        "isSummary": false
      },
      {
        "id": "shr-core-QuestionnaireResponse-model.implicitRules",
        "path": "shr-core-QuestionnaireResponse-model.implicitRules",
        "short": "A set of rules under which this content was created",
        "definition": "A set of rules under which this content was created",
        "min": 0,
        "max": "1",
        "base": {
          "path": "shr-core-QuestionnaireResponse-model.implicitRules",
          "min": 0,
          "max": "1"
        },
        "type": [
          {
            "code": "uri"
          }
        ],
        "mustSupport": false,
        "isModifier": false,
        "isSummary": false
      },
      {
        "id": "shr-core-QuestionnaireResponse-model.narrative",
        "path": "shr-core-QuestionnaireResponse-model.narrative",
        "short": "A human-readable narrative, potentially including images, that contains a summary of the resource, and may be used to represent the content of the resource to a human.",
        "definition": "A human-readable narrative, potentially including images, that contains a summary of the resource, and may be used to represent the content of the resource to a human.",
        "min": 0,
        "max": "1",
        "base": {
          "path": "shr-core-QuestionnaireResponse-model.narrative",
          "min": 0,
          "max": "1"
        },
        "type": [
          {
            "code": "http://hl7.org/fhir/us/shr/StructureDefinition/shr-core-Narrative-model"
          }
        ],
        "mustSupport": false,
        "isModifier": false,
        "isSummary": false
      },
      {
        "id": "shr-core-QuestionnaireResponse-model.status",
        "path": "shr-core-QuestionnaireResponse-model.status",
        "short": "A state that relates to the workflow or interpretation of this resource. Certain status values can modify the meaning of the resource, for example, entered-in-error. When a boolean value is used, Status of true indicates the record is active, false means inactive.",
        "definition": "A state that relates to the workflow or interpretation of this resource. Certain status values can modify the meaning of the resource, for example, entered-in-error. When a boolean value is used, Status of true indicates the record is active, false means inactive.",
        "min": 1,
        "max": "1",
        "base": {
          "path": "shr-core-QuestionnaireResponse-model.status",
          "min": 1,
          "max": "1"
        },
        "type": [
          {
            "code": "Coding"
          }
        ],
        "mustSupport": false,
        "isModifier": false,
        "isSummary": false,
        "binding": {
          "strength": "required",
          "valueSetReference": {
            "reference": "http://hl7.org/fhir/ValueSet/questionnaire-answers-status"
          }
        }
      },
      {
        "id": "shr-core-QuestionnaireResponse-model.identifier",
        "path": "shr-core-QuestionnaireResponse-model.identifier",
        "short": "Business identifier or external id for this resource.",
        "definition": "Business identifier or external id for this resource.",
        "min": 0,
        "max": "1",
        "base": {
          "path": "shr-core-QuestionnaireResponse-model.identifier",
          "min": 0,
          "max": "1"
        },
        "type": [
          {
            "code": "http://hl7.org/fhir/us/shr/StructureDefinition/shr-core-Identifier-model"
          }
        ],
        "mustSupport": false,
        "isModifier": false,
        "isSummary": false
      },
      {
        "id": "shr-core-QuestionnaireResponse-model.questionnaireResponseBasedOn[x]",
        "path": "shr-core-QuestionnaireResponse-model.questionnaireResponseBasedOn[x]",
        "slicing": {
          "discriminator": [
            {
              "type": "type",
              "path": "$this"
            }
          ],
          "ordered": false,
          "rules": "open"
        },
        "short": "QuestionnaireResponseBasedOn",
        "definition": "QuestionnaireResponseBasedOn",
        "min": 0,
        "max": "*",
        "base": {
          "path": "shr-core-QuestionnaireResponse-model.questionnaireResponseBasedOn[x]",
          "min": 0,
          "max": "*"
        },
        "type": [
          {
            "code": "Reference",
            "targetProfile": "http://hl7.org/fhir/us/shr/StructureDefinition/shr-core-ServiceRequest-model"
          },
          {
            "code": "Reference",
            "targetProfile": "http://hl7.org/fhir/us/shr/StructureDefinition/shr-core-ReferralRequest-model"
          },
          {
            "code": "Reference",
            "targetProfile": "http://hl7.org/fhir/us/shr/StructureDefinition/shr-core-ProcedureRequest-model"
          }
        ],
        "mustSupport": false,
        "isModifier": false,
        "isSummary": false
      },
      {
        "id": "shr-core-QuestionnaireResponse-model.questionnaireResponseBasedOnShr-core-ServiceRequest-model:ServiceRequest",
        "path": "shr-core-QuestionnaireResponse-model.questionnaireResponseBasedOnShr-core-ServiceRequest-model",
        "sliceName": "ServiceRequest",
        "short": "A record of a request for service such as diagnostic investigations, treatments, or operations to be performed.",
        "definition": "A record of a request for service such as diagnostic investigations, treatments, or operations to be performed.",
        "min": 1,
        "max": "1",
        "base": {
          "path": "shr-core-QuestionnaireResponse-model.questionnaireResponseBasedOn[x]",
          "min": 0,
          "max": "*"
        },
        "type": [
          {
            "code": "Reference",
            "targetProfile": "http://hl7.org/fhir/us/shr/StructureDefinition/shr-core-ServiceRequest-model"
          }
        ],
        "mustSupport": false,
        "isModifier": false,
        "isSummary": false
      },
      {
        "id": "shr-core-QuestionnaireResponse-model.questionnaireResponseBasedOnShr-core-ReferralRequest-model:ReferralRequest",
        "path": "shr-core-QuestionnaireResponse-model.questionnaireResponseBasedOnShr-core-ReferralRequest-model",
        "sliceName": "ReferralRequest",
        "short": "Used to record and send details about a request for referral service or transfer of a patient to the care of another provider or provider organization.",
        "definition": "Used to record and send details about a request for referral service or transfer of a patient to the care of another provider or provider organization.",
        "min": 1,
        "max": "1",
        "base": {
          "path": "shr-core-QuestionnaireResponse-model.questionnaireResponseBasedOn[x]",
          "min": 0,
          "max": "*"
        },
        "type": [
          {
            "code": "Reference",
            "targetProfile": "http://hl7.org/fhir/us/shr/StructureDefinition/shr-core-ReferralRequest-model"
          }
        ],
        "mustSupport": false,
        "isModifier": false,
        "isSummary": false
      },
      {
        "id": "shr-core-QuestionnaireResponse-model.questionnaireResponseBasedOnShr-core-ProcedureRequest-model:ProcedureRequest",
        "path": "shr-core-QuestionnaireResponse-model.questionnaireResponseBasedOnShr-core-ProcedureRequest-model",
        "sliceName": "ProcedureRequest",
        "short": "A request for a procedure to be performed. May be a proposal or an order.",
        "definition": "A request for a procedure to be performed. May be a proposal or an order.",
        "min": 1,
        "max": "1",
        "base": {
          "path": "shr-core-QuestionnaireResponse-model.questionnaireResponseBasedOn[x]",
          "min": 0,
          "max": "*"
        },
        "type": [
          {
            "code": "Reference",
            "targetProfile": "http://hl7.org/fhir/us/shr/StructureDefinition/shr-core-ProcedureRequest-model"
          }
        ],
        "mustSupport": false,
        "isModifier": false,
        "isSummary": false
      },
      {
        "id": "shr-core-QuestionnaireResponse-model.questionnaireResponsePartOf[x]",
        "path": "shr-core-QuestionnaireResponse-model.questionnaireResponsePartOf[x]",
        "slicing": {
          "discriminator": [
            {
              "type": "type",
              "path": "$this"
            }
          ],
          "ordered": false,
          "rules": "open"
        },
        "short": "A procedure or observation that this questionnaire was performed as part of the execution of. For example, the surgery a checklist was executed as part of.",
        "definition": "A procedure or observation that this questionnaire was performed as part of the execution of. For example, the surgery a checklist was executed as part of.",
        "min": 0,
        "max": "*",
        "base": {
          "path": "shr-core-QuestionnaireResponse-model.questionnaireResponsePartOf[x]",
          "min": 0,
          "max": "*"
        },
        "type": [
          {
            "code": "Reference",
            "targetProfile": "http://hl7.org/fhir/us/shr/StructureDefinition/shr-core-Observation-model"
          },
          {
            "code": "Reference",
            "targetProfile": "http://hl7.org/fhir/us/shr/StructureDefinition/shr-core-Procedure-model"
          }
        ],
        "mustSupport": false,
        "isModifier": false,
        "isSummary": false
      },
      {
        "id": "shr-core-QuestionnaireResponse-model.questionnaireResponsePartOfShr-core-Observation-model:Observation",
        "path": "shr-core-QuestionnaireResponse-model.questionnaireResponsePartOfShr-core-Observation-model",
        "sliceName": "Observation",
        "short": "Represents the result of evaluations (measurements, tests, or questions) that have been performed.",
        "definition": "Represents the result of evaluations (measurements, tests, or questions) that have been performed.\nObservation has a value representing the result (answer), or an DataAbsentReason indicating why the value is not present. Things observed about the subject can include social and behavioral factors, subjective and objective observations, and assessments.\nFor an Observation, the Code describes the aspect or property of the subject being observed or measured. The Code is the 'question code' that pairs to the 'answer' contained in the Value.",
        "min": 1,
        "max": "1",
        "base": {
          "path": "shr-core-QuestionnaireResponse-model.questionnaireResponsePartOf[x]",
          "min": 0,
          "max": "*"
        },
        "type": [
          {
            "code": "Reference",
            "targetProfile": "http://hl7.org/fhir/us/shr/StructureDefinition/shr-core-Observation-model"
          }
        ],
        "mustSupport": false,
        "isModifier": false,
        "isSummary": false
      },
      {
        "id": "shr-core-QuestionnaireResponse-model.questionnaireResponsePartOfShr-core-Procedure-model:Procedure",
        "path": "shr-core-QuestionnaireResponse-model.questionnaireResponsePartOfShr-core-Procedure-model",
        "sliceName": "Procedure",
        "short": "An action that is or was performed on or for a patient. This can be a physical intervention like an operation, or less invasive like long term services, counseling, or hypnotherapy.",
        "definition": "An action that is or was performed on or for a patient. This can be a physical intervention like an operation, or less invasive like long term services, counseling, or hypnotherapy.",
        "min": 1,
        "max": "1",
        "base": {
          "path": "shr-core-QuestionnaireResponse-model.questionnaireResponsePartOf[x]",
          "min": 0,
          "max": "*"
        },
        "type": [
          {
            "code": "Reference",
            "targetProfile": "http://hl7.org/fhir/us/shr/StructureDefinition/shr-core-Procedure-model"
          }
        ],
        "mustSupport": false,
        "isModifier": false,
        "isSummary": false
      },
      {
        "id": "shr-core-QuestionnaireResponse-model.questionnaireCanonical",
        "path": "shr-core-QuestionnaireResponse-model.questionnaireCanonical",
        "short": "The Questionnaire that defines and organizes the questions for which answers are being provided.",
        "definition": "The Questionnaire that defines and organizes the questions for which answers are being provided.",
        "min": 0,
        "max": "1",
        "base": {
          "path": "shr-core-QuestionnaireResponse-model.questionnaireCanonical",
          "min": 0,
          "max": "1"
        },
        "type": [
          {
            "code": "uri"
          }
        ],
        "mustSupport": false,
        "isModifier": false,
        "isSummary": false
      },
      {
        "id": "shr-core-QuestionnaireResponse-model.focalSubject",
        "path": "shr-core-QuestionnaireResponse-model.focalSubject",
        "short": "The person or entity that the information in this resource relates to, if different than the person of record. The subject of information can be a reference or a code, the latter when the subject is described generically, for example, in terms of a relationship to the subject of record (e.g., wife).",
        "definition": "The person or entity that the information in this resource relates to, if different than the person of record. The subject of information can be a reference or a code, the latter when the subject is described generically, for example, in terms of a relationship to the subject of record (e.g., wife).",
        "min": 0,
        "max": "1",
        "base": {
          "path": "shr-core-QuestionnaireResponse-model.focalSubject",
          "min": 0,
          "max": "1"
        },
        "type": [
          {
            "code": "http://hl7.org/fhir/us/shr/StructureDefinition/shr-core-DomainResource-model"
          }
        ],
        "mustSupport": false,
        "isModifier": false,
        "isSummary": false
      },
      {
        "id": "shr-core-QuestionnaireResponse-model.careContext",
        "path": "shr-core-QuestionnaireResponse-model.careContext",
        "short": "The encounter or episode of care",
        "definition": "The encounter or episode of care",
        "min": 0,
        "max": "1",
        "base": {
          "path": "shr-core-QuestionnaireResponse-model.careContext",
          "min": 0,
          "max": "1"
        },
        "type": [
          {
            "code": "Reference",
            "targetProfile": "http://hl7.org/fhir/us/shr/StructureDefinition/shr-core-Encounter-model"
          }
        ],
        "mustSupport": false,
        "isModifier": false,
        "isSummary": false
      },
      {
        "id": "shr-core-QuestionnaireResponse-model.statementDateTime",
        "path": "shr-core-QuestionnaireResponse-model.statementDateTime",
        "code": [
          {
            "system": "http://ncimeta.nci.nih.gov",
            "code": "C3669169"
          }
        ],
        "short": "The point in time when the statement was created.",
        "definition": "The point in time when the statement was created.",
        "min": 0,
        "max": "1",
        "base": {
          "path": "shr-core-QuestionnaireResponse-model.statementDateTime",
          "min": 0,
          "max": "1"
        },
        "type": [
          {
            "code": "dateTime"
          }
        ],
        "mustSupport": false,
        "isModifier": false,
        "isSummary": false
      },
      {
        "id": "shr-core-QuestionnaireResponse-model.questionnaireResponseRecorder[x]",
        "path": "shr-core-QuestionnaireResponse-model.questionnaireResponseRecorder[x]",
        "short": "The recorder of the information, who received and recorded the answers. For example, the nurse taking a list of medications reported by the patient.",
        "definition": "The recorder of the information, who received and recorded the answers. For example, the nurse taking a list of medications reported by the patient.",
        "min": 0,
        "max": "1",
        "base": {
          "path": "shr-core-QuestionnaireResponse-model.questionnaireResponseRecorder[x]",
          "min": 0,
          "max": "1"
        },
        "type": [
          {
            "code": "Reference",
            "targetProfile": "http://hl7.org/fhir/us/shr/StructureDefinition/shr-core-Practitioner-model"
          },
          {
            "code": "Reference",
            "targetProfile": "http://hl7.org/fhir/us/shr/StructureDefinition/shr-core-Patient-model"
          },
          {
            "code": "Reference",
            "targetProfile": "http://hl7.org/fhir/us/shr/StructureDefinition/shr-core-RelatedPerson-model"
          },
          {
            "code": "Reference",
            "targetProfile": "http://hl7.org/fhir/us/shr/StructureDefinition/shr-core-Device-model"
          }
        ],
        "mustSupport": false,
        "isModifier": false,
        "isSummary": false
      },
      {
        "id": "shr-core-QuestionnaireResponse-model.personInformationSource[x]",
        "path": "shr-core-QuestionnaireResponse-model.personInformationSource[x]",
        "short": "The person who provided the information, not necessarily the patient.",
        "definition": "The person who provided the information, not necessarily the patient.",
        "min": 0,
        "max": "1",
        "base": {
          "path": "shr-core-QuestionnaireResponse-model.personInformationSource[x]",
          "min": 0,
          "max": "1"
        },
        "type": [
          {
            "code": "Reference",
            "targetProfile": "http://hl7.org/fhir/us/shr/StructureDefinition/shr-core-Patient-model"
          },
          {
            "code": "Reference",
            "targetProfile": "http://hl7.org/fhir/us/shr/StructureDefinition/shr-core-Practitioner-model"
          },
          {
            "code": "Reference",
            "targetProfile": "http://hl7.org/fhir/us/shr/StructureDefinition/shr-core-RelatedPerson-model"
          }
        ],
        "mustSupport": false,
        "isModifier": false,
        "isSummary": false
      },
      {
        "id": "shr-core-QuestionnaireResponse-model.questionnaireResponseItem",
        "path": "shr-core-QuestionnaireResponse-model.questionnaireResponseItem",
        "short": "Questions and sections within the Questionnaire.",
        "definition": "Questions and sections within the Questionnaire.",
        "min": 0,
        "max": "*",
        "base": {
          "path": "shr-core-QuestionnaireResponse-model.questionnaireResponseItem",
          "min": 0,
          "max": "*"
        },
        "type": [
          {
            "code": "http://hl7.org/fhir/us/shr/StructureDefinition/shr-core-QuestionnaireResponseItem-model"
          }
        ],
        "mustSupport": false,
        "isModifier": false,
        "isSummary": false
      }
    ]
  }
}