{
  "resourceType": "StructureDefinition",
  "id": "shr-core-DiagnosticReport-model",
  "text": {
    "status": "generated",
    "div": "<div xmlns=\"http://www.w3.org/1999/xhtml\">\n  <p><b>DiagnosticReport Logical Model</b></p>\n  <p/>\n</div>"
  },
  "url": "http://hl7.org/fhir/us/shr/StructureDefinition/shr-core-DiagnosticReport-model",
  "identifier": [
    {
      "system": "http://hl7.org/fhir/us/shrcore",
      "value": "shr.core.DiagnosticReport"
    }
  ],
  "version": "0.5.0",
  "name": "DiagnosticReport",
  "title": "shr-core-DiagnosticReport",
  "status": "draft",
  "date": "2019-05-01T00:00:00-04:00",
  "publisher": "The MITRE Corporation",
  "contact": [
    {
      "telecom": [
        {
          "system": "url",
          "value": "http://www.standardhealthrecord.org"
        }
      ]
    }
  ],
  "kind": "logical",
  "abstract": false,
  "type": "shr-core-DiagnosticReport-model",
  "baseDefinition": "http://hl7.org/fhir/StructureDefinition/Element",
  "derivation": "specialization",
  "snapshot": {
    "element": [
      {
        "id": "shr-core-DiagnosticReport-model",
        "path": "shr-core-DiagnosticReport-model",
        "short": "DiagnosticReport",
        "definition": "DiagnosticReport",
        "min": 0,
        "max": "*",
        "base": {
          "path": "shr-core-DiagnosticReport-model",
          "min": 0,
          "max": "*"
        },
        "mustSupport": false,
        "isModifier": false,
        "isSummary": false
      },
      {
        "id": "shr-core-DiagnosticReport-model.metadata",
        "path": "shr-core-DiagnosticReport-model.metadata",
        "short": "Elements that belong to all information items.",
        "definition": "Elements that belong to all information items.",
        "min": 0,
        "max": "1",
        "base": {
          "path": "shr-core-DiagnosticReport-model.metadata",
          "min": 0,
          "max": "1"
        },
        "type": [
          {
            "code": "http://hl7.org/fhir/us/shr/StructureDefinition/shr-core-Metadata-model"
          }
        ],
        "mustSupport": false,
        "isModifier": false,
        "isSummary": false
      },
      {
        "id": "shr-core-DiagnosticReport-model.language",
        "path": "shr-core-DiagnosticReport-model.language",
        "short": "A human language, spoken or written.",
        "definition": "A human language, spoken or written.",
        "min": 0,
        "max": "1",
        "base": {
          "path": "shr-core-DiagnosticReport-model.language",
          "min": 0,
          "max": "1"
        },
        "type": [
          {
            "code": "Coding"
          }
        ],
        "mustSupport": false,
        "isModifier": false,
        "isSummary": false
      },
      {
        "id": "shr-core-DiagnosticReport-model.implicitRules",
        "path": "shr-core-DiagnosticReport-model.implicitRules",
        "short": "A set of rules under which this content was created",
        "definition": "A set of rules under which this content was created",
        "min": 0,
        "max": "1",
        "base": {
          "path": "shr-core-DiagnosticReport-model.implicitRules",
          "min": 0,
          "max": "1"
        },
        "type": [
          {
            "code": "uri"
          }
        ],
        "mustSupport": false,
        "isModifier": false,
        "isSummary": false
      },
      {
        "id": "shr-core-DiagnosticReport-model.narrative",
        "path": "shr-core-DiagnosticReport-model.narrative",
        "short": "A human-readable narrative, potentially including images, that contains a summary of the resource, and may be used to represent the content of the resource to a human.",
        "definition": "A human-readable narrative, potentially including images, that contains a summary of the resource, and may be used to represent the content of the resource to a human.",
        "min": 0,
        "max": "1",
        "base": {
          "path": "shr-core-DiagnosticReport-model.narrative",
          "min": 0,
          "max": "1"
        },
        "type": [
          {
            "code": "http://hl7.org/fhir/us/shr/StructureDefinition/shr-core-Narrative-model"
          }
        ],
        "mustSupport": false,
        "isModifier": false,
        "isSummary": false
      },
      {
        "id": "shr-core-DiagnosticReport-model.status",
        "path": "shr-core-DiagnosticReport-model.status",
        "short": "A state that relates to the workflow or interpretation of this resource. Certain status values can modify the meaning of the resource, for example, entered-in-error. When a boolean value is used, Status of true indicates the record is active, false means inactive.",
        "definition": "A state that relates to the workflow or interpretation of this resource. Certain status values can modify the meaning of the resource, for example, entered-in-error. When a boolean value is used, Status of true indicates the record is active, false means inactive.",
        "min": 1,
        "max": "1",
        "base": {
          "path": "shr-core-DiagnosticReport-model.status",
          "min": 1,
          "max": "1"
        },
        "type": [
          {
            "code": "Coding"
          }
        ],
        "mustSupport": false,
        "isModifier": false,
        "isSummary": false,
        "binding": {
          "strength": "required",
          "valueSetReference": {
            "reference": "http://hl7.org/fhir/ValueSet/diagnostic-report-status"
          }
        }
      },
      {
        "id": "shr-core-DiagnosticReport-model.identifier",
        "path": "shr-core-DiagnosticReport-model.identifier",
        "short": "Business identifier or external id for this resource.",
        "definition": "Business identifier or external id for this resource.",
        "min": 0,
        "max": "*",
        "base": {
          "path": "shr-core-DiagnosticReport-model.identifier",
          "min": 0,
          "max": "*"
        },
        "type": [
          {
            "code": "http://hl7.org/fhir/us/shr/StructureDefinition/shr-core-Identifier-model"
          }
        ],
        "mustSupport": false,
        "isModifier": false,
        "isSummary": false
      },
      {
        "id": "shr-core-DiagnosticReport-model.observationSubjectOfRecord[x]",
        "path": "shr-core-DiagnosticReport-model.observationSubjectOfRecord[x]",
        "short": "A choice of Patient, Group, Device, or Location. These are the potential subjects for an Observation.",
        "definition": "A choice of Patient, Group, Device, or Location. These are the potential subjects for an Observation.",
        "min": 0,
        "max": "1",
        "base": {
          "path": "shr-core-DiagnosticReport-model.observationSubjectOfRecord[x]",
          "min": 0,
          "max": "1"
        },
        "type": [
          {
            "code": "Reference",
            "targetProfile": "http://hl7.org/fhir/us/shr/StructureDefinition/shr-core-Patient-model"
          },
          {
            "code": "Reference",
            "targetProfile": "http://hl7.org/fhir/us/shr/StructureDefinition/shr-core-Group-model"
          },
          {
            "code": "Reference",
            "targetProfile": "http://hl7.org/fhir/us/shr/StructureDefinition/shr-core-Device-model"
          },
          {
            "code": "Reference",
            "targetProfile": "http://hl7.org/fhir/us/shr/StructureDefinition/shr-core-Location-model"
          }
        ],
        "mustSupport": false,
        "isModifier": false,
        "isSummary": false
      },
      {
        "id": "shr-core-DiagnosticReport-model.careContext",
        "path": "shr-core-DiagnosticReport-model.careContext",
        "short": "The encounter or episode of care",
        "definition": "The encounter or episode of care",
        "min": 0,
        "max": "1",
        "base": {
          "path": "shr-core-DiagnosticReport-model.careContext",
          "min": 0,
          "max": "1"
        },
        "type": [
          {
            "code": "Reference",
            "targetProfile": "http://hl7.org/fhir/us/shr/StructureDefinition/shr-core-Encounter-model"
          }
        ],
        "mustSupport": false,
        "isModifier": false,
        "isSummary": false
      },
      {
        "id": "shr-core-DiagnosticReport-model.statementDateTime",
        "path": "shr-core-DiagnosticReport-model.statementDateTime",
        "code": [
          {
            "system": "http://ncimeta.nci.nih.gov",
            "code": "C3669169"
          }
        ],
        "short": "The point in time when the statement was created.",
        "definition": "The point in time when the statement was created.",
        "min": 1,
        "max": "1",
        "base": {
          "path": "shr-core-DiagnosticReport-model.statementDateTime",
          "min": 1,
          "max": "1"
        },
        "type": [
          {
            "code": "dateTime"
          }
        ],
        "mustSupport": false,
        "isModifier": false,
        "isSummary": false
      },
      {
        "id": "shr-core-DiagnosticReport-model.code",
        "path": "shr-core-DiagnosticReport-model.code",
        "short": "The main type identifier for a lab, procedure, condition, etc., usually drawn from a controlled vocabulary.",
        "definition": "The main type identifier for a lab, procedure, condition, etc., usually drawn from a controlled vocabulary.",
        "min": 1,
        "max": "1",
        "base": {
          "path": "shr-core-DiagnosticReport-model.code",
          "min": 1,
          "max": "1"
        },
        "type": [
          {
            "code": "Coding"
          }
        ],
        "mustSupport": false,
        "isModifier": false,
        "isSummary": false,
        "binding": {
          "strength": "preferred",
          "valueSetReference": {
            "reference": "http://hl7.org/fhir/ValueSet/report-codes"
          }
        }
      },
      {
        "id": "shr-core-DiagnosticReport-model.diagnosticReportBasedOn[x]",
        "path": "shr-core-DiagnosticReport-model.diagnosticReportBasedOn[x]",
        "slicing": {
          "discriminator": [
            {
              "type": "type",
              "path": "$this"
            }
          ],
          "ordered": false,
          "rules": "open"
        },
        "short": "The request or order that initiated this report.",
        "definition": "The request or order that initiated this report.",
        "min": 0,
        "max": "*",
        "base": {
          "path": "shr-core-DiagnosticReport-model.diagnosticReportBasedOn[x]",
          "min": 0,
          "max": "*"
        },
        "type": [
          {
            "code": "Reference",
            "targetProfile": "http://hl7.org/fhir/us/shr/StructureDefinition/shr-core-ServiceRequest-model"
          },
          {
            "code": "Reference",
            "targetProfile": "http://hl7.org/fhir/us/shr/StructureDefinition/shr-core-ProcedureRequest-model"
          },
          {
            "code": "Reference",
            "targetProfile": "http://hl7.org/fhir/us/shr/StructureDefinition/shr-core-ReferralRequest-model"
          },
          {
            "code": "Reference",
            "targetProfile": "http://hl7.org/fhir/us/shr/StructureDefinition/shr-core-MedicationRequest-model"
          }
        ],
        "mustSupport": false,
        "isModifier": false,
        "isSummary": false
      },
      {
        "id": "shr-core-DiagnosticReport-model.diagnosticReportBasedOnShr-core-ServiceRequest-model:ServiceRequest",
        "path": "shr-core-DiagnosticReport-model.diagnosticReportBasedOnShr-core-ServiceRequest-model",
        "sliceName": "ServiceRequest",
        "short": "A record of a request for service such as diagnostic investigations, treatments, or operations to be performed.",
        "definition": "A record of a request for service such as diagnostic investigations, treatments, or operations to be performed.",
        "min": 1,
        "max": "1",
        "base": {
          "path": "shr-core-DiagnosticReport-model.diagnosticReportBasedOn[x]",
          "min": 0,
          "max": "*"
        },
        "type": [
          {
            "code": "Reference",
            "targetProfile": "http://hl7.org/fhir/us/shr/StructureDefinition/shr-core-ServiceRequest-model"
          }
        ],
        "mustSupport": false,
        "isModifier": false,
        "isSummary": false
      },
      {
        "id": "shr-core-DiagnosticReport-model.diagnosticReportBasedOnShr-core-ProcedureRequest-model:ProcedureRequest",
        "path": "shr-core-DiagnosticReport-model.diagnosticReportBasedOnShr-core-ProcedureRequest-model",
        "sliceName": "ProcedureRequest",
        "short": "A request for a procedure to be performed. May be a proposal or an order.",
        "definition": "A request for a procedure to be performed. May be a proposal or an order.",
        "min": 1,
        "max": "1",
        "base": {
          "path": "shr-core-DiagnosticReport-model.diagnosticReportBasedOn[x]",
          "min": 0,
          "max": "*"
        },
        "type": [
          {
            "code": "Reference",
            "targetProfile": "http://hl7.org/fhir/us/shr/StructureDefinition/shr-core-ProcedureRequest-model"
          }
        ],
        "mustSupport": false,
        "isModifier": false,
        "isSummary": false
      },
      {
        "id": "shr-core-DiagnosticReport-model.diagnosticReportBasedOnShr-core-ReferralRequest-model:ReferralRequest",
        "path": "shr-core-DiagnosticReport-model.diagnosticReportBasedOnShr-core-ReferralRequest-model",
        "sliceName": "ReferralRequest",
        "short": "Used to record and send details about a request for referral service or transfer of a patient to the care of another provider or provider organization.",
        "definition": "Used to record and send details about a request for referral service or transfer of a patient to the care of another provider or provider organization.",
        "min": 1,
        "max": "1",
        "base": {
          "path": "shr-core-DiagnosticReport-model.diagnosticReportBasedOn[x]",
          "min": 0,
          "max": "*"
        },
        "type": [
          {
            "code": "Reference",
            "targetProfile": "http://hl7.org/fhir/us/shr/StructureDefinition/shr-core-ReferralRequest-model"
          }
        ],
        "mustSupport": false,
        "isModifier": false,
        "isSummary": false
      },
      {
        "id": "shr-core-DiagnosticReport-model.diagnosticReportBasedOnShr-core-MedicationRequest-model:MedicationRequest",
        "path": "shr-core-DiagnosticReport-model.diagnosticReportBasedOnShr-core-MedicationRequest-model",
        "sliceName": "MedicationRequest",
        "short": "An order for a medication to be dispensed and instructions for use.",
        "definition": "An order for a medication to be dispensed and instructions for use.\nValue sets for status are in direct conflict between DSTU2 Argonaut and STU3 US-Core.\nCategory does not exist in DSTU2 and is provided as an extension.\nIntent was added in STU3 and is provided as an extension with required binding.",
        "min": 1,
        "max": "1",
        "base": {
          "path": "shr-core-DiagnosticReport-model.diagnosticReportBasedOn[x]",
          "min": 0,
          "max": "*"
        },
        "type": [
          {
            "code": "Reference",
            "targetProfile": "http://hl7.org/fhir/us/shr/StructureDefinition/shr-core-MedicationRequest-model"
          }
        ],
        "mustSupport": false,
        "isModifier": false,
        "isSummary": false
      },
      {
        "id": "shr-core-DiagnosticReport-model.category",
        "path": "shr-core-DiagnosticReport-model.category",
        "short": "The general type or class of this item.",
        "definition": "The general type or class of this item.",
        "min": 0,
        "max": "1",
        "base": {
          "path": "shr-core-DiagnosticReport-model.category",
          "min": 0,
          "max": "1"
        },
        "type": [
          {
            "code": "Coding"
          }
        ],
        "mustSupport": false,
        "isModifier": false,
        "isSummary": false
      },
      {
        "id": "shr-core-DiagnosticReport-model.relevantTime[x]",
        "path": "shr-core-DiagnosticReport-model.relevantTime[x]",
        "short": "The time or time period that the statement addresses.",
        "definition": "The time or time period that the statement addresses.\nThe clinically relevant time is not necessarily when the information is gathered or when a test is carried out, but for example, when a specimen was collected, or the time period referred to by the question. Use a TimePeriod for a measurement or specimen collection continued over a significant period of time (e.g. 24 hour Urine Sodium).",
        "min": 0,
        "max": "1",
        "base": {
          "path": "shr-core-DiagnosticReport-model.relevantTime[x]",
          "min": 0,
          "max": "1"
        },
        "type": [
          {
            "code": "dateTime"
          },
          {
            "code": "http://hl7.org/fhir/us/shr/StructureDefinition/shr-core-TimePeriod-model"
          }
        ],
        "mustSupport": false,
        "isModifier": false,
        "isSummary": false
      },
      {
        "id": "shr-core-DiagnosticReport-model.diagnosticReportPerformer[x]",
        "path": "shr-core-DiagnosticReport-model.diagnosticReportPerformer[x]",
        "short": "The diagnostic service that is responsible for issuing the report.",
        "definition": "The diagnostic service that is responsible for issuing the report.",
        "min": 0,
        "max": "1",
        "base": {
          "path": "shr-core-DiagnosticReport-model.diagnosticReportPerformer[x]",
          "min": 0,
          "max": "1"
        },
        "type": [
          {
            "code": "Reference",
            "targetProfile": "http://hl7.org/fhir/us/shr/StructureDefinition/shr-core-Practitioner-model"
          },
          {
            "code": "Reference",
            "targetProfile": "http://hl7.org/fhir/us/shr/StructureDefinition/shr-core-Organization-model"
          }
        ],
        "mustSupport": false,
        "isModifier": false,
        "isSummary": false
      },
      {
        "id": "shr-core-DiagnosticReport-model.resultsInterpreter[x]",
        "path": "shr-core-DiagnosticReport-model.resultsInterpreter[x]",
        "short": "The practitioner or organization that is responsible for the report's conclusions and interpretations.",
        "definition": "The practitioner or organization that is responsible for the report's conclusions and interpretations.",
        "min": 0,
        "max": "1",
        "base": {
          "path": "shr-core-DiagnosticReport-model.resultsInterpreter[x]",
          "min": 0,
          "max": "1"
        },
        "type": [
          {
            "code": "Reference",
            "targetProfile": "http://hl7.org/fhir/us/shr/StructureDefinition/shr-core-Practitioner-model"
          },
          {
            "code": "Reference",
            "targetProfile": "http://hl7.org/fhir/us/shr/StructureDefinition/shr-core-Organization-model"
          }
        ],
        "mustSupport": false,
        "isModifier": false,
        "isSummary": false
      },
      {
        "id": "shr-core-DiagnosticReport-model.specimen",
        "path": "shr-core-DiagnosticReport-model.specimen",
        "short": "A specimen is a substance, physical object, or collection of objects, that the laboratory considers a single discrete, uniquely identified unit that is the subject of one or more steps in the laboratory workflow. A specimen may include multiple physical pieces as long as they are considered a single unit within the laboratory workflow. A specimen results from one to many specimen collection procedures, and may be contained in multiple specimen containers. Specimen may have one or more processing activities.",
        "definition": "A specimen is a substance, physical object, or collection of objects, that the laboratory considers a single discrete, uniquely identified unit that is the subject of one or more steps in the laboratory workflow. A specimen may include multiple physical pieces as long as they are considered a single unit within the laboratory workflow. A specimen results from one to many specimen collection procedures, and may be contained in multiple specimen containers. Specimen may have one or more processing activities.",
        "min": 0,
        "max": "*",
        "base": {
          "path": "shr-core-DiagnosticReport-model.specimen",
          "min": 0,
          "max": "*"
        },
        "type": [
          {
            "code": "Reference",
            "targetProfile": "http://hl7.org/fhir/us/shr/StructureDefinition/shr-core-Specimen-model"
          }
        ],
        "mustSupport": false,
        "isModifier": false,
        "isSummary": false
      },
      {
        "id": "shr-core-DiagnosticReport-model.observation",
        "path": "shr-core-DiagnosticReport-model.observation",
        "short": "Represents the result of evaluations (measurements, tests, or questions) that have been performed.",
        "definition": "Represents the result of evaluations (measurements, tests, or questions) that have been performed.\nObservation has a value representing the result (answer), or an DataAbsentReason indicating why the value is not present. Things observed about the subject can include social and behavioral factors, subjective and objective observations, and assessments.\nFor an Observation, the Code describes the aspect or property of the subject being observed or measured. The Code is the 'question code' that pairs to the 'answer' contained in the Value.",
        "min": 0,
        "max": "*",
        "base": {
          "path": "shr-core-DiagnosticReport-model.observation",
          "min": 0,
          "max": "*"
        },
        "type": [
          {
            "code": "Reference",
            "targetProfile": "http://hl7.org/fhir/us/shr/StructureDefinition/shr-core-Observation-model"
          }
        ],
        "mustSupport": false,
        "isModifier": false,
        "isSummary": false
      },
      {
        "id": "shr-core-DiagnosticReport-model.mediaIncluded",
        "path": "shr-core-DiagnosticReport-model.mediaIncluded",
        "short": "A list of key images associated with this report. The images are generally created during the diagnostic process, and may be directly of the patient, or of treated specimens (i.e. slides of interest).",
        "definition": "A list of key images associated with this report. The images are generally created during the diagnostic process, and may be directly of the patient, or of treated specimens (i.e. slides of interest).",
        "min": 0,
        "max": "*",
        "base": {
          "path": "shr-core-DiagnosticReport-model.mediaIncluded",
          "min": 0,
          "max": "*"
        },
        "type": [
          {
            "code": "http://hl7.org/fhir/us/shr/StructureDefinition/shr-core-MediaIncluded-model"
          }
        ],
        "mustSupport": false,
        "isModifier": false,
        "isSummary": false
      },
      {
        "id": "shr-core-DiagnosticReport-model.conclusionText",
        "path": "shr-core-DiagnosticReport-model.conclusionText",
        "short": "Concise and clinically contextualized impression / summary of the diagnostic report.",
        "definition": "Concise and clinically contextualized impression / summary of the diagnostic report.",
        "min": 0,
        "max": "1",
        "base": {
          "path": "shr-core-DiagnosticReport-model.conclusionText",
          "min": 0,
          "max": "1"
        },
        "type": [
          {
            "code": "string"
          }
        ],
        "mustSupport": false,
        "isModifier": false,
        "isSummary": false
      },
      {
        "id": "shr-core-DiagnosticReport-model.conclusionCode",
        "path": "shr-core-DiagnosticReport-model.conclusionCode",
        "short": "One or more codes that represent the summary conclusion (interpretation/impression) of the diagnostic report.",
        "definition": "One or more codes that represent the summary conclusion (interpretation/impression) of the diagnostic report.",
        "min": 0,
        "max": "*",
        "base": {
          "path": "shr-core-DiagnosticReport-model.conclusionCode",
          "min": 0,
          "max": "*"
        },
        "type": [
          {
            "code": "Coding"
          }
        ],
        "mustSupport": false,
        "isModifier": false,
        "isSummary": false
      },
      {
        "id": "shr-core-DiagnosticReport-model.presentedForm",
        "path": "shr-core-DiagnosticReport-model.presentedForm",
        "short": "Fully formatted representation of the entire result as issued by the diagnostic service. Multiple formats are allowed but they SHALL be semantically equivalent.",
        "definition": "Fully formatted representation of the entire result as issued by the diagnostic service. Multiple formats are allowed but they SHALL be semantically equivalent.",
        "min": 0,
        "max": "*",
        "base": {
          "path": "shr-core-DiagnosticReport-model.presentedForm",
          "min": 0,
          "max": "*"
        },
        "type": [
          {
            "code": "Reference",
            "targetProfile": "http://hl7.org/fhir/us/shr/StructureDefinition/shr-core-Attachment-model"
          }
        ],
        "mustSupport": false,
        "isModifier": false,
        "isSummary": false
      }
    ]
  },
  "differential": {
    "element": [
      {
        "id": "shr-core-DiagnosticReport-model",
        "path": "shr-core-DiagnosticReport-model",
        "short": "DiagnosticReport",
        "definition": "DiagnosticReport",
        "min": 0,
        "max": "*",
        "base": {
          "path": "shr-core-DiagnosticReport-model",
          "min": 0,
          "max": "*"
        },
        "mustSupport": false,
        "isModifier": false,
        "isSummary": false
      },
      {
        "id": "shr-core-DiagnosticReport-model.metadata",
        "path": "shr-core-DiagnosticReport-model.metadata",
        "short": "Elements that belong to all information items.",
        "definition": "Elements that belong to all information items.",
        "min": 0,
        "max": "1",
        "base": {
          "path": "shr-core-DiagnosticReport-model.metadata",
          "min": 0,
          "max": "1"
        },
        "type": [
          {
            "code": "http://hl7.org/fhir/us/shr/StructureDefinition/shr-core-Metadata-model"
          }
        ],
        "mustSupport": false,
        "isModifier": false,
        "isSummary": false
      },
      {
        "id": "shr-core-DiagnosticReport-model.language",
        "path": "shr-core-DiagnosticReport-model.language",
        "short": "A human language, spoken or written.",
        "definition": "A human language, spoken or written.",
        "min": 0,
        "max": "1",
        "base": {
          "path": "shr-core-DiagnosticReport-model.language",
          "min": 0,
          "max": "1"
        },
        "type": [
          {
            "code": "Coding"
          }
        ],
        "mustSupport": false,
        "isModifier": false,
        "isSummary": false
      },
      {
        "id": "shr-core-DiagnosticReport-model.implicitRules",
        "path": "shr-core-DiagnosticReport-model.implicitRules",
        "short": "A set of rules under which this content was created",
        "definition": "A set of rules under which this content was created",
        "min": 0,
        "max": "1",
        "base": {
          "path": "shr-core-DiagnosticReport-model.implicitRules",
          "min": 0,
          "max": "1"
        },
        "type": [
          {
            "code": "uri"
          }
        ],
        "mustSupport": false,
        "isModifier": false,
        "isSummary": false
      },
      {
        "id": "shr-core-DiagnosticReport-model.narrative",
        "path": "shr-core-DiagnosticReport-model.narrative",
        "short": "A human-readable narrative, potentially including images, that contains a summary of the resource, and may be used to represent the content of the resource to a human.",
        "definition": "A human-readable narrative, potentially including images, that contains a summary of the resource, and may be used to represent the content of the resource to a human.",
        "min": 0,
        "max": "1",
        "base": {
          "path": "shr-core-DiagnosticReport-model.narrative",
          "min": 0,
          "max": "1"
        },
        "type": [
          {
            "code": "http://hl7.org/fhir/us/shr/StructureDefinition/shr-core-Narrative-model"
          }
        ],
        "mustSupport": false,
        "isModifier": false,
        "isSummary": false
      },
      {
        "id": "shr-core-DiagnosticReport-model.status",
        "path": "shr-core-DiagnosticReport-model.status",
        "short": "A state that relates to the workflow or interpretation of this resource. Certain status values can modify the meaning of the resource, for example, entered-in-error. When a boolean value is used, Status of true indicates the record is active, false means inactive.",
        "definition": "A state that relates to the workflow or interpretation of this resource. Certain status values can modify the meaning of the resource, for example, entered-in-error. When a boolean value is used, Status of true indicates the record is active, false means inactive.",
        "min": 1,
        "max": "1",
        "base": {
          "path": "shr-core-DiagnosticReport-model.status",
          "min": 1,
          "max": "1"
        },
        "type": [
          {
            "code": "Coding"
          }
        ],
        "mustSupport": false,
        "isModifier": false,
        "isSummary": false,
        "binding": {
          "strength": "required",
          "valueSetReference": {
            "reference": "http://hl7.org/fhir/ValueSet/diagnostic-report-status"
          }
        }
      },
      {
        "id": "shr-core-DiagnosticReport-model.identifier",
        "path": "shr-core-DiagnosticReport-model.identifier",
        "short": "Business identifier or external id for this resource.",
        "definition": "Business identifier or external id for this resource.",
        "min": 0,
        "max": "*",
        "base": {
          "path": "shr-core-DiagnosticReport-model.identifier",
          "min": 0,
          "max": "*"
        },
        "type": [
          {
            "code": "http://hl7.org/fhir/us/shr/StructureDefinition/shr-core-Identifier-model"
          }
        ],
        "mustSupport": false,
        "isModifier": false,
        "isSummary": false
      },
      {
        "id": "shr-core-DiagnosticReport-model.observationSubjectOfRecord[x]",
        "path": "shr-core-DiagnosticReport-model.observationSubjectOfRecord[x]",
        "short": "A choice of Patient, Group, Device, or Location. These are the potential subjects for an Observation.",
        "definition": "A choice of Patient, Group, Device, or Location. These are the potential subjects for an Observation.",
        "min": 0,
        "max": "1",
        "base": {
          "path": "shr-core-DiagnosticReport-model.observationSubjectOfRecord[x]",
          "min": 0,
          "max": "1"
        },
        "type": [
          {
            "code": "Reference",
            "targetProfile": "http://hl7.org/fhir/us/shr/StructureDefinition/shr-core-Patient-model"
          },
          {
            "code": "Reference",
            "targetProfile": "http://hl7.org/fhir/us/shr/StructureDefinition/shr-core-Group-model"
          },
          {
            "code": "Reference",
            "targetProfile": "http://hl7.org/fhir/us/shr/StructureDefinition/shr-core-Device-model"
          },
          {
            "code": "Reference",
            "targetProfile": "http://hl7.org/fhir/us/shr/StructureDefinition/shr-core-Location-model"
          }
        ],
        "mustSupport": false,
        "isModifier": false,
        "isSummary": false
      },
      {
        "id": "shr-core-DiagnosticReport-model.careContext",
        "path": "shr-core-DiagnosticReport-model.careContext",
        "short": "The encounter or episode of care",
        "definition": "The encounter or episode of care",
        "min": 0,
        "max": "1",
        "base": {
          "path": "shr-core-DiagnosticReport-model.careContext",
          "min": 0,
          "max": "1"
        },
        "type": [
          {
            "code": "Reference",
            "targetProfile": "http://hl7.org/fhir/us/shr/StructureDefinition/shr-core-Encounter-model"
          }
        ],
        "mustSupport": false,
        "isModifier": false,
        "isSummary": false
      },
      {
        "id": "shr-core-DiagnosticReport-model.statementDateTime",
        "path": "shr-core-DiagnosticReport-model.statementDateTime",
        "code": [
          {
            "system": "http://ncimeta.nci.nih.gov",
            "code": "C3669169"
          }
        ],
        "short": "The point in time when the statement was created.",
        "definition": "The point in time when the statement was created.",
        "min": 1,
        "max": "1",
        "base": {
          "path": "shr-core-DiagnosticReport-model.statementDateTime",
          "min": 1,
          "max": "1"
        },
        "type": [
          {
            "code": "dateTime"
          }
        ],
        "mustSupport": false,
        "isModifier": false,
        "isSummary": false
      },
      {
        "id": "shr-core-DiagnosticReport-model.code",
        "path": "shr-core-DiagnosticReport-model.code",
        "short": "The main type identifier for a lab, procedure, condition, etc., usually drawn from a controlled vocabulary.",
        "definition": "The main type identifier for a lab, procedure, condition, etc., usually drawn from a controlled vocabulary.",
        "min": 1,
        "max": "1",
        "base": {
          "path": "shr-core-DiagnosticReport-model.code",
          "min": 1,
          "max": "1"
        },
        "type": [
          {
            "code": "Coding"
          }
        ],
        "mustSupport": false,
        "isModifier": false,
        "isSummary": false,
        "binding": {
          "strength": "preferred",
          "valueSetReference": {
            "reference": "http://hl7.org/fhir/ValueSet/report-codes"
          }
        }
      },
      {
        "id": "shr-core-DiagnosticReport-model.diagnosticReportBasedOn[x]",
        "path": "shr-core-DiagnosticReport-model.diagnosticReportBasedOn[x]",
        "slicing": {
          "discriminator": [
            {
              "type": "type",
              "path": "$this"
            }
          ],
          "ordered": false,
          "rules": "open"
        },
        "short": "The request or order that initiated this report.",
        "definition": "The request or order that initiated this report.",
        "min": 0,
        "max": "*",
        "base": {
          "path": "shr-core-DiagnosticReport-model.diagnosticReportBasedOn[x]",
          "min": 0,
          "max": "*"
        },
        "type": [
          {
            "code": "Reference",
            "targetProfile": "http://hl7.org/fhir/us/shr/StructureDefinition/shr-core-ServiceRequest-model"
          },
          {
            "code": "Reference",
            "targetProfile": "http://hl7.org/fhir/us/shr/StructureDefinition/shr-core-ProcedureRequest-model"
          },
          {
            "code": "Reference",
            "targetProfile": "http://hl7.org/fhir/us/shr/StructureDefinition/shr-core-ReferralRequest-model"
          },
          {
            "code": "Reference",
            "targetProfile": "http://hl7.org/fhir/us/shr/StructureDefinition/shr-core-MedicationRequest-model"
          }
        ],
        "mustSupport": false,
        "isModifier": false,
        "isSummary": false
      },
      {
        "id": "shr-core-DiagnosticReport-model.diagnosticReportBasedOnShr-core-ServiceRequest-model:ServiceRequest",
        "path": "shr-core-DiagnosticReport-model.diagnosticReportBasedOnShr-core-ServiceRequest-model",
        "sliceName": "ServiceRequest",
        "short": "A record of a request for service such as diagnostic investigations, treatments, or operations to be performed.",
        "definition": "A record of a request for service such as diagnostic investigations, treatments, or operations to be performed.",
        "min": 1,
        "max": "1",
        "base": {
          "path": "shr-core-DiagnosticReport-model.diagnosticReportBasedOn[x]",
          "min": 0,
          "max": "*"
        },
        "type": [
          {
            "code": "Reference",
            "targetProfile": "http://hl7.org/fhir/us/shr/StructureDefinition/shr-core-ServiceRequest-model"
          }
        ],
        "mustSupport": false,
        "isModifier": false,
        "isSummary": false
      },
      {
        "id": "shr-core-DiagnosticReport-model.diagnosticReportBasedOnShr-core-ProcedureRequest-model:ProcedureRequest",
        "path": "shr-core-DiagnosticReport-model.diagnosticReportBasedOnShr-core-ProcedureRequest-model",
        "sliceName": "ProcedureRequest",
        "short": "A request for a procedure to be performed. May be a proposal or an order.",
        "definition": "A request for a procedure to be performed. May be a proposal or an order.",
        "min": 1,
        "max": "1",
        "base": {
          "path": "shr-core-DiagnosticReport-model.diagnosticReportBasedOn[x]",
          "min": 0,
          "max": "*"
        },
        "type": [
          {
            "code": "Reference",
            "targetProfile": "http://hl7.org/fhir/us/shr/StructureDefinition/shr-core-ProcedureRequest-model"
          }
        ],
        "mustSupport": false,
        "isModifier": false,
        "isSummary": false
      },
      {
        "id": "shr-core-DiagnosticReport-model.diagnosticReportBasedOnShr-core-ReferralRequest-model:ReferralRequest",
        "path": "shr-core-DiagnosticReport-model.diagnosticReportBasedOnShr-core-ReferralRequest-model",
        "sliceName": "ReferralRequest",
        "short": "Used to record and send details about a request for referral service or transfer of a patient to the care of another provider or provider organization.",
        "definition": "Used to record and send details about a request for referral service or transfer of a patient to the care of another provider or provider organization.",
        "min": 1,
        "max": "1",
        "base": {
          "path": "shr-core-DiagnosticReport-model.diagnosticReportBasedOn[x]",
          "min": 0,
          "max": "*"
        },
        "type": [
          {
            "code": "Reference",
            "targetProfile": "http://hl7.org/fhir/us/shr/StructureDefinition/shr-core-ReferralRequest-model"
          }
        ],
        "mustSupport": false,
        "isModifier": false,
        "isSummary": false
      },
      {
        "id": "shr-core-DiagnosticReport-model.diagnosticReportBasedOnShr-core-MedicationRequest-model:MedicationRequest",
        "path": "shr-core-DiagnosticReport-model.diagnosticReportBasedOnShr-core-MedicationRequest-model",
        "sliceName": "MedicationRequest",
        "short": "An order for a medication to be dispensed and instructions for use.",
        "definition": "An order for a medication to be dispensed and instructions for use.\nValue sets for status are in direct conflict between DSTU2 Argonaut and STU3 US-Core.\nCategory does not exist in DSTU2 and is provided as an extension.\nIntent was added in STU3 and is provided as an extension with required binding.",
        "min": 1,
        "max": "1",
        "base": {
          "path": "shr-core-DiagnosticReport-model.diagnosticReportBasedOn[x]",
          "min": 0,
          "max": "*"
        },
        "type": [
          {
            "code": "Reference",
            "targetProfile": "http://hl7.org/fhir/us/shr/StructureDefinition/shr-core-MedicationRequest-model"
          }
        ],
        "mustSupport": false,
        "isModifier": false,
        "isSummary": false
      },
      {
        "id": "shr-core-DiagnosticReport-model.category",
        "path": "shr-core-DiagnosticReport-model.category",
        "short": "The general type or class of this item.",
        "definition": "The general type or class of this item.",
        "min": 0,
        "max": "1",
        "base": {
          "path": "shr-core-DiagnosticReport-model.category",
          "min": 0,
          "max": "1"
        },
        "type": [
          {
            "code": "Coding"
          }
        ],
        "mustSupport": false,
        "isModifier": false,
        "isSummary": false
      },
      {
        "id": "shr-core-DiagnosticReport-model.relevantTime[x]",
        "path": "shr-core-DiagnosticReport-model.relevantTime[x]",
        "short": "The time or time period that the statement addresses.",
        "definition": "The time or time period that the statement addresses.\nThe clinically relevant time is not necessarily when the information is gathered or when a test is carried out, but for example, when a specimen was collected, or the time period referred to by the question. Use a TimePeriod for a measurement or specimen collection continued over a significant period of time (e.g. 24 hour Urine Sodium).",
        "min": 0,
        "max": "1",
        "base": {
          "path": "shr-core-DiagnosticReport-model.relevantTime[x]",
          "min": 0,
          "max": "1"
        },
        "type": [
          {
            "code": "dateTime"
          },
          {
            "code": "http://hl7.org/fhir/us/shr/StructureDefinition/shr-core-TimePeriod-model"
          }
        ],
        "mustSupport": false,
        "isModifier": false,
        "isSummary": false
      },
      {
        "id": "shr-core-DiagnosticReport-model.diagnosticReportPerformer[x]",
        "path": "shr-core-DiagnosticReport-model.diagnosticReportPerformer[x]",
        "short": "The diagnostic service that is responsible for issuing the report.",
        "definition": "The diagnostic service that is responsible for issuing the report.",
        "min": 0,
        "max": "1",
        "base": {
          "path": "shr-core-DiagnosticReport-model.diagnosticReportPerformer[x]",
          "min": 0,
          "max": "1"
        },
        "type": [
          {
            "code": "Reference",
            "targetProfile": "http://hl7.org/fhir/us/shr/StructureDefinition/shr-core-Practitioner-model"
          },
          {
            "code": "Reference",
            "targetProfile": "http://hl7.org/fhir/us/shr/StructureDefinition/shr-core-Organization-model"
          }
        ],
        "mustSupport": false,
        "isModifier": false,
        "isSummary": false
      },
      {
        "id": "shr-core-DiagnosticReport-model.resultsInterpreter[x]",
        "path": "shr-core-DiagnosticReport-model.resultsInterpreter[x]",
        "short": "The practitioner or organization that is responsible for the report's conclusions and interpretations.",
        "definition": "The practitioner or organization that is responsible for the report's conclusions and interpretations.",
        "min": 0,
        "max": "1",
        "base": {
          "path": "shr-core-DiagnosticReport-model.resultsInterpreter[x]",
          "min": 0,
          "max": "1"
        },
        "type": [
          {
            "code": "Reference",
            "targetProfile": "http://hl7.org/fhir/us/shr/StructureDefinition/shr-core-Practitioner-model"
          },
          {
            "code": "Reference",
            "targetProfile": "http://hl7.org/fhir/us/shr/StructureDefinition/shr-core-Organization-model"
          }
        ],
        "mustSupport": false,
        "isModifier": false,
        "isSummary": false
      },
      {
        "id": "shr-core-DiagnosticReport-model.specimen",
        "path": "shr-core-DiagnosticReport-model.specimen",
        "short": "A specimen is a substance, physical object, or collection of objects, that the laboratory considers a single discrete, uniquely identified unit that is the subject of one or more steps in the laboratory workflow. A specimen may include multiple physical pieces as long as they are considered a single unit within the laboratory workflow. A specimen results from one to many specimen collection procedures, and may be contained in multiple specimen containers. Specimen may have one or more processing activities.",
        "definition": "A specimen is a substance, physical object, or collection of objects, that the laboratory considers a single discrete, uniquely identified unit that is the subject of one or more steps in the laboratory workflow. A specimen may include multiple physical pieces as long as they are considered a single unit within the laboratory workflow. A specimen results from one to many specimen collection procedures, and may be contained in multiple specimen containers. Specimen may have one or more processing activities.",
        "min": 0,
        "max": "*",
        "base": {
          "path": "shr-core-DiagnosticReport-model.specimen",
          "min": 0,
          "max": "*"
        },
        "type": [
          {
            "code": "Reference",
            "targetProfile": "http://hl7.org/fhir/us/shr/StructureDefinition/shr-core-Specimen-model"
          }
        ],
        "mustSupport": false,
        "isModifier": false,
        "isSummary": false
      },
      {
        "id": "shr-core-DiagnosticReport-model.observation",
        "path": "shr-core-DiagnosticReport-model.observation",
        "short": "Represents the result of evaluations (measurements, tests, or questions) that have been performed.",
        "definition": "Represents the result of evaluations (measurements, tests, or questions) that have been performed.\nObservation has a value representing the result (answer), or an DataAbsentReason indicating why the value is not present. Things observed about the subject can include social and behavioral factors, subjective and objective observations, and assessments.\nFor an Observation, the Code describes the aspect or property of the subject being observed or measured. The Code is the 'question code' that pairs to the 'answer' contained in the Value.",
        "min": 0,
        "max": "*",
        "base": {
          "path": "shr-core-DiagnosticReport-model.observation",
          "min": 0,
          "max": "*"
        },
        "type": [
          {
            "code": "Reference",
            "targetProfile": "http://hl7.org/fhir/us/shr/StructureDefinition/shr-core-Observation-model"
          }
        ],
        "mustSupport": false,
        "isModifier": false,
        "isSummary": false
      },
      {
        "id": "shr-core-DiagnosticReport-model.mediaIncluded",
        "path": "shr-core-DiagnosticReport-model.mediaIncluded",
        "short": "A list of key images associated with this report. The images are generally created during the diagnostic process, and may be directly of the patient, or of treated specimens (i.e. slides of interest).",
        "definition": "A list of key images associated with this report. The images are generally created during the diagnostic process, and may be directly of the patient, or of treated specimens (i.e. slides of interest).",
        "min": 0,
        "max": "*",
        "base": {
          "path": "shr-core-DiagnosticReport-model.mediaIncluded",
          "min": 0,
          "max": "*"
        },
        "type": [
          {
            "code": "http://hl7.org/fhir/us/shr/StructureDefinition/shr-core-MediaIncluded-model"
          }
        ],
        "mustSupport": false,
        "isModifier": false,
        "isSummary": false
      },
      {
        "id": "shr-core-DiagnosticReport-model.conclusionText",
        "path": "shr-core-DiagnosticReport-model.conclusionText",
        "short": "Concise and clinically contextualized impression / summary of the diagnostic report.",
        "definition": "Concise and clinically contextualized impression / summary of the diagnostic report.",
        "min": 0,
        "max": "1",
        "base": {
          "path": "shr-core-DiagnosticReport-model.conclusionText",
          "min": 0,
          "max": "1"
        },
        "type": [
          {
            "code": "string"
          }
        ],
        "mustSupport": false,
        "isModifier": false,
        "isSummary": false
      },
      {
        "id": "shr-core-DiagnosticReport-model.conclusionCode",
        "path": "shr-core-DiagnosticReport-model.conclusionCode",
        "short": "One or more codes that represent the summary conclusion (interpretation/impression) of the diagnostic report.",
        "definition": "One or more codes that represent the summary conclusion (interpretation/impression) of the diagnostic report.",
        "min": 0,
        "max": "*",
        "base": {
          "path": "shr-core-DiagnosticReport-model.conclusionCode",
          "min": 0,
          "max": "*"
        },
        "type": [
          {
            "code": "Coding"
          }
        ],
        "mustSupport": false,
        "isModifier": false,
        "isSummary": false
      },
      {
        "id": "shr-core-DiagnosticReport-model.presentedForm",
        "path": "shr-core-DiagnosticReport-model.presentedForm",
        "short": "Fully formatted representation of the entire result as issued by the diagnostic service. Multiple formats are allowed but they SHALL be semantically equivalent.",
        "definition": "Fully formatted representation of the entire result as issued by the diagnostic service. Multiple formats are allowed but they SHALL be semantically equivalent.",
        "min": 0,
        "max": "*",
        "base": {
          "path": "shr-core-DiagnosticReport-model.presentedForm",
          "min": 0,
          "max": "*"
        },
        "type": [
          {
            "code": "Reference",
            "targetProfile": "http://hl7.org/fhir/us/shr/StructureDefinition/shr-core-Attachment-model"
          }
        ],
        "mustSupport": false,
        "isModifier": false,
        "isSummary": false
      }
    ]
  }
}