{
  "resourceType": "StructureDefinition",
  "id": "shr-core-MediaSubjectOfRecord-model",
  "text": {
    "status": "generated",
    "div": "<div xmlns=\"http://www.w3.org/1999/xhtml\">\n  <p><b>MediaSubjectOfRecord Logical Model</b></p>\n  <p>A choice of Patient, Practitioner, Group, Device or Specimen. These are choices for subject of Media resource.</p>\n</div>"
  },
  "url": "http://hl7.org/fhir/us/shr/StructureDefinition/shr-core-MediaSubjectOfRecord-model",
  "identifier": [
    {
      "system": "http://hl7.org/fhir/us/shrcore",
      "value": "shr.core.MediaSubjectOfRecord"
    }
  ],
  "version": "0.5.0",
  "name": "MediaSubjectOfRecord",
  "title": "shr-core-MediaSubjectOfRecord",
  "status": "draft",
  "date": "2019-05-01T00:00:00-04:00",
  "publisher": "The MITRE Corporation",
  "contact": [
    {
      "telecom": [
        {
          "system": "url",
          "value": "http://www.standardhealthrecord.org"
        }
      ]
    }
  ],
  "description": "A choice of Patient, Practitioner, Group, Device or Specimen. These are choices for subject of Media resource.",
  "kind": "logical",
  "abstract": false,
  "type": "shr-core-MediaSubjectOfRecord-model",
  "baseDefinition": "http://hl7.org/fhir/StructureDefinition/Element",
  "derivation": "specialization",
  "snapshot": {
    "element": [
      {
        "id": "shr-core-MediaSubjectOfRecord-model",
        "path": "shr-core-MediaSubjectOfRecord-model",
        "definition": "A choice of Patient, Practitioner, Group, Device or Specimen. These are choices for subject of Media resource.",
        "min": 0,
        "max": "*",
        "base": {
          "path": "shr-core-MediaSubjectOfRecord-model",
          "min": 0,
          "max": "*"
        },
        "mustSupport": false,
        "isModifier": false,
        "isSummary": false
      },
      {
        "id": "shr-core-MediaSubjectOfRecord-model.value[x]",
        "path": "shr-core-MediaSubjectOfRecord-model.value[x]",
        "short": "Choice of types representing a choice of Patient, Practitioner, Group, Device or Specimen. These are choices for subject of Media resource.",
        "definition": "Choice of types representing a choice of Patient, Practitioner, Group, Device or Specimen. These are choices for subject of Media resource.",
        "min": 1,
        "max": "1",
        "base": {
          "path": "shr-core-MediaSubjectOfRecord-model.value[x]",
          "min": 1,
          "max": "1"
        },
        "type": [
          {
            "code": "Reference",
            "targetProfile": "http://hl7.org/fhir/us/shr/StructureDefinition/shr-core-Patient-model"
          },
          {
            "code": "Reference",
            "targetProfile": "http://hl7.org/fhir/us/shr/StructureDefinition/shr-core-Practitioner-model"
          },
          {
            "code": "Reference",
            "targetProfile": "http://hl7.org/fhir/us/shr/StructureDefinition/shr-core-Group-model"
          },
          {
            "code": "Reference",
            "targetProfile": "http://hl7.org/fhir/us/shr/StructureDefinition/shr-core-Device-model"
          },
          {
            "code": "Reference",
            "targetProfile": "http://hl7.org/fhir/us/shr/StructureDefinition/shr-core-Specimen-model"
          }
        ],
        "mustSupport": false,
        "isModifier": false,
        "isSummary": false
      }
    ]
  },
  "differential": {
    "element": [
      {
        "id": "shr-core-MediaSubjectOfRecord-model",
        "path": "shr-core-MediaSubjectOfRecord-model",
        "definition": "A choice of Patient, Practitioner, Group, Device or Specimen. These are choices for subject of Media resource.",
        "min": 0,
        "max": "*",
        "base": {
          "path": "shr-core-MediaSubjectOfRecord-model",
          "min": 0,
          "max": "*"
        },
        "mustSupport": false,
        "isModifier": false,
        "isSummary": false
      },
      {
        "id": "shr-core-MediaSubjectOfRecord-model.value[x]",
        "path": "shr-core-MediaSubjectOfRecord-model.value[x]",
        "short": "Choice of types representing a choice of Patient, Practitioner, Group, Device or Specimen. These are choices for subject of Media resource.",
        "definition": "Choice of types representing a choice of Patient, Practitioner, Group, Device or Specimen. These are choices for subject of Media resource.",
        "min": 1,
        "max": "1",
        "base": {
          "path": "shr-core-MediaSubjectOfRecord-model.value[x]",
          "min": 1,
          "max": "1"
        },
        "type": [
          {
            "code": "Reference",
            "targetProfile": "http://hl7.org/fhir/us/shr/StructureDefinition/shr-core-Patient-model"
          },
          {
            "code": "Reference",
            "targetProfile": "http://hl7.org/fhir/us/shr/StructureDefinition/shr-core-Practitioner-model"
          },
          {
            "code": "Reference",
            "targetProfile": "http://hl7.org/fhir/us/shr/StructureDefinition/shr-core-Group-model"
          },
          {
            "code": "Reference",
            "targetProfile": "http://hl7.org/fhir/us/shr/StructureDefinition/shr-core-Device-model"
          },
          {
            "code": "Reference",
            "targetProfile": "http://hl7.org/fhir/us/shr/StructureDefinition/shr-core-Specimen-model"
          }
        ],
        "mustSupport": false,
        "isModifier": false,
        "isSummary": false
      }
    ]
  }
}