{
  "resourceType": "ValueSet",
  "id": "shr-core-BloodPressureBodyLocationVS",
  "text": {
    "status": "generated",
    "div": "<div xmlns=\"http://www.w3.org/1999/xhtml\">\n<p><b>BloodPressureBodyLocationVS ValueSet</b></p>\n<p>Body locations for blood pressure measurement</p>\n</div>"
  },
  "url": "http://hl7.org/fhir/us/shrcore/shr/core/vs/BloodPressureBodyLocationVS",
  "identifier": [
    {
      "system": "http://hl7.org/fhir/us/shrcore",
      "value": "shr.core.BloodPressureBodyLocationVS"
    }
  ],
  "version": "0.6.0",
  "name": "BloodPressureBodyLocationVS",
  "title": "BloodPressureBodyLocationVS",
  "status": "draft",
  "date": "2019-05-07T00:00:00-04:00",
  "publisher": "The MITRE Corporation",
  "contact": [
    {
      "telecom": [
        {
          "system": "url",
          "value": "http://www.standardhealthrecord.org"
        }
      ]
    }
  ],
  "description": "Body locations for blood pressure measurement",
  "compose": {
    "include": [
      {
        "system": "http://snomed.info/sct",
        "concept": [
          {
            "code": "241784008",
            "display": "Left ankle (body structure)"
          },
          {
            "code": "241699003",
            "display": "Right ankle (body structure)"
          },
          {
            "code": "182245002",
            "display": "Arm (body structure)"
          },
          {
            "code": "72098002",
            "display": "Left arm (body structure)"
          },
          {
            "code": "59126009",
            "display": "Right arm (body structure)"
          },
          {
            "code": "209672000",
            "display": "Left thigh (body structure)"
          },
          {
            "code": "209570001",
            "display": "Right thigh (body structure)"
          },
          {
            "code": "7569003",
            "display": "Finger structure"
          },
          {
            "code": "368208006",
            "display": "Left upper arm structure"
          },
          {
            "code": "368209003",
            "display": "Right upper arm structure"
          },
          {
            "code": "17137000",
            "display": "Structure of brachial artery"
          },
          {
            "code": "51636004",
            "display": "Structure of left ankle"
          },
          {
            "code": "113270003",
            "display": "Structure of left femoral artery"
          },
          {
            "code": "368504007",
            "display": "Structure of left radial artery"
          },
          {
            "code": "61396006",
            "display": "Structure of left thigh"
          },
          {
            "code": "368506009",
            "display": "Structure of left ulnar artery"
          },
          {
            "code": "6685009",
            "display": "Structure of right ankle"
          },
          {
            "code": "69833005",
            "display": "Structure of right femoral artery"
          },
          {
            "code": "368503001",
            "display": "Structure of right radial artery"
          },
          {
            "code": "11207009",
            "display": "Structure of right thigh"
          },
          {
            "code": "368505008",
            "display": "Structure of right ulnar artery"
          },
          {
            "code": "29707007",
            "display": "Toe Structure"
          },
          {
            "code": "40983000",
            "display": "Upper arm structure"
          }
        ]
      }
    ]
  }
}