{"resourceType":"StructureDefinition","id":"shr-base-Evidence-extension","text":{"status":"generated","div":"<div xmlns=\"http://www.w3.org/1999/xhtml\">\n  <p><b>Evidence Extension</b></p>\n  <p>Supporting evidence / manifestations that are the basis of the Condition's verification status, such as evidence that confirmed or refuted the condition.</p>\n</div>"},"url":"http://hl7.org/fhir/us/fhirURL/StructureDefinition/shr-base-Evidence-extension","identifier":[{"system":"http://hl7.org/fhir/us/projectURL","value":"shr.base.Evidence"}],"version":"0.2.0","name":"Evidence","display":"shr-base-Evidence","status":"draft","publisher":"The MITRE Corporation","contact":[{"telecom":[{"system":"other","value":"http://www.hl7.org/Special/committees/cic/index.cfm","rank":0}]}],"date":"2019-02-07T00:00:00-05:00","description":"Supporting evidence / manifestations that are the basis of the Condition's verification status, such as evidence that confirmed or refuted the condition.","fhirVersion":"1.0.2","kind":"datatype","constrainedType":"Extension","abstract":false,"contextType":"resource","context":["*"],"base":"http://hl7.org/fhir/StructureDefinition/Extension","snapshot":{"element":[{"id":"Extension","path":"Extension","name":"Extension","short":"Evidence","definition":"Supporting evidence / manifestations that are the basis of the Condition's verification status, such as evidence that confirmed or refuted the condition.","min":0,"max":"*","base":{"path":"Extension","min":0,"max":"1"},"type":[{"code":"Extension"}],"maxLength":0,"mustSupport":false,"isModifier":false,"isSummary":false},{"id":"Extension.id","path":"Extension.id","representation":["xmlAttr"],"name":"Extension.id","short":"xml:id (or equivalent in JSON)","definition":"unique id for the element within a resource (for internal references). This may be any string value that does not contain spaces.","min":0,"max":"1","base":{"path":"Element.id","min":0,"max":"1"},"type":[{"code":"string"}],"maxLength":0,"mustSupport":false,"isModifier":false,"isSummary":false,"mapping":[{"identity":"rim","map":"N/A"}]},{"id":"Extension.extension","path":"Extension.extension","name":"Extension.extension","slicing":{"id":"1","discriminator":["url"],"ordered":false,"rules":"open"},"short":"Extension","definition":"An Extension","min":0,"max":"*","base":{"path":"Element.extension","min":0,"max":"*"},"type":[{"code":"Extension"}],"maxLength":0,"mustSupport":false,"isModifier":false,"isSummary":false},{"id":"manifestation","path":"Extension.extension","name":"manifestation","definition":"Clinical symptoms/signs.","min":0,"max":"*","base":{"path":"Extension.extension","min":0,"max":"1"},"type":[{"code":"Extension","profile":["http://hl7.org/fhir/us/fhirURL/StructureDefinition/shr-base-Manifestation-extension"]}],"maxLength":0,"mustSupport":false,"isModifier":false,"isSummary":false,"mapping":[{"identity":"rim","map":"N/A"}]},{"id":"domainresource","path":"Extension.extension","name":"domainresource","definition":"Parent class for any item in clinical or administrative health-related system. A DomainResource can belong to a single person's health record, or represent an entity that surfaces in multiple records, such as organizations, providers, payments, decision support artifacts, etc.","min":0,"max":"*","base":{"path":"Extension.extension","min":0,"max":"1"},"type":[{"code":"Extension","profile":["http://hl7.org/fhir/us/fhirURL/StructureDefinition/shr-base-DomainResource-extension"]}],"maxLength":0,"mustSupport":false,"isModifier":false,"isSummary":false,"mapping":[{"identity":"rim","map":"N/A"}]},{"id":"Extension.url","path":"Extension.url","representation":["xmlAttr"],"name":"Extension.url","short":"identifies the meaning of the extension","definition":"Source of the definition for the extension code - a logical name or a URL.","min":1,"max":"1","base":{"path":"Extension.url","min":1,"max":"1"},"type":[{"code":"uri"}],"fixedUri":"http://hl7.org/fhir/us/fhirURL/StructureDefinition/shr-base-Evidence-extension","maxLength":0,"mustSupport":false,"isModifier":false,"isSummary":false,"mapping":[{"identity":"rim","map":"N/A"}]},{"id":"Extension.value[x]","path":"Extension.value[x]","name":"Extension.value[x]","short":"Value of extension","definition":"Value of extension - may be a resource or one of a constrained set of the data types (see Extensibility in the spec for list).","min":0,"max":"0","base":{"path":"Extension.value[x]","min":0,"max":"1"},"type":[{"code":"base64Binary"},{"code":"boolean"},{"code":"code"},{"code":"date"},{"code":"dateTime"},{"code":"decimal"},{"code":"id"},{"code":"instant"},{"code":"integer"},{"code":"markdown"},{"code":"oid"},{"code":"positiveInt"},{"code":"string"},{"code":"time"},{"code":"unsignedInt"},{"code":"uri"},{"code":"Address"},{"code":"Age"},{"code":"Annotation"},{"code":"Attachment"},{"code":"CodeableConcept"},{"code":"Coding"},{"code":"ContactPoint"},{"code":"Count"},{"code":"Distance"},{"code":"Duration"},{"code":"HumanName"},{"code":"Identifier"},{"code":"Money"},{"code":"Period"},{"code":"Quantity"},{"code":"Range"},{"code":"Ratio"},{"code":"Reference"},{"code":"SampledData"},{"code":"Signature"},{"code":"Timing"},{"code":"Meta"}],"maxLength":0,"mustSupport":false,"isModifier":false,"isSummary":false,"mapping":[{"identity":"rim","map":"N/A"}]}]},"differential":{"element":[{"id":"Extension","path":"Extension","name":"Extension","short":"Evidence","definition":"Supporting evidence / manifestations that are the basis of the Condition's verification status, such as evidence that confirmed or refuted the condition.","min":0,"max":"*","type":[{"code":"Extension"}],"maxLength":0,"mustSupport":false,"isModifier":false,"isSummary":false},{"id":"manifestation","path":"Extension.extension","name":"manifestation","definition":"Clinical symptoms/signs.","min":0,"max":"*","type":[{"code":"Extension","profile":["http://hl7.org/fhir/us/fhirURL/StructureDefinition/shr-base-Manifestation-extension"]}],"maxLength":0,"mustSupport":false,"isModifier":false,"isSummary":false},{"id":"domainresource","path":"Extension.extension","name":"domainresource","definition":"Parent class for any item in clinical or administrative health-related system. A DomainResource can belong to a single person's health record, or represent an entity that surfaces in multiple records, such as organizations, providers, payments, decision support artifacts, etc.","min":0,"max":"*","type":[{"code":"Extension","profile":["http://hl7.org/fhir/us/fhirURL/StructureDefinition/shr-base-DomainResource-extension"]}],"maxLength":0,"mustSupport":false,"isModifier":false,"isSummary":false},{"id":"Extension.url","path":"Extension.url","name":"Extension.url","min":0,"type":[{"code":"uri"}],"fixedUri":"http://hl7.org/fhir/us/fhirURL/StructureDefinition/shr-base-Evidence-extension","maxLength":0,"mustSupport":false,"isModifier":false,"isSummary":false},{"id":"Extension.value[x]","path":"Extension.value[x]","name":"Extension.value[x]","min":0,"max":"0","maxLength":0,"mustSupport":false,"isModifier":false,"isSummary":false}]}}