{"resourceType":"CodeSystem","id":"obf-ResearchSubjectTerminationReasonCS","text":{"status":"generated","div":"<div xmlns=\"http://www.w3.org/1999/xhtml\">\n<p><b>ResearchSubjectTerminationReasonCS CodeSystem</b></p>\n<p>The reason for a research subject leaving a research study.</p>\n</div>"},"url":"http://hl7.org/fhir/us/obf/CodeSystem/obf-ResearchSubjectTerminationReasonCS","identifier":[{"system":"http://hl7.org/fhir/us/obf","value":"obf.ResearchSubjectTerminationReasonCS"}],"version":"0.8.0","name":"ResearchSubjectTerminationReasonCS","title":"ResearchSubjectTerminationReasonCS","status":"draft","date":"2019-06-10T00:00:00-04:00","publisher":"The MITRE Corporation","contact":[{"telecom":[{"system":"url","value":"http://www.standardhealthrecord.org"}]}],"description":"The reason for a research subject leaving a research study.","caseSensitive":true,"content":"complete","count":6,"concept":[{"code":"moved","display":"Subject relocated","definition":"Subject relocated"},{"code":"died","display":"Suject passed away","definition":"Suject passed away"},{"code":"ended","display":"Research study ended","definition":"Research study ended"},{"code":"adverse","display":"Subject could not tolerate treatement","definition":"Subject could not tolerate treatement"},{"code":"protocol","display":"Subject could not follow protocol, e.g. required appointments, dosing schedule, etc.","definition":"Subject could not follow protocol, e.g. required appointments, dosing schedule, etc."},{"code":"unknown","display":"Reason not known","definition":"Reason not known"}]}