{"resourceType":"StructureDefinition","id":"obf-MedicationCodeOrReference-extension","text":{"status":"generated","div":"<div xmlns=\"http://www.w3.org/1999/xhtml\">\n  <p><b>MedicationCodeOrReference Extension</b></p>\n  <p>A choice of a medication code or reference.</p>\n</div>"},"url":"http://hl7.org/fhir/us/obf/StructureDefinition/obf-MedicationCodeOrReference-extension","identifier":[{"system":"http://hl7.org/fhir/us/obf","value":"obf.MedicationCodeOrReference"}],"version":"0.8.0","name":"MedicationCodeOrReference","title":"obf-MedicationCodeOrReference","status":"draft","date":"2019-06-10T00:00:00-04:00","publisher":"The MITRE Corporation","contact":[{"telecom":[{"system":"url","value":"http://www.standardhealthrecord.org"}]}],"description":"A choice of a medication code or reference.","fhirVersion":"4.0.0","kind":"complex-type","abstract":false,"context":[{"type":"element","expression":"*"}],"type":"Extension","baseDefinition":"http://hl7.org/fhir/StructureDefinition/Extension","derivation":"constraint","snapshot":{"element":[{"id":"Extension:medicationcodeorreference","path":"Extension","short":"MedicationCodeOrReference","definition":"A choice of a medication code or reference.","min":0,"max":"*","base":{"path":"Extension","min":0,"max":"*"},"condition":["ele-1"],"constraint":[{"key":"ele-1","severity":"error","human":"All FHIR elements must have a @value or children","expression":"hasValue() or (children().count() > id.count())","xpath":"@value|f:*|h:div","source":"Element"},{"key":"ext-1","severity":"error","human":"Must have either extensions or value[x], not both","expression":"extension.exists() != value.exists()","xpath":"exists(f:extension)!=exists(f:*[starts-with(local-name(.), 'value')])"}],"isModifier":false,"mapping":[{"identity":"rim","map":"n/a"},{"identity":"rim","map":"N/A"}]},{"id":"Extension:medicationcodeorreference.id","path":"Extension.id","representation":["xmlAttr"],"short":"Unique id for inter-element referencing","definition":"Unique id for the element within a resource (for internal references). This may be any string value that does not contain spaces.","min":0,"max":"1","base":{"path":"Element.id","min":0,"max":"1"},"type":[{"code":"string"}],"isModifier":false,"isSummary":false,"mapping":[{"identity":"rim","map":"n/a"}]},{"id":"Extension:medicationcodeorreference.extension","path":"Extension.extension","slicing":{"discriminator":[{"type":"value","path":"url"}],"description":"Extensions are always sliced by (at least) url","rules":"open"},"short":"Additional content defined by implementations","definition":"May be used to represent additional information that is not part of the basic definition of the element. To make the use of extensions safe and manageable, there is a strict set of governance  applied to the definition and use of extensions. Though any implementer can define an extension, there is a set of requirements that SHALL be met as part of the definition of the extension.","comment":"There can be no stigma associated with the use of extensions by any application, project, or standard - regardless of the institution or jurisdiction that uses or defines the extensions.  The use of extensions is what allows the FHIR specification to retain a core level of simplicity for everyone.","alias":["extensions","user content"],"min":0,"max":"0","base":{"path":"Element.extension","min":0,"max":"*"},"type":[{"code":"Extension"}],"isModifier":false,"isSummary":false,"mapping":[{"identity":"rim","map":"n/a"}]},{"id":"Extension:medicationcodeorreference.url","path":"Extension.url","representation":["xmlAttr"],"short":"identifies the meaning of the extension","definition":"Source of the definition for the extension code - a logical name or a URL.","comment":"The definition may point directly to a computable or human-readable definition of the extensibility codes, or it may be a logical URI as declared in some other specification. The definition SHALL be a URI for the Structure Definition defining the extension.","min":1,"max":"1","base":{"path":"Extension.url","min":1,"max":"1"},"type":[{"code":"uri"}],"fixedUri":"http://hl7.org/fhir/us/obf/StructureDefinition/obf-MedicationCodeOrReference-extension","isModifier":false,"isSummary":false,"mapping":[{"identity":"rim","map":"N/A"}]},{"id":"Extension:medicationcodeorreference.valueCodeableConcept","path":"Extension.valueCodeableConcept","short":"Value of extension","definition":"Value of extension - must be one of a constrained set of the data types (see [Extensibility](extensibility.html) for a list).","min":1,"max":"1","base":{"path":"Extension.value[x]","min":1,"max":"1"},"type":[{"code":"CodeableConcept"}],"isSummary":false}]},"differential":{"element":[{"id":"Extension:medicationcodeorreference","path":"Extension","short":"MedicationCodeOrReference","definition":"A choice of a medication code or reference.","min":0,"max":"*"},{"id":"Extension:medicationcodeorreference.extension","path":"Extension.extension","min":0,"max":"0"},{"id":"Extension:medicationcodeorreference.url","path":"Extension.url","type":[{"code":"uri"}],"fixedUri":"http://hl7.org/fhir/us/obf/StructureDefinition/obf-MedicationCodeOrReference-extension"},{"id":"Extension:medicationcodeorreference.valueCodeableConcept","path":"Extension.valueCodeableConcept","base":{"path":"Extension.value[x]","min":1,"max":"1"},"type":[{"code":"CodeableConcept"}]}]}}