{
  "resourceType": "ValueSet",
  "id": "obf-CarePlanChangeReasonVS",
  "text": {
    "status": "generated",
    "div": "<div xmlns=\"http://www.w3.org/1999/xhtml\">\n<p><b>CarePlanChangeReasonVS ValueSet</b></p>\n<p>Reasons that a care plan was changed. Similar to TreatmentTerminationReasonVS</p>\n</div>"
  },
  "url": "http://mcodeinitiative.org/us/icare/ValueSet/obf-CarePlanChangeReasonVS",
  "version": "0.1.0",
  "name": "CarePlanChangeReasonVS",
  "title": "CarePlanChangeReasonVS",
  "status": "draft",
  "date": "2019-10-23T00:00:00-04:00",
  "publisher": "The MITRE Corporation",
  "contact": [
    {
      "telecom": [
        {
          "system": "url",
          "value": "http://standardhealthrecord.org"
        }
      ]
    }
  ],
  "description": "Reasons that a care plan was changed. Similar to TreatmentTerminationReasonVS",
  "compose": {
    "include": [
      {
        "system": "http://snomed.info/sct",
        "concept": [
          {
            "code": "405613005",
            "display": "Planned Procedure (situation)"
          },
          {
            "code": "266721009",
            "display": "Absent response to treatment (situation)"
          },
          {
            "code": "281647001",
            "display": "Adverse reaction (disorder)"
          },
          {
            "code": "182890002",
            "display": "Patient requests alternative treatment (finding)"
          },
          {
            "code": "74964007",
            "display": "Other (qualifier value)"
          }
        ]
      }
    ]
  }
}