{
  "resourceType": "StructureDefinition",
  "id": "shr-entity-Substance",
  "text": {
    "status": "generated",
    "div": "<div xmlns=\"http://www.w3.org/1999/xhtml\">\n  <p><b>Substance Profile</b></p>\n  <p>Any matter of defined composition that has discrete existence, whose origin may be biological, mineral or chemical.</p>\n  <p><b>Mapping Summary</b></p>\n  <p><pre>shr.entity.Substance maps to Substance:\n  _Entry.EntryId maps to id\n  Language maps to language\n  Narrative maps to text\n  ImplicitRules maps to implicitRules\n  Metadata.VersionId maps to meta.versionId\n  Metadata.LastUpdated maps to meta.lastUpdated\n  Metadata.SecurityLabel maps to meta.security\n  Metadata.Tag maps to meta.tag\n  Identifier maps to identifier\n  Status maps to extension\n  Type maps to code\n  Ingredient maps to ingredient\n  Ingredient.IngredientAmount maps to ingredient.quantity\n  Ingredient.SubstanceOrCode.Substance maps to ingredient.substance\n</pre></p>\n</div>"
  },
  "url": "http://hl7.org/fhir/us/fhirURL/StructureDefinition/shr-entity-Substance",
  "identifier": [
    {
      "system": "http://hl7.org/fhir/us/projectURL",
      "value": "shr.entity.Substance"
    }
  ],
  "version": "0.6.0",
  "name": "Substance",
  "display": "shr-entity-Substance",
  "status": "draft",
  "publisher": "The MITRE Corporation",
  "contact": [
    {
      "telecom": [
        {
          "system": "other",
          "value": "http://www.hl7.org/Special/committees/cic/index.cfm",
          "rank": 0
        }
      ]
    }
  ],
  "date": "2019-02-08T00:00:00-05:00",
  "description": "Any matter of defined composition that has discrete existence, whose origin may be biological, mineral or chemical.",
  "code": [
    {
      "system": "http://ncimeta.nci.nih.gov",
      "code": "C0439861",
      "userSelected": false
    }
  ],
  "fhirVersion": "1.0.2",
  "mapping": [
    {
      "identity": "orim",
      "uri": "http://hl7.org/orim",
      "name": "Ontological RIM Mapping"
    },
    {
      "identity": "rim",
      "uri": "http://hl7.org/v3",
      "name": "RIM"
    },
    {
      "identity": "w5",
      "uri": "http://hl7.org/fhir/w5",
      "name": "W5 Mapping"
    }
  ],
  "kind": "resource",
  "constrainedType": "Substance",
  "abstract": false,
  "base": "http://hl7.org/fhir/StructureDefinition/Substance",
  "snapshot": {
    "element": [
      {
        "id": "Substance",
        "path": "Substance",
        "name": "Substance",
        "short": "shr-entity-Substance",
        "definition": "Any matter of defined composition that has discrete existence, whose origin may be biological, mineral or chemical.",
        "min": 0,
        "max": "*",
        "type": [
          {
            "code": "Substance"
          }
        ],
        "maxLength": 0,
        "mustSupport": false,
        "isModifier": false,
        "isSummary": false,
        "mapping": [
          {
            "identity": "orim",
            "map": "fhir:Substance rdfs:subClassOf   rim:Entity, [      a owl:Restriction;     owl:onProperty  rim:Act.classCode;     owl:allValuesFrom  cs:EntityClass\\#MAT   ]."
          },
          {
            "identity": "rim",
            "map": "Material"
          },
          {
            "identity": "w5",
            "map": "administrative.entity"
          }
        ]
      },
      {
        "id": "Substance.id",
        "path": "Substance.id",
        "name": "Substance.id",
        "short": "Logical id of this artifact",
        "definition": "The logical id of the resource, as used in the URL for the resource. Once assigned, this value never changes.",
        "comments": "The only time that a resource does not have an id is when it is being submitted to the server using a create operation. Bundles always have an id, though it is usually a generated UUID.",
        "min": 0,
        "max": "1",
        "type": [
          {
            "code": "id"
          }
        ],
        "maxLength": 0,
        "mustSupport": false,
        "isModifier": false,
        "isSummary": true,
        "mapping": [
          {
            "identity": "shr",
            "map": "<_Entry>.<shr.base.EntryId>"
          }
        ]
      },
      {
        "id": "Substance.meta",
        "path": "Substance.meta",
        "name": "Substance.meta",
        "short": "Metadata about the resource",
        "definition": "The metadata about the resource. This is content that is maintained by the infrastructure. Changes to the content may not always be associated with version changes to the resource.",
        "min": 0,
        "max": "1",
        "type": [
          {
            "code": "Meta"
          }
        ],
        "maxLength": 0,
        "mustSupport": false,
        "isModifier": false,
        "isSummary": true
      },
      {
        "id": "Substance.meta.id",
        "path": "Substance.meta.id",
        "representation": [
          "xmlAttr"
        ],
        "name": "Substance.meta.id",
        "short": "xml:id (or equivalent in JSON)",
        "definition": "unique id for the element within a resource (for internal references).",
        "min": 0,
        "max": "1",
        "type": [
          {
            "code": "id"
          }
        ],
        "maxLength": 0,
        "mustSupport": false,
        "isModifier": false,
        "isSummary": false,
        "mapping": [
          {
            "identity": "rim",
            "map": "n/a"
          }
        ]
      },
      {
        "id": "Substance.meta.extension",
        "path": "Substance.meta.extension",
        "name": "Substance.meta.extension",
        "short": "Additional Content defined by implementations",
        "definition": "May be used to represent additional information that is not part of the basic definition of the element. In order to make the use of extensions safe and manageable, there is a strict set of governance  applied to the definition and use of extensions. Though any implementer is allowed to define an extension, there is a set of requirements that SHALL be met as part of the definition of the extension.",
        "comments": "There can be no stigma associated with the use of extensions by any application, project, or standard - regardless of the institution or jurisdiction that uses or defines the extensions.  The use of extensions is what allows the FHIR specification to retain a core level of simplicity for everyone.",
        "alias": [
          "extensions",
          "user content"
        ],
        "min": 0,
        "max": "*",
        "type": [
          {
            "code": "Extension"
          }
        ],
        "maxLength": 0,
        "mustSupport": false,
        "isModifier": false,
        "isSummary": false,
        "mapping": [
          {
            "identity": "rim",
            "map": "n/a"
          }
        ]
      },
      {
        "id": "Substance.meta.versionId",
        "path": "Substance.meta.versionId",
        "name": "Substance.meta.versionId",
        "short": "Version specific identifier",
        "definition": "The version specific identifier, as it appears in the version portion of the URL. This values changes when the resource is created, updated, or deleted.",
        "comments": "The server assigns this value, and ignores what the client specifies, except in the case that the server is imposing version integrity on updates/deletes.",
        "min": 0,
        "max": "1",
        "type": [
          {
            "code": "id"
          }
        ],
        "maxLength": 0,
        "mustSupport": false,
        "isModifier": false,
        "isSummary": true,
        "mapping": [
          {
            "identity": "shr",
            "map": "<shr.base.Metadata>.<shr.base.VersionId>"
          }
        ]
      },
      {
        "id": "Substance.meta.lastUpdated",
        "path": "Substance.meta.lastUpdated",
        "name": "Substance.meta.lastUpdated",
        "short": "When the resource version last changed",
        "definition": "When the resource last changed - e.g. when the version changed.",
        "comments": "This value is always populated except when the resource is first being created. The server / resource manager sets this value; what a client provides is irrelevant.",
        "min": 0,
        "max": "1",
        "type": [
          {
            "code": "instant"
          }
        ],
        "maxLength": 0,
        "mustSupport": false,
        "isModifier": false,
        "isSummary": true,
        "mapping": [
          {
            "identity": "shr",
            "map": "<shr.base.Metadata>.<shr.base.LastUpdated>"
          }
        ]
      },
      {
        "id": "Substance.meta.profile",
        "path": "Substance.meta.profile",
        "name": "Substance.meta.profile",
        "short": "Profiles this resource claims to conform to",
        "definition": "A list of profiles [[[StructureDefinition]]]s that this resource claims to conform to. The URL is a reference to [[[StructureDefinition.url]]].",
        "comments": "It is up to the server and/or other infrastructure of policy to determine whether/how these claims are verified and/or updated over time.  The list of profile URLs is a set.",
        "min": 0,
        "max": "*",
        "type": [
          {
            "code": "uri"
          }
        ],
        "maxLength": 0,
        "mustSupport": false,
        "isModifier": false,
        "isSummary": true
      },
      {
        "id": "Substance.meta.security",
        "path": "Substance.meta.security",
        "name": "Substance.meta.security",
        "short": "Security Labels applied to this resource",
        "definition": "Security labels applied to this resource. These tags connect specific resources to the overall security policy and infrastructure.",
        "comments": "The security labels can be updated without changing the stated version of the resource  The list of security labels is a set. Uniqueness is based the system/code, and version and display are ignored.",
        "min": 0,
        "max": "*",
        "type": [
          {
            "code": "Coding"
          }
        ],
        "maxLength": 0,
        "mustSupport": false,
        "isModifier": false,
        "isSummary": true,
        "binding": {
          "strength": "extensible",
          "description": "Security Labels from the Healthcare Privacy and Security Classification System.",
          "valueSetReference": {
            "reference": "http://hl7.org/fhir/ValueSet/security-labels"
          }
        },
        "mapping": [
          {
            "identity": "shr",
            "map": "<shr.base.Metadata>.<shr.base.SecurityLabel>"
          }
        ]
      },
      {
        "id": "Substance.meta.tag",
        "path": "Substance.meta.tag",
        "name": "Substance.meta.tag",
        "short": "Tags applied to this resource",
        "definition": "Tags applied to this resource. Tags are intended to be used to identify and relate resources to process and workflow, and applications are not required to consider the tags when interpreting the meaning of a resource.",
        "comments": "The tags can be updated without changing the stated version of the resource.  The list of tags is a set. Uniqueness is based the system/code, and version and display are ignored.",
        "min": 0,
        "max": "*",
        "type": [
          {
            "code": "Coding"
          }
        ],
        "maxLength": 0,
        "mustSupport": false,
        "isModifier": false,
        "isSummary": true,
        "binding": {
          "strength": "example",
          "description": "Codes that represent various types of tags, commonly workflow-related; e.g. \"Needs review by Dr. Jones\""
        },
        "mapping": [
          {
            "identity": "shr",
            "map": "<shr.base.Metadata>.<shr.base.Tag>"
          }
        ]
      },
      {
        "id": "Substance.implicitRules",
        "path": "Substance.implicitRules",
        "name": "Substance.implicitRules",
        "short": "A set of rules under which this content was created",
        "definition": "A reference to a set of rules that were followed when the resource was constructed, and which must be understood when processing the content.",
        "comments": "Asserting this rule set restricts the content to be only understood by a limited set of trading partners. This inherently limits the usefulness of the data in the long term. However, the existing health eco-system is highly fractured, and not yet ready to define, collect, and exchange data in a generally computable sense. Wherever possible, implementers and/or specification writers should avoid using this element as much as possible.",
        "min": 0,
        "max": "1",
        "type": [
          {
            "code": "uri"
          }
        ],
        "maxLength": 0,
        "mustSupport": false,
        "isModifier": true,
        "isSummary": true,
        "mapping": [
          {
            "identity": "shr",
            "map": "<shr.base.ImplicitRules>"
          }
        ]
      },
      {
        "id": "Substance.language",
        "path": "Substance.language",
        "name": "Substance.language",
        "short": "Language of the resource content",
        "definition": "The base language in which the resource is written.",
        "comments": "Language is provided to support indexing and accessibility (typically, services such as text to speech use the language tag). The html language tag in the narrative applies  to the narrative. The language tag on the resource may be used to specify the language of other presentations generated from the data in the resource  Not all the content has to be in the base language. The Resource.language should not be assumed to apply to the narrative automatically. If a language is specified, it should it also be specified on the div element in the html (see rules in HTML5 for information about the relationship between xml:lang and the html lang attribute).",
        "min": 0,
        "max": "1",
        "type": [
          {
            "code": "code"
          }
        ],
        "maxLength": 0,
        "mustSupport": false,
        "isModifier": false,
        "isSummary": false,
        "binding": {
          "strength": "required",
          "description": "A human language.",
          "valueSetReference": {
            "reference": "http://tools.ietf.org/html/bcp47"
          }
        },
        "mapping": [
          {
            "identity": "shr",
            "map": "<shr.base.Language>"
          }
        ]
      },
      {
        "id": "Substance.text",
        "path": "Substance.text",
        "name": "Substance.text",
        "short": "Text summary of the resource, for human interpretation",
        "definition": "A human-readable narrative that contains a summary of the resource, and may be used to represent the content of the resource to a human. The narrative need not encode all the structured data, but is required to contain sufficient detail to make it \"clinically safe\" for a human to just read the narrative. Resource definitions may define what content should be represented in the narrative to ensure clinical safety.",
        "comments": "Contained resources do not have narrative. Resources that are not contained SHOULD have a narrative.",
        "alias": [
          "narrative",
          "html",
          "xhtml",
          "display"
        ],
        "min": 0,
        "max": "1",
        "type": [
          {
            "code": "Narrative"
          }
        ],
        "maxLength": 0,
        "condition": [
          "dom-1"
        ],
        "mustSupport": false,
        "isModifier": false,
        "isSummary": false,
        "mapping": [
          {
            "identity": "rim",
            "map": "Act.text?"
          },
          {
            "identity": "shr",
            "map": "<shr.base.Narrative>"
          }
        ]
      },
      {
        "id": "Substance.contained",
        "path": "Substance.contained",
        "name": "Substance.contained",
        "short": "Contained, inline Resources",
        "definition": "These resources do not have an independent existence apart from the resource that contains them - they cannot be identified independently, and nor can they have their own independent transaction scope.",
        "comments": "This should never be done when the content can be identified properly, as once identification is lost, it is extremely difficult (and context dependent) to restore it again.",
        "alias": [
          "inline resources",
          "anonymous resources",
          "contained resources"
        ],
        "min": 0,
        "max": "*",
        "type": [
          {
            "code": "Resource"
          }
        ],
        "maxLength": 0,
        "mustSupport": false,
        "isModifier": false,
        "isSummary": false,
        "mapping": [
          {
            "identity": "rim",
            "map": "N/A"
          }
        ]
      },
      {
        "id": "Substance.extension",
        "path": "Substance.extension",
        "name": "Substance.extension",
        "slicing": {
          "id": "1",
          "discriminator": [
            "url"
          ],
          "ordered": false,
          "rules": "open"
        },
        "short": "Additional Content defined by implementations",
        "definition": "May be used to represent additional information that is not part of the basic definition of the resource. In order to make the use of extensions safe and manageable, there is a strict set of governance  applied to the definition and use of extensions. Though any implementer is allowed to define an extension, there is a set of requirements that SHALL be met as part of the definition of the extension.",
        "comments": "There can be no stigma associated with the use of extensions by any application, project, or standard - regardless of the institution or jurisdiction that uses or defines the extensions.  The use of extensions is what allows the FHIR specification to retain a core level of simplicity for everyone.",
        "alias": [
          "extensions",
          "user content"
        ],
        "min": 0,
        "max": "*",
        "type": [
          {
            "code": "Extension"
          }
        ],
        "maxLength": 0,
        "mustSupport": false,
        "isModifier": false,
        "isSummary": false,
        "mapping": [
          {
            "identity": "rim",
            "map": "N/A"
          }
        ]
      },
      {
        "id": "status",
        "path": "Substance.extension",
        "name": "status",
        "definition": "A state that relates to the workflow or interpretation of this resource. Certain status values can modify the meaning of the resource, for example, entered-in-error. When a boolean value is used, Status of true indicates the record is active, false means inactive.",
        "min": 0,
        "max": "1",
        "base": {
          "path": "Substance.extension",
          "min": 0,
          "max": "*"
        },
        "type": [
          {
            "code": "Extension",
            "profile": [
              "http://hl7.org/fhir/us/fhirURL/StructureDefinition/shr-base-Status-extension"
            ]
          }
        ],
        "maxLength": 0,
        "mustSupport": false,
        "isModifier": false,
        "isSummary": false,
        "mapping": [
          {
            "identity": "shr",
            "map": "<shr.base.Status>"
          }
        ]
      },
      {
        "id": "Substance.extension.id",
        "path": "Substance.extension.id",
        "representation": [
          "xmlAttr"
        ],
        "name": "Substance.extension.id",
        "short": "xml:id (or equivalent in JSON)",
        "definition": "unique id for the element within a resource (for internal references). This may be any string value that does not contain spaces.",
        "min": 0,
        "max": "1",
        "base": {
          "path": "Element.id",
          "min": 0,
          "max": "1"
        },
        "type": [
          {
            "code": "string"
          }
        ],
        "maxLength": 0,
        "mustSupport": false,
        "isModifier": false,
        "isSummary": false,
        "mapping": [
          {
            "identity": "rim",
            "map": "N/A"
          }
        ]
      },
      {
        "id": "extension",
        "path": "Substance.extension.extension",
        "name": "extension",
        "short": "Extension",
        "definition": "An Extension",
        "min": 0,
        "max": "0",
        "base": {
          "path": "Element.extension",
          "min": 0,
          "max": "*"
        },
        "type": [
          {
            "code": "Extension"
          }
        ],
        "maxLength": 0,
        "mustSupport": false,
        "isModifier": false,
        "isSummary": false
      },
      {
        "id": "Substance.extension.url",
        "path": "Substance.extension.url",
        "representation": [
          "xmlAttr"
        ],
        "name": "Substance.extension.url",
        "short": "identifies the meaning of the extension",
        "definition": "Source of the definition for the extension code - a logical name or a URL.",
        "min": 1,
        "max": "1",
        "base": {
          "path": "Extension.url",
          "min": 1,
          "max": "1"
        },
        "type": [
          {
            "code": "uri"
          }
        ],
        "fixedUri": "http://hl7.org/fhir/us/fhirURL/StructureDefinition/shr-base-Status-extension",
        "maxLength": 0,
        "mustSupport": false,
        "isModifier": false,
        "isSummary": false,
        "mapping": [
          {
            "identity": "rim",
            "map": "N/A"
          }
        ]
      },
      {
        "id": "Substance.extension.valueCodeableConcept",
        "path": "Substance.extension.valueCodeableConcept",
        "name": "Substance.extension.valueCodeableConcept",
        "short": "Value of extension",
        "definition": "Value of extension - may be a resource or one of a constrained set of the data types (see Extensibility in the spec for list).",
        "min": 1,
        "max": "1",
        "base": {
          "path": "Extension.value[x]",
          "min": 0,
          "max": "1"
        },
        "type": [
          {
            "code": "CodeableConcept"
          }
        ],
        "maxLength": 0,
        "mustSupport": false,
        "isModifier": false,
        "isSummary": false,
        "binding": {
          "strength": "required",
          "valueSetReference": {
            "reference": "http://hl7.org/fhir/ValueSet/substance-status"
          }
        },
        "mapping": [
          {
            "identity": "rim",
            "map": "N/A"
          },
          {
            "identity": "shr",
            "map": "<shr.base.Status>.<shr.core.CodeableConcept>"
          }
        ]
      },
      {
        "id": "partof",
        "path": "Substance.extension",
        "name": "partof",
        "definition": "The larger entity that the asserted item is a portion of. For example, an organization part of a larger organization, or an encounter with a hospitalist might be part of a larger hospitalization encounter.",
        "min": 0,
        "max": "1",
        "base": {
          "path": "Substance.extension",
          "min": 0,
          "max": "*"
        },
        "type": [
          {
            "code": "Extension",
            "profile": [
              "http://hl7.org/fhir/us/fhirURL/StructureDefinition/shr-entity-PartOf-extension"
            ]
          }
        ],
        "maxLength": 0,
        "mustSupport": false,
        "isModifier": false,
        "isSummary": false,
        "mapping": [
          {
            "identity": "shr",
            "map": "<shr.entity.PartOf>"
          }
        ]
      },
      {
        "id": "category",
        "path": "Substance.extension",
        "name": "category",
        "definition": "The type, kind, or class of this item.",
        "min": 0,
        "max": "*",
        "base": {
          "path": "Substance.extension",
          "min": 0,
          "max": "*"
        },
        "type": [
          {
            "code": "Extension",
            "profile": [
              "http://hl7.org/fhir/us/fhirURL/StructureDefinition/shr-core-Category-extension"
            ]
          }
        ],
        "maxLength": 0,
        "mustSupport": false,
        "isModifier": false,
        "isSummary": false,
        "mapping": [
          {
            "identity": "shr",
            "map": "<shr.core.Category>"
          }
        ]
      },
      {
        "id": "Substance.extension.id",
        "path": "Substance.extension.id",
        "representation": [
          "xmlAttr"
        ],
        "name": "Substance.extension.id",
        "short": "xml:id (or equivalent in JSON)",
        "definition": "unique id for the element within a resource (for internal references). This may be any string value that does not contain spaces.",
        "min": 0,
        "max": "1",
        "base": {
          "path": "Element.id",
          "min": 0,
          "max": "1"
        },
        "type": [
          {
            "code": "string"
          }
        ],
        "maxLength": 0,
        "mustSupport": false,
        "isModifier": false,
        "isSummary": false,
        "mapping": [
          {
            "identity": "rim",
            "map": "N/A"
          }
        ]
      },
      {
        "id": "extension",
        "path": "Substance.extension.extension",
        "name": "extension",
        "short": "Extension",
        "definition": "An Extension",
        "min": 0,
        "max": "0",
        "base": {
          "path": "Element.extension",
          "min": 0,
          "max": "*"
        },
        "type": [
          {
            "code": "Extension"
          }
        ],
        "maxLength": 0,
        "mustSupport": false,
        "isModifier": false,
        "isSummary": false
      },
      {
        "id": "Substance.extension.url",
        "path": "Substance.extension.url",
        "representation": [
          "xmlAttr"
        ],
        "name": "Substance.extension.url",
        "short": "identifies the meaning of the extension",
        "definition": "Source of the definition for the extension code - a logical name or a URL.",
        "min": 1,
        "max": "1",
        "base": {
          "path": "Extension.url",
          "min": 1,
          "max": "1"
        },
        "type": [
          {
            "code": "uri"
          }
        ],
        "fixedUri": "http://hl7.org/fhir/us/fhirURL/StructureDefinition/shr-core-Category-extension",
        "maxLength": 0,
        "mustSupport": false,
        "isModifier": false,
        "isSummary": false,
        "mapping": [
          {
            "identity": "rim",
            "map": "N/A"
          }
        ]
      },
      {
        "id": "Substance.extension.valueCodeableConcept",
        "path": "Substance.extension.valueCodeableConcept",
        "name": "Substance.extension.valueCodeableConcept",
        "short": "Value of extension",
        "definition": "Value of extension - may be a resource or one of a constrained set of the data types (see Extensibility in the spec for list).",
        "min": 1,
        "max": "1",
        "base": {
          "path": "Extension.value[x]",
          "min": 0,
          "max": "1"
        },
        "type": [
          {
            "code": "CodeableConcept"
          }
        ],
        "maxLength": 0,
        "mustSupport": false,
        "isModifier": false,
        "isSummary": false,
        "binding": {
          "strength": "extensible",
          "valueSetReference": {
            "reference": "http://hl7.org/fhir/ValueSet/substance-category"
          }
        },
        "mapping": [
          {
            "identity": "rim",
            "map": "N/A"
          },
          {
            "identity": "shr",
            "map": "<shr.core.Category>.<shr.core.CodeableConcept>"
          }
        ]
      },
      {
        "id": "commentordescription",
        "path": "Substance.extension",
        "name": "commentordescription",
        "definition": "A text note containing additional details, explanation, description, comment, or summarization.",
        "min": 0,
        "max": "1",
        "base": {
          "path": "Substance.extension",
          "min": 0,
          "max": "*"
        },
        "type": [
          {
            "code": "Extension",
            "profile": [
              "http://hl7.org/fhir/us/fhirURL/StructureDefinition/shr-core-CommentOrDescription-extension"
            ]
          }
        ],
        "maxLength": 0,
        "mustSupport": false,
        "isModifier": false,
        "isSummary": false,
        "mapping": [
          {
            "identity": "shr",
            "map": "<shr.core.CommentOrDescription>"
          }
        ]
      },
      {
        "id": "Substance.modifierExtension",
        "path": "Substance.modifierExtension",
        "name": "Substance.modifierExtension",
        "short": "Extensions that cannot be ignored",
        "definition": "May be used to represent additional information that is not part of the basic definition of the resource, and that modifies the understanding of the element that contains it. Usually modifier elements provide negation or qualification. In order to make the use of extensions safe and manageable, there is a strict set of governance applied to the definition and use of extensions. Though any implementer is allowed to define an extension, there is a set of requirements that SHALL be met as part of the definition of the extension. Applications processing a resource are required to check for modifier extensions.",
        "comments": "There can be no stigma associated with the use of extensions by any application, project, or standard - regardless of the institution or jurisdiction that uses or defines the extensions.  The use of extensions is what allows the FHIR specification to retain a core level of simplicity for everyone.",
        "alias": [
          "extensions",
          "user content"
        ],
        "min": 0,
        "max": "*",
        "type": [
          {
            "code": "Extension"
          }
        ],
        "maxLength": 0,
        "mustSupport": false,
        "isModifier": true,
        "isSummary": false,
        "mapping": [
          {
            "identity": "rim",
            "map": "N/A"
          }
        ]
      },
      {
        "id": "Substance.identifier",
        "path": "Substance.identifier",
        "name": "Substance.identifier",
        "short": "Unique identifier",
        "definition": "Unique identifier for the substance.",
        "comments": "This identifier is associated with the kind of substance in contrast to the  Substance.instance.identifier which is associated with the package/container.",
        "min": 0,
        "max": "*",
        "type": [
          {
            "code": "Identifier"
          }
        ],
        "maxLength": 0,
        "mustSupport": false,
        "isModifier": false,
        "isSummary": true,
        "mapping": [
          {
            "identity": "rim",
            "map": ".id"
          },
          {
            "identity": "shr",
            "map": "<shr.core.Identifier>"
          }
        ]
      },
      {
        "id": "Substance.category",
        "path": "Substance.category",
        "name": "Substance.category",
        "short": "What class/type of substance this is",
        "definition": "A code that classifies the general type of substance.  This is used  for searching, sorting and display purposes.",
        "comments": "The level of granularity is defined by the category concepts in the value set.   More fine-grained filtering can be performed using the metadata and/or terminology hierarchy in Substance.code.",
        "min": 0,
        "max": "*",
        "type": [
          {
            "code": "CodeableConcept"
          }
        ],
        "maxLength": 0,
        "mustSupport": false,
        "isModifier": false,
        "isSummary": true,
        "binding": {
          "strength": "extensible",
          "description": "Category or classification of substance",
          "valueSetReference": {
            "reference": "http://hl7.org/fhir/ValueSet/substance-category"
          }
        },
        "mapping": [
          {
            "identity": "rim",
            "map": ".code"
          },
          {
            "identity": "w5",
            "map": "class"
          }
        ]
      },
      {
        "id": "Substance.code",
        "path": "Substance.code",
        "name": "Substance.code",
        "short": "What substance this is",
        "definition": "A code (or set of codes) that identify this substance.",
        "comments": "This could be a reference to an externally defined code.  It could also be a locally assigned code (e.g. a formulary),  optionally with translations to the standard drug codes.",
        "min": 1,
        "max": "1",
        "type": [
          {
            "code": "CodeableConcept"
          }
        ],
        "maxLength": 0,
        "mustSupport": false,
        "isModifier": false,
        "isSummary": true,
        "binding": {
          "strength": "preferred",
          "description": "Substance codes",
          "valueSetReference": {
            "reference": "http://hl7.org/fhir/ValueSet/substance-code"
          }
        },
        "mapping": [
          {
            "identity": "orim",
            "map": "fhir:Substance.code rdfs:subPropertyOf rim:Entity.code"
          },
          {
            "identity": "rim",
            "map": ".code"
          },
          {
            "identity": "w5",
            "map": "what"
          },
          {
            "identity": "shr",
            "map": "<shr.core.Type>"
          }
        ]
      },
      {
        "id": "Substance.description",
        "path": "Substance.description",
        "name": "Substance.description",
        "short": "Textual description of the substance, comments",
        "definition": "A description of the substance - its appearance, handling requirements, and other usage notes.",
        "min": 0,
        "max": "1",
        "type": [
          {
            "code": "string"
          }
        ],
        "maxLength": 0,
        "mustSupport": false,
        "isModifier": false,
        "isSummary": true,
        "mapping": [
          {
            "identity": "rim",
            "map": ".player.desc"
          }
        ]
      },
      {
        "id": "Substance.instance",
        "path": "Substance.instance",
        "name": "Substance.instance",
        "short": "If this describes a specific package/container of the substance",
        "definition": "Substance may be used to describe a kind of substance, or a specific package/container of the substance: an instance.",
        "min": 0,
        "max": "*",
        "type": [
          {
            "code": "BackboneElement"
          }
        ],
        "meaningWhenMissing": "If this element is not present, then the substance resource describes a kind of substance",
        "maxLength": 0,
        "mustSupport": false,
        "isModifier": false,
        "isSummary": true,
        "mapping": [
          {
            "identity": "rim",
            "map": ".player.determinerCode"
          },
          {
            "identity": "w5",
            "map": "class"
          }
        ]
      },
      {
        "id": "Substance.instance.id",
        "path": "Substance.instance.id",
        "representation": [
          "xmlAttr"
        ],
        "name": "Substance.instance.id",
        "short": "xml:id (or equivalent in JSON)",
        "definition": "unique id for the element within a resource (for internal references).",
        "min": 0,
        "max": "1",
        "type": [
          {
            "code": "id"
          }
        ],
        "maxLength": 0,
        "mustSupport": false,
        "isModifier": false,
        "isSummary": false,
        "mapping": [
          {
            "identity": "rim",
            "map": "n/a"
          }
        ]
      },
      {
        "id": "Substance.instance.extension",
        "path": "Substance.instance.extension",
        "name": "Substance.instance.extension",
        "short": "Additional Content defined by implementations",
        "definition": "May be used to represent additional information that is not part of the basic definition of the element. In order to make the use of extensions safe and manageable, there is a strict set of governance  applied to the definition and use of extensions. Though any implementer is allowed to define an extension, there is a set of requirements that SHALL be met as part of the definition of the extension.",
        "comments": "There can be no stigma associated with the use of extensions by any application, project, or standard - regardless of the institution or jurisdiction that uses or defines the extensions.  The use of extensions is what allows the FHIR specification to retain a core level of simplicity for everyone.",
        "alias": [
          "extensions",
          "user content"
        ],
        "min": 0,
        "max": "*",
        "type": [
          {
            "code": "Extension"
          }
        ],
        "maxLength": 0,
        "mustSupport": false,
        "isModifier": false,
        "isSummary": false,
        "mapping": [
          {
            "identity": "rim",
            "map": "n/a"
          }
        ]
      },
      {
        "id": "Substance.instance.modifierExtension",
        "path": "Substance.instance.modifierExtension",
        "name": "Substance.instance.modifierExtension",
        "short": "Extensions that cannot be ignored",
        "definition": "May be used to represent additional information that is not part of the basic definition of the element, and that modifies the understanding of the element that contains it. Usually modifier elements provide negation or qualification. In order to make the use of extensions safe and manageable, there is a strict set of governance applied to the definition and use of extensions. Though any implementer is allowed to define an extension, there is a set of requirements that SHALL be met as part of the definition of the extension. Applications processing a resource are required to check for modifier extensions.",
        "comments": "There can be no stigma associated with the use of extensions by any application, project, or standard - regardless of the institution or jurisdiction that uses or defines the extensions.  The use of extensions is what allows the FHIR specification to retain a core level of simplicity for everyone.",
        "alias": [
          "extensions",
          "user content",
          "modifiers"
        ],
        "min": 0,
        "max": "*",
        "type": [
          {
            "code": "Extension"
          }
        ],
        "maxLength": 0,
        "mustSupport": false,
        "isModifier": true,
        "isSummary": false,
        "mapping": [
          {
            "identity": "rim",
            "map": "N/A"
          }
        ]
      },
      {
        "id": "Substance.instance.identifier",
        "path": "Substance.instance.identifier",
        "name": "Substance.instance.identifier",
        "short": "Identifier of the package/container",
        "definition": "Identifier associated with the package/container (usually a label affixed directly).",
        "min": 0,
        "max": "1",
        "type": [
          {
            "code": "Identifier"
          }
        ],
        "maxLength": 0,
        "mustSupport": false,
        "isModifier": false,
        "isSummary": true,
        "mapping": [
          {
            "identity": "rim",
            "map": ".id"
          }
        ]
      },
      {
        "id": "Substance.instance.expiry",
        "path": "Substance.instance.expiry",
        "name": "Substance.instance.expiry",
        "short": "When no longer valid to use",
        "definition": "When the substance is no longer valid to use. For some substances, a single arbitrary date is used for expiry.",
        "min": 0,
        "max": "1",
        "type": [
          {
            "code": "dateTime"
          }
        ],
        "maxLength": 0,
        "mustSupport": false,
        "isModifier": false,
        "isSummary": true,
        "mapping": [
          {
            "identity": "rim",
            "map": ".expiryTime"
          }
        ]
      },
      {
        "id": "Substance.instance.quantity",
        "path": "Substance.instance.quantity",
        "name": "Substance.instance.quantity",
        "short": "Amount of substance in the package",
        "definition": "The amount of the substance.",
        "min": 0,
        "max": "1",
        "type": [
          {
            "code": "Quantity",
            "profile": [
              "http://hl7.org/fhir/StructureDefinition/SimpleQuantity"
            ]
          }
        ],
        "maxLength": 0,
        "mustSupport": false,
        "isModifier": false,
        "isSummary": true,
        "mapping": [
          {
            "identity": "rim",
            "map": ".player.quantity"
          }
        ]
      },
      {
        "id": "Substance.ingredient",
        "path": "Substance.ingredient",
        "name": "Substance.ingredient",
        "short": "Composition information about the substance",
        "definition": "A substance can be composed of other substances.",
        "min": 0,
        "max": "*",
        "type": [
          {
            "code": "BackboneElement"
          }
        ],
        "maxLength": 0,
        "mustSupport": false,
        "isModifier": false,
        "isSummary": true,
        "mapping": [
          {
            "identity": "rim",
            "map": ".player.scopesRole[classCode=INGR]"
          },
          {
            "identity": "shr",
            "map": "<shr.entity.Ingredient>"
          }
        ]
      },
      {
        "id": "Substance.ingredient.id",
        "path": "Substance.ingredient.id",
        "representation": [
          "xmlAttr"
        ],
        "name": "Substance.ingredient.id",
        "short": "xml:id (or equivalent in JSON)",
        "definition": "unique id for the element within a resource (for internal references).",
        "min": 0,
        "max": "1",
        "type": [
          {
            "code": "id"
          }
        ],
        "maxLength": 0,
        "mustSupport": false,
        "isModifier": false,
        "isSummary": false,
        "mapping": [
          {
            "identity": "rim",
            "map": "n/a"
          }
        ]
      },
      {
        "id": "Substance.ingredient.extension",
        "path": "Substance.ingredient.extension",
        "name": "Substance.ingredient.extension",
        "short": "Additional Content defined by implementations",
        "definition": "May be used to represent additional information that is not part of the basic definition of the element. In order to make the use of extensions safe and manageable, there is a strict set of governance  applied to the definition and use of extensions. Though any implementer is allowed to define an extension, there is a set of requirements that SHALL be met as part of the definition of the extension.",
        "comments": "There can be no stigma associated with the use of extensions by any application, project, or standard - regardless of the institution or jurisdiction that uses or defines the extensions.  The use of extensions is what allows the FHIR specification to retain a core level of simplicity for everyone.",
        "alias": [
          "extensions",
          "user content"
        ],
        "min": 0,
        "max": "*",
        "type": [
          {
            "code": "Extension"
          }
        ],
        "maxLength": 0,
        "mustSupport": false,
        "isModifier": false,
        "isSummary": false,
        "mapping": [
          {
            "identity": "rim",
            "map": "n/a"
          }
        ]
      },
      {
        "id": "Substance.ingredient.modifierExtension",
        "path": "Substance.ingredient.modifierExtension",
        "name": "Substance.ingredient.modifierExtension",
        "short": "Extensions that cannot be ignored",
        "definition": "May be used to represent additional information that is not part of the basic definition of the element, and that modifies the understanding of the element that contains it. Usually modifier elements provide negation or qualification. In order to make the use of extensions safe and manageable, there is a strict set of governance applied to the definition and use of extensions. Though any implementer is allowed to define an extension, there is a set of requirements that SHALL be met as part of the definition of the extension. Applications processing a resource are required to check for modifier extensions.",
        "comments": "There can be no stigma associated with the use of extensions by any application, project, or standard - regardless of the institution or jurisdiction that uses or defines the extensions.  The use of extensions is what allows the FHIR specification to retain a core level of simplicity for everyone.",
        "alias": [
          "extensions",
          "user content",
          "modifiers"
        ],
        "min": 0,
        "max": "*",
        "type": [
          {
            "code": "Extension"
          }
        ],
        "maxLength": 0,
        "mustSupport": false,
        "isModifier": true,
        "isSummary": false,
        "mapping": [
          {
            "identity": "rim",
            "map": "N/A"
          }
        ]
      },
      {
        "id": "Substance.ingredient.quantity",
        "path": "Substance.ingredient.quantity",
        "name": "Substance.ingredient.quantity",
        "short": "Optional amount (concentration)",
        "definition": "The amount of the ingredient in the substance - a concentration ratio.",
        "min": 0,
        "max": "1",
        "type": [
          {
            "code": "Ratio"
          }
        ],
        "maxLength": 0,
        "mustSupport": false,
        "isModifier": false,
        "isSummary": true,
        "mapping": [
          {
            "identity": "rim",
            "map": ".quantity"
          },
          {
            "identity": "shr",
            "map": "<shr.entity.Ingredient>.<shr.entity.IngredientAmount>"
          }
        ]
      },
      {
        "id": "Substance.ingredient.substance",
        "path": "Substance.ingredient.substance",
        "name": "Substance.ingredient.substance",
        "short": "A component of the substance",
        "definition": "Another substance that is a component of this substance.",
        "min": 1,
        "max": "1",
        "type": [
          {
            "code": "Reference",
            "profile": [
              "http://hl7.org/fhir/us/fhirURL/StructureDefinition/shr-entity-Substance"
            ]
          }
        ],
        "maxLength": 0,
        "mustSupport": false,
        "isModifier": false,
        "isSummary": true,
        "mapping": [
          {
            "identity": "rim",
            "map": ".player"
          },
          {
            "identity": "shr",
            "map": "<shr.entity.Ingredient>.<shr.entity.SubstanceOrCode>.<shr.entity.Substance>"
          }
        ]
      }
    ]
  },
  "differential": {
    "element": [
      {
        "id": "Substance",
        "path": "Substance",
        "name": "Substance",
        "short": "shr-entity-Substance",
        "definition": "Any matter of defined composition that has discrete existence, whose origin may be biological, mineral or chemical.",
        "min": 0,
        "type": [
          {
            "code": "Substance"
          }
        ],
        "maxLength": 0,
        "mustSupport": false,
        "isModifier": false,
        "isSummary": false
      },
      {
        "id": "Substance.id",
        "path": "Substance.id",
        "name": "Substance.id",
        "min": 0,
        "maxLength": 0,
        "mustSupport": false,
        "isModifier": false,
        "isSummary": false,
        "mapping": [
          {
            "identity": "shr",
            "map": "<_Entry>.<shr.base.EntryId>"
          }
        ]
      },
      {
        "id": "Substance.meta",
        "path": "Substance.meta",
        "name": "Substance.meta",
        "min": 0,
        "maxLength": 0,
        "mustSupport": false,
        "isModifier": false,
        "isSummary": false
      },
      {
        "id": "Substance.meta.versionId",
        "path": "Substance.meta.versionId",
        "name": "Substance.meta.versionId",
        "min": 0,
        "maxLength": 0,
        "mustSupport": false,
        "isModifier": false,
        "isSummary": false,
        "mapping": [
          {
            "identity": "shr",
            "map": "<shr.base.Metadata>.<shr.base.VersionId>"
          }
        ]
      },
      {
        "id": "Substance.meta.lastUpdated",
        "path": "Substance.meta.lastUpdated",
        "name": "Substance.meta.lastUpdated",
        "min": 0,
        "maxLength": 0,
        "mustSupport": false,
        "isModifier": false,
        "isSummary": false,
        "mapping": [
          {
            "identity": "shr",
            "map": "<shr.base.Metadata>.<shr.base.LastUpdated>"
          }
        ]
      },
      {
        "id": "Substance.meta.security",
        "path": "Substance.meta.security",
        "name": "Substance.meta.security",
        "min": 0,
        "maxLength": 0,
        "mustSupport": false,
        "isModifier": false,
        "isSummary": false,
        "mapping": [
          {
            "identity": "shr",
            "map": "<shr.base.Metadata>.<shr.base.SecurityLabel>"
          }
        ]
      },
      {
        "id": "Substance.meta.tag",
        "path": "Substance.meta.tag",
        "name": "Substance.meta.tag",
        "min": 0,
        "maxLength": 0,
        "mustSupport": false,
        "isModifier": false,
        "isSummary": false,
        "mapping": [
          {
            "identity": "shr",
            "map": "<shr.base.Metadata>.<shr.base.Tag>"
          }
        ]
      },
      {
        "id": "Substance.implicitRules",
        "path": "Substance.implicitRules",
        "name": "Substance.implicitRules",
        "min": 0,
        "maxLength": 0,
        "mustSupport": false,
        "isModifier": false,
        "isSummary": false,
        "mapping": [
          {
            "identity": "shr",
            "map": "<shr.base.ImplicitRules>"
          }
        ]
      },
      {
        "id": "Substance.language",
        "path": "Substance.language",
        "name": "Substance.language",
        "min": 0,
        "maxLength": 0,
        "mustSupport": false,
        "isModifier": false,
        "isSummary": false,
        "mapping": [
          {
            "identity": "shr",
            "map": "<shr.base.Language>"
          }
        ]
      },
      {
        "id": "Substance.text",
        "path": "Substance.text",
        "name": "Substance.text",
        "min": 0,
        "maxLength": 0,
        "mustSupport": false,
        "isModifier": false,
        "isSummary": false,
        "mapping": [
          {
            "identity": "shr",
            "map": "<shr.base.Narrative>"
          }
        ]
      },
      {
        "id": "Substance.extension",
        "path": "Substance.extension",
        "name": "Substance.extension",
        "slicing": {
          "id": "1",
          "discriminator": [
            "url"
          ],
          "ordered": false,
          "rules": "open"
        },
        "min": 0,
        "maxLength": 0,
        "mustSupport": false,
        "isModifier": false,
        "isSummary": false
      },
      {
        "id": "status",
        "path": "Substance.extension",
        "name": "status",
        "definition": "A state that relates to the workflow or interpretation of this resource. Certain status values can modify the meaning of the resource, for example, entered-in-error. When a boolean value is used, Status of true indicates the record is active, false means inactive.",
        "min": 0,
        "max": "1",
        "base": {
          "path": "Substance.extension",
          "min": 0,
          "max": "*"
        },
        "type": [
          {
            "code": "Extension",
            "profile": [
              "http://hl7.org/fhir/us/fhirURL/StructureDefinition/shr-base-Status-extension"
            ]
          }
        ],
        "maxLength": 0,
        "mustSupport": false,
        "isModifier": false,
        "isSummary": false,
        "mapping": [
          {
            "identity": "shr",
            "map": "<shr.base.Status>"
          }
        ]
      },
      {
        "id": "Substance.extension.valueCodeableConcept",
        "path": "Substance.extension.valueCodeableConcept",
        "name": "Substance.extension.valueCodeableConcept",
        "min": 0,
        "maxLength": 0,
        "mustSupport": false,
        "isModifier": false,
        "isSummary": false,
        "binding": {
          "strength": "required",
          "valueSetReference": {
            "reference": "http://hl7.org/fhir/ValueSet/substance-status"
          }
        },
        "mapping": [
          {
            "identity": "shr",
            "map": "<shr.base.Status>.<shr.core.CodeableConcept>"
          }
        ]
      },
      {
        "id": "partof",
        "path": "Substance.extension",
        "name": "partof",
        "definition": "The larger entity that the asserted item is a portion of. For example, an organization part of a larger organization, or an encounter with a hospitalist might be part of a larger hospitalization encounter.",
        "min": 0,
        "max": "1",
        "base": {
          "path": "Substance.extension",
          "min": 0,
          "max": "*"
        },
        "type": [
          {
            "code": "Extension",
            "profile": [
              "http://hl7.org/fhir/us/fhirURL/StructureDefinition/shr-entity-PartOf-extension"
            ]
          }
        ],
        "maxLength": 0,
        "mustSupport": false,
        "isModifier": false,
        "isSummary": false,
        "mapping": [
          {
            "identity": "shr",
            "map": "<shr.entity.PartOf>"
          }
        ]
      },
      {
        "id": "category",
        "path": "Substance.extension",
        "name": "category",
        "definition": "The type, kind, or class of this item.",
        "min": 0,
        "max": "*",
        "base": {
          "path": "Substance.extension",
          "min": 0,
          "max": "*"
        },
        "type": [
          {
            "code": "Extension",
            "profile": [
              "http://hl7.org/fhir/us/fhirURL/StructureDefinition/shr-core-Category-extension"
            ]
          }
        ],
        "maxLength": 0,
        "mustSupport": false,
        "isModifier": false,
        "isSummary": false,
        "mapping": [
          {
            "identity": "shr",
            "map": "<shr.core.Category>"
          }
        ]
      },
      {
        "id": "Substance.extension.valueCodeableConcept",
        "path": "Substance.extension.valueCodeableConcept",
        "name": "Substance.extension.valueCodeableConcept",
        "min": 0,
        "maxLength": 0,
        "mustSupport": false,
        "isModifier": false,
        "isSummary": false,
        "binding": {
          "strength": "extensible",
          "valueSetReference": {
            "reference": "http://hl7.org/fhir/ValueSet/substance-category"
          }
        },
        "mapping": [
          {
            "identity": "shr",
            "map": "<shr.core.Category>.<shr.core.CodeableConcept>"
          }
        ]
      },
      {
        "id": "commentordescription",
        "path": "Substance.extension",
        "name": "commentordescription",
        "definition": "A text note containing additional details, explanation, description, comment, or summarization.",
        "min": 0,
        "max": "1",
        "base": {
          "path": "Substance.extension",
          "min": 0,
          "max": "*"
        },
        "type": [
          {
            "code": "Extension",
            "profile": [
              "http://hl7.org/fhir/us/fhirURL/StructureDefinition/shr-core-CommentOrDescription-extension"
            ]
          }
        ],
        "maxLength": 0,
        "mustSupport": false,
        "isModifier": false,
        "isSummary": false,
        "mapping": [
          {
            "identity": "shr",
            "map": "<shr.core.CommentOrDescription>"
          }
        ]
      },
      {
        "id": "Substance.identifier",
        "path": "Substance.identifier",
        "name": "Substance.identifier",
        "min": 0,
        "maxLength": 0,
        "mustSupport": false,
        "isModifier": false,
        "isSummary": false,
        "mapping": [
          {
            "identity": "shr",
            "map": "<shr.core.Identifier>"
          }
        ]
      },
      {
        "id": "Substance.code",
        "path": "Substance.code",
        "name": "Substance.code",
        "min": 0,
        "maxLength": 0,
        "mustSupport": false,
        "isModifier": false,
        "isSummary": false,
        "binding": {
          "strength": "preferred",
          "description": "Substance codes",
          "valueSetReference": {
            "reference": "http://hl7.org/fhir/ValueSet/substance-code"
          }
        },
        "mapping": [
          {
            "identity": "shr",
            "map": "<shr.core.Type>"
          }
        ]
      },
      {
        "id": "Substance.ingredient",
        "path": "Substance.ingredient",
        "name": "Substance.ingredient",
        "min": 0,
        "maxLength": 0,
        "mustSupport": false,
        "isModifier": false,
        "isSummary": false,
        "mapping": [
          {
            "identity": "shr",
            "map": "<shr.entity.Ingredient>"
          }
        ]
      },
      {
        "id": "Substance.ingredient.quantity",
        "path": "Substance.ingredient.quantity",
        "name": "Substance.ingredient.quantity",
        "min": 0,
        "maxLength": 0,
        "mustSupport": false,
        "isModifier": false,
        "isSummary": false,
        "mapping": [
          {
            "identity": "shr",
            "map": "<shr.entity.Ingredient>.<shr.entity.IngredientAmount>"
          }
        ]
      },
      {
        "id": "Substance.ingredient.substance",
        "path": "Substance.ingredient.substance",
        "name": "Substance.ingredient.substance",
        "min": 0,
        "type": [
          {
            "code": "Reference",
            "profile": [
              "http://hl7.org/fhir/us/fhirURL/StructureDefinition/shr-entity-Substance"
            ]
          }
        ],
        "maxLength": 0,
        "mustSupport": false,
        "isModifier": false,
        "isSummary": false,
        "mapping": [
          {
            "identity": "shr",
            "map": "<shr.entity.Ingredient>.<shr.entity.SubstanceOrCode>.<shr.entity.Substance>"
          }
        ]
      }
    ]
  }
}