{
  "resourceType": "ValueSet",
  "id": "shr-lab-QuantitativeLaboratoryCodes-g-per-L",
  "text": {
    "status": "generated",
    "div": "<div xmlns=\"http://www.w3.org/1999/xhtml\">\n<p><b>QuantitativeLaboratoryCodes-g-per-L ValueSet</b></p>\n<p>Value set that contains codes for labs that may report their quantitative results as g/L</p>\n</div>"
  },
  "url": "http://hl7.org/fhir/us/projectURL/shr/lab/vs/QuantitativeLaboratoryCodes-g-per-L",
  "identifier": {
    "system": "http://hl7.org/fhir/us/projectURL",
    "value": "shr.lab.QuantitativeLaboratoryCodes-g-per-L"
  },
  "version": "0.7.0",
  "name": "QuantitativeLaboratoryCodes-g-per-L",
  "status": "draft",
  "publisher": "The MITRE Corporation",
  "contact": [
    {
      "telecom": [
        {
          "system": "other",
          "value": "http://www.hl7.org/Special/committees/cic/index.cfm",
          "rank": 0
        }
      ]
    }
  ],
  "date": "2019-03-27T00:00:00-04:00",
  "description": "Value set that contains codes for labs that may report their quantitative results as g/L",
  "immutable": false,
  "compose": {
    "include": [
      {
        "system": "http://loinc.org",
        "concept": [
          {
            "code": "10834-0",
            "display": "Globulin [Mass/volume] in Serum by calculation"
          },
          {
            "code": "17793-1",
            "display": "Immunoglobulin light chains [Mass/volume] in 24 hour Urine"
          },
          {
            "code": "1869-7",
            "display": "Apolipoprotein A-I [Mass/volume] in Serum or Plasma"
          },
          {
            "code": "31203-3",
            "display": "5-Hydroxyindoleacetate [Mass/volume] in 24 hour Urine"
          },
          {
            "code": "1692-3",
            "display": "5-Hydroxyindoleacetate [Mass/volume] in Cerebral spinal fluid"
          },
          {
            "code": "1693-1",
            "display": "5-Hydroxyindoleacetate [Mass/volume] in Serum or Plasma"
          }
        ]
      }
    ]
  }
}