{
  "resourceType": "ValueSet",
  "id": "shr-lab-CBCWAutoDifferentialPanelCoreElementVS",
  "text": {
    "status": "generated",
    "div": "<div xmlns=\"http://www.w3.org/1999/xhtml\">\n<p><b>CBCWAutoDifferentialPanelCoreElementVS ValueSet</b></p>\n<p>Must-support members of the CompleteBloodCountPanelByAutomatedCountPanel</p>\n</div>"
  },
  "url": "http://hl7.org/fhir/us/projectURL/shr/lab/vs/CBCWAutoDifferentialPanelCoreElementVS",
  "identifier": {
    "system": "http://hl7.org/fhir/us/projectURL",
    "value": "shr.lab.CBCWAutoDifferentialPanelCoreElementVS"
  },
  "version": "0.7.0",
  "name": "CBCWAutoDifferentialPanelCoreElementVS",
  "status": "draft",
  "publisher": "The MITRE Corporation",
  "contact": [
    {
      "telecom": [
        {
          "system": "other",
          "value": "http://www.hl7.org/Special/committees/cic/index.cfm",
          "rank": 0
        }
      ]
    }
  ],
  "date": "2019-03-27T00:00:00-04:00",
  "description": "Must-support members of the CompleteBloodCountPanelByAutomatedCountPanel",
  "immutable": false,
  "compose": {
    "include": [
      {
        "system": "http://loinc.org",
        "concept": [
          {
            "code": "6690-2",
            "display": "Leukocytes [#/​volume] in Blood by Automated count"
          },
          {
            "code": "789-8",
            "display": "Erythrocytes [#/​volume] in Blood by Automated count"
          },
          {
            "code": "718-7",
            "display": "Hemoglobin [Mass/​volume] in Blood"
          },
          {
            "code": "4544-3",
            "display": "Hematocrit [Volume Fraction] of Blood by Automated count"
          },
          {
            "code": "787-2",
            "display": "MCV [Entitic volume] by Automated count"
          },
          {
            "code": "785-6",
            "display": "MCH [Entitic mass] by Automated count"
          },
          {
            "code": "786-4",
            "display": "MCHC [Mass/​volume] by Automated count"
          },
          {
            "code": "777-3",
            "display": "Platelets [#/​volume] in Blood by Automated count"
          },
          {
            "code": "770-8  ",
            "display": "Neutrophils/​100 leukocytes in Blood by Automated count"
          },
          {
            "code": "751-8  ",
            "display": "Neutrophils [#/​volume] in Blood by Automated count"
          }
        ]
      }
    ]
  }
}