{
  "resourceType": "ValueSet",
  "id": "oncocore-TumorMarkerVS",
  "text": {
    "status": "generated",
    "div": "<div xmlns=\"http://www.w3.org/1999/xhtml\">\n<p><b>TumorMarkerVS ValueSet</b></p>\n<p>A tumor marker is a substance found in tissue or blood or other body fluids that may be a sign of cancer or certain benign (noncancer) conditions. This value set of LOINC codes will include a comprehensive list of tumor markers across all cancers, and regardless of method or specimen type. Subsets specific to a cancer type will be created as needed. Sources vary but include https://labtestsonline.org/tests/tumor-markers.</p>\n</div>"
  },
  "url": "http://hl7.org/fhir/us/projectURL/oncocore/vs/TumorMarkerVS",
  "identifier": {
    "system": "http://hl7.org/fhir/us/projectURL",
    "value": "oncocore.TumorMarkerVS"
  },
  "version": "0.6.0",
  "name": "TumorMarkerVS",
  "status": "draft",
  "publisher": "The MITRE Corporation",
  "contact": [
    {
      "telecom": [
        {
          "system": "other",
          "value": "http://www.hl7.org/Special/committees/cic/index.cfm",
          "rank": 0
        }
      ]
    }
  ],
  "date": "2019-02-08T00:00:00-05:00",
  "description": "A tumor marker is a substance found in tissue or blood or other body fluids that may be a sign of cancer or certain benign (noncancer) conditions. This value set of LOINC codes will include a comprehensive list of tumor markers across all cancers, and regardless of method or specimen type. Subsets specific to a cancer type will be created as needed. Sources vary but include https://labtestsonline.org/tests/tumor-markers.",
  "immutable": false,
  "compose": {
    "include": [
      {
        "system": "http://loinc.org",
        "concept": [
          {
            "code": "1695-6",
            "display": "5-Hydroxyindoleacetate [Mass/time] in 24 hour Urine"
          },
          {
            "code": "31203-3",
            "display": "5-Hydroxyindoleacetate [Mass/volume] in 24 hour Urine"
          },
          {
            "code": "1692-3",
            "display": "5-Hydroxyindoleacetate [Mass/volume] in Cerebral spinal fluid"
          },
          {
            "code": "1693-1",
            "display": "5-Hydroxyindoleacetate [Mass/volume] in Serum or Plasma"
          },
          {
            "code": "1694-9",
            "display": "5-Hydroxyindoleacetate [Mass/volume] in Urine"
          },
          {
            "code": "72820-4",
            "display": "5-Hydroxyindoleacetate [Mass/volume] in Urine by Confirmatory method"
          },
          {
            "code": "14573-0",
            "display": "5-Hydroxyindoleacetate [Moles/time] in 24 hour Urine"
          },
          {
            "code": "25971-3",
            "display": "5-Hydroxyindoleacetate [Moles/volume] in 24 hour Urine"
          },
          {
            "code": "47544-2",
            "display": "5-Hydroxyindoleacetate [Moles/volume] in Cerebral spinal fluid"
          },
          {
            "code": "74769-1",
            "display": "5-Hydroxyindoleacetate [Moles/volume] in Platelet rich plasma"
          },
          {
            "code": "50149-4",
            "display": "5-Hydroxyindoleacetate [Moles/volume] in Serum or Plasma"
          },
          {
            "code": "15009-4",
            "display": "5-Hydroxyindoleacetate [Moles/volume] in Urine"
          },
          {
            "code": "12172-3",
            "display": "5-Hydroxyindoleacetate [Presence] in 24 hour Urine"
          },
          {
            "code": "48168-9",
            "display": "5-Hydroxyindoleacetate [Presence] in Urine"
          },
          {
            "code": "44907-4",
            "display": "5-Hydroxyindoleacetate panel - 24 hour Urine"
          },
          {
            "code": "10459-6",
            "display": "Alpha-1-Fetoprotein Ag [Presence] in Tissue by Immune stain"
          },
          {
            "code": "11207-8",
            "display": "Alpha-1-Fetoprotein [Mass/volume] in Body fluid"
          },
          {
            "code": "1833-3",
            "display": "Alpha-1-Fetoprotein [Mass/volume] in Cerebral spinal fluid"
          },
          {
            "code": "54348-8",
            "display": "Alpha-1-Fetoprotein [Mass/volume] in Cord blood"
          },
          {
            "code": "49761-0",
            "display": "Alpha-1-Fetoprotein [Mass/volume] in Peritoneal fluid"
          },
          {
            "code": "49762-8",
            "display": "Alpha-1-Fetoprotein [Mass/volume] in Pleural fluid"
          },
          {
            "code": "1834-1",
            "display": "Alpha-1-Fetoprotein [Mass/volume] in Serum or Plasma"
          },
          {
            "code": "83073-7",
            "display": "Alpha-1-Fetoprotein [Mass/volume] in Serum or Plasma by Immunoassay"
          },
          {
            "code": "19173-4",
            "display": "Alpha-1-Fetoprotein [Moles/volume] in Pleural fluid"
          },
          {
            "code": "19177-5",
            "display": "Alpha-1-Fetoprotein [Moles/volume] in Serum or Plasma"
          },
          {
            "code": "31993-9",
            "display": "Alpha-1-Fetoprotein [Presence] in Serum or Plasma"
          },
          {
            "code": "44910-8",
            "display": "Alpha-1-Fetoprotein [Units/volume] in Body fluid"
          },
          {
            "code": "59564-5",
            "display": "Alpha-1-Fetoprotein [Units/volume] in Cerebral spinal fluid"
          },
          {
            "code": "19172-6",
            "display": "Alpha-1-Fetoprotein [Units/volume] in Pleural fluid"
          },
          {
            "code": "19176-7",
            "display": "Alpha-1-Fetoprotein [Units/volume] in Serum or Plasma"
          },
          {
            "code": "83072-9",
            "display": "Alpha-1-Fetoprotein [Units/volume] in Serum or Plasma by Immunoassay"
          },
          {
            "code": "41274-2",
            "display": "Alpha-1-Fetoprotein interpretation in Serum or Plasma"
          },
          {
            "code": "49246-2",
            "display": "Alpha-1-Fetoprotein interpretation in Serum or Plasma Narrative"
          },
          {
            "code": "49585-3",
            "display": "Alpha-1-Fetoprotein multiple of the median cutoff [Multiple of the median] in Serum or Plasma"
          },
          {
            "code": "48802-3",
            "display": "Alpha-1-Fetoprotein panel - Serum or Plasma"
          },
          {
            "code": "53962-7",
            "display": "Alpha-1-fetoprotein.tumor marker [Mass/volume] in Serum or Plasma"
          },
          {
            "code": "53960-1",
            "display": "Alpha-1-fetoprotein.tumor marker [Moles/volume] in Serum or Plasma"
          },
          {
            "code": "53961-9",
            "display": "Alpha-1-fetoprotein.tumor marker [Units/volume] in Serum or Plasma"
          },
          {
            "code": "10873-8",
            "display": "Beta-2-Microglobulin [Mass/time] in 24 hour Urine"
          },
          {
            "code": "54356-1",
            "display": "Beta-2-Microglobulin [Mass/volume] in 24 hour Urine"
          },
          {
            "code": "48166-3",
            "display": "Beta-2-Microglobulin [Mass/volume] in Body fluid"
          },
          {
            "code": "1951-3",
            "display": "Beta-2-Microglobulin [Mass/volume] in Cerebral spinal fluid"
          },
          {
            "code": "49081-3",
            "display": "Beta-2-Microglobulin [Mass/volume] in Dialysis fluid"
          },
          {
            "code": "88711-7",
            "display": "Beta-2-Microglobulin [Mass/volume] in Peritoneal dialysis fluid"
          },
          {
            "code": "59217-0",
            "display": "Beta-2-Microglobulin [Mass/volume] in Peritoneal fluid"
          },
          {
            "code": "59218-8",
            "display": "Beta-2-Microglobulin [Mass/volume] in Pleural fluid"
          },
          {
            "code": "1952-1",
            "display": "Beta-2-Microglobulin [Mass/volume] in Serum or Plasma"
          },
          {
            "code": "87708-4",
            "display": "Beta-2-Microglobulin [Mass/volume] in Serum or Plasma --post dialysis"
          },
          {
            "code": "83078-6",
            "display": "Beta-2-Microglobulin [Mass/volume] in Serum or Plasma by Immunoassay"
          },
          {
            "code": "1953-9",
            "display": "Beta-2-Microglobulin [Mass/volume] in Urine"
          },
          {
            "code": "83077-8",
            "display": "Beta-2-Microglobulin [Mass/volume] in Urine by Immunoassay"
          },
          {
            "code": "56662-0",
            "display": "Beta-2-Microglobulin [Moles/time] in 24 hour Urine"
          },
          {
            "code": "50824-2",
            "display": "Beta-2-Microglobulin [Moles/volume] in 24 hour Urine"
          },
          {
            "code": "39458-5",
            "display": "Beta-2-Microglobulin [Moles/volume] in Body fluid"
          },
          {
            "code": "32301-4",
            "display": "Beta-2-Microglobulin [Moles/volume] in Cerebral spinal fluid"
          },
          {
            "code": "14626-6",
            "display": "Beta-2-Microglobulin [Moles/volume] in Serum"
          },
          {
            "code": "76484-5",
            "display": "Beta-2-Microglobulin [Moles/volume] in Serum or Plasma"
          },
          {
            "code": "32302-2",
            "display": "Beta-2-Microglobulin [Moles/volume] in Urine"
          },
          {
            "code": "43919-0",
            "display": "Beta-2-Microglobulin [Presence] in Cerebral spinal fluid"
          },
          {
            "code": "43818-4",
            "display": "Beta-2-Microglobulin [Presence] in Serum"
          },
          {
            "code": "43819-2",
            "display": "Beta-2-Microglobulin [Presence] in Urine"
          },
          {
            "code": "83076-0",
            "display": "Beta-2-Microglobulin [Units/volume] in Serum or Plasma by Immunoassay"
          },
          {
            "code": "83079-4",
            "display": "Beta-2-Microglobulin [Units/volume] in Urine by Immunoassay"
          },
          {
            "code": "10467-9",
            "display": "Beta-2-Microglobulin amyloid Ag [Presence] in Tissue by Immune stain"
          },
          {
            "code": "54355-3",
            "display": "Beta-2-Microglobulin in CSF/Beta-2-Microglobulin in serum"
          },
          {
            "code": "56786-7",
            "display": "Beta-2-Microglobulin.tumor marker [Mass/volume] in Serum"
          },
          {
            "code": "2006-5",
            "display": "Cancer Ag 125 [Presence] in Serum or Plasma"
          },
          {
            "code": "48677-9",
            "display": "Cancer Ag 125 [Presence] in Tissue by Immune stain"
          },
          {
            "code": "11210-2",
            "display": "Cancer Ag 125 [Units/volume] in Body fluid"
          },
          {
            "code": "15156-3",
            "display": "Cancer Ag 125 [Units/volume] in Body fluid by Dilution"
          },
          {
            "code": "50775-6",
            "display": "Cancer Ag 125 [Units/volume] in Cerebral spinal fluid"
          },
          {
            "code": "68923-2",
            "display": "Cancer Ag 125 [Units/volume] in Pericardial fluid"
          },
          {
            "code": "59040-6",
            "display": "Cancer Ag 125 [Units/volume] in Peritoneal dialysis fluid"
          },
          {
            "code": "40618-1",
            "display": "Cancer Ag 125 [Units/volume] in Peritoneal fluid"
          },
          {
            "code": "19165-0",
            "display": "Cancer Ag 125 [Units/volume] in Pleural fluid"
          },
          {
            "code": "10334-1",
            "display": "Cancer Ag 125 [Units/volume] in Serum or Plasma"
          },
          {
            "code": "15157-1",
            "display": "Cancer Ag 125 [Units/volume] in Serum or Plasma by Dilution"
          },
          {
            "code": "83082-8",
            "display": "Cancer Ag 125 [Units/volume] in Serum or Plasma by Immunoassay"
          },
          {
            "code": "2007-3",
            "display": "Cancer Ag 15-3 [Presence] in Serum or Plasma"
          },
          {
            "code": "29153-4",
            "display": "Cancer Ag 15-3 [Units/volume] in Body fluid"
          },
          {
            "code": "50776-4",
            "display": "Cancer Ag 15-3 [Units/volume] in Cerebral spinal fluid"
          },
          {
            "code": "50777-2",
            "display": "Cancer Ag 15-3 [Units/volume] in Pericardial fluid"
          },
          {
            "code": "50778-0",
            "display": "Cancer Ag 15-3 [Units/volume] in Peritoneal fluid"
          },
          {
            "code": "19186-6",
            "display": "Cancer Ag 15-3 [Units/volume] in Pleural fluid"
          },
          {
            "code": "6875-9",
            "display": "Cancer Ag 15-3 [Units/volume] in Serum or Plasma"
          },
          {
            "code": "83083-6",
            "display": "Cancer Ag 15-3 [Units/volume] in Serum or Plasma by Immunoassay"
          },
          {
            "code": "2009-9",
            "display": "Cancer Ag 19-9 [Presence] in Serum or Plasma"
          },
          {
            "code": "26924-1",
            "display": "Cancer Ag 19-9 [Units/volume] in Body fluid"
          },
          {
            "code": "50779-8",
            "display": "Cancer Ag 19-9 [Units/volume] in Cerebral spinal fluid"
          },
          {
            "code": "50780-6",
            "display": "Cancer Ag 19-9 [Units/volume] in Pericardial fluid"
          },
          {
            "code": "50781-4",
            "display": "Cancer Ag 19-9 [Units/volume] in Peritoneal fluid"
          },
          {
            "code": "19163-5",
            "display": "Cancer Ag 19-9 [Units/volume] in Pleural fluid"
          },
          {
            "code": "24108-3",
            "display": "Cancer Ag 19-9 [Units/volume] in Serum or Plasma"
          },
          {
            "code": "83084-4",
            "display": "Cancer Ag 19-9 [Units/volume] in Serum or Plasma by Immunoassay"
          },
          {
            "code": "2012-3",
            "display": "Cancer Ag 27-29 [Presence] in Serum or Plasma"
          },
          {
            "code": "50782-2",
            "display": "Cancer Ag 27-29 [Units/volume] in Cerebral spinal fluid"
          },
          {
            "code": "19187-4",
            "display": "Cancer Ag 27-29 [Units/volume] in Pleural fluid"
          },
          {
            "code": "17842-6",
            "display": "Cancer Ag 27-29 [Units/volume] in Serum or Plasma"
          },
          {
            "code": "12515-3",
            "display": "Carcinoembryonic Ag [Mass/volume] in Body fluid"
          },
          {
            "code": "2037-0",
            "display": "Carcinoembryonic Ag [Mass/volume] in Cerebral spinal fluid"
          },
          {
            "code": "40621-5",
            "display": "Carcinoembryonic Ag [Mass/volume] in Pericardial fluid"
          },
          {
            "code": "40622-3",
            "display": "Carcinoembryonic Ag [Mass/volume] in Peritoneal fluid"
          },
          {
            "code": "19169-2",
            "display": "Carcinoembryonic Ag [Mass/volume] in Pleural fluid"
          },
          {
            "code": "2038-8",
            "display": "Carcinoembryonic Ag [Mass/volume] in Semen"
          },
          {
            "code": "2039-6",
            "display": "Carcinoembryonic Ag [Mass/volume] in Serum or Plasma"
          },
          {
            "code": "83085-1",
            "display": "Carcinoembryonic Ag [Mass/volume] in Serum or Plasma by Immunoassay"
          },
          {
            "code": "19170-0",
            "display": "Carcinoembryonic Ag [Moles/volume] in Pleural fluid"
          },
          {
            "code": "19167-6",
            "display": "Carcinoembryonic Ag [Moles/volume] in Serum or Plasma"
          },
          {
            "code": "10469-5",
            "display": "Carcinoembryonic Ag [Presence] in Tissue by Immune stain"
          },
          {
            "code": "19168-4",
            "display": "Carcinoembryonic Ag [Units/volume] in Pleural fluid"
          },
          {
            "code": "10560-1",
            "display": "Carcinoembryonic Ag [Units/volume] in Semen"
          },
          {
            "code": "19166-8",
            "display": "Carcinoembryonic Ag [Units/volume] in Serum or Plasma"
          },
          {
            "code": "2010-7",
            "display": "Deprecated Cancer Ag 19-9 [Presence] in Serum or Plasma"
          },
          {
            "code": "85337-4",
            "display": "Estrogen receptor Ag [Presence] in Breast cancer specimen by Immune stain"
          },
          {
            "code": "40556-3",
            "display": "Estrogen receptor Ag [Presence] in Tissue by Immune stain"
          },
          {
            "code": "16112-5",
            "display": "Estrogen receptor [Interpretation] in Tissue"
          },
          {
            "code": "14130-9",
            "display": "Estrogen receptor [Moles/mass] in Tissue"
          },
          {
            "code": "85310-1",
            "display": "Estrogen receptor fluorescence intensity [Type] in Breast cancer specimen by Immune stain"
          },
          {
            "code": "10480-2",
            "display": "Estrogen+Progesterone receptor Ag [Presence] in Tissue by Immune stain"
          },
          {
            "code": "83054-7",
            "display": "PD-L1 by clone 22C3 [Interpretation] in Tissue by Immune stain Narrative"
          },
          {
            "code": "83052-1",
            "display": "PD-L1 by clone 22C3 [Presence] in Tissue by Immune stain"
          },
          {
            "code": "85147-7",
            "display": "PD-L1 by clone 22C3 in Tissue by Immune stain Report"
          },
          {
            "code": "83056-2",
            "display": "PD-L1 by clone 28-8 [Interpretation] in Tissue by Immune stain Narrative"
          },
          {
            "code": "83055-4",
            "display": "PD-L1 by clone 28-8 [Presence] in Tissue by Immune stain"
          },
          {
            "code": "85148-5",
            "display": "PD-L1 by clone 28-8 in Tissue by Immune stain Report"
          },
          {
            "code": "83057-0",
            "display": "PD-L1 by clone SP142 [Presence] in Tissue by Immune stain"
          },
          {
            "code": "85149-3",
            "display": "PD-L1 by clone SP142 in Tissue by Immune stain Report"
          },
          {
            "code": "83053-9",
            "display": "Cells.programmed cell death ligand 1/100 viable tumor cells in Tissue by Immune stain. (source: LOINC)"
          },
          {
            "code": "85339-0",
            "display": "Progesterone receptor Ag [Presence] in Breast cancer specimen by Immune stain"
          },
          {
            "code": "40557-1",
            "display": "Progesterone receptor Ag [Presence] in Tissue by Immune stain"
          },
          {
            "code": "16113-3",
            "display": "Progesterone receptor [Interpretation] in Tissue"
          },
          {
            "code": "10861-3",
            "display": "Progesterone receptor [Mass/mass] in Tissue"
          },
          {
            "code": "31207-4",
            "display": "Progesterone receptor [Moles/mass] in Tissue"
          },
          {
            "code": "85331-7",
            "display": "Progesterone receptor fluorescence intensity [Type] in Breast cancer specimen by Immune stain"
          },
          {
            "code": "47738-0",
            "display": "Prostate specific Ag [Mass/volume] in Body fluid"
          },
          {
            "code": "59230-3",
            "display": "Prostate specific Ag [Mass/volume] in Cerebral spinal fluid"
          },
          {
            "code": "59223-8",
            "display": "Prostate specific Ag [Mass/volume] in Peritoneal fluid"
          },
          {
            "code": "59221-2",
            "display": "Prostate specific Ag [Mass/volume] in Pleural fluid"
          },
          {
            "code": "19199-9",
            "display": "Prostate specific Ag [Mass/volume] in Semen"
          },
          {
            "code": "2857-1",
            "display": "Prostate specific Ag [Mass/volume] in Serum or Plasma"
          },
          {
            "code": "35741-8",
            "display": "Prostate specific Ag [Mass/volume] in Serum or Plasma by Detection limit <= 0.01 ng/mL"
          },
          {
            "code": "83112-3",
            "display": "Prostate specific Ag [Mass/volume] in Serum or Plasma by Immunoassay"
          },
          {
            "code": "34611-4",
            "display": "Prostate specific Ag [Mass/volume] in Urine"
          },
          {
            "code": "19200-5",
            "display": "Prostate specific Ag [Moles/volume] in Semen"
          },
          {
            "code": "19197-3",
            "display": "Prostate specific Ag [Moles/volume] in Serum or Plasma"
          },
          {
            "code": "10508-0",
            "display": "Prostate specific Ag [Presence] in Tissue by Immune stain"
          },
          {
            "code": "19198-1",
            "display": "Prostate specific Ag [Units/volume] in Semen"
          },
          {
            "code": "19195-7",
            "display": "Prostate specific Ag [Units/volume] in Serum or Plasma"
          },
          {
            "code": "15325-4",
            "display": "Prostate specific Ag/Prostate volume calculated"
          },
          {
            "code": "15323-9",
            "display": "Prostate specific Ag/Prostate volume calculated from height, width and length"
          },
          {
            "code": "15324-7",
            "display": "Prostate specific Ag/Prostate volume calculated from planimetry"
          }
        ]
      }
    ]
  }
}