{
  "resourceType": "ValueSet",
  "id": "shr-base-ConditionCategoryVS",
  "text": {
    "status": "generated",
    "div": "<div xmlns=\"http://www.w3.org/1999/xhtml\">\n<p><b>ConditionCategoryVS ValueSet</b></p>\n<p>A category assigned to the condition, for example, a disease, concern, symptom, adverse reaction, functional impairment, or structural abnormality.</p>\n</div>"
  },
  "url": "http://hl7.org/fhir/us/projectURL/shr/base/vs/ConditionCategoryVS",
  "identifier": {
    "system": "http://hl7.org/fhir/us/projectURL",
    "value": "shr.base.ConditionCategoryVS"
  },
  "version": "0.6.0",
  "name": "ConditionCategoryVS",
  "status": "draft",
  "publisher": "The MITRE Corporation",
  "contact": [
    {
      "telecom": [
        {
          "system": "other",
          "value": "http://www.hl7.org/Special/committees/cic/index.cfm",
          "rank": 0
        }
      ]
    }
  ],
  "date": "2019-02-07T00:00:00-05:00",
  "description": "A category assigned to the condition, for example, a disease, concern, symptom, adverse reaction, functional impairment, or structural abnormality.",
  "immutable": false,
  "codeSystem": {
    "system": "http://hl7.org/fhir/us/projectURL/shr/base/cs/ConditionCategoryCS",
    "caseSensitive": true,
    "concept": [
      {
        "code": "disease",
        "display": "A disorder of structure or function in a human, animal, or plant, especially one that produces specific signs or symptoms or that affects a specific location and is not simply a direct result of physical injury.",
        "definition": "A disorder of structure or function in a human, animal, or plant, especially one that produces specific signs or symptoms or that affects a specific location and is not simply a direct result of physical injury."
      },
      {
        "code": "functional_impairment",
        "display": "A disability experienced by the subject.",
        "definition": "A disability experienced by the subject."
      },
      {
        "code": "structural_abnormality",
        "display": "An abnormality of physiologic structure.",
        "definition": "An abnormality of physiologic structure."
      },
      {
        "code": "concern",
        "display": "Something the subject is worried about, which may or may not have yet been manifested. The object of the concern does not have to be a medical disorder.",
        "definition": "Something the subject is worried about, which may or may not have yet been manifested. The object of the concern does not have to be a medical disorder."
      },
      {
        "code": "symptom",
        "display": "A sign or manifestation of a deeper cause, of known or unknown etiology, e.g. pain or ringing in the ears.",
        "definition": "A sign or manifestation of a deeper cause, of known or unknown etiology, e.g. pain or ringing in the ears."
      },
      {
        "code": "adverse_reaction",
        "display": "An adverse reaction to an intervention.",
        "definition": "An adverse reaction to an intervention."
      }
    ]
  }
}