{
  "resourceType": "ValueSet",
  "id": "shr-lab-QuantitativeLaboratoryCodes-g-per-dL",
  "text": {
    "status": "generated",
    "div": "<div xmlns=\"http://www.w3.org/1999/xhtml\">\n<p><b>QuantitativeLaboratoryCodes-g-per-dL ValueSet</b></p>\n<p>Value set that contains codes for labs that may report their quantitative results as g/dL</p>\n</div>"
  },
  "url": "http://hl7.org/fhir/us/projectURL/shr/lab/vs/QuantitativeLaboratoryCodes-g-per-dL",
  "identifier": {
    "system": "http://hl7.org/fhir/us/projectURL",
    "value": "shr.lab.QuantitativeLaboratoryCodes-g-per-dL"
  },
  "version": "0.7.0",
  "name": "QuantitativeLaboratoryCodes-g-per-dL",
  "status": "draft",
  "publisher": "The MITRE Corporation",
  "contact": [
    {
      "telecom": [
        {
          "system": "other",
          "value": "http://www.hl7.org/Special/committees/cic/index.cfm",
          "rank": 0
        }
      ]
    }
  ],
  "date": "2019-03-27T00:00:00-04:00",
  "description": "Value set that contains codes for labs that may report their quantitative results as g/dL",
  "immutable": false,
  "compose": {
    "include": [
      {
        "system": "http://loinc.org",
        "concept": [
          {
            "code": "14338-8",
            "display": "Prealbumin [Mass/volume] in Serum or Plasma"
          },
          {
            "code": "1747-5",
            "display": "Albumin [Mass/volume] in Body fluid"
          },
          {
            "code": "1751-7",
            "display": "Albumin [Mass/volume] in Serum or Plasma"
          },
          {
            "code": "21482-5",
            "display": "Protein [Mass/volume] in 24 hour Urine"
          },
          {
            "code": "2336-6",
            "display": "Globulin [Mass/volume] in Serum"
          },
          {
            "code": "2862-1",
            "display": "Albumin [Mass/volume] in Serum or Plasma by Electrophoresis"
          },
          {
            "code": "2865-4",
            "display": "Alpha 1 globulin [Mass/volume] in Serum or Plasma by Electrophoresis"
          },
          {
            "code": "2868-8",
            "display": "Alpha 2 globulin [Mass/volume] in Serum or Plasma by Electrophoresis"
          },
          {
            "code": "2871-2",
            "display": "Beta globulin [Mass/volume] in Serum or Plasma by Electrophoresis"
          },
          {
            "code": "2874-6",
            "display": "Gamma globulin [Mass/volume] in Serum or Plasma by Electrophoresis"
          },
          {
            "code": "2881-1",
            "display": "Protein [Mass/volume] in Body fluid"
          },
          {
            "code": "2885-2",
            "display": "Protein [Mass/volume] in Serum or Plasma"
          },
          {
            "code": "2888-6",
            "display": "Protein [Mass/volume] in Urine"
          },
          {
            "code": "30313-1",
            "display": "Hemoglobin [Mass/volume] in Arterial blood"
          },
          {
            "code": "30350-3",
            "display": "Hemoglobin [Mass/volume] in Venous blood"
          },
          {
            "code": "33358-3",
            "display": "Protein.monoclonal [Mass/volume] in Serum or Plasma by Electrophoresis"
          },
          {
            "code": "6942-7",
            "display": "Albumin [Mass/volume] in Urine by Electrophoresis"
          },
          {
            "code": "718-7",
            "display": "Hemoglobin [Mass/volume] in Blood"
          },
          {
            "code": "786-4",
            "display": "Erythrocyte mean corpuscular hemoglobin concentration [Mass/volume] by Automated count"
          },
          {
            "code": "48166-3",
            "display": "Beta-2-Microglobulin [Mass/volume] in Body fluid"
          }
        ]
      }
    ]
  }
}