{"resourceType":"StructureDefinition","id":"shr-core-AdministrationSite-model","text":{"status":"generated","div":"<div xmlns=\"http://www.w3.org/1999/xhtml\">\n  <p><b>AdministrationSite Logical Model</b></p>\n  <p>The anatomic site at which the medication applied.</p>\n</div>"},"url":"http://hl7.org/fhir/us/odh/StructureDefinition/shr-core-AdministrationSite-model","identifier":[{"system":"http://hl7.org/fhir/us/odh","value":"shr.core.AdministrationSite"}],"version":"1.0.0","name":"AdministrationSite","title":"shr-core-AdministrationSite","status":"draft","date":"2019-05-08T00:00:00-04:00","publisher":"HL7","contact":[{"telecom":[{"system":"url","value":"http://standardhealthrecord.org"}]}],"description":"The anatomic site at which the medication applied.","fhirVersion":"3.0.1","kind":"logical","abstract":false,"type":"shr-core-AdministrationSite-model","baseDefinition":"http://hl7.org/fhir/StructureDefinition/Element","derivation":"specialization","snapshot":{"element":[{"id":"shr-core-AdministrationSite-model","path":"shr-core-AdministrationSite-model","definition":"The anatomic site at which the medication applied.","min":0,"max":"*","base":{"path":"shr-core-AdministrationSite-model","min":0,"max":"*"},"mustSupport":false,"isModifier":false,"isSummary":false},{"id":"shr-core-AdministrationSite-model.value","path":"shr-core-AdministrationSite-model.value","short":"Code representing the anatomic site at which the medication applied.","definition":"Code representing the anatomic site at which the medication applied.","min":1,"max":"1","base":{"path":"shr-core-AdministrationSite-model.value","min":1,"max":"1"},"type":[{"code":"Coding"}],"mustSupport":false,"isModifier":false,"isSummary":false,"binding":{"strength":"example","valueSetReference":{"reference":"http://hl7.org/fhir/us/odh/ValueSet/shr-core-BodyLocationVS"}}}]},"differential":{"element":[{"id":"shr-core-AdministrationSite-model","path":"shr-core-AdministrationSite-model","definition":"The anatomic site at which the medication applied.","min":0,"max":"*","base":{"path":"shr-core-AdministrationSite-model","min":0,"max":"*"},"mustSupport":false,"isModifier":false,"isSummary":false},{"id":"shr-core-AdministrationSite-model.value","path":"shr-core-AdministrationSite-model.value","short":"Code representing the anatomic site at which the medication applied.","definition":"Code representing the anatomic site at which the medication applied.","min":1,"max":"1","base":{"path":"shr-core-AdministrationSite-model.value","min":1,"max":"1"},"type":[{"code":"Coding"}],"mustSupport":false,"isModifier":false,"isSummary":false,"binding":{"strength":"example","valueSetReference":{"reference":"http://hl7.org/fhir/us/odh/ValueSet/shr-core-BodyLocationVS"}}}]}}