{"resourceType":"StructureDefinition","id":"shr-core-OccurrenceTimeOrPeriod-model","text":{"status":"generated","div":"<div xmlns=\"http://www.w3.org/1999/xhtml\">\n  <p><b>OccurrenceTimeOrPeriod Logical Model</b></p>\n  <p>The point in time or span of time in which something happens.</p>\n</div>"},"url":"http://hl7.org/fhir/us/shr/StructureDefinition/shr-core-OccurrenceTimeOrPeriod-model","identifier":[{"system":"http://hl7.org/fhir/us/odh","value":"shr.core.OccurrenceTimeOrPeriod"}],"version":"1.0.0","name":"OccurrenceTimeOrPeriod","title":"shr-core-OccurrenceTimeOrPeriod","status":"draft","date":"2019-04-08T00:00:00-04:00","publisher":"HL7","contact":[{"telecom":[{"system":"url","value":"http://standardhealthrecord.org"}]}],"description":"The point in time or span of time in which something happens.","fhirVersion":"3.0.1","kind":"logical","abstract":false,"type":"shr-core-OccurrenceTimeOrPeriod-model","baseDefinition":"http://hl7.org/fhir/StructureDefinition/Element","derivation":"specialization","snapshot":{"element":[{"id":"shr-core-OccurrenceTimeOrPeriod-model","path":"shr-core-OccurrenceTimeOrPeriod-model","definition":"The point in time or span of time in which something happens.","min":0,"max":"*","base":{"path":"shr-core-OccurrenceTimeOrPeriod-model","min":0,"max":"*"},"mustSupport":false,"isModifier":false,"isSummary":false},{"id":"shr-core-OccurrenceTimeOrPeriod-model.value[x]","path":"shr-core-OccurrenceTimeOrPeriod-model.value[x]","short":"Choice of types representing the point in time or span of time in which something happens.","definition":"Choice of types representing the point in time or span of time in which something happens.","min":1,"max":"1","base":{"path":"shr-core-OccurrenceTimeOrPeriod-model.value[x]","min":1,"max":"1"},"type":[{"code":"date"},{"code":"dateTime"},{"code":"http://hl7.org/fhir/us/shr/StructureDefinition/shr-core-TimePeriod-model"}],"mustSupport":false,"isModifier":false,"isSummary":false}]},"differential":{"element":[{"id":"shr-core-OccurrenceTimeOrPeriod-model","path":"shr-core-OccurrenceTimeOrPeriod-model","definition":"The point in time or span of time in which something happens.","min":0,"max":"*","base":{"path":"shr-core-OccurrenceTimeOrPeriod-model","min":0,"max":"*"},"mustSupport":false,"isModifier":false,"isSummary":false},{"id":"shr-core-OccurrenceTimeOrPeriod-model.value[x]","path":"shr-core-OccurrenceTimeOrPeriod-model.value[x]","short":"Choice of types representing the point in time or span of time in which something happens.","definition":"Choice of types representing the point in time or span of time in which something happens.","min":1,"max":"1","base":{"path":"shr-core-OccurrenceTimeOrPeriod-model.value[x]","min":1,"max":"1"},"type":[{"code":"date"},{"code":"dateTime"},{"code":"http://hl7.org/fhir/us/shr/StructureDefinition/shr-core-TimePeriod-model"}],"mustSupport":false,"isModifier":false,"isSummary":false}]}}