{"resourceType":"StructureDefinition","id":"shr-core-RaceCode-model","text":{"status":"generated","div":"<div xmlns=\"http://www.w3.org/1999/xhtml\">\n  <p><b>RaceCode Logical Model</b></p>\n  <p>A code for the person's race</p>\n</div>"},"url":"http://hl7.org/fhir/us/shr/StructureDefinition/shr-core-RaceCode-model","identifier":[{"system":"http://hl7.org/fhir/us/odh","value":"shr.core.RaceCode"}],"version":"1.0.0","name":"RaceCode","title":"shr-core-RaceCode","status":"draft","date":"2019-03-30T00:00:00-04:00","publisher":"HL7","contact":[{"telecom":[{"system":"url","value":"http://standardhealthrecord.org"}]}],"description":"A code for the person's race","fhirVersion":"3.0.1","kind":"logical","abstract":false,"type":"shr-core-RaceCode-model","baseDefinition":"http://hl7.org/fhir/StructureDefinition/Element","derivation":"specialization","snapshot":{"element":[{"id":"shr-core-RaceCode-model","path":"shr-core-RaceCode-model","definition":"A code for the person's race","min":0,"max":"*","base":{"path":"shr-core-RaceCode-model","min":0,"max":"*"},"mustSupport":false,"isModifier":false,"isSummary":false},{"id":"shr-core-RaceCode-model.value","path":"shr-core-RaceCode-model.value","short":"Code representing a code for the person's race","definition":"Code representing a code for the person's race","min":1,"max":"1","base":{"path":"shr-core-RaceCode-model.value","min":1,"max":"1"},"type":[{"code":"Coding"}],"mustSupport":false,"isModifier":false,"isSummary":false,"binding":{"strength":"required","valueSetReference":{"reference":"http://hl7.org/fhir/us/core/ValueSet/omb-race"}}}]},"differential":{"element":[{"id":"shr-core-RaceCode-model","path":"shr-core-RaceCode-model","definition":"A code for the person's race","min":0,"max":"*","base":{"path":"shr-core-RaceCode-model","min":0,"max":"*"},"mustSupport":false,"isModifier":false,"isSummary":false},{"id":"shr-core-RaceCode-model.value","path":"shr-core-RaceCode-model.value","short":"Code representing a code for the person's race","definition":"Code representing a code for the person's race","min":1,"max":"1","base":{"path":"shr-core-RaceCode-model.value","min":1,"max":"1"},"type":[{"code":"Coding"}],"mustSupport":false,"isModifier":false,"isSummary":false,"binding":{"strength":"required","valueSetReference":{"reference":"http://hl7.org/fhir/us/core/ValueSet/omb-race"}}}]}}