{"resourceType":"StructureDefinition","id":"shr-core-SubstitutionReason-model","text":{"status":"generated","div":"<div xmlns=\"http://www.w3.org/1999/xhtml\">\n  <p><b>SubstitutionReason Logical Model</b></p>\n  <p>Why should (not) substitution be made.</p>\n</div>"},"url":"http://hl7.org/fhir/us/shr/StructureDefinition/shr-core-SubstitutionReason-model","identifier":[{"system":"http://hl7.org/fhir/us/odh","value":"shr.core.SubstitutionReason"}],"version":"1.0.0","name":"SubstitutionReason","title":"shr-core-SubstitutionReason","status":"draft","date":"2019-03-30T00:00:00-04:00","publisher":"HL7","contact":[{"telecom":[{"system":"url","value":"http://standardhealthrecord.org"}]}],"description":"Why should (not) substitution be made.","fhirVersion":"3.0.1","kind":"logical","abstract":false,"type":"shr-core-SubstitutionReason-model","baseDefinition":"http://hl7.org/fhir/StructureDefinition/Element","derivation":"specialization","snapshot":{"element":[{"id":"shr-core-SubstitutionReason-model","path":"shr-core-SubstitutionReason-model","definition":"Why should (not) substitution be made.","min":0,"max":"*","base":{"path":"shr-core-SubstitutionReason-model","min":0,"max":"*"},"mustSupport":false,"isModifier":false,"isSummary":false},{"id":"shr-core-SubstitutionReason-model.value","path":"shr-core-SubstitutionReason-model.value","short":"Code representing why should (not) substitution be made.","definition":"Code representing why should (not) substitution be made.","min":1,"max":"1","base":{"path":"shr-core-SubstitutionReason-model.value","min":1,"max":"1"},"type":[{"code":"Coding"}],"mustSupport":false,"isModifier":false,"isSummary":false}]},"differential":{"element":[{"id":"shr-core-SubstitutionReason-model","path":"shr-core-SubstitutionReason-model","definition":"Why should (not) substitution be made.","min":0,"max":"*","base":{"path":"shr-core-SubstitutionReason-model","min":0,"max":"*"},"mustSupport":false,"isModifier":false,"isSummary":false},{"id":"shr-core-SubstitutionReason-model.value","path":"shr-core-SubstitutionReason-model.value","short":"Code representing why should (not) substitution be made.","definition":"Code representing why should (not) substitution be made.","min":1,"max":"1","base":{"path":"shr-core-SubstitutionReason-model.value","min":1,"max":"1"},"type":[{"code":"Coding"}],"mustSupport":false,"isModifier":false,"isSummary":false}]}}