{"resourceType":"StructureDefinition","id":"shr-core-SubstitutionAllowed-model","text":{"status":"generated","div":"<div xmlns=\"http://www.w3.org/1999/xhtml\">\n  <p><b>SubstitutionAllowed Logical Model</b></p>\n  <p>Whether substitution is allowed or not.</p>\n</div>"},"url":"http://hl7.org/fhir/us/shr/StructureDefinition/shr-core-SubstitutionAllowed-model","identifier":[{"system":"http://hl7.org/fhir/us/odh","value":"shr.core.SubstitutionAllowed"}],"version":"1.0.0","name":"SubstitutionAllowed","title":"shr-core-SubstitutionAllowed","status":"draft","date":"2019-04-08T00:00:00-04:00","publisher":"HL7","contact":[{"telecom":[{"system":"url","value":"http://standardhealthrecord.org"}]}],"description":"Whether substitution is allowed or not.","fhirVersion":"3.0.1","kind":"logical","abstract":false,"type":"shr-core-SubstitutionAllowed-model","baseDefinition":"http://hl7.org/fhir/StructureDefinition/Element","derivation":"specialization","snapshot":{"element":[{"id":"shr-core-SubstitutionAllowed-model","path":"shr-core-SubstitutionAllowed-model","definition":"Whether substitution is allowed or not.","min":0,"max":"*","base":{"path":"shr-core-SubstitutionAllowed-model","min":0,"max":"*"},"mustSupport":false,"isModifier":false,"isSummary":false},{"id":"shr-core-SubstitutionAllowed-model.value","path":"shr-core-SubstitutionAllowed-model.value","short":"Boolean representing whether substitution is allowed or not.","definition":"Boolean representing whether substitution is allowed or not.","min":1,"max":"1","base":{"path":"shr-core-SubstitutionAllowed-model.value","min":1,"max":"1"},"type":[{"code":"boolean"}],"mustSupport":false,"isModifier":false,"isSummary":false}]},"differential":{"element":[{"id":"shr-core-SubstitutionAllowed-model","path":"shr-core-SubstitutionAllowed-model","definition":"Whether substitution is allowed or not.","min":0,"max":"*","base":{"path":"shr-core-SubstitutionAllowed-model","min":0,"max":"*"},"mustSupport":false,"isModifier":false,"isSummary":false},{"id":"shr-core-SubstitutionAllowed-model.value","path":"shr-core-SubstitutionAllowed-model.value","short":"Boolean representing whether substitution is allowed or not.","definition":"Boolean representing whether substitution is allowed or not.","min":1,"max":"1","base":{"path":"shr-core-SubstitutionAllowed-model.value","min":1,"max":"1"},"type":[{"code":"boolean"}],"mustSupport":false,"isModifier":false,"isSummary":false}]}}