{"resourceType":"StructureDefinition","id":"shr-core-Inactive-model","text":{"status":"generated","div":"<div xmlns=\"http://www.w3.org/1999/xhtml\">\n  <p><b>Inactive Logical Model</b></p>\n  <p>A flag that indicates whether this item is inactive.</p>\n</div>"},"url":"http://hl7.org/fhir/us/odh/StructureDefinition/shr-core-Inactive-model","identifier":[{"system":"http://hl7.org/fhir/us/odh","value":"shr.core.Inactive"}],"version":"1.0.0","name":"Inactive","title":"shr-core-Inactive","status":"draft","date":"2019-05-08T00:00:00-04:00","publisher":"HL7","contact":[{"telecom":[{"system":"url","value":"http://standardhealthrecord.org"}]}],"description":"A flag that indicates whether this item is inactive.","fhirVersion":"3.0.1","kind":"logical","abstract":false,"type":"shr-core-Inactive-model","baseDefinition":"http://hl7.org/fhir/StructureDefinition/Element","derivation":"specialization","snapshot":{"element":[{"id":"shr-core-Inactive-model","path":"shr-core-Inactive-model","definition":"A flag that indicates whether this item is inactive.","min":0,"max":"*","base":{"path":"shr-core-Inactive-model","min":0,"max":"*"},"mustSupport":false,"isModifier":false,"isSummary":false},{"id":"shr-core-Inactive-model.value","path":"shr-core-Inactive-model.value","short":"Boolean representing a flag that indicates whether this item is inactive.","definition":"Boolean representing a flag that indicates whether this item is inactive.","min":1,"max":"1","base":{"path":"shr-core-Inactive-model.value","min":1,"max":"1"},"type":[{"code":"boolean"}],"mustSupport":false,"isModifier":false,"isSummary":false}]},"differential":{"element":[{"id":"shr-core-Inactive-model","path":"shr-core-Inactive-model","definition":"A flag that indicates whether this item is inactive.","min":0,"max":"*","base":{"path":"shr-core-Inactive-model","min":0,"max":"*"},"mustSupport":false,"isModifier":false,"isSummary":false},{"id":"shr-core-Inactive-model.value","path":"shr-core-Inactive-model.value","short":"Boolean representing a flag that indicates whether this item is inactive.","definition":"Boolean representing a flag that indicates whether this item is inactive.","min":1,"max":"1","base":{"path":"shr-core-Inactive-model.value","min":1,"max":"1"},"type":[{"code":"boolean"}],"mustSupport":false,"isModifier":false,"isSummary":false}]}}