{"resourceType":"StructureDefinition","id":"shr-core-EncounterDiagnosis-extension","text":{"status":"generated","div":"<div xmlns=\"http://www.w3.org/1999/xhtml\">\n  <p><b>EncounterDiagnosis Extension</b></p>\n  <p>A diagnosis, which is a disease or injury determined to be present through evaluation of patient history, examination, and/or review of laboratory data. This element is not a stand-alone representation of the condition that was diagnosed, but is meant to be used as an sub-structure in a resource, such as Encounter.</p>\n</div>"},"url":"http://hl7.org/fhir/us/odh/StructureDefinition/shr-core-EncounterDiagnosis-extension","identifier":[{"system":"http://hl7.org/fhir/us/odh","value":"shr.core.EncounterDiagnosis"}],"version":"1.0.0","name":"EncounterDiagnosis","title":"shr-core-EncounterDiagnosis","status":"draft","date":"2019-05-08T00:00:00-04:00","publisher":"HL7","contact":[{"telecom":[{"system":"url","value":"http://standardhealthrecord.org"}]}],"description":"A diagnosis, which is a disease or injury determined to be present through evaluation of patient history, examination, and/or review of laboratory data. This element is not a stand-alone representation of the condition that was diagnosed, but is meant to be used as an sub-structure in a resource, such as Encounter.","fhirVersion":"3.0.1","kind":"complex-type","abstract":false,"contextType":"resource","context":["*"],"type":"Extension","baseDefinition":"http://hl7.org/fhir/StructureDefinition/Extension","derivation":"constraint","snapshot":{"element":[{"id":"Extension:encounterdiagnosis","path":"Extension","short":"EncounterDiagnosis","definition":"A diagnosis, which is a disease or injury determined to be present through evaluation of patient history, examination, and/or review of laboratory data. This element is not a stand-alone representation of the condition that was diagnosed, but is meant to be used as an sub-structure in a resource, such as Encounter.","min":0,"max":"*","base":{"path":"Extension","min":0,"max":"1"},"condition":["ele-1"],"constraint":[{"key":"ele-1","severity":"error","human":"All FHIR elements must have a @value or children","expression":"children().count() > id.count()","xpath":"@value|f:*|h:div","source":"Element"},{"key":"ext-1","severity":"error","human":"Must have either extensions or value[x], not both","expression":"extension.exists() != value.exists()","xpath":"exists(f:extension)!=exists(f:*[starts-with(local-name(.), 'value')])","source":"Extension"}]},{"id":"Extension:encounterdiagnosis.id","path":"Extension.id","representation":["xmlAttr"],"short":"xml:id (or equivalent in JSON)","definition":"unique id for the element within a resource (for internal references). This may be any string value that does not contain spaces.","min":0,"max":"1","base":{"path":"Element.id","min":0,"max":"1"},"type":[{"code":"string"}],"mapping":[{"identity":"rim","map":"N/A"}]},{"id":"Extension:encounterdiagnosis.extension","path":"Extension.extension","slicing":{"id":"1","discriminator":[{"type":"value","path":"url"}],"ordered":false,"rules":"open"},"short":"Extension","definition":"An Extension","min":1,"max":"*","base":{"path":"Element.extension","min":0,"max":"*"},"type":[{"code":"Extension"}]},{"id":"Extension:encounterdiagnosis.extension:diagnosiscode","path":"Extension.extension","sliceName":"diagnosiscode","definition":"Codes for a diagnosis.","min":0,"max":"1","base":{"path":"Extension.extension","min":0,"max":"1"},"type":[{"code":"Extension","profile":"http://hl7.org/fhir/us/odh/StructureDefinition/shr-core-DiagnosisCode-extension"}],"isModifier":false,"mapping":[{"identity":"rim","map":"N/A"}]},{"id":"Extension:encounterdiagnosis.extension:condition","path":"Extension.extension","sliceName":"condition","definition":"A condition that is or may be present in a subject. 'Condition' is interpreted broadly and could be a disorder, abnormality, problem, injury, complaint, functionality, illness, disease, ailment, sickness, affliction, upset, difficulty, disorder, symptom, worry, or trouble.\nThe Observation-based class, ConditionAbsent, should be used to describe conditions that are not present or negative findings.\nSHR Condition uses the SHR BodyLocation structure that includes not only a code, but optional laterality, direction, clock direction, and distance. If included, the distance is measured from the location specified by the code, laterality, and direction.","min":1,"max":"1","base":{"path":"Extension.extension","min":0,"max":"1"},"type":[{"code":"Extension","profile":"http://hl7.org/fhir/us/odh/StructureDefinition/shr-core-Condition-extension"}],"isModifier":false,"mapping":[{"identity":"rim","map":"N/A"}]},{"id":"Extension:encounterdiagnosis.extension:priorityrank","path":"Extension.extension","sliceName":"priorityrank","definition":"The priority of the procedure, as a number (1 being the highest priority)","min":0,"max":"1","base":{"path":"Extension.extension","min":0,"max":"1"},"type":[{"code":"Extension","profile":"http://hl7.org/fhir/us/odh/StructureDefinition/shr-core-PriorityRank-extension"}],"isModifier":false,"mapping":[{"identity":"rim","map":"N/A"}]},{"id":"Extension:encounterdiagnosis.extension:type","path":"Extension.extension","sliceName":"type","definition":"A code describing the item at a greater level of detail.","min":0,"max":"1","base":{"path":"Extension.extension","min":0,"max":"1"},"type":[{"code":"Extension","profile":"http://hl7.org/fhir/us/odh/StructureDefinition/shr-core-Type-extension"}],"isModifier":false,"mapping":[{"identity":"rim","map":"N/A"}]},{"id":"Extension:encounterdiagnosis.extension:type.id","path":"Extension.extension.id","representation":["xmlAttr"],"short":"xml:id (or equivalent in JSON)","definition":"unique id for the element within a resource (for internal references). This may be any string value that does not contain spaces.","min":0,"max":"1","base":{"path":"Element.id","min":0,"max":"1"},"type":[{"code":"string"}],"mapping":[{"identity":"rim","map":"N/A"}]},{"id":"Extension:encounterdiagnosis.extension:type.extension:extension","path":"Extension.extension.extension","short":"Extension","definition":"An Extension","min":0,"max":"0","base":{"path":"Element.extension","min":0,"max":"*"},"type":[{"code":"Extension"}]},{"id":"Extension:encounterdiagnosis.extension:type.url","path":"Extension.extension.url","representation":["xmlAttr"],"short":"identifies the meaning of the extension","definition":"Source of the definition for the extension code - a logical name or a URL.","min":1,"max":"1","base":{"path":"Extension.url","min":1,"max":"1"},"type":[{"code":"uri"}],"fixedUri":"http://hl7.org/fhir/us/odh/StructureDefinition/shr-core-Type-extension","mapping":[{"identity":"rim","map":"N/A"}]},{"id":"Extension:encounterdiagnosis.extension:type.valueCodeableConcept","path":"Extension.extension.valueCodeableConcept","short":"Value of extension","definition":"Value of extension - may be a resource or one of a constrained set of the data types (see Extensibility in the spec for list).","min":1,"max":"1","base":{"path":"Extension.value[x]","min":0,"max":"1"},"type":[{"code":"CodeableConcept"}],"binding":{"strength":"preferred","valueSetReference":{"reference":"http://hl7.org/fhir/ValueSet/diagnosis-role"}},"mapping":[{"identity":"rim","map":"N/A"}]},{"id":"Extension:encounterdiagnosis.url","path":"Extension.url","representation":["xmlAttr"],"short":"identifies the meaning of the extension","definition":"Source of the definition for the extension code - a logical name or a URL.","min":1,"max":"1","base":{"path":"Extension.url","min":1,"max":"1"},"type":[{"code":"uri"}],"fixedUri":"http://hl7.org/fhir/us/odh/StructureDefinition/shr-core-EncounterDiagnosis-extension","mapping":[{"identity":"rim","map":"N/A"}]},{"id":"Extension:encounterdiagnosis.value[x]","path":"Extension.value[x]","short":"Value of extension","definition":"Value of extension - may be a resource or one of a constrained set of the data types (see Extensibility in the spec for list).","min":0,"max":"0","base":{"path":"Extension.value[x]","min":0,"max":"1"},"type":[{"code":"base64Binary"},{"code":"boolean"},{"code":"code"},{"code":"date"},{"code":"dateTime"},{"code":"decimal"},{"code":"id"},{"code":"instant"},{"code":"integer"},{"code":"markdown"},{"code":"oid"},{"code":"positiveInt"},{"code":"string"},{"code":"time"},{"code":"unsignedInt"},{"code":"uri"},{"code":"Address"},{"code":"Age"},{"code":"Annotation"},{"code":"Attachment"},{"code":"CodeableConcept"},{"code":"Coding"},{"code":"ContactPoint"},{"code":"Count"},{"code":"Distance"},{"code":"Duration"},{"code":"HumanName"},{"code":"Identifier"},{"code":"Money"},{"code":"Period"},{"code":"Quantity"},{"code":"Range"},{"code":"Ratio"},{"code":"Reference"},{"code":"SampledData"},{"code":"Signature"},{"code":"Timing"},{"code":"Meta"}],"mapping":[{"identity":"rim","map":"N/A"}]}]},"differential":{"element":[{"id":"Extension:encounterdiagnosis","path":"Extension","short":"EncounterDiagnosis","definition":"A diagnosis, which is a disease or injury determined to be present through evaluation of patient history, examination, and/or review of laboratory data. This element is not a stand-alone representation of the condition that was diagnosed, but is meant to be used as an sub-structure in a resource, such as Encounter.","min":0,"max":"*"},{"id":"Extension:encounterdiagnosis.extension","path":"Extension.extension","min":1,"max":"*"},{"id":"Extension:encounterdiagnosis.extension:diagnosiscode","path":"Extension.extension","sliceName":"diagnosiscode","definition":"Codes for a diagnosis.","min":0,"max":"1","type":[{"code":"Extension","profile":"http://hl7.org/fhir/us/odh/StructureDefinition/shr-core-DiagnosisCode-extension"}]},{"id":"Extension:encounterdiagnosis.extension:condition","path":"Extension.extension","sliceName":"condition","definition":"A condition that is or may be present in a subject. 'Condition' is interpreted broadly and could be a disorder, abnormality, problem, injury, complaint, functionality, illness, disease, ailment, sickness, affliction, upset, difficulty, disorder, symptom, worry, or trouble.\nThe Observation-based class, ConditionAbsent, should be used to describe conditions that are not present or negative findings.\nSHR Condition uses the SHR BodyLocation structure that includes not only a code, but optional laterality, direction, clock direction, and distance. If included, the distance is measured from the location specified by the code, laterality, and direction.","min":1,"max":"1","type":[{"code":"Extension","profile":"http://hl7.org/fhir/us/odh/StructureDefinition/shr-core-Condition-extension"}]},{"id":"Extension:encounterdiagnosis.extension:priorityrank","path":"Extension.extension","sliceName":"priorityrank","definition":"The priority of the procedure, as a number (1 being the highest priority)","min":0,"max":"1","type":[{"code":"Extension","profile":"http://hl7.org/fhir/us/odh/StructureDefinition/shr-core-PriorityRank-extension"}]},{"id":"Extension:encounterdiagnosis.extension:type","path":"Extension.extension","sliceName":"type","definition":"A code describing the item at a greater level of detail.","min":0,"max":"1","type":[{"code":"Extension","profile":"http://hl7.org/fhir/us/odh/StructureDefinition/shr-core-Type-extension"}]},{"id":"Extension:encounterdiagnosis.extension:type.valueCodeableConcept","path":"Extension.extension.valueCodeableConcept","binding":{"strength":"preferred","valueSetReference":{"reference":"http://hl7.org/fhir/ValueSet/diagnosis-role"}}},{"id":"Extension:encounterdiagnosis.url","path":"Extension.url","type":[{"code":"uri"}],"fixedUri":"http://hl7.org/fhir/us/odh/StructureDefinition/shr-core-EncounterDiagnosis-extension"},{"id":"Extension:encounterdiagnosis.value[x]","path":"Extension.value[x]","min":0,"max":"0"}]}}