{"resourceType":"StructureDefinition","id":"shr-core-ClosingTime-model","text":{"status":"generated","div":"<div xmlns=\"http://www.w3.org/1999/xhtml\">\n  <p><b>ClosingTime Logical Model</b></p>\n  <p>Time that the Location closes.</p>\n</div>"},"url":"http://hl7.org/fhir/us/odh/StructureDefinition/shr-core-ClosingTime-model","identifier":[{"system":"http://hl7.org/fhir/us/odh","value":"shr.core.ClosingTime"}],"version":"1.0.0","name":"ClosingTime","title":"shr-core-ClosingTime","status":"draft","date":"2019-05-08T00:00:00-04:00","publisher":"HL7","contact":[{"telecom":[{"system":"url","value":"http://standardhealthrecord.org"}]}],"description":"Time that the Location closes.","fhirVersion":"3.0.1","kind":"logical","abstract":false,"type":"shr-core-ClosingTime-model","baseDefinition":"http://hl7.org/fhir/StructureDefinition/Element","derivation":"specialization","snapshot":{"element":[{"id":"shr-core-ClosingTime-model","path":"shr-core-ClosingTime-model","definition":"Time that the Location closes.","min":0,"max":"*","base":{"path":"shr-core-ClosingTime-model","min":0,"max":"*"},"mustSupport":false,"isModifier":false,"isSummary":false},{"id":"shr-core-ClosingTime-model.value","path":"shr-core-ClosingTime-model.value","short":"Time representing time that the Location closes.","definition":"Time representing time that the Location closes.","min":1,"max":"1","base":{"path":"shr-core-ClosingTime-model.value","min":1,"max":"1"},"type":[{"code":"time"}],"mustSupport":false,"isModifier":false,"isSummary":false}]},"differential":{"element":[{"id":"shr-core-ClosingTime-model","path":"shr-core-ClosingTime-model","definition":"Time that the Location closes.","min":0,"max":"*","base":{"path":"shr-core-ClosingTime-model","min":0,"max":"*"},"mustSupport":false,"isModifier":false,"isSummary":false},{"id":"shr-core-ClosingTime-model.value","path":"shr-core-ClosingTime-model.value","short":"Time representing time that the Location closes.","definition":"Time representing time that the Location closes.","min":1,"max":"1","base":{"path":"shr-core-ClosingTime-model.value","min":1,"max":"1"},"type":[{"code":"time"}],"mustSupport":false,"isModifier":false,"isSummary":false}]}}