{"resourceType":"StructureDefinition","id":"shr-core-ActionRequested","text":{"status":"generated","div":"<div xmlns=\"http://www.w3.org/1999/xhtml\">\n  <p><b>ActionRequested Profile</b></p>\n  <p>Abstract class representing a request for any type of action to be performed.</p>\n  <p><b>Mapping Summary</b></p>\n  <p><pre>shr.core.ActionRequested maps to DomainResource:\n  Language maps to language\n  Narrative maps to text\n  ImplicitRules maps to implicitRules\n  Metadata.VersionId maps to meta.versionId\n  Metadata.Profile maps to meta.profile\n  Metadata.LastUpdated maps to meta.lastUpdated\n  Metadata.SecurityLabel maps to meta.security\n  Metadata.Tag maps to meta.tag\n</pre></p>\n</div>"},"url":"http://hl7.org/fhir/us/shr/StructureDefinition/shr-core-ActionRequested","identifier":[{"system":"http://hl7.org/fhir/us/odh","value":"shr.core.ActionRequested"}],"version":"1.0.0","name":"ActionRequested","title":"shr-core-ActionRequested","status":"draft","date":"2019-04-08T00:00:00-04:00","publisher":"HL7","contact":[{"telecom":[{"system":"url","value":"http://standardhealthrecord.org"}]}],"description":"Abstract class representing a request for any type of action to be performed.","fhirVersion":"3.0.1","mapping":[{"identity":"rim","uri":"http://hl7.org/v3","name":"RIM Mapping"}],"kind":"resource","abstract":true,"type":"DomainResource","baseDefinition":"http://hl7.org/fhir/StructureDefinition/DomainResource","derivation":"constraint","snapshot":{"element":[{"id":"DomainResource:shr-core-ActionRequested","path":"DomainResource","short":"shr-core-ActionRequested","definition":"Abstract class representing a request for any type of action to be performed.","min":0,"max":"*","constraint":[{"key":"dom-2","severity":"error","human":"If the resource is contained in another resource, it SHALL NOT contain nested Resources","expression":"contained.contained.empty()","xpath":"not(parent::f:contained and f:contained)"},{"key":"dom-1","severity":"error","human":"If the resource is contained in another resource, it SHALL NOT contain any narrative","expression":"contained.text.empty()","xpath":"not(parent::f:contained and f:text)"},{"key":"dom-4","severity":"error","human":"If a resource is contained in another resource, it SHALL NOT have a meta.versionId or a meta.lastUpdated","expression":"contained.meta.versionId.empty() and contained.meta.lastUpdated.empty()","xpath":"not(exists(f:contained/*/f:meta/f:versionId)) and not(exists(f:contained/*/f:meta/f:lastUpdated))"},{"key":"dom-3","severity":"error","human":"If the resource is contained in another resource, it SHALL be referred to from elsewhere in the resource","expression":"contained.where(('#'+id in %resource.descendants().reference).not()).empty()","xpath":"not(exists(for $id in f:contained/*/@id return $id[not(ancestor::f:contained/parent::*/descendant::f:reference/@value=concat('#', $id))]))"}],"mapping":[{"identity":"rim","map":"Entity. Role, or Act"}]},{"id":"DomainResource:shr-core-ActionRequested.id","path":"DomainResource.id","short":"Logical id of this artifact","definition":"The logical id of the resource, as used in the URL for the resource. Once assigned, this value never changes.","comment":"The only time that a resource does not have an id is when it is being submitted to the server using a create operation.","min":0,"max":"1","base":{"path":"Resource.id","min":0,"max":"1"},"type":[{"code":"id"}],"isSummary":true},{"id":"DomainResource:shr-core-ActionRequested.meta","path":"DomainResource.meta","short":"Metadata about the resource","definition":"The metadata about the resource. This is content that is maintained by the infrastructure. Changes to the content may not always be associated with version changes to the resource.","min":0,"max":"1","base":{"path":"Resource.meta","min":0,"max":"1"},"type":[{"code":"Meta"}],"isSummary":true},{"id":"DomainResource:shr-core-ActionRequested.implicitRules","path":"DomainResource.implicitRules","short":"A set of rules under which this content was created","definition":"A reference to a set of rules that were followed when the resource was constructed, and which must be understood when processing the content.","comment":"Asserting this rule set restricts the content to be only understood by a limited set of trading partners. This inherently limits the usefulness of the data in the long term. However, the existing health eco-system is highly fractured, and not yet ready to define, collect, and exchange data in a generally computable sense. Wherever possible, implementers and/or specification writers should avoid using this element. \n\nThis element is labelled as a modifier because the implicit rules may provide additional knowledge about the resource that modifies it's meaning or interpretation.","min":0,"max":"1","base":{"path":"Resource.implicitRules","min":0,"max":"1"},"type":[{"code":"uri"}],"isModifier":true,"isSummary":true},{"id":"DomainResource:shr-core-ActionRequested.language","path":"DomainResource.language","short":"Language of the resource content","definition":"The base language in which the resource is written.","comment":"Language is provided to support indexing and accessibility (typically, services such as text to speech use the language tag). The html language tag in the narrative applies  to the narrative. The language tag on the resource may be used to specify the language of other presentations generated from the data in the resource  Not all the content has to be in the base language. The Resource.language should not be assumed to apply to the narrative automatically. If a language is specified, it should it also be specified on the div element in the html (see rules in HTML5 for information about the relationship between xml:lang and the html lang attribute).","min":0,"max":"1","base":{"path":"Resource.language","min":0,"max":"1"},"type":[{"code":"code"}],"binding":{"extension":[{"url":"http://hl7.org/fhir/StructureDefinition/elementdefinition-maxValueSet","valueReference":{"reference":"http://hl7.org/fhir/ValueSet/all-languages"}},{"url":"http://hl7.org/fhir/StructureDefinition/elementdefinition-bindingName","valueString":"Language"},{"url":"http://hl7.org/fhir/StructureDefinition/elementdefinition-isCommonBinding","valueBoolean":true}],"strength":"extensible","description":"A human language.","valueSetReference":{"reference":"http://hl7.org/fhir/ValueSet/languages"}}},{"id":"DomainResource:shr-core-ActionRequested.text","path":"DomainResource.text","short":"Text summary of the resource, for human interpretation","definition":"A human-readable narrative that contains a summary of the resource, and may be used to represent the content of the resource to a human. The narrative need not encode all the structured data, but is required to contain sufficient detail to make it \"clinically safe\" for a human to just read the narrative. Resource definitions may define what content should be represented in the narrative to ensure clinical safety.","comment":"Contained resources do not have narrative. Resources that are not contained SHOULD have a narrative. In some cases, a resource may only have text with little or no additional discrete data (as long as all minOccurs=1 elements are satisfied).  This may be necessary for data from legacy systems where information is captured as a \"text blob\" or where text is additionally entered raw or narrated and encoded in formation is added later.","alias":["narrative","html","xhtml","display"],"min":0,"max":"1","type":[{"code":"Narrative"}],"condition":["dom-1"],"mapping":[{"identity":"rim","map":"Act.text?"}]},{"id":"DomainResource:shr-core-ActionRequested.contained","path":"DomainResource.contained","short":"Contained, inline Resources","definition":"These resources do not have an independent existence apart from the resource that contains them - they cannot be identified independently, and nor can they have their own independent transaction scope.","comment":"This should never be done when the content can be identified properly, as once identification is lost, it is extremely difficult (and context dependent) to restore it again.","alias":["inline resources","anonymous resources","contained resources"],"min":0,"max":"*","type":[{"code":"Resource"}],"mapping":[{"identity":"rim","map":"N/A"}]},{"id":"DomainResource:shr-core-ActionRequested.extension","path":"DomainResource.extension","slicing":{"discriminator":[{"type":"value","path":"url"}],"description":"Extensions are always sliced by (at least) url","rules":"open"},"short":"Additional Content defined by implementations","definition":"May be used to represent additional information that is not part of the basic definition of the resource. In order to make the use of extensions safe and manageable, there is a strict set of governance  applied to the definition and use of extensions. Though any implementer is allowed to define an extension, there is a set of requirements that SHALL be met as part of the definition of the extension.","comment":"There can be no stigma associated with the use of extensions by any application, project, or standard - regardless of the institution or jurisdiction that uses or defines the extensions.  The use of extensions is what allows the FHIR specification to retain a core level of simplicity for everyone.","alias":["extensions","user content"],"min":3,"max":"*","type":[{"code":"Extension"}],"mapping":[{"identity":"rim","map":"N/A"}]},{"id":"DomainResource:shr-core-ActionRequested.extension:status","path":"DomainResource.extension","sliceName":"status","definition":"A state that relates to the workflow or interpretation of this resource. Certain status values can modify the meaning of the resource, for example, entered-in-error. When a boolean value is used, Status of true indicates the record is active, false means inactive.","min":1,"max":"1","base":{"path":"DomainResource.extension","min":0,"max":"*"},"type":[{"code":"Extension","profile":"http://hl7.org/fhir/us/shr/StructureDefinition/shr-core-Status-extension"}]},{"id":"DomainResource:shr-core-ActionRequested.extension:identifier","path":"DomainResource.extension","sliceName":"identifier","definition":"Business identifier or external id for this resource.","min":0,"max":"*","base":{"path":"DomainResource.extension","min":0,"max":"*"},"type":[{"code":"Extension","profile":"http://hl7.org/fhir/us/shr/StructureDefinition/shr-core-Identifier-extension"}]},{"id":"DomainResource:shr-core-ActionRequested.extension:subjectofrecord","path":"DomainResource.extension","sliceName":"subjectofrecord","definition":"The subject of a clinical statement, often called the Patient or the Subject. The SubjectOfRecord typically identifies the clinical record in which this statement is contained. If the statement should be in John Doe's patient record, then John Doe is the subject of record. When there is no patient, the SubjectOfRecord can also be a location, group, or other entity that statement pertains to. For example, observations concerning a hospital ward would have a Location as the SubjectOfRecord.\n\nNote that the word 'Subject' is used here in the sense of a person or entity subjected to observations or actions, not subject as in a conceptual topic, like heart disease.","min":1,"max":"1","base":{"path":"DomainResource.extension","min":0,"max":"*"},"type":[{"code":"Extension","profile":"http://hl7.org/fhir/us/shr/StructureDefinition/shr-core-SubjectOfRecord-extension"}]},{"id":"DomainResource:shr-core-ActionRequested.extension:carecontext","path":"DomainResource.extension","sliceName":"carecontext","definition":"The encounter or episode of care","min":0,"max":"1","base":{"path":"DomainResource.extension","min":0,"max":"*"},"type":[{"code":"Extension","profile":"http://hl7.org/fhir/us/shr/StructureDefinition/shr-core-CareContext-extension"}]},{"id":"DomainResource:shr-core-ActionRequested.extension:statementdatetime","path":"DomainResource.extension","sliceName":"statementdatetime","definition":"The point in time when the statement was created.","min":0,"max":"1","base":{"path":"DomainResource.extension","min":0,"max":"*"},"type":[{"code":"Extension","profile":"http://hl7.org/fhir/us/shr/StructureDefinition/shr-core-StatementDateTime-extension"}]},{"id":"DomainResource:shr-core-ActionRequested.extension:reasoncode","path":"DomainResource.extension","sliceName":"reasoncode","definition":"The justification, as a code.\nReason is a string or CodeableConcept in DSTU2 but in later versions only a CodeableConcept, so we are not going to support a string.","min":0,"max":"*","base":{"path":"DomainResource.extension","min":0,"max":"*"},"type":[{"code":"Extension","profile":"http://hl7.org/fhir/us/shr/StructureDefinition/shr-core-ReasonCode-extension"}]},{"id":"DomainResource:shr-core-ActionRequested.extension:reasonreference","path":"DomainResource.extension","sliceName":"reasonreference","definition":"The justification, as reference to a condition or observation.","min":0,"max":"*","base":{"path":"DomainResource.extension","min":0,"max":"*"},"type":[{"code":"Extension","profile":"http://hl7.org/fhir/us/shr/StructureDefinition/shr-core-ReasonReference-extension"}]},{"id":"DomainResource:shr-core-ActionRequested.extension:type","path":"DomainResource.extension","sliceName":"type","definition":"A code describing the item at a greater level of detail.","min":0,"max":"1","base":{"path":"DomainResource.extension","min":0,"max":"*"},"type":[{"code":"Extension","profile":"http://hl7.org/fhir/us/shr/StructureDefinition/shr-core-Type-extension"}]},{"id":"DomainResource:shr-core-ActionRequested.extension:requestintent","path":"DomainResource.extension","sliceName":"requestintent","definition":"Indicates the level of authority/intentionality associated with the request and where the request fits into the workflow chain.","min":1,"max":"1","base":{"path":"DomainResource.extension","min":0,"max":"*"},"type":[{"code":"Extension","profile":"http://hl7.org/fhir/us/shr/StructureDefinition/shr-core-RequestIntent-extension"}]},{"id":"DomainResource:shr-core-ActionRequested.extension:expectedperformancetime","path":"DomainResource.extension","sliceName":"expectedperformancetime","definition":"When an action should be done. If the action is a series or recurs (e.g. daily blood sugar testing in the morning) then a Timing can be used to describe the periodicity.","min":0,"max":"1","base":{"path":"DomainResource.extension","min":0,"max":"*"},"type":[{"code":"Extension","profile":"http://hl7.org/fhir/us/shr/StructureDefinition/shr-core-ExpectedPerformanceTime-extension"}]},{"id":"DomainResource:shr-core-ActionRequested.extension:expectedperformertype","path":"DomainResource.extension","sliceName":"expectedperformertype","definition":"What type of party should carry out the testing.","min":0,"max":"1","base":{"path":"DomainResource.extension","min":0,"max":"*"},"type":[{"code":"Extension","profile":"http://hl7.org/fhir/us/shr/StructureDefinition/shr-core-ExpectedPerformerType-extension"}]},{"id":"DomainResource:shr-core-ActionRequested.extension:recipient","path":"DomainResource.extension","sliceName":"recipient","definition":"Who this request is being addressed to.","min":0,"max":"1","base":{"path":"DomainResource.extension","min":0,"max":"*"},"type":[{"code":"Extension","profile":"http://hl7.org/fhir/us/shr/StructureDefinition/shr-core-Recipient-extension"}]},{"id":"DomainResource:shr-core-ActionRequested.extension:prioritycode","path":"DomainResource.extension","sliceName":"prioritycode","definition":"An indication of the importance of an action relative to other actions.","min":0,"max":"1","base":{"path":"DomainResource.extension","min":0,"max":"*"},"type":[{"code":"Extension","profile":"http://hl7.org/fhir/us/shr/StructureDefinition/shr-core-PriorityCode-extension"}]},{"id":"DomainResource:shr-core-ActionRequested.extension:annotation","path":"DomainResource.extension","sliceName":"annotation","definition":"An added or follow-up note, often after the fact, that contains metadata about who made the statement and when.","min":0,"max":"*","base":{"path":"DomainResource.extension","min":0,"max":"*"},"type":[{"code":"Extension","profile":"http://hl7.org/fhir/us/shr/StructureDefinition/shr-core-Annotation-extension"}]},{"id":"DomainResource:shr-core-ActionRequested.extension:communicationmethod","path":"DomainResource.extension","sliceName":"communicationmethod","definition":"This is the method the provider used to communicate. Examples include: Written, Telephoned, Verbal, Electronically Entered, Policy, Service Correction, Duplicate, etc. 'Code indicating the origin of the prescription.' - NCPDP Telecommunication (Field 419-DJ, Data Dictionary 201104). Possible values include: Written; Telephone; Electronic; Facsimile; Pharmacy; Not Known.","min":0,"max":"1","base":{"path":"DomainResource.extension","min":0,"max":"*"},"type":[{"code":"Extension","profile":"http://hl7.org/fhir/us/shr/StructureDefinition/shr-core-CommunicationMethod-extension"}]},{"id":"DomainResource:shr-core-ActionRequested.modifierExtension","path":"DomainResource.modifierExtension","slicing":{"discriminator":[{"type":"value","path":"url"}],"description":"Extensions are always sliced by (at least) url","rules":"open"},"short":"Extensions that cannot be ignored","definition":"May be used to represent additional information that is not part of the basic definition of the resource, and that modifies the understanding of the element that contains it. Usually modifier elements provide negation or qualification. In order to make the use of extensions safe and manageable, there is a strict set of governance applied to the definition and use of extensions. Though any implementer is allowed to define an extension, there is a set of requirements that SHALL be met as part of the definition of the extension. Applications processing a resource are required to check for modifier extensions.","comment":"There can be no stigma associated with the use of extensions by any application, project, or standard - regardless of the institution or jurisdiction that uses or defines the extensions.  The use of extensions is what allows the FHIR specification to retain a core level of simplicity for everyone.","alias":["extensions","user content"],"min":0,"max":"*","type":[{"code":"Extension"}],"isModifier":true,"mapping":[{"identity":"rim","map":"N/A"}]}]},"differential":{"element":[{"id":"DomainResource:shr-core-ActionRequested","path":"DomainResource","short":"shr-core-ActionRequested","definition":"Abstract class representing a request for any type of action to be performed."},{"id":"DomainResource:shr-core-ActionRequested.extension","path":"DomainResource.extension","min":3,"max":"*"},{"id":"DomainResource:shr-core-ActionRequested.extension:status","path":"DomainResource.extension","sliceName":"status","definition":"A state that relates to the workflow or interpretation of this resource. Certain status values can modify the meaning of the resource, for example, entered-in-error. When a boolean value is used, Status of true indicates the record is active, false means inactive.","min":1,"max":"1","base":{"path":"DomainResource.extension","min":0,"max":"*"},"type":[{"code":"Extension","profile":"http://hl7.org/fhir/us/shr/StructureDefinition/shr-core-Status-extension"}]},{"id":"DomainResource:shr-core-ActionRequested.extension:identifier","path":"DomainResource.extension","sliceName":"identifier","definition":"Business identifier or external id for this resource.","min":0,"max":"*","base":{"path":"DomainResource.extension","min":0,"max":"*"},"type":[{"code":"Extension","profile":"http://hl7.org/fhir/us/shr/StructureDefinition/shr-core-Identifier-extension"}]},{"id":"DomainResource:shr-core-ActionRequested.extension:subjectofrecord","path":"DomainResource.extension","sliceName":"subjectofrecord","definition":"The subject of a clinical statement, often called the Patient or the Subject. The SubjectOfRecord typically identifies the clinical record in which this statement is contained. If the statement should be in John Doe's patient record, then John Doe is the subject of record. When there is no patient, the SubjectOfRecord can also be a location, group, or other entity that statement pertains to. For example, observations concerning a hospital ward would have a Location as the SubjectOfRecord.\n\nNote that the word 'Subject' is used here in the sense of a person or entity subjected to observations or actions, not subject as in a conceptual topic, like heart disease.","min":1,"max":"1","base":{"path":"DomainResource.extension","min":0,"max":"*"},"type":[{"code":"Extension","profile":"http://hl7.org/fhir/us/shr/StructureDefinition/shr-core-SubjectOfRecord-extension"}]},{"id":"DomainResource:shr-core-ActionRequested.extension:carecontext","path":"DomainResource.extension","sliceName":"carecontext","definition":"The encounter or episode of care","min":0,"max":"1","base":{"path":"DomainResource.extension","min":0,"max":"*"},"type":[{"code":"Extension","profile":"http://hl7.org/fhir/us/shr/StructureDefinition/shr-core-CareContext-extension"}]},{"id":"DomainResource:shr-core-ActionRequested.extension:statementdatetime","path":"DomainResource.extension","sliceName":"statementdatetime","definition":"The point in time when the statement was created.","min":0,"max":"1","base":{"path":"DomainResource.extension","min":0,"max":"*"},"type":[{"code":"Extension","profile":"http://hl7.org/fhir/us/shr/StructureDefinition/shr-core-StatementDateTime-extension"}]},{"id":"DomainResource:shr-core-ActionRequested.extension:reasoncode","path":"DomainResource.extension","sliceName":"reasoncode","definition":"The justification, as a code.\nReason is a string or CodeableConcept in DSTU2 but in later versions only a CodeableConcept, so we are not going to support a string.","min":0,"max":"*","base":{"path":"DomainResource.extension","min":0,"max":"*"},"type":[{"code":"Extension","profile":"http://hl7.org/fhir/us/shr/StructureDefinition/shr-core-ReasonCode-extension"}]},{"id":"DomainResource:shr-core-ActionRequested.extension:reasonreference","path":"DomainResource.extension","sliceName":"reasonreference","definition":"The justification, as reference to a condition or observation.","min":0,"max":"*","base":{"path":"DomainResource.extension","min":0,"max":"*"},"type":[{"code":"Extension","profile":"http://hl7.org/fhir/us/shr/StructureDefinition/shr-core-ReasonReference-extension"}]},{"id":"DomainResource:shr-core-ActionRequested.extension:type","path":"DomainResource.extension","sliceName":"type","definition":"A code describing the item at a greater level of detail.","min":0,"max":"1","base":{"path":"DomainResource.extension","min":0,"max":"*"},"type":[{"code":"Extension","profile":"http://hl7.org/fhir/us/shr/StructureDefinition/shr-core-Type-extension"}]},{"id":"DomainResource:shr-core-ActionRequested.extension:requestintent","path":"DomainResource.extension","sliceName":"requestintent","definition":"Indicates the level of authority/intentionality associated with the request and where the request fits into the workflow chain.","min":1,"max":"1","base":{"path":"DomainResource.extension","min":0,"max":"*"},"type":[{"code":"Extension","profile":"http://hl7.org/fhir/us/shr/StructureDefinition/shr-core-RequestIntent-extension"}]},{"id":"DomainResource:shr-core-ActionRequested.extension:expectedperformancetime","path":"DomainResource.extension","sliceName":"expectedperformancetime","definition":"When an action should be done. If the action is a series or recurs (e.g. daily blood sugar testing in the morning) then a Timing can be used to describe the periodicity.","min":0,"max":"1","base":{"path":"DomainResource.extension","min":0,"max":"*"},"type":[{"code":"Extension","profile":"http://hl7.org/fhir/us/shr/StructureDefinition/shr-core-ExpectedPerformanceTime-extension"}]},{"id":"DomainResource:shr-core-ActionRequested.extension:expectedperformertype","path":"DomainResource.extension","sliceName":"expectedperformertype","definition":"What type of party should carry out the testing.","min":0,"max":"1","base":{"path":"DomainResource.extension","min":0,"max":"*"},"type":[{"code":"Extension","profile":"http://hl7.org/fhir/us/shr/StructureDefinition/shr-core-ExpectedPerformerType-extension"}]},{"id":"DomainResource:shr-core-ActionRequested.extension:recipient","path":"DomainResource.extension","sliceName":"recipient","definition":"Who this request is being addressed to.","min":0,"max":"1","base":{"path":"DomainResource.extension","min":0,"max":"*"},"type":[{"code":"Extension","profile":"http://hl7.org/fhir/us/shr/StructureDefinition/shr-core-Recipient-extension"}]},{"id":"DomainResource:shr-core-ActionRequested.extension:prioritycode","path":"DomainResource.extension","sliceName":"prioritycode","definition":"An indication of the importance of an action relative to other actions.","min":0,"max":"1","base":{"path":"DomainResource.extension","min":0,"max":"*"},"type":[{"code":"Extension","profile":"http://hl7.org/fhir/us/shr/StructureDefinition/shr-core-PriorityCode-extension"}]},{"id":"DomainResource:shr-core-ActionRequested.extension:annotation","path":"DomainResource.extension","sliceName":"annotation","definition":"An added or follow-up note, often after the fact, that contains metadata about who made the statement and when.","min":0,"max":"*","base":{"path":"DomainResource.extension","min":0,"max":"*"},"type":[{"code":"Extension","profile":"http://hl7.org/fhir/us/shr/StructureDefinition/shr-core-Annotation-extension"}]},{"id":"DomainResource:shr-core-ActionRequested.extension:communicationmethod","path":"DomainResource.extension","sliceName":"communicationmethod","definition":"This is the method the provider used to communicate. Examples include: Written, Telephoned, Verbal, Electronically Entered, Policy, Service Correction, Duplicate, etc. 'Code indicating the origin of the prescription.' - NCPDP Telecommunication (Field 419-DJ, Data Dictionary 201104). Possible values include: Written; Telephone; Electronic; Facsimile; Pharmacy; Not Known.","min":0,"max":"1","base":{"path":"DomainResource.extension","min":0,"max":"*"},"type":[{"code":"Extension","profile":"http://hl7.org/fhir/us/shr/StructureDefinition/shr-core-CommunicationMethod-extension"}]}]}}