{"resourceType":"StructureDefinition","id":"shr-core-EncounterOrEpisode-model","text":{"status":"generated","div":"<div xmlns=\"http://www.w3.org/1999/xhtml\">\n  <p><b>EncounterOrEpisode Logical Model</b></p>\n  <p>Abstract element representing a group of services delivered to a patient.</p>\n</div>"},"url":"http://hl7.org/fhir/us/odh/StructureDefinition/shr-core-EncounterOrEpisode-model","identifier":[{"system":"http://hl7.org/fhir/us/odh","value":"shr.core.EncounterOrEpisode"}],"version":"1.0.0","name":"EncounterOrEpisode","title":"shr-core-EncounterOrEpisode","status":"draft","date":"2019-05-08T00:00:00-04:00","publisher":"HL7","contact":[{"telecom":[{"system":"url","value":"http://standardhealthrecord.org"}]}],"description":"Abstract element representing a group of services delivered to a patient.","fhirVersion":"3.0.1","kind":"logical","abstract":false,"type":"shr-core-EncounterOrEpisode-model","baseDefinition":"http://hl7.org/fhir/StructureDefinition/Element","derivation":"specialization","snapshot":{"element":[{"id":"shr-core-EncounterOrEpisode-model","path":"shr-core-EncounterOrEpisode-model","definition":"Abstract element representing a group of services delivered to a patient.","min":0,"max":"*","base":{"path":"shr-core-EncounterOrEpisode-model","min":0,"max":"*"},"mustSupport":false,"isModifier":false,"isSummary":false},{"id":"shr-core-EncounterOrEpisode-model.metadata","path":"shr-core-EncounterOrEpisode-model.metadata","short":"Elements that belong to all information items.","definition":"Elements that belong to all information items.","min":0,"max":"1","base":{"path":"shr-core-EncounterOrEpisode-model.metadata","min":0,"max":"1"},"type":[{"code":"http://hl7.org/fhir/us/odh/StructureDefinition/shr-core-Metadata-model"}],"mustSupport":false,"isModifier":false,"isSummary":false},{"id":"shr-core-EncounterOrEpisode-model.language","path":"shr-core-EncounterOrEpisode-model.language","short":"A human language, spoken or written.","definition":"A human language, spoken or written.","min":0,"max":"1","base":{"path":"shr-core-EncounterOrEpisode-model.language","min":0,"max":"1"},"type":[{"code":"Coding"}],"mustSupport":false,"isModifier":false,"isSummary":false},{"id":"shr-core-EncounterOrEpisode-model.implicitRules","path":"shr-core-EncounterOrEpisode-model.implicitRules","short":"A set of rules under which this content was created","definition":"A set of rules under which this content was created","min":0,"max":"1","base":{"path":"shr-core-EncounterOrEpisode-model.implicitRules","min":0,"max":"1"},"type":[{"code":"uri"}],"mustSupport":false,"isModifier":false,"isSummary":false},{"id":"shr-core-EncounterOrEpisode-model.narrative","path":"shr-core-EncounterOrEpisode-model.narrative","short":"A human-readable narrative, potentially including images, that contains a summary of the resource, and may be used to represent the content of the resource to a human.","definition":"A human-readable narrative, potentially including images, that contains a summary of the resource, and may be used to represent the content of the resource to a human.","min":0,"max":"1","base":{"path":"shr-core-EncounterOrEpisode-model.narrative","min":0,"max":"1"},"type":[{"code":"http://hl7.org/fhir/us/odh/StructureDefinition/shr-core-Narrative-model"}],"mustSupport":false,"isModifier":false,"isSummary":false},{"id":"shr-core-EncounterOrEpisode-model.statusHistory","path":"shr-core-EncounterOrEpisode-model.statusHistory","short":"List of past encounter statuses","definition":"List of past encounter statuses","min":0,"max":"*","base":{"path":"shr-core-EncounterOrEpisode-model.statusHistory","min":0,"max":"*"},"type":[{"code":"http://hl7.org/fhir/us/odh/StructureDefinition/shr-core-StatusHistory-model"}],"mustSupport":false,"isModifier":false,"isSummary":false},{"id":"shr-core-EncounterOrEpisode-model.status","path":"shr-core-EncounterOrEpisode-model.status","short":"A state that relates to the workflow or interpretation of this resource. Certain status values can modify the meaning of the resource, for example, entered-in-error. When a boolean value is used, Status of true indicates the record is active, false means inactive.","definition":"A state that relates to the workflow or interpretation of this resource. Certain status values can modify the meaning of the resource, for example, entered-in-error. When a boolean value is used, Status of true indicates the record is active, false means inactive.","min":1,"max":"1","base":{"path":"shr-core-EncounterOrEpisode-model.status","min":1,"max":"1"},"type":[{"code":"Coding"}],"mustSupport":false,"isModifier":false,"isSummary":false},{"id":"shr-core-EncounterOrEpisode-model.identifier","path":"shr-core-EncounterOrEpisode-model.identifier","short":"Business identifier or external id for this resource.","definition":"Business identifier or external id for this resource.","min":0,"max":"*","base":{"path":"shr-core-EncounterOrEpisode-model.identifier","min":0,"max":"*"},"type":[{"code":"http://hl7.org/fhir/us/odh/StructureDefinition/shr-core-Identifier-model"}],"mustSupport":false,"isModifier":false,"isSummary":false},{"id":"shr-core-EncounterOrEpisode-model.timePeriod","path":"shr-core-EncounterOrEpisode-model.timePeriod","short":"A period of time defined by a start and end time, date, or year.","definition":"A period of time defined by a start and end time, date, or year.\nIf the start date/time is missing, the start of the period is not known. If the end date/time is missing, it means that the period is ongoing.","min":0,"max":"1","base":{"path":"shr-core-EncounterOrEpisode-model.timePeriod","min":0,"max":"1"},"type":[{"code":"http://hl7.org/fhir/us/odh/StructureDefinition/shr-core-TimePeriod-model"}],"mustSupport":false,"isModifier":false,"isSummary":false},{"id":"shr-core-EncounterOrEpisode-model.encounterDiagnosis","path":"shr-core-EncounterOrEpisode-model.encounterDiagnosis","short":"A diagnosis, which is a disease or injury determined to be present through evaluation of patient history, examination, and/or review of laboratory data. This element is not a stand-alone representation of the condition that was diagnosed, but is meant to be used as an sub-structure in a resource, such as Encounter.","definition":"A diagnosis, which is a disease or injury determined to be present through evaluation of patient history, examination, and/or review of laboratory data. This element is not a stand-alone representation of the condition that was diagnosed, but is meant to be used as an sub-structure in a resource, such as Encounter.","min":0,"max":"*","base":{"path":"shr-core-EncounterOrEpisode-model.encounterDiagnosis","min":0,"max":"*"},"type":[{"code":"http://hl7.org/fhir/us/odh/StructureDefinition/shr-core-EncounterDiagnosis-model"}],"mustSupport":false,"isModifier":false,"isSummary":false},{"id":"shr-core-EncounterOrEpisode-model.subjectOfRecord","path":"shr-core-EncounterOrEpisode-model.subjectOfRecord","code":[{"system":"http://ncimeta.nci.nih.gov","code":"C1299487"}],"short":"The subject of a clinical statement, often called the Patient or the Subject. The SubjectOfRecord typically identifies the clinical record in which this statement is contained. If the statement should be in John Doe's patient record, then John Doe is the subject of record. When there is no patient, the SubjectOfRecord can also be a location, group, or other entity that statement pertains to. For example, observations concerning a hospital ward would have a Location as the SubjectOfRecord.","definition":"The subject of a clinical statement, often called the Patient or the Subject. The SubjectOfRecord typically identifies the clinical record in which this statement is contained. If the statement should be in John Doe's patient record, then John Doe is the subject of record. When there is no patient, the SubjectOfRecord can also be a location, group, or other entity that statement pertains to. For example, observations concerning a hospital ward would have a Location as the SubjectOfRecord.\n\nNote that the word 'Subject' is used here in the sense of a person or entity subjected to observations or actions, not subject as in a conceptual topic, like heart disease.","min":1,"max":"1","base":{"path":"shr-core-EncounterOrEpisode-model.subjectOfRecord","min":1,"max":"1"},"type":[{"code":"Reference","targetProfile":"http://hl7.org/fhir/us/odh/StructureDefinition/shr-core-Patient-model"}],"mustSupport":false,"isModifier":false,"isSummary":false},{"id":"shr-core-EncounterOrEpisode-model.type","path":"shr-core-EncounterOrEpisode-model.type","code":[{"system":"http://ncimeta.nci.nih.gov","code":"C0332307"}],"short":"A code describing the item at a greater level of detail.","definition":"A code describing the item at a greater level of detail.","min":0,"max":"*","base":{"path":"shr-core-EncounterOrEpisode-model.type","min":0,"max":"*"},"type":[{"code":"Coding"}],"mustSupport":false,"isModifier":false,"isSummary":false},{"id":"shr-core-EncounterOrEpisode-model.organization","path":"shr-core-EncounterOrEpisode-model.organization","short":"A formally or informally recognized grouping of people or organizations formed for the purpose of achieving some form of collective action. Includes companies, institutions, corporations, departments, community groups, healthcare practice groups, payer/insurer, etc.","definition":"A formally or informally recognized grouping of people or organizations formed for the purpose of achieving some form of collective action. Includes companies, institutions, corporations, departments, community groups, healthcare practice groups, payer/insurer, etc.\n\nOrganization type is restricted to 0..1 in FHIR DSTU2, similarly restricted here. Other required attributes come from STU 3 mapping to us-core-organization.","min":0,"max":"1","base":{"path":"shr-core-EncounterOrEpisode-model.organization","min":0,"max":"1"},"type":[{"code":"Reference","targetProfile":"http://hl7.org/fhir/us/odh/StructureDefinition/shr-core-Organization-model"}],"mustSupport":false,"isModifier":false,"isSummary":false},{"id":"shr-core-EncounterOrEpisode-model.basedOn","path":"shr-core-EncounterOrEpisode-model.basedOn","short":"The proposal, order, or plan that is partly or wholly fulfilled by this item.","definition":"The proposal, order, or plan that is partly or wholly fulfilled by this item.","min":0,"max":"*","base":{"path":"shr-core-EncounterOrEpisode-model.basedOn","min":0,"max":"*"},"type":[{"code":"Reference","targetProfile":"http://hl7.org/fhir/us/odh/StructureDefinition/shr-core-DomainResource-model"}],"mustSupport":false,"isModifier":false,"isSummary":false}]},"differential":{"element":[{"id":"shr-core-EncounterOrEpisode-model","path":"shr-core-EncounterOrEpisode-model","definition":"Abstract element representing a group of services delivered to a patient.","min":0,"max":"*","base":{"path":"shr-core-EncounterOrEpisode-model","min":0,"max":"*"},"mustSupport":false,"isModifier":false,"isSummary":false},{"id":"shr-core-EncounterOrEpisode-model.metadata","path":"shr-core-EncounterOrEpisode-model.metadata","short":"Elements that belong to all information items.","definition":"Elements that belong to all information items.","min":0,"max":"1","base":{"path":"shr-core-EncounterOrEpisode-model.metadata","min":0,"max":"1"},"type":[{"code":"http://hl7.org/fhir/us/odh/StructureDefinition/shr-core-Metadata-model"}],"mustSupport":false,"isModifier":false,"isSummary":false},{"id":"shr-core-EncounterOrEpisode-model.language","path":"shr-core-EncounterOrEpisode-model.language","short":"A human language, spoken or written.","definition":"A human language, spoken or written.","min":0,"max":"1","base":{"path":"shr-core-EncounterOrEpisode-model.language","min":0,"max":"1"},"type":[{"code":"Coding"}],"mustSupport":false,"isModifier":false,"isSummary":false},{"id":"shr-core-EncounterOrEpisode-model.implicitRules","path":"shr-core-EncounterOrEpisode-model.implicitRules","short":"A set of rules under which this content was created","definition":"A set of rules under which this content was created","min":0,"max":"1","base":{"path":"shr-core-EncounterOrEpisode-model.implicitRules","min":0,"max":"1"},"type":[{"code":"uri"}],"mustSupport":false,"isModifier":false,"isSummary":false},{"id":"shr-core-EncounterOrEpisode-model.narrative","path":"shr-core-EncounterOrEpisode-model.narrative","short":"A human-readable narrative, potentially including images, that contains a summary of the resource, and may be used to represent the content of the resource to a human.","definition":"A human-readable narrative, potentially including images, that contains a summary of the resource, and may be used to represent the content of the resource to a human.","min":0,"max":"1","base":{"path":"shr-core-EncounterOrEpisode-model.narrative","min":0,"max":"1"},"type":[{"code":"http://hl7.org/fhir/us/odh/StructureDefinition/shr-core-Narrative-model"}],"mustSupport":false,"isModifier":false,"isSummary":false},{"id":"shr-core-EncounterOrEpisode-model.statusHistory","path":"shr-core-EncounterOrEpisode-model.statusHistory","short":"List of past encounter statuses","definition":"List of past encounter statuses","min":0,"max":"*","base":{"path":"shr-core-EncounterOrEpisode-model.statusHistory","min":0,"max":"*"},"type":[{"code":"http://hl7.org/fhir/us/odh/StructureDefinition/shr-core-StatusHistory-model"}],"mustSupport":false,"isModifier":false,"isSummary":false},{"id":"shr-core-EncounterOrEpisode-model.status","path":"shr-core-EncounterOrEpisode-model.status","short":"A state that relates to the workflow or interpretation of this resource. Certain status values can modify the meaning of the resource, for example, entered-in-error. When a boolean value is used, Status of true indicates the record is active, false means inactive.","definition":"A state that relates to the workflow or interpretation of this resource. Certain status values can modify the meaning of the resource, for example, entered-in-error. When a boolean value is used, Status of true indicates the record is active, false means inactive.","min":1,"max":"1","base":{"path":"shr-core-EncounterOrEpisode-model.status","min":1,"max":"1"},"type":[{"code":"Coding"}],"mustSupport":false,"isModifier":false,"isSummary":false},{"id":"shr-core-EncounterOrEpisode-model.identifier","path":"shr-core-EncounterOrEpisode-model.identifier","short":"Business identifier or external id for this resource.","definition":"Business identifier or external id for this resource.","min":0,"max":"*","base":{"path":"shr-core-EncounterOrEpisode-model.identifier","min":0,"max":"*"},"type":[{"code":"http://hl7.org/fhir/us/odh/StructureDefinition/shr-core-Identifier-model"}],"mustSupport":false,"isModifier":false,"isSummary":false},{"id":"shr-core-EncounterOrEpisode-model.timePeriod","path":"shr-core-EncounterOrEpisode-model.timePeriod","short":"A period of time defined by a start and end time, date, or year.","definition":"A period of time defined by a start and end time, date, or year.\nIf the start date/time is missing, the start of the period is not known. If the end date/time is missing, it means that the period is ongoing.","min":0,"max":"1","base":{"path":"shr-core-EncounterOrEpisode-model.timePeriod","min":0,"max":"1"},"type":[{"code":"http://hl7.org/fhir/us/odh/StructureDefinition/shr-core-TimePeriod-model"}],"mustSupport":false,"isModifier":false,"isSummary":false},{"id":"shr-core-EncounterOrEpisode-model.encounterDiagnosis","path":"shr-core-EncounterOrEpisode-model.encounterDiagnosis","short":"A diagnosis, which is a disease or injury determined to be present through evaluation of patient history, examination, and/or review of laboratory data. This element is not a stand-alone representation of the condition that was diagnosed, but is meant to be used as an sub-structure in a resource, such as Encounter.","definition":"A diagnosis, which is a disease or injury determined to be present through evaluation of patient history, examination, and/or review of laboratory data. This element is not a stand-alone representation of the condition that was diagnosed, but is meant to be used as an sub-structure in a resource, such as Encounter.","min":0,"max":"*","base":{"path":"shr-core-EncounterOrEpisode-model.encounterDiagnosis","min":0,"max":"*"},"type":[{"code":"http://hl7.org/fhir/us/odh/StructureDefinition/shr-core-EncounterDiagnosis-model"}],"mustSupport":false,"isModifier":false,"isSummary":false},{"id":"shr-core-EncounterOrEpisode-model.subjectOfRecord","path":"shr-core-EncounterOrEpisode-model.subjectOfRecord","code":[{"system":"http://ncimeta.nci.nih.gov","code":"C1299487"}],"short":"The subject of a clinical statement, often called the Patient or the Subject. The SubjectOfRecord typically identifies the clinical record in which this statement is contained. If the statement should be in John Doe's patient record, then John Doe is the subject of record. When there is no patient, the SubjectOfRecord can also be a location, group, or other entity that statement pertains to. For example, observations concerning a hospital ward would have a Location as the SubjectOfRecord.","definition":"The subject of a clinical statement, often called the Patient or the Subject. The SubjectOfRecord typically identifies the clinical record in which this statement is contained. If the statement should be in John Doe's patient record, then John Doe is the subject of record. When there is no patient, the SubjectOfRecord can also be a location, group, or other entity that statement pertains to. For example, observations concerning a hospital ward would have a Location as the SubjectOfRecord.\n\nNote that the word 'Subject' is used here in the sense of a person or entity subjected to observations or actions, not subject as in a conceptual topic, like heart disease.","min":1,"max":"1","base":{"path":"shr-core-EncounterOrEpisode-model.subjectOfRecord","min":1,"max":"1"},"type":[{"code":"Reference","targetProfile":"http://hl7.org/fhir/us/odh/StructureDefinition/shr-core-Patient-model"}],"mustSupport":false,"isModifier":false,"isSummary":false},{"id":"shr-core-EncounterOrEpisode-model.type","path":"shr-core-EncounterOrEpisode-model.type","code":[{"system":"http://ncimeta.nci.nih.gov","code":"C0332307"}],"short":"A code describing the item at a greater level of detail.","definition":"A code describing the item at a greater level of detail.","min":0,"max":"*","base":{"path":"shr-core-EncounterOrEpisode-model.type","min":0,"max":"*"},"type":[{"code":"Coding"}],"mustSupport":false,"isModifier":false,"isSummary":false},{"id":"shr-core-EncounterOrEpisode-model.organization","path":"shr-core-EncounterOrEpisode-model.organization","short":"A formally or informally recognized grouping of people or organizations formed for the purpose of achieving some form of collective action. Includes companies, institutions, corporations, departments, community groups, healthcare practice groups, payer/insurer, etc.","definition":"A formally or informally recognized grouping of people or organizations formed for the purpose of achieving some form of collective action. Includes companies, institutions, corporations, departments, community groups, healthcare practice groups, payer/insurer, etc.\n\nOrganization type is restricted to 0..1 in FHIR DSTU2, similarly restricted here. Other required attributes come from STU 3 mapping to us-core-organization.","min":0,"max":"1","base":{"path":"shr-core-EncounterOrEpisode-model.organization","min":0,"max":"1"},"type":[{"code":"Reference","targetProfile":"http://hl7.org/fhir/us/odh/StructureDefinition/shr-core-Organization-model"}],"mustSupport":false,"isModifier":false,"isSummary":false},{"id":"shr-core-EncounterOrEpisode-model.basedOn","path":"shr-core-EncounterOrEpisode-model.basedOn","short":"The proposal, order, or plan that is partly or wholly fulfilled by this item.","definition":"The proposal, order, or plan that is partly or wholly fulfilled by this item.","min":0,"max":"*","base":{"path":"shr-core-EncounterOrEpisode-model.basedOn","min":0,"max":"*"},"type":[{"code":"Reference","targetProfile":"http://hl7.org/fhir/us/odh/StructureDefinition/shr-core-DomainResource-model"}],"mustSupport":false,"isModifier":false,"isSummary":false}]}}