{"resourceType":"StructureDefinition","id":"shr-core-MaxDosePerLifetime-model","text":{"status":"generated","div":"<div xmlns=\"http://www.w3.org/1999/xhtml\">\n  <p><b>MaxDosePerLifetime Logical Model</b></p>\n  <p>Upper limit on medication per lifetime of the patient.</p>\n</div>"},"url":"http://hl7.org/fhir/us/odh/StructureDefinition/shr-core-MaxDosePerLifetime-model","identifier":[{"system":"http://hl7.org/fhir/us/odh","value":"shr.core.MaxDosePerLifetime"}],"version":"1.0.0","name":"MaxDosePerLifetime","title":"shr-core-MaxDosePerLifetime","status":"draft","date":"2019-05-08T00:00:00-04:00","publisher":"HL7","contact":[{"telecom":[{"system":"url","value":"http://standardhealthrecord.org"}]}],"description":"Upper limit on medication per lifetime of the patient.","fhirVersion":"3.0.1","kind":"logical","abstract":false,"type":"shr-core-MaxDosePerLifetime-model","baseDefinition":"http://hl7.org/fhir/StructureDefinition/Element","derivation":"specialization","snapshot":{"element":[{"id":"shr-core-MaxDosePerLifetime-model","path":"shr-core-MaxDosePerLifetime-model","definition":"Upper limit on medication per lifetime of the patient.","min":0,"max":"*","base":{"path":"shr-core-MaxDosePerLifetime-model","min":0,"max":"*"},"mustSupport":false,"isModifier":false,"isSummary":false},{"id":"shr-core-MaxDosePerLifetime-model.value","path":"shr-core-MaxDosePerLifetime-model.value","short":"SimpleQuantity representing upper limit on medication per lifetime of the patient.","definition":"SimpleQuantity representing upper limit on medication per lifetime of the patient.","min":1,"max":"1","base":{"path":"shr-core-MaxDosePerLifetime-model.value","min":1,"max":"1"},"type":[{"code":"http://hl7.org/fhir/us/odh/StructureDefinition/shr-core-SimpleQuantity-model"}],"mustSupport":false,"isModifier":false,"isSummary":false}]},"differential":{"element":[{"id":"shr-core-MaxDosePerLifetime-model","path":"shr-core-MaxDosePerLifetime-model","definition":"Upper limit on medication per lifetime of the patient.","min":0,"max":"*","base":{"path":"shr-core-MaxDosePerLifetime-model","min":0,"max":"*"},"mustSupport":false,"isModifier":false,"isSummary":false},{"id":"shr-core-MaxDosePerLifetime-model.value","path":"shr-core-MaxDosePerLifetime-model.value","short":"SimpleQuantity representing upper limit on medication per lifetime of the patient.","definition":"SimpleQuantity representing upper limit on medication per lifetime of the patient.","min":1,"max":"1","base":{"path":"shr-core-MaxDosePerLifetime-model.value","min":1,"max":"1"},"type":[{"code":"http://hl7.org/fhir/us/odh/StructureDefinition/shr-core-SimpleQuantity-model"}],"mustSupport":false,"isModifier":false,"isSummary":false}]}}