{"resourceType":"StructureDefinition","id":"shr-core-Category-model","text":{"status":"generated","div":"<div xmlns=\"http://www.w3.org/1999/xhtml\">\n  <p><b>Category Logical Model</b></p>\n  <p>The type, kind, or class of this item.</p>\n</div>"},"url":"http://hl7.org/fhir/us/shr/StructureDefinition/shr-core-Category-model","identifier":[{"system":"http://hl7.org/fhir/us/odh","value":"shr.core.Category"}],"version":"1.0.0","name":"Category","title":"shr-core-Category","status":"draft","date":"2019-04-08T00:00:00-04:00","publisher":"HL7","contact":[{"telecom":[{"system":"url","value":"http://standardhealthrecord.org"}]}],"description":"The type, kind, or class of this item.","fhirVersion":"3.0.1","kind":"logical","abstract":false,"type":"shr-core-Category-model","baseDefinition":"http://hl7.org/fhir/StructureDefinition/Element","derivation":"specialization","snapshot":{"element":[{"id":"shr-core-Category-model","path":"shr-core-Category-model","definition":"The type, kind, or class of this item.","min":0,"max":"*","base":{"path":"shr-core-Category-model","min":0,"max":"*"},"mustSupport":false,"isModifier":false,"isSummary":false},{"id":"shr-core-Category-model.value","path":"shr-core-Category-model.value","short":"Code representing the type, kind, or class of this item.","definition":"Code representing the type, kind, or class of this item.","min":1,"max":"1","base":{"path":"shr-core-Category-model.value","min":1,"max":"1"},"type":[{"code":"Coding"}],"mustSupport":false,"isModifier":false,"isSummary":false}]},"differential":{"element":[{"id":"shr-core-Category-model","path":"shr-core-Category-model","definition":"The type, kind, or class of this item.","min":0,"max":"*","base":{"path":"shr-core-Category-model","min":0,"max":"*"},"mustSupport":false,"isModifier":false,"isSummary":false},{"id":"shr-core-Category-model.value","path":"shr-core-Category-model.value","short":"Code representing the type, kind, or class of this item.","definition":"Code representing the type, kind, or class of this item.","min":1,"max":"1","base":{"path":"shr-core-Category-model.value","min":1,"max":"1"},"type":[{"code":"Coding"}],"mustSupport":false,"isModifier":false,"isSummary":false}]}}