{"resourceType":"StructureDefinition","id":"shr-core-Longitude-model","text":{"status":"generated","div":"<div xmlns=\"http://www.w3.org/1999/xhtml\">\n  <p><b>Longitude Logical Model</b></p>\n  <p>An imaginary great circle on the surface of a heavenly body passing through the poles at right angles to the equator. Measured with with WGS84 datum.</p>\n</div>"},"url":"http://hl7.org/fhir/us/odh/StructureDefinition/shr-core-Longitude-model","identifier":[{"system":"http://hl7.org/fhir/us/odh","value":"shr.core.Longitude"}],"version":"1.0.0","name":"Longitude","title":"shr-core-Longitude","status":"draft","date":"2019-05-08T00:00:00-04:00","publisher":"HL7","contact":[{"telecom":[{"system":"url","value":"http://standardhealthrecord.org"}]}],"description":"An imaginary great circle on the surface of a heavenly body passing through the poles at right angles to the equator. Measured with with WGS84 datum.","fhirVersion":"3.0.1","kind":"logical","abstract":false,"type":"shr-core-Longitude-model","baseDefinition":"http://hl7.org/fhir/StructureDefinition/Element","derivation":"specialization","snapshot":{"element":[{"id":"shr-core-Longitude-model","path":"shr-core-Longitude-model","definition":"An imaginary great circle on the surface of a heavenly body passing through the poles at right angles to the equator. Measured with with WGS84 datum.","min":0,"max":"*","base":{"path":"shr-core-Longitude-model","min":0,"max":"*"},"mustSupport":false,"isModifier":false,"isSummary":false},{"id":"shr-core-Longitude-model.value","path":"shr-core-Longitude-model.value","short":"Decimal representing an imaginary great circle on the surface of a heavenly body passing through the poles at right angles to the equator. Measured with with WGS84 datum.","definition":"Decimal representing an imaginary great circle on the surface of a heavenly body passing through the poles at right angles to the equator. Measured with with WGS84 datum.","min":1,"max":"1","base":{"path":"shr-core-Longitude-model.value","min":1,"max":"1"},"type":[{"code":"decimal"}],"mustSupport":false,"isModifier":false,"isSummary":false}]},"differential":{"element":[{"id":"shr-core-Longitude-model","path":"shr-core-Longitude-model","definition":"An imaginary great circle on the surface of a heavenly body passing through the poles at right angles to the equator. Measured with with WGS84 datum.","min":0,"max":"*","base":{"path":"shr-core-Longitude-model","min":0,"max":"*"},"mustSupport":false,"isModifier":false,"isSummary":false},{"id":"shr-core-Longitude-model.value","path":"shr-core-Longitude-model.value","short":"Decimal representing an imaginary great circle on the surface of a heavenly body passing through the poles at right angles to the equator. Measured with with WGS84 datum.","definition":"Decimal representing an imaginary great circle on the surface of a heavenly body passing through the poles at right angles to the equator. Measured with with WGS84 datum.","min":1,"max":"1","base":{"path":"shr-core-Longitude-model.value","min":1,"max":"1"},"type":[{"code":"decimal"}],"mustSupport":false,"isModifier":false,"isSummary":false}]}}