{"resourceType":"StructureDefinition","id":"shr-core-ServiceType-model","text":{"status":"generated","div":"<div xmlns=\"http://www.w3.org/1999/xhtml\">\n  <p><b>ServiceType Logical Model</b></p>\n  <p>A service requested or to be performed during this appointment</p>\n</div>"},"url":"http://hl7.org/fhir/us/shr/StructureDefinition/shr-core-ServiceType-model","identifier":[{"system":"http://hl7.org/fhir/us/odh","value":"shr.core.ServiceType"}],"version":"1.0.0","name":"ServiceType","title":"shr-core-ServiceType","status":"draft","date":"2019-03-30T00:00:00-04:00","publisher":"HL7","contact":[{"telecom":[{"system":"url","value":"http://standardhealthrecord.org"}]}],"description":"A service requested or to be performed during this appointment","fhirVersion":"3.0.1","kind":"logical","abstract":false,"type":"shr-core-ServiceType-model","baseDefinition":"http://hl7.org/fhir/StructureDefinition/Element","derivation":"specialization","snapshot":{"element":[{"id":"shr-core-ServiceType-model","path":"shr-core-ServiceType-model","definition":"A service requested or to be performed during this appointment","min":0,"max":"*","base":{"path":"shr-core-ServiceType-model","min":0,"max":"*"},"mustSupport":false,"isModifier":false,"isSummary":false},{"id":"shr-core-ServiceType-model.value","path":"shr-core-ServiceType-model.value","short":"Code representing a service requested or to be performed during this appointment","definition":"Code representing a service requested or to be performed during this appointment","min":1,"max":"1","base":{"path":"shr-core-ServiceType-model.value","min":1,"max":"1"},"type":[{"code":"Coding"}],"mustSupport":false,"isModifier":false,"isSummary":false,"binding":{"strength":"example","valueSetReference":{"reference":"http://hl7.org/fhir/ValueSet/service-type"}}}]},"differential":{"element":[{"id":"shr-core-ServiceType-model","path":"shr-core-ServiceType-model","definition":"A service requested or to be performed during this appointment","min":0,"max":"*","base":{"path":"shr-core-ServiceType-model","min":0,"max":"*"},"mustSupport":false,"isModifier":false,"isSummary":false},{"id":"shr-core-ServiceType-model.value","path":"shr-core-ServiceType-model.value","short":"Code representing a service requested or to be performed during this appointment","definition":"Code representing a service requested or to be performed during this appointment","min":1,"max":"1","base":{"path":"shr-core-ServiceType-model.value","min":1,"max":"1"},"type":[{"code":"Coding"}],"mustSupport":false,"isModifier":false,"isSummary":false,"binding":{"strength":"example","valueSetReference":{"reference":"http://hl7.org/fhir/ValueSet/service-type"}}}]}}