{"resourceType":"StructureDefinition","id":"shr-core-DateOfDiagnosis-model","text":{"status":"generated","div":"<div xmlns=\"http://www.w3.org/1999/xhtml\">\n  <p><b>DateOfDiagnosis Logical Model</b></p>\n  <p>The date the disease was first clinically recognized with sufficient certainty, regardless of whether it was fully characterized at that time.</p>\n</div>"},"url":"http://hl7.org/fhir/us/odh/StructureDefinition/shr-core-DateOfDiagnosis-model","identifier":[{"system":"http://hl7.org/fhir/us/odh","value":"shr.core.DateOfDiagnosis"}],"version":"1.0.0","name":"DateOfDiagnosis","title":"shr-core-DateOfDiagnosis","status":"draft","date":"2019-05-08T00:00:00-04:00","publisher":"HL7","contact":[{"telecom":[{"system":"url","value":"http://standardhealthrecord.org"}]}],"description":"The date the disease was first clinically recognized with sufficient certainty, regardless of whether it was fully characterized at that time.","fhirVersion":"3.0.1","kind":"logical","abstract":false,"type":"shr-core-DateOfDiagnosis-model","baseDefinition":"http://hl7.org/fhir/StructureDefinition/Element","derivation":"specialization","snapshot":{"element":[{"id":"shr-core-DateOfDiagnosis-model","path":"shr-core-DateOfDiagnosis-model","definition":"The date the disease was first clinically recognized with sufficient certainty, regardless of whether it was fully characterized at that time.","min":0,"max":"*","base":{"path":"shr-core-DateOfDiagnosis-model","min":0,"max":"*"},"mustSupport":false,"isModifier":false,"isSummary":false},{"id":"shr-core-DateOfDiagnosis-model.value","path":"shr-core-DateOfDiagnosis-model.value","short":"Date representing the date the disease was first clinically recognized with sufficient certainty, regardless of whether it was fully characterized at that time.","definition":"Date representing the date the disease was first clinically recognized with sufficient certainty, regardless of whether it was fully characterized at that time.","min":1,"max":"1","base":{"path":"shr-core-DateOfDiagnosis-model.value","min":1,"max":"1"},"type":[{"code":"date"}],"mustSupport":false,"isModifier":false,"isSummary":false}]},"differential":{"element":[{"id":"shr-core-DateOfDiagnosis-model","path":"shr-core-DateOfDiagnosis-model","definition":"The date the disease was first clinically recognized with sufficient certainty, regardless of whether it was fully characterized at that time.","min":0,"max":"*","base":{"path":"shr-core-DateOfDiagnosis-model","min":0,"max":"*"},"mustSupport":false,"isModifier":false,"isSummary":false},{"id":"shr-core-DateOfDiagnosis-model.value","path":"shr-core-DateOfDiagnosis-model.value","short":"Date representing the date the disease was first clinically recognized with sufficient certainty, regardless of whether it was fully characterized at that time.","definition":"Date representing the date the disease was first clinically recognized with sufficient certainty, regardless of whether it was fully characterized at that time.","min":1,"max":"1","base":{"path":"shr-core-DateOfDiagnosis-model.value","min":1,"max":"1"},"type":[{"code":"date"}],"mustSupport":false,"isModifier":false,"isSummary":false}]}}