<?xml version="1.0" encoding="UTF-8"?><CodeSystem xmlns="http://hl7.org/fhir"><id value="shr-sdoh-AlcoholUseScreeningToolCS"/><text><status value="generated"/><div xmlns="http://www.w3.org/1999/xhtml">
<p><b>AlcoholUseScreeningToolCS CodeSystem</b></p>
<p>Common alcohol use screening instruments.</p>
</div></text><url value="http://hl7.org/fhir/us/sdoh/shr/sdoh/cs/AlcoholUseScreeningToolCS"/><identifier><system value="http://hl7.org/fhir/us/sdoh"/><value value="shr.sdoh.AlcoholUseScreeningToolCS"/></identifier><version value="0.1.0"/><name value="AlcoholUseScreeningToolCS"/><title value="AlcoholUseScreeningToolCS"/><status value="draft"/><date value="2019-04-01T00:00:00-04:00"/><publisher value="MITRE Corporation"/><contact><telecom><system value="url"/><value value="http://standardhealthrecord.org"/></telecom></contact><description value="Common alcohol use screening instruments."/><caseSensitive value="true"/><content value="complete"/><count value="3"/><concept><code value="audit"/><display value="AUDIT"/><definition value="AUDIT"/></concept><concept><code value="audit_c"/><display value="AUDIT-C"/><definition value="AUDIT-C"/></concept><concept><code value="crafft"/><display value="CRAFFT"/><definition value="CRAFFT"/></concept></CodeSystem>