<?xml version="1.0" encoding="UTF-8"?><CodeSystem xmlns="http://hl7.org/fhir"><id value="shr-core-StudyArmTypeCS"/><text><status value="generated"/><div xmlns="http://www.w3.org/1999/xhtml">
<p><b>StudyArmTypeCS CodeSystem</b></p>
<p>The role of each arm in the clinical trial.</p>
</div></text><url value="http://hl7.org/fhir/us/sdoh/shr/core/cs/StudyArmTypeCS"/><identifier><system value="http://hl7.org/fhir/us/sdoh"/><value value="shr.core.StudyArmTypeCS"/></identifier><version value="0.1.0"/><name value="StudyArmTypeCS"/><title value="StudyArmTypeCS"/><status value="draft"/><date value="2019-04-01T00:00:00-04:00"/><publisher value="MITRE Corporation"/><contact><telecom><system value="url"/><value value="http://standardhealthrecord.org"/></telecom></contact><description value="The role of each arm in the clinical trial."/><caseSensitive value="true"/><content value="complete"/><count value="6"/><concept><code value="experimental"/><display value="Experimental study arm"/><definition value="Experimental study arm"/></concept><concept><code value="active_comparator"/></concept><concept><code value="placebo_comparator"/></concept><concept><code value="sham_comparator"/></concept><concept><code value="no_intervention"/></concept><concept><code value="other"/></concept></CodeSystem>