<?xml version="1.0" encoding="UTF-8"?><StructureDefinition xmlns="http://hl7.org/fhir"><id value="shr-core-RecurrenceInterval-model"/><text><status value="generated"/><div xmlns="http://www.w3.org/1999/xhtml">
  <p><b>RecurrenceInterval Logical Model</b></p>
  <p>The period of time after which the pattern repeats, for example, each day.
To specify an event should take place every other Monday, the recurrence interval should be two weeks, and DayOfWeek should be Monday.</p>
</div></text><url value="http://hl7.org/fhir/us/shr/StructureDefinition/shr-core-RecurrenceInterval-model"/><identifier><system value="http://hl7.org/fhir/us/sdoh"/><value value="shr.core.RecurrenceInterval"/></identifier><version value="0.1.0"/><name value="RecurrenceInterval"/><title value="shr-core-RecurrenceInterval"/><status value="draft"/><date value="2019-04-01T00:00:00-04:00"/><publisher value="MITRE Corporation"/><contact><telecom><system value="url"/><value value="http://standardhealthrecord.org"/></telecom></contact><description value="The period of time after which the pattern repeats, for example, each day.&#xA;To specify an event should take place every other Monday, the recurrence interval should be two weeks, and DayOfWeek should be Monday."/><fhirVersion value="3.0.1"/><kind value="logical"/><abstract value="false"/><type value="shr-core-RecurrenceInterval-model"/><baseDefinition value="http://hl7.org/fhir/StructureDefinition/Element"/><derivation value="specialization"/><snapshot><element id="shr-core-RecurrenceInterval-model"><path value="shr-core-RecurrenceInterval-model"/><definition value="The period of time after which the pattern repeats, for example, each day.&#xA;To specify an event should take place every other Monday, the recurrence interval should be two weeks, and DayOfWeek should be Monday."/><min value="0"/><max value="*"/><base><path value="shr-core-RecurrenceInterval-model"/><min value="0"/><max value="*"/></base><mustSupport value="false"/><isModifier value="false"/><isSummary value="false"/></element><element id="shr-core-RecurrenceInterval-model.value"><path value="shr-core-RecurrenceInterval-model.value"/><code><system value="http://ncimeta.nci.nih.gov"/><code value="C0449238"/></code><short value="Duration representing the period of time after which the pattern repeats, for example, each day."/><definition value="Duration representing the period of time after which the pattern repeats, for example, each day.&#xA;To specify an event should take place every other Monday, the recurrence interval should be two weeks, and DayOfWeek should be Monday."/><min value="1"/><max value="1"/><base><path value="shr-core-RecurrenceInterval-model.value"/><min value="1"/><max value="1"/></base><type><code value="http://hl7.org/fhir/us/shr/StructureDefinition/shr-core-Duration-model"/></type><mustSupport value="false"/><isModifier value="false"/><isSummary value="false"/></element></snapshot><differential><element id="shr-core-RecurrenceInterval-model"><path value="shr-core-RecurrenceInterval-model"/><definition value="The period of time after which the pattern repeats, for example, each day.&#xA;To specify an event should take place every other Monday, the recurrence interval should be two weeks, and DayOfWeek should be Monday."/><min value="0"/><max value="*"/><base><path value="shr-core-RecurrenceInterval-model"/><min value="0"/><max value="*"/></base><mustSupport value="false"/><isModifier value="false"/><isSummary value="false"/></element><element id="shr-core-RecurrenceInterval-model.value"><path value="shr-core-RecurrenceInterval-model.value"/><code><system value="http://ncimeta.nci.nih.gov"/><code value="C0449238"/></code><short value="Duration representing the period of time after which the pattern repeats, for example, each day."/><definition value="Duration representing the period of time after which the pattern repeats, for example, each day.&#xA;To specify an event should take place every other Monday, the recurrence interval should be two weeks, and DayOfWeek should be Monday."/><min value="1"/><max value="1"/><base><path value="shr-core-RecurrenceInterval-model.value"/><min value="1"/><max value="1"/></base><type><code value="http://hl7.org/fhir/us/shr/StructureDefinition/shr-core-Duration-model"/></type><mustSupport value="false"/><isModifier value="false"/><isSummary value="false"/></element></differential></StructureDefinition>