<?xml version="1.0" encoding="UTF-8"?><StructureDefinition xmlns="http://hl7.org/fhir"><id value="shr-core-ReferralRecipient-model"/><text><status value="generated"/><div xmlns="http://www.w3.org/1999/xhtml">
  <p><b>ReferralRecipient Logical Model</b></p>
  <p>The practitioner or organization receiving the referral.</p>
</div></text><url value="http://hl7.org/fhir/us/shr/StructureDefinition/shr-core-ReferralRecipient-model"/><identifier><system value="http://hl7.org/fhir/us/sdoh"/><value value="shr.core.ReferralRecipient"/></identifier><version value="0.1.0"/><name value="ReferralRecipient"/><title value="shr-core-ReferralRecipient"/><status value="draft"/><date value="2019-04-01T00:00:00-04:00"/><publisher value="MITRE Corporation"/><contact><telecom><system value="url"/><value value="http://standardhealthrecord.org"/></telecom></contact><description value="The practitioner or organization receiving the referral."/><fhirVersion value="3.0.1"/><kind value="logical"/><abstract value="false"/><type value="shr-core-ReferralRecipient-model"/><baseDefinition value="http://hl7.org/fhir/StructureDefinition/Element"/><derivation value="specialization"/><snapshot><element id="shr-core-ReferralRecipient-model"><path value="shr-core-ReferralRecipient-model"/><definition value="The practitioner or organization receiving the referral."/><min value="0"/><max value="*"/><base><path value="shr-core-ReferralRecipient-model"/><min value="0"/><max value="*"/></base><mustSupport value="false"/><isModifier value="false"/><isSummary value="false"/></element><element id="shr-core-ReferralRecipient-model.value[x]"><path value="shr-core-ReferralRecipient-model.value[x]"/><short value="Practitioner or Organization representing the practitioner or organization receiving the referral."/><definition value="Practitioner or Organization representing the practitioner or organization receiving the referral."/><min value="1"/><max value="1"/><base><path value="shr-core-ReferralRecipient-model.value[x]"/><min value="1"/><max value="1"/></base><type><code value="Reference"/><targetProfile value="http://hl7.org/fhir/us/shr/StructureDefinition/shr-core-Practitioner-model"/></type><type><code value="Reference"/><targetProfile value="http://hl7.org/fhir/us/shr/StructureDefinition/shr-core-Organization-model"/></type><mustSupport value="false"/><isModifier value="false"/><isSummary value="false"/></element></snapshot><differential><element id="shr-core-ReferralRecipient-model"><path value="shr-core-ReferralRecipient-model"/><definition value="The practitioner or organization receiving the referral."/><min value="0"/><max value="*"/><base><path value="shr-core-ReferralRecipient-model"/><min value="0"/><max value="*"/></base><mustSupport value="false"/><isModifier value="false"/><isSummary value="false"/></element><element id="shr-core-ReferralRecipient-model.value[x]"><path value="shr-core-ReferralRecipient-model.value[x]"/><short value="Practitioner or Organization representing the practitioner or organization receiving the referral."/><definition value="Practitioner or Organization representing the practitioner or organization receiving the referral."/><min value="1"/><max value="1"/><base><path value="shr-core-ReferralRecipient-model.value[x]"/><min value="1"/><max value="1"/></base><type><code value="Reference"/><targetProfile value="http://hl7.org/fhir/us/shr/StructureDefinition/shr-core-Practitioner-model"/></type><type><code value="Reference"/><targetProfile value="http://hl7.org/fhir/us/shr/StructureDefinition/shr-core-Organization-model"/></type><mustSupport value="false"/><isModifier value="false"/><isSummary value="false"/></element></differential></StructureDefinition>