<?xml version="1.0" encoding="UTF-8"?><StructureDefinition xmlns="http://hl7.org/fhir"><id value="shr-core-SpecimenQuantity-model"/><text><status value="generated"/><div xmlns="http://www.w3.org/1999/xhtml">
  <p><b>SpecimenQuantity Logical Model</b></p>
  <p>Quantity of specimen within container.</p>
</div></text><url value="http://hl7.org/fhir/us/shr/StructureDefinition/shr-core-SpecimenQuantity-model"/><identifier><system value="http://hl7.org/fhir/us/sdoh"/><value value="shr.core.SpecimenQuantity"/></identifier><version value="0.1.0"/><name value="SpecimenQuantity"/><title value="shr-core-SpecimenQuantity"/><status value="draft"/><date value="2019-04-01T00:00:00-04:00"/><publisher value="MITRE Corporation"/><contact><telecom><system value="url"/><value value="http://standardhealthrecord.org"/></telecom></contact><description value="Quantity of specimen within container."/><fhirVersion value="3.0.1"/><kind value="logical"/><abstract value="false"/><type value="shr-core-SpecimenQuantity-model"/><baseDefinition value="http://hl7.org/fhir/StructureDefinition/Element"/><derivation value="specialization"/><snapshot><element id="shr-core-SpecimenQuantity-model"><path value="shr-core-SpecimenQuantity-model"/><definition value="Quantity of specimen within container."/><min value="0"/><max value="*"/><base><path value="shr-core-SpecimenQuantity-model"/><min value="0"/><max value="*"/></base><mustSupport value="false"/><isModifier value="false"/><isSummary value="false"/></element><element id="shr-core-SpecimenQuantity-model.value"><path value="shr-core-SpecimenQuantity-model.value"/><short value="SimpleQuantity representing quantity of specimen within container."/><definition value="SimpleQuantity representing quantity of specimen within container."/><min value="1"/><max value="1"/><base><path value="shr-core-SpecimenQuantity-model.value"/><min value="1"/><max value="1"/></base><type><code value="http://hl7.org/fhir/us/shr/StructureDefinition/shr-core-SimpleQuantity-model"/></type><mustSupport value="false"/><isModifier value="false"/><isSummary value="false"/></element></snapshot><differential><element id="shr-core-SpecimenQuantity-model"><path value="shr-core-SpecimenQuantity-model"/><definition value="Quantity of specimen within container."/><min value="0"/><max value="*"/><base><path value="shr-core-SpecimenQuantity-model"/><min value="0"/><max value="*"/></base><mustSupport value="false"/><isModifier value="false"/><isSummary value="false"/></element><element id="shr-core-SpecimenQuantity-model.value"><path value="shr-core-SpecimenQuantity-model.value"/><short value="SimpleQuantity representing quantity of specimen within container."/><definition value="SimpleQuantity representing quantity of specimen within container."/><min value="1"/><max value="1"/><base><path value="shr-core-SpecimenQuantity-model.value"/><min value="1"/><max value="1"/></base><type><code value="http://hl7.org/fhir/us/shr/StructureDefinition/shr-core-SimpleQuantity-model"/></type><mustSupport value="false"/><isModifier value="false"/><isSummary value="false"/></element></differential></StructureDefinition>