<?xml version="1.0" encoding="UTF-8"?><StructureDefinition xmlns="http://hl7.org/fhir"><id value="shr-core-DataValue-model"/><text><status value="generated"/><div xmlns="http://www.w3.org/1999/xhtml">
  <p><b>DataValue Logical Model</b></p>
  <p>The value or result of a test, evaluation, or judgment, for example, a systolic blood pressure, or if a condition or body structure is present or absent.</p>
</div></text><url value="http://hl7.org/fhir/us/shr/StructureDefinition/shr-core-DataValue-model"/><identifier><system value="http://hl7.org/fhir/us/sdoh"/><value value="shr.core.DataValue"/></identifier><version value="0.1.0"/><name value="DataValue"/><title value="shr-core-DataValue"/><status value="draft"/><date value="2019-04-01T00:00:00-04:00"/><publisher value="MITRE Corporation"/><contact><telecom><system value="url"/><value value="http://standardhealthrecord.org"/></telecom></contact><description value="The value or result of a test, evaluation, or judgment, for example, a systolic blood pressure, or if a condition or body structure is present or absent."/><fhirVersion value="3.0.1"/><kind value="logical"/><abstract value="false"/><type value="shr-core-DataValue-model"/><baseDefinition value="http://hl7.org/fhir/StructureDefinition/Element"/><derivation value="specialization"/><snapshot><element id="shr-core-DataValue-model"><path value="shr-core-DataValue-model"/><definition value="The value or result of a test, evaluation, or judgment, for example, a systolic blood pressure, or if a condition or body structure is present or absent."/><min value="0"/><max value="*"/><base><path value="shr-core-DataValue-model"/><min value="0"/><max value="*"/></base><mustSupport value="false"/><isModifier value="false"/><isSummary value="false"/></element><element id="shr-core-DataValue-model.value[x]"><path value="shr-core-DataValue-model.value[x]"/><short value="Choice of types representing the value or result of a test, evaluation, or judgment, for example, a systolic blood pressure, or if a condition or body structure is present or absent."/><definition value="Choice of types representing the value or result of a test, evaluation, or judgment, for example, a systolic blood pressure, or if a condition or body structure is present or absent."/><min value="1"/><max value="1"/><base><path value="shr-core-DataValue-model.value[x]"/><min value="1"/><max value="1"/></base><type><code value="Coding"/></type><type><code value="http://hl7.org/fhir/us/shr/StructureDefinition/shr-core-Quantity-model"/></type><type><code value="string"/></type><type><code value="http://hl7.org/fhir/us/shr/StructureDefinition/shr-core-Range-model"/></type><type><code value="http://hl7.org/fhir/us/shr/StructureDefinition/shr-core-Ratio-model"/></type><type><code value="time"/></type><type><code value="dateTime"/></type><type><code value="http://hl7.org/fhir/us/shr/StructureDefinition/shr-core-TimePeriod-model"/></type><mustSupport value="false"/><isModifier value="false"/><isSummary value="false"/></element></snapshot><differential><element id="shr-core-DataValue-model"><path value="shr-core-DataValue-model"/><definition value="The value or result of a test, evaluation, or judgment, for example, a systolic blood pressure, or if a condition or body structure is present or absent."/><min value="0"/><max value="*"/><base><path value="shr-core-DataValue-model"/><min value="0"/><max value="*"/></base><mustSupport value="false"/><isModifier value="false"/><isSummary value="false"/></element><element id="shr-core-DataValue-model.value[x]"><path value="shr-core-DataValue-model.value[x]"/><short value="Choice of types representing the value or result of a test, evaluation, or judgment, for example, a systolic blood pressure, or if a condition or body structure is present or absent."/><definition value="Choice of types representing the value or result of a test, evaluation, or judgment, for example, a systolic blood pressure, or if a condition or body structure is present or absent."/><min value="1"/><max value="1"/><base><path value="shr-core-DataValue-model.value[x]"/><min value="1"/><max value="1"/></base><type><code value="Coding"/></type><type><code value="http://hl7.org/fhir/us/shr/StructureDefinition/shr-core-Quantity-model"/></type><type><code value="string"/></type><type><code value="http://hl7.org/fhir/us/shr/StructureDefinition/shr-core-Range-model"/></type><type><code value="http://hl7.org/fhir/us/shr/StructureDefinition/shr-core-Ratio-model"/></type><type><code value="time"/></type><type><code value="dateTime"/></type><type><code value="http://hl7.org/fhir/us/shr/StructureDefinition/shr-core-TimePeriod-model"/></type><mustSupport value="false"/><isModifier value="false"/><isSummary value="false"/></element></differential></StructureDefinition>