<?xml version="1.0" encoding="UTF-8"?><StructureDefinition xmlns="http://hl7.org/fhir"><id value="shr-core-Duration-model"/><text><status value="generated"/><div xmlns="http://www.w3.org/1999/xhtml">
  <p><b>Duration Logical Model</b></p>
  <p>The length of time that something continues.</p>
</div></text><url value="http://hl7.org/fhir/us/shr/StructureDefinition/shr-core-Duration-model"/><identifier><system value="http://hl7.org/fhir/us/sdoh"/><value value="shr.core.Duration"/></identifier><version value="0.1.0"/><name value="Duration"/><title value="shr-core-Duration"/><status value="draft"/><date value="2019-04-01T00:00:00-04:00"/><publisher value="MITRE Corporation"/><contact><telecom><system value="url"/><value value="http://standardhealthrecord.org"/></telecom></contact><description value="The length of time that something continues."/><keyword><system value="http://ncimeta.nci.nih.gov"/><code value="C0449238"/></keyword><fhirVersion value="3.0.1"/><kind value="logical"/><abstract value="false"/><type value="shr-core-Duration-model"/><baseDefinition value="http://hl7.org/fhir/StructureDefinition/Element"/><derivation value="specialization"/><snapshot><element id="shr-core-Duration-model"><path value="shr-core-Duration-model"/><definition value="The length of time that something continues."/><min value="0"/><max value="*"/><base><path value="shr-core-Duration-model"/><min value="0"/><max value="*"/></base><mustSupport value="false"/><isModifier value="false"/><isSummary value="false"/></element><element id="shr-core-Duration-model.number"><path value="shr-core-Duration-model.number"/><short value="A decimal value."/><definition value="A decimal value."/><min value="0"/><max value="1"/><base><path value="shr-core-Duration-model.number"/><min value="0"/><max value="1"/></base><type><code value="decimal"/></type><mustSupport value="false"/><isModifier value="false"/><isSummary value="false"/></element><element id="shr-core-Duration-model.comparator"><path value="shr-core-Duration-model.comparator"/><short value="A code indicated if the value represents an upper or lower bound"/><definition value="A code indicated if the value represents an upper or lower bound"/><min value="0"/><max value="0"/><base><path value="shr-core-Duration-model.comparator"/><min value="0"/><max value="0"/></base><type><code value="Coding"/></type><mustSupport value="false"/><isModifier value="false"/><isSummary value="false"/><binding><strength value="required"/><valueSetReference><reference value="http://hl7.org/fhir/ValueSet/quantity-comparator"/></valueSetReference></binding></element><element id="shr-core-Duration-model.units"><path value="shr-core-Duration-model.units"/><code><system value="http://ncimeta.nci.nih.gov"/><code value="C0805701"/></code><short value="The unit of measure of the quantity."/><definition value="The unit of measure of the quantity."/><min value="0"/><max value="1"/><base><path value="shr-core-Duration-model.units"/><min value="0"/><max value="1"/></base><type><code value="Coding"/></type><mustSupport value="false"/><isModifier value="false"/><isSummary value="false"/><binding><strength value="required"/><valueSetReference><reference value="http://hl7.org/fhir/us/sdoh/shr/core/vs/TimeUnitOfMeasureVS"/></valueSetReference></binding></element></snapshot><differential><element id="shr-core-Duration-model"><path value="shr-core-Duration-model"/><definition value="The length of time that something continues."/><min value="0"/><max value="*"/><base><path value="shr-core-Duration-model"/><min value="0"/><max value="*"/></base><mustSupport value="false"/><isModifier value="false"/><isSummary value="false"/></element><element id="shr-core-Duration-model.number"><path value="shr-core-Duration-model.number"/><short value="A decimal value."/><definition value="A decimal value."/><min value="0"/><max value="1"/><base><path value="shr-core-Duration-model.number"/><min value="0"/><max value="1"/></base><type><code value="decimal"/></type><mustSupport value="false"/><isModifier value="false"/><isSummary value="false"/></element><element id="shr-core-Duration-model.comparator"><path value="shr-core-Duration-model.comparator"/><short value="A code indicated if the value represents an upper or lower bound"/><definition value="A code indicated if the value represents an upper or lower bound"/><min value="0"/><max value="0"/><base><path value="shr-core-Duration-model.comparator"/><min value="0"/><max value="0"/></base><type><code value="Coding"/></type><mustSupport value="false"/><isModifier value="false"/><isSummary value="false"/><binding><strength value="required"/><valueSetReference><reference value="http://hl7.org/fhir/ValueSet/quantity-comparator"/></valueSetReference></binding></element><element id="shr-core-Duration-model.units"><path value="shr-core-Duration-model.units"/><code><system value="http://ncimeta.nci.nih.gov"/><code value="C0805701"/></code><short value="The unit of measure of the quantity."/><definition value="The unit of measure of the quantity."/><min value="0"/><max value="1"/><base><path value="shr-core-Duration-model.units"/><min value="0"/><max value="1"/></base><type><code value="Coding"/></type><mustSupport value="false"/><isModifier value="false"/><isSummary value="false"/><binding><strength value="required"/><valueSetReference><reference value="http://hl7.org/fhir/us/sdoh/shr/core/vs/TimeUnitOfMeasureVS"/></valueSetReference></binding></element></differential></StructureDefinition>