<?xml version="1.0" encoding="UTF-8"?><StructureDefinition xmlns="http://hl7.org/fhir"><id value="shr-core-Sponsor-model"/><text><status value="generated"/><div xmlns="http://www.w3.org/1999/xhtml">
  <p><b>Sponsor Logical Model</b></p>
  <p>The organization responsible for the execution of the study.</p>
</div></text><url value="http://hl7.org/fhir/us/shr/StructureDefinition/shr-core-Sponsor-model"/><identifier><system value="http://hl7.org/fhir/us/sdoh"/><value value="shr.core.Sponsor"/></identifier><version value="0.1.0"/><name value="Sponsor"/><title value="shr-core-Sponsor"/><status value="draft"/><date value="2019-04-01T00:00:00-04:00"/><publisher value="MITRE Corporation"/><contact><telecom><system value="url"/><value value="http://standardhealthrecord.org"/></telecom></contact><description value="The organization responsible for the execution of the study."/><fhirVersion value="3.0.1"/><kind value="logical"/><abstract value="false"/><type value="shr-core-Sponsor-model"/><baseDefinition value="http://hl7.org/fhir/StructureDefinition/Element"/><derivation value="specialization"/><snapshot><element id="shr-core-Sponsor-model"><path value="shr-core-Sponsor-model"/><definition value="The organization responsible for the execution of the study."/><min value="0"/><max value="*"/><base><path value="shr-core-Sponsor-model"/><min value="0"/><max value="*"/></base><mustSupport value="false"/><isModifier value="false"/><isSummary value="false"/></element><element id="shr-core-Sponsor-model.value"><path value="shr-core-Sponsor-model.value"/><code><system value="http://ncimeta.nci.nih.gov"/><code value="C1561598"/></code><short value="Organization representing the organization responsible for the execution of the study."/><definition value="Organization representing the organization responsible for the execution of the study."/><min value="1"/><max value="1"/><base><path value="shr-core-Sponsor-model.value"/><min value="1"/><max value="1"/></base><type><code value="Reference"/><targetProfile value="http://hl7.org/fhir/us/shr/StructureDefinition/shr-core-Organization-model"/></type><mustSupport value="false"/><isModifier value="false"/><isSummary value="false"/></element></snapshot><differential><element id="shr-core-Sponsor-model"><path value="shr-core-Sponsor-model"/><definition value="The organization responsible for the execution of the study."/><min value="0"/><max value="*"/><base><path value="shr-core-Sponsor-model"/><min value="0"/><max value="*"/></base><mustSupport value="false"/><isModifier value="false"/><isSummary value="false"/></element><element id="shr-core-Sponsor-model.value"><path value="shr-core-Sponsor-model.value"/><code><system value="http://ncimeta.nci.nih.gov"/><code value="C1561598"/></code><short value="Organization representing the organization responsible for the execution of the study."/><definition value="Organization representing the organization responsible for the execution of the study."/><min value="1"/><max value="1"/><base><path value="shr-core-Sponsor-model.value"/><min value="1"/><max value="1"/></base><type><code value="Reference"/><targetProfile value="http://hl7.org/fhir/us/shr/StructureDefinition/shr-core-Organization-model"/></type><mustSupport value="false"/><isModifier value="false"/><isSummary value="false"/></element></differential></StructureDefinition>