<?xml version="1.0" encoding="UTF-8"?><StructureDefinition xmlns="http://hl7.org/fhir"><id value="shr-core-Annotation-model"/><text><status value="generated"/><div xmlns="http://www.w3.org/1999/xhtml">
  <p><b>Annotation Logical Model</b></p>
  <p>An added or follow-up note, often after the fact, that contains metadata about who made the statement and when.</p>
</div></text><url value="http://hl7.org/fhir/us/shr/StructureDefinition/shr-core-Annotation-model"/><identifier><system value="http://hl7.org/fhir/us/sdoh"/><value value="shr.core.Annotation"/></identifier><version value="0.1.0"/><name value="Annotation"/><title value="shr-core-Annotation"/><status value="draft"/><date value="2019-04-01T00:00:00-04:00"/><publisher value="MITRE Corporation"/><contact><telecom><system value="url"/><value value="http://standardhealthrecord.org"/></telecom></contact><description value="An added or follow-up note, often after the fact, that contains metadata about who made the statement and when."/><fhirVersion value="3.0.1"/><kind value="logical"/><abstract value="false"/><type value="shr-core-Annotation-model"/><baseDefinition value="http://hl7.org/fhir/StructureDefinition/Element"/><derivation value="specialization"/><snapshot><element id="shr-core-Annotation-model"><path value="shr-core-Annotation-model"/><definition value="An added or follow-up note, often after the fact, that contains metadata about who made the statement and when."/><min value="0"/><max value="*"/><base><path value="shr-core-Annotation-model"/><min value="0"/><max value="*"/></base><mustSupport value="false"/><isModifier value="false"/><isSummary value="false"/></element><element id="shr-core-Annotation-model.text"><path value="shr-core-Annotation-model.text"/><short value="A simple string."/><definition value="A simple string."/><min value="1"/><max value="1"/><base><path value="shr-core-Annotation-model.text"/><min value="1"/><max value="1"/></base><type><code value="string"/></type><mustSupport value="false"/><isModifier value="false"/><isSummary value="false"/></element><element id="shr-core-Annotation-model.annotationAuthor[x]"><path value="shr-core-Annotation-model.annotationAuthor[x]"/><short value="The author of an annotation note."/><definition value="The author of an annotation note."/><min value="1"/><max value="1"/><base><path value="shr-core-Annotation-model.annotationAuthor[x]"/><min value="1"/><max value="1"/></base><type><code value="Reference"/><targetProfile value="http://hl7.org/fhir/us/shr/StructureDefinition/shr-core-Patient-model"/></type><type><code value="Reference"/><targetProfile value="http://hl7.org/fhir/us/shr/StructureDefinition/shr-core-Practitioner-model"/></type><type><code value="Reference"/><targetProfile value="http://hl7.org/fhir/us/shr/StructureDefinition/shr-core-RelatedPerson-model"/></type><type><code value="string"/></type><mustSupport value="false"/><isModifier value="false"/><isSummary value="false"/></element><element id="shr-core-Annotation-model.occurrenceTime"><path value="shr-core-Annotation-model.occurrenceTime"/><short value="The point in time in which something happens."/><definition value="The point in time in which something happens."/><min value="0"/><max value="1"/><base><path value="shr-core-Annotation-model.occurrenceTime"/><min value="0"/><max value="1"/></base><type><code value="dateTime"/></type><mustSupport value="false"/><isModifier value="false"/><isSummary value="false"/></element></snapshot><differential><element id="shr-core-Annotation-model"><path value="shr-core-Annotation-model"/><definition value="An added or follow-up note, often after the fact, that contains metadata about who made the statement and when."/><min value="0"/><max value="*"/><base><path value="shr-core-Annotation-model"/><min value="0"/><max value="*"/></base><mustSupport value="false"/><isModifier value="false"/><isSummary value="false"/></element><element id="shr-core-Annotation-model.text"><path value="shr-core-Annotation-model.text"/><short value="A simple string."/><definition value="A simple string."/><min value="1"/><max value="1"/><base><path value="shr-core-Annotation-model.text"/><min value="1"/><max value="1"/></base><type><code value="string"/></type><mustSupport value="false"/><isModifier value="false"/><isSummary value="false"/></element><element id="shr-core-Annotation-model.annotationAuthor[x]"><path value="shr-core-Annotation-model.annotationAuthor[x]"/><short value="The author of an annotation note."/><definition value="The author of an annotation note."/><min value="1"/><max value="1"/><base><path value="shr-core-Annotation-model.annotationAuthor[x]"/><min value="1"/><max value="1"/></base><type><code value="Reference"/><targetProfile value="http://hl7.org/fhir/us/shr/StructureDefinition/shr-core-Patient-model"/></type><type><code value="Reference"/><targetProfile value="http://hl7.org/fhir/us/shr/StructureDefinition/shr-core-Practitioner-model"/></type><type><code value="Reference"/><targetProfile value="http://hl7.org/fhir/us/shr/StructureDefinition/shr-core-RelatedPerson-model"/></type><type><code value="string"/></type><mustSupport value="false"/><isModifier value="false"/><isSummary value="false"/></element><element id="shr-core-Annotation-model.occurrenceTime"><path value="shr-core-Annotation-model.occurrenceTime"/><short value="The point in time in which something happens."/><definition value="The point in time in which something happens."/><min value="0"/><max value="1"/><base><path value="shr-core-Annotation-model.occurrenceTime"/><min value="0"/><max value="1"/></base><type><code value="dateTime"/></type><mustSupport value="false"/><isModifier value="false"/><isSummary value="false"/></element></differential></StructureDefinition>