<?xml version="1.0" encoding="UTF-8"?><StructureDefinition xmlns="http://hl7.org/fhir"><id value="shr-core-OverTheCounter-model"/><text><status value="generated"/><div xmlns="http://www.w3.org/1999/xhtml">
  <p><b>OverTheCounter Logical Model</b></p>
  <p>True if the medication is available to consumers without a prescription.</p>
</div></text><url value="http://hl7.org/fhir/us/shr/StructureDefinition/shr-core-OverTheCounter-model"/><identifier><system value="http://hl7.org/fhir/us/sdoh"/><value value="shr.core.OverTheCounter"/></identifier><version value="0.1.0"/><name value="OverTheCounter"/><title value="shr-core-OverTheCounter"/><status value="draft"/><date value="2019-04-01T00:00:00-04:00"/><publisher value="MITRE Corporation"/><contact><telecom><system value="url"/><value value="http://standardhealthrecord.org"/></telecom></contact><description value="True if the medication is available to consumers without a prescription."/><fhirVersion value="3.0.1"/><kind value="logical"/><abstract value="false"/><type value="shr-core-OverTheCounter-model"/><baseDefinition value="http://hl7.org/fhir/StructureDefinition/Element"/><derivation value="specialization"/><snapshot><element id="shr-core-OverTheCounter-model"><path value="shr-core-OverTheCounter-model"/><definition value="True if the medication is available to consumers without a prescription."/><min value="0"/><max value="*"/><base><path value="shr-core-OverTheCounter-model"/><min value="0"/><max value="*"/></base><mustSupport value="false"/><isModifier value="false"/><isSummary value="false"/></element><element id="shr-core-OverTheCounter-model.value"><path value="shr-core-OverTheCounter-model.value"/><short value="Boolean representing true if the medication is available to consumers without a prescription."/><definition value="Boolean representing true if the medication is available to consumers without a prescription."/><min value="1"/><max value="1"/><base><path value="shr-core-OverTheCounter-model.value"/><min value="1"/><max value="1"/></base><type><code value="boolean"/></type><mustSupport value="false"/><isModifier value="false"/><isSummary value="false"/></element></snapshot><differential><element id="shr-core-OverTheCounter-model"><path value="shr-core-OverTheCounter-model"/><definition value="True if the medication is available to consumers without a prescription."/><min value="0"/><max value="*"/><base><path value="shr-core-OverTheCounter-model"/><min value="0"/><max value="*"/></base><mustSupport value="false"/><isModifier value="false"/><isSummary value="false"/></element><element id="shr-core-OverTheCounter-model.value"><path value="shr-core-OverTheCounter-model.value"/><short value="Boolean representing true if the medication is available to consumers without a prescription."/><definition value="Boolean representing true if the medication is available to consumers without a prescription."/><min value="1"/><max value="1"/><base><path value="shr-core-OverTheCounter-model.value"/><min value="1"/><max value="1"/></base><type><code value="boolean"/></type><mustSupport value="false"/><isModifier value="false"/><isSummary value="false"/></element></differential></StructureDefinition>