<?xml version="1.0" encoding="UTF-8"?><StructureDefinition xmlns="http://hl7.org/fhir"><id value="shr-core-MultipleBirth-model"/><text><status value="generated"/><div xmlns="http://www.w3.org/1999/xhtml">
  <p><b>MultipleBirth Logical Model</b></p>
  <p>If the person was part of a multiple birth event, and if so in which order.</p>
</div></text><url value="http://hl7.org/fhir/us/shr/StructureDefinition/shr-core-MultipleBirth-model"/><identifier><system value="http://hl7.org/fhir/us/sdoh"/><value value="shr.core.MultipleBirth"/></identifier><version value="0.1.0"/><name value="MultipleBirth"/><title value="shr-core-MultipleBirth"/><status value="draft"/><date value="2019-04-01T00:00:00-04:00"/><publisher value="MITRE Corporation"/><contact><telecom><system value="url"/><value value="http://standardhealthrecord.org"/></telecom></contact><description value="If the person was part of a multiple birth event, and if so in which order."/><fhirVersion value="3.0.1"/><kind value="logical"/><abstract value="false"/><type value="shr-core-MultipleBirth-model"/><baseDefinition value="http://hl7.org/fhir/StructureDefinition/Element"/><derivation value="specialization"/><snapshot><element id="shr-core-MultipleBirth-model"><path value="shr-core-MultipleBirth-model"/><definition value="If the person was part of a multiple birth event, and if so in which order."/><min value="0"/><max value="*"/><base><path value="shr-core-MultipleBirth-model"/><min value="0"/><max value="*"/></base><mustSupport value="false"/><isModifier value="false"/><isSummary value="false"/></element><element id="shr-core-MultipleBirth-model.value[x]"><path value="shr-core-MultipleBirth-model.value[x]"/><short value="Boolean or integer representing if the person was part of a multiple birth event, and if so in which order."/><definition value="Boolean or integer representing if the person was part of a multiple birth event, and if so in which order."/><min value="1"/><max value="1"/><base><path value="shr-core-MultipleBirth-model.value[x]"/><min value="1"/><max value="1"/></base><type><code value="boolean"/></type><type><code value="integer"/></type><mustSupport value="false"/><isModifier value="false"/><isSummary value="false"/></element></snapshot><differential><element id="shr-core-MultipleBirth-model"><path value="shr-core-MultipleBirth-model"/><definition value="If the person was part of a multiple birth event, and if so in which order."/><min value="0"/><max value="*"/><base><path value="shr-core-MultipleBirth-model"/><min value="0"/><max value="*"/></base><mustSupport value="false"/><isModifier value="false"/><isSummary value="false"/></element><element id="shr-core-MultipleBirth-model.value[x]"><path value="shr-core-MultipleBirth-model.value[x]"/><short value="Boolean or integer representing if the person was part of a multiple birth event, and if so in which order."/><definition value="Boolean or integer representing if the person was part of a multiple birth event, and if so in which order."/><min value="1"/><max value="1"/><base><path value="shr-core-MultipleBirth-model.value[x]"/><min value="1"/><max value="1"/></base><type><code value="boolean"/></type><type><code value="integer"/></type><mustSupport value="false"/><isModifier value="false"/><isSummary value="false"/></element></differential></StructureDefinition>