<?xml version="1.0" encoding="UTF-8"?><StructureDefinition xmlns="http://hl7.org/fhir"><id value="shr-core-DataAbsentReason-model"/><text><status value="generated"/><div xmlns="http://www.w3.org/1999/xhtml">
  <p><b>DataAbsentReason Logical Model</b></p>
  <p>Reason that a value associated with a test or other finding is missing.</p>
</div></text><url value="http://hl7.org/fhir/us/shr/StructureDefinition/shr-core-DataAbsentReason-model"/><identifier><system value="http://hl7.org/fhir/us/sdoh"/><value value="shr.core.DataAbsentReason"/></identifier><version value="0.1.0"/><name value="DataAbsentReason"/><title value="shr-core-DataAbsentReason"/><status value="draft"/><date value="2019-04-01T00:00:00-04:00"/><publisher value="MITRE Corporation"/><contact><telecom><system value="url"/><value value="http://standardhealthrecord.org"/></telecom></contact><description value="Reason that a value associated with a test or other finding is missing."/><fhirVersion value="3.0.1"/><kind value="logical"/><abstract value="false"/><type value="shr-core-DataAbsentReason-model"/><baseDefinition value="http://hl7.org/fhir/StructureDefinition/Element"/><derivation value="specialization"/><snapshot><element id="shr-core-DataAbsentReason-model"><path value="shr-core-DataAbsentReason-model"/><definition value="Reason that a value associated with a test or other finding is missing."/><min value="0"/><max value="*"/><base><path value="shr-core-DataAbsentReason-model"/><min value="0"/><max value="*"/></base><mustSupport value="false"/><isModifier value="false"/><isSummary value="false"/></element><element id="shr-core-DataAbsentReason-model.value"><path value="shr-core-DataAbsentReason-model.value"/><short value="Code representing reason that a value associated with a test or other finding is missing."/><definition value="Code representing reason that a value associated with a test or other finding is missing."/><min value="1"/><max value="1"/><base><path value="shr-core-DataAbsentReason-model.value"/><min value="1"/><max value="1"/></base><type><code value="Coding"/></type><mustSupport value="false"/><isModifier value="false"/><isSummary value="false"/><binding><strength value="extensible"/><valueSetReference><reference value="http://hl7.org/fhir/ValueSet/data-absent-reason"/></valueSetReference></binding></element></snapshot><differential><element id="shr-core-DataAbsentReason-model"><path value="shr-core-DataAbsentReason-model"/><definition value="Reason that a value associated with a test or other finding is missing."/><min value="0"/><max value="*"/><base><path value="shr-core-DataAbsentReason-model"/><min value="0"/><max value="*"/></base><mustSupport value="false"/><isModifier value="false"/><isSummary value="false"/></element><element id="shr-core-DataAbsentReason-model.value"><path value="shr-core-DataAbsentReason-model.value"/><short value="Code representing reason that a value associated with a test or other finding is missing."/><definition value="Code representing reason that a value associated with a test or other finding is missing."/><min value="1"/><max value="1"/><base><path value="shr-core-DataAbsentReason-model.value"/><min value="1"/><max value="1"/></base><type><code value="Coding"/></type><mustSupport value="false"/><isModifier value="false"/><isSummary value="false"/><binding><strength value="extensible"/><valueSetReference><reference value="http://hl7.org/fhir/ValueSet/data-absent-reason"/></valueSetReference></binding></element></differential></StructureDefinition>