<?xml version="1.0" encoding="UTF-8"?><StructureDefinition xmlns="http://hl7.org/fhir"><id value="shr-core-MaxCount-model"/><text><status value="generated"/><div xmlns="http://www.w3.org/1999/xhtml">
  <p><b>MaxCount Logical Model</b></p>
  <p>Upper bound on a count.</p>
</div></text><url value="http://hl7.org/fhir/us/shr/StructureDefinition/shr-core-MaxCount-model"/><identifier><system value="http://hl7.org/fhir/us/sdoh"/><value value="shr.core.MaxCount"/></identifier><version value="0.1.0"/><name value="MaxCount"/><title value="shr-core-MaxCount"/><status value="draft"/><date value="2019-04-01T00:00:00-04:00"/><publisher value="MITRE Corporation"/><contact><telecom><system value="url"/><value value="http://standardhealthrecord.org"/></telecom></contact><description value="Upper bound on a count."/><fhirVersion value="3.0.1"/><kind value="logical"/><abstract value="false"/><type value="shr-core-MaxCount-model"/><baseDefinition value="http://hl7.org/fhir/StructureDefinition/Element"/><derivation value="specialization"/><snapshot><element id="shr-core-MaxCount-model"><path value="shr-core-MaxCount-model"/><definition value="Upper bound on a count."/><min value="0"/><max value="*"/><base><path value="shr-core-MaxCount-model"/><min value="0"/><max value="*"/></base><mustSupport value="false"/><isModifier value="false"/><isSummary value="false"/></element><element id="shr-core-MaxCount-model.value"><path value="shr-core-MaxCount-model.value"/><short value="Integer representing upper bound on a count."/><definition value="Integer representing upper bound on a count."/><min value="1"/><max value="1"/><base><path value="shr-core-MaxCount-model.value"/><min value="1"/><max value="1"/></base><type><code value="integer"/></type><mustSupport value="false"/><isModifier value="false"/><isSummary value="false"/></element></snapshot><differential><element id="shr-core-MaxCount-model"><path value="shr-core-MaxCount-model"/><definition value="Upper bound on a count."/><min value="0"/><max value="*"/><base><path value="shr-core-MaxCount-model"/><min value="0"/><max value="*"/></base><mustSupport value="false"/><isModifier value="false"/><isSummary value="false"/></element><element id="shr-core-MaxCount-model.value"><path value="shr-core-MaxCount-model.value"/><short value="Integer representing upper bound on a count."/><definition value="Integer representing upper bound on a count."/><min value="1"/><max value="1"/><base><path value="shr-core-MaxCount-model.value"/><min value="1"/><max value="1"/></base><type><code value="integer"/></type><mustSupport value="false"/><isModifier value="false"/><isSummary value="false"/></element></differential></StructureDefinition>