<?xml version="1.0" encoding="UTF-8"?><StructureDefinition xmlns="http://hl7.org/fhir"><id value="shr-core-DoseAmount-model"/><text><status value="generated"/><div xmlns="http://www.w3.org/1999/xhtml">
  <p><b>DoseAmount Logical Model</b></p>
  <p>The amount of medication taken per dose, as a quantity or range. Relative dose (e.g., per kg body weight or surface area) are indicated by specifying appropriate units (e.g., mg/kg or mg/m2 etc).</p>
</div></text><url value="http://hl7.org/fhir/us/shr/StructureDefinition/shr-core-DoseAmount-model"/><identifier><system value="http://hl7.org/fhir/us/sdoh"/><value value="shr.core.DoseAmount"/></identifier><version value="0.1.0"/><name value="DoseAmount"/><title value="shr-core-DoseAmount"/><status value="draft"/><date value="2019-04-01T00:00:00-04:00"/><publisher value="MITRE Corporation"/><contact><telecom><system value="url"/><value value="http://standardhealthrecord.org"/></telecom></contact><description value="The amount of medication taken per dose, as a quantity or range. Relative dose (e.g., per kg body weight or surface area) are indicated by specifying appropriate units (e.g., mg/kg or mg/m2 etc)."/><fhirVersion value="3.0.1"/><kind value="logical"/><abstract value="false"/><type value="shr-core-DoseAmount-model"/><baseDefinition value="http://hl7.org/fhir/StructureDefinition/Element"/><derivation value="specialization"/><snapshot><element id="shr-core-DoseAmount-model"><path value="shr-core-DoseAmount-model"/><definition value="The amount of medication taken per dose, as a quantity or range. Relative dose (e.g., per kg body weight or surface area) are indicated by specifying appropriate units (e.g., mg/kg or mg/m2 etc)."/><min value="0"/><max value="*"/><base><path value="shr-core-DoseAmount-model"/><min value="0"/><max value="*"/></base><mustSupport value="false"/><isModifier value="false"/><isSummary value="false"/></element><element id="shr-core-DoseAmount-model.value[x]"><path value="shr-core-DoseAmount-model.value[x]"/><short value="SimpleQuantity or Range representing the amount of medication taken per dose, as a quantity or range. Relative dose (e.g., per kg body weight or surface area) are indicated by specifying appropriate units (e.g., mg/kg or mg/m2 etc)."/><definition value="SimpleQuantity or Range representing the amount of medication taken per dose, as a quantity or range. Relative dose (e.g., per kg body weight or surface area) are indicated by specifying appropriate units (e.g., mg/kg or mg/m2 etc)."/><min value="1"/><max value="1"/><base><path value="shr-core-DoseAmount-model.value[x]"/><min value="1"/><max value="1"/></base><type><code value="http://hl7.org/fhir/us/shr/StructureDefinition/shr-core-SimpleQuantity-model"/></type><type><code value="http://hl7.org/fhir/us/shr/StructureDefinition/shr-core-Range-model"/></type><mustSupport value="false"/><isModifier value="false"/><isSummary value="false"/></element></snapshot><differential><element id="shr-core-DoseAmount-model"><path value="shr-core-DoseAmount-model"/><definition value="The amount of medication taken per dose, as a quantity or range. Relative dose (e.g., per kg body weight or surface area) are indicated by specifying appropriate units (e.g., mg/kg or mg/m2 etc)."/><min value="0"/><max value="*"/><base><path value="shr-core-DoseAmount-model"/><min value="0"/><max value="*"/></base><mustSupport value="false"/><isModifier value="false"/><isSummary value="false"/></element><element id="shr-core-DoseAmount-model.value[x]"><path value="shr-core-DoseAmount-model.value[x]"/><short value="SimpleQuantity or Range representing the amount of medication taken per dose, as a quantity or range. Relative dose (e.g., per kg body weight or surface area) are indicated by specifying appropriate units (e.g., mg/kg or mg/m2 etc)."/><definition value="SimpleQuantity or Range representing the amount of medication taken per dose, as a quantity or range. Relative dose (e.g., per kg body weight or surface area) are indicated by specifying appropriate units (e.g., mg/kg or mg/m2 etc)."/><min value="1"/><max value="1"/><base><path value="shr-core-DoseAmount-model.value[x]"/><min value="1"/><max value="1"/></base><type><code value="http://hl7.org/fhir/us/shr/StructureDefinition/shr-core-SimpleQuantity-model"/></type><type><code value="http://hl7.org/fhir/us/shr/StructureDefinition/shr-core-Range-model"/></type><mustSupport value="false"/><isModifier value="false"/><isSummary value="false"/></element></differential></StructureDefinition>